date,station,station_id,rainfall_mm,temp_mean_c,humidity_pct,source
2013-01-01,,,,,,nea_v2_api
2013-01-02,,,,,,nea_v2_api
2013-01-03,,,,,,nea_v2_api
2013-01-04,,,,,,nea_v2_api
2013-01-05,,,,,,nea_v2_api
2013-01-06,,,,,,nea_v2_api
2013-01-07,,,,,,nea_v2_api
2013-01-08,,,,,,nea_v2_api
2013-01-09,,,,,,nea_v2_api
2013-01-10,,,,,,nea_v2_api
2013-01-11,,,,,,nea_v2_api
2013-01-12,,,,,,nea_v2_api
2013-01-13,,,,,,nea_v2_api
2013-01-14,,,,,,nea_v2_api
2013-01-15,,,,,,nea_v2_api
2013-01-16,,,,,,nea_v2_api
2013-01-17,,,,,,nea_v2_api
2013-01-18,,,,,,nea_v2_api
2013-01-19,,,,,,nea_v2_api
2013-01-20,,,,,,nea_v2_api
2013-01-21,,,,,,nea_v2_api
2013-01-22,,,,,,nea_v2_api
2013-01-23,,,,,,nea_v2_api
2013-01-24,,,,,,nea_v2_api
2013-01-25,,,,,,nea_v2_api
2013-01-26,,,,,,nea_v2_api
2013-01-27,,,,,,nea_v2_api
2013-01-28,,,,,,nea_v2_api
2013-01-29,,,,,,nea_v2_api
2013-01-30,,,,,,nea_v2_api
2013-01-31,,,,,,nea_v2_api
2013-02-01,,,,,,nea_v2_api
2013-02-02,,,,,,nea_v2_api
2013-02-03,,,,,,nea_v2_api
2013-02-04,,,,,,nea_v2_api
2013-02-05,,,,,,nea_v2_api
2013-02-06,,,,,,nea_v2_api
2013-02-07,,,,,,nea_v2_api
2013-02-08,,,,,,nea_v2_api
2013-02-09,,,,,,nea_v2_api
2013-02-10,,,,,,nea_v2_api
2013-02-11,,,,,,nea_v2_api
2013-02-12,,,,,,nea_v2_api
2013-02-13,,,,,,nea_v2_api
2013-02-14,,,,,,nea_v2_api
2013-02-15,,,,,,nea_v2_api
2013-02-16,,,,,,nea_v2_api
2013-02-17,,,,,,nea_v2_api
2013-02-18,,,,,,nea_v2_api
2013-02-19,,,,,,nea_v2_api
2013-02-20,,,,,,nea_v2_api
2013-02-21,,,,,,nea_v2_api
2013-02-22,,,,,,nea_v2_api
2013-02-23,,,,,,nea_v2_api
2013-02-24,,,,,,nea_v2_api
2013-02-25,,,,,,nea_v2_api
2013-02-26,,,,,,nea_v2_api
2013-02-27,,,,,,nea_v2_api
2013-02-28,,,,,,nea_v2_api
2013-03-01,,,,,,nea_v2_api
2013-03-02,,,,,,nea_v2_api
2013-03-03,,,,,,nea_v2_api
2013-03-04,,,,,,nea_v2_api
2013-03-05,,,,,,nea_v2_api
2013-03-06,,,,,,nea_v2_api
2013-03-07,,,,,,nea_v2_api
2013-03-08,,,,,,nea_v2_api
2013-03-09,,,,,,nea_v2_api
2013-03-10,,,,,,nea_v2_api
2013-03-11,,,,,,nea_v2_api
2013-03-12,,,,,,nea_v2_api
2013-03-13,,,,,,nea_v2_api
2013-03-14,,,,,,nea_v2_api
2013-03-15,,,,,,nea_v2_api
2013-03-16,,,,,,nea_v2_api
2013-03-17,,,,,,nea_v2_api
2013-03-18,,,,,,nea_v2_api
2013-03-19,,,,,,nea_v2_api
2013-03-20,,,,,,nea_v2_api
2013-03-21,,,,,,nea_v2_api
2013-03-22,,,,,,nea_v2_api
2013-03-23,,,,,,nea_v2_api
2013-03-24,,,,,,nea_v2_api
2013-03-25,,,,,,nea_v2_api
2013-03-26,,,,,,nea_v2_api
2013-03-27,,,,,,nea_v2_api
2013-03-28,,,,,,nea_v2_api
2013-03-29,,,,,,nea_v2_api
2013-03-30,,,,,,nea_v2_api
2013-03-31,,,,,,nea_v2_api
2013-04-01,,,,,,nea_v2_api
2013-04-02,,,,,,nea_v2_api
2013-04-03,,,,,,nea_v2_api
2013-04-04,,,,,,nea_v2_api
2013-04-05,,,,,,nea_v2_api
2013-04-06,,,,,,nea_v2_api
2013-04-07,,,,,,nea_v2_api
2013-04-08,,,,,,nea_v2_api
2013-04-09,,,,,,nea_v2_api
2013-04-10,,,,,,nea_v2_api
2013-04-11,,,,,,nea_v2_api
2013-04-12,,,,,,nea_v2_api
2013-04-13,,,,,,nea_v2_api
2013-04-14,,,,,,nea_v2_api
2013-04-15,,,,,,nea_v2_api
2013-04-16,,,,,,nea_v2_api
2013-04-17,,,,,,nea_v2_api
2013-04-18,,,,,,nea_v2_api
2013-04-19,,,,,,nea_v2_api
2013-04-20,,,,,,nea_v2_api
2013-04-21,,,,,,nea_v2_api
2013-04-22,,,,,,nea_v2_api
2013-04-23,,,,,,nea_v2_api
2013-04-24,,,,,,nea_v2_api
2013-04-25,,,,,,nea_v2_api
2013-04-26,,,,,,nea_v2_api
2013-04-27,,,,,,nea_v2_api
2013-04-28,,,,,,nea_v2_api
2013-04-29,,,,,,nea_v2_api
2013-04-30,,,,,,nea_v2_api
2013-05-01,,,,,,nea_v2_api
2013-05-02,,,,,,nea_v2_api
2013-05-03,,,,,,nea_v2_api
2013-05-04,,,,,,nea_v2_api
2013-05-05,,,,,,nea_v2_api
2013-05-06,,,,,,nea_v2_api
2013-05-07,,,,,,nea_v2_api
2013-05-08,,,,,,nea_v2_api
2013-05-09,,,,,,nea_v2_api
2013-05-10,,,,,,nea_v2_api
2013-05-11,,,,,,nea_v2_api
2013-05-12,,,,,,nea_v2_api
2013-05-13,,,,,,nea_v2_api
2013-05-14,,,,,,nea_v2_api
2013-05-15,,,,,,nea_v2_api
2013-05-16,,,,,,nea_v2_api
2013-05-17,,,,,,nea_v2_api
2013-05-18,,,,,,nea_v2_api
2013-05-19,,,,,,nea_v2_api
2013-05-20,,,,,,nea_v2_api
2013-05-21,,,,,,nea_v2_api
2013-05-22,,,,,,nea_v2_api
2013-05-23,,,,,,nea_v2_api
2013-05-24,,,,,,nea_v2_api
2013-05-25,,,,,,nea_v2_api
2013-05-26,,,,,,nea_v2_api
2013-05-27,,,,,,nea_v2_api
2013-05-28,,,,,,nea_v2_api
2013-05-29,,,,,,nea_v2_api
2013-05-30,,,,,,nea_v2_api
2013-05-31,,,,,,nea_v2_api
2013-06-01,,,,,,nea_v2_api
2013-06-02,,,,,,nea_v2_api
2013-06-03,,,,,,nea_v2_api
2013-06-04,,,,,,nea_v2_api
2013-06-05,,,,,,nea_v2_api
2013-06-06,,,,,,nea_v2_api
2013-06-07,,,,,,nea_v2_api
2013-06-08,,,,,,nea_v2_api
2013-06-09,,,,,,nea_v2_api
2013-06-10,,,,,,nea_v2_api
2013-06-11,,,,,,nea_v2_api
2013-06-12,,,,,,nea_v2_api
2013-06-13,,,,,,nea_v2_api
2013-06-14,,,,,,nea_v2_api
2013-06-15,,,,,,nea_v2_api
2013-06-16,,,,,,nea_v2_api
2013-06-17,,,,,,nea_v2_api
2013-06-18,,,,,,nea_v2_api
2013-06-19,,,,,,nea_v2_api
2013-06-20,,,,,,nea_v2_api
2013-06-21,,,,,,nea_v2_api
2013-06-22,,,,,,nea_v2_api
2013-06-23,,,,,,nea_v2_api
2013-06-24,,,,,,nea_v2_api
2013-06-25,,,,,,nea_v2_api
2013-06-26,,,,,,nea_v2_api
2013-06-27,,,,,,nea_v2_api
2013-06-28,,,,,,nea_v2_api
2013-06-29,,,,,,nea_v2_api
2013-06-30,,,,,,nea_v2_api
2013-07-01,,,,,,nea_v2_api
2013-07-02,,,,,,nea_v2_api
2013-07-03,,,,,,nea_v2_api
2013-07-04,,,,,,nea_v2_api
2013-07-05,,,,,,nea_v2_api
2013-07-06,,,,,,nea_v2_api
2013-07-07,,,,,,nea_v2_api
2013-07-08,,,,,,nea_v2_api
2013-07-09,,,,,,nea_v2_api
2013-07-10,,,,,,nea_v2_api
2013-07-11,,,,,,nea_v2_api
2013-07-12,,,,,,nea_v2_api
2013-07-13,,,,,,nea_v2_api
2013-07-14,,,,,,nea_v2_api
2013-07-15,,,,,,nea_v2_api
2013-07-16,,,,,,nea_v2_api
2013-07-17,,,,,,nea_v2_api
2013-07-18,,,,,,nea_v2_api
2013-07-19,,,,,,nea_v2_api
2013-07-20,,,,,,nea_v2_api
2013-07-21,,,,,,nea_v2_api
2013-07-22,,,,,,nea_v2_api
2013-07-23,,,,,,nea_v2_api
2013-07-24,,,,,,nea_v2_api
2013-07-25,,,,,,nea_v2_api
2013-07-26,,,,,,nea_v2_api
2013-07-27,,,,,,nea_v2_api
2013-07-28,,,,,,nea_v2_api
2013-07-29,,,,,,nea_v2_api
2013-07-30,,,,,,nea_v2_api
2013-07-31,,,,,,nea_v2_api
2013-08-01,,,,,,nea_v2_api
2013-08-02,,,,,,nea_v2_api
2013-08-03,,,,,,nea_v2_api
2013-08-04,,,,,,nea_v2_api
2013-08-05,,,,,,nea_v2_api
2013-08-06,,,,,,nea_v2_api
2013-08-07,,,,,,nea_v2_api
2013-08-08,,,,,,nea_v2_api
2013-08-09,,,,,,nea_v2_api
2013-08-10,,,,,,nea_v2_api
2013-08-11,,,,,,nea_v2_api
2013-08-12,,,,,,nea_v2_api
2013-08-13,,,,,,nea_v2_api
2013-08-14,,,,,,nea_v2_api
2013-08-15,,,,,,nea_v2_api
2013-08-16,,,,,,nea_v2_api
2013-08-17,,,,,,nea_v2_api
2013-08-18,,,,,,nea_v2_api
2013-08-19,,,,,,nea_v2_api
2013-08-20,,,,,,nea_v2_api
2013-08-21,,,,,,nea_v2_api
2013-08-22,,,,,,nea_v2_api
2013-08-23,,,,,,nea_v2_api
2013-08-24,,,,,,nea_v2_api
2013-08-25,,,,,,nea_v2_api
2013-08-26,,,,,,nea_v2_api
2013-08-27,,,,,,nea_v2_api
2013-08-28,,,,,,nea_v2_api
2013-08-29,,,,,,nea_v2_api
2013-08-30,,,,,,nea_v2_api
2013-08-31,,,,,,nea_v2_api
2013-09-01,,,,,,nea_v2_api
2013-09-02,,,,,,nea_v2_api
2013-09-03,,,,,,nea_v2_api
2013-09-04,,,,,,nea_v2_api
2013-09-05,,,,,,nea_v2_api
2013-09-06,,,,,,nea_v2_api
2013-09-07,,,,,,nea_v2_api
2013-09-08,,,,,,nea_v2_api
2013-09-09,,,,,,nea_v2_api
2013-09-10,,,,,,nea_v2_api
2013-09-11,,,,,,nea_v2_api
2013-09-12,,,,,,nea_v2_api
2013-09-13,,,,,,nea_v2_api
2013-09-14,,,,,,nea_v2_api
2013-09-15,,,,,,nea_v2_api
2013-09-16,,,,,,nea_v2_api
2013-09-17,,,,,,nea_v2_api
2013-09-18,,,,,,nea_v2_api
2013-09-19,,,,,,nea_v2_api
2013-09-20,,,,,,nea_v2_api
2013-09-21,,,,,,nea_v2_api
2013-09-22,,,,,,nea_v2_api
2013-09-23,,,,,,nea_v2_api
2013-09-24,,,,,,nea_v2_api
2013-09-25,,,,,,nea_v2_api
2013-09-26,,,,,,nea_v2_api
2013-09-27,,,,,,nea_v2_api
2013-09-28,,,,,,nea_v2_api
2013-09-29,,,,,,nea_v2_api
2013-09-30,,,,,,nea_v2_api
2013-10-01,,,,,,nea_v2_api
2013-10-02,,,,,,nea_v2_api
2013-10-03,,,,,,nea_v2_api
2013-10-04,,,,,,nea_v2_api
2013-10-05,,,,,,nea_v2_api
2013-10-06,,,,,,nea_v2_api
2013-10-07,,,,,,nea_v2_api
2013-10-08,,,,,,nea_v2_api
2013-10-09,,,,,,nea_v2_api
2013-10-10,,,,,,nea_v2_api
2013-10-11,,,,,,nea_v2_api
2013-10-12,,,,,,nea_v2_api
2013-10-13,,,,,,nea_v2_api
2013-10-14,,,,,,nea_v2_api
2013-10-15,,,,,,nea_v2_api
2013-10-16,,,,,,nea_v2_api
2013-10-17,,,,,,nea_v2_api
2013-10-18,,,,,,nea_v2_api
2013-10-19,,,,,,nea_v2_api
2013-10-20,,,,,,nea_v2_api
2013-10-21,,,,,,nea_v2_api
2013-10-22,,,,,,nea_v2_api
2013-10-23,,,,,,nea_v2_api
2013-10-24,,,,,,nea_v2_api
2013-10-25,,,,,,nea_v2_api
2013-10-26,,,,,,nea_v2_api
2013-10-27,,,,,,nea_v2_api
2013-10-28,,,,,,nea_v2_api
2013-10-29,,,,,,nea_v2_api
2013-10-30,,,,,,nea_v2_api
2013-10-31,,,,,,nea_v2_api
2013-11-01,,,,,,nea_v2_api
2013-11-02,,,,,,nea_v2_api
2013-11-03,,,,,,nea_v2_api
2013-11-04,,,,,,nea_v2_api
2013-11-05,,,,,,nea_v2_api
2013-11-06,,,,,,nea_v2_api
2013-11-07,,,,,,nea_v2_api
2013-11-08,,,,,,nea_v2_api
2013-11-09,,,,,,nea_v2_api
2013-11-10,,,,,,nea_v2_api
2013-11-11,,,,,,nea_v2_api
2013-11-12,,,,,,nea_v2_api
2013-11-13,,,,,,nea_v2_api
2013-11-14,,,,,,nea_v2_api
2013-11-15,,,,,,nea_v2_api
2013-11-16,,,,,,nea_v2_api
2013-11-17,,,,,,nea_v2_api
2013-11-18,,,,,,nea_v2_api
2013-11-19,,,,,,nea_v2_api
2013-11-20,,,,,,nea_v2_api
2013-11-21,,,,,,nea_v2_api
2013-11-22,,,,,,nea_v2_api
2013-11-23,,,,,,nea_v2_api
2013-11-24,,,,,,nea_v2_api
2013-11-25,,,,,,nea_v2_api
2013-11-26,,,,,,nea_v2_api
2013-11-27,,,,,,nea_v2_api
2013-11-28,,,,,,nea_v2_api
2013-11-29,,,,,,nea_v2_api
2013-11-30,,,,,,nea_v2_api
2013-12-01,,,,,,nea_v2_api
2013-12-02,,,,,,nea_v2_api
2013-12-03,,,,,,nea_v2_api
2013-12-04,,,,,,nea_v2_api
2013-12-05,,,,,,nea_v2_api
2013-12-06,,,,,,nea_v2_api
2013-12-07,,,,,,nea_v2_api
2013-12-08,,,,,,nea_v2_api
2013-12-09,,,,,,nea_v2_api
2013-12-10,,,,,,nea_v2_api
2013-12-11,,,,,,nea_v2_api
2013-12-12,,,,,,nea_v2_api
2013-12-13,,,,,,nea_v2_api
2013-12-14,,,,,,nea_v2_api
2013-12-15,,,,,,nea_v2_api
2013-12-16,,,,,,nea_v2_api
2013-12-17,,,,,,nea_v2_api
2013-12-18,,,,,,nea_v2_api
2013-12-19,,,,,,nea_v2_api
2013-12-20,,,,,,nea_v2_api
2013-12-21,,,,,,nea_v2_api
2013-12-22,,,,,,nea_v2_api
2013-12-23,,,,,,nea_v2_api
2013-12-24,,,,,,nea_v2_api
2013-12-25,,,,,,nea_v2_api
2013-12-26,,,,,,nea_v2_api
2013-12-27,,,,,,nea_v2_api
2013-12-28,,,,,,nea_v2_api
2013-12-29,,,,,,nea_v2_api
2013-12-30,,,,,,nea_v2_api
2013-12-31,,,,,,nea_v2_api
2014-01-01,,,,,,nea_v2_api
2014-01-02,,,,,,nea_v2_api
2014-01-03,,,,,,nea_v2_api
2014-01-04,,,,,,nea_v2_api
2014-01-05,,,,,,nea_v2_api
2014-01-06,,,,,,nea_v2_api
2014-01-07,,,,,,nea_v2_api
2014-01-08,,,,,,nea_v2_api
2014-01-09,,,,,,nea_v2_api
2014-01-10,,,,,,nea_v2_api
2014-01-11,,,,,,nea_v2_api
2014-01-12,,,,,,nea_v2_api
2014-01-13,,,,,,nea_v2_api
2014-01-14,,,,,,nea_v2_api
2014-01-15,,,,,,nea_v2_api
2014-01-16,,,,,,nea_v2_api
2014-01-17,,,,,,nea_v2_api
2014-01-18,,,,,,nea_v2_api
2014-01-19,,,,,,nea_v2_api
2014-01-20,,,,,,nea_v2_api
2014-01-21,,,,,,nea_v2_api
2014-01-22,,,,,,nea_v2_api
2014-01-23,,,,,,nea_v2_api
2014-01-24,,,,,,nea_v2_api
2014-01-25,,,,,,nea_v2_api
2014-01-26,,,,,,nea_v2_api
2014-01-27,,,,,,nea_v2_api
2014-01-28,,,,,,nea_v2_api
2014-01-29,,,,,,nea_v2_api
2014-01-30,,,,,,nea_v2_api
2014-01-31,,,,,,nea_v2_api
2014-02-01,,,,,,nea_v2_api
2014-02-02,,,,,,nea_v2_api
2014-02-03,,,,,,nea_v2_api
2014-02-04,,,,,,nea_v2_api
2014-02-05,,,,,,nea_v2_api
2014-02-06,,,,,,nea_v2_api
2014-02-07,,,,,,nea_v2_api
2014-02-08,,,,,,nea_v2_api
2014-02-09,,,,,,nea_v2_api
2014-02-10,,,,,,nea_v2_api
2014-02-11,,,,,,nea_v2_api
2014-02-12,,,,,,nea_v2_api
2014-02-13,,,,,,nea_v2_api
2014-02-14,,,,,,nea_v2_api
2014-02-15,,,,,,nea_v2_api
2014-02-16,,,,,,nea_v2_api
2014-02-17,,,,,,nea_v2_api
2014-02-18,,,,,,nea_v2_api
2014-02-19,,,,,,nea_v2_api
2014-02-20,,,,,,nea_v2_api
2014-02-21,,,,,,nea_v2_api
2014-02-22,,,,,,nea_v2_api
2014-02-23,,,,,,nea_v2_api
2014-02-24,,,,,,nea_v2_api
2014-02-25,,,,,,nea_v2_api
2014-02-26,,,,,,nea_v2_api
2014-02-27,,,,,,nea_v2_api
2014-02-28,,,,,,nea_v2_api
2014-03-01,,,,,,nea_v2_api
2014-03-02,,,,,,nea_v2_api
2014-03-03,,,,,,nea_v2_api
2014-03-04,,,,,,nea_v2_api
2014-03-05,,,,,,nea_v2_api
2014-03-06,,,,,,nea_v2_api
2014-03-07,,,,,,nea_v2_api
2014-03-08,,,,,,nea_v2_api
2014-03-09,,,,,,nea_v2_api
2014-03-10,,,,,,nea_v2_api
2014-03-11,,,,,,nea_v2_api
2014-03-12,,,,,,nea_v2_api
2014-03-13,,,,,,nea_v2_api
2014-03-14,,,,,,nea_v2_api
2014-03-15,,,,,,nea_v2_api
2014-03-16,,,,,,nea_v2_api
2014-03-17,,,,,,nea_v2_api
2014-03-18,,,,,,nea_v2_api
2014-03-19,,,,,,nea_v2_api
2014-03-20,,,,,,nea_v2_api
2014-03-21,,,,,,nea_v2_api
2014-03-22,,,,,,nea_v2_api
2014-03-23,,,,,,nea_v2_api
2014-03-24,,,,,,nea_v2_api
2014-03-25,,,,,,nea_v2_api
2014-03-26,,,,,,nea_v2_api
2014-03-27,,,,,,nea_v2_api
2014-03-28,,,,,,nea_v2_api
2014-03-29,,,,,,nea_v2_api
2014-03-30,,,,,,nea_v2_api
2014-03-31,,,,,,nea_v2_api
2014-04-01,,,,,,nea_v2_api
2014-04-02,,,,,,nea_v2_api
2014-04-03,,,,,,nea_v2_api
2014-04-04,,,,,,nea_v2_api
2014-04-05,,,,,,nea_v2_api
2014-04-06,,,,,,nea_v2_api
2014-04-07,,,,,,nea_v2_api
2014-04-08,,,,,,nea_v2_api
2014-04-09,,,,,,nea_v2_api
2014-04-10,,,,,,nea_v2_api
2014-04-11,,,,,,nea_v2_api
2014-04-12,,,,,,nea_v2_api
2014-04-13,,,,,,nea_v2_api
2014-04-14,,,,,,nea_v2_api
2014-04-15,,,,,,nea_v2_api
2014-04-16,,,,,,nea_v2_api
2014-04-17,,,,,,nea_v2_api
2014-04-18,,,,,,nea_v2_api
2014-04-19,,,,,,nea_v2_api
2014-04-20,,,,,,nea_v2_api
2014-04-21,,,,,,nea_v2_api
2014-04-22,,,,,,nea_v2_api
2014-04-23,,,,,,nea_v2_api
2014-04-24,,,,,,nea_v2_api
2014-04-25,,,,,,nea_v2_api
2014-04-26,,,,,,nea_v2_api
2014-04-27,,,,,,nea_v2_api
2014-04-28,,,,,,nea_v2_api
2014-04-29,,,,,,nea_v2_api
2014-04-30,,,,,,nea_v2_api
2014-05-01,,,,,,nea_v2_api
2014-05-02,,,,,,nea_v2_api
2014-05-03,,,,,,nea_v2_api
2014-05-04,,,,,,nea_v2_api
2014-05-05,,,,,,nea_v2_api
2014-05-06,,,,,,nea_v2_api
2014-05-07,,,,,,nea_v2_api
2014-05-08,,,,,,nea_v2_api
2014-05-09,,,,,,nea_v2_api
2014-05-10,,,,,,nea_v2_api
2014-05-11,,,,,,nea_v2_api
2014-05-12,,,,,,nea_v2_api
2014-05-13,,,,,,nea_v2_api
2014-05-14,,,,,,nea_v2_api
2014-05-15,,,,,,nea_v2_api
2014-05-16,,,,,,nea_v2_api
2014-05-17,,,,,,nea_v2_api
2014-05-18,,,,,,nea_v2_api
2014-05-19,,,,,,nea_v2_api
2014-05-20,,,,,,nea_v2_api
2014-05-21,,,,,,nea_v2_api
2014-05-22,,,,,,nea_v2_api
2014-05-23,,,,,,nea_v2_api
2014-05-24,,,,,,nea_v2_api
2014-05-25,,,,,,nea_v2_api
2014-05-26,,,,,,nea_v2_api
2014-05-27,,,,,,nea_v2_api
2014-05-28,,,,,,nea_v2_api
2014-05-29,,,,,,nea_v2_api
2014-05-30,,,,,,nea_v2_api
2014-05-31,,,,,,nea_v2_api
2014-06-01,,,,,,nea_v2_api
2014-06-02,,,,,,nea_v2_api
2014-06-03,,,,,,nea_v2_api
2014-06-04,,,,,,nea_v2_api
2014-06-05,,,,,,nea_v2_api
2014-06-06,,,,,,nea_v2_api
2014-06-07,,,,,,nea_v2_api
2014-06-08,,,,,,nea_v2_api
2014-06-09,,,,,,nea_v2_api
2014-06-10,,,,,,nea_v2_api
2014-06-11,,,,,,nea_v2_api
2014-06-12,,,,,,nea_v2_api
2014-06-13,,,,,,nea_v2_api
2014-06-14,,,,,,nea_v2_api
2014-06-15,,,,,,nea_v2_api
2014-06-16,,,,,,nea_v2_api
2014-06-17,,,,,,nea_v2_api
2014-06-18,,,,,,nea_v2_api
2014-06-19,,,,,,nea_v2_api
2014-06-20,,,,,,nea_v2_api
2014-06-21,,,,,,nea_v2_api
2014-06-22,,,,,,nea_v2_api
2014-06-23,,,,,,nea_v2_api
2014-06-24,,,,,,nea_v2_api
2014-06-25,,,,,,nea_v2_api
2014-06-26,,,,,,nea_v2_api
2014-06-27,,,,,,nea_v2_api
2014-06-28,,,,,,nea_v2_api
2014-06-29,,,,,,nea_v2_api
2014-06-30,,,,,,nea_v2_api
2014-07-01,,,,,,nea_v2_api
2014-07-02,,,,,,nea_v2_api
2014-07-03,,,,,,nea_v2_api
2014-07-04,,,,,,nea_v2_api
2014-07-05,,,,,,nea_v2_api
2014-07-06,,,,,,nea_v2_api
2014-07-07,,,,,,nea_v2_api
2014-07-08,,,,,,nea_v2_api
2014-07-09,,,,,,nea_v2_api
2014-07-10,,,,,,nea_v2_api
2014-07-11,,,,,,nea_v2_api
2014-07-12,,,,,,nea_v2_api
2014-07-13,,,,,,nea_v2_api
2014-07-14,,,,,,nea_v2_api
2014-07-15,,,,,,nea_v2_api
2014-07-16,,,,,,nea_v2_api
2014-07-17,,,,,,nea_v2_api
2014-07-18,,,,,,nea_v2_api
2014-07-19,,,,,,nea_v2_api
2014-07-20,,,,,,nea_v2_api
2014-07-21,,,,,,nea_v2_api
2014-07-22,,,,,,nea_v2_api
2014-07-23,,,,,,nea_v2_api
2014-07-24,,,,,,nea_v2_api
2014-07-25,,,,,,nea_v2_api
2014-07-26,,,,,,nea_v2_api
2014-07-27,,,,,,nea_v2_api
2014-07-28,,,,,,nea_v2_api
2014-07-29,,,,,,nea_v2_api
2014-07-30,,,,,,nea_v2_api
2014-07-31,,,,,,nea_v2_api
2014-08-01,,,,,,nea_v2_api
2014-08-02,,,,,,nea_v2_api
2014-08-03,,,,,,nea_v2_api
2014-08-04,,,,,,nea_v2_api
2014-08-05,,,,,,nea_v2_api
2014-08-06,,,,,,nea_v2_api
2014-08-07,,,,,,nea_v2_api
2014-08-08,,,,,,nea_v2_api
2014-08-09,,,,,,nea_v2_api
2014-08-10,,,,,,nea_v2_api
2014-08-11,,,,,,nea_v2_api
2014-08-12,,,,,,nea_v2_api
2014-08-13,,,,,,nea_v2_api
2014-08-14,,,,,,nea_v2_api
2014-08-15,,,,,,nea_v2_api
2014-08-16,,,,,,nea_v2_api
2014-08-17,,,,,,nea_v2_api
2014-08-18,,,,,,nea_v2_api
2014-08-19,,,,,,nea_v2_api
2014-08-20,,,,,,nea_v2_api
2014-08-21,,,,,,nea_v2_api
2014-08-22,,,,,,nea_v2_api
2014-08-23,,,,,,nea_v2_api
2014-08-24,,,,,,nea_v2_api
2014-08-25,,,,,,nea_v2_api
2014-08-26,,,,,,nea_v2_api
2014-08-27,,,,,,nea_v2_api
2014-08-28,,,,,,nea_v2_api
2014-08-29,,,,,,nea_v2_api
2014-08-30,,,,,,nea_v2_api
2014-08-31,,,,,,nea_v2_api
2014-09-01,,,,,,nea_v2_api
2014-09-02,,,,,,nea_v2_api
2014-09-03,,,,,,nea_v2_api
2014-09-04,,,,,,nea_v2_api
2014-09-05,,,,,,nea_v2_api
2014-09-06,,,,,,nea_v2_api
2014-09-07,,,,,,nea_v2_api
2014-09-08,,,,,,nea_v2_api
2014-09-09,,,,,,nea_v2_api
2014-09-10,,,,,,nea_v2_api
2014-09-11,,,,,,nea_v2_api
2014-09-12,,,,,,nea_v2_api
2014-09-13,,,,,,nea_v2_api
2014-09-14,,,,,,nea_v2_api
2014-09-15,,,,,,nea_v2_api
2014-09-16,,,,,,nea_v2_api
2014-09-17,,,,,,nea_v2_api
2014-09-18,,,,,,nea_v2_api
2014-09-19,,,,,,nea_v2_api
2014-09-20,,,,,,nea_v2_api
2014-09-21,,,,,,nea_v2_api
2014-09-22,,,,,,nea_v2_api
2014-09-23,,,,,,nea_v2_api
2014-09-24,,,,,,nea_v2_api
2014-09-25,,,,,,nea_v2_api
2014-09-26,,,,,,nea_v2_api
2014-09-27,,,,,,nea_v2_api
2014-09-28,,,,,,nea_v2_api
2014-09-29,,,,,,nea_v2_api
2014-09-30,,,,,,nea_v2_api
2014-10-01,,,,,,nea_v2_api
2014-10-02,,,,,,nea_v2_api
2014-10-03,,,,,,nea_v2_api
2014-10-04,,,,,,nea_v2_api
2014-10-05,,,,,,nea_v2_api
2014-10-06,,,,,,nea_v2_api
2014-10-07,,,,,,nea_v2_api
2014-10-08,,,,,,nea_v2_api
2014-10-09,,,,,,nea_v2_api
2014-10-10,,,,,,nea_v2_api
2014-10-11,,,,,,nea_v2_api
2014-10-12,,,,,,nea_v2_api
2014-10-13,,,,,,nea_v2_api
2014-10-14,,,,,,nea_v2_api
2014-10-15,,,,,,nea_v2_api
2014-10-16,,,,,,nea_v2_api
2014-10-17,,,,,,nea_v2_api
2014-10-18,,,,,,nea_v2_api
2014-10-19,,,,,,nea_v2_api
2014-10-20,,,,,,nea_v2_api
2014-10-21,,,,,,nea_v2_api
2014-10-22,,,,,,nea_v2_api
2014-10-23,,,,,,nea_v2_api
2014-10-24,,,,,,nea_v2_api
2014-10-25,,,,,,nea_v2_api
2014-10-26,,,,,,nea_v2_api
2014-10-27,,,,,,nea_v2_api
2014-10-28,,,,,,nea_v2_api
2014-10-29,,,,,,nea_v2_api
2014-10-30,,,,,,nea_v2_api
2014-10-31,,,,,,nea_v2_api
2014-11-01,,,,,,nea_v2_api
2014-11-02,,,,,,nea_v2_api
2014-11-03,,,,,,nea_v2_api
2014-11-04,,,,,,nea_v2_api
2014-11-05,,,,,,nea_v2_api
2014-11-06,,,,,,nea_v2_api
2014-11-07,,,,,,nea_v2_api
2014-11-08,,,,,,nea_v2_api
2014-11-09,,,,,,nea_v2_api
2014-11-10,,,,,,nea_v2_api
2014-11-11,,,,,,nea_v2_api
2014-11-12,,,,,,nea_v2_api
2014-11-13,,,,,,nea_v2_api
2014-11-14,,,,,,nea_v2_api
2014-11-15,,,,,,nea_v2_api
2014-11-16,,,,,,nea_v2_api
2014-11-17,,,,,,nea_v2_api
2014-11-18,,,,,,nea_v2_api
2014-11-19,,,,,,nea_v2_api
2014-11-20,,,,,,nea_v2_api
2014-11-21,,,,,,nea_v2_api
2014-11-22,,,,,,nea_v2_api
2014-11-23,,,,,,nea_v2_api
2014-11-24,,,,,,nea_v2_api
2014-11-25,,,,,,nea_v2_api
2014-11-26,,,,,,nea_v2_api
2014-11-27,,,,,,nea_v2_api
2014-11-28,,,,,,nea_v2_api
2014-11-29,,,,,,nea_v2_api
2014-11-30,,,,,,nea_v2_api
2014-12-01,,,,,,nea_v2_api
2014-12-02,,,,,,nea_v2_api
2014-12-03,,,,,,nea_v2_api
2014-12-04,,,,,,nea_v2_api
2014-12-05,,,,,,nea_v2_api
2014-12-06,,,,,,nea_v2_api
2014-12-07,,,,,,nea_v2_api
2014-12-08,,,,,,nea_v2_api
2014-12-09,,,,,,nea_v2_api
2014-12-10,,,,,,nea_v2_api
2014-12-11,,,,,,nea_v2_api
2014-12-12,,,,,,nea_v2_api
2014-12-13,,,,,,nea_v2_api
2014-12-14,,,,,,nea_v2_api
2014-12-15,,,,,,nea_v2_api
2014-12-16,,,,,,nea_v2_api
2014-12-17,,,,,,nea_v2_api
2014-12-18,,,,,,nea_v2_api
2014-12-19,,,,,,nea_v2_api
2014-12-20,,,,,,nea_v2_api
2014-12-21,,,,,,nea_v2_api
2014-12-22,,,,,,nea_v2_api
2014-12-23,,,,,,nea_v2_api
2014-12-24,,,,,,nea_v2_api
2014-12-25,,,,,,nea_v2_api
2014-12-26,,,,,,nea_v2_api
2014-12-27,,,,,,nea_v2_api
2014-12-28,,,,,,nea_v2_api
2014-12-29,,,,,,nea_v2_api
2014-12-30,,,,,,nea_v2_api
2014-12-31,,,,,,nea_v2_api
2015-01-01,,,,,,nea_v2_api
2015-01-02,,,,,,nea_v2_api
2015-01-03,,,,,,nea_v2_api
2015-01-04,,,,,,nea_v2_api
2015-01-05,,,,,,nea_v2_api
2015-01-06,,,,,,nea_v2_api
2015-01-07,,,,,,nea_v2_api
2015-01-08,,,,,,nea_v2_api
2015-01-09,,,,,,nea_v2_api
2015-01-10,,,,,,nea_v2_api
2015-01-11,,,,,,nea_v2_api
2015-01-12,,,,,,nea_v2_api
2015-01-13,,,,,,nea_v2_api
2015-01-14,,,,,,nea_v2_api
2015-01-15,,,,,,nea_v2_api
2015-01-16,,,,,,nea_v2_api
2015-01-17,,,,,,nea_v2_api
2015-01-18,,,,,,nea_v2_api
2015-01-19,,,,,,nea_v2_api
2015-01-20,,,,,,nea_v2_api
2015-01-21,,,,,,nea_v2_api
2015-01-22,,,,,,nea_v2_api
2015-01-23,,,,,,nea_v2_api
2015-01-24,,,,,,nea_v2_api
2015-01-25,,,,,,nea_v2_api
2015-01-26,,,,,,nea_v2_api
2015-01-27,,,,,,nea_v2_api
2015-01-28,,,,,,nea_v2_api
2015-01-29,,,,,,nea_v2_api
2015-01-30,,,,,,nea_v2_api
2015-01-31,,,,,,nea_v2_api
2015-02-01,,,,,,nea_v2_api
2015-02-02,,,,,,nea_v2_api
2015-02-03,,,,,,nea_v2_api
2015-02-04,,,,,,nea_v2_api
2015-02-05,,,,,,nea_v2_api
2015-02-06,,,,,,nea_v2_api
2015-02-07,,,,,,nea_v2_api
2015-02-08,,,,,,nea_v2_api
2015-02-09,,,,,,nea_v2_api
2015-02-10,,,,,,nea_v2_api
2015-02-11,,,,,,nea_v2_api
2015-02-12,,,,,,nea_v2_api
2015-02-13,,,,,,nea_v2_api
2015-02-14,,,,,,nea_v2_api
2015-02-15,,,,,,nea_v2_api
2015-02-16,,,,,,nea_v2_api
2015-02-17,,,,,,nea_v2_api
2015-02-18,,,,,,nea_v2_api
2015-02-19,,,,,,nea_v2_api
2015-02-20,,,,,,nea_v2_api
2015-02-21,,,,,,nea_v2_api
2015-02-22,,,,,,nea_v2_api
2015-02-23,,,,,,nea_v2_api
2015-02-24,,,,,,nea_v2_api
2015-02-25,,,,,,nea_v2_api
2015-02-26,,,,,,nea_v2_api
2015-02-27,,,,,,nea_v2_api
2015-02-28,,,,,,nea_v2_api
2015-03-01,,,,,,nea_v2_api
2015-03-02,,,,,,nea_v2_api
2015-03-03,,,,,,nea_v2_api
2015-03-04,,,,,,nea_v2_api
2015-03-05,,,,,,nea_v2_api
2015-03-06,,,,,,nea_v2_api
2015-03-07,,,,,,nea_v2_api
2015-03-08,,,,,,nea_v2_api
2015-03-09,,,,,,nea_v2_api
2015-03-10,,,,,,nea_v2_api
2015-03-11,,,,,,nea_v2_api
2015-03-12,,,,,,nea_v2_api
2015-03-13,,,,,,nea_v2_api
2015-03-14,,,,,,nea_v2_api
2015-03-15,,,,,,nea_v2_api
2015-03-16,,,,,,nea_v2_api
2015-03-17,,,,,,nea_v2_api
2015-03-18,,,,,,nea_v2_api
2015-03-19,,,,,,nea_v2_api
2015-03-20,,,,,,nea_v2_api
2015-03-21,,,,,,nea_v2_api
2015-03-22,,,,,,nea_v2_api
2015-03-23,,,,,,nea_v2_api
2015-03-24,,,,,,nea_v2_api
2015-03-25,,,,,,nea_v2_api
2015-03-26,,,,,,nea_v2_api
2015-03-27,,,,,,nea_v2_api
2015-03-28,,,,,,nea_v2_api
2015-03-29,,,,,,nea_v2_api
2015-03-30,,,,,,nea_v2_api
2015-03-31,,,,,,nea_v2_api
2015-04-01,,,,,,nea_v2_api
2015-04-02,,,,,,nea_v2_api
2015-04-03,,,,,,nea_v2_api
2015-04-04,,,,,,nea_v2_api
2015-04-05,,,,,,nea_v2_api
2015-04-06,,,,,,nea_v2_api
2015-04-07,,,,,,nea_v2_api
2015-04-08,,,,,,nea_v2_api
2015-04-09,,,,,,nea_v2_api
2015-04-10,,,,,,nea_v2_api
2015-04-11,,,,,,nea_v2_api
2015-04-12,,,,,,nea_v2_api
2015-04-13,,,,,,nea_v2_api
2015-04-14,,,,,,nea_v2_api
2015-04-15,,,,,,nea_v2_api
2015-04-16,,,,,,nea_v2_api
2015-04-17,,,,,,nea_v2_api
2015-04-18,,,,,,nea_v2_api
2015-04-19,,,,,,nea_v2_api
2015-04-20,,,,,,nea_v2_api
2015-04-21,,,,,,nea_v2_api
2015-04-22,,,,,,nea_v2_api
2015-04-23,,,,,,nea_v2_api
2015-04-24,,,,,,nea_v2_api
2015-04-25,,,,,,nea_v2_api
2015-04-26,,,,,,nea_v2_api
2015-04-27,,,,,,nea_v2_api
2015-04-28,,,,,,nea_v2_api
2015-04-29,,,,,,nea_v2_api
2015-04-30,,,,,,nea_v2_api
2015-05-01,,,,,,nea_v2_api
2015-05-02,,,,,,nea_v2_api
2015-05-03,,,,,,nea_v2_api
2015-05-04,,,,,,nea_v2_api
2015-05-05,,,,,,nea_v2_api
2015-05-06,,,,,,nea_v2_api
2015-05-07,,,,,,nea_v2_api
2015-05-08,,,,,,nea_v2_api
2015-05-09,,,,,,nea_v2_api
2015-05-10,,,,,,nea_v2_api
2015-05-11,,,,,,nea_v2_api
2015-05-12,,,,,,nea_v2_api
2015-05-13,,,,,,nea_v2_api
2015-05-14,,,,,,nea_v2_api
2015-05-15,,,,,,nea_v2_api
2015-05-16,,,,,,nea_v2_api
2015-05-17,,,,,,nea_v2_api
2015-05-18,,,,,,nea_v2_api
2015-05-19,,,,,,nea_v2_api
2015-05-20,,,,,,nea_v2_api
2015-05-21,,,,,,nea_v2_api
2015-05-22,,,,,,nea_v2_api
2015-05-23,,,,,,nea_v2_api
2015-05-24,,,,,,nea_v2_api
2015-05-25,,,,,,nea_v2_api
2015-05-26,,,,,,nea_v2_api
2015-05-27,,,,,,nea_v2_api
2015-05-28,,,,,,nea_v2_api
2015-05-29,,,,,,nea_v2_api
2015-05-30,,,,,,nea_v2_api
2015-05-31,,,,,,nea_v2_api
2015-06-01,,,,,,nea_v2_api
2015-06-02,,,,,,nea_v2_api
2015-06-03,,,,,,nea_v2_api
2015-06-04,,,,,,nea_v2_api
2015-06-05,,,,,,nea_v2_api
2015-06-06,,,,,,nea_v2_api
2015-06-07,,,,,,nea_v2_api
2015-06-08,,,,,,nea_v2_api
2015-06-09,,,,,,nea_v2_api
2015-06-10,,,,,,nea_v2_api
2015-06-11,,,,,,nea_v2_api
2015-06-12,,,,,,nea_v2_api
2015-06-13,,,,,,nea_v2_api
2015-06-14,,,,,,nea_v2_api
2015-06-15,,,,,,nea_v2_api
2015-06-16,,,,,,nea_v2_api
2015-06-17,,,,,,nea_v2_api
2015-06-18,,,,,,nea_v2_api
2015-06-19,,,,,,nea_v2_api
2015-06-20,,,,,,nea_v2_api
2015-06-21,,,,,,nea_v2_api
2015-06-22,,,,,,nea_v2_api
2015-06-23,,,,,,nea_v2_api
2015-06-24,,,,,,nea_v2_api
2015-06-25,,,,,,nea_v2_api
2015-06-26,,,,,,nea_v2_api
2015-06-27,,,,,,nea_v2_api
2015-06-28,,,,,,nea_v2_api
2015-06-29,,,,,,nea_v2_api
2015-06-30,,,,,,nea_v2_api
2015-07-01,,,,,,nea_v2_api
2015-07-02,,,,,,nea_v2_api
2015-07-03,,,,,,nea_v2_api
2015-07-04,,,,,,nea_v2_api
2015-07-05,,,,,,nea_v2_api
2015-07-06,,,,,,nea_v2_api
2015-07-07,,,,,,nea_v2_api
2015-07-08,,,,,,nea_v2_api
2015-07-09,,,,,,nea_v2_api
2015-07-10,,,,,,nea_v2_api
2015-07-11,,,,,,nea_v2_api
2015-07-12,,,,,,nea_v2_api
2015-07-13,,,,,,nea_v2_api
2015-07-14,,,,,,nea_v2_api
2015-07-15,,,,,,nea_v2_api
2015-07-16,,,,,,nea_v2_api
2015-07-17,,,,,,nea_v2_api
2015-07-18,,,,,,nea_v2_api
2015-07-19,,,,,,nea_v2_api
2015-07-20,,,,,,nea_v2_api
2015-07-21,,,,,,nea_v2_api
2015-07-22,,,,,,nea_v2_api
2015-07-23,,,,,,nea_v2_api
2015-07-24,,,,,,nea_v2_api
2015-07-25,,,,,,nea_v2_api
2015-07-26,,,,,,nea_v2_api
2015-07-27,,,,,,nea_v2_api
2015-07-28,,,,,,nea_v2_api
2015-07-29,,,,,,nea_v2_api
2015-07-30,,,,,,nea_v2_api
2015-07-31,,,,,,nea_v2_api
2015-08-01,,,,,,nea_v2_api
2015-08-02,,,,,,nea_v2_api
2015-08-03,,,,,,nea_v2_api
2015-08-04,,,,,,nea_v2_api
2015-08-05,,,,,,nea_v2_api
2015-08-06,,,,,,nea_v2_api
2015-08-07,,,,,,nea_v2_api
2015-08-08,,,,,,nea_v2_api
2015-08-09,,,,,,nea_v2_api
2015-08-10,,,,,,nea_v2_api
2015-08-11,,,,,,nea_v2_api
2015-08-12,,,,,,nea_v2_api
2015-08-13,,,,,,nea_v2_api
2015-08-14,,,,,,nea_v2_api
2015-08-15,,,,,,nea_v2_api
2015-08-16,,,,,,nea_v2_api
2015-08-17,,,,,,nea_v2_api
2015-08-18,,,,,,nea_v2_api
2015-08-19,,,,,,nea_v2_api
2015-08-20,,,,,,nea_v2_api
2015-08-21,,,,,,nea_v2_api
2015-08-22,,,,,,nea_v2_api
2015-08-23,,,,,,nea_v2_api
2015-08-24,,,,,,nea_v2_api
2015-08-25,,,,,,nea_v2_api
2015-08-26,,,,,,nea_v2_api
2015-08-27,,,,,,nea_v2_api
2015-08-28,,,,,,nea_v2_api
2015-08-29,,,,,,nea_v2_api
2015-08-30,,,,,,nea_v2_api
2015-08-31,,,,,,nea_v2_api
2015-09-01,,,,,,nea_v2_api
2015-09-02,,,,,,nea_v2_api
2015-09-03,,,,,,nea_v2_api
2015-09-04,,,,,,nea_v2_api
2015-09-05,,,,,,nea_v2_api
2015-09-06,,,,,,nea_v2_api
2015-09-07,,,,,,nea_v2_api
2015-09-08,,,,,,nea_v2_api
2015-09-09,,,,,,nea_v2_api
2015-09-10,,,,,,nea_v2_api
2015-09-11,,,,,,nea_v2_api
2015-09-12,,,,,,nea_v2_api
2015-09-13,,,,,,nea_v2_api
2015-09-14,,,,,,nea_v2_api
2015-09-15,,,,,,nea_v2_api
2015-09-16,,,,,,nea_v2_api
2015-09-17,,,,,,nea_v2_api
2015-09-18,,,,,,nea_v2_api
2015-09-19,,,,,,nea_v2_api
2015-09-20,,,,,,nea_v2_api
2015-09-21,,,,,,nea_v2_api
2015-09-22,,,,,,nea_v2_api
2015-09-23,,,,,,nea_v2_api
2015-09-24,,,,,,nea_v2_api
2015-09-25,,,,,,nea_v2_api
2015-09-26,,,,,,nea_v2_api
2015-09-27,,,,,,nea_v2_api
2015-09-28,,,,,,nea_v2_api
2015-09-29,,,,,,nea_v2_api
2015-09-30,,,,,,nea_v2_api
2015-10-01,,,,,,nea_v2_api
2015-10-02,,,,,,nea_v2_api
2015-10-03,,,,,,nea_v2_api
2015-10-04,,,,,,nea_v2_api
2015-10-05,,,,,,nea_v2_api
2015-10-06,,,,,,nea_v2_api
2015-10-07,,,,,,nea_v2_api
2015-10-08,,,,,,nea_v2_api
2015-10-09,,,,,,nea_v2_api
2015-10-10,,,,,,nea_v2_api
2015-10-11,,,,,,nea_v2_api
2015-10-12,,,,,,nea_v2_api
2015-10-13,,,,,,nea_v2_api
2015-10-14,,,,,,nea_v2_api
2015-10-15,,,,,,nea_v2_api
2015-10-16,,,,,,nea_v2_api
2015-10-17,,,,,,nea_v2_api
2015-10-18,,,,,,nea_v2_api
2015-10-19,,,,,,nea_v2_api
2015-10-20,,,,,,nea_v2_api
2015-10-21,,,,,,nea_v2_api
2015-10-22,,,,,,nea_v2_api
2015-10-23,,,,,,nea_v2_api
2015-10-24,,,,,,nea_v2_api
2015-10-25,,,,,,nea_v2_api
2015-10-26,,,,,,nea_v2_api
2015-10-27,,,,,,nea_v2_api
2015-10-28,,,,,,nea_v2_api
2015-10-29,,,,,,nea_v2_api
2015-10-30,,,,,,nea_v2_api
2015-10-31,,,,,,nea_v2_api
2015-11-01,,,,,,nea_v2_api
2015-11-02,,,,,,nea_v2_api
2015-11-03,,,,,,nea_v2_api
2015-11-04,,,,,,nea_v2_api
2015-11-05,,,,,,nea_v2_api
2015-11-06,,,,,,nea_v2_api
2015-11-07,,,,,,nea_v2_api
2015-11-08,,,,,,nea_v2_api
2015-11-09,,,,,,nea_v2_api
2015-11-10,,,,,,nea_v2_api
2015-11-11,,,,,,nea_v2_api
2015-11-12,,,,,,nea_v2_api
2015-11-13,,,,,,nea_v2_api
2015-11-14,,,,,,nea_v2_api
2015-11-15,,,,,,nea_v2_api
2015-11-16,,,,,,nea_v2_api
2015-11-17,,,,,,nea_v2_api
2015-11-18,,,,,,nea_v2_api
2015-11-19,,,,,,nea_v2_api
2015-11-20,,,,,,nea_v2_api
2015-11-21,,,,,,nea_v2_api
2015-11-22,,,,,,nea_v2_api
2015-11-23,,,,,,nea_v2_api
2015-11-24,,,,,,nea_v2_api
2015-11-25,,,,,,nea_v2_api
2015-11-26,,,,,,nea_v2_api
2015-11-27,,,,,,nea_v2_api
2015-11-28,,,,,,nea_v2_api
2015-11-29,,,,,,nea_v2_api
2015-11-30,,,,,,nea_v2_api
2015-12-01,,,,,,nea_v2_api
2015-12-02,,,,,,nea_v2_api
2015-12-03,,,,,,nea_v2_api
2015-12-04,,,,,,nea_v2_api
2015-12-05,,,,,,nea_v2_api
2015-12-06,,,,,,nea_v2_api
2015-12-07,,,,,,nea_v2_api
2015-12-08,,,,,,nea_v2_api
2015-12-09,,,,,,nea_v2_api
2015-12-10,,,,,,nea_v2_api
2015-12-11,,,,,,nea_v2_api
2015-12-12,,,,,,nea_v2_api
2015-12-13,,,,,,nea_v2_api
2015-12-14,,,,,,nea_v2_api
2015-12-15,,,,,,nea_v2_api
2015-12-16,,,,,,nea_v2_api
2015-12-17,,,,,,nea_v2_api
2015-12-18,,,,,,nea_v2_api
2015-12-19,,,,,,nea_v2_api
2015-12-20,,,,,,nea_v2_api
2015-12-21,,,,,,nea_v2_api
2015-12-22,,,,,,nea_v2_api
2015-12-23,,,,,,nea_v2_api
2015-12-24,,,,,,nea_v2_api
2015-12-25,,,,,,nea_v2_api
2015-12-26,,,,,,nea_v2_api
2015-12-27,,,,,,nea_v2_api
2015-12-28,,,,,,nea_v2_api
2015-12-29,,,,,,nea_v2_api
2015-12-30,,,,,,nea_v2_api
2015-12-31,,,,,,nea_v2_api
2016-01-01,,,,,,nea_v2_api
2016-01-02,,,,,,nea_v2_api
2016-01-03,,,,,,nea_v2_api
2016-01-04,,,,,,nea_v2_api
2016-01-05,,,,,,nea_v2_api
2016-01-06,,,,,,nea_v2_api
2016-01-07,,,,,,nea_v2_api
2016-01-08,,,,,,nea_v2_api
2016-01-09,,,,,,nea_v2_api
2016-01-10,,,,,,nea_v2_api
2016-01-11,,,,,,nea_v2_api
2016-01-12,,,,,,nea_v2_api
2016-01-13,,,,,,nea_v2_api
2016-01-14,,,,,,nea_v2_api
2016-01-15,,,,,,nea_v2_api
2016-01-16,,,,,,nea_v2_api
2016-01-17,,,,,,nea_v2_api
2016-01-18,,,,,,nea_v2_api
2016-01-19,,,,,,nea_v2_api
2016-01-20,,,,,,nea_v2_api
2016-01-21,,,,,,nea_v2_api
2016-01-22,,,,,,nea_v2_api
2016-01-23,,,,,,nea_v2_api
2016-01-24,,,,,,nea_v2_api
2016-01-25,,,,,,nea_v2_api
2016-01-26,,,,,,nea_v2_api
2016-01-27,,,,,,nea_v2_api
2016-01-28,,,,,,nea_v2_api
2016-01-29,,,,,,nea_v2_api
2016-01-30,,,,,,nea_v2_api
2016-01-31,,,,,,nea_v2_api
2016-02-01,,,,,,nea_v2_api
2016-02-02,,,,,,nea_v2_api
2016-02-03,,,,,,nea_v2_api
2016-02-04,,,,,,nea_v2_api
2016-02-05,,,,,,nea_v2_api
2016-02-06,,,,,,nea_v2_api
2016-02-07,,,,,,nea_v2_api
2016-02-08,,,,,,nea_v2_api
2016-02-09,,,,,,nea_v2_api
2016-02-10,,,,,,nea_v2_api
2016-02-11,,,,,,nea_v2_api
2016-02-12,,,,,,nea_v2_api
2016-02-13,,,,,,nea_v2_api
2016-02-14,,,,,,nea_v2_api
2016-02-15,,,,,,nea_v2_api
2016-02-16,,,,,,nea_v2_api
2016-02-17,,,,,,nea_v2_api
2016-02-18,,,,,,nea_v2_api
2016-02-19,,,,,,nea_v2_api
2016-02-20,,,,,,nea_v2_api
2016-02-21,,,,,,nea_v2_api
2016-02-22,,,,,,nea_v2_api
2016-02-23,,,,,,nea_v2_api
2016-02-24,,,,,,nea_v2_api
2016-02-25,,,,,,nea_v2_api
2016-02-26,,,,,,nea_v2_api
2016-02-27,,,,,,nea_v2_api
2016-02-28,,,,,,nea_v2_api
2016-02-29,,,,,,nea_v2_api
2016-03-01,,,,,,nea_v2_api
2016-03-02,,,,,,nea_v2_api
2016-03-03,,,,,,nea_v2_api
2016-03-04,,,,,,nea_v2_api
2016-03-05,,,,,,nea_v2_api
2016-03-06,,,,,,nea_v2_api
2016-03-07,,,,,,nea_v2_api
2016-03-08,,,,,,nea_v2_api
2016-03-09,,,,,,nea_v2_api
2016-03-10,,,,,,nea_v2_api
2016-03-11,,,,,,nea_v2_api
2016-03-12,,,,,,nea_v2_api
2016-03-13,,,,,,nea_v2_api
2016-03-14,,,,,,nea_v2_api
2016-03-15,,,,,,nea_v2_api
2016-03-16,,,,,,nea_v2_api
2016-03-17,,,,,,nea_v2_api
2016-03-18,,,,,,nea_v2_api
2016-03-19,,,,,,nea_v2_api
2016-03-20,,,,,,nea_v2_api
2016-03-21,,,,,,nea_v2_api
2016-03-22,,,,,,nea_v2_api
2016-03-23,,,,,,nea_v2_api
2016-03-24,,,,,,nea_v2_api
2016-03-25,,,,,,nea_v2_api
2016-03-26,,,,,,nea_v2_api
2016-03-27,,,,,,nea_v2_api
2016-03-28,,,,,,nea_v2_api
2016-03-29,,,,,,nea_v2_api
2016-03-30,,,,,,nea_v2_api
2016-03-31,,,,,,nea_v2_api
2016-04-01,,,,,,nea_v2_api
2016-04-02,,,,,,nea_v2_api
2016-04-03,,,,,,nea_v2_api
2016-04-04,,,,,,nea_v2_api
2016-04-05,,,,,,nea_v2_api
2016-04-06,,,,,,nea_v2_api
2016-04-07,,,,,,nea_v2_api
2016-04-08,,,,,,nea_v2_api
2016-04-09,,,,,,nea_v2_api
2016-04-10,,,,,,nea_v2_api
2016-04-11,,,,,,nea_v2_api
2016-04-12,,,,,,nea_v2_api
2016-04-13,,,,,,nea_v2_api
2016-04-14,,,,,,nea_v2_api
2016-04-15,,,,,,nea_v2_api
2016-04-16,,,,,,nea_v2_api
2016-04-17,,,,,,nea_v2_api
2016-04-18,,,,,,nea_v2_api
2016-04-19,,,,,,nea_v2_api
2016-04-20,,,,,,nea_v2_api
2016-04-21,,,,,,nea_v2_api
2016-04-22,,,,,,nea_v2_api
2016-04-23,,,,,,nea_v2_api
2016-04-24,,,,,,nea_v2_api
2016-04-25,,,,,,nea_v2_api
2016-04-26,,,,,,nea_v2_api
2016-04-27,,,,,,nea_v2_api
2016-04-28,,,,,,nea_v2_api
2016-04-29,,,,,,nea_v2_api
2016-04-30,,,,,,nea_v2_api
2016-05-01,,,,,,nea_v2_api
2016-05-02,,,,,,nea_v2_api
2016-05-03,,,,,,nea_v2_api
2016-05-04,,,,,,nea_v2_api
2016-05-05,Sentosa,S60,,30.5,,nea_v2_api
2016-05-05,Banyan Road,S117,,30.5,,nea_v2_api
2016-05-05,Kim Chuan Road,S43,,29.8,,nea_v2_api
2016-05-05,Nanyang Avenue,S44,,28.1,,nea_v2_api
2016-05-05,Clementi Road,S50,,29.6,,nea_v2_api
2016-05-05,West Coast Highway,S116,,30.2,,nea_v2_api
2016-05-05,Pulau Ubin,S106,,29.0,,nea_v2_api
2016-05-05,Tuas South Avenue 3,S115,,28.4,,nea_v2_api
2016-05-05,Tanah Merah Coast Road,S96,,30.2,,nea_v2_api
2016-05-05,Woodlands Avenue 9,S104,,28.5,,nea_v2_api
2016-05-05,S06,S06,,30.3,,nea_v2_api
2016-05-05,Woodlands Road,S100,,29.3,,nea_v2_api
2016-05-05,Sembawang Road,S122,,29.2,,nea_v2_api
2016-05-05,Ang Mo Kio Avenue 5,S109,,29.2,,nea_v2_api
2016-05-05,Upper Changi Road North,S24B,,30.2,,nea_v2_api
2016-05-05,Upper Changi Road North,S24,,29.8,,nea_v2_api
2016-05-05,East Coast Parkway,S107,,30.0,,nea_v2_api
2016-05-05,Old Choa Chu Kang Road,S121,,28.8,,nea_v2_api
2016-05-05,Scotts Road,S111,,28.4,,nea_v2_api
2016-05-05,Marina Gardens Drive,S108,,30.8,,nea_v2_api
2016-05-06,Sentosa,S60,,28.3,,nea_v2_api
2016-05-06,Banyan Road,S117,,28.9,,nea_v2_api
2016-05-06,Kim Chuan Road,S43,,29.5,,nea_v2_api
2016-05-06,Nanyang Avenue,S44,,28.2,,nea_v2_api
2016-05-06,Clementi Road,S50,,28.3,,nea_v2_api
2016-05-06,West Coast Highway,S116,,29.7,,nea_v2_api
2016-05-06,Pulau Ubin,S106,,27.2,,nea_v2_api
2016-05-06,Tanah Merah Coast Road,S96,,28.8,,nea_v2_api
2016-05-06,Woodlands Avenue 9,S104,,29.0,,nea_v2_api
2016-05-06,S06,S06,,29.0,,nea_v2_api
2016-05-06,Woodlands Road,S100,,27.8,,nea_v2_api
2016-05-06,Semakau Landfill,S102,,29.5,,nea_v2_api
2016-05-06,Sembawang Road,S122,,27.0,,nea_v2_api
2016-05-06,Ang Mo Kio Avenue 5,S109,,28.8,,nea_v2_api
2016-05-06,Upper Changi Road North,S24B,,29.0,,nea_v2_api
2016-05-06,Upper Changi Road North,S24,,29.0,,nea_v2_api
2016-05-06,East Coast Parkway,S107,,28.9,,nea_v2_api
2016-05-06,Old Choa Chu Kang Road,S121,,27.1,,nea_v2_api
2016-05-06,Scotts Road,S111,,28.3,,nea_v2_api
2016-05-06,Marina Gardens Drive,S108,,28.7,,nea_v2_api
2016-05-07,Sentosa,S60,,28.9,,nea_v2_api
2016-05-07,Banyan Road,S117,,29.5,,nea_v2_api
2016-05-07,Kim Chuan Road,S43,,29.5,,nea_v2_api
2016-05-07,Nanyang Avenue,S44,,27.4,,nea_v2_api
2016-05-07,Clementi Road,S50,,28.2,,nea_v2_api
2016-05-07,West Coast Highway,S116,,29.7,,nea_v2_api
2016-05-07,Pulau Ubin,S106,,27.2,,nea_v2_api
2016-05-07,Tuas South Avenue 3,S115,,28.7,,nea_v2_api
2016-05-07,Tanah Merah Coast Road,S96,,30.1,,nea_v2_api
2016-05-07,Woodlands Avenue 9,S104,,28.6,,nea_v2_api
2016-05-07,S06,S06,,28.8,,nea_v2_api
2016-05-07,Woodlands Road,S100,,27.4,,nea_v2_api
2016-05-07,Semakau Landfill,S102,,30.2,,nea_v2_api
2016-05-07,Sembawang Road,S122,,26.7,,nea_v2_api
2016-05-07,Ang Mo Kio Avenue 5,S109,,28.7,,nea_v2_api
2016-05-07,Upper Changi Road North,S24B,,29.3,,nea_v2_api
2016-05-07,Upper Changi Road North,S24,,29.3,,nea_v2_api
2016-05-07,East Coast Parkway,S107,,29.3,,nea_v2_api
2016-05-07,Old Choa Chu Kang Road,S121,,26.6,,nea_v2_api
2016-05-07,Scotts Road,S111,,29.0,,nea_v2_api
2016-05-07,Marina Gardens Drive,S108,,29.6,,nea_v2_api
2016-05-08,Sentosa,S60,,29.0,,nea_v2_api
2016-05-08,Banyan Road,S117,,28.6,,nea_v2_api
2016-05-08,Kim Chuan Road,S43,,29.1,,nea_v2_api
2016-05-08,Nanyang Avenue,S44,,26.3,,nea_v2_api
2016-05-08,Clementi Road,S50,,27.1,,nea_v2_api
2016-05-08,West Coast Highway,S116,,29.1,,nea_v2_api
2016-05-08,Pulau Ubin,S106,,27.2,,nea_v2_api
2016-05-08,Tanah Merah Coast Road,S96,,29.0,,nea_v2_api
2016-05-08,Woodlands Avenue 9,S104,,26.3,,nea_v2_api
2016-05-08,S06,S06,,28.1,,nea_v2_api
2016-05-08,Woodlands Road,S100,,26.8,,nea_v2_api
2016-05-08,Semakau Landfill,S102,,29.8,,nea_v2_api
2016-05-08,Sembawang Road,S122,,26.5,,nea_v2_api
2016-05-08,Ang Mo Kio Avenue 5,S109,,27.5,,nea_v2_api
2016-05-08,Upper Changi Road North,S24B,,28.4,,nea_v2_api
2016-05-08,Upper Changi Road North,S24,,28.2,,nea_v2_api
2016-05-08,East Coast Parkway,S107,,29.8,,nea_v2_api
2016-05-08,Old Choa Chu Kang Road,S121,,26.5,,nea_v2_api
2016-05-08,Scotts Road,S111,,27.5,,nea_v2_api
2016-05-08,Marina Gardens Drive,S108,,29.7,,nea_v2_api
2016-05-09,Sentosa,S60,,29.2,,nea_v2_api
2016-05-09,Banyan Road,S117,,29.6,,nea_v2_api
2016-05-09,Kim Chuan Road,S43,,29.9,,nea_v2_api
2016-05-09,Nanyang Avenue,S44,,27.4,,nea_v2_api
2016-05-09,Clementi Road,S50,,28.7,,nea_v2_api
2016-05-09,West Coast Highway,S116,,30.2,,nea_v2_api
2016-05-09,Pulau Ubin,S106,,27.7,,nea_v2_api
2016-05-09,Tanah Merah Coast Road,S96,,30.1,,nea_v2_api
2016-05-09,Woodlands Avenue 9,S104,,27.8,,nea_v2_api
2016-05-09,S06,S06,,29.6,,nea_v2_api
2016-05-09,Woodlands Road,S100,,28.1,,nea_v2_api
2016-05-09,Semakau Landfill,S102,,29.9,,nea_v2_api
2016-05-09,Sembawang Road,S122,,27.4,,nea_v2_api
2016-05-09,Ang Mo Kio Avenue 5,S109,,28.7,,nea_v2_api
2016-05-09,Upper Changi Road North,S24B,,28.8,,nea_v2_api
2016-05-09,Upper Changi Road North,S24,,28.7,,nea_v2_api
2016-05-09,East Coast Parkway,S107,,30.2,,nea_v2_api
2016-05-09,Old Choa Chu Kang Road,S121,,27.8,,nea_v2_api
2016-05-09,Scotts Road,S111,,28.5,,nea_v2_api
2016-05-09,Marina Gardens Drive,S108,,29.8,,nea_v2_api
2016-05-10,Sentosa,S60,,29.2,,nea_v2_api
2016-05-10,Banyan Road,S117,,29.7,,nea_v2_api
2016-05-10,Kim Chuan Road,S43,,30.0,,nea_v2_api
2016-05-10,Nanyang Avenue,S44,,29.1,,nea_v2_api
2016-05-10,Clementi Road,S50,,28.7,,nea_v2_api
2016-05-10,West Coast Highway,S116,,30.1,,nea_v2_api
2016-05-10,Pulau Ubin,S106,,28.0,,nea_v2_api
2016-05-10,Tanah Merah Coast Road,S96,,30.1,,nea_v2_api
2016-05-10,Woodlands Avenue 9,S104,,29.1,,nea_v2_api
2016-05-10,S06,S06,,29.5,,nea_v2_api
2016-05-10,Woodlands Road,S100,,28.9,,nea_v2_api
2016-05-10,Semakau Landfill,S102,,30.0,,nea_v2_api
2016-05-10,Sembawang Road,S122,,28.5,,nea_v2_api
2016-05-10,Ang Mo Kio Avenue 5,S109,,29.4,,nea_v2_api
2016-05-10,Upper Changi Road North,S24B,,29.8,,nea_v2_api
2016-05-10,Upper Changi Road North,S24,,29.9,,nea_v2_api
2016-05-10,East Coast Parkway,S107,,30.0,,nea_v2_api
2016-05-10,Old Choa Chu Kang Road,S121,,28.7,,nea_v2_api
2016-05-10,Scotts Road,S111,,28.9,,nea_v2_api
2016-05-10,Marina Gardens Drive,S108,,29.8,,nea_v2_api
2016-05-11,Sentosa,S60,,29.4,,nea_v2_api
2016-05-11,Banyan Road,S117,,29.8,,nea_v2_api
2016-05-11,Kim Chuan Road,S43,,29.4,,nea_v2_api
2016-05-11,Nanyang Avenue,S44,,27.8,,nea_v2_api
2016-05-11,Clementi Road,S50,,28.5,,nea_v2_api
2016-05-11,West Coast Highway,S116,,29.9,,nea_v2_api
2016-05-11,Pulau Ubin,S106,,27.6,,nea_v2_api
2016-05-11,Tanah Merah Coast Road,S96,,30.2,,nea_v2_api
2016-05-11,Woodlands Avenue 9,S104,,28.4,,nea_v2_api
2016-05-11,S06,S06,,28.0,,nea_v2_api
2016-05-11,Woodlands Road,S100,,28.1,,nea_v2_api
2016-05-11,Semakau Landfill,S102,,29.7,,nea_v2_api
2016-05-11,Sembawang Road,S122,,27.3,,nea_v2_api
2016-05-11,Ang Mo Kio Avenue 5,S109,,29.0,,nea_v2_api
2016-05-11,Upper Changi Road North,S24B,,29.4,,nea_v2_api
2016-05-11,East Coast Parkway,S107,,29.6,,nea_v2_api
2016-05-11,Old Choa Chu Kang Road,S121,,27.6,,nea_v2_api
2016-05-11,Scotts Road,S111,,29.2,,nea_v2_api
2016-05-11,Marina Gardens Drive,S108,,29.7,,nea_v2_api
2016-05-12,Sentosa,S60,,27.8,,nea_v2_api
2016-05-12,Banyan Road,S117,,28.8,,nea_v2_api
2016-05-12,Kim Chuan Road,S43,,27.8,,nea_v2_api
2016-05-12,Nanyang Avenue,S44,,26.9,,nea_v2_api
2016-05-12,Clementi Road,S50,,26.9,,nea_v2_api
2016-05-12,West Coast Highway,S116,,29.1,,nea_v2_api
2016-05-12,Pulau Ubin,S106,,26.2,,nea_v2_api
2016-05-12,Tuas South Avenue 3,S115,,28.3,,nea_v2_api
2016-05-12,Tanah Merah Coast Road,S96,,29.9,,nea_v2_api
2016-05-12,Woodlands Avenue 9,S104,,27.9,,nea_v2_api
2016-05-12,S06,S06,,26.9,,nea_v2_api
2016-05-12,Woodlands Road,S100,,27.2,,nea_v2_api
2016-05-12,Semakau Landfill,S102,,29.3,,nea_v2_api
2016-05-12,Sembawang Road,S122,,26.4,,nea_v2_api
2016-05-12,Ang Mo Kio Avenue 5,S109,,27.3,,nea_v2_api
2016-05-12,Upper Changi Road North,S24B,,28.4,,nea_v2_api
2016-05-12,Upper Changi Road North,S24,,28.1,,nea_v2_api
2016-05-12,East Coast Parkway,S107,,30.1,,nea_v2_api
2016-05-12,Old Choa Chu Kang Road,S121,,27.0,,nea_v2_api
2016-05-12,Scotts Road,S111,,28.0,,nea_v2_api
2016-05-12,Marina Gardens Drive,S108,,28.1,,nea_v2_api
2016-05-13,Sentosa,S60,,29.0,,nea_v2_api
2016-05-13,Banyan Road,S117,,29.4,,nea_v2_api
2016-05-13,Kim Chuan Road,S43,,29.4,,nea_v2_api
2016-05-13,Nanyang Avenue,S44,,26.6,,nea_v2_api
2016-05-13,Clementi Road,S50,,27.7,,nea_v2_api
2016-05-13,West Coast Highway,S116,,30.1,,nea_v2_api
2016-05-13,Pulau Ubin,S106,,27.0,,nea_v2_api
2016-05-13,Tanah Merah Coast Road,S96,,30.2,,nea_v2_api
2016-05-13,Woodlands Avenue 9,S104,,26.7,,nea_v2_api
2016-05-13,S06,S06,,28.9,,nea_v2_api
2016-05-13,Woodlands Road,S100,,27.5,,nea_v2_api
2016-05-13,Sembawang Road,S122,,27.0,,nea_v2_api
2016-05-13,Ang Mo Kio Avenue 5,S109,,27.6,,nea_v2_api
2016-05-13,Upper Changi Road North,S24B,,29.7,,nea_v2_api
2016-05-13,Upper Changi Road North,S24,,29.7,,nea_v2_api
2016-05-13,East Coast Parkway,S107,,30.2,,nea_v2_api
2016-05-13,Old Choa Chu Kang Road,S121,,27.2,,nea_v2_api
2016-05-13,Scotts Road,S111,,28.9,,nea_v2_api
2016-05-13,Marina Gardens Drive,S108,,29.7,,nea_v2_api
2016-05-14,Sentosa,S60,,29.2,,nea_v2_api
2016-05-14,Banyan Road,S117,,29.1,,nea_v2_api
2016-05-14,Kim Chuan Road,S43,,29.3,,nea_v2_api
2016-05-14,Nanyang Avenue,S44,,27.3,,nea_v2_api
2016-05-14,Clementi Road,S50,,28.4,,nea_v2_api
2016-05-14,West Coast Highway,S116,,29.3,,nea_v2_api
2016-05-14,Pulau Ubin,S106,,26.8,,nea_v2_api
2016-05-14,Tuas South Avenue 3,S115,,28.7,,nea_v2_api
2016-05-14,Tanah Merah Coast Road,S96,,29.4,,nea_v2_api
2016-05-14,Woodlands Avenue 9,S104,,27.1,,nea_v2_api
2016-05-14,S06,S06,,28.2,,nea_v2_api
2016-05-14,Woodlands Road,S100,,28.2,,nea_v2_api
2016-05-14,Semakau Landfill,S102,,29.6,,nea_v2_api
2016-05-14,Sembawang Road,S122,,26.9,,nea_v2_api
2016-05-14,Ang Mo Kio Avenue 5,S109,,27.9,,nea_v2_api
2016-05-14,Upper Changi Road North,S24B,,27.8,,nea_v2_api
2016-05-14,Upper Changi Road North,S24,,27.8,,nea_v2_api
2016-05-14,East Coast Parkway,S107,,29.4,,nea_v2_api
2016-05-14,Old Choa Chu Kang Road,S121,,27.6,,nea_v2_api
2016-05-14,Scotts Road,S111,,27.8,,nea_v2_api
2016-05-14,Marina Gardens Drive,S108,,29.1,,nea_v2_api
2016-05-15,Sentosa,S60,,27.1,,nea_v2_api
2016-05-15,Banyan Road,S117,,28.0,,nea_v2_api
2016-05-15,Kim Chuan Road,S43,,28.1,,nea_v2_api
2016-05-15,Nanyang Avenue,S44,,26.9,,nea_v2_api
2016-05-15,West Coast Highway,S116,,28.4,,nea_v2_api
2016-05-15,Pulau Ubin,S106,,26.2,,nea_v2_api
2016-05-15,Tanah Merah Coast Road,S96,,28.9,,nea_v2_api
2016-05-15,Woodlands Avenue 9,S104,,26.9,,nea_v2_api
2016-05-15,S06,S06,,26.4,,nea_v2_api
2016-05-15,Woodlands Road,S100,,26.9,,nea_v2_api
2016-05-15,Semakau Landfill,S102,,28.6,,nea_v2_api
2016-05-15,Sembawang Road,S122,,26.0,,nea_v2_api
2016-05-15,Ang Mo Kio Avenue 5,S109,,27.1,,nea_v2_api
2016-05-15,Upper Changi Road North,S24B,,27.7,,nea_v2_api
2016-05-15,East Coast Parkway,S107,,28.7,,nea_v2_api
2016-05-15,Old Choa Chu Kang Road,S121,,26.4,,nea_v2_api
2016-05-15,Scotts Road,S111,,27.0,,nea_v2_api
2016-05-15,Marina Gardens Drive,S108,,28.0,,nea_v2_api
2016-05-16,Sentosa,S60,,27.8,,nea_v2_api
2016-05-16,Banyan Road,S117,,27.6,,nea_v2_api
2016-05-16,Kim Chuan Road,S43,,27.4,,nea_v2_api
2016-05-16,Nanyang Avenue,S44,,25.5,,nea_v2_api
2016-05-16,Clementi Road,S50,,26.3,,nea_v2_api
2016-05-16,West Coast Highway,S116,,27.7,,nea_v2_api
2016-05-16,Pulau Ubin,S106,,26.3,,nea_v2_api
2016-05-16,Tuas South Avenue 3,S115,,27.5,,nea_v2_api
2016-05-16,Tanah Merah Coast Road,S96,,28.1,,nea_v2_api
2016-05-16,Woodlands Avenue 9,S104,,26.2,,nea_v2_api
2016-05-16,S06,S06,,27.3,,nea_v2_api
2016-05-16,Woodlands Road,S100,,26.3,,nea_v2_api
2016-05-16,Semakau Landfill,S102,,28.9,,nea_v2_api
2016-05-16,Sembawang Road,S122,,25.3,,nea_v2_api
2016-05-16,Ang Mo Kio Avenue 5,S109,,26.1,,nea_v2_api
2016-05-16,Upper Changi Road North,S24B,,27.4,,nea_v2_api
2016-05-16,Upper Changi Road North,S24,,27.3,,nea_v2_api
2016-05-16,East Coast Parkway,S107,,28.1,,nea_v2_api
2016-05-16,Old Choa Chu Kang Road,S121,,25.7,,nea_v2_api
2016-05-16,Scotts Road,S111,,26.3,,nea_v2_api
2016-05-16,Marina Gardens Drive,S108,,27.9,,nea_v2_api
2016-05-17,Sentosa,S60,,28.1,,nea_v2_api
2016-05-17,Banyan Road,S117,,28.8,,nea_v2_api
2016-05-17,Kim Chuan Road,S43,,27.9,,nea_v2_api
2016-05-17,Nanyang Avenue,S44,,27.2,,nea_v2_api
2016-05-17,Clementi Road,S50,,27.2,,nea_v2_api
2016-05-17,West Coast Highway,S116,,28.8,,nea_v2_api
2016-05-17,Pulau Ubin,S106,,26.4,,nea_v2_api
2016-05-17,Tuas South Avenue 3,S115,,28.4,,nea_v2_api
2016-05-17,Tanah Merah Coast Road,S96,,29.6,,nea_v2_api
2016-05-17,Woodlands Avenue 9,S104,,26.8,,nea_v2_api
2016-05-17,Woodlands Road,S100,,27.4,,nea_v2_api
2016-05-17,Semakau Landfill,S102,,29.5,,nea_v2_api
2016-05-17,Sembawang Road,S122,,26.6,,nea_v2_api
2016-05-17,Ang Mo Kio Avenue 5,S109,,27.4,,nea_v2_api
2016-05-17,Upper Changi Road North,S24B,,27.6,,nea_v2_api
2016-05-17,Upper Changi Road North,S24,,27.4,,nea_v2_api
2016-05-17,East Coast Parkway,S107,,27.4,,nea_v2_api
2016-05-17,Old Choa Chu Kang Road,S121,,27.2,,nea_v2_api
2016-05-17,Scotts Road,S111,,27.9,,nea_v2_api
2016-05-17,Marina Gardens Drive,S108,,28.2,,nea_v2_api
2016-05-18,Sentosa,S60,,29.4,,nea_v2_api
2016-05-18,Banyan Road,S117,,29.9,,nea_v2_api
2016-05-18,Kim Chuan Road,S43,,29.1,,nea_v2_api
2016-05-18,Nanyang Avenue,S44,,28.1,,nea_v2_api
2016-05-18,Clementi Road,S50,,28.1,,nea_v2_api
2016-05-18,West Coast Highway,S116,,30.3,,nea_v2_api
2016-05-18,Pulau Ubin,S106,,27.5,,nea_v2_api
2016-05-18,Tuas South Avenue 3,S115,,29.5,,nea_v2_api
2016-05-18,Tanah Merah Coast Road,S96,,30.4,,nea_v2_api
2016-05-18,Woodlands Avenue 9,S104,,28.0,,nea_v2_api
2016-05-18,Woodlands Road,S100,,27.9,,nea_v2_api
2016-05-18,Semakau Landfill,S102,,29.8,,nea_v2_api
2016-05-18,Sembawang Road,S122,,26.7,,nea_v2_api
2016-05-18,Ang Mo Kio Avenue 5,S109,,27.8,,nea_v2_api
2016-05-18,Upper Changi Road North,S24B,,29.4,,nea_v2_api
2016-05-18,Upper Changi Road North,S24,,29.5,,nea_v2_api
2016-05-18,East Coast Parkway,S107,,30.6,,nea_v2_api
2016-05-18,Old Choa Chu Kang Road,S121,,27.8,,nea_v2_api
2016-05-18,Scotts Road,S111,,29.0,,nea_v2_api
2016-05-18,Marina Gardens Drive,S108,,30.1,,nea_v2_api
2016-05-19,Sentosa,S60,,26.9,,nea_v2_api
2016-05-19,Banyan Road,S117,,27.3,,nea_v2_api
2016-05-19,Kim Chuan Road,S43,,27.4,,nea_v2_api
2016-05-19,Nanyang Avenue,S44,,25.8,,nea_v2_api
2016-05-19,Clementi Road,S50,,26.4,,nea_v2_api
2016-05-19,West Coast Highway,S116,,27.6,,nea_v2_api
2016-05-19,Pulau Ubin,S106,,25.9,,nea_v2_api
2016-05-19,Tuas South Avenue 3,S115,,27.2,,nea_v2_api
2016-05-19,Tanah Merah Coast Road,S96,,27.5,,nea_v2_api
2016-05-19,Woodlands Avenue 9,S104,,26.1,,nea_v2_api
2016-05-19,Woodlands Road,S100,,26.6,,nea_v2_api
2016-05-19,Semakau Landfill,S102,,28.3,,nea_v2_api
2016-05-19,Sembawang Road,S122,,25.7,,nea_v2_api
2016-05-19,Ang Mo Kio Avenue 5,S109,,26.2,,nea_v2_api
2016-05-19,Upper Changi Road North,S24B,,26.7,,nea_v2_api
2016-05-19,Upper Changi Road North,S24,,26.5,,nea_v2_api
2016-05-19,East Coast Parkway,S107,,27.5,,nea_v2_api
2016-05-19,Old Choa Chu Kang Road,S121,,26.2,,nea_v2_api
2016-05-19,Scotts Road,S111,,26.2,,nea_v2_api
2016-05-19,Marina Gardens Drive,S108,,27.5,,nea_v2_api
2016-05-20,Sentosa,S60,,28.5,,nea_v2_api
2016-05-20,Banyan Road,S117,,29.1,,nea_v2_api
2016-05-20,Kim Chuan Road,S43,,29.3,,nea_v2_api
2016-05-20,Nanyang Avenue,S44,,28.6,,nea_v2_api
2016-05-20,Clementi Road,S50,,28.3,,nea_v2_api
2016-05-20,West Coast Highway,S116,,29.6,,nea_v2_api
2016-05-20,Pulau Ubin,S106,,26.7,,nea_v2_api
2016-05-20,Tanah Merah Coast Road,S96,,29.3,,nea_v2_api
2016-05-20,Woodlands Avenue 9,S104,,28.0,,nea_v2_api
2016-05-20,Woodlands Road,S100,,28.3,,nea_v2_api
2016-05-20,Sembawang Road,S122,,27.7,,nea_v2_api
2016-05-20,Ang Mo Kio Avenue 5,S109,,28.7,,nea_v2_api
2016-05-20,Upper Changi Road North,S24B,,28.9,,nea_v2_api
2016-05-20,Upper Changi Road North,S24,,29.0,,nea_v2_api
2016-05-20,East Coast Parkway,S107,,29.5,,nea_v2_api
2016-05-20,Old Choa Chu Kang Road,S121,,28.2,,nea_v2_api
2016-05-20,Scotts Road,S111,,28.3,,nea_v2_api
2016-05-20,Marina Gardens Drive,S108,,29.1,,nea_v2_api
2016-05-21,Sentosa,S60,,29.5,,nea_v2_api
2016-05-21,Banyan Road,S117,,30.1,,nea_v2_api
2016-05-21,Kim Chuan Road,S43,,29.2,,nea_v2_api
2016-05-21,Nanyang Avenue,S44,,28.0,,nea_v2_api
2016-05-21,Clementi Road,S50,,28.4,,nea_v2_api
2016-05-21,West Coast Highway,S116,,29.7,,nea_v2_api
2016-05-21,Pulau Ubin,S106,,27.1,,nea_v2_api
2016-05-21,Tuas South Avenue 3,S115,,29.5,,nea_v2_api
2016-05-21,Tanah Merah Coast Road,S96,,29.3,,nea_v2_api
2016-05-21,Woodlands Avenue 9,S104,,28.5,,nea_v2_api
2016-05-21,Woodlands Road,S100,,28.5,,nea_v2_api
2016-05-21,Semakau Landfill,S102,,30.2,,nea_v2_api
2016-05-21,Sembawang Road,S122,,27.8,,nea_v2_api
2016-05-21,Ang Mo Kio Avenue 5,S109,,28.3,,nea_v2_api
2016-05-21,Upper Changi Road North,S24B,,28.5,,nea_v2_api
2016-05-21,Upper Changi Road North,S24,,28.3,,nea_v2_api
2016-05-21,East Coast Parkway,S107,,29.9,,nea_v2_api
2016-05-21,Old Choa Chu Kang Road,S121,,28.4,,nea_v2_api
2016-05-21,Scotts Road,S111,,29.1,,nea_v2_api
2016-05-21,Marina Gardens Drive,S108,,30.1,,nea_v2_api
2016-05-22,Sentosa,S60,,26.9,,nea_v2_api
2016-05-22,Banyan Road,S117,,24.8,,nea_v2_api
2016-05-22,Kim Chuan Road,S43,,28.0,,nea_v2_api
2016-05-22,Nanyang Avenue,S44,,23.6,,nea_v2_api
2016-05-22,Clementi Road,S50,,25.9,,nea_v2_api
2016-05-22,West Coast Highway,S116,,24.5,,nea_v2_api
2016-05-22,Pulau Ubin,S106,,28.3,,nea_v2_api
2016-05-22,Tanah Merah Coast Road,S96,,28.1,,nea_v2_api
2016-05-22,Woodlands Avenue 9,S104,,28.0,,nea_v2_api
2016-05-22,Woodlands Road,S100,,27.2,,nea_v2_api
2016-05-22,Semakau Landfill,S102,,27.7,,nea_v2_api
2016-05-22,Sembawang Road,S122,,26.9,,nea_v2_api
2016-05-22,Ang Mo Kio Avenue 5,S109,,27.5,,nea_v2_api
2016-05-22,Upper Changi Road North,S24B,,27.7,,nea_v2_api
2016-05-22,Upper Changi Road North,S24,,27.8,,nea_v2_api
2016-05-22,East Coast Parkway,S107,,27.4,,nea_v2_api
2016-05-22,Old Choa Chu Kang Road,S121,,25.1,,nea_v2_api
2016-05-22,Scotts Road,S111,,26.5,,nea_v2_api
2016-05-22,Marina Gardens Drive,S108,,27.1,,nea_v2_api
2016-05-23,Sentosa,S60,,27.3,,nea_v2_api
2016-05-23,Banyan Road,S117,,27.5,,nea_v2_api
2016-05-23,Kim Chuan Road,S43,,26.4,,nea_v2_api
2016-05-23,Nanyang Avenue,S44,,25.4,,nea_v2_api
2016-05-23,Clementi Road,S50,,26.0,,nea_v2_api
2016-05-23,West Coast Highway,S116,,27.5,,nea_v2_api
2016-05-23,Pulau Ubin,S106,,24.6,,nea_v2_api
2016-05-23,Woodlands Avenue 9,S104,,25.5,,nea_v2_api
2016-05-23,Woodlands Road,S100,,26.3,,nea_v2_api
2016-05-23,Semakau Landfill,S102,,28.3,,nea_v2_api
2016-05-23,Sembawang Road,S122,,25.5,,nea_v2_api
2016-05-23,Ang Mo Kio Avenue 5,S109,,25.5,,nea_v2_api
2016-05-23,Upper Changi Road North,S24B,,25.7,,nea_v2_api
2016-05-23,Upper Changi Road North,S24,,25.4,,nea_v2_api
2016-05-23,East Coast Parkway,S107,,26.6,,nea_v2_api
2016-05-23,Old Choa Chu Kang Road,S121,,25.8,,nea_v2_api
2016-05-23,Scotts Road,S111,,26.0,,nea_v2_api
2016-05-23,Marina Gardens Drive,S108,,27.3,,nea_v2_api
2016-05-24,Sentosa,S60,,29.4,,nea_v2_api
2016-05-24,Banyan Road,S117,,29.9,,nea_v2_api
2016-05-24,Kim Chuan Road,S43,,29.1,,nea_v2_api
2016-05-24,Nanyang Avenue,S44,,29.0,,nea_v2_api
2016-05-24,Clementi Road,S50,,28.3,,nea_v2_api
2016-05-24,West Coast Highway,S116,,30.3,,nea_v2_api
2016-05-24,Pulau Ubin,S106,,26.4,,nea_v2_api
2016-05-24,Tanah Merah Coast Road,S96,,30.4,,nea_v2_api
2016-05-24,Woodlands Avenue 9,S104,,28.7,,nea_v2_api
2016-05-24,Woodlands Road,S100,,28.3,,nea_v2_api
2016-05-24,Semakau Landfill,S102,,29.9,,nea_v2_api
2016-05-24,Sembawang Road,S122,,27.0,,nea_v2_api
2016-05-24,Ang Mo Kio Avenue 5,S109,,28.5,,nea_v2_api
2016-05-24,Upper Changi Road North,S24B,,29.4,,nea_v2_api
2016-05-24,Upper Changi Road North,S24,,29.4,,nea_v2_api
2016-05-24,East Coast Parkway,S107,,30.5,,nea_v2_api
2016-05-24,Old Choa Chu Kang Road,S121,,28.5,,nea_v2_api
2016-05-24,Scotts Road,S111,,29.0,,nea_v2_api
2016-05-24,Marina Gardens Drive,S108,,29.8,,nea_v2_api
2016-05-25,Sentosa,S60,,28.9,,nea_v2_api
2016-05-25,Banyan Road,S117,,29.4,,nea_v2_api
2016-05-25,Kim Chuan Road,S43,,29.9,,nea_v2_api
2016-05-25,Nanyang Avenue,S44,,29.2,,nea_v2_api
2016-05-25,Clementi Road,S50,,28.7,,nea_v2_api
2016-05-25,West Coast Highway,S116,,30.1,,nea_v2_api
2016-05-25,Tanah Merah Coast Road,S96,,30.1,,nea_v2_api
2016-05-25,Woodlands Avenue 9,S104,,29.2,,nea_v2_api
2016-05-25,Woodlands Road,S100,,29.2,,nea_v2_api
2016-05-25,Semakau Landfill,S102,,29.6,,nea_v2_api
2016-05-25,Sembawang Road,S122,,27.4,,nea_v2_api
2016-05-25,Ang Mo Kio Avenue 5,S109,,29.3,,nea_v2_api
2016-05-25,Upper Changi Road North,S24B,,28.9,,nea_v2_api
2016-05-25,Upper Changi Road North,S24,,29.0,,nea_v2_api
2016-05-25,East Coast Parkway,S107,,29.9,,nea_v2_api
2016-05-25,Old Choa Chu Kang Road,S121,,28.8,,nea_v2_api
2016-05-25,Scotts Road,S111,,28.9,,nea_v2_api
2016-05-25,Marina Gardens Drive,S108,,29.4,,nea_v2_api
2016-05-26,Sentosa,S60,,25.7,,nea_v2_api
2016-05-26,Banyan Road,S117,,26.1,,nea_v2_api
2016-05-26,Kim Chuan Road,S43,,26.2,,nea_v2_api
2016-05-26,Nanyang Avenue,S44,,25.4,,nea_v2_api
2016-05-26,Clementi Road,S50,,25.7,,nea_v2_api
2016-05-26,West Coast Highway,S116,,26.9,,nea_v2_api
2016-05-26,Pulau Ubin,S106,,26.6,,nea_v2_api
2016-05-26,Tuas South Avenue 3,S115,,26.3,,nea_v2_api
2016-05-26,Tanah Merah Coast Road,S96,,26.3,,nea_v2_api
2016-05-26,Woodlands Avenue 9,S104,,26.5,,nea_v2_api
2016-05-26,Woodlands Road,S100,,26.5,,nea_v2_api
2016-05-26,Semakau Landfill,S102,,26.3,,nea_v2_api
2016-05-26,Sembawang Road,S122,,26.0,,nea_v2_api
2016-05-26,Ang Mo Kio Avenue 5,S109,,27.3,,nea_v2_api
2016-05-26,Upper Changi Road North,S24B,,27.7,,nea_v2_api
2016-05-26,Upper Changi Road North,S24,,27.5,,nea_v2_api
2016-05-26,East Coast Parkway,S107,,26.8,,nea_v2_api
2016-05-26,Old Choa Chu Kang Road,S121,,26.3,,nea_v2_api
2016-05-26,Scotts Road,S111,,25.3,,nea_v2_api
2016-05-26,Marina Gardens Drive,S108,,25.3,,nea_v2_api
2016-05-27,Sentosa,S60,,28.8,,nea_v2_api
2016-05-27,Banyan Road,S117,,28.8,,nea_v2_api
2016-05-27,Kim Chuan Road,S43,,29.5,,nea_v2_api
2016-05-27,Nanyang Avenue,S44,,28.4,,nea_v2_api
2016-05-27,Clementi Road,S50,,28.4,,nea_v2_api
2016-05-27,West Coast Highway,S116,,29.6,,nea_v2_api
2016-05-27,Pulau Ubin,S106,,27.0,,nea_v2_api
2016-05-27,Tanah Merah Coast Road,S96,,29.7,,nea_v2_api
2016-05-27,Woodlands Avenue 9,S104,,28.6,,nea_v2_api
2016-05-27,Woodlands Road,S100,,28.0,,nea_v2_api
2016-05-27,Semakau Landfill,S102,,29.4,,nea_v2_api
2016-05-27,Sembawang Road,S122,,26.8,,nea_v2_api
2016-05-27,Ang Mo Kio Avenue 5,S109,,29.0,,nea_v2_api
2016-05-27,Upper Changi Road North,S24B,,28.5,,nea_v2_api
2016-05-27,Upper Changi Road North,S24,,28.6,,nea_v2_api
2016-05-27,East Coast Parkway,S107,,29.7,,nea_v2_api
2016-05-27,Old Choa Chu Kang Road,S121,,28.3,,nea_v2_api
2016-05-27,Scotts Road,S111,,28.5,,nea_v2_api
2016-05-27,Marina Gardens Drive,S108,,29.2,,nea_v2_api
2016-05-28,Sentosa,S60,,28.9,,nea_v2_api
2016-05-28,Banyan Road,S117,,29.5,,nea_v2_api
2016-05-28,Kim Chuan Road,S43,,30.1,,nea_v2_api
2016-05-28,Nanyang Avenue,S44,,29.0,,nea_v2_api
2016-05-28,Clementi Road,S50,,28.9,,nea_v2_api
2016-05-28,West Coast Highway,S116,,30.1,,nea_v2_api
2016-05-28,Pulau Ubin,S106,,27.2,,nea_v2_api
2016-05-28,Tanah Merah Coast Road,S96,,30.0,,nea_v2_api
2016-05-28,Woodlands Avenue 9,S104,,29.3,,nea_v2_api
2016-05-28,Woodlands Road,S100,,29.0,,nea_v2_api
2016-05-28,Semakau Landfill,S102,,29.6,,nea_v2_api
2016-05-28,Sembawang Road,S122,,27.7,,nea_v2_api
2016-05-28,Ang Mo Kio Avenue 5,S109,,29.6,,nea_v2_api
2016-05-28,Upper Changi Road North,S24B,,29.5,,nea_v2_api
2016-05-28,Upper Changi Road North,S24,,29.5,,nea_v2_api
2016-05-28,East Coast Parkway,S107,,30.3,,nea_v2_api
2016-05-28,Old Choa Chu Kang Road,S121,,29.0,,nea_v2_api
2016-05-28,Scotts Road,S111,,29.0,,nea_v2_api
2016-05-28,Marina Gardens Drive,S108,,29.7,,nea_v2_api
2016-05-29,Sentosa,S60,,28.6,,nea_v2_api
2016-05-29,Banyan Road,S117,,29.0,,nea_v2_api
2016-05-29,Kim Chuan Road,S43,,29.1,,nea_v2_api
2016-05-29,Nanyang Avenue,S44,,28.7,,nea_v2_api
2016-05-29,Clementi Road,S50,,28.4,,nea_v2_api
2016-05-29,West Coast Highway,S116,,29.8,,nea_v2_api
2016-05-29,Pulau Ubin,S106,,26.8,,nea_v2_api
2016-05-29,Tanah Merah Coast Road,S96,,29.6,,nea_v2_api
2016-05-29,Woodlands Avenue 9,S104,,28.6,,nea_v2_api
2016-05-29,Woodlands Road,S100,,28.1,,nea_v2_api
2016-05-29,Semakau Landfill,S102,,29.1,,nea_v2_api
2016-05-29,Sembawang Road,S122,,27.1,,nea_v2_api
2016-05-29,Ang Mo Kio Avenue 5,S109,,28.6,,nea_v2_api
2016-05-29,Upper Changi Road North,S24B,,28.5,,nea_v2_api
2016-05-29,Upper Changi Road North,S24,,28.6,,nea_v2_api
2016-05-29,East Coast Parkway,S107,,29.4,,nea_v2_api
2016-05-29,Old Choa Chu Kang Road,S121,,28.3,,nea_v2_api
2016-05-29,Scotts Road,S111,,28.5,,nea_v2_api
2016-05-29,Marina Gardens Drive,S108,,29.1,,nea_v2_api
2016-05-30,Sentosa,S60,,29.2,,nea_v2_api
2016-05-30,Banyan Road,S117,,29.9,,nea_v2_api
2016-05-30,Kim Chuan Road,S43,,29.7,,nea_v2_api
2016-05-30,Nanyang Avenue,S44,,28.1,,nea_v2_api
2016-05-30,Clementi Road,S50,,29.0,,nea_v2_api
2016-05-30,West Coast Highway,S116,,30.2,,nea_v2_api
2016-05-30,Pulau Ubin,S106,,27.3,,nea_v2_api
2016-05-30,Tanah Merah Coast Road,S96,,29.9,,nea_v2_api
2016-05-30,Woodlands Avenue 9,S104,,28.9,,nea_v2_api
2016-05-30,Woodlands Road,S100,,29.4,,nea_v2_api
2016-05-30,Semakau Landfill,S102,,30.4,,nea_v2_api
2016-05-30,Sembawang Road,S122,,27.6,,nea_v2_api
2016-05-30,Ang Mo Kio Avenue 5,S109,,29.6,,nea_v2_api
2016-05-30,Upper Changi Road North,S24B,,29.5,,nea_v2_api
2016-05-30,Upper Changi Road North,S24,,29.3,,nea_v2_api
2016-05-30,East Coast Parkway,S107,,29.5,,nea_v2_api
2016-05-30,Old Choa Chu Kang Road,S121,,29.1,,nea_v2_api
2016-05-30,Scotts Road,S111,,29.1,,nea_v2_api
2016-05-30,Marina Gardens Drive,S108,,29.4,,nea_v2_api
2016-05-31,Sentosa,S60,,28.0,,nea_v2_api
2016-05-31,Banyan Road,S117,,28.4,,nea_v2_api
2016-05-31,Kim Chuan Road,S43,,27.4,,nea_v2_api
2016-05-31,Nanyang Avenue,S44,,26.2,,nea_v2_api
2016-05-31,Clementi Road,S50,,26.8,,nea_v2_api
2016-05-31,West Coast Highway,S116,,28.0,,nea_v2_api
2016-05-31,Tuas South Avenue 3,S115,,28.0,,nea_v2_api
2016-05-31,Tanah Merah Coast Road,S96,,26.6,,nea_v2_api
2016-05-31,Woodlands Avenue 9,S104,,25.9,,nea_v2_api
2016-05-31,Woodlands Road,S100,,26.6,,nea_v2_api
2016-05-31,Semakau Landfill,S102,,28.3,,nea_v2_api
2016-05-31,Sembawang Road,S122,,25.9,,nea_v2_api
2016-05-31,Ang Mo Kio Avenue 5,S109,,26.5,,nea_v2_api
2016-05-31,Upper Changi Road North,S24B,,26.0,,nea_v2_api
2016-05-31,Upper Changi Road North,S24,,25.8,,nea_v2_api
2016-05-31,East Coast Parkway,S107,,27.3,,nea_v2_api
2016-05-31,Old Choa Chu Kang Road,S121,,26.6,,nea_v2_api
2016-05-31,Scotts Road,S111,,27.1,,nea_v2_api
2016-05-31,Marina Gardens Drive,S108,,28.2,,nea_v2_api
2016-06-01,Sentosa,S60,,29.1,,nea_v2_api
2016-06-01,Banyan Road,S117,,29.9,,nea_v2_api
2016-06-01,Kim Chuan Road,S43,,29.0,,nea_v2_api
2016-06-01,Nanyang Avenue,S44,,28.1,,nea_v2_api
2016-06-01,Clementi Road,S50,,28.4,,nea_v2_api
2016-06-01,West Coast Highway,S116,,29.9,,nea_v2_api
2016-06-01,Pulau Ubin,S106,,26.8,,nea_v2_api
2016-06-01,Tuas South Avenue 3,S115,,30.0,,nea_v2_api
2016-06-01,Tanah Merah Coast Road,S96,,30.1,,nea_v2_api
2016-06-01,Woodlands Avenue 9,S104,,28.7,,nea_v2_api
2016-06-01,Woodlands Road,S100,,28.8,,nea_v2_api
2016-06-01,Sembawang Road,S122,,27.8,,nea_v2_api
2016-06-01,Ang Mo Kio Avenue 5,S109,,28.6,,nea_v2_api
2016-06-01,Upper Changi Road North,S24B,,28.5,,nea_v2_api
2016-06-01,Upper Changi Road North,S24,,28.4,,nea_v2_api
2016-06-01,East Coast Parkway,S107,,29.7,,nea_v2_api
2016-06-01,Old Choa Chu Kang Road,S121,,28.6,,nea_v2_api
2016-06-01,Scotts Road,S111,,29.1,,nea_v2_api
2016-06-01,Marina Gardens Drive,S108,,29.8,,nea_v2_api
2016-06-02,Sentosa,S60,,27.1,,nea_v2_api
2016-06-02,Banyan Road,S117,,26.8,,nea_v2_api
2016-06-02,Kim Chuan Road,S43,,26.8,,nea_v2_api
2016-06-02,Nanyang Avenue,S44,,25.5,,nea_v2_api
2016-06-02,West Coast Highway,S116,,27.2,,nea_v2_api
2016-06-02,Tuas South Avenue 3,S115,,26.8,,nea_v2_api
2016-06-02,Tanah Merah Coast Road,S96,,27.2,,nea_v2_api
2016-06-02,Woodlands Avenue 9,S104,,26.0,,nea_v2_api
2016-06-02,Woodlands Road,S100,,26.3,,nea_v2_api
2016-06-02,Sembawang Road,S122,,25.1,,nea_v2_api
2016-06-02,Ang Mo Kio Avenue 5,S109,,26.4,,nea_v2_api
2016-06-02,Upper Changi Road North,S24B,,26.4,,nea_v2_api
2016-06-02,Upper Changi Road North,S24,,26.4,,nea_v2_api
2016-06-02,East Coast Parkway,S107,,27.6,,nea_v2_api
2016-06-02,Old Choa Chu Kang Road,S121,,25.5,,nea_v2_api
2016-06-02,Scotts Road,S111,,26.7,,nea_v2_api
2016-06-02,Marina Gardens Drive,S108,,27.0,,nea_v2_api
2016-06-03,Sentosa,S60,,28.0,,nea_v2_api
2016-06-03,Banyan Road,S117,,29.1,,nea_v2_api
2016-06-03,Kim Chuan Road,S43,,28.1,,nea_v2_api
2016-06-03,Nanyang Avenue,S44,,26.6,,nea_v2_api
2016-06-03,Clementi Road,S50,,26.8,,nea_v2_api
2016-06-03,West Coast Highway,S116,,28.9,,nea_v2_api
2016-06-03,Tanah Merah Coast Road,S96,,29.5,,nea_v2_api
2016-06-03,Woodlands Avenue 9,S104,,26.5,,nea_v2_api
2016-06-03,Woodlands Road,S100,,26.0,,nea_v2_api
2016-06-03,Semakau Landfill,S102,,29.1,,nea_v2_api
2016-06-03,Sembawang Road,S122,,25.3,,nea_v2_api
2016-06-03,Ang Mo Kio Avenue 5,S109,,26.6,,nea_v2_api
2016-06-03,Upper Changi Road North,S24B,,28.8,,nea_v2_api
2016-06-03,Upper Changi Road North,S24,,28.7,,nea_v2_api
2016-06-03,East Coast Parkway,S107,,29.5,,nea_v2_api
2016-06-03,Old Choa Chu Kang Road,S121,,25.9,,nea_v2_api
2016-06-03,Scotts Road,S111,,27.8,,nea_v2_api
2016-06-03,Marina Gardens Drive,S108,,28.4,,nea_v2_api
2016-06-04,Sentosa,S60,,28.2,,nea_v2_api
2016-06-04,Banyan Road,S117,,28.4,,nea_v2_api
2016-06-04,Kim Chuan Road,S43,,27.8,,nea_v2_api
2016-06-04,Nanyang Avenue,S44,,25.9,,nea_v2_api
2016-06-04,Clementi Road,S50,,26.6,,nea_v2_api
2016-06-04,West Coast Highway,S116,,28.5,,nea_v2_api
2016-06-04,Tuas South Avenue 3,S115,,27.5,,nea_v2_api
2016-06-04,Tanah Merah Coast Road,S96,,28.1,,nea_v2_api
2016-06-04,Woodlands Avenue 9,S104,,25.2,,nea_v2_api
2016-06-04,Woodlands Road,S100,,25.8,,nea_v2_api
2016-06-04,Semakau Landfill,S102,,29.2,,nea_v2_api
2016-06-04,Sembawang Road,S122,,24.8,,nea_v2_api
2016-06-04,Ang Mo Kio Avenue 5,S109,,26.0,,nea_v2_api
2016-06-04,Upper Changi Road North,S24B,,27.0,,nea_v2_api
2016-06-04,Upper Changi Road North,S24,,27.0,,nea_v2_api
2016-06-04,East Coast Parkway,S107,,28.4,,nea_v2_api
2016-06-04,Old Choa Chu Kang Road,S121,,25.7,,nea_v2_api
2016-06-04,Scotts Road,S111,,27.7,,nea_v2_api
2016-06-04,Marina Gardens Drive,S108,,28.5,,nea_v2_api
2016-06-05,Sentosa,S60,,27.2,,nea_v2_api
2016-06-05,Banyan Road,S117,,27.8,,nea_v2_api
2016-06-05,Kim Chuan Road,S43,,27.1,,nea_v2_api
2016-06-05,Nanyang Avenue,S44,,26.3,,nea_v2_api
2016-06-05,Clementi Road,S50,,26.2,,nea_v2_api
2016-06-05,West Coast Highway,S116,,27.7,,nea_v2_api
2016-06-05,Tanah Merah Coast Road,S96,,28.6,,nea_v2_api
2016-06-05,Woodlands Avenue 9,S104,,26.1,,nea_v2_api
2016-06-05,Woodlands Road,S100,,25.9,,nea_v2_api
2016-06-05,Semakau Landfill,S102,,28.1,,nea_v2_api
2016-06-05,Sembawang Road,S122,,25.3,,nea_v2_api
2016-06-05,Ang Mo Kio Avenue 5,S109,,26.7,,nea_v2_api
2016-06-05,Upper Changi Road North,S24B,,27.0,,nea_v2_api
2016-06-05,Upper Changi Road North,S24,,27.0,,nea_v2_api
2016-06-05,East Coast Parkway,S107,,28.5,,nea_v2_api
2016-06-05,Old Choa Chu Kang Road,S121,,25.7,,nea_v2_api
2016-06-05,Scotts Road,S111,,26.8,,nea_v2_api
2016-06-05,Marina Gardens Drive,S108,,27.9,,nea_v2_api
2016-06-06,Sentosa,S60,,28.4,,nea_v2_api
2016-06-06,Banyan Road,S117,,29.1,,nea_v2_api
2016-06-06,Kim Chuan Road,S43,,29.1,,nea_v2_api
2016-06-06,Nanyang Avenue,S44,,28.5,,nea_v2_api
2016-06-06,Clementi Road,S50,,27.8,,nea_v2_api
2016-06-06,West Coast Highway,S116,,29.3,,nea_v2_api
2016-06-06,Pulau Ubin,S106,,26.8,,nea_v2_api
2016-06-06,Tanah Merah Coast Road,S96,,29.5,,nea_v2_api
2016-06-06,Woodlands Avenue 9,S104,,28.5,,nea_v2_api
2016-06-06,Woodlands Road,S100,,28.1,,nea_v2_api
2016-06-06,Semakau Landfill,S102,,29.0,,nea_v2_api
2016-06-06,Sembawang Road,S122,,27.0,,nea_v2_api
2016-06-06,Ang Mo Kio Avenue 5,S109,,28.5,,nea_v2_api
2016-06-06,Upper Changi Road North,S24B,,28.5,,nea_v2_api
2016-06-06,Upper Changi Road North,S24,,28.5,,nea_v2_api
2016-06-06,East Coast Parkway,S107,,29.5,,nea_v2_api
2016-06-06,Old Choa Chu Kang Road,S121,,27.8,,nea_v2_api
2016-06-06,Scotts Road,S111,,28.2,,nea_v2_api
2016-06-06,Marina Gardens Drive,S108,,29.1,,nea_v2_api
2016-06-07,Sentosa,S60,,28.9,,nea_v2_api
2016-06-07,Banyan Road,S117,,29.6,,nea_v2_api
2016-06-07,Kim Chuan Road,S43,,29.8,,nea_v2_api
2016-06-07,Nanyang Avenue,S44,,26.7,,nea_v2_api
2016-06-07,Clementi Road,S50,,27.3,,nea_v2_api
2016-06-07,West Coast Highway,S116,,30.0,,nea_v2_api
2016-06-07,Pulau Ubin,S106,,26.9,,nea_v2_api
2016-06-07,Tanah Merah Coast Road,S96,,30.0,,nea_v2_api
2016-06-07,Woodlands Avenue 9,S104,,27.2,,nea_v2_api
2016-06-07,Woodlands Road,S100,,28.5,,nea_v2_api
2016-06-07,Semakau Landfill,S102,,29.7,,nea_v2_api
2016-06-07,Sembawang Road,S122,,26.9,,nea_v2_api
2016-06-07,Ang Mo Kio Avenue 5,S109,,28.1,,nea_v2_api
2016-06-07,Upper Changi Road North,S24B,,29.4,,nea_v2_api
2016-06-07,Upper Changi Road North,S24,,29.5,,nea_v2_api
2016-06-07,East Coast Parkway,S107,,30.1,,nea_v2_api
2016-06-07,Old Choa Chu Kang Road,S121,,26.9,,nea_v2_api
2016-06-07,Scotts Road,S111,,28.7,,nea_v2_api
2016-06-07,Marina Gardens Drive,S108,,29.6,,nea_v2_api
2016-06-08,Upper Changi Road North,S24B,,27.8,,nea_v2_api
2016-06-08,Sentosa,S60,,29.2,,nea_v2_api
2016-06-08,Kim Chuan Road,S43,,28.3,,nea_v2_api
2016-06-08,Nanyang Avenue,S44,,27.3,,nea_v2_api
2016-06-08,Upper Changi Road North,S24,,27.6,,nea_v2_api
2016-06-08,East Coast Parkway,S107,,29.6,,nea_v2_api
2016-06-08,Clementi Road,S50,,27.6,,nea_v2_api
2016-06-08,West Coast Highway,S116,,29.4,,nea_v2_api
2016-06-08,Tanah Merah Coast Road,S96,,28.9,,nea_v2_api
2016-06-08,Woodlands Avenue 9,S104,,27.2,,nea_v2_api
2016-06-08,Scotts Road,S111,,27.7,,nea_v2_api
2016-06-08,Semakau Landfill,S102,,29.7,,nea_v2_api
2016-06-09,Sentosa,S60,,27.9,,nea_v2_api
2016-06-09,Banyan Road,S117,,28.5,,nea_v2_api
2016-06-09,Kim Chuan Road,S43,,28.5,,nea_v2_api
2016-06-09,Nanyang Avenue,S44,,27.1,,nea_v2_api
2016-06-09,Clementi Road,S50,,27.0,,nea_v2_api
2016-06-09,West Coast Highway,S116,,28.5,,nea_v2_api
2016-06-09,Pulau Ubin,S106,,26.2,,nea_v2_api
2016-06-09,Tuas South Avenue 3,S115,,28.2,,nea_v2_api
2016-06-09,Woodlands Avenue 9,S104,,27.9,,nea_v2_api
2016-06-09,Woodlands Road,S100,,27.0,,nea_v2_api
2016-06-09,Semakau Landfill,S102,,29.0,,nea_v2_api
2016-06-09,Sembawang Road,S122,,25.8,,nea_v2_api
2016-06-09,Ang Mo Kio Avenue 5,S109,,27.5,,nea_v2_api
2016-06-09,Upper Changi Road North,S24B,,27.5,,nea_v2_api
2016-06-09,Upper Changi Road North,S24,,27.6,,nea_v2_api
2016-06-09,East Coast Parkway,S107,,28.1,,nea_v2_api
2016-06-09,Old Choa Chu Kang Road,S121,,26.6,,nea_v2_api
2016-06-09,Scotts Road,S111,,27.4,,nea_v2_api
2016-06-09,Marina Gardens Drive,S108,,28.3,,nea_v2_api
2016-06-10,Sentosa,S60,,28.5,,nea_v2_api
2016-06-10,Banyan Road,S117,,28.9,,nea_v2_api
2016-06-10,Kim Chuan Road,S43,,27.9,,nea_v2_api
2016-06-10,Nanyang Avenue,S44,,25.5,,nea_v2_api
2016-06-10,Clementi Road,S50,,25.7,,nea_v2_api
2016-06-10,West Coast Highway,S116,,27.7,,nea_v2_api
2016-06-10,Tuas South Avenue 3,S115,,28.2,,nea_v2_api
2016-06-10,Tanah Merah Coast Road,S96,,29.0,,nea_v2_api
2016-06-10,Woodlands Avenue 9,S104,,25.7,,nea_v2_api
2016-06-10,Woodlands Road,S100,,24.9,,nea_v2_api
2016-06-10,Sembawang Road,S122,,25.7,,nea_v2_api
2016-06-10,Ang Mo Kio Avenue 5,S109,,26.3,,nea_v2_api
2016-06-10,Upper Changi Road North,S24B,,27.1,,nea_v2_api
2016-06-10,Upper Changi Road North,S24,,27.2,,nea_v2_api
2016-06-10,East Coast Parkway,S107,,28.6,,nea_v2_api
2016-06-10,Old Choa Chu Kang Road,S121,,24.6,,nea_v2_api
2016-06-10,Scotts Road,S111,,26.0,,nea_v2_api
2016-06-10,Marina Gardens Drive,S108,,26.8,,nea_v2_api
2016-06-11,Sentosa,S60,,28.1,,nea_v2_api
2016-06-11,Banyan Road,S117,,28.1,,nea_v2_api
2016-06-11,Kim Chuan Road,S43,,28.7,,nea_v2_api
2016-06-11,Nanyang Avenue,S44,,27.7,,nea_v2_api
2016-06-11,Clementi Road,S50,,27.8,,nea_v2_api
2016-06-11,West Coast Highway,S116,,29.0,,nea_v2_api
2016-06-11,Pulau Ubin,S106,,26.6,,nea_v2_api
2016-06-11,Tuas South Avenue 3,S115,,28.2,,nea_v2_api
2016-06-11,Tanah Merah Coast Road,S96,,29.2,,nea_v2_api
2016-06-11,Woodlands Avenue 9,S104,,27.8,,nea_v2_api
2016-06-11,Woodlands Road,S100,,27.4,,nea_v2_api
2016-06-11,Semakau Landfill,S102,,29.0,,nea_v2_api
2016-06-11,Sembawang Road,S122,,27.1,,nea_v2_api
2016-06-11,Ang Mo Kio Avenue 5,S109,,28.3,,nea_v2_api
2016-06-11,Upper Changi Road North,S24B,,28.1,,nea_v2_api
2016-06-11,Upper Changi Road North,S24,,28.2,,nea_v2_api
2016-06-11,East Coast Parkway,S107,,29.2,,nea_v2_api
2016-06-11,Old Choa Chu Kang Road,S121,,27.8,,nea_v2_api
2016-06-11,Scotts Road,S111,,27.6,,nea_v2_api
2016-06-11,Marina Gardens Drive,S108,,28.5,,nea_v2_api
2016-06-12,Sentosa,S60,,28.2,,nea_v2_api
2016-06-12,Banyan Road,S117,,28.5,,nea_v2_api
2016-06-12,Kim Chuan Road,S43,,28.6,,nea_v2_api
2016-06-12,Nanyang Avenue,S44,,28.1,,nea_v2_api
2016-06-12,Clementi Road,S50,,27.7,,nea_v2_api
2016-06-12,West Coast Highway,S116,,29.1,,nea_v2_api
2016-06-12,Pulau Ubin,S106,,25.9,,nea_v2_api
2016-06-12,Tuas South Avenue 3,S115,,28.8,,nea_v2_api
2016-06-12,Tanah Merah Coast Road,S96,,28.8,,nea_v2_api
2016-06-12,Woodlands Avenue 9,S104,,27.4,,nea_v2_api
2016-06-12,Woodlands Road,S100,,27.7,,nea_v2_api
2016-06-12,Semakau Landfill,S102,,29.0,,nea_v2_api
2016-06-12,Sembawang Road,S122,,26.4,,nea_v2_api
2016-06-12,Ang Mo Kio Avenue 5,S109,,27.9,,nea_v2_api
2016-06-12,Upper Changi Road North,S24B,,27.6,,nea_v2_api
2016-06-12,Upper Changi Road North,S24,,27.6,,nea_v2_api
2016-06-12,East Coast Parkway,S107,,28.6,,nea_v2_api
2016-06-12,Old Choa Chu Kang Road,S121,,27.8,,nea_v2_api
2016-06-12,Scotts Road,S111,,27.7,,nea_v2_api
2016-06-12,Marina Gardens Drive,S108,,28.6,,nea_v2_api
2016-06-13,Sentosa,S60,,28.9,,nea_v2_api
2016-06-13,Banyan Road,S117,,29.0,,nea_v2_api
2016-06-13,Kim Chuan Road,S43,,29.5,,nea_v2_api
2016-06-13,Nanyang Avenue,S44,,27.7,,nea_v2_api
2016-06-13,Clementi Road,S50,,28.4,,nea_v2_api
2016-06-13,West Coast Highway,S116,,29.7,,nea_v2_api
2016-06-13,Tanah Merah Coast Road,S96,,29.8,,nea_v2_api
2016-06-13,Woodlands Avenue 9,S104,,27.8,,nea_v2_api
2016-06-13,Woodlands Road,S100,,27.9,,nea_v2_api
2016-06-13,Semakau Landfill,S102,,29.5,,nea_v2_api
2016-06-13,Sembawang Road,S122,,26.6,,nea_v2_api
2016-06-13,Ang Mo Kio Avenue 5,S109,,28.1,,nea_v2_api
2016-06-13,Upper Changi Road North,S24B,,28.6,,nea_v2_api
2016-06-13,Upper Changi Road North,S24,,28.5,,nea_v2_api
2016-06-13,East Coast Parkway,S107,,29.5,,nea_v2_api
2016-06-13,Old Choa Chu Kang Road,S121,,27.4,,nea_v2_api
2016-06-13,Scotts Road,S111,,28.4,,nea_v2_api
2016-06-13,Marina Gardens Drive,S108,,28.9,,nea_v2_api
2016-06-14,Sentosa,S60,,28.7,,nea_v2_api
2016-06-14,Banyan Road,S117,,28.6,,nea_v2_api
2016-06-14,Kim Chuan Road,S43,,28.8,,nea_v2_api
2016-06-14,Nanyang Avenue,S44,,26.8,,nea_v2_api
2016-06-14,Clementi Road,S50,,27.6,,nea_v2_api
2016-06-14,West Coast Highway,S116,,28.8,,nea_v2_api
2016-06-14,Pulau Ubin,S106,,25.9,,nea_v2_api
2016-06-14,Tanah Merah Coast Road,S96,,27.9,,nea_v2_api
2016-06-14,Woodlands Avenue 9,S104,,27.4,,nea_v2_api
2016-06-14,Woodlands Road,S100,,27.5,,nea_v2_api
2016-06-14,Semakau Landfill,S102,,29.5,,nea_v2_api
2016-06-14,Sembawang Road,S122,,26.1,,nea_v2_api
2016-06-14,Ang Mo Kio Avenue 5,S109,,27.9,,nea_v2_api
2016-06-14,Upper Changi Road North,S24B,,26.9,,nea_v2_api
2016-06-14,Upper Changi Road North,S24,,26.7,,nea_v2_api
2016-06-14,East Coast Parkway,S107,,28.3,,nea_v2_api
2016-06-14,Old Choa Chu Kang Road,S121,,26.9,,nea_v2_api
2016-06-14,Scotts Road,S111,,27.5,,nea_v2_api
2016-06-14,Marina Gardens Drive,S108,,28.8,,nea_v2_api
2016-06-15,Sentosa,S60,,28.3,,nea_v2_api
2016-06-15,Banyan Road,S117,,28.8,,nea_v2_api
2016-06-15,Kim Chuan Road,S43,,29.4,,nea_v2_api
2016-06-15,Nanyang Avenue,S44,,28.0,,nea_v2_api
2016-06-15,Clementi Road,S50,,27.9,,nea_v2_api
2016-06-15,West Coast Highway,S116,,29.4,,nea_v2_api
2016-06-15,Pulau Ubin,S106,,26.4,,nea_v2_api
2016-06-15,Tanah Merah Coast Road,S96,,29.4,,nea_v2_api
2016-06-15,Woodlands Avenue 9,S104,,28.1,,nea_v2_api
2016-06-15,Woodlands Road,S100,,27.0,,nea_v2_api
2016-06-15,Semakau Landfill,S102,,29.0,,nea_v2_api
2016-06-15,Sembawang Road,S122,,26.2,,nea_v2_api
2016-06-15,Ang Mo Kio Avenue 5,S109,,28.7,,nea_v2_api
2016-06-15,Upper Changi Road North,S24B,,28.8,,nea_v2_api
2016-06-15,Upper Changi Road North,S24,,28.8,,nea_v2_api
2016-06-15,East Coast Parkway,S107,,29.5,,nea_v2_api
2016-06-15,Old Choa Chu Kang Road,S121,,27.3,,nea_v2_api
2016-06-15,Scotts Road,S111,,28.3,,nea_v2_api
2016-06-15,Marina Gardens Drive,S108,,29.1,,nea_v2_api
2016-06-16,Sentosa,S60,,28.3,,nea_v2_api
2016-06-16,Banyan Road,S117,,29.0,,nea_v2_api
2016-06-16,Kim Chuan Road,S43,,29.2,,nea_v2_api
2016-06-16,Nanyang Avenue,S44,,26.7,,nea_v2_api
2016-06-16,Clementi Road,S50,,27.7,,nea_v2_api
2016-06-16,West Coast Highway,S116,,29.4,,nea_v2_api
2016-06-16,Tanah Merah Coast Road,S96,,29.7,,nea_v2_api
2016-06-16,Woodlands Avenue 9,S104,,27.7,,nea_v2_api
2016-06-16,Woodlands Road,S100,,27.4,,nea_v2_api
2016-06-16,Semakau Landfill,S102,,29.3,,nea_v2_api
2016-06-16,Sembawang Road,S122,,26.2,,nea_v2_api
2016-06-16,Ang Mo Kio Avenue 5,S109,,27.7,,nea_v2_api
2016-06-16,Upper Changi Road North,S24B,,28.4,,nea_v2_api
2016-06-16,Upper Changi Road North,S24,,28.4,,nea_v2_api
2016-06-16,East Coast Parkway,S107,,29.6,,nea_v2_api
2016-06-16,Old Choa Chu Kang Road,S121,,26.4,,nea_v2_api
2016-06-16,Scotts Road,S111,,28.1,,nea_v2_api
2016-06-16,Marina Gardens Drive,S108,,28.7,,nea_v2_api
2016-06-17,Sentosa,S60,,27.2,,nea_v2_api
2016-06-17,Banyan Road,S117,,28.4,,nea_v2_api
2016-06-17,Kim Chuan Road,S43,,27.9,,nea_v2_api
2016-06-17,Nanyang Avenue,S44,,27.2,,nea_v2_api
2016-06-17,Clementi Road,S50,,26.5,,nea_v2_api
2016-06-17,West Coast Highway,S116,,28.6,,nea_v2_api
2016-06-17,Pulau Ubin,S106,,26.8,,nea_v2_api
2016-06-17,Tuas South Avenue 3,S115,,28.5,,nea_v2_api
2016-06-17,Tanah Merah Coast Road,S96,,28.9,,nea_v2_api
2016-06-17,Woodlands Avenue 9,S104,,27.6,,nea_v2_api
2016-06-17,Woodlands Road,S100,,26.0,,nea_v2_api
2016-06-17,Semakau Landfill,S102,,28.5,,nea_v2_api
2016-06-17,Sembawang Road,S122,,25.4,,nea_v2_api
2016-06-17,Ang Mo Kio Avenue 5,S109,,27.6,,nea_v2_api
2016-06-17,Upper Changi Road North,S24B,,27.8,,nea_v2_api
2016-06-17,Upper Changi Road North,S24,,28.0,,nea_v2_api
2016-06-17,East Coast Parkway,S107,,29.1,,nea_v2_api
2016-06-17,Old Choa Chu Kang Road,S121,,26.3,,nea_v2_api
2016-06-17,Scotts Road,S111,,27.6,,nea_v2_api
2016-06-17,Marina Gardens Drive,S108,,28.6,,nea_v2_api
2016-06-18,Sentosa,S60,,25.5,,nea_v2_api
2016-06-18,Banyan Road,S117,,26.7,,nea_v2_api
2016-06-18,Kim Chuan Road,S43,,25.9,,nea_v2_api
2016-06-18,Nanyang Avenue,S44,,25.8,,nea_v2_api
2016-06-18,Clementi Road,S50,,24.5,,nea_v2_api
2016-06-18,West Coast Highway,S116,,26.9,,nea_v2_api
2016-06-18,Pulau Ubin,S106,,24.1,,nea_v2_api
2016-06-18,Tanah Merah Coast Road,S96,,26.8,,nea_v2_api
2016-06-18,Woodlands Avenue 9,S104,,25.1,,nea_v2_api
2016-06-18,Woodlands Road,S100,,24.6,,nea_v2_api
2016-06-18,Semakau Landfill,S102,,28.2,,nea_v2_api
2016-06-18,Sembawang Road,S122,,24.2,,nea_v2_api
2016-06-18,Ang Mo Kio Avenue 5,S109,,24.7,,nea_v2_api
2016-06-18,Upper Changi Road North,S24B,,24.9,,nea_v2_api
2016-06-18,Upper Changi Road North,S24,,25.0,,nea_v2_api
2016-06-18,East Coast Parkway,S107,,25.6,,nea_v2_api
2016-06-18,Old Choa Chu Kang Road,S121,,24.5,,nea_v2_api
2016-06-18,Scotts Road,S111,,26.1,,nea_v2_api
2016-06-18,Marina Gardens Drive,S108,,26.3,,nea_v2_api
2016-06-19,Sentosa,S60,,27.2,,nea_v2_api
2016-06-19,Banyan Road,S117,,27.3,,nea_v2_api
2016-06-19,Kim Chuan Road,S43,,27.6,,nea_v2_api
2016-06-19,Nanyang Avenue,S44,,26.1,,nea_v2_api
2016-06-19,Clementi Road,S50,,26.4,,nea_v2_api
2016-06-19,West Coast Highway,S116,,27.6,,nea_v2_api
2016-06-19,Pulau Ubin,S106,,26.2,,nea_v2_api
2016-06-19,Tanah Merah Coast Road,S96,,27.5,,nea_v2_api
2016-06-19,Woodlands Avenue 9,S104,,26.9,,nea_v2_api
2016-06-19,Woodlands Road,S100,,26.9,,nea_v2_api
2016-06-19,Semakau Landfill,S102,,28.3,,nea_v2_api
2016-06-19,Sembawang Road,S122,,26.0,,nea_v2_api
2016-06-19,Ang Mo Kio Avenue 5,S109,,26.7,,nea_v2_api
2016-06-19,Upper Changi Road North,S24B,,26.5,,nea_v2_api
2016-06-19,Upper Changi Road North,S24,,26.6,,nea_v2_api
2016-06-19,East Coast Parkway,S107,,27.8,,nea_v2_api
2016-06-19,Old Choa Chu Kang Road,S121,,26.3,,nea_v2_api
2016-06-19,Scotts Road,S111,,26.4,,nea_v2_api
2016-06-19,Marina Gardens Drive,S108,,27.6,,nea_v2_api
2016-06-20,Sentosa,S60,,25.6,,nea_v2_api
2016-06-20,Banyan Road,S117,,27.0,,nea_v2_api
2016-06-20,Kim Chuan Road,S43,,27.9,,nea_v2_api
2016-06-20,Nanyang Avenue,S44,,26.4,,nea_v2_api
2016-06-20,Clementi Road,S50,,26.6,,nea_v2_api
2016-06-20,West Coast Highway,S116,,26.8,,nea_v2_api
2016-06-20,Pulau Ubin,S106,,25.4,,nea_v2_api
2016-06-20,Tuas South Avenue 3,S115,,27.8,,nea_v2_api
2016-06-20,Tanah Merah Coast Road,S96,,28.0,,nea_v2_api
2016-06-20,Woodlands Avenue 9,S104,,27.3,,nea_v2_api
2016-06-20,Woodlands Road,S100,,27.3,,nea_v2_api
2016-06-20,Sembawang Road,S122,,26.1,,nea_v2_api
2016-06-20,Ang Mo Kio Avenue 5,S109,,27.0,,nea_v2_api
2016-06-20,Upper Changi Road North,S24B,,26.8,,nea_v2_api
2016-06-20,Upper Changi Road North,S24,,27.1,,nea_v2_api
2016-06-20,East Coast Parkway,S107,,27.6,,nea_v2_api
2016-06-20,Old Choa Chu Kang Road,S121,,26.9,,nea_v2_api
2016-06-20,Scotts Road,S111,,26.4,,nea_v2_api
2016-06-20,Marina Gardens Drive,S108,,26.7,,nea_v2_api
2016-06-21,Sentosa,S60,,28.5,,nea_v2_api
2016-06-21,Banyan Road,S117,,28.8,,nea_v2_api
2016-06-21,Kim Chuan Road,S43,,29.1,,nea_v2_api
2016-06-21,Nanyang Avenue,S44,,27.5,,nea_v2_api
2016-06-21,Clementi Road,S50,,28.0,,nea_v2_api
2016-06-21,West Coast Highway,S116,,29.0,,nea_v2_api
2016-06-21,Tuas South Avenue 3,S115,,28.9,,nea_v2_api
2016-06-21,Tanah Merah Coast Road,S96,,29.2,,nea_v2_api
2016-06-21,Woodlands Avenue 9,S104,,28.2,,nea_v2_api
2016-06-21,Woodlands Road,S100,,28.1,,nea_v2_api
2016-06-21,Semakau Landfill,S102,,29.2,,nea_v2_api
2016-06-21,Sembawang Road,S122,,26.9,,nea_v2_api
2016-06-21,Ang Mo Kio Avenue 5,S109,,28.5,,nea_v2_api
2016-06-21,Upper Changi Road North,S24B,,28.2,,nea_v2_api
2016-06-21,Upper Changi Road North,S24,,28.7,,nea_v2_api
2016-06-21,East Coast Parkway,S107,,29.0,,nea_v2_api
2016-06-21,Old Choa Chu Kang Road,S121,,27.1,,nea_v2_api
2016-06-21,Scotts Road,S111,,27.7,,nea_v2_api
2016-06-21,Marina Gardens Drive,S108,,28.8,,nea_v2_api
2016-06-22,Sentosa,S60,,28.6,,nea_v2_api
2016-06-22,Banyan Road,S117,,29.1,,nea_v2_api
2016-06-22,Kim Chuan Road,S43,,29.7,,nea_v2_api
2016-06-22,Nanyang Avenue,S44,,28.5,,nea_v2_api
2016-06-22,Clementi Road,S50,,28.3,,nea_v2_api
2016-06-22,West Coast Highway,S116,,30.0,,nea_v2_api
2016-06-22,Pulau Ubin,S106,,26.5,,nea_v2_api
2016-06-22,Tuas South Avenue 3,S115,,29.0,,nea_v2_api
2016-06-22,Tanah Merah Coast Road,S96,,29.6,,nea_v2_api
2016-06-22,Woodlands Avenue 9,S104,,28.3,,nea_v2_api
2016-06-22,Woodlands Road,S100,,27.4,,nea_v2_api
2016-06-22,Semakau Landfill,S102,,29.5,,nea_v2_api
2016-06-22,Sembawang Road,S122,,26.2,,nea_v2_api
2016-06-22,Ang Mo Kio Avenue 5,S109,,29.0,,nea_v2_api
2016-06-22,Upper Changi Road North,S24B,,28.9,,nea_v2_api
2016-06-22,Upper Changi Road North,S24,,29.2,,nea_v2_api
2016-06-22,East Coast Parkway,S107,,29.8,,nea_v2_api
2016-06-22,Old Choa Chu Kang Road,S121,,27.5,,nea_v2_api
2016-06-22,Scotts Road,S111,,28.8,,nea_v2_api
2016-06-22,Marina Gardens Drive,S108,,29.4,,nea_v2_api
2016-06-23,Sentosa,S60,,26.8,,nea_v2_api
2016-06-23,Banyan Road,S117,,27.4,,nea_v2_api
2016-06-23,Kim Chuan Road,S43,,27.8,,nea_v2_api
2016-06-23,Nanyang Avenue,S44,,26.0,,nea_v2_api
2016-06-23,Clementi Road,S50,,26.8,,nea_v2_api
2016-06-23,West Coast Highway,S116,,28.1,,nea_v2_api
2016-06-23,Pulau Ubin,S106,,25.4,,nea_v2_api
2016-06-23,Tuas South Avenue 3,S115,,27.7,,nea_v2_api
2016-06-23,Tanah Merah Coast Road,S96,,28.1,,nea_v2_api
2016-06-23,Woodlands Avenue 9,S104,,26.3,,nea_v2_api
2016-06-23,Woodlands Road,S100,,26.2,,nea_v2_api
2016-06-23,Semakau Landfill,S102,,28.2,,nea_v2_api
2016-06-23,Sembawang Road,S122,,25.5,,nea_v2_api
2016-06-23,Ang Mo Kio Avenue 5,S109,,26.7,,nea_v2_api
2016-06-23,Upper Changi Road North,S24B,,26.8,,nea_v2_api
2016-06-23,Upper Changi Road North,S24,,27.1,,nea_v2_api
2016-06-23,East Coast Parkway,S107,,28.0,,nea_v2_api
2016-06-23,Old Choa Chu Kang Road,S121,,25.8,,nea_v2_api
2016-06-23,Scotts Road,S111,,26.9,,nea_v2_api
2016-06-23,Marina Gardens Drive,S108,,27.4,,nea_v2_api
2016-06-24,Sentosa,S60,,28.9,,nea_v2_api
2016-06-24,Banyan Road,S117,,29.4,,nea_v2_api
2016-06-24,Kim Chuan Road,S43,,29.7,,nea_v2_api
2016-06-24,Nanyang Avenue,S44,,28.7,,nea_v2_api
2016-06-24,Clementi Road,S50,,28.2,,nea_v2_api
2016-06-24,West Coast Highway,S116,,29.9,,nea_v2_api
2016-06-24,Pulau Ubin,S106,,27.6,,nea_v2_api
2016-06-24,Tanah Merah Coast Road,S96,,29.8,,nea_v2_api
2016-06-24,Woodlands Avenue 9,S104,,29.1,,nea_v2_api
2016-06-24,Woodlands Road,S100,,28.2,,nea_v2_api
2016-06-24,Semakau Landfill,S102,,29.4,,nea_v2_api
2016-06-24,Sembawang Road,S122,,27.1,,nea_v2_api
2016-06-24,Ang Mo Kio Avenue 5,S109,,29.0,,nea_v2_api
2016-06-24,Upper Changi Road North,S24B,,29.0,,nea_v2_api
2016-06-24,Upper Changi Road North,S24,,29.2,,nea_v2_api
2016-06-24,East Coast Parkway,S107,,29.8,,nea_v2_api
2016-06-24,Old Choa Chu Kang Road,S121,,28.1,,nea_v2_api
2016-06-24,Scotts Road,S111,,28.6,,nea_v2_api
2016-06-24,Marina Gardens Drive,S108,,29.4,,nea_v2_api
2016-06-25,Sentosa,S60,,27.1,,nea_v2_api
2016-06-25,Banyan Road,S117,,27.9,,nea_v2_api
2016-06-25,Kim Chuan Road,S43,,27.2,,nea_v2_api
2016-06-25,Nanyang Avenue,S44,,27.2,,nea_v2_api
2016-06-25,Clementi Road,S50,,26.3,,nea_v2_api
2016-06-25,West Coast Highway,S116,,28.1,,nea_v2_api
2016-06-25,Pulau Ubin,S106,,25.0,,nea_v2_api
2016-06-25,Tanah Merah Coast Road,S96,,28.7,,nea_v2_api
2016-06-25,Woodlands Avenue 9,S104,,27.0,,nea_v2_api
2016-06-25,Woodlands Road,S100,,26.5,,nea_v2_api
2016-06-25,Semakau Landfill,S102,,28.1,,nea_v2_api
2016-06-25,Sembawang Road,S122,,25.9,,nea_v2_api
2016-06-25,Ang Mo Kio Avenue 5,S109,,26.6,,nea_v2_api
2016-06-25,Upper Changi Road North,S24B,,26.7,,nea_v2_api
2016-06-25,Upper Changi Road North,S24,,26.6,,nea_v2_api
2016-06-25,East Coast Parkway,S107,,28.5,,nea_v2_api
2016-06-25,Old Choa Chu Kang Road,S121,,26.5,,nea_v2_api
2016-06-25,Scotts Road,S111,,27.0,,nea_v2_api
2016-06-25,Marina Gardens Drive,S108,,27.6,,nea_v2_api
2016-06-26,Sentosa,S60,,28.4,,nea_v2_api
2016-06-26,Banyan Road,S117,,28.8,,nea_v2_api
2016-06-26,Kim Chuan Road,S43,,29.1,,nea_v2_api
2016-06-26,Nanyang Avenue,S44,,28.5,,nea_v2_api
2016-06-26,Clementi Road,S50,,28.0,,nea_v2_api
2016-06-26,West Coast Highway,S116,,29.4,,nea_v2_api
2016-06-26,Pulau Ubin,S106,,26.4,,nea_v2_api
2016-06-26,Tanah Merah Coast Road,S96,,29.2,,nea_v2_api
2016-06-26,Woodlands Avenue 9,S104,,28.1,,nea_v2_api
2016-06-26,Woodlands Road,S100,,28.7,,nea_v2_api
2016-06-26,Semakau Landfill,S102,,29.2,,nea_v2_api
2016-06-26,Sembawang Road,S122,,26.9,,nea_v2_api
2016-06-26,Ang Mo Kio Avenue 5,S109,,28.6,,nea_v2_api
2016-06-26,Upper Changi Road North,S24B,,28.6,,nea_v2_api
2016-06-26,Upper Changi Road North,S24,,28.8,,nea_v2_api
2016-06-26,East Coast Parkway,S107,,29.4,,nea_v2_api
2016-06-26,Old Choa Chu Kang Road,S121,,28.4,,nea_v2_api
2016-06-26,Scotts Road,S111,,28.1,,nea_v2_api
2016-06-26,Marina Gardens Drive,S108,,28.8,,nea_v2_api
2016-06-27,Sentosa,S60,,28.6,,nea_v2_api
2016-06-27,Banyan Road,S117,,29.0,,nea_v2_api
2016-06-27,Kim Chuan Road,S43,,29.4,,nea_v2_api
2016-06-27,Nanyang Avenue,S44,,28.7,,nea_v2_api
2016-06-27,Clementi Road,S50,,28.5,,nea_v2_api
2016-06-27,West Coast Highway,S116,,29.5,,nea_v2_api
2016-06-27,Pulau Ubin,S106,,27.2,,nea_v2_api
2016-06-27,Tanah Merah Coast Road,S96,,29.7,,nea_v2_api
2016-06-27,Woodlands Avenue 9,S104,,28.5,,nea_v2_api
2016-06-27,Woodlands Road,S100,,28.4,,nea_v2_api
2016-06-27,Semakau Landfill,S102,,29.2,,nea_v2_api
2016-06-27,Sembawang Road,S122,,27.5,,nea_v2_api
2016-06-27,Ang Mo Kio Avenue 5,S109,,29.0,,nea_v2_api
2016-06-27,Upper Changi Road North,S24B,,28.4,,nea_v2_api
2016-06-27,Upper Changi Road North,S24,,28.7,,nea_v2_api
2016-06-27,East Coast Parkway,S107,,29.5,,nea_v2_api
2016-06-27,Old Choa Chu Kang Road,S121,,28.8,,nea_v2_api
2016-06-27,Scotts Road,S111,,28.4,,nea_v2_api
2016-06-27,Marina Gardens Drive,S108,,28.7,,nea_v2_api
2016-06-28,Sentosa,S60,,28.4,,nea_v2_api
2016-06-28,Banyan Road,S117,,28.9,,nea_v2_api
2016-06-28,Kim Chuan Road,S43,,29.0,,nea_v2_api
2016-06-28,Nanyang Avenue,S44,,28.1,,nea_v2_api
2016-06-28,Clementi Road,S50,,28.0,,nea_v2_api
2016-06-28,West Coast Highway,S116,,29.3,,nea_v2_api
2016-06-28,Pulau Ubin,S106,,26.1,,nea_v2_api
2016-06-28,Tuas South Avenue 3,S115,,29.2,,nea_v2_api
2016-06-28,Tanah Merah Coast Road,S96,,29.0,,nea_v2_api
2016-06-28,Woodlands Avenue 9,S104,,28.0,,nea_v2_api
2016-06-28,Woodlands Road,S100,,28.1,,nea_v2_api
2016-06-28,Semakau Landfill,S102,,29.0,,nea_v2_api
2016-06-28,Sembawang Road,S122,,26.6,,nea_v2_api
2016-06-28,Ang Mo Kio Avenue 5,S109,,28.6,,nea_v2_api
2016-06-28,Upper Changi Road North,S24B,,27.6,,nea_v2_api
2016-06-28,Upper Changi Road North,S24,,27.9,,nea_v2_api
2016-06-28,East Coast Parkway,S107,,29.1,,nea_v2_api
2016-06-28,Old Choa Chu Kang Road,S121,,28.1,,nea_v2_api
2016-06-28,Scotts Road,S111,,28.0,,nea_v2_api
2016-06-28,Marina Gardens Drive,S108,,28.7,,nea_v2_api
2016-06-29,Sentosa,S60,,28.8,,nea_v2_api
2016-06-29,Banyan Road,S117,,29.4,,nea_v2_api
2016-06-29,Kim Chuan Road,S43,,29.7,,nea_v2_api
2016-06-29,Nanyang Avenue,S44,,29.2,,nea_v2_api
2016-06-29,Clementi Road,S50,,28.9,,nea_v2_api
2016-06-29,West Coast Highway,S116,,29.9,,nea_v2_api
2016-06-29,Pulau Ubin,S106,,27.0,,nea_v2_api
2016-06-29,Tuas South Avenue 3,S115,,29.6,,nea_v2_api
2016-06-29,Tanah Merah Coast Road,S96,,29.7,,nea_v2_api
2016-06-29,Woodlands Avenue 9,S104,,29.5,,nea_v2_api
2016-06-29,Woodlands Road,S100,,29.0,,nea_v2_api
2016-06-29,Semakau Landfill,S102,,29.4,,nea_v2_api
2016-06-29,Sembawang Road,S122,,27.4,,nea_v2_api
2016-06-29,Ang Mo Kio Avenue 5,S109,,29.3,,nea_v2_api
2016-06-29,Upper Changi Road North,S24B,,28.8,,nea_v2_api
2016-06-29,Upper Changi Road North,S24,,29.0,,nea_v2_api
2016-06-29,East Coast Parkway,S107,,29.7,,nea_v2_api
2016-06-29,Old Choa Chu Kang Road,S121,,28.9,,nea_v2_api
2016-06-29,Scotts Road,S111,,28.8,,nea_v2_api
2016-06-29,Marina Gardens Drive,S108,,29.4,,nea_v2_api
2016-06-30,Sentosa,S60,,29.0,,nea_v2_api
2016-06-30,Banyan Road,S117,,29.7,,nea_v2_api
2016-06-30,Kim Chuan Road,S43,,30.0,,nea_v2_api
2016-06-30,Nanyang Avenue,S44,,29.8,,nea_v2_api
2016-06-30,Clementi Road,S50,,29.1,,nea_v2_api
2016-06-30,West Coast Highway,S116,,30.3,,nea_v2_api
2016-06-30,Pulau Ubin,S106,,27.9,,nea_v2_api
2016-06-30,Tanah Merah Coast Road,S96,,29.8,,nea_v2_api
2016-06-30,Woodlands Avenue 9,S104,,29.6,,nea_v2_api
2016-06-30,Woodlands Road,S100,,29.5,,nea_v2_api
2016-06-30,Semakau Landfill,S102,,29.6,,nea_v2_api
2016-06-30,Sembawang Road,S122,,27.5,,nea_v2_api
2016-06-30,Ang Mo Kio Avenue 5,S109,,29.7,,nea_v2_api
2016-06-30,Upper Changi Road North,S24B,,29.1,,nea_v2_api
2016-06-30,Upper Changi Road North,S24,,29.3,,nea_v2_api
2016-06-30,East Coast Parkway,S107,,29.8,,nea_v2_api
2016-06-30,Old Choa Chu Kang Road,S121,,29.6,,nea_v2_api
2016-06-30,Scotts Road,S111,,28.9,,nea_v2_api
2016-06-30,Marina Gardens Drive,S108,,29.7,,nea_v2_api
2016-07-01,Sentosa,S60,,29.0,,nea_v2_api
2016-07-01,Banyan Road,S117,,29.3,,nea_v2_api
2016-07-01,Kim Chuan Road,S43,,30.2,,nea_v2_api
2016-07-01,Nanyang Avenue,S44,,28.7,,nea_v2_api
2016-07-01,Clementi Road,S50,,29.0,,nea_v2_api
2016-07-01,West Coast Highway,S116,,30.0,,nea_v2_api
2016-07-01,Pulau Ubin,S106,,27.9,,nea_v2_api
2016-07-01,Tanah Merah Coast Road,S96,,29.8,,nea_v2_api
2016-07-01,Woodlands Avenue 9,S104,,29.1,,nea_v2_api
2016-07-01,Woodlands Road,S100,,29.0,,nea_v2_api
2016-07-01,Semakau Landfill,S102,,29.6,,nea_v2_api
2016-07-01,Sembawang Road,S122,,29.1,,nea_v2_api
2016-07-01,Ang Mo Kio Avenue 5,S109,,29.2,,nea_v2_api
2016-07-01,Upper Changi Road North,S24B,,29.1,,nea_v2_api
2016-07-01,Upper Changi Road North,S24,,29.2,,nea_v2_api
2016-07-01,East Coast Parkway,S107,,29.9,,nea_v2_api
2016-07-01,Old Choa Chu Kang Road,S121,,29.3,,nea_v2_api
2016-07-01,Scotts Road,S111,,28.9,,nea_v2_api
2016-07-01,Marina Gardens Drive,S108,,29.6,,nea_v2_api
2016-07-02,Banyan Road,S117,,29.3,,nea_v2_api
2016-07-02,Kim Chuan Road,S43,,29.8,,nea_v2_api
2016-07-02,Nanyang Avenue,S44,,29.0,,nea_v2_api
2016-07-02,Clementi Road,S50,,28.7,,nea_v2_api
2016-07-02,West Coast Highway,S116,,29.9,,nea_v2_api
2016-07-02,Pulau Ubin,S106,,28.4,,nea_v2_api
2016-07-02,Tanah Merah Coast Road,S96,,29.7,,nea_v2_api
2016-07-02,Woodlands Avenue 9,S104,,29.1,,nea_v2_api
2016-07-02,Woodlands Road,S100,,29.0,,nea_v2_api
2016-07-02,Semakau Landfill,S102,,29.5,,nea_v2_api
2016-07-02,Sembawang Road,S122,,28.9,,nea_v2_api
2016-07-02,Ang Mo Kio Avenue 5,S109,,29.0,,nea_v2_api
2016-07-02,Upper Changi Road North,S24B,,29.0,,nea_v2_api
2016-07-02,Upper Changi Road North,S24,,29.2,,nea_v2_api
2016-07-02,East Coast Parkway,S107,,30.0,,nea_v2_api
2016-07-02,Old Choa Chu Kang Road,S121,,28.7,,nea_v2_api
2016-07-02,Scotts Road,S111,,28.6,,nea_v2_api
2016-07-02,Marina Gardens Drive,S108,,29.4,,nea_v2_api
2016-07-03,Sentosa,S60,,29.1,,nea_v2_api
2016-07-03,Banyan Road,S117,,29.5,,nea_v2_api
2016-07-03,Kim Chuan Road,S43,,29.8,,nea_v2_api
2016-07-03,Nanyang Avenue,S44,,29.1,,nea_v2_api
2016-07-03,Clementi Road,S50,,28.9,,nea_v2_api
2016-07-03,West Coast Highway,S116,,29.8,,nea_v2_api
2016-07-03,Pulau Ubin,S106,,28.2,,nea_v2_api
2016-07-03,Tanah Merah Coast Road,S96,,29.9,,nea_v2_api
2016-07-03,Woodlands Avenue 9,S104,,29.3,,nea_v2_api
2016-07-03,Woodlands Road,S100,,29.3,,nea_v2_api
2016-07-03,Sembawang Road,S122,,29.1,,nea_v2_api
2016-07-03,Ang Mo Kio Avenue 5,S109,,29.2,,nea_v2_api
2016-07-03,Upper Changi Road North,S24B,,29.1,,nea_v2_api
2016-07-03,Upper Changi Road North,S24,,29.4,,nea_v2_api
2016-07-03,East Coast Parkway,S107,,30.0,,nea_v2_api
2016-07-03,Old Choa Chu Kang Road,S121,,29.1,,nea_v2_api
2016-07-03,Scotts Road,S111,,28.8,,nea_v2_api
2016-07-03,Marina Gardens Drive,S108,,29.7,,nea_v2_api
2016-07-04,Sentosa,S60,,29.0,,nea_v2_api
2016-07-04,Banyan Road,S117,,29.5,,nea_v2_api
2016-07-04,Kim Chuan Road,S43,,29.9,,nea_v2_api
2016-07-04,Nanyang Avenue,S44,,29.2,,nea_v2_api
2016-07-04,Clementi Road,S50,,29.0,,nea_v2_api
2016-07-04,West Coast Highway,S116,,29.9,,nea_v2_api
2016-07-04,Pulau Ubin,S106,,28.3,,nea_v2_api
2016-07-04,Tanah Merah Coast Road,S96,,29.8,,nea_v2_api
2016-07-04,Woodlands Avenue 9,S104,,29.4,,nea_v2_api
2016-07-04,Woodlands Road,S100,,29.6,,nea_v2_api
2016-07-04,Semakau Landfill,S102,,29.8,,nea_v2_api
2016-07-04,Sembawang Road,S122,,29.1,,nea_v2_api
2016-07-04,Ang Mo Kio Avenue 5,S109,,29.3,,nea_v2_api
2016-07-04,Upper Changi Road North,S24B,,29.1,,nea_v2_api
2016-07-04,Upper Changi Road North,S24,,29.3,,nea_v2_api
2016-07-04,East Coast Parkway,S107,,30.1,,nea_v2_api
2016-07-04,Old Choa Chu Kang Road,S121,,29.1,,nea_v2_api
2016-07-04,Scotts Road,S111,,28.9,,nea_v2_api
2016-07-04,Marina Gardens Drive,S108,,29.7,,nea_v2_api
2016-07-05,Sentosa,S60,,28.7,,nea_v2_api
2016-07-05,Banyan Road,S117,,29.2,,nea_v2_api
2016-07-05,Nanyang Avenue,S44,,28.8,,nea_v2_api
2016-07-05,Upper Changi Road North,S24,,29.0,,nea_v2_api
2016-07-05,Tanah Merah Coast Road,S96,,29.5,,nea_v2_api
2016-07-05,Woodlands Road,S100,,28.9,,nea_v2_api
2016-07-05,Sembawang Road,S122,,28.7,,nea_v2_api
2016-07-05,Ang Mo Kio Avenue 5,S109,,29.0,,nea_v2_api
2016-07-06,Banyan Road,S117,,29.6,,nea_v2_api
2016-07-06,Kim Chuan Road,S43,,30.0,,nea_v2_api
2016-07-06,Nanyang Avenue,S44,,29.2,,nea_v2_api
2016-07-06,Clementi Road,S50,,28.9,,nea_v2_api
2016-07-06,West Coast Highway,S116,,30.1,,nea_v2_api
2016-07-06,Pulau Ubin,S106,,28.6,,nea_v2_api
2016-07-06,Tanah Merah Coast Road,S96,,29.6,,nea_v2_api
2016-07-06,Woodlands Avenue 9,S104,,29.4,,nea_v2_api
2016-07-06,Woodlands Road,S100,,29.4,,nea_v2_api
2016-07-06,Semakau Landfill,S102,,29.7,,nea_v2_api
2016-07-06,Sembawang Road,S122,,29.2,,nea_v2_api
2016-07-06,Ang Mo Kio Avenue 5,S109,,29.4,,nea_v2_api
2016-07-06,Upper Changi Road North,S24B,,29.1,,nea_v2_api
2016-07-06,Upper Changi Road North,S24,,29.4,,nea_v2_api
2016-07-06,East Coast Parkway,S107,,30.1,,nea_v2_api
2016-07-06,Old Choa Chu Kang Road,S121,,29.2,,nea_v2_api
2016-07-06,Scotts Road,S111,,28.9,,nea_v2_api
2016-07-06,Marina Gardens Drive,S108,,29.8,,nea_v2_api
2016-07-07,Sentosa,S60,,28.0,,nea_v2_api
2016-07-07,Banyan Road,S117,,29.0,,nea_v2_api
2016-07-07,Kim Chuan Road,S43,,29.4,,nea_v2_api
2016-07-07,Nanyang Avenue,S44,,27.2,,nea_v2_api
2016-07-07,Clementi Road,S50,,27.1,,nea_v2_api
2016-07-07,West Coast Highway,S116,,29.4,,nea_v2_api
2016-07-07,Pulau Ubin,S106,,26.8,,nea_v2_api
2016-07-07,Tanah Merah Coast Road,S96,,29.4,,nea_v2_api
2016-07-07,Woodlands Avenue 9,S104,,28.6,,nea_v2_api
2016-07-07,Woodlands Road,S100,,27.7,,nea_v2_api
2016-07-07,Semakau Landfill,S102,,29.3,,nea_v2_api
2016-07-07,Sembawang Road,S122,,27.0,,nea_v2_api
2016-07-07,Ang Mo Kio Avenue 5,S109,,28.5,,nea_v2_api
2016-07-07,Upper Changi Road North,S24B,,28.3,,nea_v2_api
2016-07-07,Upper Changi Road North,S24,,28.5,,nea_v2_api
2016-07-07,East Coast Parkway,S107,,29.4,,nea_v2_api
2016-07-07,Old Choa Chu Kang Road,S121,,26.9,,nea_v2_api
2016-07-07,Scotts Road,S111,,28.4,,nea_v2_api
2016-07-07,Marina Gardens Drive,S108,,28.9,,nea_v2_api
2016-07-08,Sentosa,S60,,28.1,,nea_v2_api
2016-07-08,Banyan Road,S117,,28.8,,nea_v2_api
2016-07-08,Kim Chuan Road,S43,,29.1,,nea_v2_api
2016-07-08,Nanyang Avenue,S44,,28.4,,nea_v2_api
2016-07-08,Clementi Road,S50,,27.8,,nea_v2_api
2016-07-08,West Coast Highway,S116,,29.5,,nea_v2_api
2016-07-08,Pulau Ubin,S106,,26.5,,nea_v2_api
2016-07-08,Tuas South Avenue 3,S115,,29.4,,nea_v2_api
2016-07-08,Tanah Merah Coast Road,S96,,29.3,,nea_v2_api
2016-07-08,Woodlands Avenue 9,S104,,28.3,,nea_v2_api
2016-07-08,Woodlands Road,S100,,27.7,,nea_v2_api
2016-07-08,Semakau Landfill,S102,,29.5,,nea_v2_api
2016-07-08,Sembawang Road,S122,,26.1,,nea_v2_api
2016-07-08,Ang Mo Kio Avenue 5,S109,,28.7,,nea_v2_api
2016-07-08,Upper Changi Road North,S24B,,28.2,,nea_v2_api
2016-07-08,Upper Changi Road North,S24,,28.4,,nea_v2_api
2016-07-08,East Coast Parkway,S107,,29.5,,nea_v2_api
2016-07-08,Old Choa Chu Kang Road,S121,,27.6,,nea_v2_api
2016-07-08,Scotts Road,S111,,28.1,,nea_v2_api
2016-07-08,Marina Gardens Drive,S108,,28.9,,nea_v2_api
2016-07-09,Sentosa,S60,,28.6,,nea_v2_api
2016-07-09,Banyan Road,S117,,29.1,,nea_v2_api
2016-07-09,Kim Chuan Road,S43,,29.4,,nea_v2_api
2016-07-09,Nanyang Avenue,S44,,28.3,,nea_v2_api
2016-07-09,Clementi Road,S50,,27.4,,nea_v2_api
2016-07-09,West Coast Highway,S116,,29.4,,nea_v2_api
2016-07-09,Tanah Merah Coast Road,S96,,29.9,,nea_v2_api
2016-07-09,Woodlands Avenue 9,S104,,27.8,,nea_v2_api
2016-07-09,Woodlands Road,S100,,26.9,,nea_v2_api
2016-07-09,Sembawang Road,S122,,25.7,,nea_v2_api
2016-07-09,Ang Mo Kio Avenue 5,S109,,28.7,,nea_v2_api
2016-07-09,Upper Changi Road North,S24B,,28.7,,nea_v2_api
2016-07-09,Upper Changi Road North,S24,,29.0,,nea_v2_api
2016-07-09,East Coast Parkway,S107,,29.8,,nea_v2_api
2016-07-09,Old Choa Chu Kang Road,S121,,26.9,,nea_v2_api
2016-07-09,Scotts Road,S111,,28.5,,nea_v2_api
2016-07-09,Marina Gardens Drive,S108,,29.2,,nea_v2_api
2016-07-10,Sentosa,S60,,28.7,,nea_v2_api
2016-07-10,Banyan Road,S117,,29.2,,nea_v2_api
2016-07-10,Kim Chuan Road,S43,,29.8,,nea_v2_api
2016-07-10,Nanyang Avenue,S44,,28.8,,nea_v2_api
2016-07-10,Clementi Road,S50,,28.5,,nea_v2_api
2016-07-10,West Coast Highway,S116,,29.8,,nea_v2_api
2016-07-10,Pulau Ubin,S106,,27.5,,nea_v2_api
2016-07-10,Tanah Merah Coast Road,S96,,29.7,,nea_v2_api
2016-07-10,Woodlands Avenue 9,S104,,29.1,,nea_v2_api
2016-07-10,Woodlands Road,S100,,28.2,,nea_v2_api
2016-07-10,Semakau Landfill,S102,,29.3,,nea_v2_api
2016-07-10,Sembawang Road,S122,,28.8,,nea_v2_api
2016-07-10,Ang Mo Kio Avenue 5,S109,,29.2,,nea_v2_api
2016-07-10,Upper Changi Road North,S24B,,28.9,,nea_v2_api
2016-07-10,Upper Changi Road North,S24,,29.3,,nea_v2_api
2016-07-10,East Coast Parkway,S107,,29.7,,nea_v2_api
2016-07-10,Old Choa Chu Kang Road,S121,,28.5,,nea_v2_api
2016-07-10,Scotts Road,S111,,28.7,,nea_v2_api
2016-07-10,Marina Gardens Drive,S108,,29.4,,nea_v2_api
2016-07-11,Sentosa,S60,,28.9,,nea_v2_api
2016-07-11,Banyan Road,S117,,29.6,,nea_v2_api
2016-07-11,Kim Chuan Road,S43,,30.0,,nea_v2_api
2016-07-11,Nanyang Avenue,S44,,28.2,,nea_v2_api
2016-07-11,Clementi Road,S50,,28.5,,nea_v2_api
2016-07-11,West Coast Highway,S116,,30.0,,nea_v2_api
2016-07-11,Pulau Ubin,S106,,26.0,,nea_v2_api
2016-07-11,Tanah Merah Coast Road,S96,,29.4,,nea_v2_api
2016-07-11,Woodlands Avenue 9,S104,,27.1,,nea_v2_api
2016-07-11,Woodlands Road,S100,,28.1,,nea_v2_api
2016-07-11,Semakau Landfill,S102,,29.9,,nea_v2_api
2016-07-11,Sembawang Road,S122,,26.9,,nea_v2_api
2016-07-11,Ang Mo Kio Avenue 5,S109,,29.2,,nea_v2_api
2016-07-11,Upper Changi Road North,S24B,,27.9,,nea_v2_api
2016-07-11,Upper Changi Road North,S24,,28.2,,nea_v2_api
2016-07-11,East Coast Parkway,S107,,29.8,,nea_v2_api
2016-07-11,Old Choa Chu Kang Road,S121,,28.1,,nea_v2_api
2016-07-11,Scotts Road,S111,,29.0,,nea_v2_api
2016-07-11,Marina Gardens Drive,S108,,29.7,,nea_v2_api
2016-07-12,Sentosa,S60,,27.9,,nea_v2_api
2016-07-12,Banyan Road,S117,,28.4,,nea_v2_api
2016-07-12,Kim Chuan Road,S43,,28.8,,nea_v2_api
2016-07-12,Nanyang Avenue,S44,,28.1,,nea_v2_api
2016-07-12,Clementi Road,S50,,27.6,,nea_v2_api
2016-07-12,West Coast Highway,S116,,29.1,,nea_v2_api
2016-07-12,Pulau Ubin,S106,,25.7,,nea_v2_api
2016-07-12,Tanah Merah Coast Road,S96,,29.0,,nea_v2_api
2016-07-12,Woodlands Avenue 9,S104,,28.3,,nea_v2_api
2016-07-12,Woodlands Road,S100,,27.3,,nea_v2_api
2016-07-12,Semakau Landfill,S102,,29.0,,nea_v2_api
2016-07-12,Sembawang Road,S122,,26.2,,nea_v2_api
2016-07-12,Ang Mo Kio Avenue 5,S109,,28.4,,nea_v2_api
2016-07-12,Upper Changi Road North,S24B,,27.8,,nea_v2_api
2016-07-12,Upper Changi Road North,S24,,28.1,,nea_v2_api
2016-07-12,East Coast Parkway,S107,,29.2,,nea_v2_api
2016-07-12,Old Choa Chu Kang Road,S121,,27.0,,nea_v2_api
2016-07-12,Scotts Road,S111,,27.9,,nea_v2_api
2016-07-12,Marina Gardens Drive,S108,,28.4,,nea_v2_api
2016-07-13,Sentosa,S60,,28.9,,nea_v2_api
2016-07-13,Banyan Road,S117,,29.5,,nea_v2_api
2016-07-13,Kim Chuan Road,S43,,29.9,,nea_v2_api
2016-07-13,Nanyang Avenue,S44,,29.3,,nea_v2_api
2016-07-13,Clementi Road,S50,,28.8,,nea_v2_api
2016-07-13,West Coast Highway,S116,,30.1,,nea_v2_api
2016-07-13,Pulau Ubin,S106,,28.1,,nea_v2_api
2016-07-13,Tanah Merah Coast Road,S96,,29.8,,nea_v2_api
2016-07-13,Woodlands Avenue 9,S104,,29.3,,nea_v2_api
2016-07-13,Woodlands Road,S100,,29.6,,nea_v2_api
2016-07-13,Sembawang Road,S122,,28.7,,nea_v2_api
2016-07-13,Ang Mo Kio Avenue 5,S109,,29.4,,nea_v2_api
2016-07-13,Upper Changi Road North,S24B,,29.1,,nea_v2_api
2016-07-13,Upper Changi Road North,S24,,29.4,,nea_v2_api
2016-07-13,East Coast Parkway,S107,,29.9,,nea_v2_api
2016-07-13,Old Choa Chu Kang Road,S121,,28.9,,nea_v2_api
2016-07-13,Scotts Road,S111,,28.9,,nea_v2_api
2016-07-13,Marina Gardens Drive,S108,,29.7,,nea_v2_api
2016-07-14,Sentosa,S60,,27.3,,nea_v2_api
2016-07-14,Banyan Road,S117,,27.9,,nea_v2_api
2016-07-14,Kim Chuan Road,S43,,28.3,,nea_v2_api
2016-07-14,Nanyang Avenue,S44,,27.0,,nea_v2_api
2016-07-14,Clementi Road,S50,,26.6,,nea_v2_api
2016-07-14,West Coast Highway,S116,,28.3,,nea_v2_api
2016-07-14,Pulau Ubin,S106,,25.0,,nea_v2_api
2016-07-14,Tanah Merah Coast Road,S96,,28.8,,nea_v2_api
2016-07-14,Woodlands Avenue 9,S104,,27.4,,nea_v2_api
2016-07-14,Woodlands Road,S100,,27.0,,nea_v2_api
2016-07-14,Semakau Landfill,S102,,28.3,,nea_v2_api
2016-07-14,Sembawang Road,S122,,26.3,,nea_v2_api
2016-07-14,Ang Mo Kio Avenue 5,S109,,27.7,,nea_v2_api
2016-07-14,Upper Changi Road North,S24B,,27.8,,nea_v2_api
2016-07-14,Upper Changi Road North,S24,,28.0,,nea_v2_api
2016-07-14,East Coast Parkway,S107,,29.1,,nea_v2_api
2016-07-14,Old Choa Chu Kang Road,S121,,26.6,,nea_v2_api
2016-07-14,Scotts Road,S111,,27.5,,nea_v2_api
2016-07-14,Marina Gardens Drive,S108,,28.2,,nea_v2_api
2016-07-15,Sentosa,S60,,27.3,,nea_v2_api
2016-07-15,Banyan Road,S117,,27.8,,nea_v2_api
2016-07-15,Kim Chuan Road,S43,,28.2,,nea_v2_api
2016-07-15,Nanyang Avenue,S44,,27.2,,nea_v2_api
2016-07-15,Clementi Road,S50,,26.5,,nea_v2_api
2016-07-15,West Coast Highway,S116,,28.3,,nea_v2_api
2016-07-15,Pulau Ubin,S106,,25.5,,nea_v2_api
2016-07-15,Tuas South Avenue 3,S115,,27.8,,nea_v2_api
2016-07-15,Tanah Merah Coast Road,S96,,28.5,,nea_v2_api
2016-07-15,Woodlands Avenue 9,S104,,27.4,,nea_v2_api
2016-07-15,Woodlands Road,S100,,26.5,,nea_v2_api
2016-07-15,Sembawang Road,S122,,26.0,,nea_v2_api
2016-07-15,Ang Mo Kio Avenue 5,S109,,27.5,,nea_v2_api
2016-07-15,Upper Changi Road North,S24B,,27.6,,nea_v2_api
2016-07-15,Upper Changi Road North,S24,,27.8,,nea_v2_api
2016-07-15,East Coast Parkway,S107,,28.7,,nea_v2_api
2016-07-15,Old Choa Chu Kang Road,S121,,26.4,,nea_v2_api
2016-07-15,Scotts Road,S111,,27.2,,nea_v2_api
2016-07-15,Marina Gardens Drive,S108,,28.0,,nea_v2_api
2016-07-16,Sentosa,S60,,26.7,,nea_v2_api
2016-07-16,Banyan Road,S117,,27.1,,nea_v2_api
2016-07-16,Kim Chuan Road,S43,,27.8,,nea_v2_api
2016-07-16,Nanyang Avenue,S44,,26.2,,nea_v2_api
2016-07-16,Clementi Road,S50,,25.5,,nea_v2_api
2016-07-16,West Coast Highway,S116,,27.4,,nea_v2_api
2016-07-16,Pulau Ubin,S106,,25.1,,nea_v2_api
2016-07-16,Tuas South Avenue 3,S115,,26.4,,nea_v2_api
2016-07-16,Tanah Merah Coast Road,S96,,28.1,,nea_v2_api
2016-07-16,Woodlands Avenue 9,S104,,25.9,,nea_v2_api
2016-07-16,Woodlands Road,S100,,26.0,,nea_v2_api
2016-07-16,Semakau Landfill,S102,,28.2,,nea_v2_api
2016-07-16,Sembawang Road,S122,,25.2,,nea_v2_api
2016-07-16,Ang Mo Kio Avenue 5,S109,,26.7,,nea_v2_api
2016-07-16,Upper Changi Road North,S24B,,26.7,,nea_v2_api
2016-07-16,Upper Changi Road North,S24,,27.0,,nea_v2_api
2016-07-16,East Coast Parkway,S107,,28.1,,nea_v2_api
2016-07-16,Old Choa Chu Kang Road,S121,,25.4,,nea_v2_api
2016-07-16,Scotts Road,S111,,26.7,,nea_v2_api
2016-07-16,Marina Gardens Drive,S108,,27.3,,nea_v2_api
2016-07-17,Sentosa,S60,,27.5,,nea_v2_api
2016-07-17,Banyan Road,S117,,27.1,,nea_v2_api
2016-07-17,Kim Chuan Road,S43,,26.5,,nea_v2_api
2016-07-17,Nanyang Avenue,S44,,25.9,,nea_v2_api
2016-07-17,Clementi Road,S50,,26.2,,nea_v2_api
2016-07-17,West Coast Highway,S116,,27.5,,nea_v2_api
2016-07-17,Pulau Ubin,S106,,25.4,,nea_v2_api
2016-07-17,Tanah Merah Coast Road,S96,,26.1,,nea_v2_api
2016-07-17,Woodlands Avenue 9,S104,,25.9,,nea_v2_api
2016-07-17,Woodlands Road,S100,,26.8,,nea_v2_api
2016-07-17,Semakau Landfill,S102,,28.3,,nea_v2_api
2016-07-17,Sembawang Road,S122,,26.0,,nea_v2_api
2016-07-17,Ang Mo Kio Avenue 5,S109,,26.0,,nea_v2_api
2016-07-17,Upper Changi Road North,S24B,,25.5,,nea_v2_api
2016-07-17,Upper Changi Road North,S24,,25.5,,nea_v2_api
2016-07-17,East Coast Parkway,S107,,26.1,,nea_v2_api
2016-07-17,Old Choa Chu Kang Road,S121,,26.8,,nea_v2_api
2016-07-17,Scotts Road,S111,,26.3,,nea_v2_api
2016-07-17,Marina Gardens Drive,S108,,27.4,,nea_v2_api
2016-07-18,Sentosa,S60,,27.4,,nea_v2_api
2016-07-18,Banyan Road,S117,,27.7,,nea_v2_api
2016-07-18,Kim Chuan Road,S43,,27.6,,nea_v2_api
2016-07-18,Nanyang Avenue,S44,,26.9,,nea_v2_api
2016-07-18,Clementi Road,S50,,26.2,,nea_v2_api
2016-07-18,West Coast Highway,S116,,28.4,,nea_v2_api
2016-07-18,Pulau Ubin,S106,,25.3,,nea_v2_api
2016-07-18,Tuas South Avenue 3,S115,,28.0,,nea_v2_api
2016-07-18,Tanah Merah Coast Road,S96,,28.2,,nea_v2_api
2016-07-18,Woodlands Avenue 9,S104,,26.9,,nea_v2_api
2016-07-18,Woodlands Road,S100,,26.0,,nea_v2_api
2016-07-18,Sembawang Road,S122,,24.9,,nea_v2_api
2016-07-18,Ang Mo Kio Avenue 5,S109,,27.0,,nea_v2_api
2016-07-18,Upper Changi Road North,S24B,,26.5,,nea_v2_api
2016-07-18,Upper Changi Road North,S24,,26.8,,nea_v2_api
2016-07-18,East Coast Parkway,S107,,28.0,,nea_v2_api
2016-07-18,Old Choa Chu Kang Road,S121,,25.7,,nea_v2_api
2016-07-18,Scotts Road,S111,,26.9,,nea_v2_api
2016-07-18,Marina Gardens Drive,S108,,27.1,,nea_v2_api
2016-07-19,Sentosa,S60,,25.2,,nea_v2_api
2016-07-19,Banyan Road,S117,,26.5,,nea_v2_api
2016-07-19,Kim Chuan Road,S43,,28.0,,nea_v2_api
2016-07-19,Nanyang Avenue,S44,,26.4,,nea_v2_api
2016-07-19,Clementi Road,S50,,27.0,,nea_v2_api
2016-07-19,West Coast Highway,S116,,26.7,,nea_v2_api
2016-07-19,Pulau Ubin,S106,,25.7,,nea_v2_api
2016-07-19,Tanah Merah Coast Road,S96,,28.2,,nea_v2_api
2016-07-19,Woodlands Avenue 9,S104,,27.5,,nea_v2_api
2016-07-19,Woodlands Road,S100,,27.3,,nea_v2_api
2016-07-19,Semakau Landfill,S102,,23.6,,nea_v2_api
2016-07-19,Sembawang Road,S122,,26.3,,nea_v2_api
2016-07-19,Ang Mo Kio Avenue 5,S109,,27.5,,nea_v2_api
2016-07-19,Upper Changi Road North,S24B,,26.9,,nea_v2_api
2016-07-19,Upper Changi Road North,S24,,27.1,,nea_v2_api
2016-07-19,East Coast Parkway,S107,,27.1,,nea_v2_api
2016-07-19,Old Choa Chu Kang Road,S121,,26.9,,nea_v2_api
2016-07-19,Scotts Road,S111,,26.0,,nea_v2_api
2016-07-19,Marina Gardens Drive,S108,,25.9,,nea_v2_api
2016-07-20,Sentosa,S60,,29.1,,nea_v2_api
2016-07-20,Banyan Road,S117,,29.3,,nea_v2_api
2016-07-20,Kim Chuan Road,S43,,29.0,,nea_v2_api
2016-07-20,Nanyang Avenue,S44,,27.5,,nea_v2_api
2016-07-20,Clementi Road,S50,,28.2,,nea_v2_api
2016-07-20,West Coast Highway,S116,,29.6,,nea_v2_api
2016-07-20,Pulau Ubin,S106,,26.1,,nea_v2_api
2016-07-20,Tuas South Avenue 3,S115,,29.7,,nea_v2_api
2016-07-20,Tanah Merah Coast Road,S96,,29.0,,nea_v2_api
2016-07-20,Woodlands Avenue 9,S104,,27.9,,nea_v2_api
2016-07-20,Woodlands Road,S100,,28.2,,nea_v2_api
2016-07-20,Semakau Landfill,S102,,29.9,,nea_v2_api
2016-07-20,Sembawang Road,S122,,26.3,,nea_v2_api
2016-07-20,Ang Mo Kio Avenue 5,S109,,28.4,,nea_v2_api
2016-07-20,Upper Changi Road North,S24B,,27.8,,nea_v2_api
2016-07-20,Upper Changi Road North,S24,,27.9,,nea_v2_api
2016-07-20,East Coast Parkway,S107,,28.9,,nea_v2_api
2016-07-20,Old Choa Chu Kang Road,S121,,27.2,,nea_v2_api
2016-07-20,Scotts Road,S111,,28.1,,nea_v2_api
2016-07-20,Marina Gardens Drive,S108,,29.2,,nea_v2_api
2016-07-21,Sentosa,S60,,27.6,,nea_v2_api
2016-07-21,Banyan Road,S117,,27.6,,nea_v2_api
2016-07-21,Kim Chuan Road,S43,,27.5,,nea_v2_api
2016-07-21,Nanyang Avenue,S44,,26.1,,nea_v2_api
2016-07-21,Clementi Road,S50,,26.1,,nea_v2_api
2016-07-21,West Coast Highway,S116,,27.5,,nea_v2_api
2016-07-21,Pulau Ubin,S106,,25.5,,nea_v2_api
2016-07-21,Tuas South Avenue 3,S115,,27.5,,nea_v2_api
2016-07-21,Tanah Merah Coast Road,S96,,27.9,,nea_v2_api
2016-07-21,Woodlands Avenue 9,S104,,26.7,,nea_v2_api
2016-07-21,Woodlands Road,S100,,26.8,,nea_v2_api
2016-07-21,Semakau Landfill,S102,,28.4,,nea_v2_api
2016-07-21,Sembawang Road,S122,,26.2,,nea_v2_api
2016-07-21,Ang Mo Kio Avenue 5,S109,,27.0,,nea_v2_api
2016-07-21,Upper Changi Road North,S24B,,26.9,,nea_v2_api
2016-07-21,Upper Changi Road North,S24,,26.8,,nea_v2_api
2016-07-21,East Coast Parkway,S107,,28.2,,nea_v2_api
2016-07-21,Old Choa Chu Kang Road,S121,,26.0,,nea_v2_api
2016-07-21,Scotts Road,S111,,26.5,,nea_v2_api
2016-07-21,Marina Gardens Drive,S108,,27.9,,nea_v2_api
2016-07-22,Sentosa,S60,,27.4,,nea_v2_api
2016-07-22,Banyan Road,S117,,28.2,,nea_v2_api
2016-07-22,Kim Chuan Road,S43,,26.4,,nea_v2_api
2016-07-22,Nanyang Avenue,S44,,26.5,,nea_v2_api
2016-07-22,Clementi Road,S50,,26.2,,nea_v2_api
2016-07-22,West Coast Highway,S116,,27.6,,nea_v2_api
2016-07-22,Pulau Ubin,S106,,24.7,,nea_v2_api
2016-07-22,Tuas South Avenue 3,S115,,28.0,,nea_v2_api
2016-07-22,Tanah Merah Coast Road,S96,,28.9,,nea_v2_api
2016-07-22,Woodlands Avenue 9,S104,,26.4,,nea_v2_api
2016-07-22,Woodlands Road,S100,,26.8,,nea_v2_api
2016-07-22,Semakau Landfill,S102,,28.5,,nea_v2_api
2016-07-22,Sembawang Road,S122,,25.6,,nea_v2_api
2016-07-22,Ang Mo Kio Avenue 5,S109,,26.3,,nea_v2_api
2016-07-22,Upper Changi Road North,S24B,,26.7,,nea_v2_api
2016-07-22,Upper Changi Road North,S24,,26.2,,nea_v2_api
2016-07-22,East Coast Parkway,S107,,27.6,,nea_v2_api
2016-07-22,Old Choa Chu Kang Road,S121,,26.5,,nea_v2_api
2016-07-22,Scotts Road,S111,,26.1,,nea_v2_api
2016-07-22,Marina Gardens Drive,S108,,27.2,,nea_v2_api
2016-07-23,Sentosa,S60,,25.5,,nea_v2_api
2016-07-23,Banyan Road,S117,,26.5,,nea_v2_api
2016-07-23,Kim Chuan Road,S43,,25.4,,nea_v2_api
2016-07-23,Nanyang Avenue,S44,,25.0,,nea_v2_api
2016-07-23,Clementi Road,S50,,24.8,,nea_v2_api
2016-07-23,West Coast Highway,S116,,26.5,,nea_v2_api
2016-07-23,Pulau Ubin,S106,,24.4,,nea_v2_api
2016-07-23,Tuas South Avenue 3,S115,,26.2,,nea_v2_api
2016-07-23,Tanah Merah Coast Road,S96,,26.9,,nea_v2_api
2016-07-23,Woodlands Avenue 9,S104,,25.3,,nea_v2_api
2016-07-23,Woodlands Road,S100,,24.7,,nea_v2_api
2016-07-23,Semakau Landfill,S102,,26.4,,nea_v2_api
2016-07-23,Sembawang Road,S122,,24.4,,nea_v2_api
2016-07-23,Ang Mo Kio Avenue 5,S109,,25.1,,nea_v2_api
2016-07-23,Upper Changi Road North,S24B,,26.1,,nea_v2_api
2016-07-23,Upper Changi Road North,S24,,25.9,,nea_v2_api
2016-07-23,East Coast Parkway,S107,,26.8,,nea_v2_api
2016-07-23,Old Choa Chu Kang Road,S121,,24.9,,nea_v2_api
2016-07-23,Scotts Road,S111,,25.3,,nea_v2_api
2016-07-23,Marina Gardens Drive,S108,,26.1,,nea_v2_api
2016-07-24,Sentosa,S60,,27.1,,nea_v2_api
2016-07-24,Banyan Road,S117,,27.3,,nea_v2_api
2016-07-24,Kim Chuan Road,S43,,27.6,,nea_v2_api
2016-07-24,Nanyang Avenue,S44,,26.9,,nea_v2_api
2016-07-24,Clementi Road,S50,,26.3,,nea_v2_api
2016-07-24,West Coast Highway,S116,,27.8,,nea_v2_api
2016-07-24,Pulau Ubin,S106,,25.6,,nea_v2_api
2016-07-24,Tuas South Avenue 3,S115,,27.6,,nea_v2_api
2016-07-24,Tanah Merah Coast Road,S96,,27.8,,nea_v2_api
2016-07-24,Woodlands Avenue 9,S104,,26.7,,nea_v2_api
2016-07-24,Woodlands Road,S100,,26.5,,nea_v2_api
2016-07-24,Semakau Landfill,S102,,27.8,,nea_v2_api
2016-07-24,Sembawang Road,S122,,26.2,,nea_v2_api
2016-07-24,Ang Mo Kio Avenue 5,S109,,27.0,,nea_v2_api
2016-07-24,Upper Changi Road North,S24B,,27.2,,nea_v2_api
2016-07-24,Upper Changi Road North,S24,,27.1,,nea_v2_api
2016-07-24,East Coast Parkway,S107,,27.7,,nea_v2_api
2016-07-24,Old Choa Chu Kang Road,S121,,26.4,,nea_v2_api
2016-07-24,Scotts Road,S111,,26.6,,nea_v2_api
2016-07-24,Marina Gardens Drive,S108,,27.5,,nea_v2_api
2016-07-25,Sentosa,S60,,26.0,,nea_v2_api
2016-07-25,Banyan Road,S117,,27.3,,nea_v2_api
2016-07-25,Kim Chuan Road,S43,,26.8,,nea_v2_api
2016-07-25,Nanyang Avenue,S44,,25.9,,nea_v2_api
2016-07-25,Clementi Road,S50,,25.3,,nea_v2_api
2016-07-25,West Coast Highway,S116,,28.0,,nea_v2_api
2016-07-25,Pulau Ubin,S106,,25.0,,nea_v2_api
2016-07-25,Tuas South Avenue 3,S115,,27.6,,nea_v2_api
2016-07-25,Tanah Merah Coast Road,S96,,28.3,,nea_v2_api
2016-07-25,Woodlands Avenue 9,S104,,26.5,,nea_v2_api
2016-07-25,Woodlands Road,S100,,25.8,,nea_v2_api
2016-07-25,Semakau Landfill,S102,,28.1,,nea_v2_api
2016-07-25,Sembawang Road,S122,,25.0,,nea_v2_api
2016-07-25,Ang Mo Kio Avenue 5,S109,,26.2,,nea_v2_api
2016-07-25,Upper Changi Road North,S24B,,27.3,,nea_v2_api
2016-07-25,Upper Changi Road North,S24,,27.1,,nea_v2_api
2016-07-25,East Coast Parkway,S107,,28.1,,nea_v2_api
2016-07-25,Old Choa Chu Kang Road,S121,,25.5,,nea_v2_api
2016-07-25,Scotts Road,S111,,26.5,,nea_v2_api
2016-07-25,Marina Gardens Drive,S108,,26.2,,nea_v2_api
2016-07-26,Sentosa,S60,,27.4,,nea_v2_api
2016-07-26,Banyan Road,S117,,28.1,,nea_v2_api
2016-07-26,Kim Chuan Road,S43,,27.3,,nea_v2_api
2016-07-26,Nanyang Avenue,S44,,26.3,,nea_v2_api
2016-07-26,Clementi Road,S50,,26.3,,nea_v2_api
2016-07-26,West Coast Highway,S116,,27.9,,nea_v2_api
2016-07-26,Pulau Ubin,S106,,26.5,,nea_v2_api
2016-07-26,Tanah Merah Coast Road,S96,,28.4,,nea_v2_api
2016-07-26,Woodlands Avenue 9,S104,,27.0,,nea_v2_api
2016-07-26,Woodlands Road,S100,,26.6,,nea_v2_api
2016-07-26,Semakau Landfill,S102,,28.3,,nea_v2_api
2016-07-26,Sembawang Road,S122,,26.1,,nea_v2_api
2016-07-26,Ang Mo Kio Avenue 5,S109,,26.8,,nea_v2_api
2016-07-26,Upper Changi Road North,S24B,,27.6,,nea_v2_api
2016-07-26,Upper Changi Road North,S24,,27.4,,nea_v2_api
2016-07-26,East Coast Parkway,S107,,27.7,,nea_v2_api
2016-07-26,Old Choa Chu Kang Road,S121,,26.7,,nea_v2_api
2016-07-26,Scotts Road,S111,,26.9,,nea_v2_api
2016-07-26,Marina Gardens Drive,S108,,27.5,,nea_v2_api
2016-07-27,Sentosa,S60,,26.3,,nea_v2_api
2016-07-27,Banyan Road,S117,,27.2,,nea_v2_api
2016-07-27,Kim Chuan Road,S43,,26.6,,nea_v2_api
2016-07-27,Nanyang Avenue,S44,,25.1,,nea_v2_api
2016-07-27,Clementi Road,S50,,25.1,,nea_v2_api
2016-07-27,West Coast Highway,S116,,27.3,,nea_v2_api
2016-07-27,Tanah Merah Coast Road,S96,,27.2,,nea_v2_api
2016-07-27,Woodlands Avenue 9,S104,,26.3,,nea_v2_api
2016-07-27,Woodlands Road,S100,,25.3,,nea_v2_api
2016-07-27,Sembawang Road,S122,,24.5,,nea_v2_api
2016-07-27,Ang Mo Kio Avenue 5,S109,,25.6,,nea_v2_api
2016-07-27,Upper Changi Road North,S24B,,26.1,,nea_v2_api
2016-07-27,Upper Changi Road North,S24,,25.9,,nea_v2_api
2016-07-27,East Coast Parkway,S107,,26.6,,nea_v2_api
2016-07-27,Old Choa Chu Kang Road,S121,,25.0,,nea_v2_api
2016-07-27,Scotts Road,S111,,26.2,,nea_v2_api
2016-07-27,Marina Gardens Drive,S108,,26.7,,nea_v2_api
2016-07-28,Sentosa,S60,,28.1,,nea_v2_api
2016-07-28,Banyan Road,S117,,28.8,,nea_v2_api
2016-07-28,Kim Chuan Road,S43,,29.2,,nea_v2_api
2016-07-28,Nanyang Avenue,S44,,27.0,,nea_v2_api
2016-07-28,Clementi Road,S50,,27.3,,nea_v2_api
2016-07-28,West Coast Highway,S116,,29.3,,nea_v2_api
2016-07-28,Tuas South Avenue 3,S115,,28.8,,nea_v2_api
2016-07-28,Tanah Merah Coast Road,S96,,29.3,,nea_v2_api
2016-07-28,Woodlands Avenue 9,S104,,27.1,,nea_v2_api
2016-07-28,Woodlands Road,S100,,27.4,,nea_v2_api
2016-07-28,Semakau Landfill,S102,,28.8,,nea_v2_api
2016-07-28,Sembawang Road,S122,,26.5,,nea_v2_api
2016-07-28,Ang Mo Kio Avenue 5,S109,,27.3,,nea_v2_api
2016-07-28,Upper Changi Road North,S24B,,28.9,,nea_v2_api
2016-07-28,Upper Changi Road North,S24,,28.8,,nea_v2_api
2016-07-28,East Coast Parkway,S107,,29.3,,nea_v2_api
2016-07-28,Old Choa Chu Kang Road,S121,,27.0,,nea_v2_api
2016-07-28,Scotts Road,S111,,28.1,,nea_v2_api
2016-07-28,Marina Gardens Drive,S108,,28.9,,nea_v2_api
2016-07-29,Sentosa,S60,,27.1,,nea_v2_api
2016-07-29,Banyan Road,S117,,28.0,,nea_v2_api
2016-07-29,Kim Chuan Road,S43,,28.6,,nea_v2_api
2016-07-29,Nanyang Avenue,S44,,27.2,,nea_v2_api
2016-07-29,Clementi Road,S50,,26.5,,nea_v2_api
2016-07-29,West Coast Highway,S116,,28.7,,nea_v2_api
2016-07-29,Tuas South Avenue 3,S115,,27.6,,nea_v2_api
2016-07-29,Tanah Merah Coast Road,S96,,29.2,,nea_v2_api
2016-07-29,Woodlands Avenue 9,S104,,27.1,,nea_v2_api
2016-07-29,Woodlands Road,S100,,26.6,,nea_v2_api
2016-07-29,Semakau Landfill,S102,,28.5,,nea_v2_api
2016-07-29,Sembawang Road,S122,,25.6,,nea_v2_api
2016-07-29,Ang Mo Kio Avenue 5,S109,,27.8,,nea_v2_api
2016-07-29,Upper Changi Road North,S24B,,27.7,,nea_v2_api
2016-07-29,Upper Changi Road North,S24,,27.7,,nea_v2_api
2016-07-29,East Coast Parkway,S107,,29.1,,nea_v2_api
2016-07-29,Old Choa Chu Kang Road,S121,,26.1,,nea_v2_api
2016-07-29,Scotts Road,S111,,27.6,,nea_v2_api
2016-07-29,Marina Gardens Drive,S108,,28.3,,nea_v2_api
2016-07-30,Sentosa,S60,,28.3,,nea_v2_api
2016-07-30,Banyan Road,S117,,28.2,,nea_v2_api
2016-07-30,Kim Chuan Road,S43,,29.0,,nea_v2_api
2016-07-30,Nanyang Avenue,S44,,27.7,,nea_v2_api
2016-07-30,Clementi Road,S50,,27.8,,nea_v2_api
2016-07-30,West Coast Highway,S116,,29.1,,nea_v2_api
2016-07-30,Tuas South Avenue 3,S115,,28.2,,nea_v2_api
2016-07-30,Tanah Merah Coast Road,S96,,29.1,,nea_v2_api
2016-07-30,Woodlands Avenue 9,S104,,28.0,,nea_v2_api
2016-07-30,Woodlands Road,S100,,28.2,,nea_v2_api
2016-07-30,Semakau Landfill,S102,,28.7,,nea_v2_api
2016-07-30,Sembawang Road,S122,,27.2,,nea_v2_api
2016-07-30,Ang Mo Kio Avenue 5,S109,,28.7,,nea_v2_api
2016-07-30,Upper Changi Road North,S24B,,28.4,,nea_v2_api
2016-07-30,Upper Changi Road North,S24,,28.3,,nea_v2_api
2016-07-30,East Coast Parkway,S107,,29.1,,nea_v2_api
2016-07-30,Old Choa Chu Kang Road,S121,,28.0,,nea_v2_api
2016-07-30,Scotts Road,S111,,28.2,,nea_v2_api
2016-07-30,Marina Gardens Drive,S108,,28.6,,nea_v2_api
2016-07-31,Sentosa,S60,,27.8,,nea_v2_api
2016-07-31,Banyan Road,S117,,28.2,,nea_v2_api
2016-07-31,Kim Chuan Road,S43,,28.7,,nea_v2_api
2016-07-31,Nanyang Avenue,S44,,28.0,,nea_v2_api
2016-07-31,Clementi Road,S50,,27.5,,nea_v2_api
2016-07-31,West Coast Highway,S116,,28.8,,nea_v2_api
2016-07-31,Tanah Merah Coast Road,S96,,28.8,,nea_v2_api
2016-07-31,Woodlands Avenue 9,S104,,28.0,,nea_v2_api
2016-07-31,Woodlands Road,S100,,27.8,,nea_v2_api
2016-07-31,Semakau Landfill,S102,,28.4,,nea_v2_api
2016-07-31,Sembawang Road,S122,,26.4,,nea_v2_api
2016-07-31,Ang Mo Kio Avenue 5,S109,,28.3,,nea_v2_api
2016-07-31,Upper Changi Road North,S24B,,28.4,,nea_v2_api
2016-07-31,Upper Changi Road North,S24,,28.2,,nea_v2_api
2016-07-31,East Coast Parkway,S107,,28.9,,nea_v2_api
2016-07-31,Old Choa Chu Kang Road,S121,,27.5,,nea_v2_api
2016-07-31,Scotts Road,S111,,27.8,,nea_v2_api
2016-07-31,Marina Gardens Drive,S108,,28.5,,nea_v2_api
2016-08-01,Sentosa,S60,,27.6,,nea_v2_api
2016-08-01,Banyan Road,S117,,28.3,,nea_v2_api
2016-08-01,Kim Chuan Road,S43,,27.0,,nea_v2_api
2016-08-01,Nanyang Avenue,S44,,26.3,,nea_v2_api
2016-08-01,Clementi Road,S50,,26.3,,nea_v2_api
2016-08-01,West Coast Highway,S116,,28.1,,nea_v2_api
2016-08-01,Tuas South Avenue 3,S115,,28.0,,nea_v2_api
2016-08-01,Tanah Merah Coast Road,S96,,28.4,,nea_v2_api
2016-08-01,Woodlands Avenue 9,S104,,25.8,,nea_v2_api
2016-08-01,Woodlands Road,S100,,25.8,,nea_v2_api
2016-08-01,Semakau Landfill,S102,,28.5,,nea_v2_api
2016-08-01,Sembawang Road,S122,,25.2,,nea_v2_api
2016-08-01,Ang Mo Kio Avenue 5,S109,,26.1,,nea_v2_api
2016-08-01,Upper Changi Road North,S24B,,26.1,,nea_v2_api
2016-08-01,Upper Changi Road North,S24,,25.7,,nea_v2_api
2016-08-01,East Coast Parkway,S107,,27.8,,nea_v2_api
2016-08-01,Old Choa Chu Kang Road,S121,,25.8,,nea_v2_api
2016-08-01,Scotts Road,S111,,27.0,,nea_v2_api
2016-08-01,Marina Gardens Drive,S108,,27.1,,nea_v2_api
2016-08-02,Sentosa,S60,,27.8,,nea_v2_api
2016-08-02,Banyan Road,S117,,27.9,,nea_v2_api
2016-08-02,Kim Chuan Road,S43,,28.4,,nea_v2_api
2016-08-02,Nanyang Avenue,S44,,27.5,,nea_v2_api
2016-08-02,Clementi Road,S50,,27.3,,nea_v2_api
2016-08-02,West Coast Highway,S116,,28.4,,nea_v2_api
2016-08-02,Tuas South Avenue 3,S115,,28.2,,nea_v2_api
2016-08-02,Tanah Merah Coast Road,S96,,28.5,,nea_v2_api
2016-08-02,Woodlands Avenue 9,S104,,27.6,,nea_v2_api
2016-08-02,Woodlands Road,S100,,27.6,,nea_v2_api
2016-08-02,Semakau Landfill,S102,,28.4,,nea_v2_api
2016-08-02,Sembawang Road,S122,,26.6,,nea_v2_api
2016-08-02,Ang Mo Kio Avenue 5,S109,,28.1,,nea_v2_api
2016-08-02,Upper Changi Road North,S24B,,27.6,,nea_v2_api
2016-08-02,Upper Changi Road North,S24,,27.6,,nea_v2_api
2016-08-02,East Coast Parkway,S107,,28.7,,nea_v2_api
2016-08-02,Old Choa Chu Kang Road,S121,,27.4,,nea_v2_api
2016-08-02,Scotts Road,S111,,27.5,,nea_v2_api
2016-08-02,Marina Gardens Drive,S108,,28.0,,nea_v2_api
2016-08-03,Sentosa,S60,,28.3,,nea_v2_api
2016-08-03,Banyan Road,S117,,28.9,,nea_v2_api
2016-08-03,Kim Chuan Road,S43,,29.2,,nea_v2_api
2016-08-03,Nanyang Avenue,S44,,28.6,,nea_v2_api
2016-08-03,Clementi Road,S50,,28.3,,nea_v2_api
2016-08-03,West Coast Highway,S116,,29.4,,nea_v2_api
2016-08-03,Tuas South Avenue 3,S115,,29.1,,nea_v2_api
2016-08-03,Tanah Merah Coast Road,S96,,29.0,,nea_v2_api
2016-08-03,Woodlands Avenue 9,S104,,28.7,,nea_v2_api
2016-08-03,Woodlands Road,S100,,28.7,,nea_v2_api
2016-08-03,Sembawang Road,S122,,27.8,,nea_v2_api
2016-08-03,Ang Mo Kio Avenue 5,S109,,28.7,,nea_v2_api
2016-08-03,Upper Changi Road North,S24B,,28.7,,nea_v2_api
2016-08-03,Upper Changi Road North,S24,,28.6,,nea_v2_api
2016-08-03,East Coast Parkway,S107,,29.3,,nea_v2_api
2016-08-03,Old Choa Chu Kang Road,S121,,28.4,,nea_v2_api
2016-08-03,Scotts Road,S111,,28.3,,nea_v2_api
2016-08-03,Marina Gardens Drive,S108,,29.0,,nea_v2_api
2016-08-04,Sentosa,S60,,27.5,,nea_v2_api
2016-08-04,Banyan Road,S117,,27.7,,nea_v2_api
2016-08-04,Kim Chuan Road,S43,,28.2,,nea_v2_api
2016-08-04,Nanyang Avenue,S44,,27.4,,nea_v2_api
2016-08-04,Clementi Road,S50,,27.2,,nea_v2_api
2016-08-04,West Coast Highway,S116,,28.3,,nea_v2_api
2016-08-04,Tanah Merah Coast Road,S96,,28.3,,nea_v2_api
2016-08-04,Woodlands Avenue 9,S104,,27.2,,nea_v2_api
2016-08-04,Woodlands Road,S100,,27.8,,nea_v2_api
2016-08-04,Semakau Landfill,S102,,28.2,,nea_v2_api
2016-08-04,Sembawang Road,S122,,26.7,,nea_v2_api
2016-08-04,Ang Mo Kio Avenue 5,S109,,27.8,,nea_v2_api
2016-08-04,Upper Changi Road North,S24B,,27.4,,nea_v2_api
2016-08-04,Upper Changi Road North,S24,,27.3,,nea_v2_api
2016-08-04,East Coast Parkway,S107,,28.4,,nea_v2_api
2016-08-04,Old Choa Chu Kang Road,S121,,27.3,,nea_v2_api
2016-08-04,Scotts Road,S111,,27.3,,nea_v2_api
2016-08-04,Marina Gardens Drive,S108,,28.0,,nea_v2_api
2016-08-05,Sentosa,S60,,28.2,,nea_v2_api
2016-08-05,Banyan Road,S117,,28.5,,nea_v2_api
2016-08-05,Kim Chuan Road,S43,,28.9,,nea_v2_api
2016-08-05,Nanyang Avenue,S44,,28.3,,nea_v2_api
2016-08-05,Clementi Road,S50,,27.7,,nea_v2_api
2016-08-05,West Coast Highway,S116,,29.1,,nea_v2_api
2016-08-05,Pulau Ubin,S106,,26.5,,nea_v2_api
2016-08-05,Tanah Merah Coast Road,S96,,29.2,,nea_v2_api
2016-08-05,Woodlands Avenue 9,S104,,28.2,,nea_v2_api
2016-08-05,Woodlands Road,S100,,28.6,,nea_v2_api
2016-08-05,Semakau Landfill,S102,,28.7,,nea_v2_api
2016-08-05,Sembawang Road,S122,,27.0,,nea_v2_api
2016-08-05,Ang Mo Kio Avenue 5,S109,,28.5,,nea_v2_api
2016-08-05,Upper Changi Road North,S24B,,28.6,,nea_v2_api
2016-08-05,Upper Changi Road North,S24,,28.5,,nea_v2_api
2016-08-05,East Coast Parkway,S107,,29.0,,nea_v2_api
2016-08-05,Old Choa Chu Kang Road,S121,,27.9,,nea_v2_api
2016-08-05,Scotts Road,S111,,27.9,,nea_v2_api
2016-08-05,Marina Gardens Drive,S108,,28.7,,nea_v2_api
2016-08-06,Banyan Road,S117,,28.8,,nea_v2_api
2016-08-06,Kim Chuan Road,S43,,29.0,,nea_v2_api
2016-08-06,Nanyang Avenue,S44,,28.4,,nea_v2_api
2016-08-06,Upper Changi Road North,S24,,28.8,,nea_v2_api
2016-08-06,Clementi Road,S50,,28.0,,nea_v2_api
2016-08-06,Tuas South Avenue 3,S115,,28.9,,nea_v2_api
2016-08-06,Tanah Merah Coast Road,S96,,29.1,,nea_v2_api
2016-08-06,Woodlands Avenue 9,S104,,28.7,,nea_v2_api
2016-08-06,Scotts Road,S111,,28.0,,nea_v2_api
2016-08-06,Woodlands Road,S100,,28.5,,nea_v2_api
2016-08-06,Semakau Landfill,S102,,28.7,,nea_v2_api
2016-08-07,Sentosa,S60,,28.0,,nea_v2_api
2016-08-07,Banyan Road,S117,,28.4,,nea_v2_api
2016-08-07,Kim Chuan Road,S43,,27.0,,nea_v2_api
2016-08-07,Nanyang Avenue,S44,,26.8,,nea_v2_api
2016-08-07,Clementi Road,S50,,26.4,,nea_v2_api
2016-08-07,West Coast Highway,S116,,28.1,,nea_v2_api
2016-08-07,Pulau Ubin,S106,,25.2,,nea_v2_api
2016-08-07,Tuas South Avenue 3,S115,,28.2,,nea_v2_api
2016-08-07,Tanah Merah Coast Road,S96,,28.8,,nea_v2_api
2016-08-07,Woodlands Avenue 9,S104,,27.1,,nea_v2_api
2016-08-07,Woodlands Road,S100,,26.8,,nea_v2_api
2016-08-07,Semakau Landfill,S102,,28.7,,nea_v2_api
2016-08-07,Sembawang Road,S122,,26.2,,nea_v2_api
2016-08-07,Ang Mo Kio Avenue 5,S109,,26.2,,nea_v2_api
2016-08-07,Upper Changi Road North,S24B,,26.8,,nea_v2_api
2016-08-07,Upper Changi Road North,S24,,26.4,,nea_v2_api
2016-08-07,East Coast Parkway,S107,,27.4,,nea_v2_api
2016-08-07,Old Choa Chu Kang Road,S121,,27.1,,nea_v2_api
2016-08-07,Scotts Road,S111,,27.0,,nea_v2_api
2016-08-07,Marina Gardens Drive,S108,,27.8,,nea_v2_api
2016-08-08,Sentosa,S60,,28.5,,nea_v2_api
2016-08-08,Banyan Road,S117,,29.2,,nea_v2_api
2016-08-08,Kim Chuan Road,S43,,29.0,,nea_v2_api
2016-08-08,Nanyang Avenue,S44,,28.8,,nea_v2_api
2016-08-08,Clementi Road,S50,,28.0,,nea_v2_api
2016-08-08,West Coast Highway,S116,,29.6,,nea_v2_api
2016-08-08,Pulau Ubin,S106,,26.7,,nea_v2_api
2016-08-08,Tuas South Avenue 3,S115,,29.2,,nea_v2_api
2016-08-08,Tanah Merah Coast Road,S96,,29.2,,nea_v2_api
2016-08-08,Woodlands Avenue 9,S104,,28.8,,nea_v2_api
2016-08-08,Woodlands Road,S100,,27.7,,nea_v2_api
2016-08-08,Semakau Landfill,S102,,29.2,,nea_v2_api
2016-08-08,Sembawang Road,S122,,26.6,,nea_v2_api
2016-08-08,Ang Mo Kio Avenue 5,S109,,28.5,,nea_v2_api
2016-08-08,Upper Changi Road North,S24B,,28.8,,nea_v2_api
2016-08-08,Upper Changi Road North,S24,,28.6,,nea_v2_api
2016-08-08,East Coast Parkway,S107,,29.4,,nea_v2_api
2016-08-08,Old Choa Chu Kang Road,S121,,28.1,,nea_v2_api
2016-08-08,Scotts Road,S111,,28.1,,nea_v2_api
2016-08-08,Marina Gardens Drive,S108,,29.0,,nea_v2_api
2016-08-09,Sentosa,S60,,28.6,,nea_v2_api
2016-08-09,Banyan Road,S117,,28.9,,nea_v2_api
2016-08-09,Kim Chuan Road,S43,,29.1,,nea_v2_api
2016-08-09,Nanyang Avenue,S44,,28.4,,nea_v2_api
2016-08-09,Clementi Road,S50,,28.1,,nea_v2_api
2016-08-09,West Coast Highway,S116,,29.6,,nea_v2_api
2016-08-09,Pulau Ubin,S106,,26.2,,nea_v2_api
2016-08-09,Tuas South Avenue 3,S115,,28.1,,nea_v2_api
2016-08-09,Tanah Merah Coast Road,S96,,29.3,,nea_v2_api
2016-08-09,Woodlands Avenue 9,S104,,28.5,,nea_v2_api
2016-08-09,Woodlands Road,S100,,27.2,,nea_v2_api
2016-08-09,Semakau Landfill,S102,,29.2,,nea_v2_api
2016-08-09,Sembawang Road,S122,,25.8,,nea_v2_api
2016-08-09,Ang Mo Kio Avenue 5,S109,,28.5,,nea_v2_api
2016-08-09,Upper Changi Road North,S24B,,28.4,,nea_v2_api
2016-08-09,Upper Changi Road North,S24,,28.3,,nea_v2_api
2016-08-09,East Coast Parkway,S107,,28.7,,nea_v2_api
2016-08-09,Old Choa Chu Kang Road,S121,,27.5,,nea_v2_api
2016-08-09,Scotts Road,S111,,28.5,,nea_v2_api
2016-08-09,Marina Gardens Drive,S108,,28.7,,nea_v2_api
2016-08-10,Sentosa,S60,,27.9,,nea_v2_api
2016-08-10,Banyan Road,S117,,28.2,,nea_v2_api
2016-08-10,Kim Chuan Road,S43,,28.9,,nea_v2_api
2016-08-10,Nanyang Avenue,S44,,28.1,,nea_v2_api
2016-08-10,Clementi Road,S50,,27.5,,nea_v2_api
2016-08-10,West Coast Highway,S116,,29.0,,nea_v2_api
2016-08-10,Pulau Ubin,S106,,26.3,,nea_v2_api
2016-08-10,Tanah Merah Coast Road,S96,,28.8,,nea_v2_api
2016-08-10,Woodlands Avenue 9,S104,,27.9,,nea_v2_api
2016-08-10,Woodlands Road,S100,,28.5,,nea_v2_api
2016-08-10,Semakau Landfill,S102,,28.8,,nea_v2_api
2016-08-10,Sembawang Road,S122,,27.1,,nea_v2_api
2016-08-10,Ang Mo Kio Avenue 5,S109,,28.4,,nea_v2_api
2016-08-10,Upper Changi Road North,S24B,,27.8,,nea_v2_api
2016-08-10,Upper Changi Road North,S24,,27.9,,nea_v2_api
2016-08-10,East Coast Parkway,S107,,29.0,,nea_v2_api
2016-08-10,Old Choa Chu Kang Road,S121,,27.9,,nea_v2_api
2016-08-10,Scotts Road,S111,,28.0,,nea_v2_api
2016-08-10,Marina Gardens Drive,S108,,28.6,,nea_v2_api
2016-08-11,Sentosa,S60,,28.7,,nea_v2_api
2016-08-11,Banyan Road,S117,,29.0,,nea_v2_api
2016-08-11,Kim Chuan Road,S43,,29.7,,nea_v2_api
2016-08-11,Nanyang Avenue,S44,,28.9,,nea_v2_api
2016-08-11,Clementi Road,S50,,28.6,,nea_v2_api
2016-08-11,West Coast Highway,S116,,29.8,,nea_v2_api
2016-08-11,Pulau Ubin,S106,,27.3,,nea_v2_api
2016-08-11,Tanah Merah Coast Road,S96,,29.8,,nea_v2_api
2016-08-11,Woodlands Avenue 9,S104,,29.1,,nea_v2_api
2016-08-11,Woodlands Road,S100,,29.6,,nea_v2_api
2016-08-11,Semakau Landfill,S102,,29.4,,nea_v2_api
2016-08-11,Sembawang Road,S122,,27.6,,nea_v2_api
2016-08-11,Ang Mo Kio Avenue 5,S109,,29.3,,nea_v2_api
2016-08-11,Upper Changi Road North,S24B,,28.8,,nea_v2_api
2016-08-11,Upper Changi Road North,S24,,28.8,,nea_v2_api
2016-08-11,East Coast Parkway,S107,,29.7,,nea_v2_api
2016-08-11,Old Choa Chu Kang Road,S121,,28.8,,nea_v2_api
2016-08-11,Scotts Road,S111,,28.9,,nea_v2_api
2016-08-11,Marina Gardens Drive,S108,,29.2,,nea_v2_api
2016-08-12,Sentosa,S60,,29.0,,nea_v2_api
2016-08-12,Banyan Road,S117,,28.9,,nea_v2_api
2016-08-12,Kim Chuan Road,S43,,29.9,,nea_v2_api
2016-08-12,Nanyang Avenue,S44,,27.7,,nea_v2_api
2016-08-12,Clementi Road,S50,,28.7,,nea_v2_api
2016-08-12,West Coast Highway,S116,,29.6,,nea_v2_api
2016-08-12,Pulau Ubin,S106,,27.1,,nea_v2_api
2016-08-12,Tuas South Avenue 3,S115,,29.4,,nea_v2_api
2016-08-12,Tanah Merah Coast Road,S96,,29.6,,nea_v2_api
2016-08-12,Woodlands Avenue 9,S104,,28.2,,nea_v2_api
2016-08-12,Woodlands Road,S100,,28.5,,nea_v2_api
2016-08-12,Semakau Landfill,S102,,29.4,,nea_v2_api
2016-08-12,Sembawang Road,S122,,26.9,,nea_v2_api
2016-08-12,Ang Mo Kio Avenue 5,S109,,29.0,,nea_v2_api
2016-08-12,Upper Changi Road North,S24B,,28.9,,nea_v2_api
2016-08-12,Upper Changi Road North,S24,,28.9,,nea_v2_api
2016-08-12,East Coast Parkway,S107,,29.7,,nea_v2_api
2016-08-12,Old Choa Chu Kang Road,S121,,27.7,,nea_v2_api
2016-08-12,Scotts Road,S111,,28.8,,nea_v2_api
2016-08-12,Marina Gardens Drive,S108,,29.4,,nea_v2_api
2016-08-13,Sentosa,S60,,28.3,,nea_v2_api
2016-08-13,Banyan Road,S117,,28.7,,nea_v2_api
2016-08-13,Kim Chuan Road,S43,,29.3,,nea_v2_api
2016-08-13,Nanyang Avenue,S44,,28.6,,nea_v2_api
2016-08-13,Clementi Road,S50,,28.3,,nea_v2_api
2016-08-13,West Coast Highway,S116,,29.6,,nea_v2_api
2016-08-13,Pulau Ubin,S106,,26.6,,nea_v2_api
2016-08-13,Tanah Merah Coast Road,S96,,29.4,,nea_v2_api
2016-08-13,Woodlands Avenue 9,S104,,27.9,,nea_v2_api
2016-08-13,Woodlands Road,S100,,27.5,,nea_v2_api
2016-08-13,Semakau Landfill,S102,,29.3,,nea_v2_api
2016-08-13,Sembawang Road,S122,,26.4,,nea_v2_api
2016-08-13,Ang Mo Kio Avenue 5,S109,,29.0,,nea_v2_api
2016-08-13,Upper Changi Road North,S24B,,28.3,,nea_v2_api
2016-08-13,Upper Changi Road North,S24,,28.2,,nea_v2_api
2016-08-13,East Coast Parkway,S107,,29.5,,nea_v2_api
2016-08-13,Old Choa Chu Kang Road,S121,,28.0,,nea_v2_api
2016-08-13,Marina Gardens Drive,S108,,28.9,,nea_v2_api
2016-08-14,Sentosa,S60,,28.6,,nea_v2_api
2016-08-14,Banyan Road,S117,,29.4,,nea_v2_api
2016-08-14,Kim Chuan Road,S43,,29.7,,nea_v2_api
2016-08-14,Nanyang Avenue,S44,,29.0,,nea_v2_api
2016-08-14,Clementi Road,S50,,28.3,,nea_v2_api
2016-08-14,West Coast Highway,S116,,29.7,,nea_v2_api
2016-08-14,Pulau Ubin,S106,,26.6,,nea_v2_api
2016-08-14,Tuas South Avenue 3,S115,,29.4,,nea_v2_api
2016-08-14,Tanah Merah Coast Road,S96,,30.1,,nea_v2_api
2016-08-14,Woodlands Avenue 9,S104,,28.9,,nea_v2_api
2016-08-14,Woodlands Road,S100,,28.3,,nea_v2_api
2016-08-14,Sembawang Road,S122,,26.7,,nea_v2_api
2016-08-14,Ang Mo Kio Avenue 5,S109,,29.1,,nea_v2_api
2016-08-14,Upper Changi Road North,S24B,,28.9,,nea_v2_api
2016-08-14,Upper Changi Road North,S24,,29.0,,nea_v2_api
2016-08-14,East Coast Parkway,S107,,29.7,,nea_v2_api
2016-08-14,Old Choa Chu Kang Road,S121,,28.5,,nea_v2_api
2016-08-14,Marina Gardens Drive,S108,,29.2,,nea_v2_api
2016-08-15,Sentosa,S60,,27.7,,nea_v2_api
2016-08-15,Banyan Road,S117,,28.6,,nea_v2_api
2016-08-15,Kim Chuan Road,S43,,29.1,,nea_v2_api
2016-08-15,Nanyang Avenue,S44,,28.4,,nea_v2_api
2016-08-15,Clementi Road,S50,,27.8,,nea_v2_api
2016-08-15,West Coast Highway,S116,,29.5,,nea_v2_api
2016-08-15,Pulau Ubin,S106,,26.2,,nea_v2_api
2016-08-15,Tanah Merah Coast Road,S96,,28.9,,nea_v2_api
2016-08-15,Woodlands Avenue 9,S104,,28.4,,nea_v2_api
2016-08-15,Woodlands Road,S100,,28.2,,nea_v2_api
2016-08-15,Semakau Landfill,S102,,28.9,,nea_v2_api
2016-08-15,Sembawang Road,S122,,26.5,,nea_v2_api
2016-08-15,Ang Mo Kio Avenue 5,S109,,28.6,,nea_v2_api
2016-08-15,Upper Changi Road North,S24B,,28.0,,nea_v2_api
2016-08-15,Upper Changi Road North,S24,,28.1,,nea_v2_api
2016-08-15,East Coast Parkway,S107,,29.3,,nea_v2_api
2016-08-15,Old Choa Chu Kang Road,S121,,28.2,,nea_v2_api
2016-08-15,Marina Gardens Drive,S108,,28.7,,nea_v2_api
2016-08-16,Sentosa,S60,,28.2,,nea_v2_api
2016-08-16,Banyan Road,S117,,28.4,,nea_v2_api
2016-08-16,Kim Chuan Road,S43,,28.9,,nea_v2_api
2016-08-16,Nanyang Avenue,S44,,28.3,,nea_v2_api
2016-08-16,Clementi Road,S50,,27.7,,nea_v2_api
2016-08-16,West Coast Highway,S116,,29.1,,nea_v2_api
2016-08-16,Pulau Ubin,S106,,26.9,,nea_v2_api
2016-08-16,Tuas South Avenue 3,S115,,28.7,,nea_v2_api
2016-08-16,Tanah Merah Coast Road,S96,,29.1,,nea_v2_api
2016-08-16,Woodlands Avenue 9,S104,,28.2,,nea_v2_api
2016-08-16,Woodlands Road,S100,,28.5,,nea_v2_api
2016-08-16,Semakau Landfill,S102,,28.8,,nea_v2_api
2016-08-16,Sembawang Road,S122,,28.3,,nea_v2_api
2016-08-16,Ang Mo Kio Avenue 5,S109,,28.4,,nea_v2_api
2016-08-16,Upper Changi Road North,S24B,,28.6,,nea_v2_api
2016-08-16,Upper Changi Road North,S24,,28.7,,nea_v2_api
2016-08-16,East Coast Parkway,S107,,29.1,,nea_v2_api
2016-08-16,Old Choa Chu Kang Road,S121,,28.1,,nea_v2_api
2016-08-16,Marina Gardens Drive,S108,,28.6,,nea_v2_api
2016-08-17,Sentosa,S60,,28.7,,nea_v2_api
2016-08-17,Banyan Road,S117,,29.2,,nea_v2_api
2016-08-17,Nanyang Avenue,S44,,28.9,,nea_v2_api
2016-08-17,Upper Changi Road North,S24,,29.0,,nea_v2_api
2016-08-17,East Coast Parkway,S107,,29.6,,nea_v2_api
2016-08-17,Clementi Road,S50,,28.4,,nea_v2_api
2016-08-17,West Coast Highway,S116,,29.7,,nea_v2_api
2016-08-17,Old Choa Chu Kang Road,S121,,28.6,,nea_v2_api
2016-08-17,Sembawang Road,S122,,29.0,,nea_v2_api
2016-08-17,Tanah Merah Coast Road,S96,,29.3,,nea_v2_api
2016-08-17,Woodlands Avenue 9,S104,,29.2,,nea_v2_api
2016-08-17,Woodlands Road,S100,,28.6,,nea_v2_api
2016-08-17,Semakau Landfill,S102,,29.3,,nea_v2_api
2016-08-17,Marina Gardens Drive,S108,,29.3,,nea_v2_api
2016-08-17,Ang Mo Kio Avenue 5,S109,,29.0,,nea_v2_api
2016-08-18,Sentosa,S60,,28.7,,nea_v2_api
2016-08-18,Banyan Road,S117,,29.4,,nea_v2_api
2016-08-18,Kim Chuan Road,S43,,29.7,,nea_v2_api
2016-08-18,Nanyang Avenue,S44,,29.0,,nea_v2_api
2016-08-18,Clementi Road,S50,,28.6,,nea_v2_api
2016-08-18,West Coast Highway,S116,,29.8,,nea_v2_api
2016-08-18,Tuas South Avenue 3,S115,,29.7,,nea_v2_api
2016-08-18,Tanah Merah Coast Road,S96,,29.5,,nea_v2_api
2016-08-18,Woodlands Avenue 9,S104,,26.8,,nea_v2_api
2016-08-18,Woodlands Road,S100,,26.8,,nea_v2_api
2016-08-18,Semakau Landfill,S102,,29.8,,nea_v2_api
2016-08-18,Sembawang Road,S122,,26.2,,nea_v2_api
2016-08-18,Ang Mo Kio Avenue 5,S109,,29.3,,nea_v2_api
2016-08-18,Upper Changi Road North,S24B,,29.2,,nea_v2_api
2016-08-18,Upper Changi Road North,S24,,29.1,,nea_v2_api
2016-08-18,East Coast Parkway,S107,,29.8,,nea_v2_api
2016-08-18,Old Choa Chu Kang Road,S121,,27.5,,nea_v2_api
2016-08-18,Marina Gardens Drive,S108,,29.4,,nea_v2_api
2016-08-19,Sentosa,S60,,29.1,,nea_v2_api
2016-08-19,Banyan Road,S117,,29.5,,nea_v2_api
2016-08-19,Kim Chuan Road,S43,,29.8,,nea_v2_api
2016-08-19,Nanyang Avenue,S44,,29.1,,nea_v2_api
2016-08-19,Clementi Road,S50,,28.8,,nea_v2_api
2016-08-19,West Coast Highway,S116,,30.0,,nea_v2_api
2016-08-19,Pulau Ubin,S106,,28.1,,nea_v2_api
2016-08-19,Tuas South Avenue 3,S115,,29.7,,nea_v2_api
2016-08-19,Tanah Merah Coast Road,S96,,29.5,,nea_v2_api
2016-08-19,Woodlands Avenue 9,S104,,29.3,,nea_v2_api
2016-08-19,Woodlands Road,S100,,28.9,,nea_v2_api
2016-08-19,Sembawang Road,S122,,29.1,,nea_v2_api
2016-08-19,Ang Mo Kio Avenue 5,S109,,29.2,,nea_v2_api
2016-08-19,Upper Changi Road North,S24B,,29.2,,nea_v2_api
2016-08-19,Upper Changi Road North,S24,,29.2,,nea_v2_api
2016-08-19,East Coast Parkway,S107,,29.8,,nea_v2_api
2016-08-19,Old Choa Chu Kang Road,S121,,28.7,,nea_v2_api
2016-08-19,Marina Gardens Drive,S108,,29.6,,nea_v2_api
2016-08-20,Sentosa,S60,,28.0,,nea_v2_api
2016-08-20,Banyan Road,S117,,28.4,,nea_v2_api
2016-08-20,Kim Chuan Road,S43,,29.1,,nea_v2_api
2016-08-20,Nanyang Avenue,S44,,28.2,,nea_v2_api
2016-08-20,Clementi Road,S50,,27.8,,nea_v2_api
2016-08-20,West Coast Highway,S116,,29.1,,nea_v2_api
2016-08-20,Pulau Ubin,S106,,27.0,,nea_v2_api
2016-08-20,Tuas South Avenue 3,S115,,28.8,,nea_v2_api
2016-08-20,Tanah Merah Coast Road,S96,,29.3,,nea_v2_api
2016-08-20,Woodlands Avenue 9,S104,,28.3,,nea_v2_api
2016-08-20,Woodlands Road,S100,,28.5,,nea_v2_api
2016-08-20,Semakau Landfill,S102,,28.8,,nea_v2_api
2016-08-20,Sembawang Road,S122,,27.0,,nea_v2_api
2016-08-20,Ang Mo Kio Avenue 5,S109,,28.6,,nea_v2_api
2016-08-20,Upper Changi Road North,S24B,,28.4,,nea_v2_api
2016-08-20,Upper Changi Road North,S24,,28.4,,nea_v2_api
2016-08-20,East Coast Parkway,S107,,29.3,,nea_v2_api
2016-08-20,Old Choa Chu Kang Road,S121,,28.0,,nea_v2_api
2016-08-20,Marina Gardens Drive,S108,,28.8,,nea_v2_api
2016-08-21,Sentosa,S60,,28.5,,nea_v2_api
2016-08-21,Banyan Road,S117,,28.9,,nea_v2_api
2016-08-21,Kim Chuan Road,S43,,29.4,,nea_v2_api
2016-08-21,Nanyang Avenue,S44,,28.6,,nea_v2_api
2016-08-21,Clementi Road,S50,,28.2,,nea_v2_api
2016-08-21,West Coast Highway,S116,,29.5,,nea_v2_api
2016-08-21,Pulau Ubin,S106,,28.1,,nea_v2_api
2016-08-21,Tuas South Avenue 3,S115,,29.1,,nea_v2_api
2016-08-21,Tanah Merah Coast Road,S96,,29.4,,nea_v2_api
2016-08-21,Woodlands Avenue 9,S104,,28.8,,nea_v2_api
2016-08-21,Woodlands Road,S100,,28.9,,nea_v2_api
2016-08-21,Semakau Landfill,S102,,29.1,,nea_v2_api
2016-08-21,Sembawang Road,S122,,28.6,,nea_v2_api
2016-08-21,Ang Mo Kio Avenue 5,S109,,29.0,,nea_v2_api
2016-08-21,Upper Changi Road North,S24B,,29.2,,nea_v2_api
2016-08-21,Upper Changi Road North,S24,,29.1,,nea_v2_api
2016-08-21,East Coast Parkway,S107,,29.6,,nea_v2_api
2016-08-21,Old Choa Chu Kang Road,S121,,28.7,,nea_v2_api
2016-08-21,Marina Gardens Drive,S108,,29.2,,nea_v2_api
2016-08-22,Sentosa,S60,,27.9,,nea_v2_api
2016-08-22,Banyan Road,S117,,28.0,,nea_v2_api
2016-08-22,Kim Chuan Road,S43,,28.4,,nea_v2_api
2016-08-22,Nanyang Avenue,S44,,27.9,,nea_v2_api
2016-08-22,Clementi Road,S50,,27.4,,nea_v2_api
2016-08-22,West Coast Highway,S116,,28.6,,nea_v2_api
2016-08-22,Pulau Ubin,S106,,26.7,,nea_v2_api
2016-08-22,Tuas South Avenue 3,S115,,28.2,,nea_v2_api
2016-08-22,Tanah Merah Coast Road,S96,,28.8,,nea_v2_api
2016-08-22,Woodlands Avenue 9,S104,,27.6,,nea_v2_api
2016-08-22,Woodlands Road,S100,,28.0,,nea_v2_api
2016-08-22,Semakau Landfill,S102,,28.6,,nea_v2_api
2016-08-22,Sembawang Road,S122,,26.7,,nea_v2_api
2016-08-22,Ang Mo Kio Avenue 5,S109,,28.0,,nea_v2_api
2016-08-22,Upper Changi Road North,S24B,,28.1,,nea_v2_api
2016-08-22,Upper Changi Road North,S24,,27.9,,nea_v2_api
2016-08-22,East Coast Parkway,S107,,28.6,,nea_v2_api
2016-08-22,Old Choa Chu Kang Road,S121,,27.5,,nea_v2_api
2016-08-22,Marina Gardens Drive,S108,,28.2,,nea_v2_api
2016-08-23,Sentosa,S60,,28.2,,nea_v2_api
2016-08-23,Banyan Road,S117,,28.9,,nea_v2_api
2016-08-23,Kim Chuan Road,S43,,28.8,,nea_v2_api
2016-08-23,Nanyang Avenue,S44,,28.1,,nea_v2_api
2016-08-23,Clementi Road,S50,,28.1,,nea_v2_api
2016-08-23,West Coast Highway,S116,,29.3,,nea_v2_api
2016-08-23,Pulau Ubin,S106,,25.7,,nea_v2_api
2016-08-23,Tuas South Avenue 3,S115,,28.3,,nea_v2_api
2016-08-23,Tanah Merah Coast Road,S96,,29.3,,nea_v2_api
2016-08-23,Woodlands Avenue 9,S104,,28.4,,nea_v2_api
2016-08-23,Woodlands Road,S100,,27.4,,nea_v2_api
2016-08-23,Semakau Landfill,S102,,29.2,,nea_v2_api
2016-08-23,Sembawang Road,S122,,26.1,,nea_v2_api
2016-08-23,Ang Mo Kio Avenue 5,S109,,28.6,,nea_v2_api
2016-08-23,Upper Changi Road North,S24B,,28.4,,nea_v2_api
2016-08-23,Upper Changi Road North,S24,,28.3,,nea_v2_api
2016-08-23,East Coast Parkway,S107,,29.6,,nea_v2_api
2016-08-23,Old Choa Chu Kang Road,S121,,27.1,,nea_v2_api
2016-08-23,Marina Gardens Drive,S108,,28.9,,nea_v2_api
2016-08-24,Sentosa,S60,,24.2,,nea_v2_api
2016-08-24,Banyan Road,S117,,24.3,,nea_v2_api
2016-08-24,Kim Chuan Road,S43,,24.8,,nea_v2_api
2016-08-24,Nanyang Avenue,S44,,23.9,,nea_v2_api
2016-08-24,Clementi Road,S50,,23.9,,nea_v2_api
2016-08-24,West Coast Highway,S116,,24.7,,nea_v2_api
2016-08-24,Pulau Ubin,S106,,23.8,,nea_v2_api
2016-08-24,Tuas South Avenue 3,S115,,25.8,,nea_v2_api
2016-08-24,Tanah Merah Coast Road,S96,,27.0,,nea_v2_api
2016-08-24,Woodlands Avenue 9,S104,,24.0,,nea_v2_api
2016-08-24,Woodlands Road,S100,,24.8,,nea_v2_api
2016-08-24,Semakau Landfill,S102,,26.0,,nea_v2_api
2016-08-24,Sembawang Road,S122,,24.0,,nea_v2_api
2016-08-24,Ang Mo Kio Avenue 5,S109,,24.2,,nea_v2_api
2016-08-24,Upper Changi Road North,S24B,,25.1,,nea_v2_api
2016-08-24,Upper Changi Road North,S24,,24.8,,nea_v2_api
2016-08-24,East Coast Parkway,S107,,25.1,,nea_v2_api
2016-08-24,Old Choa Chu Kang Road,S121,,24.4,,nea_v2_api
2016-08-24,Marina Gardens Drive,S108,,24.8,,nea_v2_api
2016-08-25,Sentosa,S60,,28.5,,nea_v2_api
2016-08-25,Banyan Road,S117,,28.9,,nea_v2_api
2016-08-25,Kim Chuan Road,S43,,28.9,,nea_v2_api
2016-08-25,Nanyang Avenue,S44,,28.4,,nea_v2_api
2016-08-25,Clementi Road,S50,,28.1,,nea_v2_api
2016-08-25,West Coast Highway,S116,,29.3,,nea_v2_api
2016-08-25,Tuas South Avenue 3,S115,,29.2,,nea_v2_api
2016-08-25,Tanah Merah Coast Road,S96,,29.2,,nea_v2_api
2016-08-25,Woodlands Avenue 9,S104,,28.0,,nea_v2_api
2016-08-25,Woodlands Road,S100,,29.1,,nea_v2_api
2016-08-25,Semakau Landfill,S102,,29.0,,nea_v2_api
2016-08-25,Sembawang Road,S122,,27.8,,nea_v2_api
2016-08-25,Ang Mo Kio Avenue 5,S109,,28.6,,nea_v2_api
2016-08-25,Upper Changi Road North,S24B,,28.3,,nea_v2_api
2016-08-25,Upper Changi Road North,S24,,28.2,,nea_v2_api
2016-08-25,East Coast Parkway,S107,,29.2,,nea_v2_api
2016-08-25,Old Choa Chu Kang Road,S121,,28.8,,nea_v2_api
2016-08-25,Marina Gardens Drive,S108,,28.7,,nea_v2_api
2016-08-26,Sentosa,S60,,26.0,,nea_v2_api
2016-08-26,Banyan Road,S117,,27.1,,nea_v2_api
2016-08-26,Kim Chuan Road,S43,,26.9,,nea_v2_api
2016-08-26,Nanyang Avenue,S44,,27.1,,nea_v2_api
2016-08-26,Clementi Road,S50,,26.3,,nea_v2_api
2016-08-26,West Coast Highway,S116,,27.4,,nea_v2_api
2016-08-26,Tuas South Avenue 3,S115,,27.5,,nea_v2_api
2016-08-26,Tanah Merah Coast Road,S96,,26.4,,nea_v2_api
2016-08-26,Woodlands Avenue 9,S104,,26.8,,nea_v2_api
2016-08-26,Woodlands Road,S100,,27.8,,nea_v2_api
2016-08-26,Semakau Landfill,S102,,26.9,,nea_v2_api
2016-08-26,Sembawang Road,S122,,26.6,,nea_v2_api
2016-08-26,Ang Mo Kio Avenue 5,S109,,27.1,,nea_v2_api
2016-08-26,Upper Changi Road North,S24B,,26.1,,nea_v2_api
2016-08-26,Upper Changi Road North,S24,,25.9,,nea_v2_api
2016-08-26,East Coast Parkway,S107,,26.6,,nea_v2_api
2016-08-26,Old Choa Chu Kang Road,S121,,26.9,,nea_v2_api
2016-08-26,Marina Gardens Drive,S108,,26.4,,nea_v2_api
2016-08-27,Sentosa,S60,,28.6,,nea_v2_api
2016-08-27,Banyan Road,S117,,29.1,,nea_v2_api
2016-08-27,Kim Chuan Road,S43,,29.6,,nea_v2_api
2016-08-27,Nanyang Avenue,S44,,28.8,,nea_v2_api
2016-08-27,Clementi Road,S50,,28.6,,nea_v2_api
2016-08-27,West Coast Highway,S116,,29.7,,nea_v2_api
2016-08-27,Pulau Ubin,S106,,27.3,,nea_v2_api
2016-08-27,Tuas South Avenue 3,S115,,29.2,,nea_v2_api
2016-08-27,Tanah Merah Coast Road,S96,,29.7,,nea_v2_api
2016-08-27,Woodlands Avenue 9,S104,,29.1,,nea_v2_api
2016-08-27,Woodlands Road,S100,,29.7,,nea_v2_api
2016-08-27,Semakau Landfill,S102,,29.4,,nea_v2_api
2016-08-27,Sembawang Road,S122,,27.7,,nea_v2_api
2016-08-27,Ang Mo Kio Avenue 5,S109,,29.6,,nea_v2_api
2016-08-27,Upper Changi Road North,S24B,,28.9,,nea_v2_api
2016-08-27,Upper Changi Road North,S24,,28.9,,nea_v2_api
2016-08-27,East Coast Parkway,S107,,29.5,,nea_v2_api
2016-08-27,Old Choa Chu Kang Road,S121,,28.7,,nea_v2_api
2016-08-27,Marina Gardens Drive,S108,,29.1,,nea_v2_api
2016-08-28,Sentosa,S60,,28.2,,nea_v2_api
2016-08-28,Banyan Road,S117,,28.6,,nea_v2_api
2016-08-28,Kim Chuan Road,S43,,29.2,,nea_v2_api
2016-08-28,Nanyang Avenue,S44,,28.4,,nea_v2_api
2016-08-28,Clementi Road,S50,,28.1,,nea_v2_api
2016-08-28,West Coast Highway,S116,,29.2,,nea_v2_api
2016-08-28,Pulau Ubin,S106,,26.6,,nea_v2_api
2016-08-28,Tuas South Avenue 3,S115,,28.9,,nea_v2_api
2016-08-28,Tanah Merah Coast Road,S96,,28.9,,nea_v2_api
2016-08-28,Woodlands Avenue 9,S104,,28.3,,nea_v2_api
2016-08-28,Woodlands Road,S100,,29.1,,nea_v2_api
2016-08-28,Semakau Landfill,S102,,28.9,,nea_v2_api
2016-08-28,Sembawang Road,S122,,27.7,,nea_v2_api
2016-08-28,Ang Mo Kio Avenue 5,S109,,28.7,,nea_v2_api
2016-08-28,Upper Changi Road North,S24B,,28.3,,nea_v2_api
2016-08-28,Upper Changi Road North,S24,,28.1,,nea_v2_api
2016-08-28,East Coast Parkway,S107,,29.1,,nea_v2_api
2016-08-28,Old Choa Chu Kang Road,S121,,28.4,,nea_v2_api
2016-08-28,Marina Gardens Drive,S108,,28.7,,nea_v2_api
2016-08-29,Sentosa,S60,,28.4,,nea_v2_api
2016-08-29,Banyan Road,S117,,28.8,,nea_v2_api
2016-08-29,Kim Chuan Road,S43,,27.8,,nea_v2_api
2016-08-29,Nanyang Avenue,S44,,27.1,,nea_v2_api
2016-08-29,Clementi Road,S50,,27.4,,nea_v2_api
2016-08-29,West Coast Highway,S116,,29.3,,nea_v2_api
2016-08-29,Pulau Ubin,S106,,25.9,,nea_v2_api
2016-08-29,Tuas South Avenue 3,S115,,28.5,,nea_v2_api
2016-08-29,Tanah Merah Coast Road,S96,,29.2,,nea_v2_api
2016-08-29,Woodlands Avenue 9,S104,,26.6,,nea_v2_api
2016-08-29,Woodlands Road,S100,,27.4,,nea_v2_api
2016-08-29,Semakau Landfill,S102,,29.1,,nea_v2_api
2016-08-29,Sembawang Road,S122,,26.7,,nea_v2_api
2016-08-29,Ang Mo Kio Avenue 5,S109,,27.0,,nea_v2_api
2016-08-29,Upper Changi Road North,S24B,,27.6,,nea_v2_api
2016-08-29,Upper Changi Road North,S24,,27.2,,nea_v2_api
2016-08-29,East Coast Parkway,S107,,29.1,,nea_v2_api
2016-08-29,Old Choa Chu Kang Road,S121,,27.3,,nea_v2_api
2016-08-29,Marina Gardens Drive,S108,,29.0,,nea_v2_api
2016-08-30,Sentosa,S60,,28.8,,nea_v2_api
2016-08-30,Banyan Road,S117,,29.1,,nea_v2_api
2016-08-30,Kim Chuan Road,S43,,29.6,,nea_v2_api
2016-08-30,Nanyang Avenue,S44,,28.8,,nea_v2_api
2016-08-30,Clementi Road,S50,,28.8,,nea_v2_api
2016-08-30,West Coast Highway,S116,,29.7,,nea_v2_api
2016-08-30,Pulau Ubin,S106,,28.1,,nea_v2_api
2016-08-30,Tuas South Avenue 3,S115,,29.5,,nea_v2_api
2016-08-30,Tanah Merah Coast Road,S96,,29.3,,nea_v2_api
2016-08-30,Woodlands Avenue 9,S104,,29.0,,nea_v2_api
2016-08-30,Woodlands Road,S100,,28.9,,nea_v2_api
2016-08-30,Semakau Landfill,S102,,29.2,,nea_v2_api
2016-08-30,Sembawang Road,S122,,29.0,,nea_v2_api
2016-08-30,Ang Mo Kio Avenue 5,S109,,28.9,,nea_v2_api
2016-08-30,Upper Changi Road North,S24B,,29.0,,nea_v2_api
2016-08-30,Upper Changi Road North,S24,,28.9,,nea_v2_api
2016-08-30,East Coast Parkway,S107,,29.5,,nea_v2_api
2016-08-30,Old Choa Chu Kang Road,S121,,28.6,,nea_v2_api
2016-08-30,Marina Gardens Drive,S108,,29.4,,nea_v2_api
2016-08-31,Sentosa,S60,,27.0,,nea_v2_api
2016-08-31,Banyan Road,S117,,27.7,,nea_v2_api
2016-08-31,Kim Chuan Road,S43,,27.9,,nea_v2_api
2016-08-31,Nanyang Avenue,S44,,27.4,,nea_v2_api
2016-08-31,Clementi Road,S50,,26.7,,nea_v2_api
2016-08-31,West Coast Highway,S116,,28.3,,nea_v2_api
2016-08-31,Pulau Ubin,S106,,25.3,,nea_v2_api
2016-08-31,Tuas South Avenue 3,S115,,27.7,,nea_v2_api
2016-08-31,Tanah Merah Coast Road,S96,,28.4,,nea_v2_api
2016-08-31,Woodlands Avenue 9,S104,,27.0,,nea_v2_api
2016-08-31,Woodlands Road,S100,,26.4,,nea_v2_api
2016-08-31,Semakau Landfill,S102,,28.3,,nea_v2_api
2016-08-31,Sembawang Road,S122,,25.2,,nea_v2_api
2016-08-31,Ang Mo Kio Avenue 5,S109,,27.1,,nea_v2_api
2016-08-31,Upper Changi Road North,S24B,,27.1,,nea_v2_api
2016-08-31,Upper Changi Road North,S24,,27.0,,nea_v2_api
2016-08-31,East Coast Parkway,S107,,28.6,,nea_v2_api
2016-08-31,Old Choa Chu Kang Road,S121,,26.0,,nea_v2_api
2016-08-31,Marina Gardens Drive,S108,,27.5,,nea_v2_api
2016-09-01,Sentosa,S60,,27.5,,nea_v2_api
2016-09-01,Banyan Road,S117,,28.0,,nea_v2_api
2016-09-01,Kim Chuan Road,S43,,28.6,,nea_v2_api
2016-09-01,Nanyang Avenue,S44,,26.1,,nea_v2_api
2016-09-01,Clementi Road,S50,,27.3,,nea_v2_api
2016-09-01,West Coast Highway,S116,,28.6,,nea_v2_api
2016-09-01,Pulau Ubin,S106,,26.4,,nea_v2_api
2016-09-01,Tuas South Avenue 3,S115,,28.1,,nea_v2_api
2016-09-01,Tanah Merah Coast Road,S96,,28.8,,nea_v2_api
2016-09-01,Woodlands Avenue 9,S104,,26.7,,nea_v2_api
2016-09-01,Woodlands Road,S100,,27.1,,nea_v2_api
2016-09-01,Semakau Landfill,S102,,28.5,,nea_v2_api
2016-09-01,Sembawang Road,S122,,26.3,,nea_v2_api
2016-09-01,Ang Mo Kio Avenue 5,S109,,27.4,,nea_v2_api
2016-09-01,Upper Changi Road North,S24B,,28.0,,nea_v2_api
2016-09-01,Upper Changi Road North,S24,,27.9,,nea_v2_api
2016-09-01,East Coast Parkway,S107,,28.7,,nea_v2_api
2016-09-01,Old Choa Chu Kang Road,S121,,26.7,,nea_v2_api
2016-09-01,Marina Gardens Drive,S108,,28.1,,nea_v2_api
2016-09-02,Sentosa,S60,,25.6,,nea_v2_api
2016-09-02,Banyan Road,S117,,26.6,,nea_v2_api
2016-09-02,Kim Chuan Road,S43,,27.2,,nea_v2_api
2016-09-02,Nanyang Avenue,S44,,24.6,,nea_v2_api
2016-09-02,Clementi Road,S50,,25.2,,nea_v2_api
2016-09-02,West Coast Highway,S116,,27.4,,nea_v2_api
2016-09-02,Pulau Ubin,S106,,23.4,,nea_v2_api
2016-09-02,Tuas South Avenue 3,S115,,26.7,,nea_v2_api
2016-09-02,Tanah Merah Coast Road,S96,,27.1,,nea_v2_api
2016-09-02,Woodlands Avenue 9,S104,,25.2,,nea_v2_api
2016-09-02,Woodlands Road,S100,,25.5,,nea_v2_api
2016-09-02,Semakau Landfill,S102,,27.6,,nea_v2_api
2016-09-02,Sembawang Road,S122,,24.2,,nea_v2_api
2016-09-02,Ang Mo Kio Avenue 5,S109,,25.4,,nea_v2_api
2016-09-02,Upper Changi Road North,S24B,,26.1,,nea_v2_api
2016-09-02,Upper Changi Road North,S24,,26.0,,nea_v2_api
2016-09-02,East Coast Parkway,S107,,27.5,,nea_v2_api
2016-09-02,Old Choa Chu Kang Road,S121,,25.2,,nea_v2_api
2016-09-02,Marina Gardens Drive,S108,,26.0,,nea_v2_api
2016-09-03,Sentosa,S60,,28.0,,nea_v2_api
2016-09-03,Banyan Road,S117,,28.9,,nea_v2_api
2016-09-03,Kim Chuan Road,S43,,29.0,,nea_v2_api
2016-09-03,Nanyang Avenue,S44,,28.2,,nea_v2_api
2016-09-03,Clementi Road,S50,,27.7,,nea_v2_api
2016-09-03,West Coast Highway,S116,,29.3,,nea_v2_api
2016-09-03,Pulau Ubin,S106,,26.4,,nea_v2_api
2016-09-03,Tuas South Avenue 3,S115,,28.6,,nea_v2_api
2016-09-03,Tanah Merah Coast Road,S96,,29.1,,nea_v2_api
2016-09-03,Woodlands Avenue 9,S104,,28.5,,nea_v2_api
2016-09-03,Woodlands Road,S100,,27.7,,nea_v2_api
2016-09-03,Semakau Landfill,S102,,29.2,,nea_v2_api
2016-09-03,Sembawang Road,S122,,25.9,,nea_v2_api
2016-09-03,Ang Mo Kio Avenue 5,S109,,28.0,,nea_v2_api
2016-09-03,Upper Changi Road North,S24B,,28.7,,nea_v2_api
2016-09-03,Upper Changi Road North,S24,,28.6,,nea_v2_api
2016-09-03,East Coast Parkway,S107,,29.3,,nea_v2_api
2016-09-03,Old Choa Chu Kang Road,S121,,27.0,,nea_v2_api
2016-09-03,Marina Gardens Drive,S108,,28.7,,nea_v2_api
2016-09-04,Sentosa,S60,,28.5,,nea_v2_api
2016-09-04,Banyan Road,S117,,29.2,,nea_v2_api
2016-09-04,Kim Chuan Road,S43,,29.4,,nea_v2_api
2016-09-04,Nanyang Avenue,S44,,28.6,,nea_v2_api
2016-09-04,Clementi Road,S50,,28.5,,nea_v2_api
2016-09-04,West Coast Highway,S116,,29.6,,nea_v2_api
2016-09-04,Pulau Ubin,S106,,27.1,,nea_v2_api
2016-09-04,Tuas South Avenue 3,S115,,29.1,,nea_v2_api
2016-09-04,Tanah Merah Coast Road,S96,,29.2,,nea_v2_api
2016-09-04,Woodlands Avenue 9,S104,,28.7,,nea_v2_api
2016-09-04,Woodlands Road,S100,,28.1,,nea_v2_api
2016-09-04,Semakau Landfill,S102,,29.3,,nea_v2_api
2016-09-04,Sembawang Road,S122,,26.8,,nea_v2_api
2016-09-04,Ang Mo Kio Avenue 5,S109,,28.8,,nea_v2_api
2016-09-04,Upper Changi Road North,S24B,,28.7,,nea_v2_api
2016-09-04,Upper Changi Road North,S24,,28.7,,nea_v2_api
2016-09-04,East Coast Parkway,S107,,29.5,,nea_v2_api
2016-09-04,Old Choa Chu Kang Road,S121,,27.6,,nea_v2_api
2016-09-04,Marina Gardens Drive,S108,,29.1,,nea_v2_api
2016-09-05,Sentosa,S60,,28.0,,nea_v2_api
2016-09-05,Banyan Road,S117,,28.0,,nea_v2_api
2016-09-05,Kim Chuan Road,S43,,28.2,,nea_v2_api
2016-09-05,Nanyang Avenue,S44,,26.5,,nea_v2_api
2016-09-05,Clementi Road,S50,,26.5,,nea_v2_api
2016-09-05,West Coast Highway,S116,,29.0,,nea_v2_api
2016-09-05,Pulau Ubin,S106,,25.4,,nea_v2_api
2016-09-05,Tuas South Avenue 3,S115,,27.5,,nea_v2_api
2016-09-05,Tanah Merah Coast Road,S96,,28.5,,nea_v2_api
2016-09-05,Woodlands Avenue 9,S104,,27.0,,nea_v2_api
2016-09-05,Woodlands Road,S100,,27.3,,nea_v2_api
2016-09-05,Semakau Landfill,S102,,29.1,,nea_v2_api
2016-09-05,Sembawang Road,S122,,25.9,,nea_v2_api
2016-09-05,Ang Mo Kio Avenue 5,S109,,27.0,,nea_v2_api
2016-09-05,Upper Changi Road North,S24B,,27.3,,nea_v2_api
2016-09-05,Upper Changi Road North,S24,,27.0,,nea_v2_api
2016-09-05,East Coast Parkway,S107,,28.7,,nea_v2_api
2016-09-05,Old Choa Chu Kang Road,S121,,26.8,,nea_v2_api
2016-09-05,Marina Gardens Drive,S108,,28.7,,nea_v2_api
2016-09-06,Sentosa,S60,,28.5,,nea_v2_api
2016-09-06,Banyan Road,S117,,28.6,,nea_v2_api
2016-09-06,Kim Chuan Road,S43,,29.0,,nea_v2_api
2016-09-06,Nanyang Avenue,S44,,26.8,,nea_v2_api
2016-09-06,Clementi Road,S50,,27.6,,nea_v2_api
2016-09-06,West Coast Highway,S116,,29.2,,nea_v2_api
2016-09-06,Tuas South Avenue 3,S115,,29.5,,nea_v2_api
2016-09-06,Tanah Merah Coast Road,S96,,29.3,,nea_v2_api
2016-09-06,Woodlands Avenue 9,S104,,27.6,,nea_v2_api
2016-09-06,Woodlands Road,S100,,27.8,,nea_v2_api
2016-09-06,Semakau Landfill,S102,,29.5,,nea_v2_api
2016-09-06,Sembawang Road,S122,,26.3,,nea_v2_api
2016-09-06,Ang Mo Kio Avenue 5,S109,,27.6,,nea_v2_api
2016-09-06,Upper Changi Road North,S24B,,28.0,,nea_v2_api
2016-09-06,Upper Changi Road North,S24,,28.0,,nea_v2_api
2016-09-06,East Coast Parkway,S107,,29.4,,nea_v2_api
2016-09-06,Old Choa Chu Kang Road,S121,,27.0,,nea_v2_api
2016-09-06,Marina Gardens Drive,S108,,28.9,,nea_v2_api
2016-09-07,Sentosa,S60,,27.8,,nea_v2_api
2016-09-07,Banyan Road,S117,,28.5,,nea_v2_api
2016-09-07,Kim Chuan Road,S43,,29.1,,nea_v2_api
2016-09-07,Nanyang Avenue,S44,,28.2,,nea_v2_api
2016-09-07,Clementi Road,S50,,27.4,,nea_v2_api
2016-09-07,West Coast Highway,S116,,28.9,,nea_v2_api
2016-09-07,Pulau Ubin,S106,,26.6,,nea_v2_api
2016-09-07,Tuas South Avenue 3,S115,,28.8,,nea_v2_api
2016-09-07,Tanah Merah Coast Road,S96,,28.9,,nea_v2_api
2016-09-07,Woodlands Avenue 9,S104,,28.2,,nea_v2_api
2016-09-07,Woodlands Road,S100,,28.7,,nea_v2_api
2016-09-07,Semakau Landfill,S102,,28.6,,nea_v2_api
2016-09-07,Sembawang Road,S122,,28.0,,nea_v2_api
2016-09-07,Ang Mo Kio Avenue 5,S109,,28.4,,nea_v2_api
2016-09-07,Upper Changi Road North,S24B,,28.4,,nea_v2_api
2016-09-07,Upper Changi Road North,S24,,28.4,,nea_v2_api
2016-09-07,East Coast Parkway,S107,,28.9,,nea_v2_api
2016-09-07,Old Choa Chu Kang Road,S121,,28.0,,nea_v2_api
2016-09-07,Marina Gardens Drive,S108,,28.7,,nea_v2_api
2016-09-08,Sentosa,S60,,28.2,,nea_v2_api
2016-09-08,Banyan Road,S117,,28.5,,nea_v2_api
2016-09-08,Kim Chuan Road,S43,,28.8,,nea_v2_api
2016-09-08,Nanyang Avenue,S44,,28.0,,nea_v2_api
2016-09-08,Clementi Road,S50,,27.6,,nea_v2_api
2016-09-08,West Coast Highway,S116,,28.9,,nea_v2_api
2016-09-08,Pulau Ubin,S106,,26.5,,nea_v2_api
2016-09-08,Tuas South Avenue 3,S115,,28.8,,nea_v2_api
2016-09-08,Tanah Merah Coast Road,S96,,29.0,,nea_v2_api
2016-09-08,Woodlands Avenue 9,S104,,27.9,,nea_v2_api
2016-09-08,Woodlands Road,S100,,27.7,,nea_v2_api
2016-09-08,Semakau Landfill,S102,,29.0,,nea_v2_api
2016-09-08,Sembawang Road,S122,,26.5,,nea_v2_api
2016-09-08,Ang Mo Kio Avenue 5,S109,,28.0,,nea_v2_api
2016-09-08,Upper Changi Road North,S24B,,28.1,,nea_v2_api
2016-09-08,Upper Changi Road North,S24,,28.0,,nea_v2_api
2016-09-08,East Coast Parkway,S107,,29.1,,nea_v2_api
2016-09-08,Old Choa Chu Kang Road,S121,,27.4,,nea_v2_api
2016-09-08,Marina Gardens Drive,S108,,28.4,,nea_v2_api
2016-09-09,Sentosa,S60,,28.3,,nea_v2_api
2016-09-09,Banyan Road,S117,,28.7,,nea_v2_api
2016-09-09,Kim Chuan Road,S43,,29.3,,nea_v2_api
2016-09-09,Nanyang Avenue,S44,,28.5,,nea_v2_api
2016-09-09,Clementi Road,S50,,28.1,,nea_v2_api
2016-09-09,West Coast Highway,S116,,29.0,,nea_v2_api
2016-09-09,Pulau Ubin,S106,,27.0,,nea_v2_api
2016-09-09,Tuas South Avenue 3,S115,,28.9,,nea_v2_api
2016-09-09,Tanah Merah Coast Road,S96,,29.1,,nea_v2_api
2016-09-09,Woodlands Avenue 9,S104,,28.7,,nea_v2_api
2016-09-09,Woodlands Road,S100,,28.3,,nea_v2_api
2016-09-09,Semakau Landfill,S102,,28.9,,nea_v2_api
2016-09-09,Sembawang Road,S122,,27.9,,nea_v2_api
2016-09-09,Ang Mo Kio Avenue 5,S109,,28.7,,nea_v2_api
2016-09-09,Upper Changi Road North,S24B,,29.1,,nea_v2_api
2016-09-09,Upper Changi Road North,S24,,29.0,,nea_v2_api
2016-09-09,East Coast Parkway,S107,,29.4,,nea_v2_api
2016-09-09,Old Choa Chu Kang Road,S121,,28.3,,nea_v2_api
2016-09-09,Marina Gardens Drive,S108,,29.0,,nea_v2_api
2016-09-10,Sentosa,S60,,26.5,,nea_v2_api
2016-09-10,Banyan Road,S117,,27.0,,nea_v2_api
2016-09-10,Kim Chuan Road,S43,,26.7,,nea_v2_api
2016-09-10,Nanyang Avenue,S44,,24.4,,nea_v2_api
2016-09-10,Clementi Road,S50,,24.9,,nea_v2_api
2016-09-10,West Coast Highway,S116,,27.0,,nea_v2_api
2016-09-10,Pulau Ubin,S106,,23.8,,nea_v2_api
2016-09-10,Tuas South Avenue 3,S115,,26.1,,nea_v2_api
2016-09-10,Tanah Merah Coast Road,S96,,26.5,,nea_v2_api
2016-09-10,Woodlands Avenue 9,S104,,24.3,,nea_v2_api
2016-09-10,Woodlands Road,S100,,25.2,,nea_v2_api
2016-09-10,Sembawang Road,S122,,24.1,,nea_v2_api
2016-09-10,Ang Mo Kio Avenue 5,S109,,24.9,,nea_v2_api
2016-09-10,Upper Changi Road North,S24B,,25.9,,nea_v2_api
2016-09-10,Upper Changi Road North,S24,,25.6,,nea_v2_api
2016-09-10,East Coast Parkway,S107,,26.8,,nea_v2_api
2016-09-10,Old Choa Chu Kang Road,S121,,24.6,,nea_v2_api
2016-09-10,Marina Gardens Drive,S108,,26.9,,nea_v2_api
2016-09-11,Sentosa,S60,,27.4,,nea_v2_api
2016-09-11,Banyan Road,S117,,28.1,,nea_v2_api
2016-09-11,Kim Chuan Road,S43,,28.6,,nea_v2_api
2016-09-11,Nanyang Avenue,S44,,27.7,,nea_v2_api
2016-09-11,Clementi Road,S50,,27.1,,nea_v2_api
2016-09-11,West Coast Highway,S116,,28.6,,nea_v2_api
2016-09-11,Pulau Ubin,S106,,25.8,,nea_v2_api
2016-09-11,Tuas South Avenue 3,S115,,28.2,,nea_v2_api
2016-09-11,Tanah Merah Coast Road,S96,,28.7,,nea_v2_api
2016-09-11,Woodlands Avenue 9,S104,,28.0,,nea_v2_api
2016-09-11,Woodlands Road,S100,,27.4,,nea_v2_api
2016-09-11,Semakau Landfill,S102,,28.2,,nea_v2_api
2016-09-11,Sembawang Road,S122,,26.0,,nea_v2_api
2016-09-11,Ang Mo Kio Avenue 5,S109,,28.0,,nea_v2_api
2016-09-11,Upper Changi Road North,S24B,,27.8,,nea_v2_api
2016-09-11,Upper Changi Road North,S24,,27.9,,nea_v2_api
2016-09-11,East Coast Parkway,S107,,28.8,,nea_v2_api
2016-09-11,Old Choa Chu Kang Road,S121,,27.5,,nea_v2_api
2016-09-11,Marina Gardens Drive,S108,,28.4,,nea_v2_api
2016-09-12,Sentosa,S60,,27.1,,nea_v2_api
2016-09-12,Banyan Road,S117,,26.5,,nea_v2_api
2016-09-12,Kim Chuan Road,S43,,28.3,,nea_v2_api
2016-09-12,Nanyang Avenue,S44,,26.0,,nea_v2_api
2016-09-12,Clementi Road,S50,,25.7,,nea_v2_api
2016-09-12,West Coast Highway,S116,,27.9,,nea_v2_api
2016-09-12,Pulau Ubin,S106,,24.9,,nea_v2_api
2016-09-12,Tuas South Avenue 3,S115,,25.8,,nea_v2_api
2016-09-12,Tanah Merah Coast Road,S96,,28.6,,nea_v2_api
2016-09-12,Woodlands Avenue 9,S104,,25.3,,nea_v2_api
2016-09-12,Woodlands Road,S100,,24.8,,nea_v2_api
2016-09-12,Semakau Landfill,S102,,28.4,,nea_v2_api
2016-09-12,Sembawang Road,S122,,24.4,,nea_v2_api
2016-09-12,Ang Mo Kio Avenue 5,S109,,27.1,,nea_v2_api
2016-09-12,Upper Changi Road North,S24B,,26.9,,nea_v2_api
2016-09-12,Upper Changi Road North,S24,,26.9,,nea_v2_api
2016-09-12,East Coast Parkway,S107,,28.1,,nea_v2_api
2016-09-12,Old Choa Chu Kang Road,S121,,24.7,,nea_v2_api
2016-09-12,Marina Gardens Drive,S108,,27.6,,nea_v2_api
2016-09-13,Sentosa,S60,,26.9,,nea_v2_api
2016-09-13,Banyan Road,S117,,27.7,,nea_v2_api
2016-09-13,Kim Chuan Road,S43,,26.6,,nea_v2_api
2016-09-13,Nanyang Avenue,S44,,25.3,,nea_v2_api
2016-09-13,Clementi Road,S50,,25.7,,nea_v2_api
2016-09-13,West Coast Highway,S116,,27.6,,nea_v2_api
2016-09-13,Pulau Ubin,S106,,25.0,,nea_v2_api
2016-09-13,Tuas South Avenue 3,S115,,27.1,,nea_v2_api
2016-09-13,Tanah Merah Coast Road,S96,,28.5,,nea_v2_api
2016-09-13,Woodlands Avenue 9,S104,,25.7,,nea_v2_api
2016-09-13,Woodlands Road,S100,,25.6,,nea_v2_api
2016-09-13,Semakau Landfill,S102,,27.8,,nea_v2_api
2016-09-13,Sembawang Road,S122,,24.9,,nea_v2_api
2016-09-13,Ang Mo Kio Avenue 5,S109,,25.8,,nea_v2_api
2016-09-13,Upper Changi Road North,S24B,,26.5,,nea_v2_api
2016-09-13,Upper Changi Road North,S24,,26.2,,nea_v2_api
2016-09-13,East Coast Parkway,S107,,27.2,,nea_v2_api
2016-09-13,Old Choa Chu Kang Road,S121,,25.4,,nea_v2_api
2016-09-13,Marina Gardens Drive,S108,,27.1,,nea_v2_api
2016-09-14,Sentosa,S60,,28.4,,nea_v2_api
2016-09-14,Banyan Road,S117,,29.0,,nea_v2_api
2016-09-14,Kim Chuan Road,S43,,29.1,,nea_v2_api
2016-09-14,Nanyang Avenue,S44,,28.5,,nea_v2_api
2016-09-14,Clementi Road,S50,,28.0,,nea_v2_api
2016-09-14,West Coast Highway,S116,,29.5,,nea_v2_api
2016-09-14,Pulau Ubin,S106,,27.5,,nea_v2_api
2016-09-14,Tuas South Avenue 3,S115,,29.0,,nea_v2_api
2016-09-14,Tanah Merah Coast Road,S96,,29.3,,nea_v2_api
2016-09-14,Woodlands Avenue 9,S104,,28.6,,nea_v2_api
2016-09-14,Woodlands Road,S100,,28.2,,nea_v2_api
2016-09-14,Semakau Landfill,S102,,29.1,,nea_v2_api
2016-09-14,Sembawang Road,S122,,27.8,,nea_v2_api
2016-09-14,Ang Mo Kio Avenue 5,S109,,28.6,,nea_v2_api
2016-09-14,Upper Changi Road North,S24B,,28.9,,nea_v2_api
2016-09-14,Upper Changi Road North,S24,,28.8,,nea_v2_api
2016-09-14,East Coast Parkway,S107,,29.4,,nea_v2_api
2016-09-14,Old Choa Chu Kang Road,S121,,27.8,,nea_v2_api
2016-09-14,Marina Gardens Drive,S108,,29.2,,nea_v2_api
2016-09-15,Sentosa,S60,,26.4,,nea_v2_api
2016-09-15,Banyan Road,S117,,27.0,,nea_v2_api
2016-09-15,Kim Chuan Road,S43,,26.7,,nea_v2_api
2016-09-15,Nanyang Avenue,S44,,26.2,,nea_v2_api
2016-09-15,Clementi Road,S50,,25.8,,nea_v2_api
2016-09-15,West Coast Highway,S116,,27.2,,nea_v2_api
2016-09-15,Pulau Ubin,S106,,24.9,,nea_v2_api
2016-09-15,Tuas South Avenue 3,S115,,27.1,,nea_v2_api
2016-09-15,Tanah Merah Coast Road,S96,,27.2,,nea_v2_api
2016-09-15,Woodlands Avenue 9,S104,,26.6,,nea_v2_api
2016-09-15,S06,S06,,25.1,,nea_v2_api
2016-09-15,Woodlands Road,S100,,26.3,,nea_v2_api
2016-09-15,Semakau Landfill,S102,,28.1,,nea_v2_api
2016-09-15,Sembawang Road,S122,,25.2,,nea_v2_api
2016-09-15,Ang Mo Kio Avenue 5,S109,,26.3,,nea_v2_api
2016-09-15,Upper Changi Road North,S24B,,25.8,,nea_v2_api
2016-09-15,Upper Changi Road North,S24,,25.7,,nea_v2_api
2016-09-15,East Coast Parkway,S107,,26.5,,nea_v2_api
2016-09-15,Old Choa Chu Kang Road,S121,,25.8,,nea_v2_api
2016-09-15,Marina Gardens Drive,S108,,26.9,,nea_v2_api
2016-09-16,Sentosa,S60,,28.2,,nea_v2_api
2016-09-16,Banyan Road,S117,,29.2,,nea_v2_api
2016-09-16,Kim Chuan Road,S43,,29.2,,nea_v2_api
2016-09-16,Nanyang Avenue,S44,,29.0,,nea_v2_api
2016-09-16,West Coast Highway,S116,,29.5,,nea_v2_api
2016-09-16,Pulau Ubin,S106,,26.6,,nea_v2_api
2016-09-16,Tuas South Avenue 3,S115,,29.2,,nea_v2_api
2016-09-16,Tanah Merah Coast Road,S96,,29.3,,nea_v2_api
2016-09-16,Woodlands Avenue 9,S104,,28.7,,nea_v2_api
2016-09-16,S06,S06,,27.7,,nea_v2_api
2016-09-16,Woodlands Road,S100,,28.8,,nea_v2_api
2016-09-16,Semakau Landfill,S102,,29.0,,nea_v2_api
2016-09-16,Sembawang Road,S122,,27.0,,nea_v2_api
2016-09-16,Ang Mo Kio Avenue 5,S109,,29.2,,nea_v2_api
2016-09-16,Upper Changi Road North,S24B,,28.9,,nea_v2_api
2016-09-16,Upper Changi Road North,S24,,28.7,,nea_v2_api
2016-09-16,East Coast Parkway,S107,,29.4,,nea_v2_api
2016-09-16,Old Choa Chu Kang Road,S121,,28.2,,nea_v2_api
2016-09-16,Marina Gardens Drive,S108,,29.0,,nea_v2_api
2016-09-17,Sentosa,S60,,28.0,,nea_v2_api
2016-09-17,Banyan Road,S117,,28.4,,nea_v2_api
2016-09-17,Kim Chuan Road,S43,,29.0,,nea_v2_api
2016-09-17,Nanyang Avenue,S44,,28.4,,nea_v2_api
2016-09-17,Clementi Road,S50,,27.7,,nea_v2_api
2016-09-17,West Coast Highway,S116,,29.2,,nea_v2_api
2016-09-17,Pulau Ubin,S106,,26.2,,nea_v2_api
2016-09-17,Tuas South Avenue 3,S115,,28.9,,nea_v2_api
2016-09-17,Tanah Merah Coast Road,S96,,29.2,,nea_v2_api
2016-09-17,Woodlands Avenue 9,S104,,28.3,,nea_v2_api
2016-09-17,S06,S06,,27.4,,nea_v2_api
2016-09-17,Woodlands Road,S100,,28.2,,nea_v2_api
2016-09-17,Semakau Landfill,S102,,29.0,,nea_v2_api
2016-09-17,Sembawang Road,S122,,26.5,,nea_v2_api
2016-09-17,Ang Mo Kio Avenue 5,S109,,28.7,,nea_v2_api
2016-09-17,Upper Changi Road North,S24B,,28.0,,nea_v2_api
2016-09-17,Upper Changi Road North,S24,,27.8,,nea_v2_api
2016-09-17,East Coast Parkway,S107,,29.2,,nea_v2_api
2016-09-17,Old Choa Chu Kang Road,S121,,27.8,,nea_v2_api
2016-09-17,Marina Gardens Drive,S108,,28.2,,nea_v2_api
2016-09-18,Sentosa,S60,,28.6,,nea_v2_api
2016-09-18,Banyan Road,S117,,28.7,,nea_v2_api
2016-09-18,Kim Chuan Road,S43,,29.3,,nea_v2_api
2016-09-18,Nanyang Avenue,S44,,27.7,,nea_v2_api
2016-09-18,Clementi Road,S50,,27.7,,nea_v2_api
2016-09-18,West Coast Highway,S116,,29.1,,nea_v2_api
2016-09-18,Pulau Ubin,S106,,25.9,,nea_v2_api
2016-09-18,Tuas South Avenue 3,S115,,28.8,,nea_v2_api
2016-09-18,Tanah Merah Coast Road,S96,,29.0,,nea_v2_api
2016-09-18,Woodlands Avenue 9,S104,,27.7,,nea_v2_api
2016-09-18,S06,S06,,26.7,,nea_v2_api
2016-09-18,Woodlands Road,S100,,27.6,,nea_v2_api
2016-09-18,Semakau Landfill,S102,,29.3,,nea_v2_api
2016-09-18,Sembawang Road,S122,,26.2,,nea_v2_api
2016-09-18,Ang Mo Kio Avenue 5,S109,,28.4,,nea_v2_api
2016-09-18,Upper Changi Road North,S24B,,27.5,,nea_v2_api
2016-09-18,Upper Changi Road North,S24,,27.4,,nea_v2_api
2016-09-18,East Coast Parkway,S107,,28.1,,nea_v2_api
2016-09-18,Old Choa Chu Kang Road,S121,,27.2,,nea_v2_api
2016-09-18,Marina Gardens Drive,S108,,28.9,,nea_v2_api
2016-09-19,Sentosa,S60,,29.3,,nea_v2_api
2016-09-19,Banyan Road,S117,,29.5,,nea_v2_api
2016-09-19,Kim Chuan Road,S43,,29.3,,nea_v2_api
2016-09-19,Nanyang Avenue,S44,,27.5,,nea_v2_api
2016-09-19,Clementi Road,S50,,28.4,,nea_v2_api
2016-09-19,West Coast Highway,S116,,30.2,,nea_v2_api
2016-09-19,Pulau Ubin,S106,,26.1,,nea_v2_api
2016-09-19,Tuas South Avenue 3,S115,,29.9,,nea_v2_api
2016-09-19,Tanah Merah Coast Road,S96,,29.2,,nea_v2_api
2016-09-19,Woodlands Avenue 9,S104,,28.3,,nea_v2_api
2016-09-19,S06,S06,,27.5,,nea_v2_api
2016-09-19,Woodlands Road,S100,,28.2,,nea_v2_api
2016-09-19,Semakau Landfill,S102,,29.9,,nea_v2_api
2016-09-19,Sembawang Road,S122,,26.2,,nea_v2_api
2016-09-19,Ang Mo Kio Avenue 5,S109,,28.1,,nea_v2_api
2016-09-19,Upper Changi Road North,S24B,,28.3,,nea_v2_api
2016-09-19,Upper Changi Road North,S24,,28.2,,nea_v2_api
2016-09-19,East Coast Parkway,S107,,28.5,,nea_v2_api
2016-09-19,Old Choa Chu Kang Road,S121,,27.8,,nea_v2_api
2016-09-19,Marina Gardens Drive,S108,,29.0,,nea_v2_api
2016-09-20,Sentosa,S60,,28.6,,nea_v2_api
2016-09-20,Banyan Road,S117,,29.2,,nea_v2_api
2016-09-20,Kim Chuan Road,S43,,29.1,,nea_v2_api
2016-09-20,Nanyang Avenue,S44,,27.8,,nea_v2_api
2016-09-20,Clementi Road,S50,,28.4,,nea_v2_api
2016-09-20,West Coast Highway,S116,,29.5,,nea_v2_api
2016-09-20,Pulau Ubin,S106,,27.1,,nea_v2_api
2016-09-20,Tuas South Avenue 3,S115,,29.2,,nea_v2_api
2016-09-20,Tanah Merah Coast Road,S96,,29.0,,nea_v2_api
2016-09-20,Woodlands Avenue 9,S104,,28.5,,nea_v2_api
2016-09-20,S06,S06,,28.7,,nea_v2_api
2016-09-20,Woodlands Road,S100,,28.9,,nea_v2_api
2016-09-20,Sembawang Road,S122,,27.5,,nea_v2_api
2016-09-20,Ang Mo Kio Avenue 5,S109,,28.7,,nea_v2_api
2016-09-20,Upper Changi Road North,S24B,,28.6,,nea_v2_api
2016-09-20,Upper Changi Road North,S24,,28.7,,nea_v2_api
2016-09-20,East Coast Parkway,S107,,29.3,,nea_v2_api
2016-09-20,Old Choa Chu Kang Road,S121,,28.1,,nea_v2_api
2016-09-20,Marina Gardens Drive,S108,,29.0,,nea_v2_api
2016-09-21,Sentosa,S60,,28.6,,nea_v2_api
2016-09-21,Banyan Road,S117,,28.9,,nea_v2_api
2016-09-21,Kim Chuan Road,S43,,28.8,,nea_v2_api
2016-09-21,Nanyang Avenue,S44,,27.5,,nea_v2_api
2016-09-21,Clementi Road,S50,,27.9,,nea_v2_api
2016-09-21,West Coast Highway,S116,,29.4,,nea_v2_api
2016-09-21,Tuas South Avenue 3,S115,,29.5,,nea_v2_api
2016-09-21,Tanah Merah Coast Road,S96,,28.9,,nea_v2_api
2016-09-21,Woodlands Avenue 9,S104,,28.1,,nea_v2_api
2016-09-21,S06,S06,,28.5,,nea_v2_api
2016-09-21,Woodlands Road,S100,,28.3,,nea_v2_api
2016-09-21,Semakau Landfill,S102,,29.6,,nea_v2_api
2016-09-21,Sembawang Road,S122,,26.9,,nea_v2_api
2016-09-21,Ang Mo Kio Avenue 5,S109,,28.5,,nea_v2_api
2016-09-21,Upper Changi Road North,S24B,,28.5,,nea_v2_api
2016-09-21,Upper Changi Road North,S24,,28.4,,nea_v2_api
2016-09-21,East Coast Parkway,S107,,29.1,,nea_v2_api
2016-09-21,Old Choa Chu Kang Road,S121,,27.5,,nea_v2_api
2016-09-21,Marina Gardens Drive,S108,,28.7,,nea_v2_api
2016-09-22,Sentosa,S60,,26.9,,nea_v2_api
2016-09-22,Banyan Road,S117,,27.3,,nea_v2_api
2016-09-22,Kim Chuan Road,S43,,27.6,,nea_v2_api
2016-09-22,Nanyang Avenue,S44,,26.4,,nea_v2_api
2016-09-22,Clementi Road,S50,,26.4,,nea_v2_api
2016-09-22,West Coast Highway,S116,,28.1,,nea_v2_api
2016-09-22,Pulau Ubin,S106,,24.5,,nea_v2_api
2016-09-22,Tuas South Avenue 3,S115,,28.0,,nea_v2_api
2016-09-22,Woodlands Avenue 9,S104,,25.8,,nea_v2_api
2016-09-22,S06,S06,,26.2,,nea_v2_api
2016-09-22,Woodlands Road,S100,,26.3,,nea_v2_api
2016-09-22,Semakau Landfill,S102,,27.5,,nea_v2_api
2016-09-22,Sembawang Road,S122,,25.3,,nea_v2_api
2016-09-22,Ang Mo Kio Avenue 5,S109,,26.2,,nea_v2_api
2016-09-22,Upper Changi Road North,S24B,,26.3,,nea_v2_api
2016-09-22,East Coast Parkway,S107,,26.9,,nea_v2_api
2016-09-22,Old Choa Chu Kang Road,S121,,26.1,,nea_v2_api
2016-09-22,Marina Gardens Drive,S108,,27.2,,nea_v2_api
2016-09-23,Sentosa,S60,,27.5,,nea_v2_api
2016-09-23,Banyan Road,S117,,27.9,,nea_v2_api
2016-09-23,Kim Chuan Road,S43,,27.7,,nea_v2_api
2016-09-23,Nanyang Avenue,S44,,26.4,,nea_v2_api
2016-09-23,Clementi Road,S50,,26.2,,nea_v2_api
2016-09-23,West Coast Highway,S116,,27.9,,nea_v2_api
2016-09-23,Pulau Ubin,S106,,25.4,,nea_v2_api
2016-09-23,Tuas South Avenue 3,S115,,27.2,,nea_v2_api
2016-09-23,Tanah Merah Coast Road,S96,,27.0,,nea_v2_api
2016-09-23,Woodlands Avenue 9,S104,,26.7,,nea_v2_api
2016-09-23,S06,S06,,26.1,,nea_v2_api
2016-09-23,Woodlands Road,S100,,26.8,,nea_v2_api
2016-09-23,Semakau Landfill,S102,,28.1,,nea_v2_api
2016-09-23,Sembawang Road,S122,,25.2,,nea_v2_api
2016-09-23,Ang Mo Kio Avenue 5,S109,,26.5,,nea_v2_api
2016-09-23,Upper Changi Road North,S24B,,26.5,,nea_v2_api
2016-09-23,Upper Changi Road North,S24,,26.3,,nea_v2_api
2016-09-23,East Coast Parkway,S107,,27.4,,nea_v2_api
2016-09-23,Old Choa Chu Kang Road,S121,,26.4,,nea_v2_api
2016-09-23,Marina Gardens Drive,S108,,27.4,,nea_v2_api
2016-09-24,Sentosa,S60,,28.4,,nea_v2_api
2016-09-24,Banyan Road,S117,,29.0,,nea_v2_api
2016-09-24,Kim Chuan Road,S43,,27.8,,nea_v2_api
2016-09-24,Nanyang Avenue,S44,,27.5,,nea_v2_api
2016-09-24,Clementi Road,S50,,27.6,,nea_v2_api
2016-09-24,West Coast Highway,S116,,29.4,,nea_v2_api
2016-09-24,Pulau Ubin,S106,,24.1,,nea_v2_api
2016-09-24,Tuas South Avenue 3,S115,,28.8,,nea_v2_api
2016-09-24,Tanah Merah Coast Road,S96,,27.4,,nea_v2_api
2016-09-24,Woodlands Avenue 9,S104,,27.3,,nea_v2_api
2016-09-24,S06,S06,,26.2,,nea_v2_api
2016-09-24,Woodlands Road,S100,,27.4,,nea_v2_api
2016-09-24,Semakau Landfill,S102,,29.1,,nea_v2_api
2016-09-24,Sembawang Road,S122,,25.9,,nea_v2_api
2016-09-24,Ang Mo Kio Avenue 5,S109,,27.0,,nea_v2_api
2016-09-24,Upper Changi Road North,S24B,,26.5,,nea_v2_api
2016-09-24,Upper Changi Road North,S24,,26.3,,nea_v2_api
2016-09-24,East Coast Parkway,S107,,27.7,,nea_v2_api
2016-09-24,Old Choa Chu Kang Road,S121,,27.3,,nea_v2_api
2016-09-24,Marina Gardens Drive,S108,,28.6,,nea_v2_api
2016-09-25,Sentosa,S60,,28.5,,nea_v2_api
2016-09-25,Banyan Road,S117,,29.3,,nea_v2_api
2016-09-25,Kim Chuan Road,S43,,29.1,,nea_v2_api
2016-09-25,Nanyang Avenue,S44,,28.3,,nea_v2_api
2016-09-25,Clementi Road,S50,,28.5,,nea_v2_api
2016-09-25,West Coast Highway,S116,,29.9,,nea_v2_api
2016-09-25,Pulau Ubin,S106,,27.3,,nea_v2_api
2016-09-25,Tuas South Avenue 3,S115,,30.0,,nea_v2_api
2016-09-25,Tanah Merah Coast Road,S96,,28.9,,nea_v2_api
2016-09-25,Woodlands Avenue 9,S104,,28.6,,nea_v2_api
2016-09-25,S06,S06,,28.1,,nea_v2_api
2016-09-25,Woodlands Road,S100,,28.7,,nea_v2_api
2016-09-25,Semakau Landfill,S102,,29.3,,nea_v2_api
2016-09-25,Sembawang Road,S122,,28.6,,nea_v2_api
2016-09-25,Ang Mo Kio Avenue 5,S109,,28.6,,nea_v2_api
2016-09-25,Upper Changi Road North,S24B,,28.6,,nea_v2_api
2016-09-25,Upper Changi Road North,S24,,28.5,,nea_v2_api
2016-09-25,East Coast Parkway,S107,,29.2,,nea_v2_api
2016-09-25,Old Choa Chu Kang Road,S121,,28.6,,nea_v2_api
2016-09-25,Marina Gardens Drive,S108,,29.0,,nea_v2_api
2016-09-26,Sentosa,S60,,28.1,,nea_v2_api
2016-09-26,Banyan Road,S117,,29.1,,nea_v2_api
2016-09-26,Kim Chuan Road,S43,,27.7,,nea_v2_api
2016-09-26,Nanyang Avenue,S44,,27.6,,nea_v2_api
2016-09-26,Clementi Road,S50,,27.6,,nea_v2_api
2016-09-26,West Coast Highway,S116,,28.4,,nea_v2_api
2016-09-26,Tuas South Avenue 3,S115,,28.8,,nea_v2_api
2016-09-26,Tanah Merah Coast Road,S96,,27.8,,nea_v2_api
2016-09-26,Woodlands Avenue 9,S104,,27.4,,nea_v2_api
2016-09-26,S06,S06,,27.2,,nea_v2_api
2016-09-26,Woodlands Road,S100,,27.6,,nea_v2_api
2016-09-26,Semakau Landfill,S102,,29.1,,nea_v2_api
2016-09-26,Sembawang Road,S122,,27.4,,nea_v2_api
2016-09-26,Ang Mo Kio Avenue 5,S109,,27.3,,nea_v2_api
2016-09-26,Upper Changi Road North,S24B,,27.3,,nea_v2_api
2016-09-26,Upper Changi Road North,S24,,27.0,,nea_v2_api
2016-09-26,East Coast Parkway,S107,,28.2,,nea_v2_api
2016-09-26,Old Choa Chu Kang Road,S121,,28.1,,nea_v2_api
2016-09-26,Marina Gardens Drive,S108,,28.3,,nea_v2_api
2016-09-27,Sentosa,S60,,28.2,,nea_v2_api
2016-09-27,Banyan Road,S117,,28.6,,nea_v2_api
2016-09-27,Kim Chuan Road,S43,,27.7,,nea_v2_api
2016-09-27,Nanyang Avenue,S44,,26.5,,nea_v2_api
2016-09-27,Clementi Road,S50,,27.1,,nea_v2_api
2016-09-27,West Coast Highway,S116,,28.4,,nea_v2_api
2016-09-27,Pulau Ubin,S106,,24.6,,nea_v2_api
2016-09-27,Tuas South Avenue 3,S115,,28.0,,nea_v2_api
2016-09-27,Tanah Merah Coast Road,S96,,27.6,,nea_v2_api
2016-09-27,Woodlands Avenue 9,S104,,26.1,,nea_v2_api
2016-09-27,S06,S06,,26.7,,nea_v2_api
2016-09-27,Woodlands Road,S100,,27.5,,nea_v2_api
2016-09-27,Semakau Landfill,S102,,28.9,,nea_v2_api
2016-09-27,Sembawang Road,S122,,26.4,,nea_v2_api
2016-09-27,Ang Mo Kio Avenue 5,S109,,27.2,,nea_v2_api
2016-09-27,Upper Changi Road North,S24B,,26.9,,nea_v2_api
2016-09-27,East Coast Parkway,S107,,27.6,,nea_v2_api
2016-09-27,Old Choa Chu Kang Road,S121,,27.3,,nea_v2_api
2016-09-27,Marina Gardens Drive,S108,,28.5,,nea_v2_api
2016-09-28,Sentosa,S60,,29.1,,nea_v2_api
2016-09-28,Banyan Road,S117,,29.5,,nea_v2_api
2016-09-28,Kim Chuan Road,S43,,29.6,,nea_v2_api
2016-09-28,Nanyang Avenue,S44,,28.0,,nea_v2_api
2016-09-28,Clementi Road,S50,,28.5,,nea_v2_api
2016-09-28,West Coast Highway,S116,,29.7,,nea_v2_api
2016-09-28,Pulau Ubin,S106,,26.7,,nea_v2_api
2016-09-28,Tuas South Avenue 3,S115,,29.4,,nea_v2_api
2016-09-28,Tanah Merah Coast Road,S96,,29.0,,nea_v2_api
2016-09-28,Woodlands Avenue 9,S104,,27.5,,nea_v2_api
2016-09-28,S06,S06,,28.6,,nea_v2_api
2016-09-28,Woodlands Road,S100,,29.0,,nea_v2_api
2016-09-28,Semakau Landfill,S102,,29.9,,nea_v2_api
2016-09-28,Sembawang Road,S122,,28.1,,nea_v2_api
2016-09-28,Ang Mo Kio Avenue 5,S109,,28.3,,nea_v2_api
2016-09-28,Upper Changi Road North,S24B,,28.8,,nea_v2_api
2016-09-28,Upper Changi Road North,S24,,28.5,,nea_v2_api
2016-09-28,East Coast Parkway,S107,,29.7,,nea_v2_api
2016-09-28,Old Choa Chu Kang Road,S121,,28.1,,nea_v2_api
2016-09-28,Marina Gardens Drive,S108,,29.5,,nea_v2_api
2016-09-29,Sentosa,S60,,29.4,,nea_v2_api
2016-09-29,Banyan Road,S117,,29.8,,nea_v2_api
2016-09-29,Kim Chuan Road,S43,,28.4,,nea_v2_api
2016-09-29,Nanyang Avenue,S44,,28.5,,nea_v2_api
2016-09-29,Clementi Road,S50,,28.3,,nea_v2_api
2016-09-29,West Coast Highway,S116,,29.9,,nea_v2_api
2016-09-29,Pulau Ubin,S106,,26.5,,nea_v2_api
2016-09-29,Tuas South Avenue 3,S115,,29.5,,nea_v2_api
2016-09-29,Woodlands Avenue 9,S104,,28.1,,nea_v2_api
2016-09-29,S06,S06,,28.3,,nea_v2_api
2016-09-29,Woodlands Road,S100,,28.7,,nea_v2_api
2016-09-29,Semakau Landfill,S102,,29.7,,nea_v2_api
2016-09-29,Sembawang Road,S122,,28.0,,nea_v2_api
2016-09-29,Ang Mo Kio Avenue 5,S109,,27.7,,nea_v2_api
2016-09-29,Upper Changi Road North,S24B,,27.6,,nea_v2_api
2016-09-29,Upper Changi Road North,S24,,27.5,,nea_v2_api
2016-09-29,East Coast Parkway,S107,,28.5,,nea_v2_api
2016-09-29,Old Choa Chu Kang Road,S121,,28.5,,nea_v2_api
2016-09-29,Marina Gardens Drive,S108,,29.2,,nea_v2_api
2016-09-30,Sentosa,S60,,28.5,,nea_v2_api
2016-09-30,Banyan Road,S117,,28.6,,nea_v2_api
2016-09-30,Kim Chuan Road,S43,,28.7,,nea_v2_api
2016-09-30,Nanyang Avenue,S44,,28.1,,nea_v2_api
2016-09-30,Clementi Road,S50,,27.7,,nea_v2_api
2016-09-30,West Coast Highway,S116,,29.6,,nea_v2_api
2016-09-30,Pulau Ubin,S106,,26.3,,nea_v2_api
2016-09-30,Tuas South Avenue 3,S115,,29.1,,nea_v2_api
2016-09-30,Woodlands Avenue 9,S104,,28.6,,nea_v2_api
2016-09-30,S06,S06,,27.1,,nea_v2_api
2016-09-30,Woodlands Road,S100,,27.8,,nea_v2_api
2016-09-30,Semakau Landfill,S102,,29.6,,nea_v2_api
2016-09-30,Sembawang Road,S122,,25.6,,nea_v2_api
2016-09-30,Ang Mo Kio Avenue 5,S109,,28.6,,nea_v2_api
2016-09-30,Upper Changi Road North,S24B,,28.1,,nea_v2_api
2016-09-30,Upper Changi Road North,S24,,27.7,,nea_v2_api
2016-09-30,East Coast Parkway,S107,,29.1,,nea_v2_api
2016-09-30,Old Choa Chu Kang Road,S121,,27.5,,nea_v2_api
2016-09-30,Marina Gardens Drive,S108,,29.2,,nea_v2_api
2016-10-01,Sentosa,S60,,28.8,,nea_v2_api
2016-10-01,Banyan Road,S117,,29.2,,nea_v2_api
2016-10-01,Kim Chuan Road,S43,,27.6,,nea_v2_api
2016-10-01,Nanyang Avenue,S44,,26.6,,nea_v2_api
2016-10-01,Clementi Road,S50,,27.4,,nea_v2_api
2016-10-01,West Coast Highway,S116,,28.8,,nea_v2_api
2016-10-01,Pulau Ubin,S106,,24.2,,nea_v2_api
2016-10-01,Tuas South Avenue 3,S115,,28.6,,nea_v2_api
2016-10-01,Tanah Merah Coast Road,S96,,27.4,,nea_v2_api
2016-10-01,Woodlands Avenue 9,S104,,26.3,,nea_v2_api
2016-10-01,S06,S06,,26.1,,nea_v2_api
2016-10-01,Woodlands Road,S100,,27.4,,nea_v2_api
2016-10-01,Semakau Landfill,S102,,29.4,,nea_v2_api
2016-10-01,Sembawang Road,S122,,25.6,,nea_v2_api
2016-10-01,Ang Mo Kio Avenue 5,S109,,26.5,,nea_v2_api
2016-10-01,Upper Changi Road North,S24B,,26.7,,nea_v2_api
2016-10-01,Upper Changi Road North,S24,,26.1,,nea_v2_api
2016-10-01,East Coast Parkway,S107,,27.6,,nea_v2_api
2016-10-01,Old Choa Chu Kang Road,S121,,27.3,,nea_v2_api
2016-10-01,Marina Gardens Drive,S108,,28.5,,nea_v2_api
2016-10-02,Sentosa,S60,,28.5,,nea_v2_api
2016-10-02,Banyan Road,S117,,28.7,,nea_v2_api
2016-10-02,Kim Chuan Road,S43,,28.7,,nea_v2_api
2016-10-02,Nanyang Avenue,S44,,27.7,,nea_v2_api
2016-10-02,Clementi Road,S50,,28.3,,nea_v2_api
2016-10-02,West Coast Highway,S116,,29.0,,nea_v2_api
2016-10-02,Pulau Ubin,S106,,27.0,,nea_v2_api
2016-10-02,Tuas South Avenue 3,S115,,28.9,,nea_v2_api
2016-10-02,Tanah Merah Coast Road,S96,,28.3,,nea_v2_api
2016-10-02,Woodlands Avenue 9,S104,,27.8,,nea_v2_api
2016-10-02,S06,S06,,28.0,,nea_v2_api
2016-10-02,Woodlands Road,S100,,28.4,,nea_v2_api
2016-10-02,Semakau Landfill,S102,,28.8,,nea_v2_api
2016-10-02,Sembawang Road,S122,,27.0,,nea_v2_api
2016-10-02,Ang Mo Kio Avenue 5,S109,,28.0,,nea_v2_api
2016-10-02,Upper Changi Road North,S24B,,27.5,,nea_v2_api
2016-10-02,Upper Changi Road North,S24,,27.5,,nea_v2_api
2016-10-02,East Coast Parkway,S107,,27.7,,nea_v2_api
2016-10-02,Old Choa Chu Kang Road,S121,,27.9,,nea_v2_api
2016-10-02,Marina Gardens Drive,S108,,28.7,,nea_v2_api
2016-10-03,Sentosa,S60,,29.2,,nea_v2_api
2016-10-03,Banyan Road,S117,,29.2,,nea_v2_api
2016-10-03,Kim Chuan Road,S43,,30.3,,nea_v2_api
2016-10-03,Nanyang Avenue,S44,,28.1,,nea_v2_api
2016-10-03,Clementi Road,S50,,29.0,,nea_v2_api
2016-10-03,West Coast Highway,S116,,30.1,,nea_v2_api
2016-10-03,Pulau Ubin,S106,,26.3,,nea_v2_api
2016-10-03,Tuas South Avenue 3,S115,,30.1,,nea_v2_api
2016-10-03,Woodlands Avenue 9,S104,,29.1,,nea_v2_api
2016-10-03,S06,S06,,28.0,,nea_v2_api
2016-10-03,Woodlands Road,S100,,29.2,,nea_v2_api
2016-10-03,Semakau Landfill,S102,,29.8,,nea_v2_api
2016-10-03,Sembawang Road,S122,,27.1,,nea_v2_api
2016-10-03,Ang Mo Kio Avenue 5,S109,,29.5,,nea_v2_api
2016-10-03,Upper Changi Road North,S24B,,28.6,,nea_v2_api
2016-10-03,Upper Changi Road North,S24,,28.4,,nea_v2_api
2016-10-03,East Coast Parkway,S107,,30.2,,nea_v2_api
2016-10-03,Old Choa Chu Kang Road,S121,,28.4,,nea_v2_api
2016-10-03,Marina Gardens Drive,S108,,29.5,,nea_v2_api
2016-10-04,Sentosa,S60,,28.0,,nea_v2_api
2016-10-04,Banyan Road,S117,,28.6,,nea_v2_api
2016-10-04,Kim Chuan Road,S43,,28.5,,nea_v2_api
2016-10-04,Nanyang Avenue,S44,,27.4,,nea_v2_api
2016-10-04,Clementi Road,S50,,27.7,,nea_v2_api
2016-10-04,West Coast Highway,S116,,28.7,,nea_v2_api
2016-10-04,Pulau Ubin,S106,,25.7,,nea_v2_api
2016-10-04,Tuas South Avenue 3,S115,,28.7,,nea_v2_api
2016-10-04,Tanah Merah Coast Road,S96,,28.4,,nea_v2_api
2016-10-04,Woodlands Avenue 9,S104,,27.6,,nea_v2_api
2016-10-04,S06,S06,,27.8,,nea_v2_api
2016-10-04,Woodlands Road,S100,,27.8,,nea_v2_api
2016-10-04,Semakau Landfill,S102,,29.0,,nea_v2_api
2016-10-04,Sembawang Road,S122,,26.0,,nea_v2_api
2016-10-04,Ang Mo Kio Avenue 5,S109,,27.9,,nea_v2_api
2016-10-04,Upper Changi Road North,S24B,,27.0,,nea_v2_api
2016-10-04,Upper Changi Road North,S24,,26.9,,nea_v2_api
2016-10-04,East Coast Parkway,S107,,28.6,,nea_v2_api
2016-10-04,Old Choa Chu Kang Road,S121,,26.9,,nea_v2_api
2016-10-04,Marina Gardens Drive,S108,,28.5,,nea_v2_api
2016-10-05,Sentosa,S60,,28.2,,nea_v2_api
2016-10-05,Banyan Road,S117,,28.4,,nea_v2_api
2016-10-05,Kim Chuan Road,S43,,27.0,,nea_v2_api
2016-10-05,Nanyang Avenue,S44,,26.9,,nea_v2_api
2016-10-05,Clementi Road,S50,,26.7,,nea_v2_api
2016-10-05,West Coast Highway,S116,,28.3,,nea_v2_api
2016-10-05,Pulau Ubin,S106,,24.1,,nea_v2_api
2016-10-05,Tuas South Avenue 3,S115,,27.5,,nea_v2_api
2016-10-05,Tanah Merah Coast Road,S96,,27.5,,nea_v2_api
2016-10-05,Woodlands Avenue 9,S104,,27.0,,nea_v2_api
2016-10-05,S06,S06,,25.9,,nea_v2_api
2016-10-05,Woodlands Road,S100,,26.6,,nea_v2_api
2016-10-05,Semakau Landfill,S102,,28.8,,nea_v2_api
2016-10-05,Sembawang Road,S122,,25.3,,nea_v2_api
2016-10-05,Ang Mo Kio Avenue 5,S109,,27.2,,nea_v2_api
2016-10-05,Upper Changi Road North,S24B,,26.7,,nea_v2_api
2016-10-05,Upper Changi Road North,S24,,26.3,,nea_v2_api
2016-10-05,East Coast Parkway,S107,,27.6,,nea_v2_api
2016-10-05,Old Choa Chu Kang Road,S121,,26.7,,nea_v2_api
2016-10-05,Marina Gardens Drive,S108,,28.2,,nea_v2_api
2016-10-06,Sentosa,S60,,28.4,,nea_v2_api
2016-10-06,Banyan Road,S117,,28.5,,nea_v2_api
2016-10-06,Kim Chuan Road,S43,,28.4,,nea_v2_api
2016-10-06,Nanyang Avenue,S44,,27.2,,nea_v2_api
2016-10-06,Clementi Road,S50,,27.5,,nea_v2_api
2016-10-06,West Coast Highway,S116,,29.0,,nea_v2_api
2016-10-06,Pulau Ubin,S106,,26.3,,nea_v2_api
2016-10-06,Tuas South Avenue 3,S115,,28.8,,nea_v2_api
2016-10-06,Tanah Merah Coast Road,S96,,28.1,,nea_v2_api
2016-10-06,Woodlands Avenue 9,S104,,27.3,,nea_v2_api
2016-10-06,S06,S06,,27.1,,nea_v2_api
2016-10-06,Woodlands Road,S100,,27.7,,nea_v2_api
2016-10-06,Semakau Landfill,S102,,29.1,,nea_v2_api
2016-10-06,Sembawang Road,S122,,26.2,,nea_v2_api
2016-10-06,Ang Mo Kio Avenue 5,S109,,27.4,,nea_v2_api
2016-10-06,Upper Changi Road North,S24B,,27.3,,nea_v2_api
2016-10-06,Upper Changi Road North,S24,,27.1,,nea_v2_api
2016-10-06,East Coast Parkway,S107,,28.6,,nea_v2_api
2016-10-06,Old Choa Chu Kang Road,S121,,27.4,,nea_v2_api
2016-10-06,Marina Gardens Drive,S108,,28.8,,nea_v2_api
2016-10-07,Sentosa,S60,,27.8,,nea_v2_api
2016-10-07,Banyan Road,S117,,28.5,,nea_v2_api
2016-10-07,Kim Chuan Road,S43,,28.8,,nea_v2_api
2016-10-07,Nanyang Avenue,S44,,28.0,,nea_v2_api
2016-10-07,Clementi Road,S50,,27.4,,nea_v2_api
2016-10-07,West Coast Highway,S116,,29.1,,nea_v2_api
2016-10-07,Pulau Ubin,S106,,26.3,,nea_v2_api
2016-10-07,Tuas South Avenue 3,S115,,28.5,,nea_v2_api
2016-10-07,Tanah Merah Coast Road,S96,,29.3,,nea_v2_api
2016-10-07,Woodlands Avenue 9,S104,,28.3,,nea_v2_api
2016-10-07,S06,S06,,27.1,,nea_v2_api
2016-10-07,Woodlands Road,S100,,27.5,,nea_v2_api
2016-10-07,Semakau Landfill,S102,,28.7,,nea_v2_api
2016-10-07,Sembawang Road,S122,,26.4,,nea_v2_api
2016-10-07,Ang Mo Kio Avenue 5,S109,,28.1,,nea_v2_api
2016-10-07,Upper Changi Road North,S24B,,28.1,,nea_v2_api
2016-10-07,Upper Changi Road North,S24,,28.1,,nea_v2_api
2016-10-07,East Coast Parkway,S107,,29.2,,nea_v2_api
2016-10-07,Old Choa Chu Kang Road,S121,,27.4,,nea_v2_api
2016-10-07,Marina Gardens Drive,S108,,28.5,,nea_v2_api
2016-10-08,Sentosa,S60,,26.5,,nea_v2_api
2016-10-08,Banyan Road,S117,,26.1,,nea_v2_api
2016-10-08,Kim Chuan Road,S43,,26.7,,nea_v2_api
2016-10-08,Nanyang Avenue,S44,,24.5,,nea_v2_api
2016-10-08,Clementi Road,S50,,25.4,,nea_v2_api
2016-10-08,West Coast Highway,S116,,26.5,,nea_v2_api
2016-10-08,Pulau Ubin,S106,,24.9,,nea_v2_api
2016-10-08,Tuas South Avenue 3,S115,,25.9,,nea_v2_api
2016-10-08,Woodlands Avenue 9,S104,,25.5,,nea_v2_api
2016-10-08,S06,S06,,25.2,,nea_v2_api
2016-10-08,Woodlands Road,S100,,25.8,,nea_v2_api
2016-10-08,Semakau Landfill,S102,,27.6,,nea_v2_api
2016-10-08,Sembawang Road,S122,,25.2,,nea_v2_api
2016-10-08,Ang Mo Kio Avenue 5,S109,,25.7,,nea_v2_api
2016-10-08,Upper Changi Road North,S24B,,25.9,,nea_v2_api
2016-10-08,Upper Changi Road North,S24,,25.8,,nea_v2_api
2016-10-08,East Coast Parkway,S107,,26.6,,nea_v2_api
2016-10-08,Old Choa Chu Kang Road,S121,,25.2,,nea_v2_api
2016-10-08,Marina Gardens Drive,S108,,27.0,,nea_v2_api
2016-10-09,Sentosa,S60,,28.2,,nea_v2_api
2016-10-09,Banyan Road,S117,,28.7,,nea_v2_api
2016-10-09,Kim Chuan Road,S43,,28.5,,nea_v2_api
2016-10-09,Nanyang Avenue,S44,,28.1,,nea_v2_api
2016-10-09,West Coast Highway,S116,,29.7,,nea_v2_api
2016-10-09,Tuas South Avenue 3,S115,,28.7,,nea_v2_api
2016-10-09,Tanah Merah Coast Road,S96,,29.5,,nea_v2_api
2016-10-09,Woodlands Avenue 9,S104,,28.3,,nea_v2_api
2016-10-09,S06,S06,,26.4,,nea_v2_api
2016-10-09,Woodlands Road,S100,,26.9,,nea_v2_api
2016-10-09,Semakau Landfill,S102,,29.0,,nea_v2_api
2016-10-09,Sembawang Road,S122,,25.5,,nea_v2_api
2016-10-09,Ang Mo Kio Avenue 5,S109,,28.5,,nea_v2_api
2016-10-09,Upper Changi Road North,S24B,,27.6,,nea_v2_api
2016-10-09,Upper Changi Road North,S24,,27.7,,nea_v2_api
2016-10-09,East Coast Parkway,S107,,28.0,,nea_v2_api
2016-10-09,Old Choa Chu Kang Road,S121,,27.0,,nea_v2_api
2016-10-09,Marina Gardens Drive,S108,,28.0,,nea_v2_api
2016-10-10,Sentosa,S60,,29.0,,nea_v2_api
2016-10-10,Banyan Road,S117,,28.9,,nea_v2_api
2016-10-10,Kim Chuan Road,S43,,29.4,,nea_v2_api
2016-10-10,Nanyang Avenue,S44,,28.3,,nea_v2_api
2016-10-10,West Coast Highway,S116,,29.6,,nea_v2_api
2016-10-10,Tuas South Avenue 3,S115,,29.7,,nea_v2_api
2016-10-10,Tanah Merah Coast Road,S96,,29.2,,nea_v2_api
2016-10-10,Woodlands Avenue 9,S104,,28.7,,nea_v2_api
2016-10-10,S06,S06,,27.2,,nea_v2_api
2016-10-10,Woodlands Road,S100,,28.5,,nea_v2_api
2016-10-10,Semakau Landfill,S102,,29.5,,nea_v2_api
2016-10-10,Sembawang Road,S122,,26.0,,nea_v2_api
2016-10-10,Ang Mo Kio Avenue 5,S109,,28.8,,nea_v2_api
2016-10-10,Upper Changi Road North,S24B,,27.8,,nea_v2_api
2016-10-10,Upper Changi Road North,S24,,27.8,,nea_v2_api
2016-10-10,East Coast Parkway,S107,,28.9,,nea_v2_api
2016-10-10,Old Choa Chu Kang Road,S121,,27.7,,nea_v2_api
2016-10-10,Marina Gardens Drive,S108,,28.5,,nea_v2_api
2016-10-11,Sentosa,S60,,29.3,,nea_v2_api
2016-10-11,Banyan Road,S117,,29.4,,nea_v2_api
2016-10-11,Kim Chuan Road,S43,,28.2,,nea_v2_api
2016-10-11,Nanyang Avenue,S44,,27.3,,nea_v2_api
2016-10-11,West Coast Highway,S116,,29.5,,nea_v2_api
2016-10-11,Tuas South Avenue 3,S115,,28.7,,nea_v2_api
2016-10-11,Tanah Merah Coast Road,S96,,27.5,,nea_v2_api
2016-10-11,Woodlands Avenue 9,S104,,27.5,,nea_v2_api
2016-10-11,S06,S06,,27.7,,nea_v2_api
2016-10-11,Woodlands Road,S100,,28.5,,nea_v2_api
2016-10-11,Semakau Landfill,S102,,29.5,,nea_v2_api
2016-10-11,Sembawang Road,S122,,27.3,,nea_v2_api
2016-10-11,Ang Mo Kio Avenue 5,S109,,27.8,,nea_v2_api
2016-10-11,Upper Changi Road North,S24B,,27.1,,nea_v2_api
2016-10-11,Upper Changi Road North,S24,,27.0,,nea_v2_api
2016-10-11,East Coast Parkway,S107,,28.0,,nea_v2_api
2016-10-11,Old Choa Chu Kang Road,S121,,28.0,,nea_v2_api
2016-10-11,Marina Gardens Drive,S108,,29.6,,nea_v2_api
2016-10-12,Sentosa,S60,,29.6,,nea_v2_api
2016-10-12,Banyan Road,S117,,29.5,,nea_v2_api
2016-10-12,Kim Chuan Road,S43,,29.9,,nea_v2_api
2016-10-12,Nanyang Avenue,S44,,28.3,,nea_v2_api
2016-10-12,West Coast Highway,S116,,29.8,,nea_v2_api
2016-10-12,Pulau Ubin,S106,,25.9,,nea_v2_api
2016-10-12,Tuas South Avenue 3,S115,,29.5,,nea_v2_api
2016-10-12,Tanah Merah Coast Road,S96,,28.7,,nea_v2_api
2016-10-12,Woodlands Avenue 9,S104,,28.9,,nea_v2_api
2016-10-12,S06,S06,,29.5,,nea_v2_api
2016-10-12,Woodlands Road,S100,,29.3,,nea_v2_api
2016-10-12,Semakau Landfill,S102,,29.2,,nea_v2_api
2016-10-12,Sembawang Road,S122,,28.1,,nea_v2_api
2016-10-12,Ang Mo Kio Avenue 5,S109,,29.4,,nea_v2_api
2016-10-12,Upper Changi Road North,S24B,,28.5,,nea_v2_api
2016-10-12,Upper Changi Road North,S24,,28.3,,nea_v2_api
2016-10-12,East Coast Parkway,S107,,30.1,,nea_v2_api
2016-10-12,Old Choa Chu Kang Road,S121,,29.0,,nea_v2_api
2016-10-12,Marina Gardens Drive,S108,,30.1,,nea_v2_api
2016-10-13,Sentosa,S60,,29.5,,nea_v2_api
2016-10-13,Banyan Road,S117,,29.7,,nea_v2_api
2016-10-13,Kim Chuan Road,S43,,29.5,,nea_v2_api
2016-10-13,Nanyang Avenue,S44,,28.1,,nea_v2_api
2016-10-13,Clementi Road,S50,,28.8,,nea_v2_api
2016-10-13,West Coast Highway,S116,,30.3,,nea_v2_api
2016-10-13,Pulau Ubin,S106,,26.6,,nea_v2_api
2016-10-13,Tuas South Avenue 3,S115,,30.2,,nea_v2_api
2016-10-13,Tanah Merah Coast Road,S96,,29.3,,nea_v2_api
2016-10-13,Woodlands Avenue 9,S104,,28.3,,nea_v2_api
2016-10-13,S06,S06,,28.8,,nea_v2_api
2016-10-13,Woodlands Road,S100,,28.8,,nea_v2_api
2016-10-13,Semakau Landfill,S102,,29.9,,nea_v2_api
2016-10-13,Sembawang Road,S122,,26.6,,nea_v2_api
2016-10-13,Ang Mo Kio Avenue 5,S109,,28.9,,nea_v2_api
2016-10-13,Upper Changi Road North,S24B,,28.8,,nea_v2_api
2016-10-13,Upper Changi Road North,S24,,28.7,,nea_v2_api
2016-10-13,East Coast Parkway,S107,,29.6,,nea_v2_api
2016-10-13,Old Choa Chu Kang Road,S121,,27.9,,nea_v2_api
2016-10-13,Marina Gardens Drive,S108,,29.9,,nea_v2_api
2016-10-14,Sentosa,S60,,29.4,,nea_v2_api
2016-10-14,Banyan Road,S117,,29.6,,nea_v2_api
2016-10-14,Kim Chuan Road,S43,,29.4,,nea_v2_api
2016-10-14,Nanyang Avenue,S44,,28.0,,nea_v2_api
2016-10-14,Clementi Road,S50,,28.8,,nea_v2_api
2016-10-14,West Coast Highway,S116,,30.0,,nea_v2_api
2016-10-14,Pulau Ubin,S106,,27.8,,nea_v2_api
2016-10-14,Tuas South Avenue 3,S115,,29.8,,nea_v2_api
2016-10-14,Tanah Merah Coast Road,S96,,29.9,,nea_v2_api
2016-10-14,Woodlands Avenue 9,S104,,28.2,,nea_v2_api
2016-10-14,S06,S06,,29.1,,nea_v2_api
2016-10-14,Woodlands Road,S100,,28.4,,nea_v2_api
2016-10-14,Semakau Landfill,S102,,29.6,,nea_v2_api
2016-10-14,Sembawang Road,S122,,27.7,,nea_v2_api
2016-10-14,Ang Mo Kio Avenue 5,S109,,28.7,,nea_v2_api
2016-10-14,Upper Changi Road North,S24B,,29.3,,nea_v2_api
2016-10-14,Upper Changi Road North,S24,,29.2,,nea_v2_api
2016-10-14,East Coast Parkway,S107,,29.8,,nea_v2_api
2016-10-14,Old Choa Chu Kang Road,S121,,28.2,,nea_v2_api
2016-10-14,Marina Gardens Drive,S108,,29.7,,nea_v2_api
2016-10-15,Sentosa,S60,,27.3,,nea_v2_api
2016-10-15,Banyan Road,S117,,27.8,,nea_v2_api
2016-10-15,Kim Chuan Road,S43,,27.2,,nea_v2_api
2016-10-15,Nanyang Avenue,S44,,26.4,,nea_v2_api
2016-10-15,Clementi Road,S50,,26.7,,nea_v2_api
2016-10-15,West Coast Highway,S116,,28.4,,nea_v2_api
2016-10-15,Pulau Ubin,S106,,24.0,,nea_v2_api
2016-10-15,Tuas South Avenue 3,S115,,28.0,,nea_v2_api
2016-10-15,Tanah Merah Coast Road,S96,,28.5,,nea_v2_api
2016-10-15,Woodlands Avenue 9,S104,,26.5,,nea_v2_api
2016-10-15,S06,S06,,25.1,,nea_v2_api
2016-10-15,Woodlands Road,S100,,26.6,,nea_v2_api
2016-10-15,Semakau Landfill,S102,,28.2,,nea_v2_api
2016-10-15,Sembawang Road,S122,,24.9,,nea_v2_api
2016-10-15,Ang Mo Kio Avenue 5,S109,,26.5,,nea_v2_api
2016-10-15,Upper Changi Road North,S24B,,25.9,,nea_v2_api
2016-10-15,Upper Changi Road North,S24,,25.9,,nea_v2_api
2016-10-15,East Coast Parkway,S107,,27.6,,nea_v2_api
2016-10-15,Old Choa Chu Kang Road,S121,,26.1,,nea_v2_api
2016-10-15,Marina Gardens Drive,S108,,27.8,,nea_v2_api
2016-10-16,Sentosa,S60,,29.6,,nea_v2_api
2016-10-16,Banyan Road,S117,,29.7,,nea_v2_api
2016-10-16,Kim Chuan Road,S43,,30.0,,nea_v2_api
2016-10-16,Nanyang Avenue,S44,,28.1,,nea_v2_api
2016-10-16,Clementi Road,S50,,29.1,,nea_v2_api
2016-10-16,West Coast Highway,S116,,30.0,,nea_v2_api
2016-10-16,Pulau Ubin,S106,,28.7,,nea_v2_api
2016-10-16,Tuas South Avenue 3,S115,,29.9,,nea_v2_api
2016-10-16,Tanah Merah Coast Road,S96,,30.4,,nea_v2_api
2016-10-16,Woodlands Avenue 9,S104,,28.8,,nea_v2_api
2016-10-16,S06,S06,,29.8,,nea_v2_api
2016-10-16,Woodlands Road,S100,,29.2,,nea_v2_api
2016-10-16,Semakau Landfill,S102,,29.8,,nea_v2_api
2016-10-16,Sembawang Road,S122,,28.6,,nea_v2_api
2016-10-16,Ang Mo Kio Avenue 5,S109,,29.4,,nea_v2_api
2016-10-16,Upper Changi Road North,S24B,,29.4,,nea_v2_api
2016-10-16,Upper Changi Road North,S24,,29.4,,nea_v2_api
2016-10-16,East Coast Parkway,S107,,29.7,,nea_v2_api
2016-10-16,Old Choa Chu Kang Road,S121,,28.9,,nea_v2_api
2016-10-16,Marina Gardens Drive,S108,,29.6,,nea_v2_api
2016-10-17,Sentosa,S60,,29.1,,nea_v2_api
2016-10-17,Banyan Road,S117,,29.2,,nea_v2_api
2016-10-17,Kim Chuan Road,S43,,29.2,,nea_v2_api
2016-10-17,Nanyang Avenue,S44,,28.0,,nea_v2_api
2016-10-17,Clementi Road,S50,,28.4,,nea_v2_api
2016-10-17,West Coast Highway,S116,,29.4,,nea_v2_api
2016-10-17,Pulau Ubin,S106,,27.7,,nea_v2_api
2016-10-17,Tuas South Avenue 3,S115,,29.5,,nea_v2_api
2016-10-17,Tanah Merah Coast Road,S96,,29.0,,nea_v2_api
2016-10-17,Woodlands Avenue 9,S104,,28.2,,nea_v2_api
2016-10-17,S06,S06,,28.9,,nea_v2_api
2016-10-17,Woodlands Road,S100,,28.6,,nea_v2_api
2016-10-17,Semakau Landfill,S102,,29.3,,nea_v2_api
2016-10-17,Sembawang Road,S122,,27.7,,nea_v2_api
2016-10-17,Ang Mo Kio Avenue 5,S109,,28.6,,nea_v2_api
2016-10-17,Upper Changi Road North,S24B,,28.9,,nea_v2_api
2016-10-17,Upper Changi Road North,S24,,28.9,,nea_v2_api
2016-10-17,East Coast Parkway,S107,,29.3,,nea_v2_api
2016-10-17,Old Choa Chu Kang Road,S121,,28.1,,nea_v2_api
2016-10-17,Marina Gardens Drive,S108,,29.2,,nea_v2_api
2016-10-18,Sentosa,S60,,28.1,,nea_v2_api
2016-10-18,Banyan Road,S117,,28.4,,nea_v2_api
2016-10-18,Kim Chuan Road,S43,,29.0,,nea_v2_api
2016-10-18,Nanyang Avenue,S44,,28.2,,nea_v2_api
2016-10-18,Clementi Road,S50,,27.8,,nea_v2_api
2016-10-18,West Coast Highway,S116,,29.1,,nea_v2_api
2016-10-18,Pulau Ubin,S106,,27.0,,nea_v2_api
2016-10-18,Tuas South Avenue 3,S115,,28.8,,nea_v2_api
2016-10-18,Tanah Merah Coast Road,S96,,29.0,,nea_v2_api
2016-10-18,Woodlands Avenue 9,S104,,28.3,,nea_v2_api
2016-10-18,S06,S06,,28.5,,nea_v2_api
2016-10-18,Woodlands Road,S100,,28.5,,nea_v2_api
2016-10-18,Semakau Landfill,S102,,28.9,,nea_v2_api
2016-10-18,Sembawang Road,S122,,26.8,,nea_v2_api
2016-10-18,Ang Mo Kio Avenue 5,S109,,28.6,,nea_v2_api
2016-10-18,Upper Changi Road North,S24B,,28.4,,nea_v2_api
2016-10-18,Upper Changi Road North,S24,,28.3,,nea_v2_api
2016-10-18,East Coast Parkway,S107,,29.1,,nea_v2_api
2016-10-18,Old Choa Chu Kang Road,S121,,28.0,,nea_v2_api
2016-10-18,Marina Gardens Drive,S108,,28.6,,nea_v2_api
2016-10-19,Sentosa,S60,,28.7,,nea_v2_api
2016-10-19,Banyan Road,S117,,29.1,,nea_v2_api
2016-10-19,Kim Chuan Road,S43,,29.4,,nea_v2_api
2016-10-19,Nanyang Avenue,S44,,28.9,,nea_v2_api
2016-10-19,Clementi Road,S50,,28.6,,nea_v2_api
2016-10-19,West Coast Highway,S116,,29.6,,nea_v2_api
2016-10-19,Pulau Ubin,S106,,27.9,,nea_v2_api
2016-10-19,Tuas South Avenue 3,S115,,29.4,,nea_v2_api
2016-10-19,Tanah Merah Coast Road,S96,,29.4,,nea_v2_api
2016-10-19,Woodlands Avenue 9,S104,,29.1,,nea_v2_api
2016-10-19,S06,S06,,28.5,,nea_v2_api
2016-10-19,Woodlands Road,S100,,29.0,,nea_v2_api
2016-10-19,Semakau Landfill,S102,,29.2,,nea_v2_api
2016-10-19,Sembawang Road,S122,,28.9,,nea_v2_api
2016-10-19,Ang Mo Kio Avenue 5,S109,,28.9,,nea_v2_api
2016-10-19,Upper Changi Road North,S24B,,28.9,,nea_v2_api
2016-10-19,Upper Changi Road North,S24,,28.9,,nea_v2_api
2016-10-19,East Coast Parkway,S107,,29.6,,nea_v2_api
2016-10-19,Old Choa Chu Kang Road,S121,,28.4,,nea_v2_api
2016-10-19,Marina Gardens Drive,S108,,29.2,,nea_v2_api
2016-10-20,Sentosa,S60,,27.5,,nea_v2_api
2016-10-20,Banyan Road,S117,,27.7,,nea_v2_api
2016-10-20,Kim Chuan Road,S43,,27.8,,nea_v2_api
2016-10-20,Nanyang Avenue,S44,,26.7,,nea_v2_api
2016-10-20,Clementi Road,S50,,26.7,,nea_v2_api
2016-10-20,West Coast Highway,S116,,28.3,,nea_v2_api
2016-10-20,Pulau Ubin,S106,,25.0,,nea_v2_api
2016-10-20,Tuas South Avenue 3,S115,,28.1,,nea_v2_api
2016-10-20,Tanah Merah Coast Road,S96,,28.6,,nea_v2_api
2016-10-20,Woodlands Avenue 9,S104,,27.3,,nea_v2_api
2016-10-20,S06,S06,,26.1,,nea_v2_api
2016-10-20,Woodlands Road,S100,,26.6,,nea_v2_api
2016-10-20,Semakau Landfill,S102,,28.5,,nea_v2_api
2016-10-20,Sembawang Road,S122,,25.1,,nea_v2_api
2016-10-20,Ang Mo Kio Avenue 5,S109,,27.3,,nea_v2_api
2016-10-20,Upper Changi Road North,S24B,,26.9,,nea_v2_api
2016-10-20,Upper Changi Road North,S24,,26.7,,nea_v2_api
2016-10-20,East Coast Parkway,S107,,28.6,,nea_v2_api
2016-10-20,Old Choa Chu Kang Road,S121,,26.3,,nea_v2_api
2016-10-20,Marina Gardens Drive,S108,,27.6,,nea_v2_api
2016-10-21,Sentosa,S60,,28.4,,nea_v2_api
2016-10-21,Banyan Road,S117,,28.8,,nea_v2_api
2016-10-21,Kim Chuan Road,S43,,29.3,,nea_v2_api
2016-10-21,Nanyang Avenue,S44,,28.9,,nea_v2_api
2016-10-21,Clementi Road,S50,,28.4,,nea_v2_api
2016-10-21,West Coast Highway,S116,,29.4,,nea_v2_api
2016-10-21,Pulau Ubin,S106,,27.0,,nea_v2_api
2016-10-21,Tuas South Avenue 3,S115,,28.9,,nea_v2_api
2016-10-21,Tanah Merah Coast Road,S96,,29.5,,nea_v2_api
2016-10-21,Woodlands Avenue 9,S104,,29.0,,nea_v2_api
2016-10-21,S06,S06,,28.6,,nea_v2_api
2016-10-21,Woodlands Road,S100,,28.8,,nea_v2_api
2016-10-21,Semakau Landfill,S102,,28.9,,nea_v2_api
2016-10-21,Sembawang Road,S122,,28.8,,nea_v2_api
2016-10-21,Ang Mo Kio Avenue 5,S109,,28.9,,nea_v2_api
2016-10-21,Upper Changi Road North,S24B,,29.0,,nea_v2_api
2016-10-21,Upper Changi Road North,S24,,28.9,,nea_v2_api
2016-10-21,East Coast Parkway,S107,,29.4,,nea_v2_api
2016-10-21,Old Choa Chu Kang Road,S121,,28.5,,nea_v2_api
2016-10-21,Marina Gardens Drive,S108,,29.0,,nea_v2_api
2016-10-22,Sentosa,S60,,28.5,,nea_v2_api
2016-10-22,Banyan Road,S117,,28.8,,nea_v2_api
2016-10-22,Kim Chuan Road,S43,,29.5,,nea_v2_api
2016-10-22,Nanyang Avenue,S44,,28.6,,nea_v2_api
2016-10-22,Clementi Road,S50,,28.3,,nea_v2_api
2016-10-22,West Coast Highway,S116,,29.5,,nea_v2_api
2016-10-22,Pulau Ubin,S106,,26.1,,nea_v2_api
2016-10-22,Tuas South Avenue 3,S115,,29.1,,nea_v2_api
2016-10-22,Tanah Merah Coast Road,S96,,29.3,,nea_v2_api
2016-10-22,Woodlands Avenue 9,S104,,27.7,,nea_v2_api
2016-10-22,S06,S06,,28.8,,nea_v2_api
2016-10-22,Woodlands Road,S100,,28.1,,nea_v2_api
2016-10-22,Semakau Landfill,S102,,29.0,,nea_v2_api
2016-10-22,Sembawang Road,S122,,27.2,,nea_v2_api
2016-10-22,Ang Mo Kio Avenue 5,S109,,29.0,,nea_v2_api
2016-10-22,Upper Changi Road North,S24B,,28.8,,nea_v2_api
2016-10-22,Upper Changi Road North,S24,,28.7,,nea_v2_api
2016-10-22,East Coast Parkway,S107,,29.4,,nea_v2_api
2016-10-22,Old Choa Chu Kang Road,S121,,28.6,,nea_v2_api
2016-10-22,Marina Gardens Drive,S108,,29.2,,nea_v2_api
2016-10-23,Sentosa,S60,,28.3,,nea_v2_api
2016-10-23,Banyan Road,S117,,28.3,,nea_v2_api
2016-10-23,Kim Chuan Road,S43,,28.6,,nea_v2_api
2016-10-23,Nanyang Avenue,S44,,27.1,,nea_v2_api
2016-10-23,Clementi Road,S50,,27.6,,nea_v2_api
2016-10-23,West Coast Highway,S116,,28.7,,nea_v2_api
2016-10-23,Pulau Ubin,S106,,26.1,,nea_v2_api
2016-10-23,Tuas South Avenue 3,S115,,28.4,,nea_v2_api
2016-10-23,Tanah Merah Coast Road,S96,,28.4,,nea_v2_api
2016-10-23,Woodlands Avenue 9,S104,,27.5,,nea_v2_api
2016-10-23,S06,S06,,27.5,,nea_v2_api
2016-10-23,Woodlands Road,S100,,27.9,,nea_v2_api
2016-10-23,Semakau Landfill,S102,,29.0,,nea_v2_api
2016-10-23,Sembawang Road,S122,,26.1,,nea_v2_api
2016-10-23,Ang Mo Kio Avenue 5,S109,,27.9,,nea_v2_api
2016-10-23,Upper Changi Road North,S24B,,27.4,,nea_v2_api
2016-10-23,Upper Changi Road North,S24,,27.3,,nea_v2_api
2016-10-23,East Coast Parkway,S107,,28.7,,nea_v2_api
2016-10-23,Old Choa Chu Kang Road,S121,,27.0,,nea_v2_api
2016-10-23,Marina Gardens Drive,S108,,28.4,,nea_v2_api
2016-10-24,Sentosa,S60,,28.0,,nea_v2_api
2016-10-24,Banyan Road,S117,,29.1,,nea_v2_api
2016-10-24,Kim Chuan Road,S43,,28.5,,nea_v2_api
2016-10-24,Nanyang Avenue,S44,,27.2,,nea_v2_api
2016-10-24,Clementi Road,S50,,27.2,,nea_v2_api
2016-10-24,West Coast Highway,S116,,28.7,,nea_v2_api
2016-10-24,Pulau Ubin,S106,,26.3,,nea_v2_api
2016-10-24,Tuas South Avenue 3,S115,,28.7,,nea_v2_api
2016-10-24,Tanah Merah Coast Road,S96,,27.9,,nea_v2_api
2016-10-24,Woodlands Avenue 9,S104,,26.7,,nea_v2_api
2016-10-24,S06,S06,,27.0,,nea_v2_api
2016-10-24,Woodlands Road,S100,,27.8,,nea_v2_api
2016-10-24,Semakau Landfill,S102,,29.2,,nea_v2_api
2016-10-24,Sembawang Road,S122,,27.2,,nea_v2_api
2016-10-24,Ang Mo Kio Avenue 5,S109,,26.9,,nea_v2_api
2016-10-24,Upper Changi Road North,S24B,,27.4,,nea_v2_api
2016-10-24,Upper Changi Road North,S24,,27.1,,nea_v2_api
2016-10-24,East Coast Parkway,S107,,28.3,,nea_v2_api
2016-10-24,Old Choa Chu Kang Road,S121,,27.2,,nea_v2_api
2016-10-24,Marina Gardens Drive,S108,,28.1,,nea_v2_api
2016-10-25,Sentosa,S60,,26.8,,nea_v2_api
2016-10-25,Banyan Road,S117,,27.7,,nea_v2_api
2016-10-25,Kim Chuan Road,S43,,26.8,,nea_v2_api
2016-10-25,Nanyang Avenue,S44,,26.8,,nea_v2_api
2016-10-25,Clementi Road,S50,,26.0,,nea_v2_api
2016-10-25,West Coast Highway,S116,,27.8,,nea_v2_api
2016-10-25,Pulau Ubin,S106,,24.8,,nea_v2_api
2016-10-25,Tuas South Avenue 3,S115,,27.8,,nea_v2_api
2016-10-25,Tanah Merah Coast Road,S96,,27.2,,nea_v2_api
2016-10-25,Woodlands Avenue 9,S104,,26.3,,nea_v2_api
2016-10-25,S06,S06,,25.8,,nea_v2_api
2016-10-25,Woodlands Road,S100,,26.5,,nea_v2_api
2016-10-25,Semakau Landfill,S102,,28.5,,nea_v2_api
2016-10-25,Sembawang Road,S122,,25.9,,nea_v2_api
2016-10-25,Ang Mo Kio Avenue 5,S109,,26.1,,nea_v2_api
2016-10-25,Upper Changi Road North,S24B,,26.3,,nea_v2_api
2016-10-25,Upper Changi Road North,S24,,26.0,,nea_v2_api
2016-10-25,East Coast Parkway,S107,,27.0,,nea_v2_api
2016-10-25,Old Choa Chu Kang Road,S121,,26.6,,nea_v2_api
2016-10-25,Marina Gardens Drive,S108,,27.3,,nea_v2_api
2016-10-26,Sentosa,S60,,24.5,,nea_v2_api
2016-10-26,Banyan Road,S117,,25.5,,nea_v2_api
2016-10-26,Kim Chuan Road,S43,,25.0,,nea_v2_api
2016-10-26,Nanyang Avenue,S44,,24.7,,nea_v2_api
2016-10-26,Clementi Road,S50,,24.1,,nea_v2_api
2016-10-26,West Coast Highway,S116,,25.3,,nea_v2_api
2016-10-26,Pulau Ubin,S106,,24.2,,nea_v2_api
2016-10-26,Tuas South Avenue 3,S115,,25.1,,nea_v2_api
2016-10-26,Tanah Merah Coast Road,S96,,25.9,,nea_v2_api
2016-10-26,Woodlands Avenue 9,S104,,24.6,,nea_v2_api
2016-10-26,S06,S06,,24.6,,nea_v2_api
2016-10-26,Woodlands Road,S100,,24.4,,nea_v2_api
2016-10-26,Semakau Landfill,S102,,25.8,,nea_v2_api
2016-10-26,Sembawang Road,S122,,24.6,,nea_v2_api
2016-10-26,Ang Mo Kio Avenue 5,S109,,24.3,,nea_v2_api
2016-10-26,Upper Changi Road North,S24B,,25.2,,nea_v2_api
2016-10-26,Upper Changi Road North,S24,,25.1,,nea_v2_api
2016-10-26,East Coast Parkway,S107,,25.4,,nea_v2_api
2016-10-26,Old Choa Chu Kang Road,S121,,24.2,,nea_v2_api
2016-10-26,Marina Gardens Drive,S108,,25.3,,nea_v2_api
2016-10-27,Sentosa,S60,,27.3,,nea_v2_api
2016-10-27,Banyan Road,S117,,27.9,,nea_v2_api
2016-10-27,Kim Chuan Road,S43,,27.1,,nea_v2_api
2016-10-27,Nanyang Avenue,S44,,25.7,,nea_v2_api
2016-10-27,Clementi Road,S50,,26.1,,nea_v2_api
2016-10-27,West Coast Highway,S116,,27.7,,nea_v2_api
2016-10-27,Pulau Ubin,S106,,24.9,,nea_v2_api
2016-10-27,Tuas South Avenue 3,S115,,27.4,,nea_v2_api
2016-10-27,Tanah Merah Coast Road,S96,,26.4,,nea_v2_api
2016-10-27,Woodlands Avenue 9,S104,,26.0,,nea_v2_api
2016-10-27,S06,S06,,26.4,,nea_v2_api
2016-10-27,Woodlands Road,S100,,26.7,,nea_v2_api
2016-10-27,Semakau Landfill,S102,,27.8,,nea_v2_api
2016-10-27,Sembawang Road,S122,,26.1,,nea_v2_api
2016-10-27,Ang Mo Kio Avenue 5,S109,,25.7,,nea_v2_api
2016-10-27,Upper Changi Road North,S24B,,25.8,,nea_v2_api
2016-10-27,Upper Changi Road North,S24,,25.6,,nea_v2_api
2016-10-27,East Coast Parkway,S107,,26.7,,nea_v2_api
2016-10-27,Old Choa Chu Kang Road,S121,,26.1,,nea_v2_api
2016-10-27,Marina Gardens Drive,S108,,27.3,,nea_v2_api
2016-10-28,Sentosa,S60,,26.3,,nea_v2_api
2016-10-28,Banyan Road,S117,,26.0,,nea_v2_api
2016-10-28,Kim Chuan Road,S43,,25.8,,nea_v2_api
2016-10-28,Nanyang Avenue,S44,,24.3,,nea_v2_api
2016-10-28,Clementi Road,S50,,24.8,,nea_v2_api
2016-10-28,West Coast Highway,S116,,26.2,,nea_v2_api
2016-10-28,Pulau Ubin,S106,,24.2,,nea_v2_api
2016-10-28,Tanah Merah Coast Road,S96,,26.4,,nea_v2_api
2016-10-28,Woodlands Avenue 9,S104,,24.3,,nea_v2_api
2016-10-28,S06,S06,,25.1,,nea_v2_api
2016-10-28,Woodlands Road,S100,,24.9,,nea_v2_api
2016-10-28,Semakau Landfill,S102,,26.7,,nea_v2_api
2016-10-28,Sembawang Road,S122,,24.9,,nea_v2_api
2016-10-28,Ang Mo Kio Avenue 5,S109,,24.6,,nea_v2_api
2016-10-28,Upper Changi Road North,S24B,,25.2,,nea_v2_api
2016-10-28,Upper Changi Road North,S24,,24.9,,nea_v2_api
2016-10-28,East Coast Parkway,S107,,26.4,,nea_v2_api
2016-10-28,Old Choa Chu Kang Road,S121,,24.9,,nea_v2_api
2016-10-28,Marina Gardens Drive,S108,,26.1,,nea_v2_api
2016-10-29,Sentosa,S60,,27.3,,nea_v2_api
2016-10-29,Banyan Road,S117,,27.4,,nea_v2_api
2016-10-29,Kim Chuan Road,S43,,26.9,,nea_v2_api
2016-10-29,Nanyang Avenue,S44,,25.6,,nea_v2_api
2016-10-29,Clementi Road,S50,,25.5,,nea_v2_api
2016-10-29,West Coast Highway,S116,,27.2,,nea_v2_api
2016-10-29,Pulau Ubin,S106,,25.3,,nea_v2_api
2016-10-29,Tanah Merah Coast Road,S96,,27.8,,nea_v2_api
2016-10-29,Woodlands Avenue 9,S104,,25.7,,nea_v2_api
2016-10-29,S06,S06,,25.3,,nea_v2_api
2016-10-29,Woodlands Road,S100,,25.5,,nea_v2_api
2016-10-29,Semakau Landfill,S102,,28.2,,nea_v2_api
2016-10-29,Sembawang Road,S122,,25.0,,nea_v2_api
2016-10-29,Ang Mo Kio Avenue 5,S109,,25.7,,nea_v2_api
2016-10-29,Upper Changi Road North,S24B,,26.8,,nea_v2_api
2016-10-29,Upper Changi Road North,S24,,26.6,,nea_v2_api
2016-10-29,East Coast Parkway,S107,,27.8,,nea_v2_api
2016-10-29,Old Choa Chu Kang Road,S121,,25.5,,nea_v2_api
2016-10-29,Marina Gardens Drive,S108,,27.5,,nea_v2_api
2016-10-30,Sentosa,S60,,24.7,,nea_v2_api
2016-10-30,Banyan Road,S117,,25.3,,nea_v2_api
2016-10-30,Kim Chuan Road,S43,,25.1,,nea_v2_api
2016-10-30,Nanyang Avenue,S44,,25.2,,nea_v2_api
2016-10-30,Clementi Road,S50,,24.7,,nea_v2_api
2016-10-30,West Coast Highway,S116,,25.9,,nea_v2_api
2016-10-30,Pulau Ubin,S106,,24.2,,nea_v2_api
2016-10-30,Tanah Merah Coast Road,S96,,25.6,,nea_v2_api
2016-10-30,Woodlands Avenue 9,S104,,25.9,,nea_v2_api
2016-10-30,S06,S06,,24.6,,nea_v2_api
2016-10-30,Woodlands Road,S100,,26.4,,nea_v2_api
2016-10-30,Semakau Landfill,S102,,26.2,,nea_v2_api
2016-10-30,Sembawang Road,S122,,25.0,,nea_v2_api
2016-10-30,Ang Mo Kio Avenue 5,S109,,24.6,,nea_v2_api
2016-10-30,Upper Changi Road North,S24B,,24.3,,nea_v2_api
2016-10-30,Upper Changi Road North,S24,,24.1,,nea_v2_api
2016-10-30,East Coast Parkway,S107,,26.1,,nea_v2_api
2016-10-30,Old Choa Chu Kang Road,S121,,26.0,,nea_v2_api
2016-10-30,Marina Gardens Drive,S108,,24.7,,nea_v2_api
2016-10-31,Sentosa,S60,,27.2,,nea_v2_api
2016-10-31,Banyan Road,S117,,27.8,,nea_v2_api
2016-10-31,Kim Chuan Road,S43,,27.4,,nea_v2_api
2016-10-31,Nanyang Avenue,S44,,26.3,,nea_v2_api
2016-10-31,Clementi Road,S50,,26.5,,nea_v2_api
2016-10-31,West Coast Highway,S116,,27.7,,nea_v2_api
2016-10-31,Pulau Ubin,S106,,25.7,,nea_v2_api
2016-10-31,Tuas South Avenue 3,S115,,27.6,,nea_v2_api
2016-10-31,Tanah Merah Coast Road,S96,,28.2,,nea_v2_api
2016-10-31,Woodlands Avenue 9,S104,,26.5,,nea_v2_api
2016-10-31,S06,S06,,26.2,,nea_v2_api
2016-10-31,Woodlands Road,S100,,26.6,,nea_v2_api
2016-10-31,Semakau Landfill,S102,,28.2,,nea_v2_api
2016-10-31,Sembawang Road,S122,,25.4,,nea_v2_api
2016-10-31,Ang Mo Kio Avenue 5,S109,,26.4,,nea_v2_api
2016-10-31,Upper Changi Road North,S24B,,26.8,,nea_v2_api
2016-10-31,Upper Changi Road North,S24,,26.5,,nea_v2_api
2016-10-31,East Coast Parkway,S107,,28.4,,nea_v2_api
2016-10-31,Old Choa Chu Kang Road,S121,,26.0,,nea_v2_api
2016-10-31,Marina Gardens Drive,S108,,27.5,,nea_v2_api
2016-11-01,Sentosa,S60,,27.9,,nea_v2_api
2016-11-01,Banyan Road,S117,,28.5,,nea_v2_api
2016-11-01,Kim Chuan Road,S43,,29.0,,nea_v2_api
2016-11-01,Nanyang Avenue,S44,,27.4,,nea_v2_api
2016-11-01,Clementi Road,S50,,28.0,,nea_v2_api
2016-11-01,West Coast Highway,S116,,29.2,,nea_v2_api
2016-11-01,Pulau Ubin,S106,,26.6,,nea_v2_api
2016-11-01,Tuas South Avenue 3,S115,,28.8,,nea_v2_api
2016-11-01,Tanah Merah Coast Road,S96,,29.4,,nea_v2_api
2016-11-01,Woodlands Avenue 9,S104,,28.0,,nea_v2_api
2016-11-01,S06,S06,,28.1,,nea_v2_api
2016-11-01,Woodlands Road,S100,,28.5,,nea_v2_api
2016-11-01,Semakau Landfill,S102,,28.4,,nea_v2_api
2016-11-01,Sembawang Road,S122,,27.5,,nea_v2_api
2016-11-01,Ang Mo Kio Avenue 5,S109,,28.2,,nea_v2_api
2016-11-01,Upper Changi Road North,S24B,,28.3,,nea_v2_api
2016-11-01,Upper Changi Road North,S24,,28.3,,nea_v2_api
2016-11-01,East Coast Parkway,S107,,28.3,,nea_v2_api
2016-11-01,Old Choa Chu Kang Road,S121,,28.2,,nea_v2_api
2016-11-01,Marina Gardens Drive,S108,,28.5,,nea_v2_api
2016-11-02,Sentosa,S60,,27.4,,nea_v2_api
2016-11-02,Banyan Road,S117,,28.3,,nea_v2_api
2016-11-02,Kim Chuan Road,S43,,27.3,,nea_v2_api
2016-11-02,Nanyang Avenue,S44,,27.1,,nea_v2_api
2016-11-02,Clementi Road,S50,,26.6,,nea_v2_api
2016-11-02,West Coast Highway,S116,,27.8,,nea_v2_api
2016-11-02,Pulau Ubin,S106,,25.4,,nea_v2_api
2016-11-02,Tanah Merah Coast Road,S96,,27.8,,nea_v2_api
2016-11-02,Woodlands Avenue 9,S104,,26.9,,nea_v2_api
2016-11-02,S06,S06,,26.9,,nea_v2_api
2016-11-02,Woodlands Road,S100,,27.4,,nea_v2_api
2016-11-02,Semakau Landfill,S102,,28.1,,nea_v2_api
2016-11-02,Sembawang Road,S122,,26.7,,nea_v2_api
2016-11-02,Ang Mo Kio Avenue 5,S109,,26.6,,nea_v2_api
2016-11-02,Upper Changi Road North,S24B,,26.9,,nea_v2_api
2016-11-02,Upper Changi Road North,S24,,26.6,,nea_v2_api
2016-11-02,East Coast Parkway,S107,,27.9,,nea_v2_api
2016-11-02,Old Choa Chu Kang Road,S121,,27.3,,nea_v2_api
2016-11-02,Marina Gardens Drive,S108,,27.6,,nea_v2_api
2016-11-03,Sentosa,S60,,27.2,,nea_v2_api
2016-11-03,Banyan Road,S117,,27.9,,nea_v2_api
2016-11-03,Kim Chuan Road,S43,,27.3,,nea_v2_api
2016-11-03,Nanyang Avenue,S44,,26.7,,nea_v2_api
2016-11-03,Clementi Road,S50,,25.9,,nea_v2_api
2016-11-03,West Coast Highway,S116,,27.6,,nea_v2_api
2016-11-03,Pulau Ubin,S106,,25.4,,nea_v2_api
2016-11-03,Tanah Merah Coast Road,S96,,27.6,,nea_v2_api
2016-11-03,Woodlands Avenue 9,S104,,26.9,,nea_v2_api
2016-11-03,S06,S06,,26.5,,nea_v2_api
2016-11-03,Woodlands Road,S100,,27.1,,nea_v2_api
2016-11-03,Semakau Landfill,S102,,27.7,,nea_v2_api
2016-11-03,Sembawang Road,S122,,26.9,,nea_v2_api
2016-11-03,Ang Mo Kio Avenue 5,S109,,26.6,,nea_v2_api
2016-11-03,Upper Changi Road North,S24B,,27.2,,nea_v2_api
2016-11-03,Upper Changi Road North,S24,,27.0,,nea_v2_api
2016-11-03,East Coast Parkway,S107,,27.5,,nea_v2_api
2016-11-03,Old Choa Chu Kang Road,S121,,26.6,,nea_v2_api
2016-11-03,Marina Gardens Drive,S108,,27.1,,nea_v2_api
2016-11-04,Sentosa,S60,,27.1,,nea_v2_api
2016-11-04,Banyan Road,S117,,27.3,,nea_v2_api
2016-11-04,Kim Chuan Road,S43,,27.3,,nea_v2_api
2016-11-04,Nanyang Avenue,S44,,25.8,,nea_v2_api
2016-11-04,Clementi Road,S50,,26.1,,nea_v2_api
2016-11-04,West Coast Highway,S116,,27.6,,nea_v2_api
2016-11-04,Pulau Ubin,S106,,25.6,,nea_v2_api
2016-11-04,Tuas South Avenue 3,S115,,27.4,,nea_v2_api
2016-11-04,Tanah Merah Coast Road,S96,,26.8,,nea_v2_api
2016-11-04,Woodlands Avenue 9,S104,,26.3,,nea_v2_api
2016-11-04,Woodlands Road,S100,,27.2,,nea_v2_api
2016-11-04,Semakau Landfill,S102,,27.7,,nea_v2_api
2016-11-04,Sembawang Road,S122,,26.0,,nea_v2_api
2016-11-04,Ang Mo Kio Avenue 5,S109,,26.5,,nea_v2_api
2016-11-04,Upper Changi Road North,S24B,,26.8,,nea_v2_api
2016-11-04,Upper Changi Road North,S24,,26.5,,nea_v2_api
2016-11-04,East Coast Parkway,S107,,27.4,,nea_v2_api
2016-11-04,Old Choa Chu Kang Road,S121,,26.5,,nea_v2_api
2016-11-04,Marina Gardens Drive,S108,,27.3,,nea_v2_api
2016-11-05,Sentosa,S60,,28.3,,nea_v2_api
2016-11-05,Banyan Road,S117,,28.6,,nea_v2_api
2016-11-05,Kim Chuan Road,S43,,28.6,,nea_v2_api
2016-11-05,Nanyang Avenue,S44,,26.9,,nea_v2_api
2016-11-05,Clementi Road,S50,,27.5,,nea_v2_api
2016-11-05,West Coast Highway,S116,,28.9,,nea_v2_api
2016-11-05,Pulau Ubin,S106,,26.4,,nea_v2_api
2016-11-05,Tuas South Avenue 3,S115,,29.1,,nea_v2_api
2016-11-05,Tanah Merah Coast Road,S96,,28.5,,nea_v2_api
2016-11-05,Woodlands Avenue 9,S104,,27.7,,nea_v2_api
2016-11-05,Woodlands Road,S100,,28.1,,nea_v2_api
2016-11-05,Sembawang Road,S122,,27.0,,nea_v2_api
2016-11-05,Ang Mo Kio Avenue 5,S109,,27.9,,nea_v2_api
2016-11-05,Upper Changi Road North,S24B,,27.7,,nea_v2_api
2016-11-05,Upper Changi Road North,S24,,27.6,,nea_v2_api
2016-11-05,East Coast Parkway,S107,,28.5,,nea_v2_api
2016-11-05,Old Choa Chu Kang Road,S121,,27.4,,nea_v2_api
2016-11-05,Marina Gardens Drive,S108,,28.6,,nea_v2_api
2016-11-06,Sentosa,S60,,27.5,,nea_v2_api
2016-11-06,Banyan Road,S117,,27.4,,nea_v2_api
2016-11-06,Kim Chuan Road,S43,,28.0,,nea_v2_api
2016-11-06,Nanyang Avenue,S44,,27.1,,nea_v2_api
2016-11-06,Clementi Road,S50,,27.0,,nea_v2_api
2016-11-06,West Coast Highway,S116,,28.4,,nea_v2_api
2016-11-06,Pulau Ubin,S106,,26.1,,nea_v2_api
2016-11-06,Tuas South Avenue 3,S115,,28.2,,nea_v2_api
2016-11-06,Tanah Merah Coast Road,S96,,28.5,,nea_v2_api
2016-11-06,Woodlands Avenue 9,S104,,27.1,,nea_v2_api
2016-11-06,Woodlands Road,S100,,27.5,,nea_v2_api
2016-11-06,Semakau Landfill,S102,,27.4,,nea_v2_api
2016-11-06,Sembawang Road,S122,,27.0,,nea_v2_api
2016-11-06,Ang Mo Kio Avenue 5,S109,,27.3,,nea_v2_api
2016-11-06,Upper Changi Road North,S24B,,27.6,,nea_v2_api
2016-11-06,Upper Changi Road North,S24,,27.5,,nea_v2_api
2016-11-06,East Coast Parkway,S107,,28.3,,nea_v2_api
2016-11-06,Old Choa Chu Kang Road,S121,,27.1,,nea_v2_api
2016-11-06,Marina Gardens Drive,S108,,27.8,,nea_v2_api
2016-11-07,Sentosa,S60,,28.2,,nea_v2_api
2016-11-07,Banyan Road,S117,,28.4,,nea_v2_api
2016-11-07,Kim Chuan Road,S43,,27.8,,nea_v2_api
2016-11-07,Nanyang Avenue,S44,,27.0,,nea_v2_api
2016-11-07,Clementi Road,S50,,27.2,,nea_v2_api
2016-11-07,West Coast Highway,S116,,28.8,,nea_v2_api
2016-11-07,Pulau Ubin,S106,,26.3,,nea_v2_api
2016-11-07,Tuas South Avenue 3,S115,,27.9,,nea_v2_api
2016-11-07,Tanah Merah Coast Road,S96,,28.1,,nea_v2_api
2016-11-07,Woodlands Avenue 9,S104,,27.5,,nea_v2_api
2016-11-07,Woodlands Road,S100,,27.7,,nea_v2_api
2016-11-07,Semakau Landfill,S102,,28.3,,nea_v2_api
2016-11-07,Sembawang Road,S122,,26.6,,nea_v2_api
2016-11-07,Ang Mo Kio Avenue 5,S109,,27.3,,nea_v2_api
2016-11-07,Upper Changi Road North,S24B,,27.7,,nea_v2_api
2016-11-07,Upper Changi Road North,S24,,27.4,,nea_v2_api
2016-11-07,East Coast Parkway,S107,,28.3,,nea_v2_api
2016-11-07,Old Choa Chu Kang Road,S121,,27.0,,nea_v2_api
2016-11-07,Marina Gardens Drive,S108,,28.3,,nea_v2_api
2016-11-08,Sentosa,S60,,26.4,,nea_v2_api
2016-11-08,Banyan Road,S117,,26.6,,nea_v2_api
2016-11-08,Kim Chuan Road,S43,,26.6,,nea_v2_api
2016-11-08,Nanyang Avenue,S44,,25.2,,nea_v2_api
2016-11-08,Clementi Road,S50,,25.6,,nea_v2_api
2016-11-08,West Coast Highway,S116,,27.0,,nea_v2_api
2016-11-08,Pulau Ubin,S106,,25.3,,nea_v2_api
2016-11-08,Tanah Merah Coast Road,S96,,27.1,,nea_v2_api
2016-11-08,Woodlands Avenue 9,S104,,25.5,,nea_v2_api
2016-11-08,Woodlands Road,S100,,26.0,,nea_v2_api
2016-11-08,Semakau Landfill,S102,,27.4,,nea_v2_api
2016-11-08,Sembawang Road,S122,,25.1,,nea_v2_api
2016-11-08,Ang Mo Kio Avenue 5,S109,,25.8,,nea_v2_api
2016-11-08,Upper Changi Road North,S24B,,25.7,,nea_v2_api
2016-11-08,Upper Changi Road North,S24,,25.6,,nea_v2_api
2016-11-08,East Coast Parkway,S107,,26.6,,nea_v2_api
2016-11-08,Marina Gardens Drive,S108,,26.0,,nea_v2_api
2016-11-09,Sentosa,S60,,28.7,,nea_v2_api
2016-11-09,Banyan Road,S117,,28.0,,nea_v2_api
2016-11-09,Kim Chuan Road,S43,,28.9,,nea_v2_api
2016-11-09,Nanyang Avenue,S44,,27.8,,nea_v2_api
2016-11-09,Clementi Road,S50,,27.9,,nea_v2_api
2016-11-09,West Coast Highway,S116,,29.6,,nea_v2_api
2016-11-09,Pulau Ubin,S106,,26.9,,nea_v2_api
2016-11-09,Tuas South Avenue 3,S115,,29.0,,nea_v2_api
2016-11-09,Tanah Merah Coast Road,S96,,29.3,,nea_v2_api
2016-11-09,Woodlands Avenue 9,S104,,28.2,,nea_v2_api
2016-11-09,S06,S06,,27.9,,nea_v2_api
2016-11-09,Woodlands Road,S100,,28.4,,nea_v2_api
2016-11-09,Semakau Landfill,S102,,29.1,,nea_v2_api
2016-11-09,Sembawang Road,S122,,28.0,,nea_v2_api
2016-11-09,Ang Mo Kio Avenue 5,S109,,28.1,,nea_v2_api
2016-11-09,Upper Changi Road North,S24B,,28.4,,nea_v2_api
2016-11-09,Upper Changi Road North,S24,,28.2,,nea_v2_api
2016-11-09,East Coast Parkway,S107,,28.8,,nea_v2_api
2016-11-09,Marina Gardens Drive,S108,,29.1,,nea_v2_api
2016-11-10,Sentosa,S60,,27.9,,nea_v2_api
2016-11-10,Banyan Road,S117,,28.2,,nea_v2_api
2016-11-10,Kim Chuan Road,S43,,28.3,,nea_v2_api
2016-11-10,Nanyang Avenue,S44,,26.9,,nea_v2_api
2016-11-10,Clementi Road,S50,,27.5,,nea_v2_api
2016-11-10,West Coast Highway,S116,,28.6,,nea_v2_api
2016-11-10,Pulau Ubin,S106,,25.8,,nea_v2_api
2016-11-10,Tuas South Avenue 3,S115,,28.3,,nea_v2_api
2016-11-10,Tanah Merah Coast Road,S96,,27.3,,nea_v2_api
2016-11-10,Woodlands Avenue 9,S104,,27.9,,nea_v2_api
2016-11-10,S06,S06,,26.4,,nea_v2_api
2016-11-10,Woodlands Road,S100,,27.8,,nea_v2_api
2016-11-10,Semakau Landfill,S102,,28.0,,nea_v2_api
2016-11-10,Sembawang Road,S122,,26.5,,nea_v2_api
2016-11-10,Ang Mo Kio Avenue 5,S109,,27.8,,nea_v2_api
2016-11-10,Upper Changi Road North,S24B,,26.6,,nea_v2_api
2016-11-10,Upper Changi Road North,S24,,26.5,,nea_v2_api
2016-11-10,East Coast Parkway,S107,,27.4,,nea_v2_api
2016-11-10,Marina Gardens Drive,S108,,28.2,,nea_v2_api
2016-11-11,Sentosa,S60,,26.7,,nea_v2_api
2016-11-11,Banyan Road,S117,,27.8,,nea_v2_api
2016-11-11,Kim Chuan Road,S43,,26.8,,nea_v2_api
2016-11-11,Nanyang Avenue,S44,,26.0,,nea_v2_api
2016-11-11,Clementi Road,S50,,26.1,,nea_v2_api
2016-11-11,West Coast Highway,S116,,27.2,,nea_v2_api
2016-11-11,Pulau Ubin,S106,,24.6,,nea_v2_api
2016-11-11,Tuas South Avenue 3,S115,,27.1,,nea_v2_api
2016-11-11,Tanah Merah Coast Road,S96,,27.0,,nea_v2_api
2016-11-11,Woodlands Avenue 9,S104,,26.1,,nea_v2_api
2016-11-11,S06,S06,,25.1,,nea_v2_api
2016-11-11,Woodlands Road,S100,,26.3,,nea_v2_api
2016-11-11,Semakau Landfill,S102,,27.3,,nea_v2_api
2016-11-11,Sembawang Road,S122,,24.8,,nea_v2_api
2016-11-11,Ang Mo Kio Avenue 5,S109,,25.9,,nea_v2_api
2016-11-11,Upper Changi Road North,S24B,,26.2,,nea_v2_api
2016-11-11,Upper Changi Road North,S24,,25.9,,nea_v2_api
2016-11-11,East Coast Parkway,S107,,27.4,,nea_v2_api
2016-11-11,Old Choa Chu Kang Road,S121,,25.7,,nea_v2_api
2016-11-11,Marina Gardens Drive,S108,,26.7,,nea_v2_api
2016-11-12,Sentosa,S60,,26.6,,nea_v2_api
2016-11-12,Banyan Road,S117,,26.4,,nea_v2_api
2016-11-12,Kim Chuan Road,S43,,26.9,,nea_v2_api
2016-11-12,Nanyang Avenue,S44,,24.8,,nea_v2_api
2016-11-12,Clementi Road,S50,,25.4,,nea_v2_api
2016-11-12,West Coast Highway,S116,,26.7,,nea_v2_api
2016-11-12,Pulau Ubin,S106,,25.5,,nea_v2_api
2016-11-12,Tuas South Avenue 3,S115,,26.7,,nea_v2_api
2016-11-12,Tanah Merah Coast Road,S96,,28.0,,nea_v2_api
2016-11-12,Woodlands Avenue 9,S104,,25.6,,nea_v2_api
2016-11-12,S06,S06,,26.3,,nea_v2_api
2016-11-12,Woodlands Road,S100,,25.5,,nea_v2_api
2016-11-12,Semakau Landfill,S102,,27.2,,nea_v2_api
2016-11-12,Sembawang Road,S122,,24.7,,nea_v2_api
2016-11-12,Ang Mo Kio Avenue 5,S109,,25.6,,nea_v2_api
2016-11-12,Upper Changi Road North,S24B,,26.8,,nea_v2_api
2016-11-12,Upper Changi Road North,S24,,26.4,,nea_v2_api
2016-11-12,East Coast Parkway,S107,,28.1,,nea_v2_api
2016-11-12,Old Choa Chu Kang Road,S121,,24.7,,nea_v2_api
2016-11-12,Marina Gardens Drive,S108,,27.3,,nea_v2_api
2016-11-13,Sentosa,S60,,27.0,,nea_v2_api
2016-11-13,Banyan Road,S117,,27.0,,nea_v2_api
2016-11-13,Kim Chuan Road,S43,,27.0,,nea_v2_api
2016-11-13,Nanyang Avenue,S44,,25.4,,nea_v2_api
2016-11-13,Clementi Road,S50,,25.6,,nea_v2_api
2016-11-13,West Coast Highway,S116,,27.1,,nea_v2_api
2016-11-13,Pulau Ubin,S106,,25.3,,nea_v2_api
2016-11-13,Tuas South Avenue 3,S115,,26.9,,nea_v2_api
2016-11-13,Tanah Merah Coast Road,S96,,27.4,,nea_v2_api
2016-11-13,Woodlands Avenue 9,S104,,26.0,,nea_v2_api
2016-11-13,S06,S06,,25.8,,nea_v2_api
2016-11-13,Woodlands Road,S100,,26.1,,nea_v2_api
2016-11-13,Semakau Landfill,S102,,27.5,,nea_v2_api
2016-11-13,Sembawang Road,S122,,25.2,,nea_v2_api
2016-11-13,Ang Mo Kio Avenue 5,S109,,26.2,,nea_v2_api
2016-11-13,Upper Changi Road North,S24B,,26.6,,nea_v2_api
2016-11-13,Upper Changi Road North,S24,,26.3,,nea_v2_api
2016-11-13,East Coast Parkway,S107,,27.5,,nea_v2_api
2016-11-13,Old Choa Chu Kang Road,S121,,25.6,,nea_v2_api
2016-11-13,Marina Gardens Drive,S108,,27.5,,nea_v2_api
2016-11-14,Sentosa,S60,,26.5,,nea_v2_api
2016-11-14,Banyan Road,S117,,26.6,,nea_v2_api
2016-11-14,Kim Chuan Road,S43,,27.6,,nea_v2_api
2016-11-14,Nanyang Avenue,S44,,25.7,,nea_v2_api
2016-11-14,Clementi Road,S50,,25.8,,nea_v2_api
2016-11-14,West Coast Highway,S116,,27.5,,nea_v2_api
2016-11-14,Pulau Ubin,S106,,25.6,,nea_v2_api
2016-11-14,Tanah Merah Coast Road,S96,,27.9,,nea_v2_api
2016-11-14,Woodlands Avenue 9,S104,,26.2,,nea_v2_api
2016-11-14,S06,S06,,26.1,,nea_v2_api
2016-11-14,Woodlands Road,S100,,26.2,,nea_v2_api
2016-11-14,Semakau Landfill,S102,,27.3,,nea_v2_api
2016-11-14,Sembawang Road,S122,,25.5,,nea_v2_api
2016-11-14,Ang Mo Kio Avenue 5,S109,,26.8,,nea_v2_api
2016-11-14,Upper Changi Road North,S24B,,27.0,,nea_v2_api
2016-11-14,Upper Changi Road North,S24,,26.8,,nea_v2_api
2016-11-14,East Coast Parkway,S107,,27.9,,nea_v2_api
2016-11-14,Old Choa Chu Kang Road,S121,,26.1,,nea_v2_api
2016-11-14,Marina Gardens Drive,S108,,27.4,,nea_v2_api
2016-11-15,Sentosa,S60,,25.3,,nea_v2_api
2016-11-15,Banyan Road,S117,,25.7,,nea_v2_api
2016-11-15,Kim Chuan Road,S43,,25.3,,nea_v2_api
2016-11-15,Nanyang Avenue,S44,,24.0,,nea_v2_api
2016-11-15,Clementi Road,S50,,24.6,,nea_v2_api
2016-11-15,West Coast Highway,S116,,25.7,,nea_v2_api
2016-11-15,Pulau Ubin,S106,,24.2,,nea_v2_api
2016-11-15,Tuas South Avenue 3,S115,,26.0,,nea_v2_api
2016-11-15,Tanah Merah Coast Road,S96,,25.6,,nea_v2_api
2016-11-15,Woodlands Avenue 9,S104,,24.7,,nea_v2_api
2016-11-15,S06,S06,,24.8,,nea_v2_api
2016-11-15,Woodlands Road,S100,,24.7,,nea_v2_api
2016-11-15,Semakau Landfill,S102,,25.8,,nea_v2_api
2016-11-15,Sembawang Road,S122,,24.4,,nea_v2_api
2016-11-15,Ang Mo Kio Avenue 5,S109,,24.7,,nea_v2_api
2016-11-15,East Coast Parkway,S107,,25.7,,nea_v2_api
2016-11-15,Old Choa Chu Kang Road,S121,,24.4,,nea_v2_api
2016-11-15,Marina Gardens Drive,S108,,25.5,,nea_v2_api
2016-11-16,Sentosa,S60,,,81.1,nea_v2_api
2016-11-16,Banyan Road,S117,,,75.8,nea_v2_api
2016-11-16,Kim Chuan Road,S43,,,75.5,nea_v2_api
2016-11-16,Nanyang Avenue,S44,,,80.0,nea_v2_api
2016-11-16,Clementi Road,S50,,,75.2,nea_v2_api
2016-11-16,West Coast Highway,S116,,,84.7,nea_v2_api
2016-11-16,Pulau Ubin,S106,,,88.8,nea_v2_api
2016-11-16,Tuas South Avenue 3,S115,,,82.0,nea_v2_api
2016-11-16,Tanah Merah Coast Road,S96,,,79.3,nea_v2_api
2016-11-16,Woodlands Avenue 9,S104,,,82.0,nea_v2_api
2016-11-16,S06,S06,,,75.0,nea_v2_api
2016-11-16,Woodlands Road,S100,,,71.5,nea_v2_api
2016-11-16,Semakau Landfill,S102,,,85.1,nea_v2_api
2016-11-16,Sembawang Road,S122,,,75.1,nea_v2_api
2016-11-16,Ang Mo Kio Avenue 5,S109,,,74.8,nea_v2_api
2016-11-16,Old Choa Chu Kang Road,S121,,,85.9,nea_v2_api
2016-11-16,Marina Gardens Drive,S108,,,80.6,nea_v2_api
2016-11-17,Sentosa,S60,,26.8,88.5,nea_v2_api
2016-11-17,Banyan Road,S117,,27.2,81.0,nea_v2_api
2016-11-17,Kim Chuan Road,S43,,27.4,81.1,nea_v2_api
2016-11-17,Nanyang Avenue,S44,,25.8,92.4,nea_v2_api
2016-11-17,Clementi Road,S50,,26.1,88.4,nea_v2_api
2016-11-17,West Coast Highway,S116,,27.4,87.6,nea_v2_api
2016-11-17,Pulau Ubin,S106,,25.3,,nea_v2_api
2016-11-17,Tuas South Avenue 3,S115,,27.6,75.7,nea_v2_api
2016-11-17,Tanah Merah Coast Road,S96,,27.0,81.3,nea_v2_api
2016-11-17,Woodlands Avenue 9,S104,,26.4,96.4,nea_v2_api
2016-11-17,S06,S06,,26.0,89.0,nea_v2_api
2016-11-17,Woodlands Road,S100,,26.9,83.5,nea_v2_api
2016-11-17,Semakau Landfill,S102,,27.0,82.9,nea_v2_api
2016-11-17,Sembawang Road,S122,,25.7,,nea_v2_api
2016-11-17,Ang Mo Kio Avenue 5,S109,,26.5,83.3,nea_v2_api
2016-11-17,Upper Changi Road North,S24,,26.4,79.9,nea_v2_api
2016-11-17,East Coast Parkway,S107,,27.1,85.0,nea_v2_api
2016-11-17,Old Choa Chu Kang Road,S121,,26.1,,nea_v2_api
2016-11-17,Marina Gardens Drive,S108,,27.0,85.0,nea_v2_api
2016-11-18,Sentosa,S60,,27.5,76.5,nea_v2_api
2016-11-18,Banyan Road,S117,,27.9,77.4,nea_v2_api
2016-11-18,Kim Chuan Road,S43,,26.8,89.1,nea_v2_api
2016-11-18,Nanyang Avenue,S44,,26.4,,nea_v2_api
2016-11-18,Clementi Road,S50,,25.7,93.5,nea_v2_api
2016-11-18,West Coast Highway,S116,,27.4,91.8,nea_v2_api
2016-11-18,Pulau Ubin,S106,,24.9,,nea_v2_api
2016-11-18,Tanah Merah Coast Road,S96,,27.6,80.9,nea_v2_api
2016-11-18,Woodlands Avenue 9,S104,,26.1,98.6,nea_v2_api
2016-11-18,S06,S06,,25.2,97.0,nea_v2_api
2016-11-18,Woodlands Road,S100,,26.8,85.9,nea_v2_api
2016-11-18,Semakau Landfill,S102,,27.7,80.5,nea_v2_api
2016-11-18,Sembawang Road,S122,,25.4,,nea_v2_api
2016-11-18,Ang Mo Kio Avenue 5,S109,,26.0,93.6,nea_v2_api
2016-11-18,Upper Changi Road North,S24,,26.0,95.0,nea_v2_api
2016-11-18,East Coast Parkway,S107,,27.3,91.9,nea_v2_api
2016-11-18,Old Choa Chu Kang Road,S121,,26.3,,nea_v2_api
2016-11-18,Marina Gardens Drive,S108,,27.2,87.5,nea_v2_api
2016-11-19,Sentosa,S60,,27.3,89.1,nea_v2_api
2016-11-19,Banyan Road,S117,,27.9,83.0,nea_v2_api
2016-11-19,Kim Chuan Road,S43,,27.2,87.9,nea_v2_api
2016-11-19,Nanyang Avenue,S44,,26.1,,nea_v2_api
2016-11-19,Clementi Road,S50,,25.8,93.1,nea_v2_api
2016-11-19,West Coast Highway,S116,,28.5,89.6,nea_v2_api
2016-11-19,Pulau Ubin,S106,,24.8,,nea_v2_api
2016-11-19,Tuas South Avenue 3,S115,,27.6,83.9,nea_v2_api
2016-11-19,Tanah Merah Coast Road,S96,,27.4,87.0,nea_v2_api
2016-11-19,Woodlands Avenue 9,S104,,26.2,,nea_v2_api
2016-11-19,S06,S06,,25.9,92.0,nea_v2_api
2016-11-19,Woodlands Road,S100,,25.8,95.6,nea_v2_api
2016-11-19,Semakau Landfill,S102,,27.4,84.4,nea_v2_api
2016-11-19,Sembawang Road,S122,,25.1,,nea_v2_api
2016-11-19,Ang Mo Kio Avenue 5,S109,,26.1,92.1,nea_v2_api
2016-11-19,Upper Changi Road North,S24,,26.3,93.5,nea_v2_api
2016-11-19,East Coast Parkway,S107,,27.6,89.1,nea_v2_api
2016-11-19,Old Choa Chu Kang Road,S121,,25.6,,nea_v2_api
2016-11-19,Marina Gardens Drive,S108,,27.5,86.5,nea_v2_api
2016-11-20,Sentosa,S60,,27.9,87.5,nea_v2_api
2016-11-20,Banyan Road,S117,,28.4,80.5,nea_v2_api
2016-11-20,Kim Chuan Road,S43,,27.7,88.9,nea_v2_api
2016-11-20,Nanyang Avenue,S44,,27.0,,nea_v2_api
2016-11-20,Clementi Road,S50,,27.0,90.7,nea_v2_api
2016-11-20,West Coast Highway,S116,,28.2,90.6,nea_v2_api
2016-11-20,Pulau Ubin,S106,,25.9,,nea_v2_api
2016-11-20,Tuas South Avenue 3,S115,,28.3,82.3,nea_v2_api
2016-11-20,Tanah Merah Coast Road,S96,,28.7,82.2,nea_v2_api
2016-11-20,Woodlands Avenue 9,S104,,27.5,97.9,nea_v2_api
2016-11-20,S06,S06,,26.2,94.0,nea_v2_api
2016-11-20,Woodlands Road,S100,,27.0,89.0,nea_v2_api
2016-11-20,Semakau Landfill,S102,,28.2,82.3,nea_v2_api
2016-11-20,Sembawang Road,S122,,26.3,,nea_v2_api
2016-11-20,Ang Mo Kio Avenue 5,S109,,27.1,89.7,nea_v2_api
2016-11-20,Upper Changi Road North,S24,,27.8,77.8,nea_v2_api
2016-11-20,East Coast Parkway,S107,,28.0,88.6,nea_v2_api
2016-11-20,Old Choa Chu Kang Road,S121,,27.1,,nea_v2_api
2016-11-20,Marina Gardens Drive,S108,,27.9,86.2,nea_v2_api
2016-11-21,Sentosa,S60,,28.0,83.2,nea_v2_api
2016-11-21,Banyan Road,S117,,28.1,80.2,nea_v2_api
2016-11-21,Kim Chuan Road,S43,,27.7,85.5,nea_v2_api
2016-11-21,Nanyang Avenue,S44,,26.6,,nea_v2_api
2016-11-21,Clementi Road,S50,,26.8,90.1,nea_v2_api
2016-11-21,West Coast Highway,S116,,28.3,91.9,nea_v2_api
2016-11-21,Tuas South Avenue 3,S115,,28.4,81.0,nea_v2_api
2016-11-21,Tanah Merah Coast Road,S96,,27.8,80.8,nea_v2_api
2016-11-21,Woodlands Avenue 9,S104,,26.7,,nea_v2_api
2016-11-21,S06,S06,,26.6,89.0,nea_v2_api
2016-11-21,Woodlands Road,S100,,26.9,89.4,nea_v2_api
2016-11-21,Semakau Landfill,S102,,27.8,80.8,nea_v2_api
2016-11-21,Sembawang Road,S122,,25.6,,nea_v2_api
2016-11-21,Ang Mo Kio Avenue 5,S109,,27.0,89.4,nea_v2_api
2016-11-21,Upper Changi Road North,S24,,26.6,91.2,nea_v2_api
2016-11-21,East Coast Parkway,S107,,28.0,82.8,nea_v2_api
2016-11-21,Old Choa Chu Kang Road,S121,,26.2,,nea_v2_api
2016-11-21,Marina Gardens Drive,S108,,28.2,84.2,nea_v2_api
2016-11-22,Sentosa,S60,,28.5,75.6,nea_v2_api
2016-11-22,Banyan Road,S117,,28.8,79.5,nea_v2_api
2016-11-22,Kim Chuan Road,S43,,28.8,81.4,nea_v2_api
2016-11-22,Nanyang Avenue,S44,,27.2,,nea_v2_api
2016-11-22,Clementi Road,S50,,27.7,85.8,nea_v2_api
2016-11-22,West Coast Highway,S116,,29.0,87.4,nea_v2_api
2016-11-22,Pulau Ubin,S106,,26.7,98.4,nea_v2_api
2016-11-22,Tuas South Avenue 3,S115,,28.7,81.6,nea_v2_api
2016-11-22,Tanah Merah Coast Road,S96,,27.8,85.5,nea_v2_api
2016-11-22,Woodlands Avenue 9,S104,,28.0,95.7,nea_v2_api
2016-11-22,S06,S06,,28.2,76.0,nea_v2_api
2016-11-22,Woodlands Road,S100,,28.2,83.3,nea_v2_api
2016-11-22,Semakau Landfill,S102,,28.3,82.5,nea_v2_api
2016-11-22,Sembawang Road,S122,,27.0,,nea_v2_api
2016-11-22,Ang Mo Kio Avenue 5,S109,,27.8,85.3,nea_v2_api
2016-11-22,Upper Changi Road North,S24,,27.6,82.0,nea_v2_api
2016-11-22,East Coast Parkway,S107,,28.9,81.2,nea_v2_api
2016-11-22,Old Choa Chu Kang Road,S121,,27.2,,nea_v2_api
2016-11-22,Marina Gardens Drive,S108,,28.6,82.7,nea_v2_api
2016-11-23,Sentosa,S60,,27.2,89.9,nea_v2_api
2016-11-23,Banyan Road,S117,,28.0,76.5,nea_v2_api
2016-11-23,Kim Chuan Road,S43,,28.0,81.6,nea_v2_api
2016-11-23,Nanyang Avenue,S44,,27.0,91.6,nea_v2_api
2016-11-23,Clementi Road,S50,,26.8,88.2,nea_v2_api
2016-11-23,West Coast Highway,S116,,28.5,86.9,nea_v2_api
2016-11-23,Pulau Ubin,S106,,25.4,,nea_v2_api
2016-11-23,Tanah Merah Coast Road,S96,,28.6,80.6,nea_v2_api
2016-11-23,Woodlands Avenue 9,S104,,27.4,94.7,nea_v2_api
2016-11-23,S06,S06,,26.2,89.0,nea_v2_api
2016-11-23,Woodlands Road,S100,,26.9,86.4,nea_v2_api
2016-11-23,Semakau Landfill,S102,,27.3,85.6,nea_v2_api
2016-11-23,Sembawang Road,S122,,25.6,,nea_v2_api
2016-11-23,Ang Mo Kio Avenue 5,S109,,27.7,81.1,nea_v2_api
2016-11-23,Upper Changi Road North,S24,,27.5,75.3,nea_v2_api
2016-11-23,East Coast Parkway,S107,,28.5,84.8,nea_v2_api
2016-11-23,Old Choa Chu Kang Road,S121,,26.3,,nea_v2_api
2016-11-23,Marina Gardens Drive,S108,,27.8,87.0,nea_v2_api
2016-11-24,Sentosa,S60,,27.6,79.5,nea_v2_api
2016-11-24,Banyan Road,S117,,28.1,80.3,nea_v2_api
2016-11-24,Kim Chuan Road,S43,,28.4,82.7,nea_v2_api
2016-11-24,Nanyang Avenue,S44,,28.1,72.3,nea_v2_api
2016-11-24,Clementi Road,S50,,27.3,82.8,nea_v2_api
2016-11-24,West Coast Highway,S116,,28.8,80.2,nea_v2_api
2016-11-24,Pulau Ubin,S106,,26.2,100.0,nea_v2_api
2016-11-24,Tanah Merah Coast Road,S96,,28.5,77.2,nea_v2_api
2016-11-24,Woodlands Avenue 9,S104,,28.1,86.1,nea_v2_api
2016-11-24,S06,S06,,26.8,86.0,nea_v2_api
2016-11-24,Woodlands Road,S100,,28.0,75.2,nea_v2_api
2016-11-24,Semakau Landfill,S102,,27.6,81.9,nea_v2_api
2016-11-24,Sembawang Road,S122,,26.2,,nea_v2_api
2016-11-24,Ang Mo Kio Avenue 5,S109,,28.0,78.4,nea_v2_api
2016-11-24,Upper Changi Road North,S24,,27.6,75.0,nea_v2_api
2016-11-24,East Coast Parkway,S107,,28.6,83.3,nea_v2_api
2016-11-24,Old Choa Chu Kang Road,S121,,27.6,86.3,nea_v2_api
2016-11-24,Marina Gardens Drive,S108,,28.2,84.8,nea_v2_api
2016-11-25,Sentosa,S60,,26.8,79.5,nea_v2_api
2016-11-25,Banyan Road,S117,,27.5,74.9,nea_v2_api
2016-11-25,Kim Chuan Road,S43,,26.4,84.6,nea_v2_api
2016-11-25,Nanyang Avenue,S44,,25.8,89.1,nea_v2_api
2016-11-25,Clementi Road,S50,,25.7,87.3,nea_v2_api
2016-11-25,West Coast Highway,S116,,26.9,86.7,nea_v2_api
2016-11-25,Tanah Merah Coast Road,S96,,26.5,83.6,nea_v2_api
2016-11-25,Woodlands Avenue 9,S104,,25.7,96.3,nea_v2_api
2016-11-25,S06,S06,,25.8,79.0,nea_v2_api
2016-11-25,Woodlands Road,S100,,26.2,83.0,nea_v2_api
2016-11-25,Semakau Landfill,S102,,27.2,80.5,nea_v2_api
2016-11-25,Sembawang Road,S122,,25.4,,nea_v2_api
2016-11-25,Ang Mo Kio Avenue 5,S109,,25.7,84.6,nea_v2_api
2016-11-25,Upper Changi Road North,S24B,,25.9,,nea_v2_api
2016-11-25,Upper Changi Road North,S24,,25.8,75.1,nea_v2_api
2016-11-25,East Coast Parkway,S107,,26.6,83.9,nea_v2_api
2016-11-25,Old Choa Chu Kang Road,S121,,26.0,97.5,nea_v2_api
2016-11-25,Marina Gardens Drive,S108,,27.2,81.0,nea_v2_api
2016-11-26,Banyan Road,S117,,28.2,78.8,nea_v2_api
2016-11-26,Kim Chuan Road,S43,,27.1,92.7,nea_v2_api
2016-11-26,Nanyang Avenue,S44,,26.2,,nea_v2_api
2016-11-26,Clementi Road,S50,,26.3,93.5,nea_v2_api
2016-11-26,Tanah Merah Coast Road,S96,,28.2,80.0,nea_v2_api
2016-11-26,Woodlands Avenue 9,S104,,26.1,,nea_v2_api
2016-11-26,S06,S06,,26.5,94.0,nea_v2_api
2016-11-26,Woodlands Road,S100,,26.4,94.9,nea_v2_api
2016-11-26,Semakau Landfill,S102,,27.8,82.0,nea_v2_api
2016-11-26,Sembawang Road,S122,,26.0,,nea_v2_api
2016-11-26,Ang Mo Kio Avenue 5,S109,,26.0,99.2,nea_v2_api
2016-11-26,Upper Changi Road North,S24B,,27.1,,nea_v2_api
2016-11-26,Upper Changi Road North,S24,,26.7,94.1,nea_v2_api
2016-11-26,East Coast Parkway,S107,,28.1,88.3,nea_v2_api
2016-11-26,Old Choa Chu Kang Road,S121,,26.5,,nea_v2_api
2016-11-26,Marina Gardens Drive,S108,,27.6,89.8,nea_v2_api
2016-11-27,Banyan Road,S117,,27.3,88.6,nea_v2_api
2016-11-27,Kim Chuan Road,S43,,27.6,91.7,nea_v2_api
2016-11-27,Nanyang Avenue,S44,,25.9,,nea_v2_api
2016-11-27,Clementi Road,S50,,26.4,97.0,nea_v2_api
2016-11-27,West Coast Highway,S116,,27.5,97.1,nea_v2_api
2016-11-27,Pulau Ubin,S106,,26.8,98.4,nea_v2_api
2016-11-27,Tuas South Avenue 3,S115,,27.0,90.2,nea_v2_api
2016-11-27,Tanah Merah Coast Road,S96,,27.7,85.3,nea_v2_api
2016-11-27,Woodlands Avenue 9,S104,,26.6,,nea_v2_api
2016-11-27,S06,S06,,26.5,95.0,nea_v2_api
2016-11-27,Woodlands Road,S100,,26.6,96.2,nea_v2_api
2016-11-27,Semakau Landfill,S102,,27.8,84.4,nea_v2_api
2016-11-27,Sembawang Road,S122,,26.1,,nea_v2_api
2016-11-27,Ang Mo Kio Avenue 5,S109,,26.5,97.6,nea_v2_api
2016-11-27,Upper Changi Road North,S24B,,27.2,,nea_v2_api
2016-11-27,Upper Changi Road North,S24,,26.8,93.0,nea_v2_api
2016-11-27,East Coast Parkway,S107,,27.7,94.4,nea_v2_api
2016-11-27,Old Choa Chu Kang Road,S121,,26.1,,nea_v2_api
2016-11-27,Marina Gardens Drive,S108,,27.3,95.8,nea_v2_api
2016-11-28,Banyan Road,S117,,27.0,84.1,nea_v2_api
2016-11-28,Kim Chuan Road,S43,,27.4,83.9,nea_v2_api
2016-11-28,Nanyang Avenue,S44,,25.8,,nea_v2_api
2016-11-28,Clementi Road,S50,,26.5,87.1,nea_v2_api
2016-11-28,West Coast Highway,S116,,27.4,90.1,nea_v2_api
2016-11-28,Pulau Ubin,S106,,25.9,97.2,nea_v2_api
2016-11-28,Tuas South Avenue 3,S115,,27.3,82.8,nea_v2_api
2016-11-28,Tanah Merah Coast Road,S96,,26.9,83.5,nea_v2_api
2016-11-28,Woodlands Avenue 9,S104,,26.6,96.8,nea_v2_api
2016-11-28,S06,S06,,26.9,78.0,nea_v2_api
2016-11-28,Woodlands Road,S100,,27.2,82.1,nea_v2_api
2016-11-28,Semakau Landfill,S102,,27.3,82.6,nea_v2_api
2016-11-28,Sembawang Road,S122,,26.5,96.4,nea_v2_api
2016-11-28,Ang Mo Kio Avenue 5,S109,,26.8,85.4,nea_v2_api
2016-11-28,Upper Changi Road North,S24B,,26.8,,nea_v2_api
2016-11-28,Upper Changi Road North,S24,,26.5,78.3,nea_v2_api
2016-11-28,East Coast Parkway,S107,,27.5,85.1,nea_v2_api
2016-11-28,Old Choa Chu Kang Road,S121,,26.2,,nea_v2_api
2016-11-28,Marina Gardens Drive,S108,,27.5,83.9,nea_v2_api
2016-11-29,Banyan Road,S117,,27.4,80.6,nea_v2_api
2016-11-29,Kim Chuan Road,S43,,27.6,81.0,nea_v2_api
2016-11-29,Nanyang Avenue,S44,,25.8,,nea_v2_api
2016-11-29,Clementi Road,S50,,26.6,86.2,nea_v2_api
2016-11-29,West Coast Highway,S116,,27.6,87.5,nea_v2_api
2016-11-29,Pulau Ubin,S106,,27.0,89.1,nea_v2_api
2016-11-29,Tuas South Avenue 3,S115,,27.4,80.6,nea_v2_api
2016-11-29,Tanah Merah Coast Road,S96,,27.5,78.7,nea_v2_api
2016-11-29,Woodlands Avenue 9,S104,,26.8,93.9,nea_v2_api
2016-11-29,S06,S06,,27.3,73.0,nea_v2_api
2016-11-29,Woodlands Road,S100,,27.3,80.8,nea_v2_api
2016-11-29,Semakau Landfill,S102,,27.7,77.4,nea_v2_api
2016-11-29,Sembawang Road,S122,,26.9,88.6,nea_v2_api
2016-11-29,Ang Mo Kio Avenue 5,S109,,27.0,82.7,nea_v2_api
2016-11-29,Upper Changi Road North,S24B,,27.5,,nea_v2_api
2016-11-29,Upper Changi Road North,S24,,27.2,71.6,nea_v2_api
2016-11-29,East Coast Parkway,S107,,27.8,81.8,nea_v2_api
2016-11-29,Old Choa Chu Kang Road,S121,,26.9,95.0,nea_v2_api
2016-11-29,Marina Gardens Drive,S108,,27.4,82.0,nea_v2_api
2016-11-30,Banyan Road,S117,,26.1,76.4,nea_v2_api
2016-11-30,Kim Chuan Road,S43,,26.1,85.7,nea_v2_api
2016-11-30,Nanyang Avenue,S44,,24.9,88.7,nea_v2_api
2016-11-30,Clementi Road,S50,,25.5,80.9,nea_v2_api
2016-11-30,West Coast Highway,S116,,26.7,81.5,nea_v2_api
2016-11-30,Pulau Ubin,S106,,25.2,95.1,nea_v2_api
2016-11-30,Tuas South Avenue 3,S115,,25.7,81.1,nea_v2_api
2016-11-30,Tanah Merah Coast Road,S96,,26.2,80.0,nea_v2_api
2016-11-30,Woodlands Avenue 9,S104,,25.3,93.3,nea_v2_api
2016-11-30,S06,S06,,25.6,81.0,nea_v2_api
2016-11-30,Woodlands Road,S100,,26.0,77.1,nea_v2_api
2016-11-30,Semakau Landfill,S102,,26.8,74.1,nea_v2_api
2016-11-30,Sembawang Road,S122,,25.5,,nea_v2_api
2016-11-30,Ang Mo Kio Avenue 5,S109,,25.3,89.2,nea_v2_api
2016-11-30,Upper Changi Road North,S24B,,26.0,,nea_v2_api
2016-11-30,Upper Changi Road North,S24,,25.7,73.7,nea_v2_api
2016-11-30,East Coast Parkway,S107,,26.6,83.1,nea_v2_api
2016-11-30,Old Choa Chu Kang Road,S121,,25.7,89.7,nea_v2_api
2016-11-30,Marina Gardens Drive,S108,,26.8,76.4,nea_v2_api
2016-12-01,Banyan Road,S117,,28.0,73.7,nea_v2_api
2016-12-01,Kim Chuan Road,S43,,28.2,74.7,nea_v2_api
2016-12-01,Nanyang Avenue,S44,,26.4,83.1,nea_v2_api
2016-12-01,Clementi Road,S50,,27.3,78.5,nea_v2_api
2016-12-01,West Coast Highway,S116,,28.2,81.8,nea_v2_api
2016-12-01,Pulau Ubin,S106,,26.8,90.7,nea_v2_api
2016-12-01,Tuas South Avenue 3,S115,,28.0,77.0,nea_v2_api
2016-12-01,Tanah Merah Coast Road,S96,,27.7,78.1,nea_v2_api
2016-12-01,Woodlands Avenue 9,S104,,27.2,88.4,nea_v2_api
2016-12-01,S06,S06,,27.7,69.0,nea_v2_api
2016-12-01,Woodlands Road,S100,,27.7,76.5,nea_v2_api
2016-12-01,Semakau Landfill,S102,,28.1,76.0,nea_v2_api
2016-12-01,Sembawang Road,S122,,27.6,78.3,nea_v2_api
2016-12-01,Ang Mo Kio Avenue 5,S109,,27.4,75.8,nea_v2_api
2016-12-01,Upper Changi Road North,S24B,,27.6,,nea_v2_api
2016-12-01,Upper Changi Road North,S24,,27.4,69.9,nea_v2_api
2016-12-01,East Coast Parkway,S107,,28.4,78.4,nea_v2_api
2016-12-01,Old Choa Chu Kang Road,S121,,27.2,87.2,nea_v2_api
2016-12-01,Marina Gardens Drive,S108,,28.2,74.4,nea_v2_api
2016-12-02,Kim Chuan Road,S43,0.0,25.6,91.5,nea_v2_api
2016-12-02,Pasir Ris Drive 12,S29,0.0,,,nea_v2_api
2016-12-02,Alexandra Road,S77,0.0,,,nea_v2_api
2016-12-02,Upper Serangoon Road,S36,0.0,,,nea_v2_api
2016-12-02,Nanyang Avenue,S44,0.0,24.4,,nea_v2_api
2016-12-02,Toa Payoh North,S88,0.0,,,nea_v2_api
2016-12-02,Chai Chee Street,S61,0.0,,,nea_v2_api
2016-12-02,Serangoon North Avenue 4,S110,0.0,,,nea_v2_api
2016-12-02,Towner Road,S123,0.0,,,nea_v2_api
2016-12-02,Lornie Road,S07,0.0,,,nea_v2_api
2016-12-02,Pasir Ris Street 51,S94,0.0,,,nea_v2_api
2016-12-02,Nicoll Highway,S119,0.0,,,nea_v2_api
2016-12-02,Tuas South Avenue 3,S115,0.0,25.5,89.9,nea_v2_api
2016-12-02,Tanah Merah Coast Road,S96,0.0,25.8,86.2,nea_v2_api
2016-12-02,West Coast Highway,S116,0.0,25.9,95.9,nea_v2_api
2016-12-02,Poole Road,S78,0.0,,,nea_v2_api
2016-12-02,S06,S06,0.0,25.1,89.0,nea_v2_api
2016-12-02,Semakau Landfill,S102,0.0,26.2,85.4,nea_v2_api
2016-12-02,Lim Chu Kang Road,S112,0.0,,,nea_v2_api
2016-12-02,Corporation Road,S101,0.0,,,nea_v2_api
2016-12-02,Ang Mo Kio Avenue 5,S109,0.0,24.8,97.5,nea_v2_api
2016-12-02,Somerset Road,S79,0.0,,,nea_v2_api
2016-12-02,East Coast Parkway,S107,0.0,25.7,95.0,nea_v2_api
2016-12-02,Old Choa Chu Kang Road,S121,0.0,25.1,,nea_v2_api
2016-12-02,Punggol Central,S81,0.0,,,nea_v2_api
2016-12-02,Tuas Road,S89,0.0,,,nea_v2_api
2016-12-02,Choa Chu Kang Road,S11,0.0,,,nea_v2_api
2016-12-02,Upper Peirce Reservoir Park,S69,0.0,,,nea_v2_api
2016-12-02,Upper Thomson Road,S08,0.0,,,nea_v2_api
2016-12-02,Marine Parade Road,S113,0.0,,,nea_v2_api
2016-12-02,Buangkok Green,S55,0.0,,,nea_v2_api
2016-12-02,Simei Avenue,S84,0.0,,,nea_v2_api
2016-12-02,Banyan Road,S117,0.0,25.7,87.8,nea_v2_api
2016-12-02,Old Toh Tuck Road,S35,0.0,,,nea_v2_api
2016-12-02,Mandai Lake Road,S40,0.0,,,nea_v2_api
2016-12-02,Jurong Pier Road,S33,0.0,,,nea_v2_api
2016-12-02,Clementi Road,S50,0.0,24.7,93.6,nea_v2_api
2016-12-02,Pulau Ubin,S106,0.0,25.2,100.0,nea_v2_api
2016-12-02,Kranji Way,S66,0.0,,,nea_v2_api
2016-12-02,Choa Chu Kang Avenue 4,S114,0.0,,,nea_v2_api
2016-12-02,International Road,S63,0.0,,,nea_v2_api
2016-12-02,Woodlands Avenue 9,S104,0.0,24.8,,nea_v2_api
2016-12-02,Woodlands Road,S100,0.0,25.2,94.5,nea_v2_api
2016-12-02,Sembawang Road,S122,0.0,24.9,,nea_v2_api
2016-12-02,Handy Road,S118,0.0,,,nea_v2_api
2016-12-02,Upper Changi Road North,S24B,0.0,25.6,,nea_v2_api
2016-12-02,Bukit Timah Road,S90,0.0,,,nea_v2_api
2016-12-02,South Buona Vista Road,S92,0.0,,,nea_v2_api
2016-12-02,Upper Changi Road North,S24,0.0,25.5,89.5,nea_v2_api
2016-12-02,Yishun Avenue 5,S91,0.0,,,nea_v2_api
2016-12-02,Bukit Panjang Road,S64,0.0,,,nea_v2_api
2016-12-02,Kent Ridge Road,S71,0.0,,,nea_v2_api
2016-12-02,Sime Road,S46,0.0,,,nea_v2_api
2016-12-02,Marina Gardens Drive,S108,0.0,25.5,91.8,nea_v2_api
2016-12-02,Holland Road,S120,0.0,,,nea_v2_api
2016-12-03,Kim Chuan Road,S43,9.8,27.8,81.0,nea_v2_api
2016-12-03,Pasir Ris Drive 12,S29,3.6,,,nea_v2_api
2016-12-03,Alexandra Road,S77,9.2,,,nea_v2_api
2016-12-03,Upper Serangoon Road,S36,5.4,,,nea_v2_api
2016-12-03,Nanyang Avenue,S44,0.0,26.3,,nea_v2_api
2016-12-03,Toa Payoh North,S88,5.8,,,nea_v2_api
2016-12-03,Chai Chee Street,S61,3.2,,,nea_v2_api
2016-12-03,Serangoon North Avenue 4,S110,4.2,,,nea_v2_api
2016-12-03,Towner Road,S123,4.8,,,nea_v2_api
2016-12-03,Lornie Road,S07,7.4,,,nea_v2_api
2016-12-03,Pasir Ris Street 51,S94,3.6,,,nea_v2_api
2016-12-03,Nicoll Highway,S119,7.2,,,nea_v2_api
2016-12-03,West Coast Highway,S116,3.6,27.8,87.6,nea_v2_api
2016-12-03,Tanah Merah Coast Road,S96,17.4,27.4,83.1,nea_v2_api
2016-12-03,Tuas South Avenue 3,S115,0.4,27.9,81.5,nea_v2_api
2016-12-03,Poole Road,S78,6.4,,,nea_v2_api
2016-12-03,S06,S06,8.0,26.9,81.0,nea_v2_api
2016-12-03,Semakau Landfill,S102,4.8,27.6,82.1,nea_v2_api
2016-12-03,Lim Chu Kang Road,S112,0.0,,,nea_v2_api
2016-12-03,Corporation Road,S101,0.2,,,nea_v2_api
2016-12-03,Ang Mo Kio Avenue 5,S109,4.4,27.2,82.5,nea_v2_api
2016-12-03,Somerset Road,S79,4.0,,,nea_v2_api
2016-12-03,East Coast Parkway,S107,0.0,27.5,86.6,nea_v2_api
2016-12-03,Old Choa Chu Kang Road,S121,0.0,26.5,,nea_v2_api
2016-12-03,Punggol Central,S81,3.6,,,nea_v2_api
2016-12-03,Tuas Road,S89,0.0,,,nea_v2_api
2016-12-03,Choa Chu Kang Road,S11,0.0,,,nea_v2_api
2016-12-03,Upper Peirce Reservoir Park,S69,1.0,,,nea_v2_api
2016-12-03,Upper Thomson Road,S08,2.4,,,nea_v2_api
2016-12-03,Marine Parade Road,S113,3.0,,,nea_v2_api
2016-12-03,Buangkok Green,S55,3.4,,,nea_v2_api
2016-12-03,Simei Avenue,S84,2.2,,,nea_v2_api
2016-12-03,Banyan Road,S117,0.8,27.6,82.2,nea_v2_api
2016-12-03,Old Toh Tuck Road,S35,0.6,,,nea_v2_api
2016-12-03,Mandai Lake Road,S40,0.0,,,nea_v2_api
2016-12-03,Jurong Pier Road,S33,6.0,,,nea_v2_api
2016-12-03,Clementi Road,S50,1.8,26.7,87.4,nea_v2_api
2016-12-03,Pulau Ubin,S106,1.6,25.2,,nea_v2_api
2016-12-03,Kranji Way,S66,0.0,,,nea_v2_api
2016-12-03,Choa Chu Kang Avenue 4,S114,0.0,,,nea_v2_api
2016-12-03,International Road,S63,0.8,,,nea_v2_api
2016-12-03,Woodlands Avenue 9,S104,0.0,26.5,98.8,nea_v2_api
2016-12-03,Woodlands Road,S100,0.0,27.3,82.7,nea_v2_api
2016-12-03,Sembawang Road,S122,0.2,26.0,,nea_v2_api
2016-12-03,Handy Road,S118,8.6,,,nea_v2_api
2016-12-03,Upper Changi Road North,S24B,0.0,26.7,,nea_v2_api
2016-12-03,Bukit Timah Road,S90,8.4,,,nea_v2_api
2016-12-03,South Buona Vista Road,S92,8.2,,,nea_v2_api
2016-12-03,Upper Changi Road North,S24,1.0,26.5,88.0,nea_v2_api
2016-12-03,Yishun Avenue 5,S91,0.2,,,nea_v2_api
2016-12-03,Bukit Panjang Road,S64,0.0,,,nea_v2_api
2016-12-03,Kent Ridge Road,S71,9.6,,,nea_v2_api
2016-12-03,Sime Road,S46,4.4,,,nea_v2_api
2016-12-03,Marina Gardens Drive,S108,4.8,27.9,80.9,nea_v2_api
2016-12-03,Holland Road,S120,8.6,,,nea_v2_api
2016-12-04,Kim Chuan Road,S43,6.4,27.3,88.8,nea_v2_api
2016-12-04,Pasir Ris Drive 12,S29,0.8,,,nea_v2_api
2016-12-04,Alexandra Road,S77,0.0,,,nea_v2_api
2016-12-04,Upper Serangoon Road,S36,8.6,,,nea_v2_api
2016-12-04,Nanyang Avenue,S44,0.0,26.9,83.6,nea_v2_api
2016-12-04,Toa Payoh North,S88,4.0,,,nea_v2_api
2016-12-04,Chai Chee Street,S61,5.6,,,nea_v2_api
2016-12-04,Serangoon North Avenue 4,S110,1.6,,,nea_v2_api
2016-12-04,Towner Road,S123,1.2,,,nea_v2_api
2016-12-04,Lornie Road,S07,4.8,,,nea_v2_api
2016-12-04,Pasir Ris Street 51,S94,3.0,,,nea_v2_api
2016-12-04,Nicoll Highway,S119,4.6,,,nea_v2_api
2016-12-04,Tuas South Avenue 3,S115,1.2,,,nea_v2_api
2016-12-04,Tanah Merah Coast Road,S96,0.4,27.9,85.0,nea_v2_api
2016-12-04,West Coast Highway,S116,0.0,28.2,87.8,nea_v2_api
2016-12-04,Poole Road,S78,8.8,,,nea_v2_api
2016-12-04,S06,S06,1.0,26.1,87.0,nea_v2_api
2016-12-04,Semakau Landfill,S102,0.0,28.3,83.3,nea_v2_api
2016-12-04,Lim Chu Kang Road,S112,0.0,,,nea_v2_api
2016-12-04,Corporation Road,S101,0.0,,,nea_v2_api
2016-12-04,Ang Mo Kio Avenue 5,S109,0.8,26.8,90.0,nea_v2_api
2016-12-04,Somerset Road,S79,2.2,,,nea_v2_api
2016-12-04,East Coast Parkway,S107,5.8,27.5,87.8,nea_v2_api
2016-12-04,Old Choa Chu Kang Road,S121,0.0,26.8,100.9,nea_v2_api
2016-12-04,Punggol Central,S81,0.0,,,nea_v2_api
2016-12-04,Tuas Road,S89,0.2,,,nea_v2_api
2016-12-04,Choa Chu Kang Road,S11,0.2,,,nea_v2_api
2016-12-04,Upper Peirce Reservoir Park,S69,0.8,,,nea_v2_api
2016-12-04,Upper Thomson Road,S08,1.4,,,nea_v2_api
2016-12-04,Marine Parade Road,S113,11.2,,,nea_v2_api
2016-12-04,Buangkok Green,S55,0.6,,,nea_v2_api
2016-12-04,Simei Avenue,S84,1.2,,,nea_v2_api
2016-12-04,Banyan Road,S117,0.0,28.5,72.6,nea_v2_api
2016-12-04,Old Toh Tuck Road,S35,6.4,,,nea_v2_api
2016-12-04,Mandai Lake Road,S40,0.0,,,nea_v2_api
2016-12-04,Jurong Pier Road,S33,0.0,,,nea_v2_api
2016-12-04,Clementi Road,S50,21.8,26.6,90.2,nea_v2_api
2016-12-04,Pulau Ubin,S106,0.2,,,nea_v2_api
2016-12-04,Kranji Way,S66,0.0,,,nea_v2_api
2016-12-04,Choa Chu Kang Avenue 4,S114,0.0,,,nea_v2_api
2016-12-04,International Road,S63,0.2,,,nea_v2_api
2016-12-04,Woodlands Avenue 9,S104,0.0,27.2,96.2,nea_v2_api
2016-12-04,Woodlands Road,S100,0.0,27.0,84.6,nea_v2_api
2016-12-04,Sembawang Road,S122,0.0,26.3,,nea_v2_api
2016-12-04,Handy Road,S118,1.2,,,nea_v2_api
2016-12-04,Upper Changi Road North,S24B,0.0,27.1,,nea_v2_api
2016-12-04,Bukit Timah Road,S90,10.8,,,nea_v2_api
2016-12-04,South Buona Vista Road,S92,0.0,,,nea_v2_api
2016-12-04,Upper Changi Road North,S24,18.6,26.9,75.3,nea_v2_api
2016-12-04,Yishun Avenue 5,S91,0.0,,,nea_v2_api
2016-12-04,Bukit Panjang Road,S64,0.0,,,nea_v2_api
2016-12-04,Kent Ridge Road,S71,0.0,,,nea_v2_api
2016-12-04,Sime Road,S46,11.4,,,nea_v2_api
2016-12-04,Marina Gardens Drive,S108,0.0,27.6,83.2,nea_v2_api
2016-12-04,Holland Road,S120,0.8,,,nea_v2_api
2016-12-05,Kim Chuan Road,S43,4.2,27.4,89.4,nea_v2_api
2016-12-05,Pasir Ris Drive 12,S29,4.2,,,nea_v2_api
2016-12-05,Alexandra Road,S77,7.6,,,nea_v2_api
2016-12-05,Upper Serangoon Road,S36,5.6,,,nea_v2_api
2016-12-05,Nanyang Avenue,S44,15.8,27.4,86.8,nea_v2_api
2016-12-05,Toa Payoh North,S88,6.2,,,nea_v2_api
2016-12-05,Chai Chee Street,S61,2.8,,,nea_v2_api
2016-12-05,Serangoon North Avenue 4,S110,4.8,,,nea_v2_api
2016-12-05,Towner Road,S123,5.6,,,nea_v2_api
2016-12-05,Lornie Road,S07,5.6,,,nea_v2_api
2016-12-05,Pasir Ris Street 51,S94,2.2,,,nea_v2_api
2016-12-05,Nicoll Highway,S119,7.4,,,nea_v2_api
2016-12-05,Tuas South Avenue 3,S115,17.2,28.5,78.0,nea_v2_api
2016-12-05,Tanah Merah Coast Road,S96,4.2,28.0,84.8,nea_v2_api
2016-12-05,West Coast Highway,S116,11.4,28.2,90.6,nea_v2_api
2016-12-05,Poole Road,S78,5.0,,,nea_v2_api
2016-12-05,S06,S06,4.4,26.5,89.0,nea_v2_api
2016-12-05,Semakau Landfill,S102,9.6,28.1,86.0,nea_v2_api
2016-12-05,Lim Chu Kang Road,S112,18.2,,,nea_v2_api
2016-12-05,Corporation Road,S101,18.6,,,nea_v2_api
2016-12-05,Ang Mo Kio Avenue 5,S109,9.0,27.3,89.8,nea_v2_api
2016-12-05,Somerset Road,S79,7.0,,,nea_v2_api
2016-12-05,East Coast Parkway,S107,1.4,27.2,96.3,nea_v2_api
2016-12-05,Old Choa Chu Kang Road,S121,20.6,28.0,96.1,nea_v2_api
2016-12-05,Punggol Central,S81,4.2,,,nea_v2_api
2016-12-05,Tuas Road,S89,24.2,,,nea_v2_api
2016-12-05,Choa Chu Kang Road,S11,16.2,,,nea_v2_api
2016-12-05,Upper Peirce Reservoir Park,S69,12.6,,,nea_v2_api
2016-12-05,Upper Thomson Road,S08,12.6,,,nea_v2_api
2016-12-05,Marine Parade Road,S113,3.4,,,nea_v2_api
2016-12-05,Buangkok Green,S55,5.8,,,nea_v2_api
2016-12-05,Simei Avenue,S84,1.6,,,nea_v2_api
2016-12-05,Banyan Road,S117,21.0,28.6,78.6,nea_v2_api
2016-12-05,Old Toh Tuck Road,S35,18.0,,,nea_v2_api
2016-12-05,Mandai Lake Road,S40,17.2,,,nea_v2_api
2016-12-05,Jurong Pier Road,S33,23.8,,,nea_v2_api
2016-12-05,Clementi Road,S50,11.8,26.5,95.8,nea_v2_api
2016-12-05,Pulau Ubin,S106,2.8,26.3,,nea_v2_api
2016-12-05,Kranji Way,S66,16.2,,,nea_v2_api
2016-12-05,Choa Chu Kang Avenue 4,S114,19.8,,,nea_v2_api
2016-12-05,International Road,S63,18.2,,,nea_v2_api
2016-12-05,Woodlands Avenue 9,S104,10.2,27.6,95.0,nea_v2_api
2016-12-05,Woodlands Road,S100,15.6,28.3,79.9,nea_v2_api
2016-12-05,Sembawang Road,S122,11.8,27.9,92.9,nea_v2_api
2016-12-05,Handy Road,S118,7.2,,,nea_v2_api
2016-12-05,Upper Changi Road North,S24B,0.0,26.8,,nea_v2_api
2016-12-05,Bukit Timah Road,S90,5.4,,,nea_v2_api
2016-12-05,South Buona Vista Road,S92,9.2,,,nea_v2_api
2016-12-05,Upper Changi Road North,S24,0.8,26.5,92.4,nea_v2_api
2016-12-05,Yishun Avenue 5,S91,13.4,,,nea_v2_api
2016-12-05,Bukit Panjang Road,S64,15.8,,,nea_v2_api
2016-12-05,Kent Ridge Road,S71,10.0,,,nea_v2_api
2016-12-05,Sime Road,S46,6.2,,,nea_v2_api
2016-12-05,Marina Gardens Drive,S108,8.2,27.5,89.2,nea_v2_api
2016-12-05,Holland Road,S120,7.8,,,nea_v2_api
2016-12-06,Kim Chuan Road,S43,16.2,27.2,93.8,nea_v2_api
2016-12-06,Pasir Ris Drive 12,S29,16.0,,,nea_v2_api
2016-12-06,Alexandra Road,S77,0.2,,,nea_v2_api
2016-12-06,Upper Serangoon Road,S36,2.0,,,nea_v2_api
2016-12-06,Nanyang Avenue,S44,0.2,24.4,,nea_v2_api
2016-12-06,Toa Payoh North,S88,0.6,,,nea_v2_api
2016-12-06,Chai Chee Street,S61,8.0,,,nea_v2_api
2016-12-06,Serangoon North Avenue 4,S110,20.4,,,nea_v2_api
2016-12-06,Towner Road,S123,0.6,,,nea_v2_api
2016-12-06,Lornie Road,S07,0.6,,,nea_v2_api
2016-12-06,Pasir Ris Street 51,S94,26.2,,,nea_v2_api
2016-12-06,Nicoll Highway,S119,0.8,,,nea_v2_api
2016-12-06,Tuas South Avenue 3,S115,0.6,25.4,90.4,nea_v2_api
2016-12-06,Tanah Merah Coast Road,S96,1.8,27.5,88.6,nea_v2_api
2016-12-06,West Coast Highway,S116,0.2,26.9,96.8,nea_v2_api
2016-12-06,Poole Road,S78,0.8,,,nea_v2_api
2016-12-06,S06,S06,23.2,26.9,91.0,nea_v2_api
2016-12-06,Semakau Landfill,S102,0.2,27.5,90.6,nea_v2_api
2016-12-06,Lim Chu Kang Road,S112,0.4,,,nea_v2_api
2016-12-06,Corporation Road,S101,0.2,,,nea_v2_api
2016-12-06,Ang Mo Kio Avenue 5,S109,0.2,26.4,96.1,nea_v2_api
2016-12-06,Somerset Road,S79,0.4,,,nea_v2_api
2016-12-06,East Coast Parkway,S107,4.8,27.4,92.8,nea_v2_api
2016-12-06,Old Choa Chu Kang Road,S121,0.2,24.6,,nea_v2_api
2016-12-06,Punggol Central,S81,29.0,,,nea_v2_api
2016-12-06,Tuas Road,S89,0.6,,,nea_v2_api
2016-12-06,Choa Chu Kang Road,S11,0.4,,,nea_v2_api
2016-12-06,Upper Peirce Reservoir Park,S69,0.6,,,nea_v2_api
2016-12-06,Upper Thomson Road,S08,0.4,,,nea_v2_api
2016-12-06,Marine Parade Road,S113,7.8,,,nea_v2_api
2016-12-06,Buangkok Green,S55,14.2,,,nea_v2_api
2016-12-06,Simei Avenue,S84,14.8,,,nea_v2_api
2016-12-06,Banyan Road,S117,0.4,26.5,91.7,nea_v2_api
2016-12-06,Old Toh Tuck Road,S35,0.4,,,nea_v2_api
2016-12-06,Mandai Lake Road,S40,0.4,,,nea_v2_api
2016-12-06,Jurong Pier Road,S33,0.4,,,nea_v2_api
2016-12-06,Clementi Road,S50,0.4,25.4,95.5,nea_v2_api
2016-12-06,Pulau Ubin,S106,13.0,26.4,,nea_v2_api
2016-12-06,Kranji Way,S66,0.4,,,nea_v2_api
2016-12-06,Choa Chu Kang Avenue 4,S114,0.2,,,nea_v2_api
2016-12-06,International Road,S63,0.4,,,nea_v2_api
2016-12-06,Woodlands Avenue 9,S104,0.2,23.6,,nea_v2_api
2016-12-06,Woodlands Road,S100,0.2,24.7,92.9,nea_v2_api
2016-12-06,Sembawang Road,S122,0.6,23.9,,nea_v2_api
2016-12-06,Handy Road,S118,0.6,,,nea_v2_api
2016-12-06,Upper Changi Road North,S24B,0.0,27.1,,nea_v2_api
2016-12-06,Bukit Timah Road,S90,0.6,,,nea_v2_api
2016-12-06,South Buona Vista Road,S92,0.4,,,nea_v2_api
2016-12-06,Upper Changi Road North,S24,21.6,26.8,90.3,nea_v2_api
2016-12-06,Yishun Avenue 5,S91,0.2,,,nea_v2_api
2016-12-06,Bukit Panjang Road,S64,0.4,,,nea_v2_api
2016-12-06,Kent Ridge Road,S71,0.2,,,nea_v2_api
2016-12-06,Sime Road,S46,0.8,,,nea_v2_api
2016-12-06,Marina Gardens Drive,S108,0.6,27.1,95.6,nea_v2_api
2016-12-06,Holland Road,S120,0.6,,,nea_v2_api
2016-12-07,Kim Chuan Road,S43,0.2,27.1,91.4,nea_v2_api
2016-12-07,Pasir Ris Drive 12,S29,1.8,,,nea_v2_api
2016-12-07,Alexandra Road,S77,0.0,,,nea_v2_api
2016-12-07,Upper Serangoon Road,S36,0.0,,,nea_v2_api
2016-12-07,Nanyang Avenue,S44,0.0,27.0,,nea_v2_api
2016-12-07,Toa Payoh North,S88,0.0,,,nea_v2_api
2016-12-07,Chai Chee Street,S61,1.2,,,nea_v2_api
2016-12-07,Serangoon North Avenue 4,S110,0.2,,,nea_v2_api
2016-12-07,Towner Road,S123,0.0,,,nea_v2_api
2016-12-07,Lornie Road,S07,0.0,,,nea_v2_api
2016-12-07,Pasir Ris Street 51,S94,2.2,,,nea_v2_api
2016-12-07,Nicoll Highway,S119,0.0,,,nea_v2_api
2016-12-07,Tuas South Avenue 3,S115,0.0,28.0,82.7,nea_v2_api
2016-12-07,Tanah Merah Coast Road,S96,43.4,27.3,87.2,nea_v2_api
2016-12-07,West Coast Highway,S116,0.0,27.8,93.7,nea_v2_api
2016-12-07,Poole Road,S78,0.2,,,nea_v2_api
2016-12-07,S06,S06,0.2,26.6,88.0,nea_v2_api
2016-12-07,Semakau Landfill,S102,0.0,28.3,87.2,nea_v2_api
2016-12-07,Lim Chu Kang Road,S112,0.0,,,nea_v2_api
2016-12-07,Corporation Road,S101,0.0,,,nea_v2_api
2016-12-07,Ang Mo Kio Avenue 5,S109,0.2,26.9,92.0,nea_v2_api
2016-12-07,Somerset Road,S79,0.0,,,nea_v2_api
2016-12-07,East Coast Parkway,S107,11.0,27.4,92.8,nea_v2_api
2016-12-07,Old Choa Chu Kang Road,S121,0.0,27.4,,nea_v2_api
2016-12-07,Punggol Central,S81,2.4,,,nea_v2_api
2016-12-07,Tuas Road,S89,0.0,,,nea_v2_api
2016-12-07,Choa Chu Kang Road,S11,0.0,,,nea_v2_api
2016-12-07,Upper Peirce Reservoir Park,S69,0.0,,,nea_v2_api
2016-12-07,Upper Thomson Road,S08,0.0,,,nea_v2_api
2016-12-07,Marine Parade Road,S113,0.8,,,nea_v2_api
2016-12-07,Buangkok Green,S55,0.8,,,nea_v2_api
2016-12-07,Simei Avenue,S84,2.6,,,nea_v2_api
2016-12-07,Banyan Road,S117,0.0,28.2,82.9,nea_v2_api
2016-12-07,Old Toh Tuck Road,S35,0.0,,,nea_v2_api
2016-12-07,Mandai Lake Road,S40,0.0,,,nea_v2_api
2016-12-07,Jurong Pier Road,S33,0.0,,,nea_v2_api
2016-12-07,Clementi Road,S50,0.0,26.8,91.8,nea_v2_api
2016-12-07,Pulau Ubin,S106,23.6,25.6,,nea_v2_api
2016-12-07,Kranji Way,S66,0.0,,,nea_v2_api
2016-12-07,Choa Chu Kang Avenue 4,S114,0.0,,,nea_v2_api
2016-12-07,International Road,S63,0.0,,,nea_v2_api
2016-12-07,Woodlands Avenue 9,S104,1.4,26.8,,nea_v2_api
2016-12-07,Woodlands Road,S100,0.0,27.5,87.4,nea_v2_api
2016-12-07,Sembawang Road,S122,0.2,27.3,,nea_v2_api
2016-12-07,Handy Road,S118,0.0,,,nea_v2_api
2016-12-07,Upper Changi Road North,S24B,0.0,27.2,,nea_v2_api
2016-12-07,Bukit Timah Road,S90,0.0,,,nea_v2_api
2016-12-07,South Buona Vista Road,S92,0.0,,,nea_v2_api
2016-12-07,Upper Changi Road North,S24,33.6,27.0,91.3,nea_v2_api
2016-12-07,Yishun Avenue 5,S91,1.2,,,nea_v2_api
2016-12-07,Bukit Panjang Road,S64,0.0,,,nea_v2_api
2016-12-07,Kent Ridge Road,S71,0.0,,,nea_v2_api
2016-12-07,Sime Road,S46,0.0,,,nea_v2_api
2016-12-07,Marina Gardens Drive,S108,0.0,27.9,86.9,nea_v2_api
2016-12-07,Holland Road,S120,0.0,,,nea_v2_api
2016-12-08,Kim Chuan Road,S43,0.0,27.8,85.3,nea_v2_api
2016-12-08,Pasir Ris Drive 12,S29,0.6,,,nea_v2_api
2016-12-08,Alexandra Road,S77,0.0,,,nea_v2_api
2016-12-08,Upper Serangoon Road,S36,0.0,,,nea_v2_api
2016-12-08,Nanyang Avenue,S44,0.0,27.0,,nea_v2_api
2016-12-08,Toa Payoh North,S88,0.0,,,nea_v2_api
2016-12-08,Chai Chee Street,S61,0.0,,,nea_v2_api
2016-12-08,Serangoon North Avenue 4,S110,0.0,,,nea_v2_api
2016-12-08,Towner Road,S123,0.0,,,nea_v2_api
2016-12-08,Lornie Road,S07,0.0,,,nea_v2_api
2016-12-08,Pasir Ris Street 51,S94,0.4,,,nea_v2_api
2016-12-08,Nicoll Highway,S119,0.0,,,nea_v2_api
2016-12-08,Tuas South Avenue 3,S115,0.6,28.2,81.7,nea_v2_api
2016-12-08,Tanah Merah Coast Road,S96,0.0,27.2,87.6,nea_v2_api
2016-12-08,West Coast Highway,S116,0.0,28.4,86.7,nea_v2_api
2016-12-08,Poole Road,S78,0.0,,,nea_v2_api
2016-12-08,S06,S06,0.0,26.9,84.0,nea_v2_api
2016-12-08,Semakau Landfill,S102,0.2,28.3,84.9,nea_v2_api
2016-12-08,Lim Chu Kang Road,S112,2.6,,,nea_v2_api
2016-12-08,Corporation Road,S101,0.4,,,nea_v2_api
2016-12-08,Ang Mo Kio Avenue 5,S109,0.0,26.9,88.7,nea_v2_api
2016-12-08,Somerset Road,S79,0.0,,,nea_v2_api
2016-12-08,East Coast Parkway,S107,0.0,27.7,88.7,nea_v2_api
2016-12-08,Old Choa Chu Kang Road,S121,1.2,27.3,,nea_v2_api
2016-12-08,Punggol Central,S81,2.0,,,nea_v2_api
2016-12-08,Tuas Road,S89,0.2,,,nea_v2_api
2016-12-08,Choa Chu Kang Road,S11,0.4,,,nea_v2_api
2016-12-08,Upper Peirce Reservoir Park,S69,0.0,,,nea_v2_api
2016-12-08,Upper Thomson Road,S08,0.0,,,nea_v2_api
2016-12-08,Marine Parade Road,S113,0.0,,,nea_v2_api
2016-12-08,Buangkok Green,S55,0.4,,,nea_v2_api
2016-12-08,Simei Avenue,S84,0.0,,,nea_v2_api
2016-12-08,Banyan Road,S117,0.0,28.6,77.0,nea_v2_api
2016-12-08,Old Toh Tuck Road,S35,0.8,,,nea_v2_api
2016-12-08,Mandai Lake Road,S40,0.0,,,nea_v2_api
2016-12-08,Jurong Pier Road,S33,0.2,,,nea_v2_api
2016-12-08,Clementi Road,S50,0.0,27.2,85.8,nea_v2_api
2016-12-08,Pulau Ubin,S106,0.0,25.2,,nea_v2_api
2016-12-08,Kranji Way,S66,0.0,,,nea_v2_api
2016-12-08,Choa Chu Kang Avenue 4,S114,1.4,,,nea_v2_api
2016-12-08,International Road,S63,0.2,,,nea_v2_api
2016-12-08,Woodlands Avenue 9,S104,1.4,26.7,100.2,nea_v2_api
2016-12-08,Woodlands Road,S100,0.0,27.9,81.5,nea_v2_api
2016-12-08,Sembawang Road,S122,1.0,27.2,,nea_v2_api
2016-12-08,Handy Road,S118,0.0,,,nea_v2_api
2016-12-08,Upper Changi Road North,S24B,0.0,26.7,,nea_v2_api
2016-12-08,Bukit Timah Road,S90,0.0,,,nea_v2_api
2016-12-08,South Buona Vista Road,S92,0.0,,,nea_v2_api
2016-12-08,Upper Changi Road North,S24,0.0,26.4,91.6,nea_v2_api
2016-12-08,Yishun Avenue 5,S91,1.8,,,nea_v2_api
2016-12-08,Bukit Panjang Road,S64,0.0,,,nea_v2_api
2016-12-08,Kent Ridge Road,S71,0.4,,,nea_v2_api
2016-12-08,Sime Road,S46,0.0,,,nea_v2_api
2016-12-08,Marina Gardens Drive,S108,0.0,28.3,81.7,nea_v2_api
2016-12-08,Holland Road,S120,0.0,,,nea_v2_api
2016-12-09,Kim Chuan Road,S43,17.4,,84.5,nea_v2_api
2016-12-09,Pasir Ris Drive 12,S29,7.0,,,nea_v2_api
2016-12-09,Alexandra Road,S77,3.6,,,nea_v2_api
2016-12-09,Upper Serangoon Road,S36,14.2,,,nea_v2_api
2016-12-09,Nanyang Avenue,S44,0.0,,86.5,nea_v2_api
2016-12-09,Toa Payoh North,S88,11.8,,,nea_v2_api
2016-12-09,Chai Chee Street,S61,13.8,,,nea_v2_api
2016-12-09,Serangoon North Avenue 4,S110,14.4,,,nea_v2_api
2016-12-09,Towner Road,S123,29.6,,,nea_v2_api
2016-12-09,Lornie Road,S07,13.4,,,nea_v2_api
2016-12-09,Pasir Ris Street 51,S94,11.2,,,nea_v2_api
2016-12-09,Nicoll Highway,S119,23.4,,,nea_v2_api
2016-12-09,Tuas South Avenue 3,S115,0.0,,83.0,nea_v2_api
2016-12-09,Tanah Merah Coast Road,S96,7.2,,81.9,nea_v2_api
2016-12-09,West Coast Highway,S116,0.4,,86.8,nea_v2_api
2016-12-09,Poole Road,S78,28.6,,,nea_v2_api
2016-12-09,S06,S06,15.6,,78.0,nea_v2_api
2016-12-09,Semakau Landfill,S102,0.4,,82.1,nea_v2_api
2016-12-09,Lim Chu Kang Road,S112,4.2,,,nea_v2_api
2016-12-09,Corporation Road,S101,0.0,,,nea_v2_api
2016-12-09,Ang Mo Kio Avenue 5,S109,11.8,,87.8,nea_v2_api
2016-12-09,Somerset Road,S79,14.6,,,nea_v2_api
2016-12-09,East Coast Parkway,S107,21.6,,86.1,nea_v2_api
2016-12-09,Old Choa Chu Kang Road,S121,7.0,,,nea_v2_api
2016-12-09,Punggol Central,S81,10.8,,,nea_v2_api
2016-12-09,Tuas Road,S89,1.0,,,nea_v2_api
2016-12-09,Choa Chu Kang Road,S11,3.2,,,nea_v2_api
2016-12-09,Upper Peirce Reservoir Park,S69,3.0,,,nea_v2_api
2016-12-09,Upper Thomson Road,S08,9.4,,,nea_v2_api
2016-12-09,Marine Parade Road,S113,32.2,,,nea_v2_api
2016-12-09,Buangkok Green,S55,20.6,,,nea_v2_api
2016-12-09,Simei Avenue,S84,13.4,,,nea_v2_api
2016-12-09,Banyan Road,S117,0.0,,78.8,nea_v2_api
2016-12-09,Old Toh Tuck Road,S35,3.0,,,nea_v2_api
2016-12-09,Mandai Lake Road,S40,13.8,,,nea_v2_api
2016-12-09,Jurong Pier Road,S33,0.2,,,nea_v2_api
2016-12-09,Clementi Road,S50,13.8,,78.4,nea_v2_api
2016-12-09,Pulau Ubin,S106,3.4,,96.3,nea_v2_api
2016-12-09,Kranji Way,S66,7.8,,,nea_v2_api
2016-12-09,Choa Chu Kang Avenue 4,S114,2.2,,,nea_v2_api
2016-12-09,International Road,S63,0.0,,,nea_v2_api
2016-12-09,Woodlands Avenue 9,S104,6.4,,97.9,nea_v2_api
2016-12-09,Woodlands Road,S100,7.6,,80.2,nea_v2_api
2016-12-09,Sembawang Road,S122,9.6,,94.7,nea_v2_api
2016-12-09,Upper Changi Road North,S24B,0.0,,,nea_v2_api
2016-12-09,Handy Road,S118,14.6,,,nea_v2_api
2016-12-09,Bukit Timah Road,S90,16.0,,,nea_v2_api
2016-12-09,South Buona Vista Road,S92,2.6,,,nea_v2_api
2016-12-09,Upper Changi Road North,S24,23.4,,75.6,nea_v2_api
2016-12-09,Yishun Avenue 5,S91,19.0,,,nea_v2_api
2016-12-09,Bukit Panjang Road,S64,2.2,,,nea_v2_api
2016-12-09,Kent Ridge Road,S71,1.4,,,nea_v2_api
2016-12-09,Sime Road,S46,12.4,,,nea_v2_api
2016-12-09,Marina Gardens Drive,S108,18.6,,80.5,nea_v2_api
2016-12-09,Holland Road,S120,16.0,,,nea_v2_api
2016-12-10,Kim Chuan Road,S43,0.4,27.5,83.8,nea_v2_api
2016-12-10,Pasir Ris Drive 12,S29,2.2,,,nea_v2_api
2016-12-10,Alexandra Road,S77,0.2,,,nea_v2_api
2016-12-10,Upper Serangoon Road,S36,0.6,,,nea_v2_api
2016-12-10,Nanyang Avenue,S44,0.2,26.1,,nea_v2_api
2016-12-10,Toa Payoh North,S88,0.6,,,nea_v2_api
2016-12-10,Chai Chee Street,S61,0.6,,,nea_v2_api
2016-12-10,Serangoon North Avenue 4,S110,1.6,,,nea_v2_api
2016-12-10,Towner Road,S123,0.6,,,nea_v2_api
2016-12-10,Lornie Road,S07,0.4,,,nea_v2_api
2016-12-10,Pasir Ris Street 51,S94,1.6,,,nea_v2_api
2016-12-10,Nicoll Highway,S119,0.2,,,nea_v2_api
2016-12-10,Tuas South Avenue 3,S115,0.2,27.7,80.5,nea_v2_api
2016-12-10,Tanah Merah Coast Road,S96,0.4,27.2,84.1,nea_v2_api
2016-12-10,West Coast Highway,S116,0.0,27.7,89.3,nea_v2_api
2016-12-10,Poole Road,S78,0.6,,,nea_v2_api
2016-12-10,S06,S06,1.4,26.9,81.0,nea_v2_api
2016-12-10,Semakau Landfill,S102,0.0,28.3,80.4,nea_v2_api
2016-12-10,Lim Chu Kang Road,S112,8.2,,,nea_v2_api
2016-12-10,Corporation Road,S101,0.4,,,nea_v2_api
2016-12-10,Ang Mo Kio Avenue 5,S109,2.4,26.7,88.2,nea_v2_api
2016-12-10,Somerset Road,S79,0.0,,,nea_v2_api
2016-12-10,East Coast Parkway,S107,1.2,27.3,89.2,nea_v2_api
2016-12-10,Old Choa Chu Kang Road,S121,0.6,26.6,,nea_v2_api
2016-12-10,Punggol Central,S81,6.6,,,nea_v2_api
2016-12-10,Tuas Road,S89,0.0,,,nea_v2_api
2016-12-10,Choa Chu Kang Road,S11,0.6,,,nea_v2_api
2016-12-10,Upper Peirce Reservoir Park,S69,1.4,,,nea_v2_api
2016-12-10,Upper Thomson Road,S08,2.4,,,nea_v2_api
2016-12-10,Marine Parade Road,S113,0.6,,,nea_v2_api
2016-12-10,Buangkok Green,S55,2.4,,,nea_v2_api
2016-12-10,Simei Avenue,S84,1.6,,,nea_v2_api
2016-12-10,Banyan Road,S117,0.0,28.0,76.1,nea_v2_api
2016-12-10,Old Toh Tuck Road,S35,0.2,,,nea_v2_api
2016-12-10,Mandai Lake Road,S40,4.8,,,nea_v2_api
2016-12-10,Jurong Pier Road,S33,0.0,,,nea_v2_api
2016-12-10,Clementi Road,S50,0.2,26.7,87.0,nea_v2_api
2016-12-10,Pulau Ubin,S106,9.2,26.0,,nea_v2_api
2016-12-10,Kranji Way,S66,12.4,,,nea_v2_api
2016-12-10,Choa Chu Kang Avenue 4,S114,0.8,,,nea_v2_api
2016-12-10,International Road,S63,0.2,,,nea_v2_api
2016-12-10,Woodlands Avenue 9,S104,10.6,26.5,97.4,nea_v2_api
2016-12-10,Woodlands Road,S100,6.0,27.1,83.6,nea_v2_api
2016-12-10,Sembawang Road,S122,9.4,25.9,,nea_v2_api
2016-12-10,Handy Road,S118,0.0,,,nea_v2_api
2016-12-10,Upper Changi Road North,S24B,0.0,26.8,,nea_v2_api
2016-12-10,Bukit Timah Road,S90,0.0,,,nea_v2_api
2016-12-10,South Buona Vista Road,S92,0.0,,,nea_v2_api
2016-12-10,Upper Changi Road North,S24,2.0,26.7,88.8,nea_v2_api
2016-12-10,Yishun Avenue 5,S91,8.2,,,nea_v2_api
2016-12-10,Bukit Panjang Road,S64,0.6,,,nea_v2_api
2016-12-10,Kent Ridge Road,S71,0.0,,,nea_v2_api
2016-12-10,Sime Road,S46,0.4,,,nea_v2_api
2016-12-10,Marina Gardens Drive,S108,0.4,27.4,86.6,nea_v2_api
2016-12-10,Holland Road,S120,0.0,,,nea_v2_api
2016-12-11,Kim Chuan Road,S43,8.4,26.5517,83.3232,nea_v2_api
2016-12-11,Pasir Ris Drive 12,S29,3.8,,,nea_v2_api
2016-12-11,Alexandra Road,S77,1.2,,,nea_v2_api
2016-12-11,Upper Serangoon Road,S36,8.4,,,nea_v2_api
2016-12-11,Nanyang Avenue,S44,2.0,24.9344,,nea_v2_api
2016-12-11,Toa Payoh North,S88,6.0,,,nea_v2_api
2016-12-11,Chai Chee Street,S61,5.8,,,nea_v2_api
2016-12-11,Serangoon North Avenue 4,S110,5.4,,,nea_v2_api
2016-12-11,Towner Road,S123,7.0,,,nea_v2_api
2016-12-11,Lornie Road,S07,4.2,,,nea_v2_api
2016-12-11,Pasir Ris Street 51,S94,7.8,,,nea_v2_api
2016-12-11,Nicoll Highway,S119,3.2,,,nea_v2_api
2016-12-11,Tuas South Avenue 3,S115,1.8,26.1225,85.1132,nea_v2_api
2016-12-11,Tanah Merah Coast Road,S96,5.4,26.8583,78.1245,nea_v2_api
2016-12-11,West Coast Highway,S116,0.2,26.7775,89.6437,nea_v2_api
2016-12-11,Poole Road,S78,2.0,,,nea_v2_api
2016-12-11,S06,S06,8.6,26.0702,77.6887,nea_v2_api
2016-12-11,Semakau Landfill,S102,0.4,27.2873,84.9429,nea_v2_api
2016-12-11,Lim Chu Kang Road,S112,4.6,,,nea_v2_api
2016-12-11,Corporation Road,S101,6.0,,,nea_v2_api
2016-12-11,Ang Mo Kio Avenue 5,S109,1.0,25.7278,85.9974,nea_v2_api
2016-12-11,Somerset Road,S79,2.2,,,nea_v2_api
2016-12-11,East Coast Parkway,S107,3.4,26.9762,82.994,nea_v2_api
2016-12-11,Old Choa Chu Kang Road,S121,3.2,25.3808,98.2645,nea_v2_api
2016-12-11,Punggol Central,S81,5.0,,,nea_v2_api
2016-12-11,Tuas Road,S89,1.0,,,nea_v2_api
2016-12-11,Choa Chu Kang Road,S11,4.8,,,nea_v2_api
2016-12-11,Upper Peirce Reservoir Park,S69,1.0,,,nea_v2_api
2016-12-11,Upper Thomson Road,S08,1.4,,,nea_v2_api
2016-12-11,Marine Parade Road,S113,3.0,,,nea_v2_api
2016-12-11,Buangkok Green,S55,1.0,,,nea_v2_api
2016-12-11,Simei Avenue,S84,10.2,,,nea_v2_api
2016-12-11,Banyan Road,S117,2.0,26.8384,80.9391,nea_v2_api
2016-12-11,Old Toh Tuck Road,S35,1.2,,,nea_v2_api
2016-12-11,Mandai Lake Road,S40,1.4,,,nea_v2_api
2016-12-11,Jurong Pier Road,S33,0.4,,,nea_v2_api
2016-12-11,Clementi Road,S50,2.2,25.4344,87.4702,nea_v2_api
2016-12-11,Pulau Ubin,S106,10.6,25.5008,91.5248,nea_v2_api
2016-12-11,Kranji Way,S66,5.0,,,nea_v2_api
2016-12-11,Choa Chu Kang Avenue 4,S114,1.6,,,nea_v2_api
2016-12-11,International Road,S63,0.8,,,nea_v2_api
2016-12-11,Woodlands Avenue 9,S104,2.6,25.6298,95.0285,nea_v2_api
2016-12-11,Woodlands Road,S100,2.2,25.843,85.2411,nea_v2_api
2016-12-11,Sembawang Road,S122,0.8,25.8371,96.1,nea_v2_api
2016-12-11,Handy Road,S118,4.6,,,nea_v2_api
2016-12-11,Upper Changi Road North,S24B,0.0,26.3656,,nea_v2_api
2016-12-11,Bukit Timah Road,S90,4.2,,,nea_v2_api
2016-12-11,South Buona Vista Road,S92,0.2,,,nea_v2_api
2016-12-11,Upper Changi Road North,S24,7.6,26.1543,72.4305,nea_v2_api
2016-12-11,Yishun Avenue 5,S91,3.6,,,nea_v2_api
2016-12-11,Bukit Panjang Road,S64,1.0,,,nea_v2_api
2016-12-11,Kent Ridge Road,S71,1.0,,,nea_v2_api
2016-12-11,Sime Road,S46,3.2,,,nea_v2_api
2016-12-11,Marina Gardens Drive,S108,2.0,26.8722,82.6086,nea_v2_api
2016-12-11,Holland Road,S120,6.2,,,nea_v2_api
2016-12-12,Kim Chuan Road,S43,0.0,28.4754,71.5828,nea_v2_api
2016-12-12,Pasir Ris Drive 12,S29,0.0,,,nea_v2_api
2016-12-12,Alexandra Road,S77,0.0,,,nea_v2_api
2016-12-12,Upper Serangoon Road,S36,0.0,,,nea_v2_api
2016-12-12,Nanyang Avenue,S44,0.0,26.7974,73.002,nea_v2_api
2016-12-12,Toa Payoh North,S88,0.0,,,nea_v2_api
2016-12-12,Chai Chee Street,S61,0.0,,,nea_v2_api
2016-12-12,Serangoon North Avenue 4,S110,0.0,,,nea_v2_api
2016-12-12,Towner Road,S123,0.0,,,nea_v2_api
2016-12-12,Lornie Road,S07,0.0,,,nea_v2_api
2016-12-12,Pasir Ris Street 51,S94,0.0,,,nea_v2_api
2016-12-12,Nicoll Highway,S119,0.0,,,nea_v2_api
2016-12-12,Tuas South Avenue 3,S115,0.0,28.2458,75.5839,nea_v2_api
2016-12-12,Tanah Merah Coast Road,S96,0.0,28.6367,67.8182,nea_v2_api
2016-12-12,West Coast Highway,S116,0.0,28.2534,80.4296,nea_v2_api
2016-12-12,Poole Road,S78,0.0,,,nea_v2_api
2016-12-12,S06,S06,0.0,28.5476,64.4361,nea_v2_api
2016-12-12,Semakau Landfill,S102,0.0,28.3998,77.6692,nea_v2_api
2016-12-12,Lim Chu Kang Road,S112,0.0,,,nea_v2_api
2016-12-12,Corporation Road,S101,0.0,,,nea_v2_api
2016-12-12,Ang Mo Kio Avenue 5,S109,0.0,27.945,71.4865,nea_v2_api
2016-12-12,Somerset Road,S79,0.0,,,nea_v2_api
2016-12-12,East Coast Parkway,S107,0.0,28.623,72.4691,nea_v2_api
2016-12-12,Old Choa Chu Kang Road,S121,0.0,27.6889,76.1683,nea_v2_api
2016-12-12,Punggol Central,S81,0.0,,,nea_v2_api
2016-12-12,Tuas Road,S89,0.0,,,nea_v2_api
2016-12-12,Choa Chu Kang Road,S11,0.0,,,nea_v2_api
2016-12-12,Upper Peirce Reservoir Park,S69,0.2,,,nea_v2_api
2016-12-12,Upper Thomson Road,S08,0.0,,,nea_v2_api
2016-12-12,Marine Parade Road,S113,0.0,,,nea_v2_api
2016-12-12,Buangkok Green,S55,0.0,,,nea_v2_api
2016-12-12,Simei Avenue,S84,0.0,,,nea_v2_api
2016-12-12,Banyan Road,S117,0.0,28.6568,69.8543,nea_v2_api
2016-12-12,Old Toh Tuck Road,S35,0.0,,,nea_v2_api
2016-12-12,Mandai Lake Road,S40,0.0,,,nea_v2_api
2016-12-12,Jurong Pier Road,S33,0.0,,,nea_v2_api
2016-12-12,Clementi Road,S50,0.0,27.4789,77.6318,nea_v2_api
2016-12-12,Pulau Ubin,S106,0.0,27.8244,81.0599,nea_v2_api
2016-12-12,Kranji Way,S66,0.0,,,nea_v2_api
2016-12-12,Choa Chu Kang Avenue 4,S114,0.0,,,nea_v2_api
2016-12-12,International Road,S63,0.0,,,nea_v2_api
2016-12-12,Woodlands Avenue 9,S104,0.0,27.8478,81.6233,nea_v2_api
2016-12-12,Woodlands Road,S100,0.0,28.2694,72.4342,nea_v2_api
2016-12-12,Sembawang Road,S122,0.0,28.1197,72.7927,nea_v2_api
2016-12-12,Handy Road,S118,0.0,,,nea_v2_api
2016-12-12,Upper Changi Road North,S24B,0.0,28.8522,85.4112,nea_v2_api
2016-12-12,Bukit Timah Road,S90,0.0,,,nea_v2_api
2016-12-12,South Buona Vista Road,S92,0.0,,,nea_v2_api
2016-12-12,Upper Changi Road North,S24,0.0,28.493,59.3263,nea_v2_api
2016-12-12,Yishun Avenue 5,S91,0.0,,,nea_v2_api
2016-12-12,Bukit Panjang Road,S64,0.0,,,nea_v2_api
2016-12-12,Kent Ridge Road,S71,0.0,,,nea_v2_api
2016-12-12,Sime Road,S46,0.0,,,nea_v2_api
2016-12-12,Marina Gardens Drive,S108,0.0,28.6709,70.4312,nea_v2_api
2016-12-12,Holland Road,S120,0.0,,,nea_v2_api
2016-12-13,Kim Chuan Road,S43,0.8,28.7745,73.1114,nea_v2_api
2016-12-13,Pasir Ris Drive 12,S29,0.4,,,nea_v2_api
2016-12-13,Alexandra Road,S77,0.2,,,nea_v2_api
2016-12-13,Upper Serangoon Road,S36,1.2,,,nea_v2_api
2016-12-13,Nanyang Avenue,S44,0.0,27.3499,77.5301,nea_v2_api
2016-12-13,Toa Payoh North,S88,0.6,,,nea_v2_api
2016-12-13,Chai Chee Street,S61,0.8,,,nea_v2_api
2016-12-13,Serangoon North Avenue 4,S110,0.6,,,nea_v2_api
2016-12-13,Towner Road,S123,0.4,,,nea_v2_api
2016-12-13,Lornie Road,S07,0.8,,,nea_v2_api
2016-12-13,Pasir Ris Street 51,S94,0.0,,,nea_v2_api
2016-12-13,Nicoll Highway,S119,0.0,,,nea_v2_api
2016-12-13,Tuas South Avenue 3,S115,0.0,28.4206,75.7699,nea_v2_api
2016-12-13,Tanah Merah Coast Road,S96,0.4,28.3529,74.2987,nea_v2_api
2016-12-13,West Coast Highway,S116,0.0,28.514,80.9287,nea_v2_api
2016-12-13,Poole Road,S78,0.4,,,nea_v2_api
2016-12-13,S06,S06,0.4,28.8033,66.1125,nea_v2_api
2016-12-13,Semakau Landfill,S102,0.6,28.1909,80.4903,nea_v2_api
2016-12-13,Lim Chu Kang Road,S112,0.0,,,nea_v2_api
2016-12-13,Corporation Road,S101,0.0,,,nea_v2_api
2016-12-13,Ang Mo Kio Avenue 5,S109,0.6,28.1569,74.2,nea_v2_api
2016-12-13,Somerset Road,S79,0.2,,,nea_v2_api
2016-12-13,East Coast Parkway,S107,0.2,28.8094,75.0888,nea_v2_api
2016-12-13,Old Choa Chu Kang Road,S121,0.0,27.9851,78.3307,nea_v2_api
2016-12-13,Punggol Central,S81,0.4,,,nea_v2_api
2016-12-13,Tuas Road,S89,0.0,,,nea_v2_api
2016-12-13,Choa Chu Kang Road,S11,0.0,,,nea_v2_api
2016-12-13,Upper Peirce Reservoir Park,S69,0.2,,,nea_v2_api
2016-12-13,Upper Thomson Road,S08,1.0,,,nea_v2_api
2016-12-13,Marine Parade Road,S113,0.4,,,nea_v2_api
2016-12-13,Buangkok Green,S55,0.6,,,nea_v2_api
2016-12-13,Simei Avenue,S84,0.6,,,nea_v2_api
2016-12-13,Banyan Road,S117,0.2,28.7675,71.7138,nea_v2_api
2016-12-13,Old Toh Tuck Road,S35,0.2,,,nea_v2_api
2016-12-13,Mandai Lake Road,S40,4.0,,,nea_v2_api
2016-12-13,Jurong Pier Road,S33,0.0,,,nea_v2_api
2016-12-13,Clementi Road,S50,0.6,27.9086,78.4263,nea_v2_api
2016-12-13,Pulau Ubin,S106,0.2,27.3496,87.1376,nea_v2_api
2016-12-13,Kranji Way,S66,1.0,,,nea_v2_api
2016-12-13,Choa Chu Kang Avenue 4,S114,0.2,,,nea_v2_api
2016-12-13,International Road,S63,0.0,,,nea_v2_api
2016-12-13,Woodlands Avenue 9,S104,1.2,27.604,85.1386,nea_v2_api
2016-12-13,Woodlands Road,S100,0.4,28.4779,73.8522,nea_v2_api
2016-12-13,Sembawang Road,S122,3.2,27.8587,69.5847,nea_v2_api
2016-12-13,Handy Road,S118,0.0,,,nea_v2_api
2016-12-13,Upper Changi Road North,S24B,0.0,28.8039,82.8244,nea_v2_api
2016-12-13,Bukit Timah Road,S90,0.4,,,nea_v2_api
2016-12-13,South Buona Vista Road,S92,0.2,,,nea_v2_api
2016-12-13,Upper Changi Road North,S24,0.0,28.3902,63.725,nea_v2_api
2016-12-13,Yishun Avenue 5,S91,3.2,,,nea_v2_api
2016-12-13,Bukit Panjang Road,S64,2.0,,,nea_v2_api
2016-12-13,Kent Ridge Road,S71,0.2,,,nea_v2_api
2016-12-13,Sime Road,S46,0.0,,,nea_v2_api
2016-12-13,Marina Gardens Drive,S108,0.0,29.057,72.1092,nea_v2_api
2016-12-13,Holland Road,S120,0.4,,,nea_v2_api
2016-12-14,Kim Chuan Road,S43,0.2,29.0546,70.2058,nea_v2_api
2016-12-14,Pasir Ris Drive 12,S29,0.2,,,nea_v2_api
2016-12-14,Alexandra Road,S77,0.0,,,nea_v2_api
2016-12-14,Upper Serangoon Road,S36,0.2,,,nea_v2_api
2016-12-14,Nanyang Avenue,S44,0.0,27.7793,70.3539,nea_v2_api
2016-12-14,Toa Payoh North,S88,0.2,,,nea_v2_api
2016-12-14,Chai Chee Street,S61,0.0,,,nea_v2_api
2016-12-14,Serangoon North Avenue 4,S110,0.0,,,nea_v2_api
2016-12-14,Towner Road,S123,0.0,,,nea_v2_api
2016-12-14,Lornie Road,S07,0.0,,,nea_v2_api
2016-12-14,Pasir Ris Street 51,S94,0.2,,,nea_v2_api
2016-12-14,Nicoll Highway,S119,0.0,,,nea_v2_api
2016-12-14,Tuas South Avenue 3,S115,0.0,28.6576,74.6072,nea_v2_api
2016-12-14,Tanah Merah Coast Road,S96,0.2,27.9675,75.6591,nea_v2_api
2016-12-14,West Coast Highway,S116,0.0,28.8908,77.7316,nea_v2_api
2016-12-14,Poole Road,S78,0.0,,,nea_v2_api
2016-12-14,S06,S06,0.2,28.654,66.0857,nea_v2_api
2016-12-14,Semakau Landfill,S102,0.0,28.4775,78.5107,nea_v2_api
2016-12-14,Lim Chu Kang Road,S112,0.0,,,nea_v2_api
2016-12-14,Corporation Road,S101,0.0,,,nea_v2_api
2016-12-14,Ang Mo Kio Avenue 5,S109,0.2,28.3963,71.0719,nea_v2_api
2016-12-14,Somerset Road,S79,0.0,,,nea_v2_api
2016-12-14,East Coast Parkway,S107,0.2,28.2762,78.9854,nea_v2_api
2016-12-14,Old Choa Chu Kang Road,S121,0.0,28.4866,71.2969,nea_v2_api
2016-12-14,Punggol Central,S81,0.4,,,nea_v2_api
2016-12-14,Tuas Road,S89,0.0,,,nea_v2_api
2016-12-14,Choa Chu Kang Road,S11,0.0,,,nea_v2_api
2016-12-14,Upper Peirce Reservoir Park,S69,0.2,,,nea_v2_api
2016-12-14,Upper Thomson Road,S08,0.0,,,nea_v2_api
2016-12-14,Marine Parade Road,S113,0.0,,,nea_v2_api
2016-12-14,Buangkok Green,S55,0.2,,,nea_v2_api
2016-12-14,Simei Avenue,S84,0.2,,,nea_v2_api
2016-12-14,Banyan Road,S117,0.0,29.0968,69.5887,nea_v2_api
2016-12-14,Old Toh Tuck Road,S35,0.0,,,nea_v2_api
2016-12-14,Mandai Lake Road,S40,0.2,,,nea_v2_api
2016-12-14,Jurong Pier Road,S33,0.0,,,nea_v2_api
2016-12-14,Clementi Road,S50,0.0,28.3247,74.6568,nea_v2_api
2016-12-14,Pulau Ubin,S106,0.2,27.1195,83.9916,nea_v2_api
2016-12-14,Kranji Way,S66,0.2,,,nea_v2_api
2016-12-14,Choa Chu Kang Avenue 4,S114,0.2,,,nea_v2_api
2016-12-14,International Road,S63,0.0,,,nea_v2_api
2016-12-14,Woodlands Avenue 9,S104,0.2,27.9226,80.8045,nea_v2_api
2016-12-14,Woodlands Road,S100,0.2,28.8019,71.0149,nea_v2_api
2016-12-14,Sembawang Road,S122,0.2,28.0955,69.3113,nea_v2_api
2016-12-14,Upper Changi Road North,S24B,0.0,28.4101,82.6822,nea_v2_api
2016-12-14,Handy Road,S118,1.4,,,nea_v2_api
2016-12-14,Bukit Timah Road,S90,0.0,,,nea_v2_api
2016-12-14,South Buona Vista Road,S92,0.0,,,nea_v2_api
2016-12-14,Upper Changi Road North,S24,0.2,28.1105,64.2173,nea_v2_api
2016-12-14,Yishun Avenue 5,S91,0.0,,,nea_v2_api
2016-12-14,Bukit Panjang Road,S64,0.0,,,nea_v2_api
2016-12-14,Kent Ridge Road,S71,0.0,,,nea_v2_api
2016-12-14,Sime Road,S46,0.2,,,nea_v2_api
2016-12-14,Marina Gardens Drive,S108,0.0,29.3749,68.8638,nea_v2_api
2016-12-14,Holland Road,S120,0.0,,,nea_v2_api
2016-12-15,Kim Chuan Road,S43,0.0,29.4518,70.2773,nea_v2_api
2016-12-15,Pasir Ris Drive 12,S29,0.0,,,nea_v2_api
2016-12-15,Alexandra Road,S77,0.0,,,nea_v2_api
2016-12-15,Upper Serangoon Road,S36,0.0,,,nea_v2_api
2016-12-15,Nanyang Avenue,S44,0.0,27.9659,75.1091,nea_v2_api
2016-12-15,Toa Payoh North,S88,0.0,,,nea_v2_api
2016-12-15,Chai Chee Street,S61,0.0,,,nea_v2_api
2016-12-15,Serangoon North Avenue 4,S110,0.0,,,nea_v2_api
2016-12-15,Towner Road,S123,0.0,,,nea_v2_api
2016-12-15,Lornie Road,S07,0.0,,,nea_v2_api
2016-12-15,Pasir Ris Street 51,S94,0.0,,,nea_v2_api
2016-12-15,Nicoll Highway,S119,0.0,,,nea_v2_api
2016-12-15,Tuas South Avenue 3,S115,0.0,28.7539,75.6298,nea_v2_api
2016-12-15,Tanah Merah Coast Road,S96,0.0,28.7244,74.5486,nea_v2_api
2016-12-15,West Coast Highway,S116,0.0,29.1469,78.9254,nea_v2_api
2016-12-15,Poole Road,S78,0.0,,,nea_v2_api
2016-12-15,S06,S06,0.0,29.0946,64.8369,nea_v2_api
2016-12-15,Semakau Landfill,S102,0.0,28.6495,79.3522,nea_v2_api
2016-12-15,Lim Chu Kang Road,S112,0.0,,,nea_v2_api
2016-12-15,Corporation Road,S101,0.0,,,nea_v2_api
2016-12-15,Ang Mo Kio Avenue 5,S109,0.0,28.8704,69.7182,nea_v2_api
2016-12-15,Somerset Road,S79,0.0,,,nea_v2_api
2016-12-15,East Coast Parkway,S107,0.0,29.0868,75.2721,nea_v2_api
2016-12-15,Old Choa Chu Kang Road,S121,0.0,28.697,75.7792,nea_v2_api
2016-12-15,Punggol Central,S81,0.0,,,nea_v2_api
2016-12-15,Tuas Road,S89,0.0,,,nea_v2_api
2016-12-15,Choa Chu Kang Road,S11,0.0,,,nea_v2_api
2016-12-15,Upper Peirce Reservoir Park,S69,0.0,,,nea_v2_api
2016-12-15,Upper Thomson Road,S08,0.0,,,nea_v2_api
2016-12-15,Marine Parade Road,S113,0.0,,,nea_v2_api
2016-12-15,Buangkok Green,S55,0.0,,,nea_v2_api
2016-12-15,Simei Avenue,S84,0.0,,,nea_v2_api
2016-12-15,Banyan Road,S117,0.0,29.2241,70.9568,nea_v2_api
2016-12-15,Old Toh Tuck Road,S35,0.0,,,nea_v2_api
2016-12-15,Mandai Lake Road,S40,0.0,,,nea_v2_api
2016-12-15,Jurong Pier Road,S33,0.0,,,nea_v2_api
2016-12-15,Clementi Road,S50,0.0,28.5678,75.1571,nea_v2_api
2016-12-15,Pulau Ubin,S106,0.0,27.3162,81.0864,nea_v2_api
2016-12-15,Kranji Way,S66,0.4,,,nea_v2_api
2016-12-15,Choa Chu Kang Avenue 4,S114,0.0,,,nea_v2_api
2016-12-15,International Road,S63,0.0,,,nea_v2_api
2016-12-15,Woodlands Avenue 9,S104,0.0,28.4976,79.0475,nea_v2_api
2016-12-15,Woodlands Road,S100,0.0,29.0679,71.5502,nea_v2_api
2016-12-15,Sembawang Road,S122,0.0,28.3197,70.3341,nea_v2_api
2016-12-15,Handy Road,S118,0.0,,,nea_v2_api
2016-12-15,Upper Changi Road North,S24B,0.0,29.1515,80.4701,nea_v2_api
2016-12-15,Bukit Timah Road,S90,0.0,,,nea_v2_api
2016-12-15,South Buona Vista Road,S92,0.0,,,nea_v2_api
2016-12-15,Upper Changi Road North,S24,0.0,28.7621,62.2901,nea_v2_api
2016-12-15,Yishun Avenue 5,S91,0.0,,,nea_v2_api
2016-12-15,Bukit Panjang Road,S64,0.0,,,nea_v2_api
2016-12-15,Kent Ridge Road,S71,0.0,,,nea_v2_api
2016-12-15,Sime Road,S46,0.0,,,nea_v2_api
2016-12-15,Marina Gardens Drive,S108,0.0,29.5621,69.6694,nea_v2_api
2016-12-15,Holland Road,S120,0.0,,,nea_v2_api
2016-12-16,Kim Chuan Road,S43,0.0,28.7368,77.7843,nea_v2_api
2016-12-16,Pasir Ris Drive 12,S29,0.2,,,nea_v2_api
2016-12-16,Alexandra Road,S77,0.0,,,nea_v2_api
2016-12-16,Upper Serangoon Road,S36,0.0,,,nea_v2_api
2016-12-16,Nanyang Avenue,S44,0.0,28.5985,72.9194,nea_v2_api
2016-12-16,Toa Payoh North,S88,0.0,,,nea_v2_api
2016-12-16,Chai Chee Street,S61,4.8,,,nea_v2_api
2016-12-16,Serangoon North Avenue 4,S110,0.0,,,nea_v2_api
2016-12-16,Towner Road,S123,0.0,,,nea_v2_api
2016-12-16,Lornie Road,S07,0.0,,,nea_v2_api
2016-12-16,Pasir Ris Street 51,S94,0.2,,,nea_v2_api
2016-12-16,Nicoll Highway,S119,0.8,,,nea_v2_api
2016-12-16,Tuas South Avenue 3,S115,0.0,29.1737,73.1093,nea_v2_api
2016-12-16,Tanah Merah Coast Road,S96,6.8,28.3607,78.2774,nea_v2_api
2016-12-16,West Coast Highway,S116,0.0,29.2917,78.5355,nea_v2_api
2016-12-16,Poole Road,S78,3.6,,,nea_v2_api
2016-12-16,S06,S06,0.2,28.2155,72.7261,nea_v2_api
2016-12-16,Semakau Landfill,S102,0.0,28.9743,77.5899,nea_v2_api
2016-12-16,Lim Chu Kang Road,S112,0.0,,,nea_v2_api
2016-12-16,Corporation Road,S101,0.0,,,nea_v2_api
2016-12-16,Ang Mo Kio Avenue 5,S109,0.0,28.6732,73.9343,nea_v2_api
2016-12-16,Somerset Road,S79,0.0,,,nea_v2_api
2016-12-16,East Coast Parkway,S107,6.0,28.385,81.2168,nea_v2_api
2016-12-16,Old Choa Chu Kang Road,S121,0.0,29.0305,77.3546,nea_v2_api
2016-12-16,Punggol Central,S81,0.0,,,nea_v2_api
2016-12-16,Tuas Road,S89,0.0,,,nea_v2_api
2016-12-16,Choa Chu Kang Road,S11,0.0,,,nea_v2_api
2016-12-16,Upper Peirce Reservoir Park,S69,0.0,,,nea_v2_api
2016-12-16,Upper Thomson Road,S08,0.0,,,nea_v2_api
2016-12-16,Marine Parade Road,S113,1.2,,,nea_v2_api
2016-12-16,Buangkok Green,S55,0.0,,,nea_v2_api
2016-12-16,Simei Avenue,S84,3.8,,,nea_v2_api
2016-12-16,Banyan Road,S117,0.0,29.73,68.2867,nea_v2_api
2016-12-16,Old Toh Tuck Road,S35,0.0,,,nea_v2_api
2016-12-16,Mandai Lake Road,S40,0.0,,,nea_v2_api
2016-12-16,Jurong Pier Road,S33,0.0,,,nea_v2_api
2016-12-16,Clementi Road,S50,0.0,28.7766,76.0684,nea_v2_api
2016-12-16,Pulau Ubin,S106,0.6,27.2026,85.343,nea_v2_api
2016-12-16,Kranji Way,S66,0.0,,,nea_v2_api
2016-12-16,Choa Chu Kang Avenue 4,S114,0.0,,,nea_v2_api
2016-12-16,International Road,S63,0.0,,,nea_v2_api
2016-12-16,Woodlands Avenue 9,S104,0.0,28.5592,81.742,nea_v2_api
2016-12-16,Woodlands Road,S100,0.0,29.1794,71.2539,nea_v2_api
2016-12-16,Sembawang Road,S122,0.0,28.4095,72.2169,nea_v2_api
2016-12-16,Handy Road,S118,0.0,,,nea_v2_api
2016-12-16,Upper Changi Road North,S24B,0.0,28.2833,91.1989,nea_v2_api
2016-12-16,Bukit Timah Road,S90,0.0,,,nea_v2_api
2016-12-16,South Buona Vista Road,S92,0.0,,,nea_v2_api
2016-12-16,Upper Changi Road North,S24,2.4,28.1244,68.8009,nea_v2_api
2016-12-16,Yishun Avenue 5,S91,0.0,,,nea_v2_api
2016-12-16,Bukit Panjang Road,S64,0.0,,,nea_v2_api
2016-12-16,Kent Ridge Road,S71,0.0,,,nea_v2_api
2016-12-16,Sime Road,S46,0.0,,,nea_v2_api
2016-12-16,Marina Gardens Drive,S108,0.0,29.3049,74.1422,nea_v2_api
2016-12-16,Holland Road,S120,0.0,,,nea_v2_api
2016-12-17,Kim Chuan Road,S43,12.0,27.3965,85.1861,nea_v2_api
2016-12-17,Pasir Ris Drive 12,S29,43.2,,,nea_v2_api
2016-12-17,Alexandra Road,S77,2.4,,,nea_v2_api
2016-12-17,Upper Serangoon Road,S36,17.6,,,nea_v2_api
2016-12-17,Nanyang Avenue,S44,0.4,27.0622,82.9471,nea_v2_api
2016-12-17,Toa Payoh North,S88,18.6,,,nea_v2_api
2016-12-17,Chai Chee Street,S61,7.8,,,nea_v2_api
2016-12-17,Serangoon North Avenue 4,S110,9.4,,,nea_v2_api
2016-12-17,Towner Road,S123,10.8,,,nea_v2_api
2016-12-17,Lornie Road,S07,12.6,,,nea_v2_api
2016-12-17,Pasir Ris Street 51,S94,27.4,,,nea_v2_api
2016-12-17,Nicoll Highway,S119,16.4,,,nea_v2_api
2016-12-17,Tuas South Avenue 3,S115,0.0,28.2826,77.707,nea_v2_api
2016-12-17,Tanah Merah Coast Road,S96,22.2,27.4267,82.8042,nea_v2_api
2016-12-17,West Coast Highway,S116,1.6,28.001,87.4477,nea_v2_api
2016-12-17,Poole Road,S78,10.8,,,nea_v2_api
2016-12-17,S06,S06,7.4,27.0088,80.0444,nea_v2_api
2016-12-17,Semakau Landfill,S102,0.0,28.1501,81.8576,nea_v2_api
2016-12-17,Lim Chu Kang Road,S112,9.2,,,nea_v2_api
2016-12-17,Corporation Road,S101,5.4,,,nea_v2_api
2016-12-17,Ang Mo Kio Avenue 5,S109,10.6,26.7119,87.1939,nea_v2_api
2016-12-17,Somerset Road,S79,5.2,,,nea_v2_api
2016-12-17,East Coast Parkway,S107,12.0,27.4267,87.1713,nea_v2_api
2016-12-17,Old Choa Chu Kang Road,S121,10.2,27.196,90.3482,nea_v2_api
2016-12-17,Punggol Central,S81,29.6,,,nea_v2_api
2016-12-17,Tuas Road,S89,10.6,,,nea_v2_api
2016-12-17,Choa Chu Kang Road,S11,2.4,,,nea_v2_api
2016-12-17,Upper Peirce Reservoir Park,S69,5.8,,,nea_v2_api
2016-12-17,Upper Thomson Road,S08,16.4,,,nea_v2_api
2016-12-17,Marine Parade Road,S113,27.6,,,nea_v2_api
2016-12-17,Buangkok Green,S55,18.2,,,nea_v2_api
2016-12-17,Simei Avenue,S84,5.4,,,nea_v2_api
2016-12-17,Banyan Road,S117,0.0,28.5697,74.0367,nea_v2_api
2016-12-17,Old Toh Tuck Road,S35,4.8,,,nea_v2_api
2016-12-17,Mandai Lake Road,S40,2.0,,,nea_v2_api
2016-12-17,Jurong Pier Road,S33,4.0,,,nea_v2_api
2016-12-17,Clementi Road,S50,4.4,26.8776,86.8714,nea_v2_api
2016-12-17,Pulau Ubin,S106,23.8,26.0661,88.4535,nea_v2_api
2016-12-17,Kranji Way,S66,14.4,,,nea_v2_api
2016-12-17,Choa Chu Kang Avenue 4,S114,10.0,,,nea_v2_api
2016-12-17,International Road,S63,2.8,,,nea_v2_api
2016-12-17,Woodlands Avenue 9,S104,1.8,26.9052,92.9632,nea_v2_api
2016-12-17,Woodlands Road,S100,7.0,27.5828,80.7095,nea_v2_api
2016-12-17,Sembawang Road,S122,6.4,27.1254,84.3973,nea_v2_api
2016-12-17,Handy Road,S118,10.8,,,nea_v2_api
2016-12-17,Upper Changi Road North,S24B,0.0,27.0952,98.9933,nea_v2_api
2016-12-17,Bukit Timah Road,S90,5.2,,,nea_v2_api
2016-12-17,South Buona Vista Road,S92,0.8,,,nea_v2_api
2016-12-17,Upper Changi Road North,S24,29.6,26.8751,82.2925,nea_v2_api
2016-12-17,Yishun Avenue 5,S91,9.6,,,nea_v2_api
2016-12-17,Bukit Panjang Road,S64,17.8,,,nea_v2_api
2016-12-17,Kent Ridge Road,S71,0.8,,,nea_v2_api
2016-12-17,Sime Road,S46,11.6,,,nea_v2_api
2016-12-17,Marina Gardens Drive,S108,17.8,27.7913,82.3616,nea_v2_api
2016-12-17,Holland Road,S120,4.4,,,nea_v2_api
2016-12-18,Kim Chuan Road,S43,18.8,27.258,80.8333,nea_v2_api
2016-12-18,Pasir Ris Drive 12,S29,5.4,,,nea_v2_api
2016-12-18,Alexandra Road,S77,27.4,,,nea_v2_api
2016-12-18,Upper Serangoon Road,S36,17.6,,,nea_v2_api
2016-12-18,Nanyang Avenue,S44,23.2,26.1643,72.1615,nea_v2_api
2016-12-18,Toa Payoh North,S88,12.6,,,nea_v2_api
2016-12-18,Chai Chee Street,S61,20.8,,,nea_v2_api
2016-12-18,Serangoon North Avenue 4,S110,13.2,,,nea_v2_api
2016-12-18,Towner Road,S123,14.8,,,nea_v2_api
2016-12-18,Lornie Road,S07,9.4,,,nea_v2_api
2016-12-18,Pasir Ris Street 51,S94,5.2,,,nea_v2_api
2016-12-18,Nicoll Highway,S119,16.0,,,nea_v2_api
2016-12-18,Tuas South Avenue 3,S115,10.2,27.119,81.0545,nea_v2_api
2016-12-18,Tanah Merah Coast Road,S96,2.8,27.1183,80.5349,nea_v2_api
2016-12-18,West Coast Highway,S116,24.0,26.9923,86.818,nea_v2_api
2016-12-18,Poole Road,S78,12.2,,,nea_v2_api
2016-12-18,S06,S06,12.6,27.0892,74.8,nea_v2_api
2016-12-18,Semakau Landfill,S102,21.4,27.1239,84.47,nea_v2_api
2016-12-18,Lim Chu Kang Road,S112,4.0,,,nea_v2_api
2016-12-18,Corporation Road,S101,35.8,,,nea_v2_api
2016-12-18,Ang Mo Kio Avenue 5,S109,13.6,26.6325,82.4828,nea_v2_api
2016-12-18,Somerset Road,S79,18.0,,,nea_v2_api
2016-12-18,East Coast Parkway,S107,8.6,27.315,83.0935,nea_v2_api
2016-12-18,Old Choa Chu Kang Road,S121,35.0,26.1397,78.8491,nea_v2_api
2016-12-18,Punggol Central,S81,7.0,,,nea_v2_api
2016-12-18,Tuas Road,S89,7.8,,,nea_v2_api
2016-12-18,Choa Chu Kang Road,S11,7.0,,,nea_v2_api
2016-12-18,Upper Peirce Reservoir Park,S69,6.2,,,nea_v2_api
2016-12-18,Upper Thomson Road,S08,17.2,,,nea_v2_api
2016-12-18,Marine Parade Road,S113,17.0,,,nea_v2_api
2016-12-18,Buangkok Green,S55,10.6,,,nea_v2_api
2016-12-18,Simei Avenue,S84,9.6,,,nea_v2_api
2016-12-18,Banyan Road,S117,12.0,27.4578,77.8022,nea_v2_api
2016-12-18,Old Toh Tuck Road,S35,25.8,,,nea_v2_api
2016-12-18,Mandai Lake Road,S40,11.0,,,nea_v2_api
2016-12-18,Jurong Pier Road,S33,32.8,,,nea_v2_api
2016-12-18,Clementi Road,S50,30.6,26.2349,86.4587,nea_v2_api
2016-12-18,Pulau Ubin,S106,5.8,26.0182,88.1144,nea_v2_api
2016-12-18,Kranji Way,S66,6.6,,,nea_v2_api
2016-12-18,Choa Chu Kang Avenue 4,S114,43.2,,,nea_v2_api
2016-12-18,International Road,S63,36.4,,,nea_v2_api
2016-12-18,Woodlands Avenue 9,S104,15.4,26.5642,90.2254,nea_v2_api
2016-12-18,Woodlands Road,S100,7.2,27.1168,79.7954,nea_v2_api
2016-12-18,Sembawang Road,S122,13.2,26.69,77.3514,nea_v2_api
2016-12-18,Handy Road,S118,18.0,,,nea_v2_api
2016-12-18,Upper Changi Road North,S24B,0.0,27.2018,92.105,nea_v2_api
2016-12-18,Bukit Timah Road,S90,25.2,,,nea_v2_api
2016-12-18,South Buona Vista Road,S92,27.2,,,nea_v2_api
2016-12-18,Upper Changi Road North,S24,2.4,26.8609,75.6045,nea_v2_api
2016-12-18,Yishun Avenue 5,S91,7.0,,,nea_v2_api
2016-12-18,Bukit Panjang Road,S64,16.0,,,nea_v2_api
2016-12-18,Kent Ridge Road,S71,24.4,,,nea_v2_api
2016-12-18,Sime Road,S46,16.6,,,nea_v2_api
2016-12-18,Marina Gardens Drive,S108,26.8,27.1845,81.8836,nea_v2_api
2016-12-18,Holland Road,S120,28.4,,,nea_v2_api
2016-12-19,Kim Chuan Road,S43,1.8,28.6015,75.7718,nea_v2_api
2016-12-19,Pasir Ris Drive 12,S29,2.2,,,nea_v2_api
2016-12-19,Alexandra Road,S77,1.4,,,nea_v2_api
2016-12-19,Upper Serangoon Road,S36,1.6,,,nea_v2_api
2016-12-19,Nanyang Avenue,S44,1.0,27.0673,72.5621,nea_v2_api
2016-12-19,Toa Payoh North,S88,1.2,,,nea_v2_api
2016-12-19,Chai Chee Street,S61,1.6,,,nea_v2_api
2016-12-19,Serangoon North Avenue 4,S110,1.4,,,nea_v2_api
2016-12-19,Towner Road,S123,1.6,,,nea_v2_api
2016-12-19,Lornie Road,S07,1.6,,,nea_v2_api
2016-12-19,Pasir Ris Street 51,S94,3.8,,,nea_v2_api
2016-12-19,Nicoll Highway,S119,1.4,,,nea_v2_api
2016-12-19,Tuas South Avenue 3,S115,0.4,28.1273,79.8596,nea_v2_api
2016-12-19,Tanah Merah Coast Road,S96,1.6,28.1468,76.0495,nea_v2_api
2016-12-19,West Coast Highway,S116,0.6,28.0898,86.3284,nea_v2_api
2016-12-19,Poole Road,S78,1.2,,,nea_v2_api
2016-12-19,S06,S06,1.8,28.6031,68.5819,nea_v2_api
2016-12-19,Semakau Landfill,S102,1.8,28.0609,82.9106,nea_v2_api
2016-12-19,Lim Chu Kang Road,S112,1.0,,,nea_v2_api
2016-12-19,Corporation Road,S101,1.4,,,nea_v2_api
2016-12-19,Ang Mo Kio Avenue 5,S109,1.2,28.0156,76.7399,nea_v2_api
2016-12-19,Somerset Road,S79,1.4,,,nea_v2_api
2016-12-19,East Coast Parkway,S107,1.0,28.5538,77.5166,nea_v2_api
2016-12-19,Old Choa Chu Kang Road,S121,1.2,27.6914,72.677,nea_v2_api
2016-12-19,Punggol Central,S81,2.8,,,nea_v2_api
2016-12-19,Tuas Road,S89,0.8,,,nea_v2_api
2016-12-19,Choa Chu Kang Road,S11,2.4,,,nea_v2_api
2016-12-19,Upper Peirce Reservoir Park,S69,1.4,,,nea_v2_api
2016-12-19,Upper Thomson Road,S08,1.4,,,nea_v2_api
2016-12-19,Marine Parade Road,S113,1.4,,,nea_v2_api
2016-12-19,Buangkok Green,S55,1.2,,,nea_v2_api
2016-12-19,Simei Avenue,S84,2.2,,,nea_v2_api
2016-12-19,Banyan Road,S117,2.0,28.3314,76.5401,nea_v2_api
2016-12-19,Old Toh Tuck Road,S35,1.2,,,nea_v2_api
2016-12-19,Mandai Lake Road,S40,3.2,,,nea_v2_api
2016-12-19,Jurong Pier Road,S33,1.4,,,nea_v2_api
2016-12-19,Clementi Road,S50,1.2,27.5705,81.869,nea_v2_api
2016-12-19,Pulau Ubin,S106,1.0,27.3017,86.0963,nea_v2_api
2016-12-19,Kranji Way,S66,0.8,,,nea_v2_api
2016-12-19,Choa Chu Kang Avenue 4,S114,1.2,,,nea_v2_api
2016-12-19,International Road,S63,1.2,,,nea_v2_api
2016-12-19,Woodlands Avenue 9,S104,0.8,27.5915,87.131,nea_v2_api
2016-12-19,Woodlands Road,S100,1.0,28.3554,76.2228,nea_v2_api
2016-12-19,Sembawang Road,S122,1.0,28.2262,70.9614,nea_v2_api
2016-12-19,Handy Road,S118,1.4,,,nea_v2_api
2016-12-19,Upper Changi Road North,S24B,0.0,28.4508,85.2616,nea_v2_api
2016-12-19,Bukit Timah Road,S90,1.4,,,nea_v2_api
2016-12-19,South Buona Vista Road,S92,1.4,,,nea_v2_api
2016-12-19,Upper Changi Road North,S24,6.0,28.0175,66.1939,nea_v2_api
2016-12-19,Yishun Avenue 5,S91,1.2,,,nea_v2_api
2016-12-19,Bukit Panjang Road,S64,1.2,,,nea_v2_api
2016-12-19,Kent Ridge Road,S71,1.2,,,nea_v2_api
2016-12-19,Sime Road,S46,1.6,,,nea_v2_api
2016-12-19,Marina Gardens Drive,S108,1.0,28.6186,75.5787,nea_v2_api
2016-12-19,Holland Road,S120,1.6,,,nea_v2_api
2016-12-20,Kim Chuan Road,S43,0.0,28.6504,71.4944,nea_v2_api
2016-12-20,Pasir Ris Drive 12,S29,0.0,,,nea_v2_api
2016-12-20,Alexandra Road,S77,0.0,,,nea_v2_api
2016-12-20,Upper Serangoon Road,S36,0.0,,,nea_v2_api
2016-12-20,Nanyang Avenue,S44,0.0,27.004,74.363,nea_v2_api
2016-12-20,Toa Payoh North,S88,0.2,,,nea_v2_api
2016-12-20,Chai Chee Street,S61,0.0,,,nea_v2_api
2016-12-20,Serangoon North Avenue 4,S110,0.2,,,nea_v2_api
2016-12-20,Towner Road,S123,0.0,,,nea_v2_api
2016-12-20,Lornie Road,S07,0.2,,,nea_v2_api
2016-12-20,Pasir Ris Street 51,S94,0.0,,,nea_v2_api
2016-12-20,Nicoll Highway,S119,0.0,,,nea_v2_api
2016-12-20,Tuas South Avenue 3,S115,0.2,28.06,77.418,nea_v2_api
2016-12-20,Tanah Merah Coast Road,S96,0.2,28.6535,68.4676,nea_v2_api
2016-12-20,West Coast Highway,S116,0.0,28.1606,81.7615,nea_v2_api
2016-12-20,Poole Road,S78,0.2,,,nea_v2_api
2016-12-20,S06,S06,0.0,28.6976,64.7597,nea_v2_api
2016-12-20,Semakau Landfill,S102,0.0,28.2125,78.6836,nea_v2_api
2016-12-20,Lim Chu Kang Road,S112,0.4,,,nea_v2_api
2016-12-20,Corporation Road,S101,0.0,,,nea_v2_api
2016-12-20,Ang Mo Kio Avenue 5,S109,0.8,28.0535,72.3372,nea_v2_api
2016-12-20,Somerset Road,S79,0.0,,,nea_v2_api
2016-12-20,East Coast Parkway,S107,0.2,28.6968,73.1092,nea_v2_api
2016-12-20,Old Choa Chu Kang Road,S121,0.0,27.8826,73.8711,nea_v2_api
2016-12-20,Punggol Central,S81,0.0,,,nea_v2_api
2016-12-20,Tuas Road,S89,0.0,,,nea_v2_api
2016-12-20,Choa Chu Kang Road,S11,0.0,,,nea_v2_api
2016-12-20,Upper Peirce Reservoir Park,S69,0.2,,,nea_v2_api
2016-12-20,Upper Thomson Road,S08,0.2,,,nea_v2_api
2016-12-20,Marine Parade Road,S113,0.0,,,nea_v2_api
2016-12-20,Buangkok Green,S55,0.4,,,nea_v2_api
2016-12-20,Simei Avenue,S84,0.0,,,nea_v2_api
2016-12-20,Banyan Road,S117,0.0,28.4318,72.1833,nea_v2_api
2016-12-20,Old Toh Tuck Road,S35,0.0,,,nea_v2_api
2016-12-20,Mandai Lake Road,S40,0.4,,,nea_v2_api
2016-12-20,Jurong Pier Road,S33,0.0,,,nea_v2_api
2016-12-20,Clementi Road,S50,0.0,27.5584,78.1097,nea_v2_api
2016-12-20,Pulau Ubin,S106,0.0,27.8489,80.5174,nea_v2_api
2016-12-20,Kranji Way,S66,1.2,,,nea_v2_api
2016-12-20,Choa Chu Kang Avenue 4,S114,0.4,,,nea_v2_api
2016-12-20,International Road,S63,0.0,,,nea_v2_api
2016-12-20,Woodlands Avenue 9,S104,0.0,27.9862,81.2463,nea_v2_api
2016-12-20,Woodlands Road,S100,0.2,28.501,72.2626,nea_v2_api
2016-12-20,Sembawang Road,S122,0.4,28.2527,68.655,nea_v2_api
2016-12-20,Upper Changi Road North,S24B,0.0,28.916,84.2482,nea_v2_api
2016-12-20,Handy Road,S118,0.0,,,nea_v2_api
2016-12-20,Bukit Timah Road,S90,0.2,,,nea_v2_api
2016-12-20,South Buona Vista Road,S92,0.0,,,nea_v2_api
2016-12-20,Upper Changi Road North,S24,0.0,28.5122,57.9663,nea_v2_api
2016-12-20,Yishun Avenue 5,S91,0.2,,,nea_v2_api
2016-12-20,Bukit Panjang Road,S64,0.2,,,nea_v2_api
2016-12-20,Kent Ridge Road,S71,0.0,,,nea_v2_api
2016-12-20,Sime Road,S46,0.0,,,nea_v2_api
2016-12-20,Marina Gardens Drive,S108,0.0,28.657,70.3551,nea_v2_api
2016-12-20,Holland Road,S120,0.2,,,nea_v2_api
2016-12-21,Kim Chuan Road,S43,0.0,29.1174,68.7784,nea_v2_api
2016-12-21,Pasir Ris Drive 12,S29,6.0,,,nea_v2_api
2016-12-21,Alexandra Road,S77,0.0,,,nea_v2_api
2016-12-21,Upper Serangoon Road,S36,0.0,,,nea_v2_api
2016-12-21,Nanyang Avenue,S44,0.0,27.8276,72.5881,nea_v2_api
2016-12-21,Toa Payoh North,S88,0.0,,,nea_v2_api
2016-12-21,Chai Chee Street,S61,0.8,,,nea_v2_api
2016-12-21,Serangoon North Avenue 4,S110,0.0,,,nea_v2_api
2016-12-21,Towner Road,S123,0.0,,,nea_v2_api
2016-12-21,Lornie Road,S07,0.0,,,nea_v2_api
2016-12-21,Pasir Ris Street 51,S94,3.2,,,nea_v2_api
2016-12-21,Nicoll Highway,S119,0.0,,,nea_v2_api
2016-12-21,Tuas South Avenue 3,S115,0.0,28.8636,72.6791,nea_v2_api
2016-12-21,Tanah Merah Coast Road,S96,4.0,28.6087,69.812,nea_v2_api
2016-12-21,West Coast Highway,S116,0.0,28.9606,76.4022,nea_v2_api
2016-12-21,Poole Road,S78,0.0,,,nea_v2_api
2016-12-21,S06,S06,2.0,28.9779,62.9931,nea_v2_api
2016-12-21,Semakau Landfill,S102,0.0,28.672,76.5457,nea_v2_api
2016-12-21,Lim Chu Kang Road,S112,0.0,,,nea_v2_api
2016-12-21,Corporation Road,S101,0.0,,,nea_v2_api
2016-12-21,Ang Mo Kio Avenue 5,S109,0.6,28.2329,70.9163,nea_v2_api
2016-12-21,Somerset Road,S79,0.0,,,nea_v2_api
2016-12-21,East Coast Parkway,S107,0.0,28.9712,72.1437,nea_v2_api
2016-12-21,Old Choa Chu Kang Road,S121,0.0,28.7839,74.5566,nea_v2_api
2016-12-21,Punggol Central,S81,11.8,,,nea_v2_api
2016-12-21,Tuas Road,S89,0.0,,,nea_v2_api
2016-12-21,Choa Chu Kang Road,S11,0.0,,,nea_v2_api
2016-12-21,Upper Peirce Reservoir Park,S69,0.0,,,nea_v2_api
2016-12-21,Upper Thomson Road,S08,0.0,,,nea_v2_api
2016-12-21,Marine Parade Road,S113,0.0,,,nea_v2_api
2016-12-21,Buangkok Green,S55,1.0,,,nea_v2_api
2016-12-21,Simei Avenue,S84,3.0,,,nea_v2_api
2016-12-21,Banyan Road,S117,0.0,29.1832,67.674,nea_v2_api
2016-12-21,Old Toh Tuck Road,S35,0.0,,,nea_v2_api
2016-12-21,Mandai Lake Road,S40,0.2,,,nea_v2_api
2016-12-21,Jurong Pier Road,S33,0.0,,,nea_v2_api
2016-12-21,Clementi Road,S50,0.0,28.4959,72.9625,nea_v2_api
2016-12-21,Pulau Ubin,S106,1.0,27.4562,83.8706,nea_v2_api
2016-12-21,Kranji Way,S66,0.0,,,nea_v2_api
2016-12-21,Choa Chu Kang Avenue 4,S114,0.0,,,nea_v2_api
2016-12-21,International Road,S63,0.0,,,nea_v2_api
2016-12-21,Woodlands Avenue 9,S104,3.4,28.1714,80.5118,nea_v2_api
2016-12-21,Woodlands Road,S100,0.0,29.0388,68.7909,nea_v2_api
2016-12-21,Sembawang Road,S122,6.2,28.2862,76.2624,nea_v2_api
2016-12-21,Handy Road,S118,0.0,,,nea_v2_api
2016-12-21,Upper Changi Road North,S24B,0.0,28.8247,80.5983,nea_v2_api
2016-12-21,Bukit Timah Road,S90,0.0,,,nea_v2_api
2016-12-21,South Buona Vista Road,S92,0.0,,,nea_v2_api
2016-12-21,Upper Changi Road North,S24,3.0,28.4825,56.9566,nea_v2_api
2016-12-21,Yishun Avenue 5,S91,9.0,,,nea_v2_api
2016-12-21,Bukit Panjang Road,S64,0.0,,,nea_v2_api
2016-12-21,Kent Ridge Road,S71,0.0,,,nea_v2_api
2016-12-21,Sime Road,S46,0.0,,,nea_v2_api
2016-12-21,Marina Gardens Drive,S108,0.0,29.4656,65.8583,nea_v2_api
2016-12-21,Holland Road,S120,0.0,,,nea_v2_api
2016-12-22,Kim Chuan Road,S43,18.4,27.3353,84.0017,nea_v2_api
2016-12-22,Pasir Ris Drive 12,S29,39.8,,,nea_v2_api
2016-12-22,Alexandra Road,S77,32.6,,,nea_v2_api
2016-12-22,Upper Serangoon Road,S36,20.4,,,nea_v2_api
2016-12-22,Nanyang Avenue,S44,36.0,26.1655,72.1772,nea_v2_api
2016-12-22,Toa Payoh North,S88,17.2,,,nea_v2_api
2016-12-22,Chai Chee Street,S61,24.2,,,nea_v2_api
2016-12-22,Serangoon North Avenue 4,S110,38.2,,,nea_v2_api
2016-12-22,Towner Road,S123,9.8,,,nea_v2_api
2016-12-22,Lornie Road,S07,20.6,,,nea_v2_api
2016-12-22,Pasir Ris Street 51,S94,23.0,,,nea_v2_api
2016-12-22,Nicoll Highway,S119,8.4,,,nea_v2_api
2016-12-22,Tuas South Avenue 3,S115,2.4,27.355,81.7164,nea_v2_api
2016-12-22,Tanah Merah Coast Road,S96,30.4,27.1092,83.6431,nea_v2_api
2016-12-22,West Coast Highway,S116,29.4,27.2604,89.769,nea_v2_api
2016-12-22,Poole Road,S78,7.0,,,nea_v2_api
2016-12-22,S06,S06,24.2,26.9201,78.9292,nea_v2_api
2016-12-22,Semakau Landfill,S102,0.2,27.7789,82.1593,nea_v2_api
2016-12-22,Lim Chu Kang Road,S112,10.0,,,nea_v2_api
2016-12-22,Corporation Road,S101,40.4,,,nea_v2_api
2016-12-22,Ang Mo Kio Avenue 5,S109,46.4,26.4725,84.3517,nea_v2_api
2016-12-22,Somerset Road,S79,13.4,,,nea_v2_api
2016-12-22,East Coast Parkway,S107,31.0,27.3483,86.5575,nea_v2_api
2016-12-22,Old Choa Chu Kang Road,S121,15.6,26.6452,80.8902,nea_v2_api
2016-12-22,Punggol Central,S81,41.6,,,nea_v2_api
2016-12-22,Tuas Road,S89,26.4,,,nea_v2_api
2016-12-22,Choa Chu Kang Road,S11,40.0,,,nea_v2_api
2016-12-22,Upper Peirce Reservoir Park,S69,32.2,,,nea_v2_api
2016-12-22,Upper Thomson Road,S08,41.6,,,nea_v2_api
2016-12-22,Marine Parade Road,S113,6.6,,,nea_v2_api
2016-12-22,Buangkok Green,S55,30.4,,,nea_v2_api
2016-12-22,Simei Avenue,S84,2.8,,,nea_v2_api
2016-12-22,Banyan Road,S117,1.0,27.5557,78.9263,nea_v2_api
2016-12-22,Old Toh Tuck Road,S35,44.4,,,nea_v2_api
2016-12-22,Mandai Lake Road,S40,15.6,,,nea_v2_api
2016-12-22,Jurong Pier Road,S33,21.2,,,nea_v2_api
2016-12-22,Clementi Road,S50,34.8,26.4222,87.2333,nea_v2_api
2016-12-22,Pulau Ubin,S106,30.6,25.8741,87.2166,nea_v2_api
2016-12-22,Kranji Way,S66,10.2,,,nea_v2_api
2016-12-22,Choa Chu Kang Avenue 4,S114,13.2,,,nea_v2_api
2016-12-22,International Road,S63,35.8,,,nea_v2_api
2016-12-22,Woodlands Avenue 9,S104,15.6,26.5087,91.7406,nea_v2_api
2016-12-22,Woodlands Road,S100,4.2,27.2423,82.8263,nea_v2_api
2016-12-22,Sembawang Road,S122,32.6,26.6247,73.0234,nea_v2_api
2016-12-22,Handy Road,S118,10.2,,,nea_v2_api
2016-12-22,Upper Changi Road North,S24B,0.0,26.954,92.9913,nea_v2_api
2016-12-22,Bukit Timah Road,S90,17.4,,,nea_v2_api
2016-12-22,South Buona Vista Road,S92,51.8,,,nea_v2_api
2016-12-22,Upper Changi Road North,S24,12.2,26.7216,78.9424,nea_v2_api
2016-12-22,Yishun Avenue 5,S91,29.4,,,nea_v2_api
2016-12-22,Bukit Panjang Road,S64,9.2,,,nea_v2_api
2016-12-22,Kent Ridge Road,S71,42.0,,,nea_v2_api
2016-12-22,Sime Road,S46,28.4,,,nea_v2_api
2016-12-22,Marina Gardens Drive,S108,12.2,27.5656,82.8456,nea_v2_api
2016-12-22,Holland Road,S120,23.6,,,nea_v2_api
2016-12-23,Kim Chuan Road,S43,37.8,27.3493,84.9681,nea_v2_api
2016-12-23,Pasir Ris Drive 12,S29,15.4,,,nea_v2_api
2016-12-23,Alexandra Road,S77,14.2,,,nea_v2_api
2016-12-23,Upper Serangoon Road,S36,51.2,,,nea_v2_api
2016-12-23,Nanyang Avenue,S44,6.4,26.8854,68.8655,nea_v2_api
2016-12-23,Toa Payoh North,S88,40.8,,,nea_v2_api
2016-12-23,Chai Chee Street,S61,49.6,,,nea_v2_api
2016-12-23,Serangoon North Avenue 4,S110,37.4,,,nea_v2_api
2016-12-23,Towner Road,S123,21.4,,,nea_v2_api
2016-12-23,Lornie Road,S07,30.4,,,nea_v2_api
2016-12-23,Pasir Ris Street 51,S94,7.0,,,nea_v2_api
2016-12-23,Nicoll Highway,S119,11.4,,,nea_v2_api
2016-12-23,Tuas South Avenue 3,S115,1.2,27.7602,81.0696,nea_v2_api
2016-12-23,Tanah Merah Coast Road,S96,1.2,27.3469,82.9236,nea_v2_api
2016-12-23,West Coast Highway,S116,9.2,27.5285,89.5342,nea_v2_api
2016-12-23,Poole Road,S78,35.6,,,nea_v2_api
2016-12-23,S06,S06,11.4,27.1533,79.2201,nea_v2_api
2016-12-23,Semakau Landfill,S102,4.6,27.4869,84.0584,nea_v2_api
2016-12-23,Lim Chu Kang Road,S112,65.4,,,nea_v2_api
2016-12-23,Corporation Road,S101,24.8,,,nea_v2_api
2016-12-23,Ang Mo Kio Avenue 5,S109,18.0,26.7425,86.8242,nea_v2_api
2016-12-23,Somerset Road,S79,8.0,,,nea_v2_api
2016-12-23,East Coast Parkway,S107,31.0,27.377,87.5179,nea_v2_api
2016-12-23,Old Choa Chu Kang Road,S121,39.0,27.0446,74.773,nea_v2_api
2016-12-23,Punggol Central,S81,19.2,,,nea_v2_api
2016-12-23,Tuas Road,S89,1.2,,,nea_v2_api
2016-12-23,Choa Chu Kang Road,S11,22.8,,,nea_v2_api
2016-12-23,Upper Peirce Reservoir Park,S69,42.0,,,nea_v2_api
2016-12-23,Upper Thomson Road,S08,33.6,,,nea_v2_api
2016-12-23,Marine Parade Road,S113,34.4,,,nea_v2_api
2016-12-23,Buangkok Green,S55,10.6,,,nea_v2_api
2016-12-23,Simei Avenue,S84,0.6,,,nea_v2_api
2016-12-23,Banyan Road,S117,2.6,27.6743,79.6774,nea_v2_api
2016-12-23,Old Toh Tuck Road,S35,26.8,,,nea_v2_api
2016-12-23,Mandai Lake Road,S40,41.2,,,nea_v2_api
2016-12-23,Jurong Pier Road,S33,20.8,,,nea_v2_api
2016-12-23,Clementi Road,S50,26.6,26.8315,87.281,nea_v2_api
2016-12-23,Pulau Ubin,S106,18.2,26.3096,87.8459,nea_v2_api
2016-12-23,Kranji Way,S66,82.0,,,nea_v2_api
2016-12-23,Choa Chu Kang Avenue 4,S114,58.4,,,nea_v2_api
2016-12-23,International Road,S63,15.4,,,nea_v2_api
2016-12-23,Woodlands Avenue 9,S104,50.0,26.8715,84.775,nea_v2_api
2016-12-23,Woodlands Road,S100,61.6,27.5389,83.2274,nea_v2_api
2016-12-23,Sembawang Road,S122,28.8,27.019,76.0965,nea_v2_api
2016-12-23,Handy Road,S118,8.2,,,nea_v2_api
2016-12-23,Upper Changi Road North,S24B,0.0,27.1528,,nea_v2_api
2016-12-23,Bukit Timah Road,S90,8.6,,,nea_v2_api
2016-12-23,South Buona Vista Road,S92,18.6,,,nea_v2_api
2016-12-23,Upper Changi Road North,S24,19.6,26.9635,79.7293,nea_v2_api
2016-12-23,Yishun Avenue 5,S91,48.2,,,nea_v2_api
2016-12-23,Bukit Panjang Road,S64,98.0,,,nea_v2_api
2016-12-23,Kent Ridge Road,S71,22.4,,,nea_v2_api
2016-12-23,Sime Road,S46,19.6,,,nea_v2_api
2016-12-23,Marina Gardens Drive,S108,8.8,27.6765,83.0734,nea_v2_api
2016-12-23,Holland Road,S120,15.0,,,nea_v2_api
2016-12-24,Kim Chuan Road,S43,86.0,26.8962,85.6733,nea_v2_api
2016-12-24,Pasir Ris Drive 12,S29,33.2,,,nea_v2_api
2016-12-24,Alexandra Road,S77,32.2,,,nea_v2_api
2016-12-24,Upper Serangoon Road,S36,77.4,,,nea_v2_api
2016-12-24,Nanyang Avenue,S44,1.2,26.4051,64.5031,nea_v2_api
2016-12-24,Toa Payoh North,S88,71.2,,,nea_v2_api
2016-12-24,Chai Chee Street,S61,85.0,,,nea_v2_api
2016-12-24,Serangoon North Avenue 4,S110,21.6,,,nea_v2_api
2016-12-24,Towner Road,S123,85.4,,,nea_v2_api
2016-12-24,Lornie Road,S07,85.8,,,nea_v2_api
2016-12-24,Pasir Ris Street 51,S94,39.0,,,nea_v2_api
2016-12-24,Nicoll Highway,S119,47.4,,,nea_v2_api
2016-12-24,Tuas South Avenue 3,S115,0.8,27.4691,81.4999,nea_v2_api
2016-12-24,Tanah Merah Coast Road,S96,84.6,26.7632,86.0448,nea_v2_api
2016-12-24,West Coast Highway,S116,5.6,27.2433,90.9605,nea_v2_api
2016-12-24,Poole Road,S78,73.2,,,nea_v2_api
2016-12-24,S06,S06,53.2,26.5547,81.8326,nea_v2_api
2016-12-24,Semakau Landfill,S102,0.4,27.402,86.0879,nea_v2_api
2016-12-24,Lim Chu Kang Road,S112,13.8,,,nea_v2_api
2016-12-24,Corporation Road,S101,17.0,,,nea_v2_api
2016-12-24,Ang Mo Kio Avenue 5,S109,26.2,26.2746,88.3605,nea_v2_api
2016-12-24,Somerset Road,S79,48.2,,,nea_v2_api
2016-12-24,East Coast Parkway,S107,62.0,26.8724,89.1973,nea_v2_api
2016-12-24,Old Choa Chu Kang Road,S121,24.6,26.7101,69.7378,nea_v2_api
2016-12-24,Punggol Central,S81,10.0,,,nea_v2_api
2016-12-24,Tuas Road,S89,1.0,,,nea_v2_api
2016-12-24,Choa Chu Kang Road,S11,4.6,,,nea_v2_api
2016-12-24,Upper Peirce Reservoir Park,S69,42.4,,,nea_v2_api
2016-12-24,Upper Thomson Road,S08,39.0,,,nea_v2_api
2016-12-24,Marine Parade Road,S113,82.4,,,nea_v2_api
2016-12-24,Buangkok Green,S55,12.6,,,nea_v2_api
2016-12-24,Simei Avenue,S84,0.4,,,nea_v2_api
2016-12-24,Banyan Road,S117,0.8,27.6429,79.651,nea_v2_api
2016-12-24,Old Toh Tuck Road,S35,7.6,,,nea_v2_api
2016-12-24,Mandai Lake Road,S40,30.0,,,nea_v2_api
2016-12-24,Jurong Pier Road,S33,2.0,,,nea_v2_api
2016-12-24,Clementi Road,S50,19.8,26.3764,89.6508,nea_v2_api
2016-12-24,Pulau Ubin,S106,12.2,26.1191,88.5711,nea_v2_api
2016-12-24,Kranji Way,S66,17.8,,,nea_v2_api
2016-12-24,Choa Chu Kang Avenue 4,S114,24.0,,,nea_v2_api
2016-12-24,International Road,S63,2.0,,,nea_v2_api
2016-12-24,Woodlands Avenue 9,S104,16.8,26.3034,80.6957,nea_v2_api
2016-12-24,Woodlands Road,S100,10.8,27.0413,85.4953,nea_v2_api
2016-12-24,Sembawang Road,S122,18.2,26.6587,72.513,nea_v2_api
2016-12-24,Handy Road,S118,48.4,,,nea_v2_api
2016-12-24,Upper Changi Road North,S24B,0.0,26.674,90.5336,nea_v2_api
2016-12-24,Bukit Timah Road,S90,56.4,,,nea_v2_api
2016-12-24,South Buona Vista Road,S92,15.8,,,nea_v2_api
2016-12-24,Upper Changi Road North,S24,73.0,26.29,85.6491,nea_v2_api
2016-12-24,Yishun Avenue 5,S91,16.0,,,nea_v2_api
2016-12-24,Bukit Panjang Road,S64,37.8,,,nea_v2_api
2016-12-24,Kent Ridge Road,S71,15.2,,,nea_v2_api
2016-12-24,Sime Road,S46,58.2,,,nea_v2_api
2016-12-24,Marina Gardens Drive,S108,50.4,27.147,87.226,nea_v2_api
2016-12-24,Holland Road,S120,48.4,,,nea_v2_api
2016-12-25,Kim Chuan Road,S43,13.2,27.1712,84.2859,nea_v2_api
2016-12-25,Pasir Ris Drive 12,S29,5.2,,,nea_v2_api
2016-12-25,Alexandra Road,S77,11.4,,,nea_v2_api
2016-12-25,Upper Serangoon Road,S36,27.4,,,nea_v2_api
2016-12-25,Nanyang Avenue,S44,14.8,26.4401,64.8897,nea_v2_api
2016-12-25,Toa Payoh North,S88,27.4,,,nea_v2_api
2016-12-25,Chai Chee Street,S61,10.0,,,nea_v2_api
2016-12-25,Serangoon North Avenue 4,S110,12.2,,,nea_v2_api
2016-12-25,Towner Road,S123,14.8,,,nea_v2_api
2016-12-25,Lornie Road,S07,22.4,,,nea_v2_api
2016-12-25,Pasir Ris Street 51,S94,5.2,,,nea_v2_api
2016-12-25,Nicoll Highway,S119,6.6,,,nea_v2_api
2016-12-25,Tuas South Avenue 3,S115,0.2,27.5898,79.8892,nea_v2_api
2016-12-25,Tanah Merah Coast Road,S96,3.6,26.8773,84.0331,nea_v2_api
2016-12-25,West Coast Highway,S116,23.8,27.4176,88.4476,nea_v2_api
2016-12-25,Poole Road,S78,35.6,,,nea_v2_api
2016-12-25,S06,S06,10.2,26.954,78.6729,nea_v2_api
2016-12-25,Semakau Landfill,S102,3.8,27.6481,83.2573,nea_v2_api
2016-12-25,Lim Chu Kang Road,S112,17.2,,,nea_v2_api
2016-12-25,Corporation Road,S101,20.0,,,nea_v2_api
2016-12-25,Ang Mo Kio Avenue 5,S109,17.2,26.6139,86.1664,nea_v2_api
2016-12-25,Somerset Road,S79,5.6,,,nea_v2_api
2016-12-25,East Coast Parkway,S107,7.8,27.1613,86.6959,nea_v2_api
2016-12-25,Old Choa Chu Kang Road,S121,12.6,26.8187,70.6571,nea_v2_api
2016-12-25,Punggol Central,S81,5.2,,,nea_v2_api
2016-12-25,Tuas Road,S89,9.0,,,nea_v2_api
2016-12-25,Choa Chu Kang Road,S11,29.8,,,nea_v2_api
2016-12-25,Upper Peirce Reservoir Park,S69,37.0,,,nea_v2_api
2016-12-25,Upper Thomson Road,S08,38.2,,,nea_v2_api
2016-12-25,Marine Parade Road,S113,13.2,,,nea_v2_api
2016-12-25,Buangkok Green,S55,15.8,,,nea_v2_api
2016-12-25,Simei Avenue,S84,0.2,,,nea_v2_api
2016-12-25,Banyan Road,S117,0.8,27.7903,77.3583,nea_v2_api
2016-12-25,Old Toh Tuck Road,S35,20.6,,,nea_v2_api
2016-12-25,Mandai Lake Road,S40,35.6,,,nea_v2_api
2016-12-25,Jurong Pier Road,S33,23.0,,,nea_v2_api
2016-12-25,Clementi Road,S50,12.8,26.5437,87.2713,nea_v2_api
2016-12-25,Pulau Ubin,S106,5.8,26.1936,90.7852,nea_v2_api
2016-12-25,Kranji Way,S66,37.2,,,nea_v2_api
2016-12-25,Choa Chu Kang Avenue 4,S114,9.6,,,nea_v2_api
2016-12-25,International Road,S63,22.2,,,nea_v2_api
2016-12-25,Woodlands Avenue 9,S104,28.8,26.3858,80.7243,nea_v2_api
2016-12-25,Woodlands Road,S100,30.4,27.1744,83.5892,nea_v2_api
2016-12-25,Sembawang Road,S122,28.0,26.8613,71.1853,nea_v2_api
2016-12-25,Handy Road,S118,6.2,,,nea_v2_api
2016-12-25,Upper Changi Road North,S24B,0.0,26.8375,98.7278,nea_v2_api
2016-12-25,Bukit Timah Road,S90,5.2,,,nea_v2_api
2016-12-25,South Buona Vista Road,S92,15.4,,,nea_v2_api
2016-12-25,Upper Changi Road North,S24,10.4,26.5449,82.9303,nea_v2_api
2016-12-25,Yishun Avenue 5,S91,25.2,,,nea_v2_api
2016-12-25,Bukit Panjang Road,S64,20.6,,,nea_v2_api
2016-12-25,Kent Ridge Road,S71,17.0,,,nea_v2_api
2016-12-25,Sime Road,S46,10.8,,,nea_v2_api
2016-12-25,Marina Gardens Drive,S108,15.0,27.3197,84.7062,nea_v2_api
2016-12-25,Holland Road,S120,6.2,,,nea_v2_api
2016-12-26,Kim Chuan Road,S43,0.0,27.1352,80.3067,nea_v2_api
2016-12-26,Pasir Ris Drive 12,S29,0.2,,,nea_v2_api
2016-12-26,Alexandra Road,S77,0.0,,,nea_v2_api
2016-12-26,Upper Serangoon Road,S36,0.0,,,nea_v2_api
2016-12-26,Nanyang Avenue,S44,0.0,26.2789,73.9299,nea_v2_api
2016-12-26,Toa Payoh North,S88,0.0,,,nea_v2_api
2016-12-26,Chai Chee Street,S61,0.0,,,nea_v2_api
2016-12-26,Serangoon North Avenue 4,S110,0.0,,,nea_v2_api
2016-12-26,Towner Road,S123,0.0,,,nea_v2_api
2016-12-26,Lornie Road,S07,0.2,,,nea_v2_api
2016-12-26,Pasir Ris Street 51,S94,0.0,,,nea_v2_api
2016-12-26,Nicoll Highway,S119,0.0,,,nea_v2_api
2016-12-26,Tuas South Avenue 3,S115,0.0,27.3917,77.8959,nea_v2_api
2016-12-26,Tanah Merah Coast Road,S96,0.0,27.0065,80.6391,nea_v2_api
2016-12-26,West Coast Highway,S116,0.0,27.4017,85.2033,nea_v2_api
2016-12-26,Poole Road,S78,0.0,,,nea_v2_api
2016-12-26,S06,S06,0.0,26.9251,73.6035,nea_v2_api
2016-12-26,Semakau Landfill,S102,0.0,27.6733,79.0713,nea_v2_api
2016-12-26,Lim Chu Kang Road,S112,0.0,,,nea_v2_api
2016-12-26,Corporation Road,S101,0.0,,,nea_v2_api
2016-12-26,Ang Mo Kio Avenue 5,S109,0.0,26.4708,81.9503,nea_v2_api
2016-12-26,Somerset Road,S79,0.0,,,nea_v2_api
2016-12-26,East Coast Parkway,S107,0.0,27.2466,82.6076,nea_v2_api
2016-12-26,Old Choa Chu Kang Road,S121,0.0,26.551,85.7133,nea_v2_api
2016-12-26,Punggol Central,S81,0.0,,,nea_v2_api
2016-12-26,Tuas Road,S89,0.0,,,nea_v2_api
2016-12-26,Choa Chu Kang Road,S11,0.2,,,nea_v2_api
2016-12-26,Upper Peirce Reservoir Park,S69,0.0,,,nea_v2_api
2016-12-26,Upper Thomson Road,S08,0.0,,,nea_v2_api
2016-12-26,Marine Parade Road,S113,0.0,,,nea_v2_api
2016-12-26,Buangkok Green,S55,0.0,,,nea_v2_api
2016-12-26,Simei Avenue,S84,0.2,,,nea_v2_api
2016-12-26,Banyan Road,S117,0.0,27.3818,74.9363,nea_v2_api
2016-12-26,Old Toh Tuck Road,S35,0.0,,,nea_v2_api
2016-12-26,Mandai Lake Road,S40,0.2,,,nea_v2_api
2016-12-26,Jurong Pier Road,S33,0.0,,,nea_v2_api
2016-12-26,Clementi Road,S50,0.0,26.6581,82.3396,nea_v2_api
2016-12-26,Pulau Ubin,S106,0.0,26.0603,92.5833,nea_v2_api
2016-12-26,Kranji Way,S66,0.0,,,nea_v2_api
2016-12-26,Choa Chu Kang Avenue 4,S114,0.0,,,nea_v2_api
2016-12-26,International Road,S63,0.0,,,nea_v2_api
2016-12-26,Woodlands Avenue 9,S104,0.0,26.2881,91.6182,nea_v2_api
2016-12-26,Woodlands Road,S100,0.0,27.1702,78.997,nea_v2_api
2016-12-26,Sembawang Road,S122,0.0,26.8017,80.7839,nea_v2_api
2016-12-26,Handy Road,S118,0.0,,,nea_v2_api
2016-12-26,Upper Changi Road North,S24B,0.0,26.7608,,nea_v2_api
2016-12-26,Bukit Timah Road,S90,0.0,,,nea_v2_api
2016-12-26,South Buona Vista Road,S92,0.0,,,nea_v2_api
2016-12-26,Upper Changi Road North,S24,0.0,26.5408,76.8967,nea_v2_api
2016-12-26,Yishun Avenue 5,S91,0.0,,,nea_v2_api
2016-12-26,Bukit Panjang Road,S64,0.2,,,nea_v2_api
2016-12-26,Kent Ridge Road,S71,0.0,,,nea_v2_api
2016-12-26,Sime Road,S46,0.2,,,nea_v2_api
2016-12-26,Marina Gardens Drive,S108,0.0,27.4905,78.9373,nea_v2_api
2016-12-26,Holland Road,S120,0.2,,,nea_v2_api
2016-12-27,Kim Chuan Road,S43,0.8,26.7237,82.026,nea_v2_api
2016-12-27,Pasir Ris Drive 12,S29,4.6,,,nea_v2_api
2016-12-27,Alexandra Road,S77,7.2,,,nea_v2_api
2016-12-27,Upper Serangoon Road,S36,3.0,,,nea_v2_api
2016-12-27,Nanyang Avenue,S44,6.8,25.7361,78.4736,nea_v2_api
2016-12-27,Toa Payoh North,S88,1.6,,,nea_v2_api
2016-12-27,Chai Chee Street,S61,7.8,,,nea_v2_api
2016-12-27,Serangoon North Avenue 4,S110,1.0,,,nea_v2_api
2016-12-27,Towner Road,S123,2.8,,,nea_v2_api
2016-12-27,Lornie Road,S07,6.6,,,nea_v2_api
2016-12-27,Pasir Ris Street 51,S94,3.2,,,nea_v2_api
2016-12-27,Nicoll Highway,S119,1.8,,,nea_v2_api
2016-12-27,Tuas South Avenue 3,S115,11.6,26.619,82.485,nea_v2_api
2016-12-27,Tanah Merah Coast Road,S96,0.2,26.6967,81.2512,nea_v2_api
2016-12-27,West Coast Highway,S116,3.8,26.7928,89.0691,nea_v2_api
2016-12-27,Poole Road,S78,0.6,,,nea_v2_api
2016-12-27,S06,S06,1.6,26.5178,75.2611,nea_v2_api
2016-12-27,Semakau Landfill,S102,2.2,27.0975,82.2945,nea_v2_api
2016-12-27,Lim Chu Kang Road,S112,1.6,,,nea_v2_api
2016-12-27,Corporation Road,S101,9.2,,,nea_v2_api
2016-12-27,Ang Mo Kio Avenue 5,S109,1.2,25.9956,84.4637,nea_v2_api
2016-12-27,Somerset Road,S79,1.6,,,nea_v2_api
2016-12-27,East Coast Parkway,S107,1.6,26.84,83.665,nea_v2_api
2016-12-27,Old Choa Chu Kang Road,S121,6.8,26.0681,85.252,nea_v2_api
2016-12-27,Punggol Central,S81,1.8,,,nea_v2_api
2016-12-27,Tuas Road,S89,3.6,,,nea_v2_api
2016-12-27,Choa Chu Kang Road,S11,7.6,,,nea_v2_api
2016-12-27,Marina Gardens Drive,S108,0.6,27.0277,80.9508,nea_v2_api
2016-12-27,Upper Peirce Reservoir Park,S69,5.8,,,nea_v2_api
2016-12-27,Upper Thomson Road,S08,3.4,,,nea_v2_api
2016-12-27,Marine Parade Road,S113,6.8,,,nea_v2_api
2016-12-27,Buangkok Green,S55,0.2,,,nea_v2_api
2016-12-27,Simei Avenue,S84,0.2,,,nea_v2_api
2016-12-27,Banyan Road,S117,9.6,26.8264,79.3446,nea_v2_api
2016-12-27,Old Toh Tuck Road,S35,16.0,,,nea_v2_api
2016-12-27,Mandai Lake Road,S40,8.6,,,nea_v2_api
2016-12-27,Jurong Pier Road,S33,13.6,,,nea_v2_api
2016-12-27,Clementi Road,S50,11.6,25.9918,86.7803,nea_v2_api
2016-12-27,Pulau Ubin,S106,0.6,25.773,92.1081,nea_v2_api
2016-12-27,Kranji Way,S66,6.0,,,nea_v2_api
2016-12-27,Choa Chu Kang Avenue 4,S114,14.6,,,nea_v2_api
2016-12-27,International Road,S63,10.2,,,nea_v2_api
2016-12-27,Woodlands Avenue 9,S104,1.0,25.8213,92.3195,nea_v2_api
2016-12-27,Woodlands Road,S100,5.8,26.55,81.7533,nea_v2_api
2016-12-27,Sembawang Road,S122,2.6,26.4612,75.2288,nea_v2_api
2016-12-27,Handy Road,S118,2.2,,,nea_v2_api
2016-12-27,Upper Changi Road North,S24B,0.0,26.4965,91.0302,nea_v2_api
2016-12-27,Bukit Timah Road,S90,4.0,,,nea_v2_api
2016-12-27,South Buona Vista Road,S92,13.2,,,nea_v2_api
2016-12-27,Upper Changi Road North,S24,0.6,26.3056,72.2933,nea_v2_api
2016-12-27,Yishun Avenue 5,S91,3.2,,,nea_v2_api
2016-12-27,Bukit Panjang Road,S64,15.0,,,nea_v2_api
2016-12-27,Kent Ridge Road,S71,7.4,,,nea_v2_api
2016-12-27,Sime Road,S46,7.2,,,nea_v2_api
2016-12-27,Dairy Farm Road,S103,0.0,,,nea_v2_api
2016-12-27,Holland Road,S120,3.8,,,nea_v2_api
2016-12-28,Kim Chuan Road,S43,3.2,26.0539,84.137,nea_v2_api
2016-12-28,Pasir Ris Drive 12,S29,3.6,,,nea_v2_api
2016-12-28,Alexandra Road,S77,1.6,,,nea_v2_api
2016-12-28,Upper Serangoon Road,S36,3.8,,,nea_v2_api
2016-12-28,Nanyang Avenue,S44,1.4,25.1416,78.4475,nea_v2_api
2016-12-28,Toa Payoh North,S88,3.4,,,nea_v2_api
2016-12-28,Chai Chee Street,S61,3.2,,,nea_v2_api
2016-12-28,Serangoon North Avenue 4,S110,4.4,,,nea_v2_api
2016-12-28,Towner Road,S123,3.6,,,nea_v2_api
2016-12-28,Lornie Road,S07,3.4,,,nea_v2_api
2016-12-28,Pasir Ris Street 51,S94,4.0,,,nea_v2_api
2016-12-28,Nicoll Highway,S119,2.8,,,nea_v2_api
2016-12-28,Tuas South Avenue 3,S115,0.4,26.0473,82.1329,nea_v2_api
2016-12-28,Tanah Merah Coast Road,S96,3.6,25.9995,83.1242,nea_v2_api
2016-12-28,West Coast Highway,S116,0.2,26.0889,90.0395,nea_v2_api
2016-12-28,Poole Road,S78,3.2,,,nea_v2_api
2016-12-28,S06,S06,3.6,25.6088,79.0933,nea_v2_api
2016-12-28,Semakau Landfill,S102,0.2,26.4351,83.694,nea_v2_api
2016-12-28,Lim Chu Kang Road,S112,2.6,,,nea_v2_api
2016-12-28,Corporation Road,S101,1.4,,,nea_v2_api
2016-12-28,Ang Mo Kio Avenue 5,S109,4.8,25.2353,85.9293,nea_v2_api
2016-12-28,Somerset Road,S79,2.2,,,nea_v2_api
2016-12-28,East Coast Parkway,S107,2.4,26.2369,86.2114,nea_v2_api
2016-12-28,Old Choa Chu Kang Road,S121,1.8,25.4775,87.3207,nea_v2_api
2016-12-28,Punggol Central,S81,4.0,,,nea_v2_api
2016-12-28,Tuas Road,S89,1.4,,,nea_v2_api
2016-12-28,Choa Chu Kang Road,S11,1.8,,,nea_v2_api
2016-12-28,Marina Gardens Drive,S108,1.8,26.2285,83.2248,nea_v2_api
2016-12-28,Upper Peirce Reservoir Park,S69,3.8,,,nea_v2_api
2016-12-28,Upper Thomson Road,S08,4.0,,,nea_v2_api
2016-12-28,Marine Parade Road,S113,3.0,,,nea_v2_api
2016-12-28,Buangkok Green,S55,4.2,,,nea_v2_api
2016-12-28,Simei Avenue,S84,0.2,,,nea_v2_api
2016-12-28,Banyan Road,S117,0.4,26.3655,78.4243,nea_v2_api
2016-12-28,Old Toh Tuck Road,S35,1.6,,,nea_v2_api
2016-12-28,Mandai Lake Road,S40,4.0,,,nea_v2_api
2016-12-28,Jurong Pier Road,S33,1.2,,,nea_v2_api
2016-12-28,Clementi Road,S50,2.6,25.1545,89.2522,nea_v2_api
2016-12-28,Pulau Ubin,S106,6.0,25.2593,92.1992,nea_v2_api
2016-12-28,Kranji Way,S66,3.6,,,nea_v2_api
2016-12-28,Choa Chu Kang Avenue 4,S114,2.6,,,nea_v2_api
2016-12-28,International Road,S63,1.4,,,nea_v2_api
2016-12-28,Woodlands Avenue 9,S104,3.6,25.2247,90.5056,nea_v2_api
2016-12-28,Woodlands Road,S100,3.8,25.8338,83.8283,nea_v2_api
2016-12-28,Sembawang Road,S122,4.6,25.6768,82.3719,nea_v2_api
2016-12-28,Handy Road,S118,2.8,,,nea_v2_api
2016-12-28,Upper Changi Road North,S24B,0.0,25.9296,,nea_v2_api
2016-12-28,Bukit Timah Road,S90,3.0,,,nea_v2_api
2016-12-28,South Buona Vista Road,S92,1.0,,,nea_v2_api
2016-12-28,Upper Changi Road North,S24,3.8,25.7333,77.2705,nea_v2_api
2016-12-28,Yishun Avenue 5,S91,4.2,,,nea_v2_api
2016-12-28,Bukit Panjang Road,S64,4.4,,,nea_v2_api
2016-12-28,Kent Ridge Road,S71,0.8,,,nea_v2_api
2016-12-28,Sime Road,S46,3.4,,,nea_v2_api
2016-12-28,Dairy Farm Road,S103,0.0,,,nea_v2_api
2016-12-28,Holland Road,S120,2.6,,,nea_v2_api
2016-12-29,Kim Chuan Road,S43,0.0,27.9058,73.9946,nea_v2_api
2016-12-29,Pasir Ris Drive 12,S29,0.0,,,nea_v2_api
2016-12-29,Alexandra Road,S77,0.0,,,nea_v2_api
2016-12-29,Upper Serangoon Road,S36,0.0,,,nea_v2_api
2016-12-29,Nanyang Avenue,S44,0.0,27.1709,73.7184,nea_v2_api
2016-12-29,Toa Payoh North,S88,0.0,,,nea_v2_api
2016-12-29,Chai Chee Street,S61,0.0,,,nea_v2_api
2016-12-29,Serangoon North Avenue 4,S110,0.0,,,nea_v2_api
2016-12-29,Towner Road,S123,0.0,,,nea_v2_api
2016-12-29,Lornie Road,S07,0.0,,,nea_v2_api
2016-12-29,Pasir Ris Street 51,S94,0.0,,,nea_v2_api
2016-12-29,Nicoll Highway,S119,0.0,,,nea_v2_api
2016-12-29,Tuas South Avenue 3,S115,0.0,28.2421,70.3751,nea_v2_api
2016-12-29,Tanah Merah Coast Road,S96,0.0,27.844,74.7261,nea_v2_api
2016-12-29,West Coast Highway,S116,0.0,28.1129,78.8706,nea_v2_api
2016-12-29,Poole Road,S78,0.0,,,nea_v2_api
2016-12-29,S06,S06,0.0,27.7856,67.6021,nea_v2_api
2016-12-29,Semakau Landfill,S102,0.0,28.2302,72.9288,nea_v2_api
2016-12-29,Lim Chu Kang Road,S112,0.0,,,nea_v2_api
2016-12-29,Corporation Road,S101,0.0,,,nea_v2_api
2016-12-29,Ang Mo Kio Avenue 5,S109,0.0,27.2918,74.9472,nea_v2_api
2016-12-29,Somerset Road,S79,0.0,,,nea_v2_api
2016-12-29,East Coast Parkway,S107,0.0,27.9107,77.1825,nea_v2_api
2016-12-29,Old Choa Chu Kang Road,S121,0.0,27.2278,77.0063,nea_v2_api
2016-12-29,Punggol Central,S81,0.0,,,nea_v2_api
2016-12-29,Tuas Road,S89,0.0,,,nea_v2_api
2016-12-29,Choa Chu Kang Road,S11,0.0,,,nea_v2_api
2016-12-29,Upper Peirce Reservoir Park,S69,0.0,,,nea_v2_api
2016-12-29,Upper Thomson Road,S08,0.0,,,nea_v2_api
2016-12-29,Marine Parade Road,S113,0.0,,,nea_v2_api
2016-12-29,Buangkok Green,S55,0.0,,,nea_v2_api
2016-12-29,Simei Avenue,S84,0.0,,,nea_v2_api
2016-12-29,Banyan Road,S117,0.0,28.5169,66.1589,nea_v2_api
2016-12-29,Old Toh Tuck Road,S35,0.0,,,nea_v2_api
2016-12-29,Mandai Lake Road,S40,0.0,,,nea_v2_api
2016-12-29,Jurong Pier Road,S33,0.0,,,nea_v2_api
2016-12-29,Clementi Road,S50,0.0,27.2547,78.3126,nea_v2_api
2016-12-29,Pulau Ubin,S106,0.0,26.4493,86.2323,nea_v2_api
2016-12-29,Dairy Farm Road,S103,0.0,,,nea_v2_api
2016-12-29,Kranji Way,S66,0.0,,,nea_v2_api
2016-12-29,Choa Chu Kang Avenue 4,S114,0.0,,,nea_v2_api
2016-12-29,International Road,S63,0.0,,,nea_v2_api
2016-12-29,Woodlands Avenue 9,S104,0.0,27.1885,85.1923,nea_v2_api
2016-12-29,Woodlands Road,S100,0.0,27.7429,73.9442,nea_v2_api
2016-12-29,Sembawang Road,S122,0.0,27.4967,75.3579,nea_v2_api
2016-12-29,Handy Road,S118,0.0,,,nea_v2_api
2016-12-29,Upper Changi Road North,S24B,0.0,27.7406,91.1801,nea_v2_api
2016-12-29,Bukit Timah Road,S90,0.0,,,nea_v2_api
2016-12-29,South Buona Vista Road,S92,0.0,,,nea_v2_api
2016-12-29,Upper Changi Road North,S24,0.0,27.5533,60.5122,nea_v2_api
2016-12-29,Yishun Avenue 5,S91,0.0,,,nea_v2_api
2016-12-29,Bukit Panjang Road,S64,0.0,,,nea_v2_api
2016-12-29,Kent Ridge Road,S71,0.0,,,nea_v2_api
2016-12-29,Sime Road,S46,0.0,,,nea_v2_api
2016-12-29,Marina Gardens Drive,S108,0.0,28.0176,73.4486,nea_v2_api
2016-12-29,Holland Road,S120,0.0,,,nea_v2_api
2016-12-30,Kim Chuan Road,S43,2.8,27.4881,76.8367,nea_v2_api
2016-12-30,Pasir Ris Drive 12,S29,1.8,,,nea_v2_api
2016-12-30,Alexandra Road,S77,12.8,,,nea_v2_api
2016-12-30,Upper Serangoon Road,S36,8.4,,,nea_v2_api
2016-12-30,Nanyang Avenue,S44,4.0,26.4944,76.6111,nea_v2_api
2016-12-30,Toa Payoh North,S88,7.0,,,nea_v2_api
2016-12-30,Chai Chee Street,S61,0.0,,,nea_v2_api
2016-12-30,Serangoon North Avenue 4,S110,7.6,,,nea_v2_api
2016-12-30,Towner Road,S123,7.6,,,nea_v2_api
2016-12-30,Lornie Road,S07,13.0,,,nea_v2_api
2016-12-30,Pasir Ris Street 51,S94,2.6,,,nea_v2_api
2016-12-30,Nicoll Highway,S119,7.4,,,nea_v2_api
2016-12-30,Tuas South Avenue 3,S115,8.6,27.261,77.7064,nea_v2_api
2016-12-30,Tanah Merah Coast Road,S96,5.6,27.2153,77.5864,nea_v2_api
2016-12-30,West Coast Highway,S116,11.8,27.6716,80.688,nea_v2_api
2016-12-30,Poole Road,S78,4.2,,,nea_v2_api
2016-12-30,S06,S06,1.0,27.3191,70.0368,nea_v2_api
2016-12-30,Semakau Landfill,S102,31.2,27.4072,79.3434,nea_v2_api
2016-12-30,Lim Chu Kang Road,S112,0.0,,,nea_v2_api
2016-12-30,Corporation Road,S101,0.2,,,nea_v2_api
2016-12-30,Ang Mo Kio Avenue 5,S109,8.4,26.8556,77.5059,nea_v2_api
2016-12-30,Somerset Road,S79,6.2,,,nea_v2_api
2016-12-30,East Coast Parkway,S107,1.4,27.5166,78.9366,nea_v2_api
2016-12-30,Old Choa Chu Kang Road,S121,0.2,27.07,80.0758,nea_v2_api
2016-12-30,Punggol Central,S81,0.4,,,nea_v2_api
2016-12-30,Tuas Road,S89,8.6,,,nea_v2_api
2016-12-30,Choa Chu Kang Road,S11,1.6,,,nea_v2_api
2016-12-30,Upper Peirce Reservoir Park,S69,3.4,,,nea_v2_api
2016-12-30,Upper Thomson Road,S08,5.4,,,nea_v2_api
2016-12-30,Marine Parade Road,S113,0.6,,,nea_v2_api
2016-12-30,Buangkok Green,S55,3.6,,,nea_v2_api
2016-12-30,Simei Avenue,S84,5.0,,,nea_v2_api
2016-12-30,Banyan Road,S117,12.0,27.2838,75.2723,nea_v2_api
2016-12-30,Old Toh Tuck Road,S35,6.8,,,nea_v2_api
2016-12-30,Mandai Lake Road,S40,1.6,,,nea_v2_api
2016-12-30,Jurong Pier Road,S33,1.8,,,nea_v2_api
2016-12-30,Clementi Road,S50,0.0,26.1285,82.3243,nea_v2_api
2016-12-30,Pulau Ubin,S106,0.4,26.1298,89.4625,nea_v2_api
2016-12-30,Kranji Way,S66,0.6,,,nea_v2_api
2016-12-30,Choa Chu Kang Avenue 4,S114,1.8,,,nea_v2_api
2016-12-30,International Road,S63,0.4,,,nea_v2_api
2016-12-30,Woodlands Avenue 9,S104,0.6,26.819,86.6807,nea_v2_api
2016-12-30,Woodlands Road,S100,0.8,27.6942,74.1062,nea_v2_api
2016-12-30,Sembawang Road,S122,1.0,27.138,75.7534,nea_v2_api
2016-12-30,Handy Road,S118,8.2,,,nea_v2_api
2016-12-30,Upper Changi Road North,S24B,0.0,27.1297,86.671,nea_v2_api
2016-12-30,Bukit Timah Road,S90,11.8,,,nea_v2_api
2016-12-30,South Buona Vista Road,S92,3.6,,,nea_v2_api
2016-12-30,Upper Changi Road North,S24,1.4,26.6551,73.0178,nea_v2_api
2016-12-30,Yishun Avenue 5,S91,1.6,,,nea_v2_api
2016-12-30,Bukit Panjang Road,S64,1.2,,,nea_v2_api
2016-12-30,Kent Ridge Road,S71,3.2,,,nea_v2_api
2016-12-30,Sime Road,S46,9.2,,,nea_v2_api
2016-12-30,Marina Gardens Drive,S108,5.2,27.6828,76.2061,nea_v2_api
2016-12-30,Holland Road,S120,16.4,,,nea_v2_api
2016-12-31,Kim Chuan Road,S43,0.0,27.1959,81.1441,nea_v2_api
2016-12-31,Pasir Ris Drive 12,S29,0.0,,,nea_v2_api
2016-12-31,Alexandra Road,S77,0.0,,,nea_v2_api
2016-12-31,Seletar Aerospace View,S900,0.0,,,nea_v2_api
2016-12-31,Upper Serangoon Road,S36,0.0,,,nea_v2_api
2016-12-31,Nanyang Avenue,S44,0.0,26.1902,74.9331,nea_v2_api
2016-12-31,Toa Payoh North,S88,0.0,,,nea_v2_api
2016-12-31,Chai Chee Street,S61,0.0,,,nea_v2_api
2016-12-31,Serangoon North Avenue 4,S110,0.0,,,nea_v2_api
2016-12-31,Towner Road,S123,0.0,,,nea_v2_api
2016-12-31,Lornie Road,S07,0.0,,,nea_v2_api
2016-12-31,Pasir Ris Street 51,S94,0.0,,,nea_v2_api
2016-12-31,Nicoll Highway,S119,0.0,,,nea_v2_api
2016-12-31,Tuas South Avenue 3,S115,0.0,27.0215,78.8206,nea_v2_api
2016-12-31,Tanah Merah Coast Road,S96,0.0,26.9391,80.9509,nea_v2_api
2016-12-31,West Coast Highway,S116,0.0,27.2568,86.1691,nea_v2_api
2016-12-31,Poole Road,S78,0.0,,,nea_v2_api
2016-12-31,S06,S06,0.2,27.0144,73.3382,nea_v2_api
2016-12-31,Semakau Landfill,S102,0.0,27.4285,80.7912,nea_v2_api
2016-12-31,Lim Chu Kang Road,S112,0.0,,,nea_v2_api
2016-12-31,Corporation Road,S101,0.0,,,nea_v2_api
2016-12-31,Ang Mo Kio Avenue 5,S109,0.0,26.5798,81.7157,nea_v2_api
2016-12-31,Somerset Road,S79,0.0,,,nea_v2_api
2016-12-31,East Coast Parkway,S107,0.0,27.2472,82.9562,nea_v2_api
2016-12-31,Old Choa Chu Kang Road,S121,0.0,26.6275,84.2071,nea_v2_api
2016-12-31,Punggol Central,S81,0.2,,,nea_v2_api
2016-12-31,Tuas Road,S89,0.0,,,nea_v2_api
2016-12-31,Choa Chu Kang Road,S11,0.0,,,nea_v2_api
2016-12-31,Upper Peirce Reservoir Park,S69,0.0,,,nea_v2_api
2016-12-31,Upper Thomson Road,S08,0.0,,,nea_v2_api
2016-12-31,Marine Parade Road,S113,0.0,,,nea_v2_api
2016-12-31,Buangkok Green,S55,0.0,,,nea_v2_api
2016-12-31,Simei Avenue,S84,0.0,,,nea_v2_api
2016-12-31,Banyan Road,S117,0.0,27.3129,75.6537,nea_v2_api
2016-12-31,Old Toh Tuck Road,S35,0.0,,,nea_v2_api
2016-12-31,Mandai Lake Road,S40,0.0,,,nea_v2_api
2016-12-31,Jurong Pier Road,S33,0.0,,,nea_v2_api
2016-12-31,Clementi Road,S50,0.0,,,nea_v2_api
2016-12-31,Pulau Ubin,S106,0.0,26.2871,91.4766,nea_v2_api
2016-12-31,Kranji Way,S66,0.0,,,nea_v2_api
2016-12-31,Choa Chu Kang Avenue 4,S114,0.0,,,nea_v2_api
2016-12-31,International Road,S63,0.0,,,nea_v2_api
2016-12-31,Woodlands Avenue 9,S104,0.0,26.471,91.7353,nea_v2_api
2016-12-31,Woodlands Road,S100,0.0,27.1974,78.2672,nea_v2_api
2016-12-31,Sembawang Road,S122,0.0,26.8152,78.9756,nea_v2_api
2016-12-31,Handy Road,S118,0.0,,,nea_v2_api
2016-12-31,Upper Changi Road North,S24B,0.0,27.0163,,nea_v2_api
2016-12-31,Bukit Timah Road,S90,0.0,,,nea_v2_api
2016-12-31,South Buona Vista Road,S92,0.0,,,nea_v2_api
2016-12-31,Upper Changi Road North,S24,0.0,26.6071,85.8399,nea_v2_api
2016-12-31,Yishun Avenue 5,S91,0.0,,,nea_v2_api
2016-12-31,Bukit Panjang Road,S64,0.0,,,nea_v2_api
2016-12-31,Kent Ridge Road,S71,0.0,,,nea_v2_api
2016-12-31,Sime Road,S46,0.0,,,nea_v2_api
2016-12-31,Marina Gardens Drive,S108,0.0,27.2833,80.6359,nea_v2_api
2016-12-31,Holland Road,S120,0.0,,,nea_v2_api
2017-01-01,Kim Chuan Road,S43,6.4,27.7618,82.8695,nea_v2_api
2017-01-01,Pasir Ris Drive 12,S29,0.0,,,nea_v2_api
2017-01-01,Alexandra Road,S77,43.2,,,nea_v2_api
2017-01-01,Seletar Aerospace View,S900,0.8,,,nea_v2_api
2017-01-01,Upper Serangoon Road,S36,20.4,,,nea_v2_api
2017-01-01,Nanyang Avenue,S44,20.6,25.8045,80.5369,nea_v2_api
2017-01-01,Toa Payoh North,S88,22.8,,,nea_v2_api
2017-01-01,Chai Chee Street,S61,0.2,,,nea_v2_api
2017-01-01,Serangoon North Avenue 4,S110,10.0,,,nea_v2_api
2017-01-01,Towner Road,S123,30.2,,,nea_v2_api
2017-01-01,Lornie Road,S07,14.4,,,nea_v2_api
2017-01-01,Pasir Ris Street 51,S94,0.0,,,nea_v2_api
2017-01-01,Nicoll Highway,S119,16.4,,,nea_v2_api
2017-01-01,Tuas South Avenue 3,S115,8.2,26.8595,84.6014,nea_v2_api
2017-01-01,Tanah Merah Coast Road,S96,0.2,27.7081,81.2174,nea_v2_api
2017-01-01,West Coast Highway,S116,34.0,27.1842,91.6516,nea_v2_api
2017-01-01,Poole Road,S78,6.2,,,nea_v2_api
2017-01-01,S06,S06,3.2,27.7944,74.3834,nea_v2_api
2017-01-01,Semakau Landfill,S102,65.4,26.9657,87.6605,nea_v2_api
2017-01-01,Lim Chu Kang Road,S112,2.0,,,nea_v2_api
2017-01-01,Corporation Road,S101,8.0,,,nea_v2_api
2017-01-01,Ang Mo Kio Avenue 5,S109,4.0,26.9399,85.3739,nea_v2_api
2017-01-01,Somerset Road,S79,44.4,,,nea_v2_api
2017-01-01,East Coast Parkway,S107,1.2,27.8137,84.3171,nea_v2_api
2017-01-01,Old Choa Chu Kang Road,S121,13.0,26.4107,77.6373,nea_v2_api
2017-01-01,Punggol Central,S81,0.4,,,nea_v2_api
2017-01-01,Tuas Road,S89,20.8,,,nea_v2_api
2017-01-01,Choa Chu Kang Road,S11,2.2,,,nea_v2_api
2017-01-01,Upper Peirce Reservoir Park,S69,3.6,,,nea_v2_api
2017-01-01,Upper Thomson Road,S08,3.0,,,nea_v2_api
2017-01-01,Marine Parade Road,S113,8.4,,,nea_v2_api
2017-01-01,Buangkok Green,S55,6.8,,,nea_v2_api
2017-01-01,Simei Avenue,S84,2.0,,,nea_v2_api
2017-01-01,Banyan Road,S117,71.8,26.8923,84.8015,nea_v2_api
2017-01-01,Old Toh Tuck Road,S35,15.8,,,nea_v2_api
2017-01-01,Mandai Lake Road,S40,2.4,,,nea_v2_api
2017-01-01,Jurong Pier Road,S33,49.6,,,nea_v2_api
2017-01-01,Clementi Road,S50,6.6,,,nea_v2_api
2017-01-01,Pulau Ubin,S106,0.0,26.8848,90.4573,nea_v2_api
2017-01-01,Kranji Way,S66,8.2,,,nea_v2_api
2017-01-01,Choa Chu Kang Avenue 4,S114,6.2,,,nea_v2_api
2017-01-01,International Road,S63,14.6,,,nea_v2_api
2017-01-01,Woodlands Avenue 9,S104,3.0,26.7915,91.686,nea_v2_api
2017-01-01,Woodlands Road,S100,4.6,27.1598,84.0038,nea_v2_api
2017-01-01,Sembawang Road,S122,0.4,27.4212,80.2679,nea_v2_api
2017-01-01,Handy Road,S118,37.2,,,nea_v2_api
2017-01-01,Upper Changi Road North,S24B,0.0,27.7151,93.8368,nea_v2_api
2017-01-01,Bukit Timah Road,S90,22.8,,,nea_v2_api
2017-01-01,South Buona Vista Road,S92,57.8,,,nea_v2_api
2017-01-01,Upper Changi Road North,S24,0.8,27.3554,86.062,nea_v2_api
2017-01-01,Yishun Avenue 5,S91,0.4,,,nea_v2_api
2017-01-01,Bukit Panjang Road,S64,3.8,,,nea_v2_api
2017-01-01,Kent Ridge Road,S71,31.8,,,nea_v2_api
2017-01-01,Sime Road,S46,11.4,,,nea_v2_api
2017-01-01,Marina Gardens Drive,S108,11.8,27.5452,85.2914,nea_v2_api
2017-01-01,Holland Road,S120,35.8,,,nea_v2_api
2017-01-02,Kim Chuan Road,S43,4.2,27.0162,87.5763,nea_v2_api
2017-01-02,Pasir Ris Drive 12,S29,9.6,,,nea_v2_api
2017-01-02,Alexandra Road,S77,3.8,,,nea_v2_api
2017-01-02,Seletar Aerospace View,S900,41.6,,,nea_v2_api
2017-01-02,Upper Serangoon Road,S36,6.4,,,nea_v2_api
2017-01-02,Nanyang Avenue,S44,3.2,25.4584,80.4383,nea_v2_api
2017-01-02,Toa Payoh North,S88,5.4,,,nea_v2_api
2017-01-02,Chai Chee Street,S61,12.0,,,nea_v2_api
2017-01-02,Serangoon North Avenue 4,S110,14.4,,,nea_v2_api
2017-01-02,Towner Road,S123,11.4,,,nea_v2_api
2017-01-02,Lornie Road,S07,29.2,,,nea_v2_api
2017-01-02,Pasir Ris Street 51,S94,1.8,,,nea_v2_api
2017-01-02,Nicoll Highway,S119,0.6,,,nea_v2_api
2017-01-02,Tuas South Avenue 3,S115,22.4,26.3823,88.0539,nea_v2_api
2017-01-02,Tanah Merah Coast Road,S96,1.2,27.1591,82.9877,nea_v2_api
2017-01-02,West Coast Highway,S116,0.8,26.7156,95.5041,nea_v2_api
2017-01-02,Poole Road,S78,0.4,,,nea_v2_api
2017-01-02,S06,S06,15.0,26.5149,82.4243,nea_v2_api
2017-01-02,Semakau Landfill,S102,1.0,26.9355,89.0543,nea_v2_api
2017-01-02,Lim Chu Kang Road,S112,23.4,,,nea_v2_api
2017-01-02,Corporation Road,S101,2.6,,,nea_v2_api
2017-01-02,Ang Mo Kio Avenue 5,S109,25.0,26.1552,89.0353,nea_v2_api
2017-01-02,Somerset Road,S79,1.4,,,nea_v2_api
2017-01-02,East Coast Parkway,S107,0.0,27.2483,86.8006,nea_v2_api
2017-01-02,Old Choa Chu Kang Road,S121,20.4,25.9124,86.8172,nea_v2_api
2017-01-02,Punggol Central,S81,13.8,,,nea_v2_api
2017-01-02,Tuas Road,S89,13.2,,,nea_v2_api
2017-01-02,Choa Chu Kang Road,S11,1.8,,,nea_v2_api
2017-01-02,Upper Peirce Reservoir Park,S69,46.2,,,nea_v2_api
2017-01-02,Upper Thomson Road,S08,5.2,,,nea_v2_api
2017-01-02,Marine Parade Road,S113,1.6,,,nea_v2_api
2017-01-02,Buangkok Green,S55,13.4,,,nea_v2_api
2017-01-02,Simei Avenue,S84,0.0,,,nea_v2_api
2017-01-02,Banyan Road,S117,18.6,26.2038,89.4297,nea_v2_api
2017-01-02,Old Toh Tuck Road,S35,9.8,,,nea_v2_api
2017-01-02,Mandai Lake Road,S40,63.2,,,nea_v2_api
2017-01-02,Jurong Pier Road,S33,3.2,,,nea_v2_api
2017-01-02,Clementi Road,S50,1.8,,,nea_v2_api
2017-01-02,Pulau Ubin,S106,0.4,26.0936,94.3222,nea_v2_api
2017-01-02,Kranji Way,S66,7.2,,,nea_v2_api
2017-01-02,Choa Chu Kang Avenue 4,S114,25.8,,,nea_v2_api
2017-01-02,International Road,S63,2.0,,,nea_v2_api
2017-01-02,Woodlands Avenue 9,S104,47.2,26.2079,94.7926,nea_v2_api
2017-01-02,Woodlands Road,S100,11.6,26.5105,90.4582,nea_v2_api
2017-01-02,Sembawang Road,S122,26.8,26.551,75.7538,nea_v2_api
2017-01-02,Upper Changi Road North,S24B,0.0,27.0011,,nea_v2_api
2017-01-02,Handy Road,S118,0.8,,,nea_v2_api
2017-01-02,Bukit Timah Road,S90,12.6,,,nea_v2_api
2017-01-02,South Buona Vista Road,S92,1.2,,,nea_v2_api
2017-01-02,Upper Changi Road North,S24,0.0,26.5857,89.4782,nea_v2_api
2017-01-02,Yishun Avenue 5,S91,49.6,,,nea_v2_api
2017-01-02,Bukit Panjang Road,S64,24.0,,,nea_v2_api
2017-01-02,Kent Ridge Road,S71,0.6,,,nea_v2_api
2017-01-02,Sime Road,S46,6.8,,,nea_v2_api
2017-01-02,Marina Gardens Drive,S108,0.2,27.1408,87.4819,nea_v2_api
2017-01-02,Holland Road,S120,2.4,,,nea_v2_api
2017-01-03,Kim Chuan Road,S43,0.8,27.0301,85.4354,nea_v2_api
2017-01-03,Pasir Ris Drive 12,S29,0.4,,,nea_v2_api
2017-01-03,Alexandra Road,S77,13.0,,,nea_v2_api
2017-01-03,Seletar Aerospace View,S900,1.4,,,nea_v2_api
2017-01-03,Upper Serangoon Road,S36,1.6,,,nea_v2_api
2017-01-03,Nanyang Avenue,S44,0.2,26.2235,78.3933,nea_v2_api
2017-01-03,Toa Payoh North,S88,1.0,,,nea_v2_api
2017-01-03,Chai Chee Street,S61,2.4,,,nea_v2_api
2017-01-03,Serangoon North Avenue 4,S110,0.2,,,nea_v2_api
2017-01-03,Towner Road,S123,4.2,,,nea_v2_api
2017-01-03,Lornie Road,S07,0.2,,,nea_v2_api
2017-01-03,Pasir Ris Street 51,S94,0.4,,,nea_v2_api
2017-01-03,Nicoll Highway,S119,15.6,,,nea_v2_api
2017-01-03,Tuas South Avenue 3,S115,0.6,27.1911,82.9511,nea_v2_api
2017-01-03,Tanah Merah Coast Road,S96,0.0,27.0481,83.2488,nea_v2_api
2017-01-03,West Coast Highway,S116,0.4,27.3116,89.9778,nea_v2_api
2017-01-03,Poole Road,S78,8.0,,,nea_v2_api
2017-01-03,S06,S06,0.2,26.7609,79.0403,nea_v2_api
2017-01-03,Semakau Landfill,S102,0.0,27.6361,85.2211,nea_v2_api
2017-01-03,Lim Chu Kang Road,S112,0.2,,,nea_v2_api
2017-01-03,Corporation Road,S101,0.0,,,nea_v2_api
2017-01-03,Ang Mo Kio Avenue 5,S109,0.2,26.2255,89.2121,nea_v2_api
2017-01-03,Somerset Road,S79,14.4,,,nea_v2_api
2017-01-03,East Coast Parkway,S107,3.8,26.9795,87.6336,nea_v2_api
2017-01-03,Old Choa Chu Kang Road,S121,0.0,26.5375,84.7303,nea_v2_api
2017-01-03,Punggol Central,S81,0.0,,,nea_v2_api
2017-01-03,Tuas Road,S89,0.0,,,nea_v2_api
2017-01-03,Choa Chu Kang Road,S11,2.4,,,nea_v2_api
2017-01-03,Upper Peirce Reservoir Park,S69,0.2,,,nea_v2_api
2017-01-03,Upper Thomson Road,S08,0.4,,,nea_v2_api
2017-01-03,Marine Parade Road,S113,6.0,,,nea_v2_api
2017-01-03,Buangkok Green,S55,0.4,,,nea_v2_api
2017-01-03,Simei Avenue,S84,2.2,,,nea_v2_api
2017-01-03,Banyan Road,S117,0.2,27.4434,80.9571,nea_v2_api
2017-01-03,Old Toh Tuck Road,S35,0.0,,,nea_v2_api
2017-01-03,Mandai Lake Road,S40,0.2,,,nea_v2_api
2017-01-03,Jurong Pier Road,S33,0.0,,,nea_v2_api
2017-01-03,Clementi Road,S50,0.0,,,nea_v2_api
2017-01-03,Pulau Ubin,S106,2.2,25.9011,94.0997,nea_v2_api
2017-01-03,Kranji Way,S66,0.0,,,nea_v2_api
2017-01-03,Choa Chu Kang Avenue 4,S114,0.0,,,nea_v2_api
2017-01-03,International Road,S63,0.2,,,nea_v2_api
2017-01-03,Woodlands Avenue 9,S104,0.6,26.2651,92.1715,nea_v2_api
2017-01-03,Woodlands Road,S100,0.2,26.9201,85.0605,nea_v2_api
2017-01-03,Sembawang Road,S122,0.0,26.4388,81.7074,nea_v2_api
2017-01-03,Handy Road,S118,4.4,,,nea_v2_api
2017-01-03,Upper Changi Road North,S24B,0.0,26.8662,,nea_v2_api
2017-01-03,Bukit Timah Road,S90,2.4,,,nea_v2_api
2017-01-03,South Buona Vista Road,S92,9.6,,,nea_v2_api
2017-01-03,Upper Changi Road North,S24,0.6,26.4279,88.8798,nea_v2_api
2017-01-03,Yishun Avenue 5,S91,2.4,,,nea_v2_api
2017-01-03,Bukit Panjang Road,S64,0.4,,,nea_v2_api
2017-01-03,Kent Ridge Road,S71,2.0,,,nea_v2_api
2017-01-03,Sime Road,S46,0.0,,,nea_v2_api
2017-01-03,Marina Gardens Drive,S108,17.6,27.0451,86.6985,nea_v2_api
2017-01-03,Holland Road,S120,5.6,,,nea_v2_api
2017-01-04,Kim Chuan Road,S43,2.8,27.346,79.5267,nea_v2_api
2017-01-04,Pasir Ris Drive 12,S29,3.8,,,nea_v2_api
2017-01-04,Alexandra Road,S77,0.8,,,nea_v2_api
2017-01-04,Seletar Aerospace View,S900,2.0,,,nea_v2_api
2017-01-04,Upper Serangoon Road,S36,1.2,,,nea_v2_api
2017-01-04,Nanyang Avenue,S44,2.2,26.5061,71.6574,nea_v2_api
2017-01-04,Toa Payoh North,S88,0.8,,,nea_v2_api
2017-01-04,Chai Chee Street,S61,5.0,,,nea_v2_api
2017-01-04,Serangoon North Avenue 4,S110,1.6,,,nea_v2_api
2017-01-04,Towner Road,S123,1.2,,,nea_v2_api
2017-01-04,Lornie Road,S07,0.8,,,nea_v2_api
2017-01-04,Pasir Ris Street 51,S94,2.8,,,nea_v2_api
2017-01-04,Nicoll Highway,S119,2.0,,,nea_v2_api
2017-01-04,Tuas South Avenue 3,S115,11.6,27.3777,77.8547,nea_v2_api
2017-01-04,Tanah Merah Coast Road,S96,2.0,27.0119,80.21,nea_v2_api
2017-01-04,West Coast Highway,S116,1.8,27.5454,83.5292,nea_v2_api
2017-01-04,Poole Road,S78,1.0,,,nea_v2_api
2017-01-04,S06,S06,3.6,27.1752,73.1562,nea_v2_api
2017-01-04,Semakau Landfill,S102,10.2,27.6178,79.2271,nea_v2_api
2017-01-04,Lim Chu Kang Road,S112,0.6,,,nea_v2_api
2017-01-04,Corporation Road,S101,1.6,,,nea_v2_api
2017-01-04,Ang Mo Kio Avenue 5,S109,1.4,26.8521,80.1723,nea_v2_api
2017-01-04,Somerset Road,S79,1.2,,,nea_v2_api
2017-01-04,East Coast Parkway,S107,3.4,27.2792,82.9292,nea_v2_api
2017-01-04,Old Choa Chu Kang Road,S121,3.2,26.8273,77.3153,nea_v2_api
2017-01-04,Punggol Central,S81,4.0,,,nea_v2_api
2017-01-04,Tuas Road,S89,0.8,,,nea_v2_api
2017-01-04,Choa Chu Kang Road,S11,0.4,,,nea_v2_api
2017-01-04,Upper Peirce Reservoir Park,S69,0.4,,,nea_v2_api
2017-01-04,Upper Thomson Road,S08,0.8,,,nea_v2_api
2017-01-04,Marine Parade Road,S113,0.6,,,nea_v2_api
2017-01-04,Buangkok Green,S55,2.6,,,nea_v2_api
2017-01-04,Simei Avenue,S84,2.8,,,nea_v2_api
2017-01-04,Banyan Road,S117,10.6,27.6473,73.9061,nea_v2_api
2017-01-04,Old Toh Tuck Road,S35,1.0,,,nea_v2_api
2017-01-04,Mandai Lake Road,S40,0.8,,,nea_v2_api
2017-01-04,Jurong Pier Road,S33,4.0,,,nea_v2_api
2017-01-04,Clementi Road,S50,2.0,,,nea_v2_api
2017-01-04,Pulau Ubin,S106,3.0,26.3798,89.553,nea_v2_api
2017-01-04,Kranji Way,S66,0.6,,,nea_v2_api
2017-01-04,Choa Chu Kang Avenue 4,S114,2.4,,,nea_v2_api
2017-01-04,International Road,S63,2.0,,,nea_v2_api
2017-01-04,Woodlands Avenue 9,S104,2.6,26.6036,85.7995,nea_v2_api
2017-01-04,Woodlands Road,S100,0.4,27.512,76.4815,nea_v2_api
2017-01-04,Sembawang Road,S122,3.6,26.9902,70.928,nea_v2_api
2017-01-04,Handy Road,S118,2.0,,,nea_v2_api
2017-01-04,Upper Changi Road North,S24B,0.0,27.0265,99.3182,nea_v2_api
2017-01-04,Bukit Timah Road,S90,2.2,,,nea_v2_api
2017-01-04,South Buona Vista Road,S92,1.2,,,nea_v2_api
2017-01-04,Upper Changi Road North,S24,2.8,26.641,85.6174,nea_v2_api
2017-01-04,Yishun Avenue 5,S91,2.8,,,nea_v2_api
2017-01-04,Bukit Panjang Road,S64,0.4,,,nea_v2_api
2017-01-04,Kent Ridge Road,S71,1.2,,,nea_v2_api
2017-01-04,Sime Road,S46,1.4,,,nea_v2_api
2017-01-04,Marina Gardens Drive,S108,1.8,27.616,78.4846,nea_v2_api
2017-01-04,Holland Road,S120,2.6,,,nea_v2_api
2017-01-05,Kim Chuan Road,S43,1.0,28.4478,71.6685,nea_v2_api
2017-01-05,Pasir Ris Drive 12,S29,0.6,,,nea_v2_api
2017-01-05,Alexandra Road,S77,2.0,,,nea_v2_api
2017-01-05,Seletar Aerospace View,S900,0.8,,,nea_v2_api
2017-01-05,Upper Serangoon Road,S36,1.2,,,nea_v2_api
2017-01-05,Nanyang Avenue,S44,2.0,27.0395,66.6937,nea_v2_api
2017-01-05,Toa Payoh North,S88,1.2,,,nea_v2_api
2017-01-05,Chai Chee Street,S61,1.4,,,nea_v2_api
2017-01-05,Serangoon North Avenue 4,S110,1.0,,,nea_v2_api
2017-01-05,Towner Road,S123,1.2,,,nea_v2_api
2017-01-05,Lornie Road,S07,1.4,,,nea_v2_api
2017-01-05,Pasir Ris Street 51,S94,0.6,,,nea_v2_api
2017-01-05,Nicoll Highway,S119,1.8,,,nea_v2_api
2017-01-05,Tuas South Avenue 3,S115,8.0,27.8632,73.2136,nea_v2_api
2017-01-05,Tanah Merah Coast Road,S96,1.0,28.28,74.0669,nea_v2_api
2017-01-05,West Coast Highway,S116,3.2,28.2378,76.1491,nea_v2_api
2017-01-05,Pioneer Sector 2,S97,0.0,,80.7333,nea_v2_api
2017-01-05,Poole Road,S78,1.4,,,nea_v2_api
2017-01-05,S06,S06,1.0,28.474,65.1811,nea_v2_api
2017-01-05,Semakau Landfill,S102,6.6,27.8262,76.7949,nea_v2_api
2017-01-05,Lim Chu Kang Road,S112,1.2,,,nea_v2_api
2017-01-05,Corporation Road,S101,1.8,,,nea_v2_api
2017-01-05,Ang Mo Kio Avenue 5,S109,0.8,27.8513,71.9365,nea_v2_api
2017-01-05,Somerset Road,S79,1.6,,,nea_v2_api
2017-01-05,East Coast Parkway,S107,1.4,28.4787,74.7397,nea_v2_api
2017-01-05,Old Choa Chu Kang Road,S121,1.4,27.5887,70.6658,nea_v2_api
2017-01-05,Punggol Central,S81,0.4,,,nea_v2_api
2017-01-05,Tuas Road,S89,1.6,,,nea_v2_api
2017-01-05,Choa Chu Kang Road,S11,1.8,,,nea_v2_api
2017-01-05,Upper Peirce Reservoir Park,S69,1.6,,,nea_v2_api
2017-01-05,Upper Thomson Road,S08,1.4,,,nea_v2_api
2017-01-05,Marine Parade Road,S113,1.6,,,nea_v2_api
2017-01-05,Buangkok Green,S55,0.6,,,nea_v2_api
2017-01-05,Simei Avenue,S84,1.0,,,nea_v2_api
2017-01-05,Banyan Road,S117,5.8,28.249,68.1656,nea_v2_api
2017-01-05,Old Toh Tuck Road,S35,2.4,,,nea_v2_api
2017-01-05,Mandai Lake Road,S40,1.4,,,nea_v2_api
2017-01-05,Jurong Pier Road,S33,4.0,,,nea_v2_api
2017-01-05,Clementi Road,S50,2.4,,,nea_v2_api
2017-01-05,Pulau Ubin,S106,0.4,27.0171,82.5345,nea_v2_api
2017-01-05,Kranji Way,S66,1.4,,,nea_v2_api
2017-01-05,Choa Chu Kang Avenue 4,S114,1.2,,,nea_v2_api
2017-01-05,International Road,S63,2.4,,,nea_v2_api
2017-01-05,Woodlands Avenue 9,S104,1.2,27.6615,78.3869,nea_v2_api
2017-01-05,Woodlands Road,S100,1.4,28.2175,70.8452,nea_v2_api
2017-01-05,Sembawang Road,S122,1.4,27.7403,65.5423,nea_v2_api
2017-01-05,Handy Road,S118,1.8,,,nea_v2_api
2017-01-05,Upper Changi Road North,S24B,0.0,28.4537,77.907,nea_v2_api
2017-01-05,Bukit Timah Road,S90,1.6,,,nea_v2_api
2017-01-05,South Buona Vista Road,S92,2.8,,,nea_v2_api
2017-01-05,Upper Changi Road North,S24,0.6,27.9598,77.3712,nea_v2_api
2017-01-05,Yishun Avenue 5,S91,1.8,,,nea_v2_api
2017-01-05,Bukit Panjang Road,S64,1.6,,,nea_v2_api
2017-01-05,Kent Ridge Road,S71,2.4,,,nea_v2_api
2017-01-05,Sime Road,S46,1.8,,,nea_v2_api
2017-01-05,Marina Gardens Drive,S108,2.8,28.6426,70.491,nea_v2_api
2017-01-05,Holland Road,S120,2.0,,,nea_v2_api
2017-01-06,Sentosa,S60,0.0,29.7106,61.1145,nea_v2_api
2017-01-06,Kim Chuan Road,S43,0.0,29.0068,76.1467,nea_v2_api
2017-01-06,Pasir Ris Drive 12,S29,5.6,,,nea_v2_api
2017-01-06,Alexandra Road,S77,0.0,,,nea_v2_api
2017-01-06,Seletar Aerospace View,S900,0.0,,,nea_v2_api
2017-01-06,Upper Serangoon Road,S36,0.0,,,nea_v2_api
2017-01-06,Nanyang Avenue,S44,0.0,28.3247,64.6917,nea_v2_api
2017-01-06,Toa Payoh North,S88,0.0,,,nea_v2_api
2017-01-06,Chai Chee Street,S61,0.0,,,nea_v2_api
2017-01-06,Serangoon North Avenue 4,S110,0.0,,,nea_v2_api
2017-01-06,Towner Road,S123,0.0,,,nea_v2_api
2017-01-06,Lornie Road,S07,0.0,,,nea_v2_api
2017-01-06,Pasir Ris Street 51,S94,0.8,,,nea_v2_api
2017-01-06,Nicoll Highway,S119,0.0,,,nea_v2_api
2017-01-06,Tuas South Avenue 3,S115,0.0,28.74,76.2233,nea_v2_api
2017-01-06,Tanah Merah Coast Road,S96,0.0,28.406,80.1833,nea_v2_api
2017-01-06,West Coast Highway,S116,0.0,29.0165,81.2872,nea_v2_api
2017-01-06,Poole Road,S78,0.0,,,nea_v2_api
2017-01-06,S06,S06,0.0,28.8026,69.2863,nea_v2_api
2017-01-06,Semakau Landfill,S102,0.0,28.3203,81.6683,nea_v2_api
2017-01-06,Lim Chu Kang Road,S112,0.0,,,nea_v2_api
2017-01-06,Corporation Road,S101,0.0,,,nea_v2_api
2017-01-06,Ang Mo Kio Avenue 5,S109,0.0,28.6626,75.7218,nea_v2_api
2017-01-06,Somerset Road,S79,0.0,,,nea_v2_api
2017-01-06,East Coast Parkway,S107,0.0,28.4115,83.3939,nea_v2_api
2017-01-06,Old Choa Chu Kang Road,S121,0.0,28.8159,68.7228,nea_v2_api
2017-01-06,Punggol Central,S81,0.0,,,nea_v2_api
2017-01-06,Tuas Road,S89,0.0,,,nea_v2_api
2017-01-06,Choa Chu Kang Road,S11,0.0,,,nea_v2_api
2017-01-06,Upper Peirce Reservoir Park,S69,0.0,,,nea_v2_api
2017-01-06,Upper Thomson Road,S08,0.0,,,nea_v2_api
2017-01-06,Marine Parade Road,S113,0.0,,,nea_v2_api
2017-01-06,Buangkok Green,S55,0.0,,,nea_v2_api
2017-01-06,Simei Avenue,S84,0.0,,,nea_v2_api
2017-01-06,Banyan Road,S117,0.2,28.875,73.6783,nea_v2_api
2017-01-06,Old Toh Tuck Road,S35,0.0,,,nea_v2_api
2017-01-06,Mandai Lake Road,S40,0.0,,,nea_v2_api
2017-01-06,Jurong Pier Road,S33,0.0,,,nea_v2_api
2017-01-06,Clementi Road,S50,0.0,,,nea_v2_api
2017-01-06,Pulau Ubin,S106,0.6,27.232,84.8421,nea_v2_api
2017-01-06,Kranji Way,S66,0.0,,,nea_v2_api
2017-01-06,Choa Chu Kang Avenue 4,S114,0.0,,,nea_v2_api
2017-01-06,International Road,S63,0.0,,,nea_v2_api
2017-01-06,Woodlands Avenue 9,S104,0.0,28.6194,72.7147,nea_v2_api
2017-01-06,Woodlands Road,S100,0.0,29.3394,73.3674,nea_v2_api
2017-01-06,Sembawang Road,S122,0.0,28.704,68.4212,nea_v2_api
2017-01-06,Handy Road,S118,0.0,,,nea_v2_api
2017-01-06,Upper Changi Road North,S24B,0.0,28.6917,98.1792,nea_v2_api
2017-01-06,Bukit Timah Road,S90,0.0,,,nea_v2_api
2017-01-06,South Buona Vista Road,S92,0.0,,,nea_v2_api
2017-01-06,Upper Changi Road North,S24,0.0,28.3466,81.6623,nea_v2_api
2017-01-06,Yishun Avenue 5,S91,0.0,,,nea_v2_api
2017-01-06,Bukit Panjang Road,S64,0.0,,,nea_v2_api
2017-01-06,Kent Ridge Road,S71,0.0,,,nea_v2_api
2017-01-06,Sime Road,S46,0.0,,,nea_v2_api
2017-01-06,Marina Gardens Drive,S108,0.0,29.2224,76.3953,nea_v2_api
2017-01-06,Holland Road,S120,0.0,,,nea_v2_api
2017-01-07,Sentosa,S60,0.0,29.4019,70.3927,nea_v2_api
2017-01-07,Kim Chuan Road,S43,0.0,29.9618,71.7962,nea_v2_api
2017-01-07,Pasir Ris Drive 12,S29,0.0,,,nea_v2_api
2017-01-07,Alexandra Road,S77,0.0,,,nea_v2_api
2017-01-07,Seletar Aerospace View,S900,0.0,,,nea_v2_api
2017-01-07,Upper Serangoon Road,S36,0.0,,,nea_v2_api
2017-01-07,Nanyang Avenue,S44,0.0,29.2503,60.2485,nea_v2_api
2017-01-07,Toa Payoh North,S88,0.0,,,nea_v2_api
2017-01-07,Chai Chee Street,S61,0.0,,,nea_v2_api
2017-01-07,Serangoon North Avenue 4,S110,0.0,,,nea_v2_api
2017-01-07,Towner Road,S123,0.0,,,nea_v2_api
2017-01-07,Lornie Road,S07,0.0,,,nea_v2_api
2017-01-07,Pasir Ris Street 51,S94,0.0,,,nea_v2_api
2017-01-07,Nicoll Highway,S119,0.0,,,nea_v2_api
2017-01-07,Tuas South Avenue 3,S115,0.0,29.6073,72.0266,nea_v2_api
2017-01-07,Tanah Merah Coast Road,S96,0.0,29.0063,76.9969,nea_v2_api
2017-01-07,West Coast Highway,S116,0.0,29.9754,73.5987,nea_v2_api
2017-01-07,Poole Road,S78,0.0,,,nea_v2_api
2017-01-07,S06,S06,0.0,29.5537,66.1911,nea_v2_api
2017-01-07,Semakau Landfill,S102,0.0,29.1951,78.9234,nea_v2_api
2017-01-07,Lim Chu Kang Road,S112,0.0,,,nea_v2_api
2017-01-07,Corporation Road,S101,0.0,,,nea_v2_api
2017-01-07,Ang Mo Kio Avenue 5,S109,0.0,29.8058,68.6554,nea_v2_api
2017-01-07,Somerset Road,S79,0.0,,,nea_v2_api
2017-01-07,East Coast Parkway,S107,0.0,28.7815,82.7712,nea_v2_api
2017-01-07,Old Choa Chu Kang Road,S121,0.0,29.8221,59.7196,nea_v2_api
2017-01-07,Punggol Central,S81,0.0,,,nea_v2_api
2017-01-07,Tuas Road,S89,0.0,,,nea_v2_api
2017-01-07,Choa Chu Kang Road,S11,0.0,,,nea_v2_api
2017-01-07,Upper Peirce Reservoir Park,S69,0.0,,,nea_v2_api
2017-01-07,Upper Thomson Road,S08,0.0,,,nea_v2_api
2017-01-07,Marine Parade Road,S113,0.0,,,nea_v2_api
2017-01-07,Buangkok Green,S55,0.0,,,nea_v2_api
2017-01-07,Simei Avenue,S84,0.0,,,nea_v2_api
2017-01-07,Banyan Road,S117,0.0,29.7974,69.0669,nea_v2_api
2017-01-07,Old Toh Tuck Road,S35,0.0,,,nea_v2_api
2017-01-07,Mandai Lake Road,S40,0.0,,,nea_v2_api
2017-01-07,Jurong Pier Road,S33,0.0,,,nea_v2_api
2017-01-07,Clementi Road,S50,0.0,,,nea_v2_api
2017-01-07,Pulau Ubin,S106,0.0,28.0983,78.181,nea_v2_api
2017-01-07,Kranji Way,S66,0.0,,,nea_v2_api
2017-01-07,Choa Chu Kang Avenue 4,S114,0.0,,,nea_v2_api
2017-01-07,International Road,S63,0.0,,,nea_v2_api
2017-01-07,Woodlands Avenue 9,S104,0.0,29.6331,70.6517,nea_v2_api
2017-01-07,Woodlands Road,S100,0.0,30.2245,67.8709,nea_v2_api
2017-01-07,Sembawang Road,S122,0.0,29.7795,61.9954,nea_v2_api
2017-01-07,Handy Road,S118,0.0,,,nea_v2_api
2017-01-07,Upper Changi Road North,S24B,0.0,29.3159,76.2973,nea_v2_api
2017-01-07,Bukit Timah Road,S90,0.0,,,nea_v2_api
2017-01-07,South Buona Vista Road,S92,0.0,,,nea_v2_api
2017-01-07,Upper Changi Road North,S24,0.0,28.9019,79.0146,nea_v2_api
2017-01-07,Yishun Avenue 5,S91,0.0,,,nea_v2_api
2017-01-07,Bukit Panjang Road,S64,0.0,,,nea_v2_api
2017-01-07,Kent Ridge Road,S71,0.0,,,nea_v2_api
2017-01-07,Sime Road,S46,0.0,,,nea_v2_api
2017-01-07,Marina Gardens Drive,S108,0.0,29.8828,74.6723,nea_v2_api
2017-01-07,Holland Road,S120,0.0,,,nea_v2_api
2017-01-08,Sentosa,S60,0.0,29.262,67.8432,nea_v2_api
2017-01-08,Kim Chuan Road,S43,0.6,29.9459,72.8947,nea_v2_api
2017-01-08,Pasir Ris Drive 12,S29,3.2,,,nea_v2_api
2017-01-08,Alexandra Road,S77,0.0,,,nea_v2_api
2017-01-08,Seletar Aerospace View,S900,0.0,,,nea_v2_api
2017-01-08,Upper Serangoon Road,S36,0.0,,,nea_v2_api
2017-01-08,Nanyang Avenue,S44,0.0,29.1144,59.6366,nea_v2_api
2017-01-08,Toa Payoh North,S88,0.0,,,nea_v2_api
2017-01-08,Chai Chee Street,S61,0.0,,,nea_v2_api
2017-01-08,Serangoon North Avenue 4,S110,0.0,,,nea_v2_api
2017-01-08,Towner Road,S123,0.0,,,nea_v2_api
2017-01-08,Lornie Road,S07,0.0,,,nea_v2_api
2017-01-08,Pasir Ris Street 51,S94,1.6,,,nea_v2_api
2017-01-08,Nicoll Highway,S119,0.0,,,nea_v2_api
2017-01-08,Tuas South Avenue 3,S115,0.0,29.7652,72.1555,nea_v2_api
2017-01-08,Tanah Merah Coast Road,S96,0.0,28.9361,77.4987,nea_v2_api
2017-01-08,West Coast Highway,S116,0.0,29.9273,75.6015,nea_v2_api
2017-01-08,Poole Road,S78,0.0,,,nea_v2_api
2017-01-08,S06,S06,1.6,29.708,67.23,nea_v2_api
2017-01-08,Semakau Landfill,S102,0.0,28.883,83.4238,nea_v2_api
2017-01-08,Lim Chu Kang Road,S112,0.0,,,nea_v2_api
2017-01-08,Corporation Road,S101,0.0,,,nea_v2_api
2017-01-08,Ang Mo Kio Avenue 5,S109,0.0,29.7726,69.8892,nea_v2_api
2017-01-08,Somerset Road,S79,0.0,,,nea_v2_api
2017-01-08,East Coast Parkway,S107,0.0,28.931,82.0721,nea_v2_api
2017-01-08,Old Choa Chu Kang Road,S121,0.0,29.8789,64.7047,nea_v2_api
2017-01-08,Punggol Central,S81,0.2,,,nea_v2_api
2017-01-08,Tuas Road,S89,0.0,,,nea_v2_api
2017-01-08,Choa Chu Kang Road,S11,0.0,,,nea_v2_api
2017-01-08,Upper Peirce Reservoir Park,S69,0.0,,,nea_v2_api
2017-01-08,Upper Thomson Road,S08,0.0,,,nea_v2_api
2017-01-08,Marine Parade Road,S113,0.0,,,nea_v2_api
2017-01-08,Buangkok Green,S55,0.2,,,nea_v2_api
2017-01-08,Simei Avenue,S84,0.6,,,nea_v2_api
2017-01-08,Banyan Road,S117,0.0,29.8367,69.1562,nea_v2_api
2017-01-08,Old Toh Tuck Road,S35,0.0,,,nea_v2_api
2017-01-08,Mandai Lake Road,S40,0.0,,,nea_v2_api
2017-01-08,Jurong Pier Road,S33,0.0,,,nea_v2_api
2017-01-08,Clementi Road,S50,0.0,,,nea_v2_api
2017-01-08,Pulau Ubin,S106,3.2,28.6167,78.007,nea_v2_api
2017-01-08,Kranji Way,S66,0.0,,,nea_v2_api
2017-01-08,Choa Chu Kang Avenue 4,S114,0.0,,,nea_v2_api
2017-01-08,International Road,S63,0.0,,,nea_v2_api
2017-01-08,Woodlands Avenue 9,S104,0.0,29.5583,71.0057,nea_v2_api
2017-01-08,Woodlands Road,S100,0.0,30.2908,68.3352,nea_v2_api
2017-01-08,Sembawang Road,S122,0.0,29.6337,64.1722,nea_v2_api
2017-01-08,Handy Road,S118,0.0,,,nea_v2_api
2017-01-08,Upper Changi Road North,S24B,0.0,29.3974,86.2004,nea_v2_api
2017-01-08,Bukit Timah Road,S90,0.0,,,nea_v2_api
2017-01-08,South Buona Vista Road,S92,0.0,,,nea_v2_api
2017-01-08,Upper Changi Road North,S24,0.8,28.939,79.5336,nea_v2_api
2017-01-08,Yishun Avenue 5,S91,0.0,,,nea_v2_api
2017-01-08,Bukit Panjang Road,S64,0.0,,,nea_v2_api
2017-01-08,Kent Ridge Road,S71,0.0,,,nea_v2_api
2017-01-08,Sime Road,S46,0.0,,,nea_v2_api
2017-01-08,Marina Gardens Drive,S108,0.0,29.9493,74.6204,nea_v2_api
2017-01-08,Holland Road,S120,0.0,,,nea_v2_api
2017-01-09,Sentosa,S60,0.0,29.0655,69.1101,nea_v2_api
2017-01-09,Kim Chuan Road,S43,0.0,28.9246,79.7256,nea_v2_api
2017-01-09,Pasir Ris Drive 12,S29,0.0,,,nea_v2_api
2017-01-09,Alexandra Road,S77,0.0,,,nea_v2_api
2017-01-09,Seletar Aerospace View,S900,0.0,,,nea_v2_api
2017-01-09,Upper Serangoon Road,S36,0.0,,,nea_v2_api
2017-01-09,Nanyang Avenue,S44,0.0,28.8377,71.7594,nea_v2_api
2017-01-09,Toa Payoh North,S88,0.0,,,nea_v2_api
2017-01-09,Chai Chee Street,S61,0.0,,,nea_v2_api
2017-01-09,Serangoon North Avenue 4,S110,0.0,,,nea_v2_api
2017-01-09,Towner Road,S123,0.0,,,nea_v2_api
2017-01-09,Lornie Road,S07,0.0,,,nea_v2_api
2017-01-09,Pasir Ris Street 51,S94,0.0,,,nea_v2_api
2017-01-09,Nicoll Highway,S119,0.0,,,nea_v2_api
2017-01-09,Tuas South Avenue 3,S115,0.0,29.2309,74.5885,nea_v2_api
2017-01-09,Tanah Merah Coast Road,S96,0.0,28.5381,80.6122,nea_v2_api
2017-01-09,West Coast Highway,S116,0.0,29.3127,79.9285,nea_v2_api
2017-01-09,Poole Road,S78,0.0,,,nea_v2_api
2017-01-09,S06,S06,0.0,28.9575,71.1306,nea_v2_api
2017-01-09,Semakau Landfill,S102,0.0,29.0699,79.1822,nea_v2_api
2017-01-09,Lim Chu Kang Road,S112,0.0,,,nea_v2_api
2017-01-09,Corporation Road,S101,0.0,,,nea_v2_api
2017-01-09,Ang Mo Kio Avenue 5,S109,0.0,28.6903,77.6092,nea_v2_api
2017-01-09,Somerset Road,S79,0.0,,,nea_v2_api
2017-01-09,East Coast Parkway,S107,0.0,28.5837,83.5978,nea_v2_api
2017-01-09,Old Choa Chu Kang Road,S121,0.0,29.4461,77.2445,nea_v2_api
2017-01-09,Punggol Central,S81,0.0,,,nea_v2_api
2017-01-09,Tuas Road,S89,0.0,,,nea_v2_api
2017-01-09,Choa Chu Kang Road,S11,0.0,,,nea_v2_api
2017-01-09,Upper Peirce Reservoir Park,S69,0.0,,,nea_v2_api
2017-01-09,Upper Thomson Road,S08,0.0,,,nea_v2_api
2017-01-09,Marine Parade Road,S113,0.0,,,nea_v2_api
2017-01-09,Buangkok Green,S55,0.0,,,nea_v2_api
2017-01-09,Simei Avenue,S84,0.0,,,nea_v2_api
2017-01-09,Banyan Road,S117,0.0,29.5862,70.008,nea_v2_api
2017-01-09,Old Toh Tuck Road,S35,0.0,,,nea_v2_api
2017-01-09,Mandai Lake Road,S40,0.0,,,nea_v2_api
2017-01-09,Jurong Pier Road,S33,0.0,,,nea_v2_api
2017-01-09,Clementi Road,S50,0.0,,,nea_v2_api
2017-01-09,Pulau Ubin,S106,0.0,27.8595,88.2867,nea_v2_api
2017-01-09,Kranji Way,S66,0.0,,,nea_v2_api
2017-01-09,Choa Chu Kang Avenue 4,S114,0.0,,,nea_v2_api
2017-01-09,International Road,S63,0.0,,,nea_v2_api
2017-01-09,Woodlands Avenue 9,S104,0.0,28.7996,84.3024,nea_v2_api
2017-01-09,Woodlands Road,S100,0.0,29.8576,71.7346,nea_v2_api
2017-01-09,Sembawang Road,S122,0.0,29.1978,72.4022,nea_v2_api
2017-01-09,Handy Road,S118,0.0,,,nea_v2_api
2017-01-09,Upper Changi Road North,S24B,0.0,28.707,97.5,nea_v2_api
2017-01-09,Bukit Timah Road,S90,0.0,,,nea_v2_api
2017-01-09,South Buona Vista Road,S92,0.0,,,nea_v2_api
2017-01-09,Upper Changi Road North,S24,0.0,28.3903,83.7592,nea_v2_api
2017-01-09,Yishun Avenue 5,S91,0.0,,,nea_v2_api
2017-01-09,Bukit Panjang Road,S64,0.0,,,nea_v2_api
2017-01-09,Kent Ridge Road,S71,0.0,,,nea_v2_api
2017-01-09,Sime Road,S46,0.0,,,nea_v2_api
2017-01-09,Marina Gardens Drive,S108,0.0,29.2713,76.8847,nea_v2_api
2017-01-09,Holland Road,S120,0.0,,,nea_v2_api
2017-01-10,Sentosa,S60,0.0,28.7764,70.2693,nea_v2_api
2017-01-10,Kim Chuan Road,S43,25.4,28.181,83.1708,nea_v2_api
2017-01-10,Pasir Ris Drive 12,S29,7.0,,,nea_v2_api
2017-01-10,Alexandra Road,S77,0.0,,,nea_v2_api
2017-01-10,Seletar Aerospace View,S900,18.2,,,nea_v2_api
2017-01-10,Upper Serangoon Road,S36,26.8,,,nea_v2_api
2017-01-10,Nanyang Avenue,S44,0.0,28.4953,72.6234,nea_v2_api
2017-01-10,Toa Payoh North,S88,32.8,,,nea_v2_api
2017-01-10,Chai Chee Street,S61,8.4,,,nea_v2_api
2017-01-10,Serangoon North Avenue 4,S110,39.2,,,nea_v2_api
2017-01-10,Towner Road,S123,13.2,,,nea_v2_api
2017-01-10,Lornie Road,S07,23.4,,,nea_v2_api
2017-01-10,Pasir Ris Street 51,S94,8.8,,,nea_v2_api
2017-01-10,Nicoll Highway,S119,0.2,,,nea_v2_api
2017-01-10,Tuas South Avenue 3,S115,0.0,29.0019,74.7512,nea_v2_api
2017-01-10,Tanah Merah Coast Road,S96,16.2,28.3948,79.4476,nea_v2_api
2017-01-10,West Coast Highway,S116,0.0,28.9057,83.3137,nea_v2_api
2017-01-10,Poole Road,S78,16.2,,,nea_v2_api
2017-01-10,S06,S06,26.4,28.1495,75.6017,nea_v2_api
2017-01-10,Semakau Landfill,S102,0.0,28.7681,81.7242,nea_v2_api
2017-01-10,Lim Chu Kang Road,S112,0.0,,,nea_v2_api
2017-01-10,Corporation Road,S101,0.0,,,nea_v2_api
2017-01-10,Ang Mo Kio Avenue 5,S109,24.4,27.6674,82.394,nea_v2_api
2017-01-10,Somerset Road,S79,0.0,,,nea_v2_api
2017-01-10,East Coast Parkway,S107,11.6,28.3955,83.0991,nea_v2_api
2017-01-10,Old Choa Chu Kang Road,S121,0.0,28.8261,80.5311,nea_v2_api
2017-01-10,Punggol Central,S81,22.0,,,nea_v2_api
2017-01-10,Tuas Road,S89,0.0,,,nea_v2_api
2017-01-10,Choa Chu Kang Road,S11,0.0,,,nea_v2_api
2017-01-10,Upper Peirce Reservoir Park,S69,0.2,,,nea_v2_api
2017-01-10,Upper Thomson Road,S08,7.0,,,nea_v2_api
2017-01-10,Marine Parade Road,S113,4.2,,,nea_v2_api
2017-01-10,Buangkok Green,S55,30.4,,,nea_v2_api
2017-01-10,Simei Avenue,S84,4.6,,,nea_v2_api
2017-01-10,Banyan Road,S117,0.0,29.3699,69.9991,nea_v2_api
2017-01-10,Old Toh Tuck Road,S35,0.0,,,nea_v2_api
2017-01-10,Mandai Lake Road,S40,0.2,,,nea_v2_api
2017-01-10,Jurong Pier Road,S33,0.0,,,nea_v2_api
2017-01-10,Clementi Road,S50,0.0,,,nea_v2_api
2017-01-10,Pulau Ubin,S106,1.2,27.2559,87.7613,nea_v2_api
2017-01-10,Kranji Way,S66,0.0,,,nea_v2_api
2017-01-10,Choa Chu Kang Avenue 4,S114,0.0,,,nea_v2_api
2017-01-10,International Road,S63,0.0,,,nea_v2_api
2017-01-10,Woodlands Avenue 9,S104,6.0,27.8351,86.8775,nea_v2_api
2017-01-10,Woodlands Road,S100,0.0,28.9642,75.4344,nea_v2_api
2017-01-10,Sembawang Road,S122,17.2,28.2999,68.1429,nea_v2_api
2017-01-10,Handy Road,S118,0.0,,,nea_v2_api
2017-01-10,Upper Changi Road North,S24B,0.0,28.3542,97.197,nea_v2_api
2017-01-10,Bukit Timah Road,S90,0.0,,,nea_v2_api
2017-01-10,South Buona Vista Road,S92,0.0,,,nea_v2_api
2017-01-10,Upper Changi Road North,S24,3.0,28.0054,84.7068,nea_v2_api
2017-01-10,Yishun Avenue 5,S91,18.2,,,nea_v2_api
2017-01-10,Bukit Panjang Road,S64,0.0,,,nea_v2_api
2017-01-10,Kent Ridge Road,S71,0.0,,,nea_v2_api
2017-01-10,Sime Road,S46,0.0,,,nea_v2_api
2017-01-10,Marina Gardens Drive,S108,0.0,28.8646,78.3135,nea_v2_api
2017-01-10,Holland Road,S120,0.0,,,nea_v2_api
2017-01-11,Sentosa,S60,0.0,28.6789,69.0859,nea_v2_api
2017-01-11,Kim Chuan Road,S43,26.8,27.3945,83.3351,nea_v2_api
2017-01-11,Pasir Ris Drive 12,S29,14.0,,,nea_v2_api
2017-01-11,Alexandra Road,S77,0.0,,,nea_v2_api
2017-01-11,Seletar Aerospace View,S900,19.0,,,nea_v2_api
2017-01-11,Upper Serangoon Road,S36,23.6,,,nea_v2_api
2017-01-11,Nanyang Avenue,S44,0.6,27.7179,75.2476,nea_v2_api
2017-01-11,Toa Payoh North,S88,22.2,,,nea_v2_api
2017-01-11,Chai Chee Street,S61,14.8,,,nea_v2_api
2017-01-11,Serangoon North Avenue 4,S110,29.2,,,nea_v2_api
2017-01-11,Towner Road,S123,9.0,,,nea_v2_api
2017-01-11,Lornie Road,S07,26.2,,,nea_v2_api
2017-01-11,Pasir Ris Street 51,S94,24.2,,,nea_v2_api
2017-01-11,Nicoll Highway,S119,0.4,,,nea_v2_api
2017-01-11,Tuas South Avenue 3,S115,0.0,28.516,76.6498,nea_v2_api
2017-01-11,Tanah Merah Coast Road,S96,9.8,27.5412,81.284,nea_v2_api
2017-01-11,West Coast Highway,S116,0.0,28.2443,85.2008,nea_v2_api
2017-01-11,Poole Road,S78,0.2,,,nea_v2_api
2017-01-11,S06,S06,32.4,26.884,78.425,nea_v2_api
2017-01-11,Semakau Landfill,S102,0.0,28.413,81.6903,nea_v2_api
2017-01-11,Lim Chu Kang Road,S112,2.4,,,nea_v2_api
2017-01-11,Corporation Road,S101,0.0,,,nea_v2_api
2017-01-11,Ang Mo Kio Avenue 5,S109,20.8,26.8166,84.7628,nea_v2_api
2017-01-11,Somerset Road,S79,0.0,,,nea_v2_api
2017-01-11,East Coast Parkway,S107,2.8,27.4718,84.9985,nea_v2_api
2017-01-11,Old Choa Chu Kang Road,S121,6.4,27.8011,82.4861,nea_v2_api
2017-01-11,Punggol Central,S81,35.8,,,nea_v2_api
2017-01-11,Tuas Road,S89,0.0,,,nea_v2_api
2017-01-11,Choa Chu Kang Road,S11,10.4,,,nea_v2_api
2017-01-11,Upper Peirce Reservoir Park,S69,17.4,,,nea_v2_api
2017-01-11,Upper Thomson Road,S08,17.8,,,nea_v2_api
2017-01-11,Marine Parade Road,S113,0.0,,,nea_v2_api
2017-01-11,Buangkok Green,S55,19.2,,,nea_v2_api
2017-01-11,Simei Avenue,S84,29.4,,,nea_v2_api
2017-01-11,Banyan Road,S117,0.0,29.0666,71.5648,nea_v2_api
2017-01-11,Old Toh Tuck Road,S35,2.2,,,nea_v2_api
2017-01-11,Mandai Lake Road,S40,19.0,,,nea_v2_api
2017-01-11,Jurong Pier Road,S33,0.0,,,nea_v2_api
2017-01-11,Clementi Road,S50,11.2,,,nea_v2_api
2017-01-11,Pulau Ubin,S106,31.4,26.1214,81.846,nea_v2_api
2017-01-11,Kranji Way,S66,1.0,,,nea_v2_api
2017-01-11,Choa Chu Kang Avenue 4,S114,7.0,,,nea_v2_api
2017-01-11,International Road,S63,0.0,,,nea_v2_api
2017-01-11,Woodlands Avenue 9,S104,3.2,27.1333,88.1096,nea_v2_api
2017-01-11,Woodlands Road,S100,8.8,27.8513,78.8525,nea_v2_api
2017-01-11,Sembawang Road,S122,23.4,27.3059,71.8257,nea_v2_api
2017-01-11,Handy Road,S118,0.2,,,nea_v2_api
2017-01-11,Upper Changi Road North,S24B,0.0,27.174,91.1618,nea_v2_api
2017-01-11,Bukit Timah Road,S90,2.0,,,nea_v2_api
2017-01-11,South Buona Vista Road,S92,0.0,,,nea_v2_api
2017-01-11,Upper Changi Road North,S24,26.4,26.7771,88.3982,nea_v2_api
2017-01-11,Yishun Avenue 5,S91,13.6,,,nea_v2_api
2017-01-11,Bukit Panjang Road,S64,4.0,,,nea_v2_api
2017-01-11,Kent Ridge Road,S71,0.0,,,nea_v2_api
2017-01-11,Sime Road,S46,16.4,,,nea_v2_api
2017-01-11,Marina Gardens Drive,S108,0.8,28.3025,78.8054,nea_v2_api
2017-01-11,Holland Road,S120,0.0,,,nea_v2_api
2017-01-12,Sentosa,S60,0.0,28.4786,69.1089,nea_v2_api
2017-01-12,Kim Chuan Road,S43,0.0,28.5743,74.9382,nea_v2_api
2017-01-12,Pasir Ris Drive 12,S29,0.0,,,nea_v2_api
2017-01-12,Alexandra Road,S77,0.0,,,nea_v2_api
2017-01-12,Seletar Aerospace View,S900,0.0,,,nea_v2_api
2017-01-12,Upper Serangoon Road,S36,0.0,,,nea_v2_api
2017-01-12,Nanyang Avenue,S44,0.0,27.6352,65.6066,nea_v2_api
2017-01-12,Toa Payoh North,S88,0.0,,,nea_v2_api
2017-01-12,Chai Chee Street,S61,0.0,,,nea_v2_api
2017-01-12,Serangoon North Avenue 4,S110,0.2,,,nea_v2_api
2017-01-12,Towner Road,S123,0.0,,,nea_v2_api
2017-01-12,Lornie Road,S07,0.0,,,nea_v2_api
2017-01-12,Pasir Ris Street 51,S94,0.0,,,nea_v2_api
2017-01-12,Nicoll Highway,S119,0.0,,,nea_v2_api
2017-01-12,Tuas South Avenue 3,S115,0.0,28.4112,74.5453,nea_v2_api
2017-01-12,Tanah Merah Coast Road,S96,0.0,28.0362,79.4781,nea_v2_api
2017-01-12,West Coast Highway,S116,0.0,28.5844,75.7835,nea_v2_api
2017-01-12,Poole Road,S78,0.0,,,nea_v2_api
2017-01-12,S06,S06,0.0,28.2825,68.7093,nea_v2_api
2017-01-12,Semakau Landfill,S102,0.0,28.1896,80.4879,nea_v2_api
2017-01-12,Lim Chu Kang Road,S112,0.0,,,nea_v2_api
2017-01-12,Corporation Road,S101,0.0,,,nea_v2_api
2017-01-12,Ang Mo Kio Avenue 5,S109,0.0,28.2453,73.2736,nea_v2_api
2017-01-12,Somerset Road,S79,0.0,,,nea_v2_api
2017-01-12,East Coast Parkway,S107,0.0,28.1429,81.3627,nea_v2_api
2017-01-12,Old Choa Chu Kang Road,S121,0.0,28.2073,65.9472,nea_v2_api
2017-01-12,Punggol Central,S81,0.0,,,nea_v2_api
2017-01-12,Tuas Road,S89,0.0,,,nea_v2_api
2017-01-12,Choa Chu Kang Road,S11,0.0,,,nea_v2_api
2017-01-12,Upper Peirce Reservoir Park,S69,0.0,,,nea_v2_api
2017-01-12,Upper Thomson Road,S08,0.0,,,nea_v2_api
2017-01-12,Marine Parade Road,S113,0.0,,,nea_v2_api
2017-01-12,Buangkok Green,S55,0.0,,,nea_v2_api
2017-01-12,Simei Avenue,S84,0.2,,,nea_v2_api
2017-01-12,Banyan Road,S117,0.0,28.9489,69.0762,nea_v2_api
2017-01-12,Old Toh Tuck Road,S35,0.0,,,nea_v2_api
2017-01-12,Mandai Lake Road,S40,0.0,,,nea_v2_api
2017-01-12,Jurong Pier Road,S33,0.0,,,nea_v2_api
2017-01-12,Clementi Road,S50,0.0,,,nea_v2_api
2017-01-12,Pulau Ubin,S106,0.2,27.702,76.4777,nea_v2_api
2017-01-12,Kranji Way,S66,0.0,,,nea_v2_api
2017-01-12,Choa Chu Kang Avenue 4,S114,0.0,,,nea_v2_api
2017-01-12,International Road,S63,0.0,,,nea_v2_api
2017-01-12,Woodlands Avenue 9,S104,0.2,27.998,70.8107,nea_v2_api
2017-01-12,Woodlands Road,S100,0.0,28.547,71.6702,nea_v2_api
2017-01-12,Sembawang Road,S122,0.0,27.93,66.398,nea_v2_api
2017-01-12,Handy Road,S118,0.0,,,nea_v2_api
2017-01-12,Upper Changi Road North,S24B,0.0,28.2151,79.4178,nea_v2_api
2017-01-12,Bukit Timah Road,S90,0.0,,,nea_v2_api
2017-01-12,South Buona Vista Road,S92,0.0,,,nea_v2_api
2017-01-12,Yishun Avenue 5,S91,0.0,,,nea_v2_api
2017-01-12,Upper Changi Road North,S24,0.0,27.0662,87.1962,nea_v2_api
2017-01-12,Bukit Panjang Road,S64,0.0,,,nea_v2_api
2017-01-12,Kent Ridge Road,S71,0.0,,,nea_v2_api
2017-01-12,Sime Road,S46,0.0,,,nea_v2_api
2017-01-12,Marina Gardens Drive,S108,0.0,28.8333,74.0427,nea_v2_api
2017-01-12,Holland Road,S120,0.0,,,nea_v2_api
2017-01-13,Sentosa,S60,0.0,28.5192,70.3658,nea_v2_api
2017-01-13,Kim Chuan Road,S43,1.0,27.8366,82.1287,nea_v2_api
2017-01-13,Pasir Ris Drive 12,S29,0.0,,,nea_v2_api
2017-01-13,Alexandra Road,S77,0.4,,,nea_v2_api
2017-01-13,Seletar Aerospace View,S900,0.0,,,nea_v2_api
2017-01-13,Upper Serangoon Road,S36,0.0,,,nea_v2_api
2017-01-13,Nanyang Avenue,S44,0.0,28.1364,68.3299,nea_v2_api
2017-01-13,Toa Payoh North,S88,0.0,,,nea_v2_api
2017-01-13,Chai Chee Street,S61,27.6,,,nea_v2_api
2017-01-13,Serangoon North Avenue 4,S110,0.0,,,nea_v2_api
2017-01-13,Towner Road,S123,0.0,,,nea_v2_api
2017-01-13,Lornie Road,S07,0.0,,,nea_v2_api
2017-01-13,Pasir Ris Street 51,S94,0.0,,,nea_v2_api
2017-01-13,Nicoll Highway,S119,0.0,,,nea_v2_api
2017-01-13,Tuas South Avenue 3,S115,0.0,28.8953,72.7544,nea_v2_api
2017-01-13,Tanah Merah Coast Road,S96,14.2,27.227,83.1008,nea_v2_api
2017-01-13,West Coast Highway,S116,0.0,28.7583,79.5619,nea_v2_api
2017-01-13,Poole Road,S78,0.0,,,nea_v2_api
2017-01-13,S06,S06,0.8,27.5147,74.6366,nea_v2_api
2017-01-13,Semakau Landfill,S102,0.0,28.5511,80.4814,nea_v2_api
2017-01-13,Lim Chu Kang Road,S112,0.0,,,nea_v2_api
2017-01-13,Corporation Road,S101,0.0,,,nea_v2_api
2017-01-13,Ang Mo Kio Avenue 5,S109,0.0,27.7603,79.2058,nea_v2_api
2017-01-13,Somerset Road,S79,0.0,,,nea_v2_api
2017-01-13,East Coast Parkway,S107,0.8,27.5512,85.5684,nea_v2_api
2017-01-13,Old Choa Chu Kang Road,S121,0.0,28.3713,75.0624,nea_v2_api
2017-01-13,Punggol Central,S81,0.0,,,nea_v2_api
2017-01-13,Tuas Road,S89,0.0,,,nea_v2_api
2017-01-13,Choa Chu Kang Road,S11,0.0,,,nea_v2_api
2017-01-13,Upper Peirce Reservoir Park,S69,0.0,,,nea_v2_api
2017-01-13,Upper Thomson Road,S08,0.0,,,nea_v2_api
2017-01-13,Marine Parade Road,S113,0.4,,,nea_v2_api
2017-01-13,Buangkok Green,S55,0.0,,,nea_v2_api
2017-01-13,Simei Avenue,S84,6.4,,,nea_v2_api
2017-01-13,Banyan Road,S117,0.0,29.2719,68.6943,nea_v2_api
2017-01-13,Old Toh Tuck Road,S35,0.0,,,nea_v2_api
2017-01-13,Mandai Lake Road,S40,0.0,,,nea_v2_api
2017-01-13,Jurong Pier Road,S33,0.0,,,nea_v2_api
2017-01-13,Clementi Road,S50,0.0,,,nea_v2_api
2017-01-13,Pulau Ubin,S106,0.2,26.436,87.4244,nea_v2_api
2017-01-13,Kranji Way,S66,0.0,,,nea_v2_api
2017-01-13,Choa Chu Kang Avenue 4,S114,0.0,,,nea_v2_api
2017-01-13,International Road,S63,0.0,,,nea_v2_api
2017-01-13,Woodlands Avenue 9,S104,0.0,27.6339,85.9537,nea_v2_api
2017-01-13,Woodlands Road,S100,0.0,28.4764,75.0972,nea_v2_api
2017-01-13,Sembawang Road,S122,0.0,28.1105,74.7337,nea_v2_api
2017-01-13,Upper Changi Road North,S24B,0.0,27.4676,91.0391,nea_v2_api
2017-01-13,Handy Road,S118,0.0,,,nea_v2_api
2017-01-13,Bukit Timah Road,S90,0.0,,,nea_v2_api
2017-01-13,South Buona Vista Road,S92,0.0,,,nea_v2_api
2017-01-13,Upper Changi Road North,S24,0.0,25.8817,88.5555,nea_v2_api
2017-01-13,Yishun Avenue 5,S91,0.0,,,nea_v2_api
2017-01-13,Bukit Panjang Road,S64,0.0,,,nea_v2_api
2017-01-13,Kent Ridge Road,S71,0.0,,,nea_v2_api
2017-01-13,Sime Road,S46,0.0,,,nea_v2_api
2017-01-13,Marina Gardens Drive,S108,0.0,28.6844,78.1593,nea_v2_api
2017-01-13,Holland Road,S120,0.0,,,nea_v2_api
2017-01-14,Sentosa,S60,0.0,28.0783,69.2631,nea_v2_api
2017-01-14,Kim Chuan Road,S43,4.8,28.3221,76.8177,nea_v2_api
2017-01-14,Pasir Ris Drive 12,S29,0.0,,,nea_v2_api
2017-01-14,Alexandra Road,S77,0.0,,,nea_v2_api
2017-01-14,Seletar Aerospace View,S900,0.0,,,nea_v2_api
2017-01-14,Upper Serangoon Road,S36,3.0,,,nea_v2_api
2017-01-14,Nanyang Avenue,S44,0.0,27.5682,73.3544,nea_v2_api
2017-01-14,Toa Payoh North,S88,5.8,,,nea_v2_api
2017-01-14,Chai Chee Street,S61,3.2,,,nea_v2_api
2017-01-14,Serangoon North Avenue 4,S110,0.0,,,nea_v2_api
2017-01-14,Towner Road,S123,0.2,,,nea_v2_api
2017-01-14,Lornie Road,S07,1.2,,,nea_v2_api
2017-01-14,Pasir Ris Street 51,S94,0.0,,,nea_v2_api
2017-01-14,Nicoll Highway,S119,0.0,,,nea_v2_api
2017-01-14,Tuas South Avenue 3,S115,0.0,28.2198,75.6109,nea_v2_api
2017-01-14,Tanah Merah Coast Road,S96,0.0,27.8262,79.4252,nea_v2_api
2017-01-14,West Coast Highway,S116,0.0,28.3293,82.6996,nea_v2_api
2017-01-14,Poole Road,S78,0.0,,,nea_v2_api
2017-01-14,S06,S06,0.0,28.0467,69.7191,nea_v2_api
2017-01-14,Semakau Landfill,S102,0.0,28.0909,79.5659,nea_v2_api
2017-01-14,Lim Chu Kang Road,S112,0.0,,,nea_v2_api
2017-01-14,Corporation Road,S101,0.0,,,nea_v2_api
2017-01-14,Ang Mo Kio Avenue 5,S109,0.0,28.1971,74.269,nea_v2_api
2017-01-14,Somerset Road,S79,0.0,,,nea_v2_api
2017-01-14,East Coast Parkway,S107,0.0,27.8971,82.7687,nea_v2_api
2017-01-14,Old Choa Chu Kang Road,S121,0.0,28.3081,77.0631,nea_v2_api
2017-01-14,Punggol Central,S81,0.0,,,nea_v2_api
2017-01-14,Tuas Road,S89,0.0,,,nea_v2_api
2017-01-14,Choa Chu Kang Road,S11,0.0,,,nea_v2_api
2017-01-14,Upper Peirce Reservoir Park,S69,0.0,,,nea_v2_api
2017-01-14,Upper Thomson Road,S08,0.0,,,nea_v2_api
2017-01-14,Marine Parade Road,S113,0.0,,,nea_v2_api
2017-01-14,Buangkok Green,S55,0.0,,,nea_v2_api
2017-01-14,Simei Avenue,S84,0.0,,,nea_v2_api
2017-01-14,Banyan Road,S117,0.0,28.6302,71.2143,nea_v2_api
2017-01-14,Old Toh Tuck Road,S35,0.0,,,nea_v2_api
2017-01-14,Mandai Lake Road,S40,0.0,,,nea_v2_api
2017-01-14,Jurong Pier Road,S33,0.0,,,nea_v2_api
2017-01-14,Clementi Road,S50,0.0,,,nea_v2_api
2017-01-14,Pulau Ubin,S106,0.0,27.1676,83.6734,nea_v2_api
2017-01-14,Kranji Way,S66,0.0,,,nea_v2_api
2017-01-14,Choa Chu Kang Avenue 4,S114,0.0,,,nea_v2_api
2017-01-14,International Road,S63,0.0,,,nea_v2_api
2017-01-14,Woodlands Avenue 9,S104,0.0,27.9526,84.0646,nea_v2_api
2017-01-14,Woodlands Road,S100,0.0,28.6723,72.9091,nea_v2_api
2017-01-14,Sembawang Road,S122,0.0,28.1876,71.7047,nea_v2_api
2017-01-14,Upper Changi Road North,S24B,0.0,27.8873,89.9354,nea_v2_api
2017-01-14,Handy Road,S118,0.0,,,nea_v2_api
2017-01-14,Bukit Timah Road,S90,0.0,,,nea_v2_api
2017-01-14,South Buona Vista Road,S92,0.0,,,nea_v2_api
2017-01-14,Upper Changi Road North,S24,0.4,27.4984,83.2879,nea_v2_api
2017-01-14,Yishun Avenue 5,S91,0.0,,,nea_v2_api
2017-01-14,Bukit Panjang Road,S64,0.0,,,nea_v2_api
2017-01-14,Kent Ridge Road,S71,0.0,,,nea_v2_api
2017-01-14,Sime Road,S46,0.0,,,nea_v2_api
2017-01-14,Marina Gardens Drive,S108,0.0,28.6299,75.4358,nea_v2_api
2017-01-14,Holland Road,S120,0.0,,,nea_v2_api
2017-01-15,Sentosa,S60,0.0,28.5829,68.6472,nea_v2_api
2017-01-15,Kim Chuan Road,S43,0.0,28.4681,76.0958,nea_v2_api
2017-01-15,Pasir Ris Drive 12,S29,0.2,,,nea_v2_api
2017-01-15,Alexandra Road,S77,5.8,,,nea_v2_api
2017-01-15,Seletar Aerospace View,S900,0.0,,,nea_v2_api
2017-01-15,Upper Serangoon Road,S36,1.6,,,nea_v2_api
2017-01-15,Nanyang Avenue,S44,0.0,27.7643,73.2786,nea_v2_api
2017-01-15,Toa Payoh North,S88,0.4,,,nea_v2_api
2017-01-15,Chai Chee Street,S61,0.0,,,nea_v2_api
2017-01-15,Serangoon North Avenue 4,S110,0.0,,,nea_v2_api
2017-01-15,Towner Road,S123,0.0,,,nea_v2_api
2017-01-15,Lornie Road,S07,0.0,,,nea_v2_api
2017-01-15,Pasir Ris Street 51,S94,0.0,,,nea_v2_api
2017-01-15,Nicoll Highway,S119,2.4,,,nea_v2_api
2017-01-15,Tuas South Avenue 3,S115,1.0,28.6448,74.6013,nea_v2_api
2017-01-15,Tanah Merah Coast Road,S96,12.8,27.4408,81.3326,nea_v2_api
2017-01-15,West Coast Highway,S116,0.0,28.7971,79.2117,nea_v2_api
2017-01-15,Poole Road,S78,2.6,,,nea_v2_api
2017-01-15,S06,S06,0.0,28.1535,70.1807,nea_v2_api
2017-01-15,Semakau Landfill,S102,0.0,28.4543,80.3195,nea_v2_api
2017-01-15,Lim Chu Kang Road,S112,0.0,,,nea_v2_api
2017-01-15,Corporation Road,S101,0.0,,,nea_v2_api
2017-01-15,Ang Mo Kio Avenue 5,S109,0.0,28.238,74.0474,nea_v2_api
2017-01-15,Somerset Road,S79,2.8,,,nea_v2_api
2017-01-15,East Coast Parkway,S107,6.2,27.6904,84.737,nea_v2_api
2017-01-15,Old Choa Chu Kang Road,S121,0.6,28.3812,74.4877,nea_v2_api
2017-01-15,Punggol Central,S81,0.0,,,nea_v2_api
2017-01-15,Tuas Road,S89,0.2,,,nea_v2_api
2017-01-15,Choa Chu Kang Road,S11,0.0,,,nea_v2_api
2017-01-15,Upper Peirce Reservoir Park,S69,0.0,,,nea_v2_api
2017-01-15,Upper Thomson Road,S08,0.0,,,nea_v2_api
2017-01-15,Marine Parade Road,S113,9.6,,,nea_v2_api
2017-01-15,Buangkok Green,S55,0.0,,,nea_v2_api
2017-01-15,Simei Avenue,S84,0.6,,,nea_v2_api
2017-01-15,Banyan Road,S117,0.0,29.1333,69.3767,nea_v2_api
2017-01-15,Old Toh Tuck Road,S35,0.4,,,nea_v2_api
2017-01-15,Mandai Lake Road,S40,0.0,,,nea_v2_api
2017-01-15,Jurong Pier Road,S33,0.0,,,nea_v2_api
2017-01-15,Clementi Road,S50,0.0,,,nea_v2_api
2017-01-15,Pulau Ubin,S106,0.2,26.8472,88.91,nea_v2_api
2017-01-15,Kranji Way,S66,0.6,,,nea_v2_api
2017-01-15,Choa Chu Kang Avenue 4,S114,0.6,,,nea_v2_api
2017-01-15,International Road,S63,0.0,,,nea_v2_api
2017-01-15,Woodlands Avenue 9,S104,4.0,27.7848,85.1498,nea_v2_api
2017-01-15,Woodlands Road,S100,0.0,28.71,71.9155,nea_v2_api
2017-01-15,Sembawang Road,S122,0.0,28.0769,73.8989,nea_v2_api
2017-01-15,Upper Changi Road North,S24B,0.0,27.4662,87.8521,nea_v2_api
2017-01-15,Handy Road,S118,3.2,,,nea_v2_api
2017-01-15,Bukit Timah Road,S90,0.0,,,nea_v2_api
2017-01-15,South Buona Vista Road,S92,0.4,,,nea_v2_api
2017-01-15,Upper Changi Road North,S24,10.8,26.9868,86.9268,nea_v2_api
2017-01-15,Yishun Avenue 5,S91,0.0,,,nea_v2_api
2017-01-15,Bukit Panjang Road,S64,0.0,,,nea_v2_api
2017-01-15,Kent Ridge Road,S71,0.8,,,nea_v2_api
2017-01-15,Sime Road,S46,0.0,,,nea_v2_api
2017-01-15,Marina Gardens Drive,S108,0.8,28.6811,75.9971,nea_v2_api
2017-01-15,Holland Road,S120,4.6,,,nea_v2_api
2017-01-16,Sentosa,S60,0.0,28.5164,61.5583,nea_v2_api
2017-01-16,Kim Chuan Road,S43,0.0,28.584,72.2641,nea_v2_api
2017-01-16,Pasir Ris Drive 12,S29,0.2,,,nea_v2_api
2017-01-16,Alexandra Road,S77,0.0,,,nea_v2_api
2017-01-16,Seletar Aerospace View,S900,0.0,,,nea_v2_api
2017-01-16,Upper Serangoon Road,S36,0.0,,,nea_v2_api
2017-01-16,Nanyang Avenue,S44,0.0,27.3843,76.2238,nea_v2_api
2017-01-16,Toa Payoh North,S88,0.0,,,nea_v2_api
2017-01-16,Chai Chee Street,S61,0.0,,,nea_v2_api
2017-01-16,Serangoon North Avenue 4,S110,0.0,,,nea_v2_api
2017-01-16,Towner Road,S123,0.0,,,nea_v2_api
2017-01-16,Lornie Road,S07,0.0,,,nea_v2_api
2017-01-16,Pasir Ris Street 51,S94,0.0,,,nea_v2_api
2017-01-16,Nicoll Highway,S119,0.0,,,nea_v2_api
2017-01-16,Tuas South Avenue 3,S115,0.0,28.2656,74.4995,nea_v2_api
2017-01-16,Tanah Merah Coast Road,S96,0.0,27.5817,76.9437,nea_v2_api
2017-01-16,West Coast Highway,S116,0.0,28.5338,78.095,nea_v2_api
2017-01-16,Poole Road,S78,0.0,,,nea_v2_api
2017-01-16,S06,S06,0.0,28.0703,67.6046,nea_v2_api
2017-01-16,Semakau Landfill,S102,0.0,28.2299,77.8434,nea_v2_api
2017-01-16,Lim Chu Kang Road,S112,0.0,,,nea_v2_api
2017-01-16,Corporation Road,S101,0.0,,,nea_v2_api
2017-01-16,Ang Mo Kio Avenue 5,S109,0.0,28.1332,71.8165,nea_v2_api
2017-01-16,Somerset Road,S79,0.0,,,nea_v2_api
2017-01-16,East Coast Parkway,S107,0.0,27.7757,80.1343,nea_v2_api
2017-01-16,Old Choa Chu Kang Road,S121,0.0,28.1268,79.9245,nea_v2_api
2017-01-16,Punggol Central,S81,0.0,,,nea_v2_api
2017-01-16,Tuas Road,S89,0.0,,,nea_v2_api
2017-01-16,Choa Chu Kang Road,S11,0.0,,,nea_v2_api
2017-01-16,Upper Peirce Reservoir Park,S69,0.0,,,nea_v2_api
2017-01-16,Upper Thomson Road,S08,0.0,,,nea_v2_api
2017-01-16,Marine Parade Road,S113,0.0,,,nea_v2_api
2017-01-16,Buangkok Green,S55,0.0,,,nea_v2_api
2017-01-16,Simei Avenue,S84,0.0,,,nea_v2_api
2017-01-16,Banyan Road,S117,0.0,28.6606,69.2364,nea_v2_api
2017-01-16,Old Toh Tuck Road,S35,0.0,,,nea_v2_api
2017-01-16,Mandai Lake Road,S40,0.0,,,nea_v2_api
2017-01-16,Jurong Pier Road,S33,0.0,,,nea_v2_api
2017-01-16,Clementi Road,S50,0.0,,,nea_v2_api
2017-01-16,Pulau Ubin,S106,0.4,25.5718,91.9642,nea_v2_api
2017-01-16,Kranji Way,S66,0.0,,,nea_v2_api
2017-01-16,Choa Chu Kang Avenue 4,S114,0.0,,,nea_v2_api
2017-01-16,International Road,S63,0.0,,,nea_v2_api
2017-01-16,Woodlands Avenue 9,S104,0.0,27.7544,81.7905,nea_v2_api
2017-01-16,Woodlands Road,S100,0.0,28.585,71.1247,nea_v2_api
2017-01-16,Sembawang Road,S122,0.0,28.114,75.5943,nea_v2_api
2017-01-16,Handy Road,S118,0.0,,,nea_v2_api
2017-01-16,Upper Changi Road North,S24B,0.0,27.4809,88.9776,nea_v2_api
2017-01-16,Bukit Timah Road,S90,0.0,,,nea_v2_api
2017-01-16,South Buona Vista Road,S92,0.0,,,nea_v2_api
2017-01-16,Upper Changi Road North,S24,3.0,26.9766,83.1401,nea_v2_api
2017-01-16,Yishun Avenue 5,S91,0.0,,,nea_v2_api
2017-01-16,Bukit Panjang Road,S64,0.0,,,nea_v2_api
2017-01-16,Kent Ridge Road,S71,0.0,,,nea_v2_api
2017-01-16,Sime Road,S46,0.0,,,nea_v2_api
2017-01-16,Marina Gardens Drive,S108,0.0,28.7779,70.0646,nea_v2_api
2017-01-16,Holland Road,S120,0.0,,,nea_v2_api
2017-01-17,Sentosa,S60,0.0,26.758,77.2374,nea_v2_api
2017-01-17,Kim Chuan Road,S43,0.0,28.309,75.5084,nea_v2_api
2017-01-17,Pasir Ris Drive 12,S29,0.0,,,nea_v2_api
2017-01-17,Alexandra Road,S77,0.0,,,nea_v2_api
2017-01-17,Seletar Aerospace View,S900,0.0,,,nea_v2_api
2017-01-17,Upper Serangoon Road,S36,0.0,,,nea_v2_api
2017-01-17,Nanyang Avenue,S44,0.0,28.0157,67.7589,nea_v2_api
2017-01-17,Toa Payoh North,S88,0.0,,,nea_v2_api
2017-01-17,Chai Chee Street,S61,0.0,,,nea_v2_api
2017-01-17,Serangoon North Avenue 4,S110,0.0,,,nea_v2_api
2017-01-17,Towner Road,S123,0.0,,,nea_v2_api
2017-01-17,Lornie Road,S07,0.0,,,nea_v2_api
2017-01-17,Pasir Ris Street 51,S94,0.0,,,nea_v2_api
2017-01-17,Nicoll Highway,S119,0.0,,,nea_v2_api
2017-01-17,Tuas South Avenue 3,S115,0.0,28.7036,72.9565,nea_v2_api
2017-01-17,Tanah Merah Coast Road,S96,0.0,27.6578,78.3741,nea_v2_api
2017-01-17,West Coast Highway,S116,0.0,28.5493,81.2882,nea_v2_api
2017-01-17,Poole Road,S78,0.0,,,nea_v2_api
2017-01-17,S06,S06,0.0,27.7199,70.8574,nea_v2_api
2017-01-17,Semakau Landfill,S102,0.0,28.6173,77.3429,nea_v2_api
2017-01-17,Lim Chu Kang Road,S112,0.0,,,nea_v2_api
2017-01-17,Corporation Road,S101,0.0,,,nea_v2_api
2017-01-17,Ang Mo Kio Avenue 5,S109,0.0,27.9735,74.5404,nea_v2_api
2017-01-17,Somerset Road,S79,0.0,,,nea_v2_api
2017-01-17,East Coast Parkway,S107,0.0,27.794,82.0561,nea_v2_api
2017-01-17,Old Choa Chu Kang Road,S121,0.0,28.4257,70.8613,nea_v2_api
2017-01-17,Punggol Central,S81,0.0,,,nea_v2_api
2017-01-17,Tuas Road,S89,0.0,,,nea_v2_api
2017-01-17,Choa Chu Kang Road,S11,0.0,,,nea_v2_api
2017-01-17,Upper Peirce Reservoir Park,S69,0.0,,,nea_v2_api
2017-01-17,Upper Thomson Road,S08,0.0,,,nea_v2_api
2017-01-17,Marine Parade Road,S113,0.0,,,nea_v2_api
2017-01-17,Buangkok Green,S55,0.0,,,nea_v2_api
2017-01-17,Simei Avenue,S84,2.4,,,nea_v2_api
2017-01-17,Banyan Road,S117,0.0,28.8524,69.7022,nea_v2_api
2017-01-17,Old Toh Tuck Road,S35,0.0,,,nea_v2_api
2017-01-17,Mandai Lake Road,S40,0.0,,,nea_v2_api
2017-01-17,Jurong Pier Road,S33,0.0,,,nea_v2_api
2017-01-17,Clementi Road,S50,0.0,,,nea_v2_api
2017-01-17,Pulau Ubin,S106,0.0,26.3768,86.14,nea_v2_api
2017-01-17,Kranji Way,S66,0.0,,,nea_v2_api
2017-01-17,Choa Chu Kang Avenue 4,S114,0.0,,,nea_v2_api
2017-01-17,International Road,S63,0.0,,,nea_v2_api
2017-01-17,Woodlands Avenue 9,S104,0.0,27.9142,80.062,nea_v2_api
2017-01-17,Woodlands Road,S100,0.0,28.7118,70.7038,nea_v2_api
2017-01-17,Sembawang Road,S122,0.0,27.9655,69.7432,nea_v2_api
2017-01-17,Handy Road,S118,0.0,,,nea_v2_api
2017-01-17,Upper Changi Road North,S24B,0.0,27.5116,,nea_v2_api
2017-01-17,Bukit Timah Road,S90,0.0,,,nea_v2_api
2017-01-17,South Buona Vista Road,S92,0.0,,,nea_v2_api
2017-01-17,Upper Changi Road North,S24,0.0,27.1567,84.2576,nea_v2_api
2017-01-17,Yishun Avenue 5,S91,0.0,,,nea_v2_api
2017-01-17,Bukit Panjang Road,S64,0.0,,,nea_v2_api
2017-01-17,Kent Ridge Road,S71,0.0,,,nea_v2_api
2017-01-17,Sime Road,S46,0.0,,,nea_v2_api
2017-01-17,Marina Gardens Drive,S108,0.0,28.5691,75.0213,nea_v2_api
2017-01-17,Holland Road,S120,0.0,,,nea_v2_api
2017-01-18,Sentosa,S60,22.8,27.9315,67.5485,nea_v2_api
2017-01-18,Kim Chuan Road,S43,55.0,26.8771,81.4968,nea_v2_api
2017-01-18,Pasir Ris Drive 12,S29,3.0,,,nea_v2_api
2017-01-18,Alexandra Road,S77,20.0,,,nea_v2_api
2017-01-18,Seletar Aerospace View,S900,30.8,,,nea_v2_api
2017-01-18,Upper Serangoon Road,S36,44.6,,,nea_v2_api
2017-01-18,Nanyang Avenue,S44,57.6,26.2772,71.0763,nea_v2_api
2017-01-18,Toa Payoh North,S88,49.6,,,nea_v2_api
2017-01-18,Chai Chee Street,S61,33.2,,,nea_v2_api
2017-01-18,Serangoon North Avenue 4,S110,49.2,,,nea_v2_api
2017-01-18,Towner Road,S123,28.6,,,nea_v2_api
2017-01-18,Lornie Road,S07,44.6,,,nea_v2_api
2017-01-18,Pasir Ris Street 51,S94,11.8,,,nea_v2_api
2017-01-18,Nicoll Highway,S119,0.2,,,nea_v2_api
2017-01-18,Tuas South Avenue 3,S115,0.4,27.467,78.1056,nea_v2_api
2017-01-18,Tanah Merah Coast Road,S96,0.0,27.2951,79.4545,nea_v2_api
2017-01-18,West Coast Highway,S116,1.6,27.512,84.107,nea_v2_api
2017-01-18,Poole Road,S78,3.6,,,nea_v2_api
2017-01-18,S06,S06,55.8,26.547,75.5129,nea_v2_api
2017-01-18,Semakau Landfill,S102,0.0,27.7869,79.599,nea_v2_api
2017-01-18,Lim Chu Kang Road,S112,3.2,,,nea_v2_api
2017-01-18,Corporation Road,S101,3.2,,,nea_v2_api
2017-01-18,Ang Mo Kio Avenue 5,S109,27.4,26.3374,81.7924,nea_v2_api
2017-01-18,Somerset Road,S79,17.4,,,nea_v2_api
2017-01-18,East Coast Parkway,S107,3.8,27.1624,83.1175,nea_v2_api
2017-01-18,Old Choa Chu Kang Road,S121,35.4,26.7341,76.7179,nea_v2_api
2017-01-18,Punggol Central,S81,11.6,,,nea_v2_api
2017-01-18,Tuas Road,S89,3.0,,,nea_v2_api
2017-01-18,Choa Chu Kang Road,S11,54.0,,,nea_v2_api
2017-01-18,Upper Peirce Reservoir Park,S69,16.6,,,nea_v2_api
2017-01-18,Upper Thomson Road,S08,30.6,,,nea_v2_api
2017-01-18,Marine Parade Road,S113,5.0,,,nea_v2_api
2017-01-18,Buangkok Green,S55,37.0,,,nea_v2_api
2017-01-18,Simei Avenue,S84,29.6,,,nea_v2_api
2017-01-18,Banyan Road,S117,2.6,27.8218,74.3505,nea_v2_api
2017-01-18,Old Toh Tuck Road,S35,6.6,,,nea_v2_api
2017-01-18,Mandai Lake Road,S40,18.2,,,nea_v2_api
2017-01-18,Jurong Pier Road,S33,21.0,,,nea_v2_api
2017-01-18,Clementi Road,S50,8.2,,,nea_v2_api
2017-01-18,Pulau Ubin,S106,2.4,25.5901,85.9931,nea_v2_api
2017-01-18,Kranji Way,S66,10.8,,,nea_v2_api
2017-01-18,Choa Chu Kang Avenue 4,S114,6.8,,,nea_v2_api
2017-01-18,International Road,S63,32.8,,,nea_v2_api
2017-01-18,Woodlands Avenue 9,S104,32.8,26.4448,87.5376,nea_v2_api
2017-01-18,Woodlands Road,S100,7.6,27.2111,78.031,nea_v2_api
2017-01-18,Sembawang Road,S122,54.8,26.6204,75.468,nea_v2_api
2017-01-18,Handy Road,S118,6.6,,,nea_v2_api
2017-01-18,Upper Changi Road North,S24B,0.0,26.8418,87.5591,nea_v2_api
2017-01-18,Bukit Timah Road,S90,19.4,,,nea_v2_api
2017-01-18,South Buona Vista Road,S92,7.6,,,nea_v2_api
2017-01-18,Upper Changi Road North,S24,6.0,26.4241,85.6038,nea_v2_api
2017-01-18,Yishun Avenue 5,S91,65.4,,,nea_v2_api
2017-01-18,Bukit Panjang Road,S64,5.0,,,nea_v2_api
2017-01-18,Kent Ridge Road,S71,9.8,,,nea_v2_api
2017-01-18,Sime Road,S46,15.4,,,nea_v2_api
2017-01-18,Marina Gardens Drive,S108,3.8,27.5359,77.7569,nea_v2_api
2017-01-18,Holland Road,S120,16.2,,,nea_v2_api
2017-01-19,Sentosa,S60,2.8,27.6306,73.2321,nea_v2_api
2017-01-19,Kim Chuan Road,S43,67.2,27.0047,83.7254,nea_v2_api
2017-01-19,Pasir Ris Drive 12,S29,49.4,,,nea_v2_api
2017-01-19,Alexandra Road,S77,16.8,,,nea_v2_api
2017-01-19,Seletar Aerospace View,S900,23.8,,,nea_v2_api
2017-01-19,Upper Serangoon Road,S36,70.8,,,nea_v2_api
2017-01-19,Nanyang Avenue,S44,41.6,26.097,65.178,nea_v2_api
2017-01-19,Toa Payoh North,S88,79.0,,,nea_v2_api
2017-01-19,Chai Chee Street,S61,28.6,,,nea_v2_api
2017-01-19,Serangoon North Avenue 4,S110,29.0,,,nea_v2_api
2017-01-19,Towner Road,S123,66.0,,,nea_v2_api
2017-01-19,Lornie Road,S07,76.6,,,nea_v2_api
2017-01-19,Pasir Ris Street 51,S94,37.8,,,nea_v2_api
2017-01-19,Nicoll Highway,S119,8.4,,,nea_v2_api
2017-01-19,Tuas South Avenue 3,S115,34.8,27.0038,81.9502,nea_v2_api
2017-01-19,Tanah Merah Coast Road,S96,0.0,27.5257,79.8839,nea_v2_api
2017-01-19,West Coast Highway,S116,2.4,27.387,87.2129,nea_v2_api
2017-01-19,Poole Road,S78,18.2,,,nea_v2_api
2017-01-19,S06,S06,31.4,26.5363,78.9875,nea_v2_api
2017-01-19,Semakau Landfill,S102,0.0,27.7382,81.6439,nea_v2_api
2017-01-19,Lim Chu Kang Road,S112,32.2,,,nea_v2_api
2017-01-19,Corporation Road,S101,8.8,,,nea_v2_api
2017-01-19,Ang Mo Kio Avenue 5,S109,30.4,26.3618,85.6614,nea_v2_api
2017-01-19,Somerset Road,S79,24.0,,,nea_v2_api
2017-01-19,East Coast Parkway,S107,8.2,27.3003,85.5607,nea_v2_api
2017-01-19,Old Choa Chu Kang Road,S121,34.0,26.3339,68.9933,nea_v2_api
2017-01-19,Punggol Central,S81,39.8,,,nea_v2_api
2017-01-19,Upper Peirce Reservoir Park,S69,53.6,,,nea_v2_api
2017-01-19,Choa Chu Kang Road,S11,45.0,,,nea_v2_api
2017-01-19,Upper Thomson Road,S08,67.6,,,nea_v2_api
2017-01-19,Tuas Road,S89,0.0,,,nea_v2_api
2017-01-19,Marine Parade Road,S113,12.8,,,nea_v2_api
2017-01-19,Buangkok Green,S55,29.2,,,nea_v2_api
2017-01-19,Simei Avenue,S84,26.2,,,nea_v2_api
2017-01-19,Banyan Road,S117,11.8,27.2557,79.3436,nea_v2_api
2017-01-19,Old Toh Tuck Road,S35,12.6,,,nea_v2_api
2017-01-19,Mandai Lake Road,S40,30.2,,,nea_v2_api
2017-01-19,Jurong Pier Road,S33,16.0,,,nea_v2_api
2017-01-19,Clementi Road,S50,24.2,,,nea_v2_api
2017-01-19,Pulau Ubin,S106,27.0,25.7116,80.8948,nea_v2_api
2017-01-19,Kranji Way,S66,33.2,,,nea_v2_api
2017-01-19,Choa Chu Kang Avenue 4,S114,24.4,,,nea_v2_api
2017-01-19,International Road,S63,15.0,,,nea_v2_api
2017-01-19,Woodlands Avenue 9,S104,25.4,26.3733,85.9124,nea_v2_api
2017-01-19,Woodlands Road,S100,36.2,26.7686,83.8914,nea_v2_api
2017-01-19,Sembawang Road,S122,3.8,26.335,68.0298,nea_v2_api
2017-01-19,Upper Changi Road North,S24B,0.0,26.8784,90.3235,nea_v2_api
2017-01-19,Handy Road,S118,20.6,,,nea_v2_api
2017-01-19,Bukit Timah Road,S90,54.4,,,nea_v2_api
2017-01-19,South Buona Vista Road,S92,8.2,,,nea_v2_api
2017-01-19,Upper Changi Road North,S24,16.6,26.4753,88.6635,nea_v2_api
2017-01-19,Yishun Avenue 5,S91,16.4,,,nea_v2_api
2017-01-19,Bukit Panjang Road,S64,35.0,,,nea_v2_api
2017-01-19,Kent Ridge Road,S71,8.4,,,nea_v2_api
2017-01-19,Sime Road,S46,46.4,,,nea_v2_api
2017-01-19,Marina Gardens Drive,S108,0.0,27.7116,80.7304,nea_v2_api
2017-01-19,Holland Road,S120,39.0,,,nea_v2_api
2017-01-20,Sentosa,S60,0.8,26.4666,80.3661,nea_v2_api
2017-01-20,Kim Chuan Road,S43,15.0,26.7334,84.7923,nea_v2_api
2017-01-20,Pasir Ris Drive 12,S29,1.4,,,nea_v2_api
2017-01-20,Alexandra Road,S77,0.6,,,nea_v2_api
2017-01-20,Seletar Aerospace View,S900,1.2,,,nea_v2_api
2017-01-20,Upper Serangoon Road,S36,7.6,,,nea_v2_api
2017-01-20,Nanyang Avenue,S44,1.6,25.547,80.2658,nea_v2_api
2017-01-20,Toa Payoh North,S88,3.8,,,nea_v2_api
2017-01-20,Chai Chee Street,S61,20.0,,,nea_v2_api
2017-01-20,Serangoon North Avenue 4,S110,12.2,,,nea_v2_api
2017-01-20,Towner Road,S123,2.4,,,nea_v2_api
2017-01-20,Lornie Road,S07,4.0,,,nea_v2_api
2017-01-20,Pasir Ris Street 51,S94,1.6,,,nea_v2_api
2017-01-20,Nicoll Highway,S119,0.8,,,nea_v2_api
2017-01-20,Tuas South Avenue 3,S115,3.2,26.7148,82.374,nea_v2_api
2017-01-20,Tanah Merah Coast Road,S96,1.6,26.709,82.1022,nea_v2_api
2017-01-20,West Coast Highway,S116,1.2,26.7462,89.8955,nea_v2_api
2017-01-20,Poole Road,S78,3.6,,,nea_v2_api
2017-01-20,S06,S06,17.2,26.2001,78.9451,nea_v2_api
2017-01-20,Semakau Landfill,S102,1.0,26.9685,85.7244,nea_v2_api
2017-01-20,Lim Chu Kang Road,S112,1.0,,,nea_v2_api
2017-01-20,Corporation Road,S101,1.8,,,nea_v2_api
2017-01-20,Ang Mo Kio Avenue 5,S109,5.4,26.314,85.3225,nea_v2_api
2017-01-20,Somerset Road,S79,1.0,,,nea_v2_api
2017-01-20,East Coast Parkway,S107,12.2,26.6013,88.5942,nea_v2_api
2017-01-20,Old Choa Chu Kang Road,S121,0.2,26.1899,84.4275,nea_v2_api
2017-01-20,Punggol Central,S81,0.2,,,nea_v2_api
2017-01-20,Tuas Road,S89,0.2,,,nea_v2_api
2017-01-20,Choa Chu Kang Road,S11,2.8,,,nea_v2_api
2017-01-20,Upper Peirce Reservoir Park,S69,1.0,,,nea_v2_api
2017-01-20,Upper Thomson Road,S08,5.4,,,nea_v2_api
2017-01-20,Marine Parade Road,S113,8.2,,,nea_v2_api
2017-01-20,Buangkok Green,S55,2.6,,,nea_v2_api
2017-01-20,Simei Avenue,S84,18.2,,,nea_v2_api
2017-01-20,Banyan Road,S117,3.8,26.772,81.1492,nea_v2_api
2017-01-20,Old Toh Tuck Road,S35,0.2,,,nea_v2_api
2017-01-20,Mandai Lake Road,S40,9.8,,,nea_v2_api
2017-01-20,Jurong Pier Road,S33,0.6,,,nea_v2_api
2017-01-20,Clementi Road,S50,0.2,,,nea_v2_api
2017-01-20,Pulau Ubin,S106,1.4,25.7463,88.5348,nea_v2_api
2017-01-20,Kranji Way,S66,6.0,,,nea_v2_api
2017-01-20,Choa Chu Kang Avenue 4,S114,0.0,,,nea_v2_api
2017-01-20,International Road,S63,2.4,,,nea_v2_api
2017-01-20,Woodlands Avenue 9,S104,6.8,26.3287,88.2493,nea_v2_api
2017-01-20,Woodlands Road,S100,2.0,26.8313,82.853,nea_v2_api
2017-01-20,Sembawang Road,S122,0.4,26.4489,81.3786,nea_v2_api
2017-01-20,Handy Road,S118,0.0,,,nea_v2_api
2017-01-20,Upper Changi Road North,S24B,0.0,26.6681,,nea_v2_api
2017-01-20,Bukit Timah Road,S90,2.4,,,nea_v2_api
2017-01-20,South Buona Vista Road,S92,1.2,,,nea_v2_api
2017-01-20,Upper Changi Road North,S24,4.6,26.2497,87.9631,nea_v2_api
2017-01-20,Yishun Avenue 5,S91,1.8,,,nea_v2_api
2017-01-20,Bukit Panjang Road,S64,1.2,,,nea_v2_api
2017-01-20,Kent Ridge Road,S71,1.2,,,nea_v2_api
2017-01-20,Sime Road,S46,2.0,,,nea_v2_api
2017-01-20,Marina Gardens Drive,S108,0.6,26.8671,83.3265,nea_v2_api
2017-01-20,Holland Road,S120,1.6,,,nea_v2_api
2017-01-21,Sentosa,S60,51.6,26.0968,78.3213,nea_v2_api
2017-01-21,Kim Chuan Road,S43,44.8,26.9411,85.2282,nea_v2_api
2017-01-21,Pasir Ris Drive 12,S29,31.4,,,nea_v2_api
2017-01-21,Alexandra Road,S77,15.4,,,nea_v2_api
2017-01-21,Seletar Aerospace View,S900,16.8,,,nea_v2_api
2017-01-21,Upper Serangoon Road,S36,58.6,,,nea_v2_api
2017-01-21,Nanyang Avenue,S44,9.0,26.2023,69.7173,nea_v2_api
2017-01-21,Toa Payoh North,S88,47.2,,,nea_v2_api
2017-01-21,Chai Chee Street,S61,47.6,,,nea_v2_api
2017-01-21,Serangoon North Avenue 4,S110,35.2,,,nea_v2_api
2017-01-21,Towner Road,S123,41.4,,,nea_v2_api
2017-01-21,Lornie Road,S07,32.2,,,nea_v2_api
2017-01-21,Pasir Ris Street 51,S94,27.2,,,nea_v2_api
2017-01-21,Nicoll Highway,S119,21.2,,,nea_v2_api
2017-01-21,Tuas South Avenue 3,S115,11.4,26.895,83.8525,nea_v2_api
2017-01-21,Tanah Merah Coast Road,S96,3.2,27.5997,79.8319,nea_v2_api
2017-01-21,West Coast Highway,S116,7.8,27.1873,89.3974,nea_v2_api
2017-01-21,Poole Road,S78,36.6,,,nea_v2_api
2017-01-21,S06,S06,38.2,26.6966,78.4038,nea_v2_api
2017-01-21,Semakau Landfill,S102,42.2,27.1405,86.3351,nea_v2_api
2017-01-21,Lim Chu Kang Road,S112,38.4,,,nea_v2_api
2017-01-21,Corporation Road,S101,7.0,,,nea_v2_api
2017-01-21,Ang Mo Kio Avenue 5,S109,51.8,26.2994,85.8023,nea_v2_api
2017-01-21,Somerset Road,S79,24.4,,,nea_v2_api
2017-01-21,East Coast Parkway,S107,21.4,27.2243,85.786,nea_v2_api
2017-01-21,Old Choa Chu Kang Road,S121,13.2,26.6152,79.3469,nea_v2_api
2017-01-21,Punggol Central,S81,31.6,,,nea_v2_api
2017-01-21,Upper Peirce Reservoir Park,S69,28.8,,,nea_v2_api
2017-01-21,Choa Chu Kang Road,S11,6.0,,,nea_v2_api
2017-01-21,Upper Thomson Road,S08,39.6,,,nea_v2_api
2017-01-21,Tuas Road,S89,0.2,,,nea_v2_api
2017-01-21,Marine Parade Road,S113,37.4,,,nea_v2_api
2017-01-21,Buangkok Green,S55,24.6,,,nea_v2_api
2017-01-21,Simei Avenue,S84,26.0,,,nea_v2_api
2017-01-21,Banyan Road,S117,35.4,26.8527,83.739,nea_v2_api
2017-01-21,Old Toh Tuck Road,S35,6.4,,,nea_v2_api
2017-01-21,Mandai Lake Road,S40,42.0,,,nea_v2_api
2017-01-21,Jurong Pier Road,S33,4.2,,,nea_v2_api
2017-01-21,Clementi Road,S50,8.6,,,nea_v2_api
2017-01-21,Pulau Ubin,S106,0.6,26.493,88.9474,nea_v2_api
2017-01-21,Kranji Way,S66,16.4,,,nea_v2_api
2017-01-21,Choa Chu Kang Avenue 4,S114,14.2,,,nea_v2_api
2017-01-21,International Road,S63,5.4,,,nea_v2_api
2017-01-21,Woodlands Avenue 9,S104,49.4,26.1487,93.1765,nea_v2_api
2017-01-21,Woodlands Road,S100,21.0,26.814,84.3568,nea_v2_api
2017-01-21,Sembawang Road,S122,0.6,26.5251,76.6091,nea_v2_api
2017-01-21,Handy Road,S118,25.2,,,nea_v2_api
2017-01-21,Upper Changi Road North,S24B,0.0,27.3493,,nea_v2_api
2017-01-21,Bukit Timah Road,S90,14.2,,,nea_v2_api
2017-01-21,South Buona Vista Road,S92,15.8,,,nea_v2_api
2017-01-21,Upper Changi Road North,S24,5.6,26.9661,86.0114,nea_v2_api
2017-01-21,Yishun Avenue 5,S91,45.8,,,nea_v2_api
2017-01-21,Bukit Panjang Road,S64,9.4,,,nea_v2_api
2017-01-21,Kent Ridge Road,S71,14.0,,,nea_v2_api
2017-01-21,Sime Road,S46,20.8,,,nea_v2_api
2017-01-21,Marina Gardens Drive,S108,14.6,27.1291,84.2538,nea_v2_api
2017-01-21,Holland Road,S120,17.0,,,nea_v2_api
2017-01-22,Sentosa,S60,17.8,28.4001,65.6525,nea_v2_api
2017-01-22,Kim Chuan Road,S43,10.6,26.8937,84.3644,nea_v2_api
2017-01-22,Pasir Ris Drive 12,S29,13.4,,,nea_v2_api
2017-01-22,Alexandra Road,S77,18.2,,,nea_v2_api
2017-01-22,Seletar Aerospace View,S900,23.4,,,nea_v2_api
2017-01-22,Upper Serangoon Road,S36,14.8,,,nea_v2_api
2017-01-22,Nanyang Avenue,S44,5.2,25.9462,78.3013,nea_v2_api
2017-01-22,Toa Payoh North,S88,12.4,,,nea_v2_api
2017-01-22,Chai Chee Street,S61,20.2,,,nea_v2_api
2017-01-22,Serangoon North Avenue 4,S110,15.8,,,nea_v2_api
2017-01-22,Towner Road,S123,17.0,,,nea_v2_api
2017-01-22,Lornie Road,S07,12.4,,,nea_v2_api
2017-01-22,Pasir Ris Street 51,S94,18.4,,,nea_v2_api
2017-01-22,Nicoll Highway,S119,9.4,,,nea_v2_api
2017-01-22,Tuas South Avenue 3,S115,7.2,26.9008,81.6277,nea_v2_api
2017-01-22,Tanah Merah Coast Road,S96,6.2,26.9683,82.455,nea_v2_api
2017-01-22,West Coast Highway,S116,4.8,27.0752,88.6313,nea_v2_api
2017-01-22,Poole Road,S78,13.6,,,nea_v2_api
2017-01-22,S06,S06,10.8,26.7837,76.6674,nea_v2_api
2017-01-22,Semakau Landfill,S102,8.8,27.0031,84.5108,nea_v2_api
2017-01-22,Lim Chu Kang Road,S112,2.6,,,nea_v2_api
2017-01-22,Corporation Road,S101,14.2,,,nea_v2_api
2017-01-22,Ang Mo Kio Avenue 5,S109,13.2,26.2737,84.3171,nea_v2_api
2017-01-22,Somerset Road,S79,13.4,,,nea_v2_api
2017-01-22,East Coast Parkway,S107,27.0,27.0199,86.3946,nea_v2_api
2017-01-22,Old Choa Chu Kang Road,S121,10.4,26.3053,84.0413,nea_v2_api
2017-01-22,Punggol Central,S81,18.6,,,nea_v2_api
2017-01-22,Upper Peirce Reservoir Park,S69,13.8,,,nea_v2_api
2017-01-22,Choa Chu Kang Road,S11,3.0,,,nea_v2_api
2017-01-22,Upper Thomson Road,S08,9.6,,,nea_v2_api
2017-01-22,Tuas Road,S89,0.8,,,nea_v2_api
2017-01-22,Marine Parade Road,S113,29.4,,,nea_v2_api
2017-01-22,Buangkok Green,S55,22.2,,,nea_v2_api
2017-01-22,Simei Avenue,S84,25.0,,,nea_v2_api
2017-01-22,Banyan Road,S117,18.4,26.9154,80.6008,nea_v2_api
2017-01-22,Old Toh Tuck Road,S35,9.4,,,nea_v2_api
2017-01-22,Mandai Lake Road,S40,10.2,,,nea_v2_api
2017-01-22,Jurong Pier Road,S33,15.4,,,nea_v2_api
2017-01-22,Clementi Road,S50,9.8,,,nea_v2_api
2017-01-22,Pulau Ubin,S106,11.4,26.6328,89.747,nea_v2_api
2017-01-22,Kranji Way,S66,11.2,,,nea_v2_api
2017-01-22,Choa Chu Kang Avenue 4,S114,6.8,,,nea_v2_api
2017-01-22,International Road,S63,18.8,,,nea_v2_api
2017-01-22,Woodlands Avenue 9,S104,1.6,26.0886,92.4861,nea_v2_api
2017-01-22,Woodlands Road,S100,5.0,26.8031,82.3658,nea_v2_api
2017-01-22,Sembawang Road,S122,0.6,26.6364,82.743,nea_v2_api
2017-01-22,Handy Road,S118,15.6,,,nea_v2_api
2017-01-22,Upper Changi Road North,S24B,0.0,26.8201,,nea_v2_api
2017-01-22,Bukit Timah Road,S90,11.2,,,nea_v2_api
2017-01-22,South Buona Vista Road,S92,5.4,,,nea_v2_api
2017-01-22,Upper Changi Road North,S24,31.4,26.4607,87.6542,nea_v2_api
2017-01-22,Yishun Avenue 5,S91,17.8,,,nea_v2_api
2017-01-22,Bukit Panjang Road,S64,7.6,,,nea_v2_api
2017-01-22,Kent Ridge Road,S71,3.8,,,nea_v2_api
2017-01-22,Sime Road,S46,10.2,,,nea_v2_api
2017-01-22,Marina Gardens Drive,S108,13.2,27.0932,82.8202,nea_v2_api
2017-01-22,Holland Road,S120,14.0,,,nea_v2_api
2017-01-23,Sentosa,S60,8.4,25.0575,100.4382,nea_v2_api
2017-01-23,Kim Chuan Road,S43,70.6,25.4335,93.2812,nea_v2_api
2017-01-23,Pasir Ris Drive 12,S29,62.6,,,nea_v2_api
2017-01-23,Alexandra Road,S77,100.8,,,nea_v2_api
2017-01-23,Seletar Aerospace View,S900,55.0,,,nea_v2_api
2017-01-23,Upper Serangoon Road,S36,67.6,,,nea_v2_api
2017-01-23,Nanyang Avenue,S44,59.0,24.551,92.118,nea_v2_api
2017-01-23,Toa Payoh North,S88,62.6,,,nea_v2_api
2017-01-23,Chai Chee Street,S61,72.4,,,nea_v2_api
2017-01-23,Serangoon North Avenue 4,S110,69.4,,,nea_v2_api
2017-01-23,Towner Road,S123,88.4,,,nea_v2_api
2017-01-23,Lornie Road,S07,63.0,,,nea_v2_api
2017-01-23,Pasir Ris Street 51,S94,78.2,,,nea_v2_api
2017-01-23,Nicoll Highway,S119,106.0,,,nea_v2_api
2017-01-23,Tuas South Avenue 3,S115,60.6,25.3329,90.4935,nea_v2_api
2017-01-23,Tanah Merah Coast Road,S96,46.8,25.8537,88.6957,nea_v2_api
2017-01-23,West Coast Highway,S116,85.8,25.3601,97.1532,nea_v2_api
2017-01-23,Poole Road,S78,87.2,,,nea_v2_api
2017-01-23,S06,S06,58.6,25.1205,86.8416,nea_v2_api
2017-01-23,Semakau Landfill,S102,46.0,25.7823,91.3504,nea_v2_api
2017-01-23,Lim Chu Kang Road,S112,50.0,,,nea_v2_api
2017-01-23,Corporation Road,S101,78.4,,,nea_v2_api
2017-01-23,Ang Mo Kio Avenue 5,S109,60.6,24.7698,95.2287,nea_v2_api
2017-01-23,Somerset Road,S79,90.8,,,nea_v2_api
2017-01-23,East Coast Parkway,S107,55.8,25.7306,94.948,nea_v2_api
2017-01-23,Old Choa Chu Kang Road,S121,74.0,24.9179,,nea_v2_api
2017-01-23,Punggol Central,S81,55.8,,,nea_v2_api
2017-01-23,Upper Peirce Reservoir Park,S69,51.8,,,nea_v2_api
2017-01-23,Choa Chu Kang Road,S11,68.0,,,nea_v2_api
2017-01-23,Upper Thomson Road,S08,69.8,,,nea_v2_api
2017-01-23,Tuas Road,S89,9.2,,,nea_v2_api
2017-01-23,Marine Parade Road,S113,88.0,,,nea_v2_api
2017-01-23,Buangkok Green,S55,56.2,,,nea_v2_api
2017-01-23,Simei Avenue,S84,79.4,,,nea_v2_api
2017-01-23,Banyan Road,S117,74.0,25.3935,91.1273,nea_v2_api
2017-01-23,Old Toh Tuck Road,S35,77.8,,,nea_v2_api
2017-01-23,Mandai Lake Road,S40,59.8,,,nea_v2_api
2017-01-23,Jurong Pier Road,S33,81.4,,,nea_v2_api
2017-01-23,Clementi Road,S50,78.2,,,nea_v2_api
2017-01-23,Pulau Ubin,S106,57.6,24.7408,92.6641,nea_v2_api
2017-01-23,Kranji Way,S66,77.8,,,nea_v2_api
2017-01-23,Choa Chu Kang Avenue 4,S114,63.4,,,nea_v2_api
2017-01-23,International Road,S63,78.0,,,nea_v2_api
2017-01-23,Woodlands Avenue 9,S104,57.6,24.8301,92.2088,nea_v2_api
2017-01-23,Woodlands Road,S100,71.8,25.1986,93.9516,nea_v2_api
2017-01-23,Sembawang Road,S122,18.4,25.0243,85.1984,nea_v2_api
2017-01-23,Handy Road,S118,97.2,,,nea_v2_api
2017-01-23,Upper Changi Road North,S24B,0.0,25.5586,,nea_v2_api
2017-01-23,Bukit Timah Road,S90,81.2,,,nea_v2_api
2017-01-23,South Buona Vista Road,S92,105.0,,,nea_v2_api
2017-01-23,Upper Changi Road North,S24,60.6,25.1477,95.7355,nea_v2_api
2017-01-23,Yishun Avenue 5,S91,51.6,,,nea_v2_api
2017-01-23,Bukit Panjang Road,S64,60.0,,,nea_v2_api
2017-01-23,Kent Ridge Road,S71,95.4,,,nea_v2_api
2017-01-23,Sime Road,S46,66.0,,,nea_v2_api
2017-01-23,Marina Gardens Drive,S108,97.4,25.5267,93.5186,nea_v2_api
2017-01-23,Holland Road,S120,93.6,,,nea_v2_api
2017-01-24,Kim Chuan Road,S43,14.8,24.4179,94.4836,nea_v2_api
2017-01-24,Pasir Ris Drive 12,S29,18.6,,,nea_v2_api
2017-01-24,Alexandra Road,S77,11.0,,,nea_v2_api
2017-01-24,Seletar Aerospace View,S900,21.4,,,nea_v2_api
2017-01-24,Upper Serangoon Road,S36,15.4,,,nea_v2_api
2017-01-24,Nanyang Avenue,S44,8.8,23.3993,,nea_v2_api
2017-01-24,Toa Payoh North,S88,14.4,,,nea_v2_api
2017-01-24,Chai Chee Street,S61,15.2,,,nea_v2_api
2017-01-24,Serangoon North Avenue 4,S110,15.4,,,nea_v2_api
2017-01-24,Towner Road,S123,13.4,,,nea_v2_api
2017-01-24,Lornie Road,S07,13.2,,,nea_v2_api
2017-01-24,Pasir Ris Street 51,S94,16.8,,,nea_v2_api
2017-01-24,Nicoll Highway,S119,13.6,,,nea_v2_api
2017-01-24,Tuas South Avenue 3,S115,6.4,24.5603,90.4915,nea_v2_api
2017-01-24,Tanah Merah Coast Road,S96,21.6,24.4577,90.5923,nea_v2_api
2017-01-24,West Coast Highway,S116,9.2,24.6085,97.0525,nea_v2_api
2017-01-24,Poole Road,S78,14.6,,,nea_v2_api
2017-01-24,S06,S06,16.2,24.0208,88.6549,nea_v2_api
2017-01-24,Semakau Landfill,S102,11.0,25.3168,92.3384,nea_v2_api
2017-01-24,Lim Chu Kang Road,S112,18.6,,,nea_v2_api
2017-01-24,Corporation Road,S101,9.8,,,nea_v2_api
2017-01-24,Ang Mo Kio Avenue 5,S109,14.0,23.7748,96.2375,nea_v2_api
2017-01-24,Somerset Road,S79,11.2,,,nea_v2_api
2017-01-24,East Coast Parkway,S107,17.2,24.6298,97.1603,nea_v2_api
2017-01-24,Old Choa Chu Kang Road,S121,11.0,23.829,,nea_v2_api
2017-01-24,Punggol Central,S81,21.6,,,nea_v2_api
2017-01-24,Tuas Road,S89,1.4,,,nea_v2_api
2017-01-24,Choa Chu Kang Road,S11,11.4,,,nea_v2_api
2017-01-24,Upper Peirce Reservoir Park,S69,12.6,,,nea_v2_api
2017-01-24,Upper Thomson Road,S08,13.8,,,nea_v2_api
2017-01-24,Marine Parade Road,S113,15.2,,,nea_v2_api
2017-01-24,Buangkok Green,S55,17.8,,,nea_v2_api
2017-01-24,Simei Avenue,S84,15.6,,,nea_v2_api
2017-01-24,Banyan Road,S117,7.0,24.6471,90.6108,nea_v2_api
2017-01-24,Old Toh Tuck Road,S35,11.6,,,nea_v2_api
2017-01-24,Mandai Lake Road,S40,16.4,,,nea_v2_api
2017-01-24,Jurong Pier Road,S33,8.0,,,nea_v2_api
2017-01-24,Clementi Road,S50,10.8,,,nea_v2_api
2017-01-24,Pulau Ubin,S106,17.0,23.7986,97.0845,nea_v2_api
2017-01-24,Kranji Way,S66,18.8,,,nea_v2_api
2017-01-24,Choa Chu Kang Avenue 4,S114,11.6,,,nea_v2_api
2017-01-24,International Road,S63,8.4,,,nea_v2_api
2017-01-24,Woodlands Avenue 9,S104,18.8,23.8625,99.926,nea_v2_api
2017-01-24,Woodlands Road,S100,16.4,24.1375,95.0764,nea_v2_api
2017-01-24,Sembawang Road,S122,18.6,23.8687,,nea_v2_api
2017-01-24,Handy Road,S118,12.2,,,nea_v2_api
2017-01-24,Upper Changi Road North,S24B,0.0,24.3455,,nea_v2_api
2017-01-24,Bukit Timah Road,S90,12.2,,,nea_v2_api
2017-01-24,South Buona Vista Road,S92,10.8,,,nea_v2_api
2017-01-24,Upper Changi Road North,S24,17.2,24.0109,97.2784,nea_v2_api
2017-01-24,Yishun Avenue 5,S91,20.8,,,nea_v2_api
2017-01-24,Bukit Panjang Road,S64,13.2,,,nea_v2_api
2017-01-24,Kent Ridge Road,S71,10.4,,,nea_v2_api
2017-01-24,Sime Road,S46,12.2,,,nea_v2_api
2017-01-24,Marina Gardens Drive,S108,13.4,24.4293,94.6997,nea_v2_api
2017-01-24,Holland Road,S120,13.4,,,nea_v2_api
2017-01-25,Sentosa,S60,3.8,26.9798,77.3787,nea_v2_api
2017-01-25,Kim Chuan Road,S43,3.0,26.1051,82.3079,nea_v2_api
2017-01-25,Pasir Ris Drive 12,S29,0.0,,,nea_v2_api
2017-01-25,Alexandra Road,S77,2.0,,,nea_v2_api
2017-01-25,Seletar Aerospace View,S900,0.4,,,nea_v2_api
2017-01-25,Upper Serangoon Road,S36,5.0,,,nea_v2_api
2017-01-25,Nanyang Avenue,S44,24.0,25.0447,68.4587,nea_v2_api
2017-01-25,Toa Payoh North,S88,1.6,,,nea_v2_api
2017-01-25,Chai Chee Street,S61,0.0,,,nea_v2_api
2017-01-25,Serangoon North Avenue 4,S110,1.2,,,nea_v2_api
2017-01-25,Towner Road,S123,3.2,,,nea_v2_api
2017-01-25,Lornie Road,S07,0.0,,,nea_v2_api
2017-01-25,Pasir Ris Street 51,S94,0.2,,,nea_v2_api
2017-01-25,Nicoll Highway,S119,1.2,,,nea_v2_api
2017-01-25,Tuas South Avenue 3,S115,8.6,26.0501,81.3971,nea_v2_api
2017-01-25,Tanah Merah Coast Road,S96,0.0,26.3324,78.7157,nea_v2_api
2017-01-25,West Coast Highway,S116,2.2,26.1498,88.5249,nea_v2_api
2017-01-25,Poole Road,S78,0.0,,,nea_v2_api
2017-01-25,S06,S06,0.4,26.0258,75.1147,nea_v2_api
2017-01-25,Semakau Landfill,S102,0.8,26.6776,82.524,nea_v2_api
2017-01-25,Lim Chu Kang Road,S112,12.4,,,nea_v2_api
2017-01-25,Corporation Road,S101,10.2,,,nea_v2_api
2017-01-25,Ang Mo Kio Avenue 5,S109,0.0,25.5715,82.6247,nea_v2_api
2017-01-25,Somerset Road,S79,3.4,,,nea_v2_api
2017-01-25,East Coast Parkway,S107,0.0,26.4941,82.5034,nea_v2_api
2017-01-25,Old Choa Chu Kang Road,S121,5.2,25.2937,81.5805,nea_v2_api
2017-01-25,Punggol Central,S81,2.4,,,nea_v2_api
2017-01-25,Upper Peirce Reservoir Park,S69,3.4,,,nea_v2_api
2017-01-25,Choa Chu Kang Road,S11,27.0,,,nea_v2_api
2017-01-25,Upper Thomson Road,S08,0.8,,,nea_v2_api
2017-01-25,Tuas Road,S89,0.0,,,nea_v2_api
2017-01-25,Marine Parade Road,S113,0.0,,,nea_v2_api
2017-01-25,Buangkok Green,S55,3.4,,,nea_v2_api
2017-01-25,Simei Avenue,S84,2.4,,,nea_v2_api
2017-01-25,Banyan Road,S117,12.6,26.2482,78.8432,nea_v2_api
2017-01-25,Old Toh Tuck Road,S35,21.8,,,nea_v2_api
2017-01-25,Mandai Lake Road,S40,8.8,,,nea_v2_api
2017-01-25,Jurong Pier Road,S33,7.0,,,nea_v2_api
2017-01-25,Clementi Road,S50,9.8,,,nea_v2_api
2017-01-25,Pulau Ubin,S106,0.0,25.8687,89.5866,nea_v2_api
2017-01-25,Kranji Way,S66,9.2,,,nea_v2_api
2017-01-25,Choa Chu Kang Avenue 4,S114,4.8,,,nea_v2_api
2017-01-25,International Road,S63,11.6,,,nea_v2_api
2017-01-25,Woodlands Avenue 9,S104,2.8,25.5828,91.6459,nea_v2_api
2017-01-25,Woodlands Road,S100,4.6,25.8899,82.558,nea_v2_api
2017-01-25,Sembawang Road,S122,7.6,25.7898,80.6227,nea_v2_api
2017-01-25,Handy Road,S118,8.6,,,nea_v2_api
2017-01-25,Upper Changi Road North,S24B,0.0,26.2436,99.7227,nea_v2_api
2017-01-25,Bukit Timah Road,S90,1.0,,,nea_v2_api
2017-01-25,South Buona Vista Road,S92,2.2,,,nea_v2_api
2017-01-25,Upper Changi Road North,S24,0.0,25.9216,84.8311,nea_v2_api
2017-01-25,Yishun Avenue 5,S91,3.0,,,nea_v2_api
2017-01-25,Bukit Panjang Road,S64,5.0,,,nea_v2_api
2017-01-25,Kent Ridge Road,S71,3.8,,,nea_v2_api
2017-01-25,Sime Road,S46,1.6,,,nea_v2_api
2017-01-25,Marina Gardens Drive,S108,0.4,26.3136,80.9112,nea_v2_api
2017-01-25,Holland Road,S120,1.0,,,nea_v2_api
2017-01-26,Sentosa,S60,0.0,28.0158,71.0104,nea_v2_api
2017-01-26,Kim Chuan Road,S43,3.4,27.4459,81.4988,nea_v2_api
2017-01-26,Pasir Ris Drive 12,S29,0.6,,,nea_v2_api
2017-01-26,Alexandra Road,S77,1.0,,,nea_v2_api
2017-01-26,Seletar Aerospace View,S900,1.6,,,nea_v2_api
2017-01-26,Upper Serangoon Road,S36,1.2,,,nea_v2_api
2017-01-26,Nanyang Avenue,S44,2.4,26.6203,71.0863,nea_v2_api
2017-01-26,Toa Payoh North,S88,1.2,,,nea_v2_api
2017-01-26,Chai Chee Street,S61,1.6,,,nea_v2_api
2017-01-26,Serangoon North Avenue 4,S110,1.6,,,nea_v2_api
2017-01-26,Towner Road,S123,0.6,,,nea_v2_api
2017-01-26,Lornie Road,S07,0.4,,,nea_v2_api
2017-01-26,Pasir Ris Street 51,S94,0.4,,,nea_v2_api
2017-01-26,Nicoll Highway,S119,1.8,,,nea_v2_api
2017-01-26,Tuas South Avenue 3,S115,0.8,27.5435,78.8443,nea_v2_api
2017-01-26,Tanah Merah Coast Road,S96,0.0,27.4078,80.2662,nea_v2_api
2017-01-26,West Coast Highway,S116,0.6,27.6286,85.4475,nea_v2_api
2017-01-26,Poole Road,S78,2.4,,,nea_v2_api
2017-01-26,S06,S06,1.2,27.4424,74.0042,nea_v2_api
2017-01-26,Semakau Landfill,S102,0.0,27.6577,80.7367,nea_v2_api
2017-01-26,Lim Chu Kang Road,S112,1.6,,,nea_v2_api
2017-01-26,Corporation Road,S101,5.2,,,nea_v2_api
2017-01-26,Ang Mo Kio Avenue 5,S109,0.8,26.8693,81.6792,nea_v2_api
2017-01-26,Somerset Road,S79,0.6,,,nea_v2_api
2017-01-26,East Coast Parkway,S107,0.2,27.6411,82.5617,nea_v2_api
2017-01-26,Old Choa Chu Kang Road,S121,6.4,26.7207,75.5638,nea_v2_api
2017-01-26,Punggol Central,S81,2.6,,,nea_v2_api
2017-01-26,Upper Peirce Reservoir Park,S69,1.8,,,nea_v2_api
2017-01-26,Choa Chu Kang Road,S11,0.8,,,nea_v2_api
2017-01-26,Upper Thomson Road,S08,0.6,,,nea_v2_api
2017-01-26,Tuas Road,S89,0.0,,,nea_v2_api
2017-01-26,Marine Parade Road,S113,0.4,,,nea_v2_api
2017-01-26,Buangkok Green,S55,2.8,,,nea_v2_api
2017-01-26,Simei Avenue,S84,0.4,,,nea_v2_api
2017-01-26,Banyan Road,S117,0.6,27.8649,74.9344,nea_v2_api
2017-01-26,Old Toh Tuck Road,S35,5.8,,,nea_v2_api
2017-01-26,Mandai Lake Road,S40,7.8,,,nea_v2_api
2017-01-26,Jurong Pier Road,S33,1.4,,,nea_v2_api
2017-01-26,Clementi Road,S50,0.6,,,nea_v2_api
2017-01-26,Pulau Ubin,S106,0.8,26.7416,85.1165,nea_v2_api
2017-01-26,Kranji Way,S66,2.8,,,nea_v2_api
2017-01-26,Choa Chu Kang Avenue 4,S114,9.6,,,nea_v2_api
2017-01-26,International Road,S63,2.2,,,nea_v2_api
2017-01-26,Woodlands Avenue 9,S104,13.4,26.5849,86.9618,nea_v2_api
2017-01-26,Woodlands Road,S100,6.4,27.1896,81.0095,nea_v2_api
2017-01-26,Sembawang Road,S122,6.2,27.1436,76.7489,nea_v2_api
2017-01-26,Handy Road,S118,0.6,,,nea_v2_api
2017-01-26,Upper Changi Road North,S24B,0.0,27.4292,92.5378,nea_v2_api
2017-01-26,Bukit Timah Road,S90,0.4,,,nea_v2_api
2017-01-26,South Buona Vista Road,S92,0.2,,,nea_v2_api
2017-01-26,Upper Changi Road North,S24,1.8,27.039,84.9839,nea_v2_api
2017-01-26,Yishun Avenue 5,S91,5.6,,,nea_v2_api
2017-01-26,Bukit Panjang Road,S64,6.8,,,nea_v2_api
2017-01-26,Kent Ridge Road,S71,0.2,,,nea_v2_api
2017-01-26,Sime Road,S46,0.0,,,nea_v2_api
2017-01-26,Marina Gardens Drive,S108,4.8,27.5148,81.6762,nea_v2_api
2017-01-26,Holland Road,S120,0.4,,,nea_v2_api
2017-01-27,Sentosa,S60,0.2,28.1022,65.8969,nea_v2_api
2017-01-27,Kim Chuan Road,S43,0.0,27.7675,78.7667,nea_v2_api
2017-01-27,Pasir Ris Drive 12,S29,0.0,,,nea_v2_api
2017-01-27,Alexandra Road,S77,0.4,,,nea_v2_api
2017-01-27,Seletar Aerospace View,S900,0.2,,,nea_v2_api
2017-01-27,Upper Serangoon Road,S36,0.0,,,nea_v2_api
2017-01-27,Nanyang Avenue,S44,4.0,26.4234,77.7908,nea_v2_api
2017-01-27,Toa Payoh North,S88,0.8,,,nea_v2_api
2017-01-27,Chai Chee Street,S61,0.0,,,nea_v2_api
2017-01-27,Serangoon North Avenue 4,S110,0.0,,,nea_v2_api
2017-01-27,Towner Road,S123,0.0,,,nea_v2_api
2017-01-27,Lornie Road,S07,0.4,,,nea_v2_api
2017-01-27,Pasir Ris Street 51,S94,0.0,,,nea_v2_api
2017-01-27,Nicoll Highway,S119,3.0,,,nea_v2_api
2017-01-27,Tuas South Avenue 3,S115,0.6,27.4699,79.334,nea_v2_api
2017-01-27,Tanah Merah Coast Road,S96,0.0,27.6574,78.6771,nea_v2_api
2017-01-27,West Coast Highway,S116,0.0,27.967,83.8126,nea_v2_api
2017-01-27,Poole Road,S78,0.4,,,nea_v2_api
2017-01-27,S06,S06,0.2,27.7469,70.2993,nea_v2_api
2017-01-27,Semakau Landfill,S102,0.2,27.8127,79.839,nea_v2_api
2017-01-27,Lim Chu Kang Road,S112,3.0,,,nea_v2_api
2017-01-27,Corporation Road,S101,0.6,,,nea_v2_api
2017-01-27,Ang Mo Kio Avenue 5,S109,0.0,27.1299,79.645,nea_v2_api
2017-01-27,Somerset Road,S79,0.4,,,nea_v2_api
2017-01-27,East Coast Parkway,S107,0.0,27.7994,81.2311,nea_v2_api
2017-01-27,Old Choa Chu Kang Road,S121,1.6,26.9973,85.2196,nea_v2_api
2017-01-27,Punggol Central,S81,0.0,,,nea_v2_api
2017-01-27,Upper Peirce Reservoir Park,S69,0.0,,,nea_v2_api
2017-01-27,Choa Chu Kang Road,S11,7.0,,,nea_v2_api
2017-01-27,Upper Thomson Road,S08,0.0,,,nea_v2_api
2017-01-27,Tuas Road,S89,0.0,,,nea_v2_api
2017-01-27,Marine Parade Road,S113,0.0,,,nea_v2_api
2017-01-27,Buangkok Green,S55,0.0,,,nea_v2_api
2017-01-27,Simei Avenue,S84,0.0,,,nea_v2_api
2017-01-27,Banyan Road,S117,0.2,27.8948,74.8334,nea_v2_api
2017-01-27,Old Toh Tuck Road,S35,0.0,,,nea_v2_api
2017-01-27,Mandai Lake Road,S40,0.0,,,nea_v2_api
2017-01-27,Jurong Pier Road,S33,1.2,,,nea_v2_api
2017-01-27,Clementi Road,S50,0.0,,,nea_v2_api
2017-01-27,Pulau Ubin,S106,0.0,27.3071,85.19,nea_v2_api
2017-01-27,Kranji Way,S66,1.2,,,nea_v2_api
2017-01-27,Choa Chu Kang Avenue 4,S114,0.2,,,nea_v2_api
2017-01-27,International Road,S63,0.2,,,nea_v2_api
2017-01-27,Woodlands Avenue 9,S104,0.8,26.9408,87.9374,nea_v2_api
2017-01-27,Woodlands Road,S100,0.0,27.7343,77.2847,nea_v2_api
2017-01-27,Sembawang Road,S122,0.0,27.6924,75.0398,nea_v2_api
2017-01-27,Handy Road,S118,0.4,,,nea_v2_api
2017-01-27,Upper Changi Road North,S24B,0.0,27.7125,,nea_v2_api
2017-01-27,Bukit Timah Road,S90,0.0,,,nea_v2_api
2017-01-27,South Buona Vista Road,S92,0.0,,,nea_v2_api
2017-01-27,Upper Changi Road North,S24,0.0,27.3438,83.0344,nea_v2_api
2017-01-27,Yishun Avenue 5,S91,0.0,,,nea_v2_api
2017-01-27,Bukit Panjang Road,S64,0.0,,,nea_v2_api
2017-01-27,Kent Ridge Road,S71,0.0,,,nea_v2_api
2017-01-27,Sime Road,S46,0.0,,,nea_v2_api
2017-01-27,Marina Gardens Drive,S108,1.2,27.7483,79.025,nea_v2_api
2017-01-27,Holland Road,S120,0.0,,,nea_v2_api
2017-01-28,Sentosa,S60,0.0,26.3362,63.8301,nea_v2_api
2017-01-28,Kim Chuan Road,S43,11.6,26.3318,81.3644,nea_v2_api
2017-01-28,Pasir Ris Drive 12,S29,11.2,,,nea_v2_api
2017-01-28,Alexandra Road,S77,0.0,,,nea_v2_api
2017-01-28,Seletar Aerospace View,S900,5.4,,,nea_v2_api
2017-01-28,Upper Serangoon Road,S36,3.8,,,nea_v2_api
2017-01-28,Nanyang Avenue,S44,0.6,25.7497,78.8131,nea_v2_api
2017-01-28,Toa Payoh North,S88,1.6,,,nea_v2_api
2017-01-28,Chai Chee Street,S61,30.6,,,nea_v2_api
2017-01-28,Serangoon North Avenue 4,S110,5.2,,,nea_v2_api
2017-01-28,Towner Road,S123,1.8,,,nea_v2_api
2017-01-28,Lornie Road,S07,0.2,,,nea_v2_api
2017-01-28,Pasir Ris Street 51,S94,13.8,,,nea_v2_api
2017-01-28,Nicoll Highway,S119,4.0,,,nea_v2_api
2017-01-28,Tuas South Avenue 3,S115,0.0,26.7395,77.252,nea_v2_api
2017-01-28,Tanah Merah Coast Road,S96,3.6,26.766,77.4008,nea_v2_api
2017-01-28,West Coast Highway,S116,0.4,26.9029,83.222,nea_v2_api
2017-01-28,Poole Road,S78,6.4,,,nea_v2_api
2017-01-28,S06,S06,23.4,25.9294,75.6896,nea_v2_api
2017-01-28,Semakau Landfill,S102,0.0,26.9797,78.6082,nea_v2_api
2017-01-28,Lim Chu Kang Road,S112,4.4,,,nea_v2_api
2017-01-28,Corporation Road,S101,0.0,,,nea_v2_api
2017-01-28,Ang Mo Kio Avenue 5,S109,2.6,25.8362,81.3583,nea_v2_api
2017-01-28,Somerset Road,S79,0.2,,,nea_v2_api
2017-01-28,East Coast Parkway,S107,1.4,26.7323,81.7617,nea_v2_api
2017-01-28,Old Choa Chu Kang Road,S121,0.0,26.2737,87.6649,nea_v2_api
2017-01-28,Punggol Central,S81,28.0,,,nea_v2_api
2017-01-28,Tuas Road,S89,0.0,,,nea_v2_api
2017-01-28,Choa Chu Kang Road,S11,0.0,,,nea_v2_api
2017-01-28,Upper Peirce Reservoir Park,S69,0.2,,,nea_v2_api
2017-01-28,Upper Thomson Road,S08,1.2,,,nea_v2_api
2017-01-28,Marine Parade Road,S113,20.8,,,nea_v2_api
2017-01-28,Buangkok Green,S55,17.4,,,nea_v2_api
2017-01-28,Simei Avenue,S84,18.4,,,nea_v2_api
2017-01-28,Banyan Road,S117,0.8,26.8993,73.8473,nea_v2_api
2017-01-28,Old Toh Tuck Road,S35,0.2,,,nea_v2_api
2017-01-28,Mandai Lake Road,S40,0.2,,,nea_v2_api
2017-01-28,Jurong Pier Road,S33,0.0,,,nea_v2_api
2017-01-28,Clementi Road,S50,0.0,,,nea_v2_api
2017-01-28,Pulau Ubin,S106,2.2,25.7631,90.0881,nea_v2_api
2017-01-28,Kranji Way,S66,0.0,,,nea_v2_api
2017-01-28,Choa Chu Kang Avenue 4,S114,0.0,,,nea_v2_api
2017-01-28,International Road,S63,0.2,,,nea_v2_api
2017-01-28,Woodlands Avenue 9,S104,3.2,25.9253,90.4775,nea_v2_api
2017-01-28,Woodlands Road,S100,1.8,26.7506,76.1563,nea_v2_api
2017-01-28,Sembawang Road,S122,1.2,26.3683,81.1331,nea_v2_api
2017-01-28,Handy Road,S118,0.4,,,nea_v2_api
2017-01-28,Upper Changi Road North,S24B,0.0,26.5923,96.396,nea_v2_api
2017-01-28,Bukit Timah Road,S90,0.4,,,nea_v2_api
2017-01-28,South Buona Vista Road,S92,0.0,,,nea_v2_api
2017-01-28,Upper Changi Road North,S24,1.4,26.1731,83.5909,nea_v2_api
2017-01-28,Yishun Avenue 5,S91,2.2,,,nea_v2_api
2017-01-28,Bukit Panjang Road,S64,0.4,,,nea_v2_api
2017-01-28,Kent Ridge Road,S71,0.0,,,nea_v2_api
2017-01-28,Sime Road,S46,0.6,,,nea_v2_api
2017-01-28,Marina Gardens Drive,S108,6.0,26.6119,80.001,nea_v2_api
2017-01-28,Holland Road,S120,0.4,,,nea_v2_api
2017-01-29,Sentosa,S60,0.0,27.5944,66.0834,nea_v2_api
2017-01-29,Kim Chuan Road,S43,0.0,26.7597,81.1831,nea_v2_api
2017-01-29,Pasir Ris Drive 12,S29,0.6,,,nea_v2_api
2017-01-29,Alexandra Road,S77,0.0,,,nea_v2_api
2017-01-29,Seletar Aerospace View,S900,0.2,,,nea_v2_api
2017-01-29,Upper Serangoon Road,S36,0.2,,,nea_v2_api
2017-01-29,Nanyang Avenue,S44,0.0,25.9071,78.499,nea_v2_api
2017-01-29,Toa Payoh North,S88,0.0,,,nea_v2_api
2017-01-29,Chai Chee Street,S61,0.2,,,nea_v2_api
2017-01-29,Serangoon North Avenue 4,S110,0.2,,,nea_v2_api
2017-01-29,Towner Road,S123,0.2,,,nea_v2_api
2017-01-29,Lornie Road,S07,0.2,,,nea_v2_api
2017-01-29,Pasir Ris Street 51,S94,0.4,,,nea_v2_api
2017-01-29,Nicoll Highway,S119,0.2,,,nea_v2_api
2017-01-29,Tuas South Avenue 3,S115,0.0,26.8085,76.543,nea_v2_api
2017-01-29,Tanah Merah Coast Road,S96,0.2,26.735,79.3967,nea_v2_api
2017-01-29,West Coast Highway,S116,0.0,26.931,84.4396,nea_v2_api
2017-01-29,Poole Road,S78,0.2,,,nea_v2_api
2017-01-29,S06,S06,0.4,26.4913,74.4875,nea_v2_api
2017-01-29,Semakau Landfill,S102,0.0,27.1965,78.5271,nea_v2_api
2017-01-29,Lim Chu Kang Road,S112,0.0,,,nea_v2_api
2017-01-29,Corporation Road,S101,0.2,,,nea_v2_api
2017-01-29,Ang Mo Kio Avenue 5,S109,0.0,26.1928,81.5277,nea_v2_api
2017-01-29,Somerset Road,S79,0.0,,,nea_v2_api
2017-01-29,East Coast Parkway,S107,0.0,26.8292,83.3928,nea_v2_api
2017-01-29,Old Choa Chu Kang Road,S121,0.0,26.4566,83.9586,nea_v2_api
2017-01-29,Punggol Central,S81,0.4,,,nea_v2_api
2017-01-29,Tuas Road,S89,0.0,,,nea_v2_api
2017-01-29,Choa Chu Kang Road,S11,0.0,,,nea_v2_api
2017-01-29,Upper Peirce Reservoir Park,S69,0.2,,,nea_v2_api
2017-01-29,Upper Thomson Road,S08,0.2,,,nea_v2_api
2017-01-29,Marine Parade Road,S113,0.2,,,nea_v2_api
2017-01-29,Buangkok Green,S55,0.2,,,nea_v2_api
2017-01-29,Simei Avenue,S84,0.4,,,nea_v2_api
2017-01-29,Banyan Road,S117,0.0,27.0898,73.2756,nea_v2_api
2017-01-29,Old Toh Tuck Road,S35,0.0,,,nea_v2_api
2017-01-29,Mandai Lake Road,S40,0.2,,,nea_v2_api
2017-01-29,Jurong Pier Road,S33,0.0,,,nea_v2_api
2017-01-29,Clementi Road,S50,0.0,,,nea_v2_api
2017-01-29,Pulau Ubin,S106,0.6,25.9492,91.6852,nea_v2_api
2017-01-29,Kranji Way,S66,0.0,,,nea_v2_api
2017-01-29,Choa Chu Kang Avenue 4,S114,0.0,,,nea_v2_api
2017-01-29,International Road,S63,0.0,,,nea_v2_api
2017-01-29,Woodlands Avenue 9,S104,0.0,26.2833,90.258,nea_v2_api
2017-01-29,Woodlands Road,S100,0.0,26.965,76.7277,nea_v2_api
2017-01-29,Sembawang Road,S122,0.2,26.6814,81.1397,nea_v2_api
2017-01-29,Handy Road,S118,0.0,,,nea_v2_api
2017-01-29,Upper Changi Road North,S24B,0.0,26.7351,98.1968,nea_v2_api
2017-01-29,Bukit Timah Road,S90,0.0,,,nea_v2_api
2017-01-29,South Buona Vista Road,S92,0.0,,,nea_v2_api
2017-01-29,Upper Changi Road North,S24,0.6,26.3258,84.8717,nea_v2_api
2017-01-29,Yishun Avenue 5,S91,0.2,,,nea_v2_api
2017-01-29,Bukit Panjang Road,S64,0.0,,,nea_v2_api
2017-01-29,Kent Ridge Road,S71,0.0,,,nea_v2_api
2017-01-29,Sime Road,S46,0.0,,,nea_v2_api
2017-01-29,Marina Gardens Drive,S108,0.0,26.9101,80.3256,nea_v2_api
2017-01-29,Holland Road,S120,0.0,,,nea_v2_api
2017-01-30,Sentosa,S60,0.0,25.6157,86.4199,nea_v2_api
2017-01-30,Kim Chuan Road,S43,3.0,26.3156,86.0606,nea_v2_api
2017-01-30,Pasir Ris Drive 12,S29,3.2,,,nea_v2_api
2017-01-30,Alexandra Road,S77,1.8,,,nea_v2_api
2017-01-30,Seletar Aerospace View,S900,12.8,,,nea_v2_api
2017-01-30,Upper Serangoon Road,S36,10.0,,,nea_v2_api
2017-01-30,Nanyang Avenue,S44,3.4,25.8755,77.9564,nea_v2_api
2017-01-30,Toa Payoh North,S88,8.4,,,nea_v2_api
2017-01-30,Chai Chee Street,S61,3.0,,,nea_v2_api
2017-01-30,Serangoon North Avenue 4,S110,4.8,,,nea_v2_api
2017-01-30,Towner Road,S123,6.8,,,nea_v2_api
2017-01-30,Lornie Road,S07,9.0,,,nea_v2_api
2017-01-30,Pasir Ris Street 51,S94,4.8,,,nea_v2_api
2017-01-30,Nicoll Highway,S119,3.0,,,nea_v2_api
2017-01-30,Tuas South Avenue 3,S115,1.4,26.9686,79.3058,nea_v2_api
2017-01-30,Tanah Merah Coast Road,S96,0.0,26.9401,81.205,nea_v2_api
2017-01-30,West Coast Highway,S116,2.6,26.6259,89.3704,nea_v2_api
2017-01-30,Poole Road,S78,5.6,,,nea_v2_api
2017-01-30,S06,S06,3.2,26.1048,79.1417,nea_v2_api
2017-01-30,Semakau Landfill,S102,0.2,26.8308,83.3935,nea_v2_api
2017-01-30,Lim Chu Kang Road,S112,0.0,,,nea_v2_api
2017-01-30,Corporation Road,S101,4.0,,,nea_v2_api
2017-01-30,Ang Mo Kio Avenue 5,S109,12.8,25.5658,88.6603,nea_v2_api
2017-01-30,Somerset Road,S79,3.6,,,nea_v2_api
2017-01-30,East Coast Parkway,S107,0.8,26.7003,86.066,nea_v2_api
2017-01-30,Old Choa Chu Kang Road,S121,4.2,26.0912,89.3005,nea_v2_api
2017-01-30,Punggol Central,S81,3.6,,,nea_v2_api
2017-01-30,Tuas Road,S89,2.4,,,nea_v2_api
2017-01-30,Choa Chu Kang Road,S11,1.4,,,nea_v2_api
2017-01-30,Upper Peirce Reservoir Park,S69,5.8,,,nea_v2_api
2017-01-30,Upper Thomson Road,S08,12.0,,,nea_v2_api
2017-01-30,Marine Parade Road,S113,0.4,,,nea_v2_api
2017-01-30,Buangkok Green,S55,3.0,,,nea_v2_api
2017-01-30,Simei Avenue,S84,1.4,,,nea_v2_api
2017-01-30,Banyan Road,S117,2.4,27.0857,77.0837,nea_v2_api
2017-01-30,Old Toh Tuck Road,S35,7.2,,,nea_v2_api
2017-01-30,Mandai Lake Road,S40,16.2,,,nea_v2_api
2017-01-30,Jurong Pier Road,S33,6.8,,,nea_v2_api
2017-01-30,Clementi Road,S50,3.2,,,nea_v2_api
2017-01-30,Pulau Ubin,S106,3.8,25.5813,95.96,nea_v2_api
2017-01-30,Kranji Way,S66,2.0,,,nea_v2_api
2017-01-30,Choa Chu Kang Avenue 4,S114,10.4,,,nea_v2_api
2017-01-30,International Road,S63,7.6,,,nea_v2_api
2017-01-30,Woodlands Avenue 9,S104,14.2,25.5311,95.5196,nea_v2_api
2017-01-30,Woodlands Road,S100,2.8,26.3436,82.1321,nea_v2_api
2017-01-30,Sembawang Road,S122,20.4,26.0398,81.9562,nea_v2_api
2017-01-30,Handy Road,S118,3.2,,,nea_v2_api
2017-01-30,Upper Changi Road North,S24B,0.0,26.4222,97.0593,nea_v2_api
2017-01-30,Bukit Timah Road,S90,2.8,,,nea_v2_api
2017-01-30,South Buona Vista Road,S92,0.0,,,nea_v2_api
2017-01-30,Upper Changi Road North,S24,2.6,25.9886,88.7159,nea_v2_api
2017-01-30,Yishun Avenue 5,S91,22.4,,,nea_v2_api
2017-01-30,Bukit Panjang Road,S64,7.6,,,nea_v2_api
2017-01-30,Kent Ridge Road,S71,0.8,,,nea_v2_api
2017-01-30,Sime Road,S46,3.0,,,nea_v2_api
2017-01-30,Marina Gardens Drive,S108,3.0,26.6204,84.8174,nea_v2_api
2017-01-30,Holland Road,S120,3.0,,,nea_v2_api
2017-01-31,Sentosa,S60,0.0,28.5666,59.3775,nea_v2_api
2017-01-31,Kim Chuan Road,S43,0.0,27.306,78.5052,nea_v2_api
2017-01-31,Pasir Ris Drive 12,S29,0.2,,,nea_v2_api
2017-01-31,Alexandra Road,S77,0.0,,,nea_v2_api
2017-01-31,Seletar Aerospace View,S900,0.0,,,nea_v2_api
2017-01-31,Upper Serangoon Road,S36,0.0,,,nea_v2_api
2017-01-31,Nanyang Avenue,S44,0.0,26.6915,72.6378,nea_v2_api
2017-01-31,Toa Payoh North,S88,0.0,,,nea_v2_api
2017-01-31,Chai Chee Street,S61,0.0,,,nea_v2_api
2017-01-31,Serangoon North Avenue 4,S110,0.0,,,nea_v2_api
2017-01-31,Towner Road,S123,0.0,,,nea_v2_api
2017-01-31,Lornie Road,S07,0.0,,,nea_v2_api
2017-01-31,Pasir Ris Street 51,S94,0.0,,,nea_v2_api
2017-01-31,Nicoll Highway,S119,0.0,,,nea_v2_api
2017-01-31,Tuas South Avenue 3,S115,0.0,27.4438,75.4299,nea_v2_api
2017-01-31,Tanah Merah Coast Road,S96,0.0,27.3173,77.3533,nea_v2_api
2017-01-31,West Coast Highway,S116,0.0,27.5243,82.6874,nea_v2_api
2017-01-31,Poole Road,S78,0.0,,,nea_v2_api
2017-01-31,S06,S06,0.0,27.2067,71.1021,nea_v2_api
2017-01-31,Semakau Landfill,S102,0.0,27.4585,78.9658,nea_v2_api
2017-01-31,Lim Chu Kang Road,S112,0.0,,,nea_v2_api
2017-01-31,Corporation Road,S101,0.0,,,nea_v2_api
2017-01-31,Ang Mo Kio Avenue 5,S109,0.0,26.6449,79.8048,nea_v2_api
2017-01-31,Somerset Road,S79,0.0,,,nea_v2_api
2017-01-31,East Coast Parkway,S107,0.0,27.3004,81.0031,nea_v2_api
2017-01-31,Old Choa Chu Kang Road,S121,0.0,27.0145,78.183,nea_v2_api
2017-01-31,Punggol Central,S81,0.0,,,nea_v2_api
2017-01-31,Tuas Road,S89,0.0,,,nea_v2_api
2017-01-31,Choa Chu Kang Road,S11,0.0,,,nea_v2_api
2017-01-31,Upper Peirce Reservoir Park,S69,0.2,,,nea_v2_api
2017-01-31,Upper Thomson Road,S08,0.0,,,nea_v2_api
2017-01-31,Marine Parade Road,S113,0.0,,,nea_v2_api
2017-01-31,Buangkok Green,S55,0.0,,,nea_v2_api
2017-01-31,Simei Avenue,S84,0.0,,,nea_v2_api
2017-01-31,Banyan Road,S117,0.0,27.9184,70.3037,nea_v2_api
2017-01-31,Old Toh Tuck Road,S35,0.0,,,nea_v2_api
2017-01-31,Mandai Lake Road,S40,0.0,,,nea_v2_api
2017-01-31,Jurong Pier Road,S33,0.0,,,nea_v2_api
2017-01-31,Clementi Road,S50,0.0,,,nea_v2_api
2017-01-31,Pulau Ubin,S106,0.0,26.5591,88.463,nea_v2_api
2017-01-31,Kranji Way,S66,0.0,,,nea_v2_api
2017-01-31,Choa Chu Kang Avenue 4,S114,1.0,,,nea_v2_api
2017-01-31,International Road,S63,0.0,,,nea_v2_api
2017-01-31,Woodlands Avenue 9,S104,0.0,26.6581,87.6297,nea_v2_api
2017-01-31,Woodlands Road,S100,0.4,27.3787,75.6189,nea_v2_api
2017-01-31,Sembawang Road,S122,0.2,27.2114,75.8224,nea_v2_api
2017-01-31,Handy Road,S118,0.0,,,nea_v2_api
2017-01-31,Upper Changi Road North,S24B,0.0,27.1419,93.7201,nea_v2_api
2017-01-31,Bukit Timah Road,S90,0.0,,,nea_v2_api
2017-01-31,South Buona Vista Road,S92,0.0,,,nea_v2_api
2017-01-31,Upper Changi Road North,S24,0.0,26.8403,82.4964,nea_v2_api
2017-01-31,Yishun Avenue 5,S91,0.0,,,nea_v2_api
2017-01-31,Bukit Panjang Road,S64,0.0,,,nea_v2_api
2017-01-31,Kent Ridge Road,S71,0.0,,,nea_v2_api
2017-01-31,Sime Road,S46,0.0,,,nea_v2_api
2017-01-31,Marina Gardens Drive,S108,0.0,27.4366,77.5892,nea_v2_api
2017-01-31,Holland Road,S120,0.0,,,nea_v2_api
2017-02-01,Sentosa,S60,0.0,27.5788,65.7299,nea_v2_api
2017-02-01,Kim Chuan Road,S43,0.0,27.7096,73.9775,nea_v2_api
2017-02-01,Pasir Ris Drive 12,S29,0.0,,,nea_v2_api
2017-02-01,Alexandra Road,S77,0.0,,,nea_v2_api
2017-02-01,Seletar Aerospace View,S900,0.0,,,nea_v2_api
2017-02-01,Upper Serangoon Road,S36,0.0,,,nea_v2_api
2017-02-01,Nanyang Avenue,S44,0.0,26.9846,72.6952,nea_v2_api
2017-02-01,Toa Payoh North,S88,0.0,,,nea_v2_api
2017-02-01,Chai Chee Street,S61,0.0,,,nea_v2_api
2017-02-01,Serangoon North Avenue 4,S110,0.0,,,nea_v2_api
2017-02-01,Towner Road,S123,0.0,,,nea_v2_api
2017-02-01,Lornie Road,S07,0.0,,,nea_v2_api
2017-02-01,Pasir Ris Street 51,S94,0.0,,,nea_v2_api
2017-02-01,Nicoll Highway,S119,0.0,,,nea_v2_api
2017-02-01,West Coast Highway,S116,0.0,27.7251,80.0719,nea_v2_api
2017-02-01,Tanah Merah Coast Road,S96,0.0,27.471,74.9395,nea_v2_api
2017-02-01,Tuas South Avenue 3,S115,30.8,27.1522,76.9432,nea_v2_api
2017-02-01,Poole Road,S78,0.0,,,nea_v2_api
2017-02-01,S06,S06,0.0,27.6195,66.6806,nea_v2_api
2017-02-01,Semakau Landfill,S102,0.0,27.2239,78.4816,nea_v2_api
2017-02-01,Lim Chu Kang Road,S112,0.0,,,nea_v2_api
2017-02-01,Corporation Road,S101,0.0,,,nea_v2_api
2017-02-01,Ang Mo Kio Avenue 5,S109,0.0,26.9647,76.0553,nea_v2_api
2017-02-01,Somerset Road,S79,0.0,,,nea_v2_api
2017-02-01,East Coast Parkway,S107,0.0,27.5573,77.8631,nea_v2_api
2017-02-01,Old Choa Chu Kang Road,S121,0.0,27.3213,75.8582,nea_v2_api
2017-02-01,Punggol Central,S81,0.0,,,nea_v2_api
2017-02-01,Tuas Road,S89,0.0,,,nea_v2_api
2017-02-01,Choa Chu Kang Road,S11,0.0,,,nea_v2_api
2017-02-01,Upper Peirce Reservoir Park,S69,0.0,,,nea_v2_api
2017-02-01,Upper Thomson Road,S08,0.0,,,nea_v2_api
2017-02-01,Marine Parade Road,S113,0.0,,,nea_v2_api
2017-02-01,Buangkok Green,S55,0.0,,,nea_v2_api
2017-02-01,Simei Avenue,S84,0.0,,,nea_v2_api
2017-02-01,Banyan Road,S117,0.0,27.5839,71.6448,nea_v2_api
2017-02-01,Old Toh Tuck Road,S35,0.0,,,nea_v2_api
2017-02-01,Mandai Lake Road,S40,0.0,,,nea_v2_api
2017-02-01,Jurong Pier Road,S33,0.0,,,nea_v2_api
2017-02-01,Clementi Road,S50,0.0,,,nea_v2_api
2017-02-01,Pulau Ubin,S106,0.0,26.5025,86.6966,nea_v2_api
2017-02-01,Kranji Way,S66,0.0,,,nea_v2_api
2017-02-01,Choa Chu Kang Avenue 4,S114,0.0,,,nea_v2_api
2017-02-01,International Road,S63,0.0,,,nea_v2_api
2017-02-01,Woodlands Avenue 9,S104,0.0,26.9756,83.4921,nea_v2_api
2017-02-01,Woodlands Road,S100,0.0,27.7844,71.5617,nea_v2_api
2017-02-01,Sembawang Road,S122,0.0,27.387,73.5836,nea_v2_api
2017-02-01,Handy Road,S118,0.0,,,nea_v2_api
2017-02-01,Upper Changi Road North,S24B,0.0,27.2937,87.0991,nea_v2_api
2017-02-01,Bukit Timah Road,S90,0.0,,,nea_v2_api
2017-02-01,South Buona Vista Road,S92,0.0,,,nea_v2_api
2017-02-01,Upper Changi Road North,S24,0.0,26.9232,80.8496,nea_v2_api
2017-02-01,Yishun Avenue 5,S91,0.0,,,nea_v2_api
2017-02-01,Bukit Panjang Road,S64,0.0,,,nea_v2_api
2017-02-01,Kent Ridge Road,S71,0.0,,,nea_v2_api
2017-02-01,Sime Road,S46,0.0,,,nea_v2_api
2017-02-01,Marina Gardens Drive,S108,0.0,27.8894,72.6748,nea_v2_api
2017-02-01,Holland Road,S120,0.0,,,nea_v2_api
2017-02-02,Sentosa,S60,0.0,26.3738,72.0545,nea_v2_api
2017-02-02,Kim Chuan Road,S43,3.6,27.5832,77.1437,nea_v2_api
2017-02-02,Pasir Ris Drive 12,S29,1.4,,,nea_v2_api
2017-02-02,Alexandra Road,S77,1.8,,,nea_v2_api
2017-02-02,Seletar Aerospace View,S900,3.2,,,nea_v2_api
2017-02-02,Upper Serangoon Road,S36,2.4,,,nea_v2_api
2017-02-02,Nanyang Avenue,S44,0.0,26.7216,78.9623,nea_v2_api
2017-02-02,Toa Payoh North,S88,3.2,,,nea_v2_api
2017-02-02,Chai Chee Street,S61,1.0,,,nea_v2_api
2017-02-02,Serangoon North Avenue 4,S110,1.2,,,nea_v2_api
2017-02-02,Towner Road,S123,3.4,,,nea_v2_api
2017-02-02,Lornie Road,S07,2.6,,,nea_v2_api
2017-02-02,Pasir Ris Street 51,S94,4.0,,,nea_v2_api
2017-02-02,Nicoll Highway,S119,0.2,,,nea_v2_api
2017-02-02,Tuas South Avenue 3,S115,0.4,27.3403,79.1826,nea_v2_api
2017-02-02,Tanah Merah Coast Road,S96,0.0,27.7163,73.0067,nea_v2_api
2017-02-02,West Coast Highway,S116,0.2,27.7108,82.772,nea_v2_api
2017-02-02,Poole Road,S78,0.4,,,nea_v2_api
2017-02-02,S06,S06,6.6,27.0548,71.6894,nea_v2_api
2017-02-02,Semakau Landfill,S102,8.4,27.3141,81.1304,nea_v2_api
2017-02-02,Lim Chu Kang Road,S112,0.0,,,nea_v2_api
2017-02-02,Corporation Road,S101,0.0,,,nea_v2_api
2017-02-02,Ang Mo Kio Avenue 5,S109,1.0,27.314,75.7194,nea_v2_api
2017-02-02,Somerset Road,S79,1.6,,,nea_v2_api
2017-02-02,East Coast Parkway,S107,0.0,27.6473,78.2787,nea_v2_api
2017-02-02,Old Choa Chu Kang Road,S121,0.0,27.4332,82.2728,nea_v2_api
2017-02-02,Punggol Central,S81,0.4,,,nea_v2_api
2017-02-02,Tuas Road,S89,0.0,,,nea_v2_api
2017-02-02,Choa Chu Kang Road,S11,0.0,,,nea_v2_api
2017-02-02,Upper Peirce Reservoir Park,S69,0.4,,,nea_v2_api
2017-02-02,Upper Thomson Road,S08,1.8,,,nea_v2_api
2017-02-02,Marine Parade Road,S113,1.6,,,nea_v2_api
2017-02-02,Buangkok Green,S55,0.2,,,nea_v2_api
2017-02-02,Simei Avenue,S84,1.8,,,nea_v2_api
2017-02-02,Banyan Road,S117,1.4,27.6345,74.9843,nea_v2_api
2017-02-02,Old Toh Tuck Road,S35,0.0,,,nea_v2_api
2017-02-02,Mandai Lake Road,S40,11.8,,,nea_v2_api
2017-02-02,Jurong Pier Road,S33,0.0,,,nea_v2_api
2017-02-02,Clementi Road,S50,0.0,,,nea_v2_api
2017-02-02,Pulau Ubin,S106,0.4,26.4763,85.9703,nea_v2_api
2017-02-02,Kranji Way,S66,0.0,,,nea_v2_api
2017-02-02,Choa Chu Kang Avenue 4,S114,0.0,,,nea_v2_api
2017-02-02,International Road,S63,0.0,,,nea_v2_api
2017-02-02,Woodlands Avenue 9,S104,0.2,27.3181,83.7225,nea_v2_api
2017-02-02,Woodlands Road,S100,0.0,27.985,73.7179,nea_v2_api
2017-02-02,Sembawang Road,S122,0.2,26.8912,71.058,nea_v2_api
2017-02-02,Handy Road,S118,0.8,,,nea_v2_api
2017-02-02,Upper Changi Road North,S24B,0.0,27.4148,84.9107,nea_v2_api
2017-02-02,Bukit Timah Road,S90,5.6,,,nea_v2_api
2017-02-02,South Buona Vista Road,S92,0.2,,,nea_v2_api
2017-02-02,Upper Changi Road North,S24,1.4,27.0966,80.6514,nea_v2_api
2017-02-02,Yishun Avenue 5,S91,2.0,,,nea_v2_api
2017-02-02,Bukit Panjang Road,S64,0.0,,,nea_v2_api
2017-02-02,Kent Ridge Road,S71,0.4,,,nea_v2_api
2017-02-02,Sime Road,S46,4.8,,,nea_v2_api
2017-02-02,Marina Gardens Drive,S108,0.4,27.7794,75.1046,nea_v2_api
2017-02-02,Holland Road,S120,4.0,,,nea_v2_api
2017-02-03,Sentosa,S60,0.2,28.3918,67.7851,nea_v2_api
2017-02-03,Kim Chuan Road,S43,11.2,27.858,79.0488,nea_v2_api
2017-02-03,Pasir Ris Drive 12,S29,37.2,,,nea_v2_api
2017-02-03,Alexandra Road,S77,18.0,,,nea_v2_api
2017-02-03,Seletar Aerospace View,S900,23.6,,,nea_v2_api
2017-02-03,Upper Serangoon Road,S36,12.4,,,nea_v2_api
2017-02-03,Nanyang Avenue,S44,3.0,27.2625,72.8443,nea_v2_api
2017-02-03,Toa Payoh North,S88,15.4,,,nea_v2_api
2017-02-03,Chai Chee Street,S61,19.2,,,nea_v2_api
2017-02-03,Serangoon North Avenue 4,S110,18.2,,,nea_v2_api
2017-02-03,Towner Road,S123,10.0,,,nea_v2_api
2017-02-03,Lornie Road,S07,17.0,,,nea_v2_api
2017-02-03,Pasir Ris Street 51,S94,57.4,,,nea_v2_api
2017-02-03,Nicoll Highway,S119,7.4,,,nea_v2_api
2017-02-03,West Coast Highway,S116,7.8,27.9811,83.6531,nea_v2_api
2017-02-03,Tanah Merah Coast Road,S96,3.8,27.9315,76.9631,nea_v2_api
2017-02-03,Tuas South Avenue 3,S115,0.0,27.9778,77.4424,nea_v2_api
2017-02-03,Poole Road,S78,5.0,,,nea_v2_api
2017-02-03,S06,S06,16.8,27.4081,75.5215,nea_v2_api
2017-02-03,Semakau Landfill,S102,1.0,27.6199,82.2274,nea_v2_api
2017-02-03,Lim Chu Kang Road,S112,11.2,,,nea_v2_api
2017-02-03,Corporation Road,S101,3.8,,,nea_v2_api
2017-02-03,Ang Mo Kio Avenue 5,S109,9.0,27.3847,79.6747,nea_v2_api
2017-02-03,Somerset Road,S79,12.0,,,nea_v2_api
2017-02-03,East Coast Parkway,S107,31.0,27.752,82.6051,nea_v2_api
2017-02-03,Old Choa Chu Kang Road,S121,5.8,27.6694,75.9768,nea_v2_api
2017-02-03,Punggol Central,S81,43.4,,,nea_v2_api
2017-02-03,Tuas Road,S89,0.0,,,nea_v2_api
2017-02-03,Choa Chu Kang Road,S11,11.4,,,nea_v2_api
2017-02-03,Upper Peirce Reservoir Park,S69,10.2,,,nea_v2_api
2017-02-03,Upper Thomson Road,S08,15.4,,,nea_v2_api
2017-02-03,Marine Parade Road,S113,2.0,,,nea_v2_api
2017-02-03,Buangkok Green,S55,31.2,,,nea_v2_api
2017-02-03,Simei Avenue,S84,64.4,,,nea_v2_api
2017-02-03,Banyan Road,S117,0.0,28.1757,73.3114,nea_v2_api
2017-02-03,Old Toh Tuck Road,S35,6.6,,,nea_v2_api
2017-02-03,Mandai Lake Road,S40,18.6,,,nea_v2_api
2017-02-03,Jurong Pier Road,S33,3.4,,,nea_v2_api
2017-02-03,Clementi Road,S50,17.8,,,nea_v2_api
2017-02-03,Pulau Ubin,S106,10.2,26.6053,84.1085,nea_v2_api
2017-02-03,Kranji Way,S66,6.8,,,nea_v2_api
2017-02-03,Choa Chu Kang Avenue 4,S114,10.6,,,nea_v2_api
2017-02-03,International Road,S63,3.2,,,nea_v2_api
2017-02-03,Woodlands Avenue 9,S104,25.6,27.4111,83.3805,nea_v2_api
2017-02-03,Woodlands Road,S100,12.2,28.292,74.9116,nea_v2_api
2017-02-03,Sembawang Road,S122,24.6,27.2548,66.7271,nea_v2_api
2017-02-03,Handy Road,S118,13.6,,,nea_v2_api
2017-02-03,Upper Changi Road North,S24B,0.0,27.561,86.5881,nea_v2_api
2017-02-03,Bukit Timah Road,S90,13.8,,,nea_v2_api
2017-02-03,South Buona Vista Road,S92,19.2,,,nea_v2_api
2017-02-03,Upper Changi Road North,S24,25.4,27.1431,85.06,nea_v2_api
2017-02-03,Yishun Avenue 5,S91,69.0,,,nea_v2_api
2017-02-03,Bukit Panjang Road,S64,8.0,,,nea_v2_api
2017-02-03,Kent Ridge Road,S71,13.2,,,nea_v2_api
2017-02-03,Sime Road,S46,16.4,,,nea_v2_api
2017-02-03,Marina Gardens Drive,S108,4.2,27.865,79.239,nea_v2_api
2017-02-03,Holland Road,S120,16.6,,,nea_v2_api
2017-02-04,Sentosa,S60,0.0,27.6456,75.3477,nea_v2_api
2017-02-04,Kim Chuan Road,S43,6.0,27.1851,84.7588,nea_v2_api
2017-02-04,Pasir Ris Drive 12,S29,30.4,,,nea_v2_api
2017-02-04,Alexandra Road,S77,0.4,,,nea_v2_api
2017-02-04,Seletar Aerospace View,S900,46.8,,,nea_v2_api
2017-02-04,Upper Serangoon Road,S36,2.6,,,nea_v2_api
2017-02-04,Nanyang Avenue,S44,0.0,27.0082,74.8353,nea_v2_api
2017-02-04,Toa Payoh North,S88,4.0,,,nea_v2_api
2017-02-04,Chai Chee Street,S61,22.4,,,nea_v2_api
2017-02-04,Serangoon North Avenue 4,S110,47.4,,,nea_v2_api
2017-02-04,Towner Road,S123,10.8,,,nea_v2_api
2017-02-04,Lornie Road,S07,8.4,,,nea_v2_api
2017-02-04,Pasir Ris Street 51,S94,52.0,,,nea_v2_api
2017-02-04,Nicoll Highway,S119,0.2,,,nea_v2_api
2017-02-04,Tuas South Avenue 3,S115,0.0,27.8804,78.9133,nea_v2_api
2017-02-04,Tanah Merah Coast Road,S96,13.2,27.3849,82.7618,nea_v2_api
2017-02-04,West Coast Highway,S116,0.8,27.5858,88.4329,nea_v2_api
2017-02-04,Poole Road,S78,5.8,,,nea_v2_api
2017-02-04,S06,S06,59.8,26.7773,79.4944,nea_v2_api
2017-02-04,Semakau Landfill,S102,0.0,27.4158,84.1283,nea_v2_api
2017-02-04,Lim Chu Kang Road,S112,10.0,,,nea_v2_api
2017-02-04,Corporation Road,S101,0.0,,,nea_v2_api
2017-02-04,Ang Mo Kio Avenue 5,S109,31.2,26.4678,87.7452,nea_v2_api
2017-02-04,Somerset Road,S79,0.2,,,nea_v2_api
2017-02-04,East Coast Parkway,S107,33.4,27.2553,87.1553,nea_v2_api
2017-02-04,Old Choa Chu Kang Road,S121,1.6,27.009,76.9161,nea_v2_api
2017-02-04,Punggol Central,S81,38.4,,,nea_v2_api
2017-02-04,Tuas Road,S89,0.0,,,nea_v2_api
2017-02-04,Choa Chu Kang Road,S11,0.2,,,nea_v2_api
2017-02-04,Upper Peirce Reservoir Park,S69,1.8,,,nea_v2_api
2017-02-04,Upper Thomson Road,S08,8.6,,,nea_v2_api
2017-02-04,Marine Parade Road,S113,12.4,,,nea_v2_api
2017-02-04,Buangkok Green,S55,60.6,,,nea_v2_api
2017-02-04,Simei Avenue,S84,47.8,,,nea_v2_api
2017-02-04,Banyan Road,S117,0.0,28.1976,75.0882,nea_v2_api
2017-02-04,Old Toh Tuck Road,S35,0.0,,,nea_v2_api
2017-02-04,Mandai Lake Road,S40,4.8,,,nea_v2_api
2017-02-04,Jurong Pier Road,S33,0.6,,,nea_v2_api
2017-02-04,Clementi Road,S50,0.8,,,nea_v2_api
2017-02-04,Pulau Ubin,S106,15.4,26.0841,81.1991,nea_v2_api
2017-02-04,Kranji Way,S66,16.4,,,nea_v2_api
2017-02-04,Choa Chu Kang Avenue 4,S114,10.2,,,nea_v2_api
2017-02-04,International Road,S63,0.0,,,nea_v2_api
2017-02-04,Woodlands Avenue 9,S104,14.4,26.7567,88.7387,nea_v2_api
2017-02-04,Woodlands Road,S100,6.6,27.2597,83.312,nea_v2_api
2017-02-04,Sembawang Road,S122,25.6,26.727,72.756,nea_v2_api
2017-02-04,Handy Road,S118,0.0,,,nea_v2_api
2017-02-04,Upper Changi Road North,S24B,0.0,27.1655,88.5442,nea_v2_api
2017-02-04,Bukit Timah Road,S90,0.8,,,nea_v2_api
2017-02-04,South Buona Vista Road,S92,1.4,,,nea_v2_api
2017-02-04,Upper Changi Road North,S24,15.0,26.7136,88.9421,nea_v2_api
2017-02-04,Yishun Avenue 5,S91,32.2,,,nea_v2_api
2017-02-04,Bukit Panjang Road,S64,11.4,,,nea_v2_api
2017-02-04,Kent Ridge Road,S71,2.2,,,nea_v2_api
2017-02-04,Sime Road,S46,8.0,,,nea_v2_api
2017-02-04,Marina Gardens Drive,S108,0.0,27.7033,81.8312,nea_v2_api
2017-02-04,Holland Road,S120,1.0,,,nea_v2_api
2017-02-05,Sentosa,S60,0.0,28.0308,70.5769,nea_v2_api
2017-02-05,Kim Chuan Road,S43,0.0,27.7173,81.3186,nea_v2_api
2017-02-05,Pasir Ris Drive 12,S29,20.4,,,nea_v2_api
2017-02-05,Alexandra Road,S77,0.0,,,nea_v2_api
2017-02-05,Seletar Aerospace View,S900,0.4,,,nea_v2_api
2017-02-05,Upper Serangoon Road,S36,0.0,,,nea_v2_api
2017-02-05,Nanyang Avenue,S44,0.0,27.2866,72.3611,nea_v2_api
2017-02-05,Toa Payoh North,S88,0.0,,,nea_v2_api
2017-02-05,Chai Chee Street,S61,0.4,,,nea_v2_api
2017-02-05,Serangoon North Avenue 4,S110,0.0,,,nea_v2_api
2017-02-05,Towner Road,S123,0.2,,,nea_v2_api
2017-02-05,Lornie Road,S07,0.0,,,nea_v2_api
2017-02-05,Pasir Ris Street 51,S94,17.2,,,nea_v2_api
2017-02-05,Nicoll Highway,S119,0.0,,,nea_v2_api
2017-02-05,Tuas South Avenue 3,S115,0.0,28.0339,77.7348,nea_v2_api
2017-02-05,Tanah Merah Coast Road,S96,1.0,27.4499,82.3213,nea_v2_api
2017-02-05,West Coast Highway,S116,0.0,27.9271,85.3268,nea_v2_api
2017-02-05,Poole Road,S78,0.0,,,nea_v2_api
2017-02-05,S06,S06,0.4,27.3473,75.4941,nea_v2_api
2017-02-05,Semakau Landfill,S102,0.0,28.2272,81.5275,nea_v2_api
2017-02-05,Lim Chu Kang Road,S112,1.8,,,nea_v2_api
2017-02-05,Corporation Road,S101,0.0,,,nea_v2_api
2017-02-05,Ang Mo Kio Avenue 5,S109,0.0,27.1432,81.7662,nea_v2_api
2017-02-05,Somerset Road,S79,0.0,,,nea_v2_api
2017-02-05,East Coast Parkway,S107,3.8,27.4217,85.9116,nea_v2_api
2017-02-05,Old Choa Chu Kang Road,S121,0.0,27.7578,72.4732,nea_v2_api
2017-02-05,Punggol Central,S81,9.6,,,nea_v2_api
2017-02-05,Tuas Road,S89,0.0,,,nea_v2_api
2017-02-05,Choa Chu Kang Road,S11,0.0,,,nea_v2_api
2017-02-05,Upper Peirce Reservoir Park,S69,0.0,,,nea_v2_api
2017-02-05,Upper Thomson Road,S08,0.0,,,nea_v2_api
2017-02-05,Marine Parade Road,S113,0.2,,,nea_v2_api
2017-02-05,Buangkok Green,S55,0.0,,,nea_v2_api
2017-02-05,Simei Avenue,S84,6.2,,,nea_v2_api
2017-02-05,Banyan Road,S117,0.0,28.62,71.9688,nea_v2_api
2017-02-05,Old Toh Tuck Road,S35,0.0,,,nea_v2_api
2017-02-05,Mandai Lake Road,S40,0.0,,,nea_v2_api
2017-02-05,Jurong Pier Road,S33,0.0,,,nea_v2_api
2017-02-05,Clementi Road,S50,0.0,,,nea_v2_api
2017-02-05,Pulau Ubin,S106,42.0,25.9828,81.1276,nea_v2_api
2017-02-05,Kranji Way,S66,0.2,,,nea_v2_api
2017-02-05,Choa Chu Kang Avenue 4,S114,0.0,,,nea_v2_api
2017-02-05,International Road,S63,0.0,,,nea_v2_api
2017-02-05,Woodlands Avenue 9,S104,0.0,27.2639,88.0444,nea_v2_api
2017-02-05,Woodlands Road,S100,0.0,28.1194,76.5695,nea_v2_api
2017-02-05,Sembawang Road,S122,0.2,27.5652,71.7708,nea_v2_api
2017-02-05,Handy Road,S118,0.0,,,nea_v2_api
2017-02-05,Upper Changi Road North,S24B,0.0,27.3199,86.3109,nea_v2_api
2017-02-05,Bukit Timah Road,S90,0.0,,,nea_v2_api
2017-02-05,South Buona Vista Road,S92,0.0,,,nea_v2_api
2017-02-05,Upper Changi Road North,S24,23.4,26.8902,87.8894,nea_v2_api
2017-02-05,Yishun Avenue 5,S91,0.2,,,nea_v2_api
2017-02-05,Bukit Panjang Road,S64,0.0,,,nea_v2_api
2017-02-05,Kent Ridge Road,S71,0.0,,,nea_v2_api
2017-02-05,Sime Road,S46,0.0,,,nea_v2_api
2017-02-05,Marina Gardens Drive,S108,0.0,28.0711,79.4225,nea_v2_api
2017-02-05,Holland Road,S120,0.0,,,nea_v2_api
2017-02-06,Sentosa,S60,0.0,28.8325,66.7476,nea_v2_api
2017-02-06,Kim Chuan Road,S43,0.0,28.096,78.121,nea_v2_api
2017-02-06,Pasir Ris Drive 12,S29,2.6,,,nea_v2_api
2017-02-06,Alexandra Road,S77,0.0,,,nea_v2_api
2017-02-06,Seletar Aerospace View,S900,0.0,,,nea_v2_api
2017-02-06,Upper Serangoon Road,S36,0.0,,,nea_v2_api
2017-02-06,Nanyang Avenue,S44,0.0,27.7523,70.71,nea_v2_api
2017-02-06,Toa Payoh North,S88,0.0,,,nea_v2_api
2017-02-06,Chai Chee Street,S61,0.8,,,nea_v2_api
2017-02-06,Serangoon North Avenue 4,S110,0.8,,,nea_v2_api
2017-02-06,Towner Road,S123,0.0,,,nea_v2_api
2017-02-06,Lornie Road,S07,0.0,,,nea_v2_api
2017-02-06,Pasir Ris Street 51,S94,14.0,,,nea_v2_api
2017-02-06,Nicoll Highway,S119,0.0,,,nea_v2_api
2017-02-06,Tuas South Avenue 3,S115,0.0,28.4846,75.7329,nea_v2_api
2017-02-06,Tanah Merah Coast Road,S96,2.2,27.6658,79.8886,nea_v2_api
2017-02-06,West Coast Highway,S116,0.0,28.5137,81.1367,nea_v2_api
2017-02-06,Poole Road,S78,0.0,,,nea_v2_api
2017-02-06,S06,S06,7.8,27.8287,72.541,nea_v2_api
2017-02-06,Semakau Landfill,S102,0.0,27.9519,81.4228,nea_v2_api
2017-02-06,Lim Chu Kang Road,S112,0.0,,,nea_v2_api
2017-02-06,Corporation Road,S101,0.0,,,nea_v2_api
2017-02-06,Ang Mo Kio Avenue 5,S109,0.0,27.6204,78.1126,nea_v2_api
2017-02-06,Somerset Road,S79,0.0,,,nea_v2_api
2017-02-06,East Coast Parkway,S107,2.8,27.7379,82.9748,nea_v2_api
2017-02-06,Old Choa Chu Kang Road,S121,0.0,28.2847,75.2873,nea_v2_api
2017-02-06,Punggol Central,S81,0.6,,,nea_v2_api
2017-02-06,Tuas Road,S89,0.0,,,nea_v2_api
2017-02-06,Choa Chu Kang Road,S11,0.0,,,nea_v2_api
2017-02-06,Upper Peirce Reservoir Park,S69,0.0,,,nea_v2_api
2017-02-06,Upper Thomson Road,S08,0.0,,,nea_v2_api
2017-02-06,Marine Parade Road,S113,0.4,,,nea_v2_api
2017-02-06,Buangkok Green,S55,5.6,,,nea_v2_api
2017-02-06,Simei Avenue,S84,8.4,,,nea_v2_api
2017-02-06,Banyan Road,S117,0.0,28.8915,70.8255,nea_v2_api
2017-02-06,Old Toh Tuck Road,S35,0.0,,,nea_v2_api
2017-02-06,Mandai Lake Road,S40,0.0,,,nea_v2_api
2017-02-06,Jurong Pier Road,S33,0.0,,,nea_v2_api
2017-02-06,Clementi Road,S50,0.0,,,nea_v2_api
2017-02-06,Pulau Ubin,S106,0.0,26.6596,88.3964,nea_v2_api
2017-02-06,Kranji Way,S66,0.0,,,nea_v2_api
2017-02-06,Choa Chu Kang Avenue 4,S114,0.0,,,nea_v2_api
2017-02-06,International Road,S63,0.0,,,nea_v2_api
2017-02-06,Woodlands Avenue 9,S104,0.0,27.6124,85.5806,nea_v2_api
2017-02-06,Woodlands Road,S100,0.0,28.7247,72.3651,nea_v2_api
2017-02-06,Sembawang Road,S122,0.0,28.0079,74.9208,nea_v2_api
2017-02-06,Handy Road,S118,0.0,,,nea_v2_api
2017-02-06,Upper Changi Road North,S24B,0.0,27.5113,,nea_v2_api
2017-02-06,Bukit Timah Road,S90,0.0,,,nea_v2_api
2017-02-06,South Buona Vista Road,S92,0.0,,,nea_v2_api
2017-02-06,Upper Changi Road North,S24,5.4,27.1223,85.3907,nea_v2_api
2017-02-06,Yishun Avenue 5,S91,0.0,,,nea_v2_api
2017-02-06,Bukit Panjang Road,S64,0.0,,,nea_v2_api
2017-02-06,Kent Ridge Road,S71,0.0,,,nea_v2_api
2017-02-06,Sime Road,S46,0.0,,,nea_v2_api
2017-02-06,Marina Gardens Drive,S108,0.0,28.425,76.4825,nea_v2_api
2017-02-06,Holland Road,S120,0.0,,,nea_v2_api
2017-02-07,Sentosa,S60,0.0,27.1165,72.1363,nea_v2_api
2017-02-07,Kim Chuan Road,S43,20.2,26.7881,84.9646,nea_v2_api
2017-02-07,Pasir Ris Drive 12,S29,28.2,,,nea_v2_api
2017-02-07,Alexandra Road,S77,0.2,,,nea_v2_api
2017-02-07,Upper Serangoon Road,S36,18.6,,,nea_v2_api
2017-02-07,Seletar Aerospace View,S900,15.2,,,nea_v2_api
2017-02-07,Nanyang Avenue,S44,0.2,26.406,76.436,nea_v2_api
2017-02-07,Toa Payoh North,S88,16.2,,,nea_v2_api
2017-02-07,Chai Chee Street,S61,27.6,,,nea_v2_api
2017-02-07,Serangoon North Avenue 4,S110,14.0,,,nea_v2_api
2017-02-07,Towner Road,S123,10.0,,,nea_v2_api
2017-02-07,Lornie Road,S07,11.0,,,nea_v2_api
2017-02-07,Pasir Ris Street 51,S94,20.0,,,nea_v2_api
2017-02-07,Nicoll Highway,S119,0.4,,,nea_v2_api
2017-02-07,West Coast Highway,S116,0.2,27.3656,86.4745,nea_v2_api
2017-02-07,Tanah Merah Coast Road,S96,44.6,26.5669,85.0272,nea_v2_api
2017-02-07,Tuas South Avenue 3,S115,0.2,27.3359,79.059,nea_v2_api
2017-02-07,Poole Road,S78,7.8,,,nea_v2_api
2017-02-07,S06,S06,15.8,26.3783,79.4201,nea_v2_api
2017-02-07,Semakau Landfill,S102,0.0,27.4122,82.5358,nea_v2_api
2017-02-07,Lim Chu Kang Road,S112,25.2,,,nea_v2_api
2017-02-07,Corporation Road,S101,4.0,,,nea_v2_api
2017-02-07,Ang Mo Kio Avenue 5,S109,19.0,26.0618,88.1764,nea_v2_api
2017-02-07,Somerset Road,S79,0.2,,,nea_v2_api
2017-02-07,East Coast Parkway,S107,34.6,26.5618,89.8842,nea_v2_api
2017-02-07,Old Choa Chu Kang Road,S121,11.4,26.7576,82.5099,nea_v2_api
2017-02-07,Punggol Central,S81,26.8,,,nea_v2_api
2017-02-07,Tuas Road,S89,0.0,,,nea_v2_api
2017-02-07,Upper Peirce Reservoir Park,S69,8.6,,,nea_v2_api
2017-02-07,Prince Edward Road,S72,0.0,,,nea_v2_api
2017-02-07,Choa Chu Kang Road,S11,5.8,,,nea_v2_api
2017-02-07,Upper Thomson Road,S08,18.6,,,nea_v2_api
2017-02-07,Marine Parade Road,S113,10.8,,,nea_v2_api
2017-02-07,Buangkok Green,S55,20.0,,,nea_v2_api
2017-02-07,Simei Avenue,S84,33.2,,,nea_v2_api
2017-02-07,Banyan Road,S117,0.0,27.8341,74.3177,nea_v2_api
2017-02-07,Old Toh Tuck Road,S35,0.2,,,nea_v2_api
2017-02-07,Mandai Lake Road,S40,12.2,,,nea_v2_api
2017-02-07,Jurong Pier Road,S33,0.2,,,nea_v2_api
2017-02-07,Clementi Road,S50,1.0,,,nea_v2_api
2017-02-07,Pulau Ubin,S106,62.2,25.3629,88.8135,nea_v2_api
2017-02-07,Kranji Way,S66,30.0,,,nea_v2_api
2017-02-07,Choa Chu Kang Avenue 4,S114,9.8,,,nea_v2_api
2017-02-07,International Road,S63,0.2,,,nea_v2_api
2017-02-07,Woodlands Avenue 9,S104,22.2,26.0663,91.0894,nea_v2_api
2017-02-07,Woodlands Road,S100,20.8,26.7082,83.2599,nea_v2_api
2017-02-07,Sembawang Road,S122,13.6,26.3212,78.7285,nea_v2_api
2017-02-07,Upper Changi Road North,S24B,0.0,26.2439,,nea_v2_api
2017-02-07,Handy Road,S118,0.4,,,nea_v2_api
2017-02-07,Bukit Timah Road,S90,2.0,,,nea_v2_api
2017-02-07,South Buona Vista Road,S92,0.6,,,nea_v2_api
2017-02-07,Yishun Avenue 5,S91,22.6,,,nea_v2_api
2017-02-07,Upper Changi Road North,S24,21.0,25.8504,91.8688,nea_v2_api
2017-02-07,Bukit Panjang Road,S64,10.0,,,nea_v2_api
2017-02-07,Kent Ridge Road,S71,0.4,,,nea_v2_api
2017-02-07,Sime Road,S46,6.4,,,nea_v2_api
2017-02-07,Marina Gardens Drive,S108,0.2,27.3097,81.2258,nea_v2_api
2017-02-07,Holland Road,S120,0.2,,,nea_v2_api
2017-02-08,Sentosa,S60,24.8,27.2785,62.5613,nea_v2_api
2017-02-08,Kim Chuan Road,S43,30.4,26.8865,83.5965,nea_v2_api
2017-02-08,Pasir Ris Drive 12,S29,2.8,,,nea_v2_api
2017-02-08,Alexandra Road,S77,56.8,,,nea_v2_api
2017-02-08,Seletar Aerospace View,S900,7.0,,,nea_v2_api
2017-02-08,Upper Serangoon Road,S36,46.2,,,nea_v2_api
2017-02-08,Nanyang Avenue,S44,12.4,26.415,68.9415,nea_v2_api
2017-02-08,Toa Payoh North,S88,44.2,,,nea_v2_api
2017-02-08,Chai Chee Street,S61,28.4,,,nea_v2_api
2017-02-08,Serangoon North Avenue 4,S110,17.2,,,nea_v2_api
2017-02-08,Towner Road,S123,29.8,,,nea_v2_api
2017-02-08,Lornie Road,S07,38.2,,,nea_v2_api
2017-02-08,Pasir Ris Street 51,S94,4.4,,,nea_v2_api
2017-02-08,Nicoll Highway,S119,79.8,,,nea_v2_api
2017-02-08,Tuas South Avenue 3,S115,15.8,27.3494,79.5685,nea_v2_api
2017-02-08,Tanah Merah Coast Road,S96,10.2,26.8925,81.8567,nea_v2_api
2017-02-08,West Coast Highway,S116,16.8,27.0505,87.6403,nea_v2_api
2017-02-08,Poole Road,S78,31.6,,,nea_v2_api
2017-02-08,S06,S06,5.0,26.4211,78.6424,nea_v2_api
2017-02-08,Semakau Landfill,S102,5.4,27.1549,82.7897,nea_v2_api
2017-02-08,Lim Chu Kang Road,S112,0.0,,,nea_v2_api
2017-02-08,Corporation Road,S101,25.6,,,nea_v2_api
2017-02-08,Ang Mo Kio Avenue 5,S109,8.6,26.4548,83.7413,nea_v2_api
2017-02-08,Somerset Road,S79,108.2,,,nea_v2_api
2017-02-08,East Coast Parkway,S107,24.0,26.8517,86.8171,nea_v2_api
2017-02-08,Old Choa Chu Kang Road,S121,37.2,26.598,69.9246,nea_v2_api
2017-02-08,Punggol Central,S81,5.6,,,nea_v2_api
2017-02-08,Upper Peirce Reservoir Park,S69,36.0,,,nea_v2_api
2017-02-08,Choa Chu Kang Road,S11,19.0,,,nea_v2_api
2017-02-08,Upper Thomson Road,S08,17.4,,,nea_v2_api
2017-02-08,Tuas Road,S89,0.0,,,nea_v2_api
2017-02-08,Marine Parade Road,S113,18.8,,,nea_v2_api
2017-02-08,Buangkok Green,S55,4.0,,,nea_v2_api
2017-02-08,Simei Avenue,S84,4.4,,,nea_v2_api
2017-02-08,Banyan Road,S117,12.4,27.5423,76.049,nea_v2_api
2017-02-08,Old Toh Tuck Road,S35,46.6,,,nea_v2_api
2017-02-08,Mandai Lake Road,S40,31.0,,,nea_v2_api
2017-02-08,Jurong Pier Road,S33,10.2,,,nea_v2_api
2017-02-08,Clementi Road,S50,37.4,,,nea_v2_api
2017-02-08,Pulau Ubin,S106,18.2,25.5501,83.6543,nea_v2_api
2017-02-08,Kranji Way,S66,31.0,,,nea_v2_api
2017-02-08,Choa Chu Kang Avenue 4,S114,72.4,,,nea_v2_api
2017-02-08,International Road,S63,22.6,,,nea_v2_api
2017-02-08,Woodlands Avenue 9,S104,18.4,26.482,85.293,nea_v2_api
2017-02-08,Woodlands Road,S100,32.4,26.867,83.546,nea_v2_api
2017-02-08,Sembawang Road,S122,0.0,26.6147,70.705,nea_v2_api
2017-02-08,Handy Road,S118,96.4,,,nea_v2_api
2017-02-08,Upper Changi Road North,S24B,0.0,26.7143,90.2006,nea_v2_api
2017-02-08,Bukit Timah Road,S90,47.4,,,nea_v2_api
2017-02-08,South Buona Vista Road,S92,38.8,,,nea_v2_api
2017-02-08,Upper Changi Road North,S24,4.6,26.3218,88.1262,nea_v2_api
2017-02-08,Yishun Avenue 5,S91,16.6,,,nea_v2_api
2017-02-08,Bukit Panjang Road,S64,59.8,,,nea_v2_api
2017-02-08,Kent Ridge Road,S71,43.4,,,nea_v2_api
2017-02-08,Sime Road,S46,39.8,,,nea_v2_api
2017-02-08,Marina Gardens Drive,S108,53.2,26.9184,84.2802,nea_v2_api
2017-02-08,Holland Road,S120,79.0,,,nea_v2_api
2017-02-09,Sentosa,S60,0.0,27.8076,63.1512,nea_v2_api
2017-02-09,Kim Chuan Road,S43,0.0,28.0008,69.6801,nea_v2_api
2017-02-09,Pasir Ris Drive 12,S29,0.0,,,nea_v2_api
2017-02-09,Alexandra Road,S77,0.2,,,nea_v2_api
2017-02-09,Seletar Aerospace View,S900,0.0,,,nea_v2_api
2017-02-09,Upper Serangoon Road,S36,0.2,,,nea_v2_api
2017-02-09,Nanyang Avenue,S44,0.0,27.5333,70.2636,nea_v2_api
2017-02-09,Toa Payoh North,S88,0.2,,,nea_v2_api
2017-02-09,Chai Chee Street,S61,0.0,,,nea_v2_api
2017-02-09,Serangoon North Avenue 4,S110,0.0,,,nea_v2_api
2017-02-09,Towner Road,S123,0.0,,,nea_v2_api
2017-02-09,Lornie Road,S07,0.0,,,nea_v2_api
2017-02-09,Pasir Ris Street 51,S94,0.0,,,nea_v2_api
2017-02-09,Nicoll Highway,S119,0.2,,,nea_v2_api
2017-02-09,Tuas South Avenue 3,S115,1.8,27.9872,73.38,nea_v2_api
2017-02-09,Tanah Merah Coast Road,S96,0.0,27.8762,70.6635,nea_v2_api
2017-02-09,West Coast Highway,S116,0.2,28.1557,74.7987,nea_v2_api
2017-02-09,Poole Road,S78,0.0,,,nea_v2_api
2017-02-09,S06,S06,0.0,27.5393,66.4271,nea_v2_api
2017-02-09,Semakau Landfill,S102,1.8,28.0202,72.671,nea_v2_api
2017-02-09,Lim Chu Kang Road,S112,0.0,,,nea_v2_api
2017-02-09,Corporation Road,S101,0.2,,,nea_v2_api
2017-02-09,Ang Mo Kio Avenue 5,S109,0.0,27.3714,70.4815,nea_v2_api
2017-02-09,Somerset Road,S79,0.8,,,nea_v2_api
2017-02-09,East Coast Parkway,S107,0.0,28.021,72.8504,nea_v2_api
2017-02-09,Old Choa Chu Kang Road,S121,0.2,27.5573,67.9142,nea_v2_api
2017-02-09,Punggol Central,S81,0.0,,,nea_v2_api
2017-02-09,Tuas Road,S89,0.0,,,nea_v2_api
2017-02-09,Choa Chu Kang Road,S11,0.2,,,nea_v2_api
2017-02-09,Upper Peirce Reservoir Park,S69,0.4,,,nea_v2_api
2017-02-09,Upper Thomson Road,S08,0.2,,,nea_v2_api
2017-02-09,Marine Parade Road,S113,0.0,,,nea_v2_api
2017-02-09,Buangkok Green,S55,0.0,,,nea_v2_api
2017-02-09,Simei Avenue,S84,0.0,,,nea_v2_api
2017-02-09,Banyan Road,S117,4.4,28.2714,67.3218,nea_v2_api
2017-02-09,Old Toh Tuck Road,S35,0.0,,,nea_v2_api
2017-02-09,Mandai Lake Road,S40,0.0,,,nea_v2_api
2017-02-09,Jurong Pier Road,S33,0.2,,,nea_v2_api
2017-02-09,Clementi Road,S50,0.2,,,nea_v2_api
2017-02-09,Pulau Ubin,S106,0.0,26.7179,74.2938,nea_v2_api
2017-02-09,Kranji Way,S66,0.0,,,nea_v2_api
2017-02-09,Choa Chu Kang Avenue 4,S114,0.2,,,nea_v2_api
2017-02-09,International Road,S63,0.2,,,nea_v2_api
2017-02-09,Woodlands Avenue 9,S104,0.0,27.4487,78.2583,nea_v2_api
2017-02-09,Woodlands Road,S100,0.0,27.8889,73.9947,nea_v2_api
2017-02-09,Sembawang Road,S122,0.0,27.3144,66.5429,nea_v2_api
2017-02-09,Handy Road,S118,0.0,,,nea_v2_api
2017-02-09,Upper Changi Road North,S24B,0.0,27.7387,79.2817,nea_v2_api
2017-02-09,Bukit Timah Road,S90,0.4,,,nea_v2_api
2017-02-09,South Buona Vista Road,S92,0.0,,,nea_v2_api
2017-02-09,Upper Changi Road North,S24,0.0,27.4046,76.0836,nea_v2_api
2017-02-09,Yishun Avenue 5,S91,0.0,,,nea_v2_api
2017-02-09,Bukit Panjang Road,S64,0.0,,,nea_v2_api
2017-02-09,Kent Ridge Road,S71,0.0,,,nea_v2_api
2017-02-09,Sime Road,S46,0.2,,,nea_v2_api
2017-02-09,Marina Gardens Drive,S108,0.0,28.1206,69.2201,nea_v2_api
2017-02-09,Holland Road,S120,1.2,,,nea_v2_api
2017-02-10,Sentosa,S60,0.0,28.4733,58.3211,nea_v2_api
2017-02-10,Kim Chuan Road,S43,0.0,28.032,72.2714,nea_v2_api
2017-02-10,Pasir Ris Drive 12,S29,0.0,,,nea_v2_api
2017-02-10,Alexandra Road,S77,0.0,,,nea_v2_api
2017-02-10,Seletar Aerospace View,S900,0.0,,,nea_v2_api
2017-02-10,Upper Serangoon Road,S36,0.0,,,nea_v2_api
2017-02-10,Nanyang Avenue,S44,0.0,27.5616,69.2991,nea_v2_api
2017-02-10,Toa Payoh North,S88,0.0,,,nea_v2_api
2017-02-10,Chai Chee Street,S61,0.0,,,nea_v2_api
2017-02-10,Serangoon North Avenue 4,S110,0.0,,,nea_v2_api
2017-02-10,Towner Road,S123,0.0,,,nea_v2_api
2017-02-10,Lornie Road,S07,0.0,,,nea_v2_api
2017-02-10,Pasir Ris Street 51,S94,0.0,,,nea_v2_api
2017-02-10,Nicoll Highway,S119,0.0,,,nea_v2_api
2017-02-10,Tuas South Avenue 3,S115,0.0,28.3436,69.3749,nea_v2_api
2017-02-10,Tanah Merah Coast Road,S96,0.0,27.7792,73.7434,nea_v2_api
2017-02-10,West Coast Highway,S116,0.0,28.2819,75.295,nea_v2_api
2017-02-10,Poole Road,S78,0.0,,,nea_v2_api
2017-02-10,S06,S06,0.0,28.0481,64.6431,nea_v2_api
2017-02-10,Semakau Landfill,S102,0.0,28.0289,74.222,nea_v2_api
2017-02-10,Lim Chu Kang Road,S112,0.0,,,nea_v2_api
2017-02-10,Corporation Road,S101,0.0,,,nea_v2_api
2017-02-10,Ang Mo Kio Avenue 5,S109,0.0,27.3533,72.5171,nea_v2_api
2017-02-10,Somerset Road,S79,0.0,,,nea_v2_api
2017-02-10,East Coast Parkway,S107,0.0,27.8207,76.7022,nea_v2_api
2017-02-10,Old Choa Chu Kang Road,S121,0.0,27.8853,72.7723,nea_v2_api
2017-02-10,Punggol Central,S81,0.0,,,nea_v2_api
2017-02-10,Tuas Road,S89,0.0,,,nea_v2_api
2017-02-10,Choa Chu Kang Road,S11,0.0,,,nea_v2_api
2017-02-10,Upper Peirce Reservoir Park,S69,0.0,,,nea_v2_api
2017-02-10,Upper Thomson Road,S08,0.0,,,nea_v2_api
2017-02-10,Marine Parade Road,S113,0.0,,,nea_v2_api
2017-02-10,Buangkok Green,S55,0.0,,,nea_v2_api
2017-02-10,Simei Avenue,S84,0.0,,,nea_v2_api
2017-02-10,Banyan Road,S117,0.2,28.7286,64.5545,nea_v2_api
2017-02-10,Old Toh Tuck Road,S35,0.0,,,nea_v2_api
2017-02-10,Mandai Lake Road,S40,0.0,,,nea_v2_api
2017-02-10,Jurong Pier Road,S33,0.0,,,nea_v2_api
2017-02-10,Clementi Road,S50,0.0,,,nea_v2_api
2017-02-10,Pulau Ubin,S106,0.0,27.0449,83.1852,nea_v2_api
2017-02-10,Kranji Way,S66,0.0,,,nea_v2_api
2017-02-10,Choa Chu Kang Avenue 4,S114,0.0,,,nea_v2_api
2017-02-10,International Road,S63,0.0,,,nea_v2_api
2017-02-10,Woodlands Avenue 9,S104,0.0,27.4149,80.852,nea_v2_api
2017-02-10,Woodlands Road,S100,0.0,28.4325,68.5912,nea_v2_api
2017-02-10,Sembawang Road,S122,0.0,27.889,73.4712,nea_v2_api
2017-02-10,Handy Road,S118,0.0,,,nea_v2_api
2017-02-10,Upper Changi Road North,S24B,0.0,27.7057,82.839,nea_v2_api
2017-02-10,Bukit Timah Road,S90,0.0,,,nea_v2_api
2017-02-10,South Buona Vista Road,S92,0.0,,,nea_v2_api
2017-02-10,Upper Changi Road North,S24,0.0,27.3365,78.8745,nea_v2_api
2017-02-10,Yishun Avenue 5,S91,0.0,,,nea_v2_api
2017-02-10,Bukit Panjang Road,S64,0.0,,,nea_v2_api
2017-02-10,Kent Ridge Road,S71,0.0,,,nea_v2_api
2017-02-10,Sime Road,S46,0.0,,,nea_v2_api
2017-02-10,Marina Gardens Drive,S108,0.0,28.2523,69.5914,nea_v2_api
2017-02-10,Holland Road,S120,0.2,,,nea_v2_api
2017-02-11,Sentosa,S60,0.2,27.9506,59.8477,nea_v2_api
2017-02-11,Kim Chuan Road,S43,0.0,27.6732,73.2807,nea_v2_api
2017-02-11,Pasir Ris Drive 12,S29,0.0,,,nea_v2_api
2017-02-11,Alexandra Road,S77,0.4,,,nea_v2_api
2017-02-11,Seletar Aerospace View,S900,0.2,,,nea_v2_api
2017-02-11,Upper Serangoon Road,S36,0.0,,,nea_v2_api
2017-02-11,Nanyang Avenue,S44,0.0,27.0003,71.8803,nea_v2_api
2017-02-11,Toa Payoh North,S88,0.2,,,nea_v2_api
2017-02-11,Chai Chee Street,S61,0.0,,,nea_v2_api
2017-02-11,Serangoon North Avenue 4,S110,0.0,,,nea_v2_api
2017-02-11,Towner Road,S123,0.0,,,nea_v2_api
2017-02-11,Lornie Road,S07,0.0,,,nea_v2_api
2017-02-11,Pasir Ris Street 51,S94,0.2,,,nea_v2_api
2017-02-11,Nicoll Highway,S119,1.0,,,nea_v2_api
2017-02-11,Tuas South Avenue 3,S115,0.0,27.9473,70.6083,nea_v2_api
2017-02-11,Tanah Merah Coast Road,S96,0.4,27.4406,74.201,nea_v2_api
2017-02-11,West Coast Highway,S116,0.0,27.7079,77.7997,nea_v2_api
2017-02-11,Poole Road,S78,0.0,,,nea_v2_api
2017-02-11,S06,S06,0.2,27.7214,65.2278,nea_v2_api
2017-02-11,Semakau Landfill,S102,0.0,28.396,70.4418,nea_v2_api
2017-02-11,Lim Chu Kang Road,S112,0.0,,,nea_v2_api
2017-02-11,Corporation Road,S101,0.0,,,nea_v2_api
2017-02-11,Ang Mo Kio Avenue 5,S109,1.2,26.8893,74.3794,nea_v2_api
2017-02-11,Somerset Road,S79,0.0,,,nea_v2_api
2017-02-11,East Coast Parkway,S107,0.0,27.6908,76.5057,nea_v2_api
2017-02-11,Old Choa Chu Kang Road,S121,0.0,27.4632,80.3033,nea_v2_api
2017-02-11,Punggol Central,S81,0.0,,,nea_v2_api
2017-02-11,Tuas Road,S89,0.0,,,nea_v2_api
2017-02-11,Choa Chu Kang Road,S11,0.0,,,nea_v2_api
2017-02-11,Upper Peirce Reservoir Park,S69,0.2,,,nea_v2_api
2017-02-11,Upper Thomson Road,S08,1.0,,,nea_v2_api
2017-02-11,Marine Parade Road,S113,0.0,,,nea_v2_api
2017-02-11,Buangkok Green,S55,0.0,,,nea_v2_api
2017-02-11,Simei Avenue,S84,0.4,,,nea_v2_api
2017-02-11,Banyan Road,S117,0.0,28.2744,65.9133,nea_v2_api
2017-02-11,Old Toh Tuck Road,S35,1.0,,,nea_v2_api
2017-02-11,Mandai Lake Road,S40,0.0,,,nea_v2_api
2017-02-11,Jurong Pier Road,S33,0.0,,,nea_v2_api
2017-02-11,Clementi Road,S50,0.0,,,nea_v2_api
2017-02-11,Pulau Ubin,S106,0.2,27.0557,82.6678,nea_v2_api
2017-02-11,Kranji Way,S66,0.0,,,nea_v2_api
2017-02-11,Choa Chu Kang Avenue 4,S114,0.0,,,nea_v2_api
2017-02-11,International Road,S63,0.0,,,nea_v2_api
2017-02-11,Woodlands Avenue 9,S104,0.6,26.8245,84.219,nea_v2_api
2017-02-11,Woodlands Road,S100,0.0,27.7639,71.1239,nea_v2_api
2017-02-11,Sembawang Road,S122,0.0,27.5131,75.857,nea_v2_api
2017-02-11,Handy Road,S118,0.0,,,nea_v2_api
2017-02-11,Upper Changi Road North,S24B,0.0,27.6863,83.9436,nea_v2_api
2017-02-11,Bukit Timah Road,S90,2.0,,,nea_v2_api
2017-02-11,South Buona Vista Road,S92,0.4,,,nea_v2_api
2017-02-11,Upper Changi Road North,S24,0.0,27.3444,77.9567,nea_v2_api
2017-02-11,Yishun Avenue 5,S91,0.0,,,nea_v2_api
2017-02-11,Bukit Panjang Road,S64,0.0,,,nea_v2_api
2017-02-11,Kent Ridge Road,S71,0.0,,,nea_v2_api
2017-02-11,Sime Road,S46,1.0,,,nea_v2_api
2017-02-11,Marina Gardens Drive,S108,0.0,27.7341,71.147,nea_v2_api
2017-02-11,Holland Road,S120,0.8,,,nea_v2_api
2017-02-12,Sentosa,S60,1.6,26.8277,69.0967,nea_v2_api
2017-02-12,Kim Chuan Road,S43,8.2,26.5026,81.5924,nea_v2_api
2017-02-12,Pasir Ris Drive 12,S29,6.4,,,nea_v2_api
2017-02-12,Alexandra Road,S77,1.4,,,nea_v2_api
2017-02-12,Seletar Aerospace View,S900,1.0,,,nea_v2_api
2017-02-12,Upper Serangoon Road,S36,2.4,,,nea_v2_api
2017-02-12,Nanyang Avenue,S44,4.2,25.7592,82.4677,nea_v2_api
2017-02-12,Toa Payoh North,S88,0.2,,,nea_v2_api
2017-02-12,Chai Chee Street,S61,5.2,,,nea_v2_api
2017-02-12,Serangoon North Avenue 4,S110,0.6,,,nea_v2_api
2017-02-12,Towner Road,S123,2.8,,,nea_v2_api
2017-02-12,Lornie Road,S07,2.0,,,nea_v2_api
2017-02-12,Pasir Ris Street 51,S94,3.8,,,nea_v2_api
2017-02-12,Nicoll Highway,S119,4.2,,,nea_v2_api
2017-02-12,Tuas South Avenue 3,S115,10.0,26.5427,79.4613,nea_v2_api
2017-02-12,Tanah Merah Coast Road,S96,6.8,26.5324,79.5899,nea_v2_api
2017-02-12,West Coast Highway,S116,1.2,26.7531,85.799,nea_v2_api
2017-02-12,Poole Road,S78,5.0,,,nea_v2_api
2017-02-12,S06,S06,4.8,26.3353,73.9688,nea_v2_api
2017-02-12,Semakau Landfill,S102,0.6,27.0034,79.9921,nea_v2_api
2017-02-12,Lim Chu Kang Road,S112,0.0,,,nea_v2_api
2017-02-12,Corporation Road,S101,2.0,,,nea_v2_api
2017-02-12,Ang Mo Kio Avenue 5,S109,1.2,25.8903,82.5535,nea_v2_api
2017-02-12,Somerset Road,S79,1.0,,,nea_v2_api
2017-02-12,East Coast Parkway,S107,2.4,26.747,82.8452,nea_v2_api
2017-02-12,Old Choa Chu Kang Road,S121,3.4,26.258,90.5554,nea_v2_api
2017-02-12,Punggol Central,S81,4.6,,,nea_v2_api
2017-02-12,Upper Peirce Reservoir Park,S69,3.2,,,nea_v2_api
2017-02-12,Choa Chu Kang Road,S11,6.8,,,nea_v2_api
2017-02-12,Upper Thomson Road,S08,4.4,,,nea_v2_api
2017-02-12,Tuas Road,S89,0.0,,,nea_v2_api
2017-02-12,Marine Parade Road,S113,5.0,,,nea_v2_api
2017-02-12,Buangkok Green,S55,1.4,,,nea_v2_api
2017-02-12,Simei Avenue,S84,2.8,,,nea_v2_api
2017-02-12,Banyan Road,S117,5.2,26.9196,75.4625,nea_v2_api
2017-02-12,Old Toh Tuck Road,S35,3.8,,,nea_v2_api
2017-02-12,Mandai Lake Road,S40,4.6,,,nea_v2_api
2017-02-12,Jurong Pier Road,S33,4.0,,,nea_v2_api
2017-02-12,Clementi Road,S50,4.6,,,nea_v2_api
2017-02-12,Pulau Ubin,S106,3.0,26.0971,89.2649,nea_v2_api
2017-02-12,Kranji Way,S66,5.8,,,nea_v2_api
2017-02-12,Choa Chu Kang Avenue 4,S114,1.6,,,nea_v2_api
2017-02-12,International Road,S63,3.6,,,nea_v2_api
2017-02-12,Woodlands Avenue 9,S104,2.4,25.9912,91.8736,nea_v2_api
2017-02-12,Woodlands Road,S100,4.6,26.6885,77.9773,nea_v2_api
2017-02-12,Sembawang Road,S122,0.0,26.5515,86.5095,nea_v2_api
2017-02-12,Handy Road,S118,2.4,,,nea_v2_api
2017-02-12,Upper Changi Road North,S24B,0.0,26.6378,95.073,nea_v2_api
2017-02-12,Bukit Timah Road,S90,1.6,,,nea_v2_api
2017-02-12,South Buona Vista Road,S92,3.0,,,nea_v2_api
2017-02-12,Upper Changi Road North,S24,5.2,26.3032,83.9685,nea_v2_api
2017-02-12,Yishun Avenue 5,S91,3.8,,,nea_v2_api
2017-02-12,Bukit Panjang Road,S64,4.8,,,nea_v2_api
2017-02-12,Kent Ridge Road,S71,1.6,,,nea_v2_api
2017-02-12,Sime Road,S46,4.0,,,nea_v2_api
2017-02-12,Marina Gardens Drive,S108,5.0,26.6412,79.0223,nea_v2_api
2017-02-12,Holland Road,S120,1.2,,,nea_v2_api
2017-02-13,Sentosa,S60,1.4,27.7895,65.9082,nea_v2_api
2017-02-13,Kim Chuan Road,S43,2.4,26.8572,82.2215,nea_v2_api
2017-02-13,Pasir Ris Drive 12,S29,3.0,,,nea_v2_api
2017-02-13,Alexandra Road,S77,4.8,,,nea_v2_api
2017-02-13,Seletar Aerospace View,S900,0.8,,,nea_v2_api
2017-02-13,Upper Serangoon Road,S36,2.0,,,nea_v2_api
2017-02-13,Nanyang Avenue,S44,3.8,25.7317,77.5068,nea_v2_api
2017-02-13,Toa Payoh North,S88,1.6,,,nea_v2_api
2017-02-13,Chai Chee Street,S61,1.4,,,nea_v2_api
2017-02-13,Serangoon North Avenue 4,S110,1.2,,,nea_v2_api
2017-02-13,Towner Road,S123,3.2,,,nea_v2_api
2017-02-13,Lornie Road,S07,1.0,,,nea_v2_api
2017-02-13,Pasir Ris Street 51,S94,1.6,,,nea_v2_api
2017-02-13,Nicoll Highway,S119,1.0,,,nea_v2_api
2017-02-13,Tuas South Avenue 3,S115,2.8,26.8108,80.2133,nea_v2_api
2017-02-13,Tanah Merah Coast Road,S96,12.2,26.879,80.639,nea_v2_api
2017-02-13,West Coast Highway,S116,0.8,26.9423,87.4107,nea_v2_api
2017-02-13,Poole Road,S78,1.2,,,nea_v2_api
2017-02-13,S06,S06,1.6,26.8667,73.8054,nea_v2_api
2017-02-13,Semakau Landfill,S102,2.6,27.1154,81.9241,nea_v2_api
2017-02-13,Lim Chu Kang Road,S112,0.0,,,nea_v2_api
2017-02-13,Corporation Road,S101,2.8,,,nea_v2_api
2017-02-13,Ang Mo Kio Avenue 5,S109,1.0,26.2516,82.9072,nea_v2_api
2017-02-13,Somerset Road,S79,1.2,,,nea_v2_api
2017-02-13,East Coast Parkway,S107,1.6,27.0941,83.754,nea_v2_api
2017-02-13,Old Choa Chu Kang Road,S121,2.0,26.1919,87.3988,nea_v2_api
2017-02-13,Punggol Central,S81,2.6,,,nea_v2_api
2017-02-13,Upper Peirce Reservoir Park,S69,4.0,,,nea_v2_api
2017-02-13,Choa Chu Kang Road,S11,4.2,,,nea_v2_api
2017-02-13,Upper Thomson Road,S08,2.0,,,nea_v2_api
2017-02-13,Tuas Road,S89,0.0,,,nea_v2_api
2017-02-13,Marine Parade Road,S113,0.4,,,nea_v2_api
2017-02-13,Buangkok Green,S55,1.8,,,nea_v2_api
2017-02-13,Simei Avenue,S84,2.8,,,nea_v2_api
2017-02-13,Banyan Road,S117,1.2,27.013,77.4463,nea_v2_api
2017-02-13,Old Toh Tuck Road,S35,5.4,,,nea_v2_api
2017-02-13,Mandai Lake Road,S40,7.8,,,nea_v2_api
2017-02-13,Jurong Pier Road,S33,2.2,,,nea_v2_api
2017-02-13,Clementi Road,S50,3.4,,,nea_v2_api
2017-02-13,Pulau Ubin,S106,2.2,26.3954,87.6627,nea_v2_api
2017-02-13,Kranji Way,S66,3.2,,,nea_v2_api
2017-02-13,Choa Chu Kang Avenue 4,S114,0.6,,,nea_v2_api
2017-02-13,International Road,S63,1.8,,,nea_v2_api
2017-02-13,Woodlands Avenue 9,S104,1.4,26.0273,89.7791,nea_v2_api
2017-02-13,Woodlands Road,S100,3.2,26.6173,81.6446,nea_v2_api
2017-02-13,Sembawang Road,S122,0.0,26.4417,83.7822,nea_v2_api
2017-02-13,Handy Road,S118,1.6,,,nea_v2_api
2017-02-13,Upper Changi Road North,S24B,0.0,26.8817,96.4824,nea_v2_api
2017-02-13,Bukit Timah Road,S90,2.2,,,nea_v2_api
2017-02-13,South Buona Vista Road,S92,0.6,,,nea_v2_api
2017-02-13,Upper Changi Road North,S24,1.6,26.5225,85.1067,nea_v2_api
2017-02-13,Yishun Avenue 5,S91,6.6,,,nea_v2_api
2017-02-13,Bukit Panjang Road,S64,2.2,,,nea_v2_api
2017-02-13,Kent Ridge Road,S71,1.6,,,nea_v2_api
2017-02-13,Sime Road,S46,2.2,,,nea_v2_api
2017-02-13,Marina Gardens Drive,S108,7.0,26.9295,80.9196,nea_v2_api
2017-02-13,Holland Road,S120,3.0,,,nea_v2_api
2017-02-14,Sentosa,S60,0.0,27.6346,64.3211,nea_v2_api
2017-02-14,Kim Chuan Road,S43,0.6,26.9647,79.3674,nea_v2_api
2017-02-14,Pasir Ris Drive 12,S29,1.2,,,nea_v2_api
2017-02-14,Alexandra Road,S77,2.2,,,nea_v2_api
2017-02-14,Seletar Aerospace View,S900,1.6,,,nea_v2_api
2017-02-14,Upper Serangoon Road,S36,0.2,,,nea_v2_api
2017-02-14,Nanyang Avenue,S44,1.4,26.0997,78.4005,nea_v2_api
2017-02-14,Toa Payoh North,S88,0.6,,,nea_v2_api
2017-02-14,Chai Chee Street,S61,3.2,,,nea_v2_api
2017-02-14,Serangoon North Avenue 4,S110,0.0,,,nea_v2_api
2017-02-14,Towner Road,S123,0.4,,,nea_v2_api
2017-02-14,Lornie Road,S07,3.4,,,nea_v2_api
2017-02-14,Pasir Ris Street 51,S94,1.0,,,nea_v2_api
2017-02-14,Nicoll Highway,S119,4.6,,,nea_v2_api
2017-02-14,Tuas South Avenue 3,S115,3.8,26.8588,78.078,nea_v2_api
2017-02-14,Tanah Merah Coast Road,S96,2.0,26.8353,79.4057,nea_v2_api
2017-02-14,West Coast Highway,S116,0.0,27.1128,84.0502,nea_v2_api
2017-02-14,Poole Road,S78,1.8,,,nea_v2_api
2017-02-14,S06,S06,0.2,26.9721,70.5611,nea_v2_api
2017-02-14,Semakau Landfill,S102,1.2,27.1566,79.7907,nea_v2_api
2017-02-14,Lim Chu Kang Road,S112,0.0,,,nea_v2_api
2017-02-14,Corporation Road,S101,1.2,,,nea_v2_api
2017-02-14,Ang Mo Kio Avenue 5,S109,0.8,26.27,80.2053,nea_v2_api
2017-02-14,Somerset Road,S79,0.2,,,nea_v2_api
2017-02-14,East Coast Parkway,S107,0.0,27.0891,81.6058,nea_v2_api
2017-02-14,Old Choa Chu Kang Road,S121,1.4,26.6691,81.566,nea_v2_api
2017-02-14,Punggol Central,S81,0.2,,,nea_v2_api
2017-02-14,Tuas Road,S89,0.0,,,nea_v2_api
2017-02-14,Choa Chu Kang Road,S11,2.6,,,nea_v2_api
2017-02-14,Upper Peirce Reservoir Park,S69,1.6,,,nea_v2_api
2017-02-14,Upper Thomson Road,S08,1.2,,,nea_v2_api
2017-02-14,Marine Parade Road,S113,3.4,,,nea_v2_api
2017-02-14,Buangkok Green,S55,0.0,,,nea_v2_api
2017-02-14,Simei Avenue,S84,0.6,,,nea_v2_api
2017-02-14,Banyan Road,S117,0.0,27.5171,72.2541,nea_v2_api
2017-02-14,Old Toh Tuck Road,S35,1.0,,,nea_v2_api
2017-02-14,Mandai Lake Road,S40,1.8,,,nea_v2_api
2017-02-14,Jurong Pier Road,S33,0.8,,,nea_v2_api
2017-02-14,Clementi Road,S50,1.4,,,nea_v2_api
2017-02-14,Pulau Ubin,S106,1.4,26.4381,88.0054,nea_v2_api
2017-02-14,Kranji Way,S66,5.8,,,nea_v2_api
2017-02-14,Choa Chu Kang Avenue 4,S114,2.6,,,nea_v2_api
2017-02-14,International Road,S63,0.6,,,nea_v2_api
2017-02-14,Woodlands Avenue 9,S104,2.0,26.0282,90.4422,nea_v2_api
2017-02-14,Woodlands Road,S100,2.2,26.8522,77.6257,nea_v2_api
2017-02-14,Sembawang Road,S122,0.0,26.8034,82.5988,nea_v2_api
2017-02-14,Handy Road,S118,0.2,,,nea_v2_api
2017-02-14,Upper Changi Road North,S24B,0.0,27.0192,93.5252,nea_v2_api
2017-02-14,Bukit Timah Road,S90,4.6,,,nea_v2_api
2017-02-14,South Buona Vista Road,S92,5.0,,,nea_v2_api
2017-02-14,Upper Changi Road North,S24,0.2,26.679,82.7401,nea_v2_api
2017-02-14,Yishun Avenue 5,S91,2.4,,,nea_v2_api
2017-02-14,Bukit Panjang Road,S64,4.4,,,nea_v2_api
2017-02-14,Kent Ridge Road,S71,1.6,,,nea_v2_api
2017-02-14,Sime Road,S46,3.8,,,nea_v2_api
2017-02-14,Marina Gardens Drive,S108,1.8,27.009,78.2483,nea_v2_api
2017-02-14,Holland Road,S120,2.0,,,nea_v2_api
2017-02-15,Sentosa,S60,0.8,27.0793,67.2165,nea_v2_api
2017-02-15,Kim Chuan Road,S43,19.6,25.9425,83.3427,nea_v2_api
2017-02-15,Pasir Ris Drive 12,S29,20.4,,,nea_v2_api
2017-02-15,Alexandra Road,S77,8.2,,,nea_v2_api
2017-02-15,Seletar Aerospace View,S900,7.8,,,nea_v2_api
2017-02-15,Upper Serangoon Road,S36,12.6,,,nea_v2_api
2017-02-15,Nanyang Avenue,S44,2.4,24.9869,75.7028,nea_v2_api
2017-02-15,Toa Payoh North,S88,10.0,,,nea_v2_api
2017-02-15,Chai Chee Street,S61,19.0,,,nea_v2_api
2017-02-15,Serangoon North Avenue 4,S110,12.4,,,nea_v2_api
2017-02-15,Towner Road,S123,9.4,,,nea_v2_api
2017-02-15,Lornie Road,S07,7.2,,,nea_v2_api
2017-02-15,Pasir Ris Street 51,S94,22.2,,,nea_v2_api
2017-02-15,Nicoll Highway,S119,12.6,,,nea_v2_api
2017-02-15,Tuas South Avenue 3,S115,5.6,25.7306,81.9445,nea_v2_api
2017-02-15,Tanah Merah Coast Road,S96,4.8,26.1138,81.2624,nea_v2_api
2017-02-15,West Coast Highway,S116,1.6,26.0253,87.9754,nea_v2_api
2017-02-15,Poole Road,S78,12.8,,,nea_v2_api
2017-02-15,S06,S06,20.2,25.8663,75.6389,nea_v2_api
2017-02-15,Semakau Landfill,S102,3.4,26.2148,83.4842,nea_v2_api
2017-02-15,Lim Chu Kang Road,S112,0.0,,,nea_v2_api
2017-02-15,Corporation Road,S101,1.8,,,nea_v2_api
2017-02-15,Ang Mo Kio Avenue 5,S109,8.0,25.1059,86.1252,nea_v2_api
2017-02-15,Somerset Road,S79,6.4,,,nea_v2_api
2017-02-15,East Coast Parkway,S107,13.0,26.2055,85.6992,nea_v2_api
2017-02-15,Old Choa Chu Kang Road,S121,2.4,25.4634,83.6966,nea_v2_api
2017-02-15,Punggol Central,S81,20.0,,,nea_v2_api
2017-02-15,Upper Peirce Reservoir Park,S69,5.8,,,nea_v2_api
2017-02-15,Choa Chu Kang Road,S11,3.0,,,nea_v2_api
2017-02-15,Upper Thomson Road,S08,7.8,,,nea_v2_api
2017-02-15,Tuas Road,S89,0.2,,,nea_v2_api
2017-02-15,Marine Parade Road,S113,16.2,,,nea_v2_api
2017-02-15,Buangkok Green,S55,19.2,,,nea_v2_api
2017-02-15,Simei Avenue,S84,19.8,,,nea_v2_api
2017-02-15,Banyan Road,S117,0.6,26.3351,76.3799,nea_v2_api
2017-02-15,Old Toh Tuck Road,S35,2.4,,,nea_v2_api
2017-02-15,Mandai Lake Road,S40,4.6,,,nea_v2_api
2017-02-15,Jurong Pier Road,S33,1.2,,,nea_v2_api
2017-02-15,Clementi Road,S50,4.8,,,nea_v2_api
2017-02-15,Pulau Ubin,S106,24.0,25.5179,85.1881,nea_v2_api
2017-02-15,Kranji Way,S66,3.8,,,nea_v2_api
2017-02-15,Choa Chu Kang Avenue 4,S114,2.4,,,nea_v2_api
2017-02-15,International Road,S63,1.4,,,nea_v2_api
2017-02-15,Woodlands Avenue 9,S104,5.4,25.0728,88.1033,nea_v2_api
2017-02-15,Woodlands Road,S100,3.0,25.8224,81.5465,nea_v2_api
2017-02-15,Sembawang Road,S122,0.0,25.7464,79.4464,nea_v2_api
2017-02-15,Handy Road,S118,8.2,,,nea_v2_api
2017-02-15,Upper Changi Road North,S24B,0.0,26.0342,90.3676,nea_v2_api
2017-02-15,Bukit Timah Road,S90,6.2,,,nea_v2_api
2017-02-15,South Buona Vista Road,S92,6.6,,,nea_v2_api
2017-02-15,Upper Changi Road North,S24,16.4,25.6775,86.8775,nea_v2_api
2017-02-15,Yishun Avenue 5,S91,7.4,,,nea_v2_api
2017-02-15,Bukit Panjang Road,S64,4.0,,,nea_v2_api
2017-02-15,Kent Ridge Road,S71,5.6,,,nea_v2_api
2017-02-15,Sime Road,S46,8.0,,,nea_v2_api
2017-02-15,Marina Gardens Drive,S108,11.8,26.0541,82.8204,nea_v2_api
2017-02-15,Holland Road,S120,7.8,,,nea_v2_api
2017-02-16,Sentosa,S60,0.0,28.1221,57.7607,nea_v2_api
2017-02-16,Kim Chuan Road,S43,0.0,27.0413,75.9768,nea_v2_api
2017-02-16,Pasir Ris Drive 12,S29,0.0,,,nea_v2_api
2017-02-16,Alexandra Road,S77,0.0,,,nea_v2_api
2017-02-16,Seletar Aerospace View,S900,0.0,,,nea_v2_api
2017-02-16,Upper Serangoon Road,S36,0.0,,,nea_v2_api
2017-02-16,Nanyang Avenue,S44,0.0,26.1642,72.8251,nea_v2_api
2017-02-16,Toa Payoh North,S88,0.0,,,nea_v2_api
2017-02-16,Chai Chee Street,S61,0.0,,,nea_v2_api
2017-02-16,Serangoon North Avenue 4,S110,0.0,,,nea_v2_api
2017-02-16,Towner Road,S123,0.0,,,nea_v2_api
2017-02-16,Lornie Road,S07,0.0,,,nea_v2_api
2017-02-16,Pasir Ris Street 51,S94,0.0,,,nea_v2_api
2017-02-16,Nicoll Highway,S119,0.0,,,nea_v2_api
2017-02-16,Tuas South Avenue 3,S115,0.0,26.9484,74.3758,nea_v2_api
2017-02-16,Tanah Merah Coast Road,S96,0.8,26.9015,76.5408,nea_v2_api
2017-02-16,West Coast Highway,S116,0.0,27.168,80.2169,nea_v2_api
2017-02-16,Poole Road,S78,0.0,,,nea_v2_api
2017-02-16,S06,S06,0.0,27.0273,67.442,nea_v2_api
2017-02-16,Semakau Landfill,S102,0.0,27.1478,76.5436,nea_v2_api
2017-02-16,Lim Chu Kang Road,S112,0.0,,,nea_v2_api
2017-02-16,Corporation Road,S101,0.2,,,nea_v2_api
2017-02-16,Ang Mo Kio Avenue 5,S109,0.2,26.2716,77.3758,nea_v2_api
2017-02-16,Somerset Road,S79,0.0,,,nea_v2_api
2017-02-16,East Coast Parkway,S107,0.2,27.062,79.3451,nea_v2_api
2017-02-16,Old Choa Chu Kang Road,S121,0.4,26.5815,80.6447,nea_v2_api
2017-02-16,Punggol Central,S81,0.0,,,nea_v2_api
2017-02-16,Tuas Road,S89,0.0,,,nea_v2_api
2017-02-16,Choa Chu Kang Road,S11,0.0,,,nea_v2_api
2017-02-16,Upper Peirce Reservoir Park,S69,0.0,,,nea_v2_api
2017-02-16,Upper Thomson Road,S08,0.2,,,nea_v2_api
2017-02-16,Marine Parade Road,S113,0.0,,,nea_v2_api
2017-02-16,Buangkok Green,S55,0.0,,,nea_v2_api
2017-02-16,Simei Avenue,S84,0.0,,,nea_v2_api
2017-02-16,Banyan Road,S117,0.6,27.3055,70.1396,nea_v2_api
2017-02-16,Old Toh Tuck Road,S35,0.0,,,nea_v2_api
2017-02-16,Mandai Lake Road,S40,0.0,,,nea_v2_api
2017-02-16,Jurong Pier Road,S33,0.2,,,nea_v2_api
2017-02-16,Clementi Road,S50,0.0,,,nea_v2_api
2017-02-16,Pulau Ubin,S106,0.0,26.3818,85.504,nea_v2_api
2017-02-16,Kranji Way,S66,0.0,,,nea_v2_api
2017-02-16,Choa Chu Kang Avenue 4,S114,0.4,,,nea_v2_api
2017-02-16,International Road,S63,0.0,,,nea_v2_api
2017-02-16,Woodlands Avenue 9,S104,0.0,26.2585,87.4811,nea_v2_api
2017-02-16,Woodlands Road,S100,0.2,26.9607,74.2102,nea_v2_api
2017-02-16,Sembawang Road,S122,0.0,26.9728,78.2959,nea_v2_api
2017-02-16,Handy Road,S118,0.0,,,nea_v2_api
2017-02-16,Upper Changi Road North,S24B,0.0,26.9939,87.3032,nea_v2_api
2017-02-16,Bukit Timah Road,S90,0.0,,,nea_v2_api
2017-02-16,South Buona Vista Road,S92,0.0,,,nea_v2_api
2017-02-16,Upper Changi Road North,S24,0.8,26.6345,80.8941,nea_v2_api
2017-02-16,Yishun Avenue 5,S91,0.0,,,nea_v2_api
2017-02-16,Bukit Panjang Road,S64,0.2,,,nea_v2_api
2017-02-16,Kent Ridge Road,S71,0.0,,,nea_v2_api
2017-02-16,Sime Road,S46,0.0,,,nea_v2_api
2017-02-16,Marina Gardens Drive,S108,0.0,27.0938,75.1885,nea_v2_api
2017-02-16,Holland Road,S120,0.0,,,nea_v2_api
2017-02-17,Sentosa,S60,0.0,29.227,54.8418,nea_v2_api
2017-02-17,Kim Chuan Road,S43,0.0,27.4772,75.4352,nea_v2_api
2017-02-17,Pasir Ris Drive 12,S29,0.0,,,nea_v2_api
2017-02-17,Alexandra Road,S77,0.0,,,nea_v2_api
2017-02-17,Seletar Aerospace View,S900,0.0,,,nea_v2_api
2017-02-17,Upper Serangoon Road,S36,0.0,,,nea_v2_api
2017-02-17,Nanyang Avenue,S44,0.0,26.9,70.7843,nea_v2_api
2017-02-17,Toa Payoh North,S88,0.0,,,nea_v2_api
2017-02-17,Chai Chee Street,S61,0.0,,,nea_v2_api
2017-02-17,Serangoon North Avenue 4,S110,0.0,,,nea_v2_api
2017-02-17,Towner Road,S123,0.0,,,nea_v2_api
2017-02-17,Lornie Road,S07,0.0,,,nea_v2_api
2017-02-17,Pasir Ris Street 51,S94,0.0,,,nea_v2_api
2017-02-17,Nicoll Highway,S119,0.0,,,nea_v2_api
2017-02-17,Tuas South Avenue 3,S115,0.0,27.7513,72.2742,nea_v2_api
2017-02-17,Tanah Merah Coast Road,S96,0.0,27.2858,75.5067,nea_v2_api
2017-02-17,West Coast Highway,S116,0.0,27.6602,79.5408,nea_v2_api
2017-02-17,Poole Road,S78,0.0,,,nea_v2_api
2017-02-17,S06,S06,0.0,27.6267,66.7188,nea_v2_api
2017-02-17,Semakau Landfill,S102,0.0,27.3939,77.0149,nea_v2_api
2017-02-17,Lim Chu Kang Road,S112,0.0,,,nea_v2_api
2017-02-17,Corporation Road,S101,0.0,,,nea_v2_api
2017-02-17,Ang Mo Kio Avenue 5,S109,0.0,26.8785,76.3511,nea_v2_api
2017-02-17,Somerset Road,S79,0.0,,,nea_v2_api
2017-02-17,East Coast Parkway,S107,0.0,27.447,78.3175,nea_v2_api
2017-02-17,Old Choa Chu Kang Road,S121,0.0,27.2368,76.8807,nea_v2_api
2017-02-17,Punggol Central,S81,0.0,,,nea_v2_api
2017-02-17,Tuas Road,S89,0.0,,,nea_v2_api
2017-02-17,Choa Chu Kang Road,S11,0.0,,,nea_v2_api
2017-02-17,Upper Peirce Reservoir Park,S69,0.0,,,nea_v2_api
2017-02-17,Upper Thomson Road,S08,0.0,,,nea_v2_api
2017-02-17,Marine Parade Road,S113,0.0,,,nea_v2_api
2017-02-17,Buangkok Green,S55,0.0,,,nea_v2_api
2017-02-17,Simei Avenue,S84,0.0,,,nea_v2_api
2017-02-17,Banyan Road,S117,0.0,28.0724,68.4051,nea_v2_api
2017-02-17,Old Toh Tuck Road,S35,0.0,,,nea_v2_api
2017-02-17,Mandai Lake Road,S40,0.0,,,nea_v2_api
2017-02-17,Jurong Pier Road,S33,0.0,,,nea_v2_api
2017-02-17,Clementi Road,S50,0.0,,,nea_v2_api
2017-02-17,Pulau Ubin,S106,0.0,26.5608,84.8557,nea_v2_api
2017-02-17,Kranji Way,S66,0.0,,,nea_v2_api
2017-02-17,Choa Chu Kang Avenue 4,S114,0.0,,,nea_v2_api
2017-02-17,International Road,S63,0.0,,,nea_v2_api
2017-02-17,Woodlands Avenue 9,S104,0.0,26.7688,86.4999,nea_v2_api
2017-02-17,Woodlands Road,S100,0.0,27.5747,73.2431,nea_v2_api
2017-02-17,Sembawang Road,S122,0.0,27.5643,74.59,nea_v2_api
2017-02-17,Handy Road,S118,0.0,,,nea_v2_api
2017-02-17,Upper Changi Road North,S24B,0.0,27.5059,82.2814,nea_v2_api
2017-02-17,Bukit Timah Road,S90,0.0,,,nea_v2_api
2017-02-17,South Buona Vista Road,S92,0.0,,,nea_v2_api
2017-02-17,Upper Changi Road North,S24,0.0,27.1417,79.6443,nea_v2_api
2017-02-17,Yishun Avenue 5,S91,0.0,,,nea_v2_api
2017-02-17,Bukit Panjang Road,S64,0.0,,,nea_v2_api
2017-02-17,Kent Ridge Road,S71,0.0,,,nea_v2_api
2017-02-17,Sime Road,S46,0.0,,,nea_v2_api
2017-02-17,Marina Gardens Drive,S108,0.0,27.6446,74.0291,nea_v2_api
2017-02-17,Holland Road,S120,0.0,,,nea_v2_api
2017-02-18,Upper Serangoon Road,S36,0.0,,,nea_v2_api
2017-02-18,Pasir Ris Street 51,S94,0.0,,,nea_v2_api
2017-02-18,Nicoll Highway,S119,0.0,,,nea_v2_api
2017-02-18,Tanah Merah Coast Road,S96,0.0,27.1364,80.6101,nea_v2_api
2017-02-18,Lim Chu Kang Road,S112,0.0,,,nea_v2_api
2017-02-18,Corporation Road,S101,0.0,,,nea_v2_api
2017-02-18,Somerset Road,S79,0.0,,,nea_v2_api
2017-02-18,East Coast Parkway,S107,0.0,27.4326,82.8855,nea_v2_api
2017-02-18,Old Choa Chu Kang Road,S121,0.0,27.1099,79.5054,nea_v2_api
2017-02-18,Punggol Central,S81,0.0,,,nea_v2_api
2017-02-18,Tuas Road,S89,0.0,,,nea_v2_api
2017-02-18,Upper Peirce Reservoir Park,S69,0.0,,,nea_v2_api
2017-02-18,Marine Parade Road,S113,0.0,,,nea_v2_api
2017-02-18,Buangkok Green,S55,0.0,,,nea_v2_api
2017-02-18,Simei Avenue,S84,0.0,,,nea_v2_api
2017-02-18,Banyan Road,S117,0.0,27.7456,73.8293,nea_v2_api
2017-02-18,Old Toh Tuck Road,S35,0.0,,,nea_v2_api
2017-02-18,Jurong Pier Road,S33,0.0,,,nea_v2_api
2017-02-18,Clementi Road,S50,0.0,,,nea_v2_api
2017-02-18,Pulau Ubin,S106,0.0,26.7334,89.1451,nea_v2_api
2017-02-18,International Road,S63,0.0,,,nea_v2_api
2017-02-18,Woodlands Avenue 9,S104,0.0,26.6643,88.4173,nea_v2_api
2017-02-18,Woodlands Road,S100,0.0,27.35,77.8208,nea_v2_api
2017-02-18,Sembawang Road,S122,0.0,27.2724,77.2899,nea_v2_api
2017-02-18,Upper Changi Road North,S24B,0.0,27.3685,92.1408,nea_v2_api
2017-02-18,Yishun Avenue 5,S91,0.0,,,nea_v2_api
2017-02-18,Holland Road,S120,0.0,,,nea_v2_api
2017-02-18,Sentosa,S60,0.0,26.3054,77.3204,nea_v2_api
2017-02-18,Kim Chuan Road,S43,0.0,27.2699,81.3258,nea_v2_api
2017-02-18,Pasir Ris Drive 12,S29,0.0,,,nea_v2_api
2017-02-18,Alexandra Road,S77,0.0,,,nea_v2_api
2017-02-18,Seletar Aerospace View,S900,0.0,,,nea_v2_api
2017-02-18,Nanyang Avenue,S44,0.0,26.7321,75.1165,nea_v2_api
2017-02-18,Toa Payoh North,S88,0.0,,,nea_v2_api
2017-02-18,Chai Chee Street,S61,0.0,,,nea_v2_api
2017-02-18,Serangoon North Avenue 4,S110,0.0,,,nea_v2_api
2017-02-18,Towner Road,S123,0.0,,,nea_v2_api
2017-02-18,Lornie Road,S07,0.0,,,nea_v2_api
2017-02-18,West Coast Highway,S116,0.0,27.417,85.8369,nea_v2_api
2017-02-18,Tuas South Avenue 3,S115,0.0,27.6708,75.8058,nea_v2_api
2017-02-18,Poole Road,S78,0.0,,,nea_v2_api
2017-02-18,S06,S06,0.0,27.2936,72.3046,nea_v2_api
2017-02-18,Semakau Landfill,S102,0.0,27.5236,80.9186,nea_v2_api
2017-02-18,Ang Mo Kio Avenue 5,S109,0.0,26.6485,81.9969,nea_v2_api
2017-02-18,Prince Edward Road,S72,0.0,,,nea_v2_api
2017-02-18,Choa Chu Kang Road,S11,0.0,,,nea_v2_api
2017-02-18,Upper Thomson Road,S08,0.0,,,nea_v2_api
2017-02-18,Mandai Lake Road,S40,0.0,,,nea_v2_api
2017-02-18,Kranji Way,S66,0.0,,,nea_v2_api
2017-02-18,Choa Chu Kang Avenue 4,S114,0.0,,,nea_v2_api
2017-02-18,Handy Road,S118,0.0,,,nea_v2_api
2017-02-18,Bukit Timah Road,S90,0.0,,,nea_v2_api
2017-02-18,South Buona Vista Road,S92,0.0,,,nea_v2_api
2017-02-18,Upper Changi Road North,S24,0.0,27.0087,84.1903,nea_v2_api
2017-02-18,Bukit Panjang Road,S64,0.0,,,nea_v2_api
2017-02-18,Kent Ridge Road,S71,0.0,,,nea_v2_api
2017-02-18,Sime Road,S46,0.0,,,nea_v2_api
2017-02-18,Marina Gardens Drive,S108,0.0,27.3188,80.5417,nea_v2_api
2017-02-19,Upper Serangoon Road,S36,0.0,,,nea_v2_api
2017-02-19,Pasir Ris Street 51,S94,0.0,,,nea_v2_api
2017-02-19,Nicoll Highway,S119,0.0,,,nea_v2_api
2017-02-19,Tanah Merah Coast Road,S96,0.0,27.6376,78.7669,nea_v2_api
2017-02-19,Lim Chu Kang Road,S112,0.0,,,nea_v2_api
2017-02-19,Corporation Road,S101,0.0,,,nea_v2_api
2017-02-19,Somerset Road,S79,0.0,,,nea_v2_api
2017-02-19,East Coast Parkway,S107,0.0,27.9419,80.6379,nea_v2_api
2017-02-19,Old Choa Chu Kang Road,S121,1.6,27.4656,78.4766,nea_v2_api
2017-02-19,Punggol Central,S81,0.0,,,nea_v2_api
2017-02-19,Tuas Road,S89,0.0,,,nea_v2_api
2017-02-19,Upper Peirce Reservoir Park,S69,0.0,,,nea_v2_api
2017-02-19,Marine Parade Road,S113,0.0,,,nea_v2_api
2017-02-19,Buangkok Green,S55,0.0,,,nea_v2_api
2017-02-19,Simei Avenue,S84,0.0,,,nea_v2_api
2017-02-19,Banyan Road,S117,0.0,28.4234,71.9067,nea_v2_api
2017-02-19,Old Toh Tuck Road,S35,0.4,,,nea_v2_api
2017-02-19,Jurong Pier Road,S33,6.6,,,nea_v2_api
2017-02-19,Clementi Road,S50,0.0,,,nea_v2_api
2017-02-19,Pulau Ubin,S106,0.6,27.3156,87.3788,nea_v2_api
2017-02-19,International Road,S63,0.2,,,nea_v2_api
2017-02-19,Woodlands Avenue 9,S104,0.8,27.1982,86.9696,nea_v2_api
2017-02-19,Woodlands Road,S100,6.2,27.6628,77.7874,nea_v2_api
2017-02-19,Sembawang Road,S122,0.0,28.0542,73.4187,nea_v2_api
2017-02-19,Upper Changi Road North,S24B,0.0,28.0624,84.6242,nea_v2_api
2017-02-19,Yishun Avenue 5,S91,0.0,,,nea_v2_api
2017-02-19,Holland Road,S120,0.0,,,nea_v2_api
2017-02-19,Sentosa,S60,0.0,29.5489,58.2331,nea_v2_api
2017-02-19,Kim Chuan Road,S43,0.0,27.8558,79.0537,nea_v2_api
2017-02-19,Pasir Ris Drive 12,S29,0.0,,,nea_v2_api
2017-02-19,Alexandra Road,S77,0.0,,,nea_v2_api
2017-02-19,Seletar Aerospace View,S900,0.0,,,nea_v2_api
2017-02-19,Nanyang Avenue,S44,0.8,27.2232,75.755,nea_v2_api
2017-02-19,Toa Payoh North,S88,0.0,,,nea_v2_api
2017-02-19,Chai Chee Street,S61,0.0,,,nea_v2_api
2017-02-19,Serangoon North Avenue 4,S110,0.0,,,nea_v2_api
2017-02-19,Towner Road,S123,0.0,,,nea_v2_api
2017-02-19,Lornie Road,S07,0.2,,,nea_v2_api
2017-02-19,West Coast Highway,S116,0.0,28.0925,82.9794,nea_v2_api
2017-02-19,Tuas South Avenue 3,S115,0.0,28.0476,76.0571,nea_v2_api
2017-02-19,Poole Road,S78,0.0,,,nea_v2_api
2017-02-19,S06,S06,0.0,28.0544,69.9021,nea_v2_api
2017-02-19,Semakau Landfill,S102,0.0,27.9082,79.5914,nea_v2_api
2017-02-19,Ang Mo Kio Avenue 5,S109,0.0,27.3637,79.0811,nea_v2_api
2017-02-19,Prince Edward Road,S72,0.0,,,nea_v2_api
2017-02-19,Choa Chu Kang Road,S11,1.4,,,nea_v2_api
2017-02-19,Upper Thomson Road,S08,0.0,,,nea_v2_api
2017-02-19,Mandai Lake Road,S40,0.0,,,nea_v2_api
2017-02-19,Kranji Way,S66,0.4,,,nea_v2_api
2017-02-19,Choa Chu Kang Avenue 4,S114,1.8,,,nea_v2_api
2017-02-19,Handy Road,S118,0.0,,,nea_v2_api
2017-02-19,Bukit Timah Road,S90,0.0,,,nea_v2_api
2017-02-19,South Buona Vista Road,S92,0.0,,,nea_v2_api
2017-02-19,Upper Changi Road North,S24,0.0,27.72,81.8306,nea_v2_api
2017-02-19,Bukit Panjang Road,S64,0.0,,,nea_v2_api
2017-02-19,Kent Ridge Road,S71,0.0,,,nea_v2_api
2017-02-19,Sime Road,S46,0.0,,,nea_v2_api
2017-02-19,Marina Gardens Drive,S108,0.0,27.9402,78.3456,nea_v2_api
2017-02-20,Upper Serangoon Road,S36,0.0,,,nea_v2_api
2017-02-20,Pasir Ris Street 51,S94,0.0,,,nea_v2_api
2017-02-20,Nicoll Highway,S119,0.0,,,nea_v2_api
2017-02-20,Tanah Merah Coast Road,S96,0.0,27.7363,78.6215,nea_v2_api
2017-02-20,Lim Chu Kang Road,S112,0.0,,,nea_v2_api
2017-02-20,Corporation Road,S101,0.0,,,nea_v2_api
2017-02-20,Somerset Road,S79,0.0,,,nea_v2_api
2017-02-20,East Coast Parkway,S107,0.0,28.0483,80.4208,nea_v2_api
2017-02-20,Old Choa Chu Kang Road,S121,0.0,27.7992,74.9167,nea_v2_api
2017-02-20,Punggol Central,S81,0.0,,,nea_v2_api
2017-02-20,Tuas Road,S89,0.6,,,nea_v2_api
2017-02-20,Upper Peirce Reservoir Park,S69,1.8,,,nea_v2_api
2017-02-20,Marine Parade Road,S113,0.4,,,nea_v2_api
2017-02-20,Buangkok Green,S55,0.6,,,nea_v2_api
2017-02-20,Simei Avenue,S84,0.0,,,nea_v2_api
2017-02-20,Banyan Road,S117,1.8,28.0733,75.5431,nea_v2_api
2017-02-20,Old Toh Tuck Road,S35,0.0,,,nea_v2_api
2017-02-20,Jurong Pier Road,S33,25.8,,,nea_v2_api
2017-02-20,Clementi Road,S50,0.0,,,nea_v2_api
2017-02-20,Pulau Ubin,S106,0.0,27.1999,83.7667,nea_v2_api
2017-02-20,International Road,S63,0.2,,,nea_v2_api
2017-02-20,Woodlands Avenue 9,S104,0.0,27.3349,84.3004,nea_v2_api
2017-02-20,Woodlands Road,S100,0.0,28.1835,75.9386,nea_v2_api
2017-02-20,Sembawang Road,S122,0.2,28.0169,72.3593,nea_v2_api
2017-02-20,Upper Changi Road North,S24B,0.0,27.9973,81.605,nea_v2_api
2017-02-20,Yishun Avenue 5,S91,0.0,,,nea_v2_api
2017-02-20,Holland Road,S120,0.0,,,nea_v2_api
2017-02-20,Sentosa,S60,0.0,28.1884,68.8148,nea_v2_api
2017-02-20,Kim Chuan Road,S43,0.0,27.9851,78.8591,nea_v2_api
2017-02-20,Pasir Ris Drive 12,S29,0.0,,,nea_v2_api
2017-02-20,Alexandra Road,S77,0.0,,,nea_v2_api
2017-02-20,Seletar Aerospace View,S900,0.4,,,nea_v2_api
2017-02-20,Nanyang Avenue,S44,2.8,27.0127,71.6522,nea_v2_api
2017-02-20,Toa Payoh North,S88,0.0,,,nea_v2_api
2017-02-20,Chai Chee Street,S61,0.0,,,nea_v2_api
2017-02-20,Serangoon North Avenue 4,S110,0.0,,,nea_v2_api
2017-02-20,Towner Road,S123,0.0,,,nea_v2_api
2017-02-20,Lornie Road,S07,0.0,,,nea_v2_api
2017-02-20,West Coast Highway,S116,0.0,28.0217,84.5583,nea_v2_api
2017-02-20,Tuas South Avenue 3,S115,20.0,27.5857,79.515,nea_v2_api
2017-02-20,Poole Road,S78,0.0,,,nea_v2_api
2017-02-20,S06,S06,0.0,28.1097,70.0535,nea_v2_api
2017-02-20,Semakau Landfill,S102,1.2,27.8674,81.1167,nea_v2_api
2017-02-20,Ang Mo Kio Avenue 5,S109,0.0,27.4228,79.6219,nea_v2_api
2017-02-20,S72,S72,0.0,,,nea_v2_api
2017-02-20,Choa Chu Kang Road,S11,0.2,,,nea_v2_api
2017-02-20,Upper Thomson Road,S08,0.0,,,nea_v2_api
2017-02-20,Mandai Lake Road,S40,0.4,,,nea_v2_api
2017-02-20,Kranji Way,S66,0.0,,,nea_v2_api
2017-02-20,Choa Chu Kang Avenue 4,S114,0.0,,,nea_v2_api
2017-02-20,Handy Road,S118,0.0,,,nea_v2_api
2017-02-20,Bukit Timah Road,S90,0.0,,,nea_v2_api
2017-02-20,South Buona Vista Road,S92,0.0,,,nea_v2_api
2017-02-20,Upper Changi Road North,S24,0.0,27.64,82.422,nea_v2_api
2017-02-20,Bukit Panjang Road,S64,0.0,,,nea_v2_api
2017-02-20,Kent Ridge Road,S71,0.0,,,nea_v2_api
2017-02-20,Sime Road,S46,0.0,,,nea_v2_api
2017-02-20,Marina Gardens Drive,S108,0.0,27.3037,82.9152,nea_v2_api
2017-02-21,Upper Serangoon Road,S36,4.0,,,nea_v2_api
2017-02-21,Pasir Ris Street 51,S94,3.0,,,nea_v2_api
2017-02-21,Nicoll Highway,S119,5.2,,,nea_v2_api
2017-02-21,Tanah Merah Coast Road,S96,0.2,27.9056,77.9252,nea_v2_api
2017-02-21,Lim Chu Kang Road,S112,4.2,,,nea_v2_api
2017-02-21,Corporation Road,S101,32.4,,,nea_v2_api
2017-02-21,Somerset Road,S79,3.0,,,nea_v2_api
2017-02-21,East Coast Parkway,S107,0.2,28.0051,81.1084,nea_v2_api
2017-02-21,Old Choa Chu Kang Road,S121,34.2,26.8905,71.1118,nea_v2_api
2017-02-21,Punggol Central,S81,1.4,,,nea_v2_api
2017-02-21,Tuas Road,S89,0.0,,,nea_v2_api
2017-02-21,Upper Peirce Reservoir Park,S69,8.4,,,nea_v2_api
2017-02-21,Marine Parade Road,S113,1.0,,,nea_v2_api
2017-02-21,Buangkok Green,S55,19.2,,,nea_v2_api
2017-02-21,Simei Avenue,S84,0.2,,,nea_v2_api
2017-02-21,Banyan Road,S117,38.4,27.2132,79.8722,nea_v2_api
2017-02-21,Old Toh Tuck Road,S35,11.6,,,nea_v2_api
2017-02-21,Jurong Pier Road,S33,14.6,,,nea_v2_api
2017-02-21,Clementi Road,S50,4.8,,,nea_v2_api
2017-02-21,Pulau Ubin,S106,0.0,27.0024,85.1985,nea_v2_api
2017-02-21,International Road,S63,16.2,,,nea_v2_api
2017-02-21,Woodlands Avenue 9,S104,7.4,26.7181,91.3442,nea_v2_api
2017-02-21,Woodlands Road,S100,25.2,27.124,82.6895,nea_v2_api
2017-02-21,Sembawang Road,S122,11.4,27.2387,72.0175,nea_v2_api
2017-02-21,Upper Changi Road North,S24B,0.0,28.0678,82.6717,nea_v2_api
2017-02-21,Yishun Avenue 5,S91,3.4,,,nea_v2_api
2017-02-21,Holland Road,S120,0.2,,,nea_v2_api
2017-02-21,Sentosa,S60,4.6,27.4033,80.8059,nea_v2_api
2017-02-21,Kim Chuan Road,S43,4.8,27.6792,80.7292,nea_v2_api
2017-02-21,Pasir Ris Drive 12,S29,0.8,,,nea_v2_api
2017-02-21,Alexandra Road,S77,0.0,,,nea_v2_api
2017-02-21,Seletar Aerospace View,S900,9.0,,,nea_v2_api
2017-02-21,Nanyang Avenue,S44,28.0,26.521,69.616,nea_v2_api
2017-02-21,Toa Payoh North,S88,5.6,,,nea_v2_api
2017-02-21,Chai Chee Street,S61,6.0,,,nea_v2_api
2017-02-21,Serangoon North Avenue 4,S110,8.2,,,nea_v2_api
2017-02-21,Towner Road,S123,1.2,,,nea_v2_api
2017-02-21,Lornie Road,S07,3.8,,,nea_v2_api
2017-02-21,West Coast Highway,S116,0.0,27.5836,86.5472,nea_v2_api
2017-02-21,Tuas South Avenue 3,S115,32.6,26.8209,82.5864,nea_v2_api
2017-02-21,Poole Road,S78,3.8,,,nea_v2_api
2017-02-21,S06,S06,9.2,27.6003,72.8021,nea_v2_api
2017-02-21,Semakau Landfill,S102,1.0,27.427,83.2321,nea_v2_api
2017-02-21,Ang Mo Kio Avenue 5,S109,3.6,26.9799,83.4269,nea_v2_api
2017-02-21,Prince Edward Road,S72,0.0,,,nea_v2_api
2017-02-21,Choa Chu Kang Road,S11,30.8,,,nea_v2_api
2017-02-21,Upper Thomson Road,S08,0.2,,,nea_v2_api
2017-02-21,Mandai Lake Road,S40,4.0,,,nea_v2_api
2017-02-21,Kranji Way,S66,8.6,,,nea_v2_api
2017-02-21,Choa Chu Kang Avenue 4,S114,46.8,,,nea_v2_api
2017-02-21,Handy Road,S118,5.0,,,nea_v2_api
2017-02-21,Bukit Timah Road,S90,0.4,,,nea_v2_api
2017-02-21,South Buona Vista Road,S92,0.2,,,nea_v2_api
2017-02-21,Upper Changi Road North,S24,0.0,27.743,82.0614,nea_v2_api
2017-02-21,Bukit Panjang Road,S64,23.0,,,nea_v2_api
2017-02-21,Kent Ridge Road,S71,0.4,,,nea_v2_api
2017-02-21,Sime Road,S46,0.2,,,nea_v2_api
2017-02-21,Marina Gardens Drive,S108,9.8,28.4023,77.5346,nea_v2_api
2017-02-22,Sentosa,S60,0.0,27.9688,73.4732,nea_v2_api
2017-02-22,Kim Chuan Road,S43,0.0,27.9473,79.3589,nea_v2_api
2017-02-22,Pasir Ris Drive 12,S29,0.0,,,nea_v2_api
2017-02-22,Alexandra Road,S77,0.0,,,nea_v2_api
2017-02-22,Seletar Aerospace View,S900,0.0,,,nea_v2_api
2017-02-22,Upper Serangoon Road,S36,0.0,,,nea_v2_api
2017-02-22,Nanyang Avenue,S44,0.0,27.396,68.8803,nea_v2_api
2017-02-22,Toa Payoh North,S88,0.0,,,nea_v2_api
2017-02-22,Chai Chee Street,S61,0.0,,,nea_v2_api
2017-02-22,Serangoon North Avenue 4,S110,0.0,,,nea_v2_api
2017-02-22,Towner Road,S123,0.0,,,nea_v2_api
2017-02-22,Lornie Road,S07,0.0,,,nea_v2_api
2017-02-22,Pasir Ris Street 51,S94,0.0,,,nea_v2_api
2017-02-22,Nicoll Highway,S119,0.0,,,nea_v2_api
2017-02-22,Tuas South Avenue 3,S115,4.4,27.898,79.2874,nea_v2_api
2017-02-22,Tanah Merah Coast Road,S96,0.0,27.6607,79.6138,nea_v2_api
2017-02-22,West Coast Highway,S116,0.0,28.3411,82.5244,nea_v2_api
2017-02-22,Poole Road,S78,0.0,,,nea_v2_api
2017-02-22,S06,S06,0.0,27.9987,71.2634,nea_v2_api
2017-02-22,Semakau Landfill,S102,0.0,27.5803,85.5178,nea_v2_api
2017-02-22,Lim Chu Kang Road,S112,0.0,,,nea_v2_api
2017-02-22,Corporation Road,S101,0.0,,,nea_v2_api
2017-02-22,Ang Mo Kio Avenue 5,S109,0.0,27.5402,79.5084,nea_v2_api
2017-02-22,Somerset Road,S79,0.0,,,nea_v2_api
2017-02-22,East Coast Parkway,S107,0.0,27.8857,82.0196,nea_v2_api
2017-02-22,Old Choa Chu Kang Road,S121,0.0,27.6196,75.2748,nea_v2_api
2017-02-22,Punggol Central,S81,0.0,,,nea_v2_api
2017-02-22,Tuas Road,S89,0.0,,,nea_v2_api
2017-02-22,Choa Chu Kang Road,S11,1.4,,,nea_v2_api
2017-02-22,Upper Peirce Reservoir Park,S69,0.0,,,nea_v2_api
2017-02-22,Upper Thomson Road,S08,0.0,,,nea_v2_api
2017-02-22,Marine Parade Road,S113,0.0,,,nea_v2_api
2017-02-22,Buangkok Green,S55,0.0,,,nea_v2_api
2017-02-22,Simei Avenue,S84,0.0,,,nea_v2_api
2017-02-22,Banyan Road,S117,0.2,27.8379,78.2581,nea_v2_api
2017-02-22,Old Toh Tuck Road,S35,0.2,,,nea_v2_api
2017-02-22,Mandai Lake Road,S40,0.0,,,nea_v2_api
2017-02-22,Jurong Pier Road,S33,0.2,,,nea_v2_api
2017-02-22,Clementi Road,S50,0.0,,,nea_v2_api
2017-02-22,Pulau Ubin,S106,0.0,26.9046,83.5244,nea_v2_api
2017-02-22,Kranji Way,S66,0.0,,,nea_v2_api
2017-02-22,Choa Chu Kang Avenue 4,S114,0.0,,,nea_v2_api
2017-02-22,International Road,S63,0.0,,,nea_v2_api
2017-02-22,Woodlands Avenue 9,S104,0.0,27.495,84.4835,nea_v2_api
2017-02-22,Woodlands Road,S100,0.0,28.0554,78.9086,nea_v2_api
2017-02-22,Sembawang Road,S122,0.0,27.8827,74.7337,nea_v2_api
2017-02-22,Handy Road,S118,0.0,,,nea_v2_api
2017-02-22,Upper Changi Road North,S24B,0.0,27.854,81.8135,nea_v2_api
2017-02-22,Bukit Timah Road,S90,0.0,,,nea_v2_api
2017-02-22,South Buona Vista Road,S92,0.0,,,nea_v2_api
2017-02-22,Upper Changi Road North,S24,0.0,27.4928,83.4409,nea_v2_api
2017-02-22,Yishun Avenue 5,S91,0.0,,,nea_v2_api
2017-02-22,Bukit Panjang Road,S64,0.0,,,nea_v2_api
2017-02-22,Kent Ridge Road,S71,0.0,,,nea_v2_api
2017-02-22,Sime Road,S46,0.0,,,nea_v2_api
2017-02-22,Marina Gardens Drive,S108,0.2,27.9827,80.6152,nea_v2_api
2017-02-22,Holland Road,S120,0.0,,,nea_v2_api
2017-02-23,Sentosa,S60,0.0,28.012,70.1197,nea_v2_api
2017-02-23,Kim Chuan Road,S43,3.4,27.3923,82.6091,nea_v2_api
2017-02-23,Pasir Ris Drive 12,S29,11.6,,,nea_v2_api
2017-02-23,Alexandra Road,S77,0.0,,,nea_v2_api
2017-02-23,Upper Serangoon Road,S36,5.0,,,nea_v2_api
2017-02-23,Seletar Aerospace View,S900,34.6,,,nea_v2_api
2017-02-23,Nanyang Avenue,S44,34.6,26.3039,72.2505,nea_v2_api
2017-02-23,Toa Payoh North,S88,9.2,,,nea_v2_api
2017-02-23,Chai Chee Street,S61,2.6,,,nea_v2_api
2017-02-23,Serangoon North Avenue 4,S110,7.2,,,nea_v2_api
2017-02-23,Towner Road,S123,1.6,,,nea_v2_api
2017-02-23,Lornie Road,S07,12.8,,,nea_v2_api
2017-02-23,Pasir Ris Street 51,S94,15.4,,,nea_v2_api
2017-02-23,Nicoll Highway,S119,0.0,,,nea_v2_api
2017-02-23,West Coast Highway,S116,0.0,27.5637,87.6699,nea_v2_api
2017-02-23,Tanah Merah Coast Road,S96,20.6,27.2143,80.6894,nea_v2_api
2017-02-23,Tuas South Avenue 3,S115,5.2,27.0283,82.1321,nea_v2_api
2017-02-23,Poole Road,S78,0.0,,,nea_v2_api
2017-02-23,S06,S06,16.6,26.9466,77.007,nea_v2_api
2017-02-23,Semakau Landfill,S102,0.0,27.7391,82.1709,nea_v2_api
2017-02-23,Lim Chu Kang Road,S112,15.8,,,nea_v2_api
2017-02-23,Corporation Road,S101,15.2,,,nea_v2_api
2017-02-23,Ang Mo Kio Avenue 5,S109,41.4,26.6693,83.3949,nea_v2_api
2017-02-23,Somerset Road,S79,0.0,,,nea_v2_api
2017-02-23,East Coast Parkway,S107,4.0,27.3171,84.491,nea_v2_api
2017-02-23,Old Choa Chu Kang Road,S121,8.8,26.8543,70.1572,nea_v2_api
2017-02-23,Punggol Central,S81,0.0,,,nea_v2_api
2017-02-23,Upper Peirce Reservoir Park,S69,14.0,,,nea_v2_api
2017-02-23,Tuas Road,S89,0.2,,,nea_v2_api
2017-02-23,Choa Chu Kang Road,S11,7.0,,,nea_v2_api
2017-02-23,Upper Thomson Road,S08,23.8,,,nea_v2_api
2017-02-23,Marine Parade Road,S113,0.0,,,nea_v2_api
2017-02-23,Buangkok Green,S55,3.8,,,nea_v2_api
2017-02-23,Simei Avenue,S84,0.4,,,nea_v2_api
2017-02-23,Banyan Road,S117,0.0,27.7507,76.95,nea_v2_api
2017-02-23,Old Toh Tuck Road,S35,15.0,,,nea_v2_api
2017-02-23,Mandai Lake Road,S40,20.8,,,nea_v2_api
2017-02-23,Jurong Pier Road,S33,0.4,,,nea_v2_api
2017-02-23,Clementi Road,S50,20.0,26.1789,,nea_v2_api
2017-02-23,Pulau Ubin,S106,0.0,26.5719,82.2708,nea_v2_api
2017-02-23,Kranji Way,S66,46.0,,,nea_v2_api
2017-02-23,Choa Chu Kang Avenue 4,S114,7.2,,,nea_v2_api
2017-02-23,International Road,S63,7.2,,,nea_v2_api
2017-02-23,Woodlands Avenue 9,S104,20.8,26.5831,90.1181,nea_v2_api
2017-02-23,Woodlands Road,S100,11.6,27.0127,82.4085,nea_v2_api
2017-02-23,Sembawang Road,S122,47.8,26.7704,73.4222,nea_v2_api
2017-02-23,Upper Changi Road North,S24B,0.0,27.5281,77.9929,nea_v2_api
2017-02-23,Handy Road,S118,0.0,,,nea_v2_api
2017-02-23,Bukit Timah Road,S90,9.2,,,nea_v2_api
2017-02-23,South Buona Vista Road,S92,0.0,,,nea_v2_api
2017-02-23,Yishun Avenue 5,S91,28.4,,,nea_v2_api
2017-02-23,Upper Changi Road North,S24,3.6,27.1086,84.5272,nea_v2_api
2017-02-23,Bukit Panjang Road,S64,12.8,,,nea_v2_api
2017-02-23,Kent Ridge Road,S71,2.8,,,nea_v2_api
2017-02-23,Sime Road,S46,6.8,,,nea_v2_api
2017-02-23,Marina Gardens Drive,S108,0.0,28.2022,78.9065,nea_v2_api
2017-02-23,Holland Road,S120,10.6,,,nea_v2_api
2017-02-24,Sentosa,S60,0.0,26.6513,85.479,nea_v2_api
2017-02-24,Kim Chuan Road,S43,29.6,25.5626,91.1606,nea_v2_api
2017-02-24,Pasir Ris Drive 12,S29,52.8,,,nea_v2_api
2017-02-24,Alexandra Road,S77,14.6,,,nea_v2_api
2017-02-24,Upper Serangoon Road,S36,26.6,,,nea_v2_api
2017-02-24,Seletar Aerospace View,S900,22.4,,,nea_v2_api
2017-02-24,Nanyang Avenue,S44,4.8,24.3782,,nea_v2_api
2017-02-24,Toa Payoh North,S88,26.2,,,nea_v2_api
2017-02-24,Chai Chee Street,S61,48.2,,,nea_v2_api
2017-02-24,Serangoon North Avenue 4,S110,22.2,,,nea_v2_api
2017-02-24,Towner Road,S123,21.8,,,nea_v2_api
2017-02-24,Lornie Road,S07,20.0,,,nea_v2_api
2017-02-24,Pasir Ris Street 51,S94,34.6,,,nea_v2_api
2017-02-24,Nicoll Highway,S119,18.2,,,nea_v2_api
2017-02-24,West Coast Highway,S116,15.2,25.5318,96.2413,nea_v2_api
2017-02-24,Tanah Merah Coast Road,S96,17.6,25.6166,87.0021,nea_v2_api
2017-02-24,Tuas South Avenue 3,S115,13.4,25.3253,89.3417,nea_v2_api
2017-02-24,Poole Road,S78,26.8,,,nea_v2_api
2017-02-24,S06,S06,25.4,25.0996,84.5972,nea_v2_api
2017-02-24,Semakau Landfill,S102,16.2,25.846,90.5323,nea_v2_api
2017-02-24,Lim Chu Kang Road,S112,6.2,,,nea_v2_api
2017-02-24,Corporation Road,S101,5.0,,,nea_v2_api
2017-02-24,Ang Mo Kio Avenue 5,S109,17.2,24.8049,94.9324,nea_v2_api
2017-02-24,Somerset Road,S79,13.2,,,nea_v2_api
2017-02-24,East Coast Parkway,S107,53.4,25.6961,93.4936,nea_v2_api
2017-02-24,Old Choa Chu Kang Road,S121,7.6,24.7921,,nea_v2_api
2017-02-24,Punggol Central,S81,40.8,,,nea_v2_api
2017-02-24,Tuas Road,S89,0.0,,,nea_v2_api
2017-02-24,Upper Peirce Reservoir Park,S69,7.6,,,nea_v2_api
2017-02-24,Choa Chu Kang Road,S11,8.0,,,nea_v2_api
2017-02-24,Upper Thomson Road,S08,15.0,,,nea_v2_api
2017-02-24,Marine Parade Road,S113,34.6,,,nea_v2_api
2017-02-24,Buangkok Green,S55,36.2,,,nea_v2_api
2017-02-24,Simei Avenue,S84,26.0,,,nea_v2_api
2017-02-24,Banyan Road,S117,13.0,25.4453,89.3334,nea_v2_api
2017-02-24,Old Toh Tuck Road,S35,8.2,,,nea_v2_api
2017-02-24,Mandai Lake Road,S40,6.8,,,nea_v2_api
2017-02-24,Jurong Pier Road,S33,1.8,,,nea_v2_api
2017-02-24,Clementi Road,S50,9.4,24.7593,,nea_v2_api
2017-02-24,Pulau Ubin,S106,36.6,24.6745,93.2824,nea_v2_api
2017-02-24,Kranji Way,S66,5.8,,,nea_v2_api
2017-02-24,Choa Chu Kang Avenue 4,S114,7.2,,,nea_v2_api
2017-02-24,International Road,S63,6.6,,,nea_v2_api
2017-02-24,Woodlands Avenue 9,S104,19.8,24.7485,96.3924,nea_v2_api
2017-02-24,Woodlands Road,S100,7.2,25.2001,92.4549,nea_v2_api
2017-02-24,Sembawang Road,S122,15.0,24.9689,96.8454,nea_v2_api
2017-02-24,Upper Changi Road North,S24B,0.0,25.473,91.6524,nea_v2_api
2017-02-24,Handy Road,S118,15.4,,,nea_v2_api
2017-02-24,Bukit Timah Road,S90,14.4,,,nea_v2_api
2017-02-24,South Buona Vista Road,S92,25.0,,,nea_v2_api
2017-02-24,Yishun Avenue 5,S91,15.2,,,nea_v2_api
2017-02-24,Upper Changi Road North,S24,31.2,25.0558,94.2398,nea_v2_api
2017-02-24,Bukit Panjang Road,S64,6.8,,,nea_v2_api
2017-02-24,Kent Ridge Road,S71,21.6,,,nea_v2_api
2017-02-24,Sime Road,S46,15.4,,,nea_v2_api
2017-02-24,Marina Gardens Drive,S108,15.0,25.6524,91.1464,nea_v2_api
2017-02-24,Holland Road,S120,15.6,,,nea_v2_api
2017-02-25,Sentosa,S60,23.8,27.691,76.0571,nea_v2_api
2017-02-25,Kim Chuan Road,S43,14.6,27.0744,81.9773,nea_v2_api
2017-02-25,Pasir Ris Drive 12,S29,0.2,,,nea_v2_api
2017-02-25,Alexandra Road,S77,0.6,,,nea_v2_api
2017-02-25,Upper Serangoon Road,S36,18.8,,,nea_v2_api
2017-02-25,Seletar Aerospace View,S900,3.8,,,nea_v2_api
2017-02-25,Nanyang Avenue,S44,22.8,25.9714,70.116,nea_v2_api
2017-02-25,Toa Payoh North,S88,2.8,,,nea_v2_api
2017-02-25,Chai Chee Street,S61,2.6,,,nea_v2_api
2017-02-25,Serangoon North Avenue 4,S110,11.2,,,nea_v2_api
2017-02-25,Towner Road,S123,4.6,,,nea_v2_api
2017-02-25,Lornie Road,S07,15.4,,,nea_v2_api
2017-02-25,Pasir Ris Street 51,S94,0.2,,,nea_v2_api
2017-02-25,Nicoll Highway,S119,27.2,,,nea_v2_api
2017-02-25,West Coast Highway,S116,2.8,27.1639,86.6455,nea_v2_api
2017-02-25,Tanah Merah Coast Road,S96,0.0,27.3172,78.3705,nea_v2_api
2017-02-25,Tuas South Avenue 3,S115,2.6,26.6741,82.4028,nea_v2_api
2017-02-25,Poole Road,S78,12.4,,,nea_v2_api
2017-02-25,S06,S06,0.4,26.8728,75.725,nea_v2_api
2017-02-25,Semakau Landfill,S102,0.2,27.208,83.2767,nea_v2_api
2017-02-25,Lim Chu Kang Road,S112,0.8,,,nea_v2_api
2017-02-25,Corporation Road,S101,11.4,,,nea_v2_api
2017-02-25,Ang Mo Kio Avenue 5,S109,0.8,26.4699,83.2243,nea_v2_api
2017-02-25,Somerset Road,S79,1.2,,,nea_v2_api
2017-02-25,East Coast Parkway,S107,0.2,27.3065,83.7699,nea_v2_api
2017-02-25,Old Choa Chu Kang Road,S121,8.6,26.3344,76.0878,nea_v2_api
2017-02-25,Punggol Central,S81,0.0,,,nea_v2_api
2017-02-25,Tuas Road,S89,0.0,,,nea_v2_api
2017-02-25,Upper Peirce Reservoir Park,S69,2.6,,,nea_v2_api
2017-02-25,Choa Chu Kang Road,S11,29.6,,,nea_v2_api
2017-02-25,Upper Thomson Road,S08,8.8,,,nea_v2_api
2017-02-25,Marine Parade Road,S113,5.6,,,nea_v2_api
2017-02-25,Buangkok Green,S55,9.8,,,nea_v2_api
2017-02-25,Simei Avenue,S84,0.0,,,nea_v2_api
2017-02-25,Banyan Road,S117,35.2,26.8814,80.869,nea_v2_api
2017-02-25,Old Toh Tuck Road,S35,3.6,,,nea_v2_api
2017-02-25,Mandai Lake Road,S40,8.8,,,nea_v2_api
2017-02-25,Jurong Pier Road,S33,3.2,,,nea_v2_api
2017-02-25,Clementi Road,S50,0.6,26.5182,,nea_v2_api
2017-02-25,Pulau Ubin,S106,0.2,26.2992,83.0054,nea_v2_api
2017-02-25,Kranji Way,S66,0.0,,,nea_v2_api
2017-02-25,Choa Chu Kang Avenue 4,S114,0.4,,,nea_v2_api
2017-02-25,International Road,S63,13.0,,,nea_v2_api
2017-02-25,Woodlands Avenue 9,S104,0.0,26.5698,90.1726,nea_v2_api
2017-02-25,Woodlands Road,S100,1.2,26.8836,82.1901,nea_v2_api
2017-02-25,Sembawang Road,S122,1.0,26.6984,77.1443,nea_v2_api
2017-02-25,Upper Changi Road North,S24B,0.0,27.2435,85.6012,nea_v2_api
2017-02-25,Handy Road,S118,9.0,,,nea_v2_api
2017-02-25,Bukit Timah Road,S90,4.2,,,nea_v2_api
2017-02-25,South Buona Vista Road,S92,0.2,,,nea_v2_api
2017-02-25,Yishun Avenue 5,S91,2.0,,,nea_v2_api
2017-02-25,Upper Changi Road North,S24,0.0,26.8607,84.864,nea_v2_api
2017-02-25,Bukit Panjang Road,S64,1.2,,,nea_v2_api
2017-02-25,Kent Ridge Road,S71,0.0,,,nea_v2_api
2017-02-25,Sime Road,S46,3.0,,,nea_v2_api
2017-02-25,Marina Gardens Drive,S108,37.8,27.0476,83.7416,nea_v2_api
2017-02-25,Holland Road,S120,1.4,,,nea_v2_api
2017-02-26,Sentosa,S60,4.4,27.1609,82.1105,nea_v2_api
2017-02-26,Kim Chuan Road,S43,0.0,27.8297,80.3264,nea_v2_api
2017-02-26,Pasir Ris Drive 12,S29,0.0,,,nea_v2_api
2017-02-26,Alexandra Road,S77,0.0,,,nea_v2_api
2017-02-26,Upper Serangoon Road,S36,0.0,,,nea_v2_api
2017-02-26,Seletar Aerospace View,S900,0.0,,,nea_v2_api
2017-02-26,Nanyang Avenue,S44,8.0,26.6236,73.6926,nea_v2_api
2017-02-26,Toa Payoh North,S88,0.0,,,nea_v2_api
2017-02-26,Chai Chee Street,S61,0.0,,,nea_v2_api
2017-02-26,Serangoon North Avenue 4,S110,0.0,,,nea_v2_api
2017-02-26,Towner Road,S123,0.2,,,nea_v2_api
2017-02-26,Lornie Road,S07,0.0,,,nea_v2_api
2017-02-26,Pasir Ris Street 51,S94,0.0,,,nea_v2_api
2017-02-26,Nicoll Highway,S119,1.4,,,nea_v2_api
2017-02-26,West Coast Highway,S116,5.4,27.5522,88.1047,nea_v2_api
2017-02-26,Tanah Merah Coast Road,S96,2.6,27.5075,80.9235,nea_v2_api
2017-02-26,Tuas South Avenue 3,S115,17.2,27.0251,83.6138,nea_v2_api
2017-02-26,Poole Road,S78,0.6,,,nea_v2_api
2017-02-26,S06,S06,2.2,27.7255,72.6442,nea_v2_api
2017-02-26,Semakau Landfill,S102,14.6,27.3378,85.9038,nea_v2_api
2017-02-26,Lim Chu Kang Road,S112,0.2,,,nea_v2_api
2017-02-26,Corporation Road,S101,0.0,,,nea_v2_api
2017-02-26,Ang Mo Kio Avenue 5,S109,0.2,27.4591,79.2642,nea_v2_api
2017-02-26,Somerset Road,S79,0.0,,,nea_v2_api
2017-02-26,East Coast Parkway,S107,0.0,27.9331,82.0675,nea_v2_api
2017-02-26,Old Choa Chu Kang Road,S121,0.2,27.4036,79.7295,nea_v2_api
2017-02-26,Punggol Central,S81,0.0,,,nea_v2_api
2017-02-26,Tuas Road,S89,2.0,,,nea_v2_api
2017-02-26,Upper Peirce Reservoir Park,S69,0.2,,,nea_v2_api
2017-02-26,Choa Chu Kang Road,S11,0.6,,,nea_v2_api
2017-02-26,Upper Thomson Road,S08,1.0,,,nea_v2_api
2017-02-26,Marine Parade Road,S113,0.0,,,nea_v2_api
2017-02-26,Buangkok Green,S55,0.0,,,nea_v2_api
2017-02-26,Simei Avenue,S84,1.0,,,nea_v2_api
2017-02-26,Banyan Road,S117,29.6,27.2976,81.8916,nea_v2_api
2017-02-26,Old Toh Tuck Road,S35,0.2,,,nea_v2_api
2017-02-26,Mandai Lake Road,S40,0.4,,,nea_v2_api
2017-02-26,Jurong Pier Road,S33,2.4,,,nea_v2_api
2017-02-26,Clementi Road,S50,5.0,27.107,,nea_v2_api
2017-02-26,Pulau Ubin,S106,0.0,26.9684,85.8071,nea_v2_api
2017-02-26,Kranji Way,S66,0.2,,,nea_v2_api
2017-02-26,Choa Chu Kang Avenue 4,S114,0.0,,,nea_v2_api
2017-02-26,International Road,S63,10.4,,,nea_v2_api
2017-02-26,Woodlands Avenue 9,S104,0.0,27.5354,83.7672,nea_v2_api
2017-02-26,Woodlands Road,S100,0.2,28.1038,76.8971,nea_v2_api
2017-02-26,Sembawang Road,S122,0.0,27.9687,74.8366,nea_v2_api
2017-02-26,Upper Changi Road North,S24B,0.0,27.7669,84.4929,nea_v2_api
2017-02-26,Handy Road,S118,1.4,,,nea_v2_api
2017-02-26,Bukit Timah Road,S90,0.6,,,nea_v2_api
2017-02-26,South Buona Vista Road,S92,5.0,,,nea_v2_api
2017-02-26,Yishun Avenue 5,S91,0.0,,,nea_v2_api
2017-02-26,Upper Changi Road North,S24,0.0,27.4076,84.2299,nea_v2_api
2017-02-26,Bukit Panjang Road,S64,0.2,,,nea_v2_api
2017-02-26,Kent Ridge Road,S71,4.4,,,nea_v2_api
2017-02-26,Sime Road,S46,0.6,,,nea_v2_api
2017-02-26,Marina Gardens Drive,S108,1.2,27.8907,80.8564,nea_v2_api
2017-02-26,Holland Road,S120,0.2,,,nea_v2_api
2017-02-27,Upper Serangoon Road,S36,0.4,,,nea_v2_api
2017-02-27,Pasir Ris Street 51,S94,0.0,,,nea_v2_api
2017-02-27,Nicoll Highway,S119,0.0,,,nea_v2_api
2017-02-27,Tanah Merah Coast Road,S96,0.0,27.4456,80.1654,nea_v2_api
2017-02-27,Lim Chu Kang Road,S112,0.2,,,nea_v2_api
2017-02-27,Corporation Road,S101,0.2,,,nea_v2_api
2017-02-27,Somerset Road,S79,0.6,,,nea_v2_api
2017-02-27,East Coast Parkway,S107,0.0,27.7977,82.2983,nea_v2_api
2017-02-27,Old Choa Chu Kang Road,S121,1.6,27.363,77.7822,nea_v2_api
2017-02-27,Punggol Central,S81,0.0,,,nea_v2_api
2017-02-27,Tuas Road,S89,0.0,,,nea_v2_api
2017-02-27,Upper Peirce Reservoir Park,S69,0.8,,,nea_v2_api
2017-02-27,Marine Parade Road,S113,0.0,,,nea_v2_api
2017-02-27,Buangkok Green,S55,0.4,,,nea_v2_api
2017-02-27,Simei Avenue,S84,0.0,,,nea_v2_api
2017-02-27,Banyan Road,S117,2.8,27.7238,76.007,nea_v2_api
2017-02-27,Old Toh Tuck Road,S35,6.8,,,nea_v2_api
2017-02-27,Jurong Pier Road,S33,1.8,,,nea_v2_api
2017-02-27,Clementi Road,S50,4.0,27.0711,,nea_v2_api
2017-02-27,Pulau Ubin,S106,0.0,26.866,82.6981,nea_v2_api
2017-02-27,International Road,S63,0.0,,,nea_v2_api
2017-02-27,Woodlands Avenue 9,S104,0.0,27.2267,87.424,nea_v2_api
2017-02-27,Woodlands Road,S100,0.0,27.9569,75.7898,nea_v2_api
2017-02-27,Sembawang Road,S122,0.2,27.6409,76.7456,nea_v2_api
2017-02-27,Upper Changi Road North,S24B,0.0,27.6399,83.3053,nea_v2_api
2017-02-27,Yishun Avenue 5,S91,0.0,,,nea_v2_api
2017-02-27,Holland Road,S120,0.0,,,nea_v2_api
2017-02-27,Sentosa,S60,3.0,28.2723,65.301,nea_v2_api
2017-02-27,Kim Chuan Road,S43,0.0,27.7758,79.2837,nea_v2_api
2017-02-27,Pasir Ris Drive 12,S29,0.0,,,nea_v2_api
2017-02-27,Alexandra Road,S77,1.2,,,nea_v2_api
2017-02-27,Seletar Aerospace View,S900,0.0,,,nea_v2_api
2017-02-27,Nanyang Avenue,S44,1.4,26.8756,73.6377,nea_v2_api
2017-02-27,Toa Payoh North,S88,0.0,,,nea_v2_api
2017-02-27,Chai Chee Street,S61,0.0,,,nea_v2_api
2017-02-27,Serangoon North Avenue 4,S110,0.0,,,nea_v2_api
2017-02-27,Towner Road,S123,1.2,,,nea_v2_api
2017-02-27,Lornie Road,S07,0.0,,,nea_v2_api
2017-02-27,West Coast Highway,S116,0.0,27.8706,84.1133,nea_v2_api
2017-02-27,Tuas South Avenue 3,S115,0.0,27.8547,76.1231,nea_v2_api
2017-02-27,Poole Road,S78,0.0,,,nea_v2_api
2017-02-27,S06,S06,0.0,27.886,70.9903,nea_v2_api
2017-02-27,Semakau Landfill,S102,0.0,27.7691,81.9517,nea_v2_api
2017-02-27,Ang Mo Kio Avenue 5,S109,1.6,27.2452,79.7303,nea_v2_api
2017-02-27,Prince Edward Road,S72,0.0,,,nea_v2_api
2017-02-27,Choa Chu Kang Road,S11,0.4,,,nea_v2_api
2017-02-27,Upper Thomson Road,S08,2.6,,,nea_v2_api
2017-02-27,Mandai Lake Road,S40,4.8,,,nea_v2_api
2017-02-27,Kranji Way,S66,0.4,,,nea_v2_api
2017-02-27,Choa Chu Kang Avenue 4,S114,0.6,,,nea_v2_api
2017-02-27,Handy Road,S118,0.0,,,nea_v2_api
2017-02-27,Bukit Timah Road,S90,0.0,,,nea_v2_api
2017-02-27,South Buona Vista Road,S92,0.6,,,nea_v2_api
2017-02-27,Upper Changi Road North,S24,0.0,27.297,83.9365,nea_v2_api
2017-02-27,Bukit Panjang Road,S64,3.4,,,nea_v2_api
2017-02-27,Kent Ridge Road,S71,0.0,,,nea_v2_api
2017-02-27,Sime Road,S46,1.2,,,nea_v2_api
2017-02-27,Marina Gardens Drive,S108,1.8,27.8473,79.5183,nea_v2_api
2017-02-28,Upper Serangoon Road,S36,3.8,,,nea_v2_api
2017-02-28,Pasir Ris Street 51,S94,3.6,,,nea_v2_api
2017-02-28,Nicoll Highway,S119,6.6,,,nea_v2_api
2017-02-28,Tanah Merah Coast Road,S96,10.4,27.485,80.1097,nea_v2_api
2017-02-28,Lim Chu Kang Road,S112,10.0,,,nea_v2_api
2017-02-28,Corporation Road,S101,14.4,,,nea_v2_api
2017-02-28,Somerset Road,S79,4.6,,,nea_v2_api
2017-02-28,East Coast Parkway,S107,15.2,27.528,84.1291,nea_v2_api
2017-02-28,Old Choa Chu Kang Road,S121,19.0,26.5183,91.5723,nea_v2_api
2017-02-28,Punggol Central,S81,2.8,,,nea_v2_api
2017-02-28,Upper Peirce Reservoir Park,S69,4.4,,,nea_v2_api
2017-02-28,Tuas Road,S89,0.0,,,nea_v2_api
2017-02-28,Marine Parade Road,S113,10.8,,,nea_v2_api
2017-02-28,Buangkok Green,S55,7.2,,,nea_v2_api
2017-02-28,Simei Avenue,S84,2.8,,,nea_v2_api
2017-02-28,Banyan Road,S117,26.6,26.9782,81.7099,nea_v2_api
2017-02-28,Old Toh Tuck Road,S35,14.4,,,nea_v2_api
2017-02-28,Jurong Pier Road,S33,1.2,,,nea_v2_api
2017-02-28,Clementi Road,S50,13.8,26.3639,,nea_v2_api
2017-02-28,Pulau Ubin,S106,8.4,26.8971,90.647,nea_v2_api
2017-02-28,International Road,S63,12.4,,,nea_v2_api
2017-02-28,Woodlands Avenue 9,S104,12.4,26.408,95.7958,nea_v2_api
2017-02-28,Woodlands Road,S100,25.2,26.982,82.2398,nea_v2_api
2017-02-28,Sembawang Road,S122,8.0,27.0805,89.6055,nea_v2_api
2017-02-28,Upper Changi Road North,S24B,0.0,27.478,90.4713,nea_v2_api
2017-02-28,Yishun Avenue 5,S91,8.2,,,nea_v2_api
2017-02-28,Holland Road,S120,9.2,,,nea_v2_api
2017-02-28,Sentosa,S60,19.0,27.3429,78.4921,nea_v2_api
2017-02-28,Kim Chuan Road,S43,0.6,27.4851,81.7693,nea_v2_api
2017-02-28,Pasir Ris Drive 12,S29,3.8,,,nea_v2_api
2017-02-28,Alexandra Road,S77,8.4,,,nea_v2_api
2017-02-28,Seletar Aerospace View,S900,7.4,,,nea_v2_api
2017-02-28,Nanyang Avenue,S44,10.0,25.919,84.9345,nea_v2_api
2017-02-28,Toa Payoh North,S88,8.6,,,nea_v2_api
2017-02-28,Chai Chee Street,S61,3.0,,,nea_v2_api
2017-02-28,Serangoon North Avenue 4,S110,10.4,,,nea_v2_api
2017-02-28,Towner Road,S123,2.6,,,nea_v2_api
2017-02-28,Lornie Road,S07,11.4,,,nea_v2_api
2017-02-28,West Coast Highway,S116,23.6,27.1083,89.8368,nea_v2_api
2017-02-28,Tuas South Avenue 3,S115,22.8,26.5799,83.2586,nea_v2_api
2017-02-28,Poole Road,S78,8.4,,,nea_v2_api
2017-02-28,S06,S06,0.4,27.5649,72.0751,nea_v2_api
2017-02-28,Semakau Landfill,S102,15.8,27.1546,85.2987,nea_v2_api
2017-02-28,Ang Mo Kio Avenue 5,S109,6.2,26.5077,85.3547,nea_v2_api
2017-02-28,Prince Edward Road,S72,0.0,,,nea_v2_api
2017-02-28,Choa Chu Kang Road,S11,21.0,,,nea_v2_api
2017-02-28,Upper Thomson Road,S08,13.4,,,nea_v2_api
2017-02-28,Mandai Lake Road,S40,7.6,,,nea_v2_api
2017-02-28,Kranji Way,S66,19.0,,,nea_v2_api
2017-02-28,Choa Chu Kang Avenue 4,S114,20.4,,,nea_v2_api
2017-02-28,Handy Road,S118,3.8,,,nea_v2_api
2017-02-28,Bukit Timah Road,S90,13.0,,,nea_v2_api
2017-02-28,South Buona Vista Road,S92,10.2,,,nea_v2_api
2017-02-28,Upper Changi Road North,S24,4.0,27.1516,85.0804,nea_v2_api
2017-02-28,Bukit Panjang Road,S64,18.0,,,nea_v2_api
2017-02-28,Kent Ridge Road,S71,16.8,,,nea_v2_api
2017-02-28,Sime Road,S46,10.4,,,nea_v2_api
2017-02-28,Marina Gardens Drive,S108,13.0,27.4886,82.2352,nea_v2_api
2017-03-01,Sentosa,S60,0.4,24.8646,98.0636,nea_v2_api
2017-03-01,Kim Chuan Road,S43,31.2,25.5981,88.7742,nea_v2_api
2017-03-01,Pasir Ris Drive 12,S29,21.8,,,nea_v2_api
2017-03-01,Alexandra Road,S77,34.0,,,nea_v2_api
2017-03-01,Upper Serangoon Road,S36,39.8,,,nea_v2_api
2017-03-01,Seletar Aerospace View,S900,49.6,,,nea_v2_api
2017-03-01,Nanyang Avenue,S44,37.0,24.5667,80.237,nea_v2_api
2017-03-01,Toa Payoh North,S88,34.6,,,nea_v2_api
2017-03-01,Chai Chee Street,S61,32.6,,,nea_v2_api
2017-03-01,Serangoon North Avenue 4,S110,32.8,,,nea_v2_api
2017-03-01,Towner Road,S123,29.8,,,nea_v2_api
2017-03-01,Lornie Road,S07,28.6,,,nea_v2_api
2017-03-01,Pasir Ris Street 51,S94,23.8,,,nea_v2_api
2017-03-01,Nicoll Highway,S119,45.2,,,nea_v2_api
2017-03-01,West Coast Highway,S116,36.6,25.3326,94.1497,nea_v2_api
2017-03-01,Tanah Merah Coast Road,S96,41.4,25.5418,87.1356,nea_v2_api
2017-03-01,Tuas South Avenue 3,S115,22.4,25.0308,87.1088,nea_v2_api
2017-03-01,Poole Road,S78,28.8,,,nea_v2_api
2017-03-01,S06,S06,27.0,25.5046,80.2085,nea_v2_api
2017-03-01,Semakau Landfill,S102,13.8,25.7244,89.6241,nea_v2_api
2017-03-01,Lim Chu Kang Road,S112,16.0,,,nea_v2_api
2017-03-01,Corporation Road,S101,18.6,,,nea_v2_api
2017-03-01,Ang Mo Kio Avenue 5,S109,38.0,24.9942,88.3146,nea_v2_api
2017-03-01,Somerset Road,S79,29.6,,,nea_v2_api
2017-03-01,East Coast Parkway,S107,43.8,25.7176,89.8815,nea_v2_api
2017-03-01,Old Choa Chu Kang Road,S121,21.8,25.032,99.0375,nea_v2_api
2017-03-01,Punggol Central,S81,24.4,,,nea_v2_api
2017-03-01,Tuas Road,S89,0.0,,,nea_v2_api
2017-03-01,Upper Peirce Reservoir Park,S69,24.0,,,nea_v2_api
2017-03-01,Choa Chu Kang Road,S11,15.0,,,nea_v2_api
2017-03-01,Upper Thomson Road,S08,41.6,,,nea_v2_api
2017-03-01,Marine Parade Road,S113,25.2,,,nea_v2_api
2017-03-01,Buangkok Green,S55,42.8,,,nea_v2_api
2017-03-01,Simei Avenue,S84,25.4,,,nea_v2_api
2017-03-01,Banyan Road,S117,10.0,25.4864,86.4373,nea_v2_api
2017-03-01,Old Toh Tuck Road,S35,34.4,,,nea_v2_api
2017-03-01,Mandai Lake Road,S40,21.8,,,nea_v2_api
2017-03-01,Jurong Pier Road,S33,0.2,,,nea_v2_api
2017-03-01,Clementi Road,S50,36.8,24.6896,,nea_v2_api
2017-03-01,Pulau Ubin,S106,24.0,25.1455,93.5729,nea_v2_api
2017-03-01,Kranji Way,S66,24.2,,,nea_v2_api
2017-03-01,Choa Chu Kang Avenue 4,S114,25.2,,,nea_v2_api
2017-03-01,International Road,S63,16.4,,,nea_v2_api
2017-03-01,Woodlands Avenue 9,S104,29.6,24.8809,97.1163,nea_v2_api
2017-03-01,Woodlands Road,S100,28.0,25.4104,89.0965,nea_v2_api
2017-03-01,Sembawang Road,S122,23.2,25.428,90.6876,nea_v2_api
2017-03-01,Upper Changi Road North,S24B,0.0,25.5544,,nea_v2_api
2017-03-01,Handy Road,S118,28.4,,,nea_v2_api
2017-03-01,Bukit Timah Road,S90,25.6,,,nea_v2_api
2017-03-01,South Buona Vista Road,S92,30.0,,,nea_v2_api
2017-03-01,Yishun Avenue 5,S91,21.4,,,nea_v2_api
2017-03-01,Upper Changi Road North,S24,21.6,25.1942,90.9741,nea_v2_api
2017-03-01,Bukit Panjang Road,S64,33.0,,,nea_v2_api
2017-03-01,Kent Ridge Road,S71,25.8,,,nea_v2_api
2017-03-01,Sime Road,S46,28.6,,,nea_v2_api
2017-03-01,Marina Gardens Drive,S108,31.0,25.6875,88.9135,nea_v2_api
2017-03-01,Holland Road,S120,29.0,,,nea_v2_api
2017-03-02,Upper Serangoon Road,S36,0.2,,,nea_v2_api
2017-03-02,Pasir Ris Street 51,S94,0.2,,,nea_v2_api
2017-03-02,Nicoll Highway,S119,0.4,,,nea_v2_api
2017-03-02,Tanah Merah Coast Road,S96,0.0,27.1416,80.6041,nea_v2_api
2017-03-02,Lim Chu Kang Road,S112,0.2,,,nea_v2_api
2017-03-02,Corporation Road,S101,0.2,,,nea_v2_api
2017-03-02,Somerset Road,S79,0.2,,,nea_v2_api
2017-03-02,East Coast Parkway,S107,0.2,27.3057,84.0018,nea_v2_api
2017-03-02,Old Choa Chu Kang Road,S121,2.8,26.6805,83.5152,nea_v2_api
2017-03-02,Punggol Central,S81,0.2,,,nea_v2_api
2017-03-02,Upper Peirce Reservoir Park,S69,0.0,,,nea_v2_api
2017-03-02,Tuas Road,S89,0.0,,,nea_v2_api
2017-03-02,Marine Parade Road,S113,0.4,,,nea_v2_api
2017-03-02,Buangkok Green,S55,0.0,,,nea_v2_api
2017-03-02,Simei Avenue,S84,0.4,,,nea_v2_api
2017-03-02,Banyan Road,S117,0.0,27.423,76.3045,nea_v2_api
2017-03-02,Old Toh Tuck Road,S35,0.8,,,nea_v2_api
2017-03-02,Jurong Pier Road,S33,0.2,,,nea_v2_api
2017-03-02,Clementi Road,S50,0.0,26.6801,79.1151,nea_v2_api
2017-03-02,Pulau Ubin,S106,0.6,26.6521,86.572,nea_v2_api
2017-03-02,International Road,S63,0.0,,,nea_v2_api
2017-03-02,Woodlands Avenue 9,S104,0.2,26.4789,87.7975,nea_v2_api
2017-03-02,Woodlands Road,S100,0.2,27.106,80.6601,nea_v2_api
2017-03-02,Sembawang Road,S122,0.2,27.1578,80.3774,nea_v2_api
2017-03-02,Upper Changi Road North,S24B,0.0,27.2271,92.9309,nea_v2_api
2017-03-02,Yishun Avenue 5,S91,0.0,,,nea_v2_api
2017-03-02,Holland Road,S120,0.2,,,nea_v2_api
2017-03-02,Sentosa,S60,0.0,28.4919,64.0132,nea_v2_api
2017-03-02,Kim Chuan Road,S43,0.2,27.2683,81.6852,nea_v2_api
2017-03-02,Pasir Ris Drive 12,S29,0.2,,,nea_v2_api
2017-03-02,Alexandra Road,S77,0.4,,,nea_v2_api
2017-03-02,Seletar Aerospace View,S900,0.6,,,nea_v2_api
2017-03-02,Nanyang Avenue,S44,0.6,26.1753,76.9856,nea_v2_api
2017-03-02,Toa Payoh North,S88,0.2,,,nea_v2_api
2017-03-02,Chai Chee Street,S61,0.4,,,nea_v2_api
2017-03-02,Serangoon North Avenue 4,S110,0.2,,,nea_v2_api
2017-03-02,Towner Road,S123,0.4,,,nea_v2_api
2017-03-02,Lornie Road,S07,0.8,,,nea_v2_api
2017-03-02,West Coast Highway,S116,0.2,27.2376,87.4205,nea_v2_api
2017-03-02,Tuas South Avenue 3,S115,0.8,26.8761,79.6069,nea_v2_api
2017-03-02,Poole Road,S78,0.4,,,nea_v2_api
2017-03-02,S06,S06,0.0,27.4563,72.5038,nea_v2_api
2017-03-02,Semakau Landfill,S102,0.0,27.3079,82.6198,nea_v2_api
2017-03-02,Ang Mo Kio Avenue 5,S109,0.6,26.594,83.2024,nea_v2_api
2017-03-02,Prince Edward Road,S72,0.0,,,nea_v2_api
2017-03-02,Choa Chu Kang Road,S11,1.2,,,nea_v2_api
2017-03-02,Upper Thomson Road,S08,0.4,,,nea_v2_api
2017-03-02,Mandai Lake Road,S40,0.8,,,nea_v2_api
2017-03-02,Kranji Way,S66,0.8,,,nea_v2_api
2017-03-02,Choa Chu Kang Avenue 4,S114,0.2,,,nea_v2_api
2017-03-02,Handy Road,S118,0.2,,,nea_v2_api
2017-03-02,Bukit Timah Road,S90,0.2,,,nea_v2_api
2017-03-02,South Buona Vista Road,S92,1.0,,,nea_v2_api
2017-03-02,Upper Changi Road North,S24,0.4,26.9277,84.8089,nea_v2_api
2017-03-02,Bukit Panjang Road,S64,0.2,,,nea_v2_api
2017-03-02,Kent Ridge Road,S71,1.8,,,nea_v2_api
2017-03-02,Sime Road,S46,1.2,,,nea_v2_api
2017-03-02,Marina Gardens Drive,S108,0.2,27.3848,81.3684,nea_v2_api
2017-03-03,Upper Serangoon Road,S36,14.2,,,nea_v2_api
2017-03-03,Pasir Ris Street 51,S94,11.0,,,nea_v2_api
2017-03-03,Nicoll Highway,S119,5.0,,,nea_v2_api
2017-03-03,Tanah Merah Coast Road,S96,3.8,27.118,81.4491,nea_v2_api
2017-03-03,Lim Chu Kang Road,S112,11.6,,,nea_v2_api
2017-03-03,Corporation Road,S101,25.6,,,nea_v2_api
2017-03-03,Somerset Road,S79,3.0,,,nea_v2_api
2017-03-03,East Coast Parkway,S107,5.2,27.2104,85.0368,nea_v2_api
2017-03-03,Old Choa Chu Kang Road,S121,32.2,25.6793,96.7016,nea_v2_api
2017-03-03,Punggol Central,S81,13.0,,,nea_v2_api
2017-03-03,Upper Peirce Reservoir Park,S69,39.8,,,nea_v2_api
2017-03-03,Tuas Road,S89,0.0,,,nea_v2_api
2017-03-03,Marine Parade Road,S113,8.0,,,nea_v2_api
2017-03-03,Buangkok Green,S55,18.0,,,nea_v2_api
2017-03-03,Simei Avenue,S84,11.0,,,nea_v2_api
2017-03-03,Banyan Road,S117,10.2,26.3956,83.8482,nea_v2_api
2017-03-03,Old Toh Tuck Road,S35,29.8,,,nea_v2_api
2017-03-03,Jurong Pier Road,S33,0.4,,,nea_v2_api
2017-03-03,Clementi Road,S50,26.6,25.4575,92.3949,nea_v2_api
2017-03-03,Pulau Ubin,S106,13.4,26.3578,91.054,nea_v2_api
2017-03-03,International Road,S63,33.8,,,nea_v2_api
2017-03-03,Woodlands Avenue 9,S104,6.8,25.7327,97.7008,nea_v2_api
2017-03-03,Woodlands Road,S100,10.8,26.2137,86.3764,nea_v2_api
2017-03-03,Sembawang Road,S122,17.0,26.3517,90.3428,nea_v2_api
2017-03-03,Upper Changi Road North,S24B,0.0,26.9538,90.5888,nea_v2_api
2017-03-03,Yishun Avenue 5,S91,11.8,,,nea_v2_api
2017-03-03,Holland Road,S120,5.4,,,nea_v2_api
2017-03-03,Sentosa,S60,2.8,26.9643,76.6151,nea_v2_api
2017-03-03,Kim Chuan Road,S43,12.4,26.8293,84.9193,nea_v2_api
2017-03-03,Pasir Ris Drive 12,S29,19.2,,,nea_v2_api
2017-03-03,Alexandra Road,S77,5.4,,,nea_v2_api
2017-03-03,Seletar Aerospace View,S900,13.2,,,nea_v2_api
2017-03-03,Nanyang Avenue,S44,39.8,25.2027,87.599,nea_v2_api
2017-03-03,Toa Payoh North,S88,19.6,,,nea_v2_api
2017-03-03,Chai Chee Street,S61,9.8,,,nea_v2_api
2017-03-03,Serangoon North Avenue 4,S110,23.8,,,nea_v2_api
2017-03-03,Towner Road,S123,9.4,,,nea_v2_api
2017-03-03,Lornie Road,S07,19.6,,,nea_v2_api
2017-03-03,West Coast Highway,S116,20.0,26.3117,93.627,nea_v2_api
2017-03-03,Tuas South Avenue 3,S115,18.6,25.8527,85.3379,nea_v2_api
2017-03-03,Poole Road,S78,6.2,,,nea_v2_api
2017-03-03,S06,S06,16.6,26.7588,76.622,nea_v2_api
2017-03-03,Semakau Landfill,S102,0.4,26.8792,86.1347,nea_v2_api
2017-03-03,Ang Mo Kio Avenue 5,S109,39.4,25.8665,88.5074,nea_v2_api
2017-03-03,Prince Edward Road,S72,0.0,,,nea_v2_api
2017-03-03,Choa Chu Kang Road,S11,38.8,,,nea_v2_api
2017-03-03,Upper Thomson Road,S08,57.4,,,nea_v2_api
2017-03-03,Mandai Lake Road,S40,32.8,,,nea_v2_api
2017-03-03,Kranji Way,S66,4.6,,,nea_v2_api
2017-03-03,Choa Chu Kang Avenue 4,S114,25.8,,,nea_v2_api
2017-03-03,Handy Road,S118,4.2,,,nea_v2_api
2017-03-03,Bukit Timah Road,S90,18.2,,,nea_v2_api
2017-03-03,South Buona Vista Road,S92,28.2,,,nea_v2_api
2017-03-03,Upper Changi Road North,S24,10.4,26.5991,87.1108,nea_v2_api
2017-03-03,Bukit Panjang Road,S64,26.4,,,nea_v2_api
2017-03-03,Kent Ridge Road,S71,23.6,,,nea_v2_api
2017-03-03,Sime Road,S46,31.2,,,nea_v2_api
2017-03-03,Marina Gardens Drive,S108,5.0,27.1175,83.5526,nea_v2_api
2017-03-04,Sentosa,S60,0.0,26.0071,86.3571,nea_v2_api
2017-03-04,Kim Chuan Road,S43,10.4,26.136,89.3762,nea_v2_api
2017-03-04,Pasir Ris Drive 12,S29,26.6,,,nea_v2_api
2017-03-04,Alexandra Road,S77,2.0,,,nea_v2_api
2017-03-04,Upper Serangoon Road,S36,9.0,,,nea_v2_api
2017-03-04,Seletar Aerospace View,S900,14.0,,,nea_v2_api
2017-03-04,Nanyang Avenue,S44,3.6,25.0199,86.3066,nea_v2_api
2017-03-04,Toa Payoh North,S88,6.2,,,nea_v2_api
2017-03-04,Chai Chee Street,S61,4.8,,,nea_v2_api
2017-03-04,Serangoon North Avenue 4,S110,9.6,,,nea_v2_api
2017-03-04,Towner Road,S123,4.8,,,nea_v2_api
2017-03-04,Lornie Road,S07,6.6,,,nea_v2_api
2017-03-04,Pasir Ris Street 51,S94,6.4,,,nea_v2_api
2017-03-04,Nicoll Highway,S119,1.8,,,nea_v2_api
2017-03-04,West Coast Highway,S116,2.8,26.0808,95.2961,nea_v2_api
2017-03-04,Tanah Merah Coast Road,S96,4.4,26.1434,87.1105,nea_v2_api
2017-03-04,Tuas South Avenue 3,S115,1.0,25.3465,87.7397,nea_v2_api
2017-03-04,Poole Road,S78,1.6,,,nea_v2_api
2017-03-04,S06,S06,22.6,25.7699,82.6181,nea_v2_api
2017-03-04,Semakau Landfill,S102,0.6,26.513,88.4865,nea_v2_api
2017-03-04,Lim Chu Kang Road,S112,13.8,,,nea_v2_api
2017-03-04,Corporation Road,S101,2.6,,,nea_v2_api
2017-03-04,Ang Mo Kio Avenue 5,S109,7.0,25.2381,94.1389,nea_v2_api
2017-03-04,Somerset Road,S79,2.8,,,nea_v2_api
2017-03-04,East Coast Parkway,S107,2.8,26.2169,92.402,nea_v2_api
2017-03-04,Old Choa Chu Kang Road,S121,6.0,25.2093,,nea_v2_api
2017-03-04,Punggol Central,S81,20.8,,,nea_v2_api
2017-03-04,Upper Peirce Reservoir Park,S69,2.8,,,nea_v2_api
2017-03-04,Tuas Road,S89,0.0,,,nea_v2_api
2017-03-04,Prince Edward Road,S72,0.0,,,nea_v2_api
2017-03-04,Choa Chu Kang Road,S11,3.8,,,nea_v2_api
2017-03-04,Upper Thomson Road,S08,1.8,,,nea_v2_api
2017-03-04,Marine Parade Road,S113,2.4,,,nea_v2_api
2017-03-04,Buangkok Green,S55,6.2,,,nea_v2_api
2017-03-04,Simei Avenue,S84,4.0,,,nea_v2_api
2017-03-04,Banyan Road,S117,14.2,25.9456,88.0456,nea_v2_api
2017-03-04,Old Toh Tuck Road,S35,0.4,,,nea_v2_api
2017-03-04,Mandai Lake Road,S40,5.2,,,nea_v2_api
2017-03-04,Jurong Pier Road,S33,0.6,,,nea_v2_api
2017-03-04,Clementi Road,S50,1.2,25.4434,92.7044,nea_v2_api
2017-03-04,Pulau Ubin,S106,18.2,25.1333,95.1877,nea_v2_api
2017-03-04,Kranji Way,S66,5.8,,,nea_v2_api
2017-03-04,Choa Chu Kang Avenue 4,S114,9.4,,,nea_v2_api
2017-03-04,International Road,S63,3.4,,,nea_v2_api
2017-03-04,Woodlands Avenue 9,S104,29.6,25.2972,98.3087,nea_v2_api
2017-03-04,Woodlands Road,S100,9.6,25.5816,92.2471,nea_v2_api
2017-03-04,Sembawang Road,S122,4.6,25.8145,92.6301,nea_v2_api
2017-03-04,Upper Changi Road North,S24B,0.0,25.9724,,nea_v2_api
2017-03-04,Handy Road,S118,3.8,,,nea_v2_api
2017-03-04,Bukit Timah Road,S90,3.4,,,nea_v2_api
2017-03-04,South Buona Vista Road,S92,2.4,,,nea_v2_api
2017-03-04,Yishun Avenue 5,S91,3.6,,,nea_v2_api
2017-03-04,Upper Changi Road North,S24,14.6,25.5866,93.0365,nea_v2_api
2017-03-04,Bukit Panjang Road,S64,8.8,,,nea_v2_api
2017-03-04,Kent Ridge Road,S71,2.8,,,nea_v2_api
2017-03-04,Sime Road,S46,3.0,,,nea_v2_api
2017-03-04,Marina Gardens Drive,S108,1.2,26.3201,89.091,nea_v2_api
2017-03-04,Holland Road,S120,5.8,,,nea_v2_api
2017-03-05,Upper Serangoon Road,S36,9.6,,,nea_v2_api
2017-03-05,Pasir Ris Street 51,S94,0.0,,,nea_v2_api
2017-03-05,Nicoll Highway,S119,12.2,,,nea_v2_api
2017-03-05,Tanah Merah Coast Road,S96,0.0,27.5683,79.1341,nea_v2_api
2017-03-05,Lim Chu Kang Road,S112,1.8,,,nea_v2_api
2017-03-05,Corporation Road,S101,21.6,,,nea_v2_api
2017-03-05,Somerset Road,S79,6.8,,,nea_v2_api
2017-03-05,East Coast Parkway,S107,0.8,27.6435,82.289,nea_v2_api
2017-03-05,Old Choa Chu Kang Road,S121,11.6,26.5808,71.4368,nea_v2_api
2017-03-05,Punggol Central,S81,0.0,,,nea_v2_api
2017-03-05,Tuas Road,S89,0.0,,,nea_v2_api
2017-03-05,Upper Peirce Reservoir Park,S69,3.2,,,nea_v2_api
2017-03-05,Marine Parade Road,S113,5.6,,,nea_v2_api
2017-03-05,Buangkok Green,S55,0.2,,,nea_v2_api
2017-03-05,Simei Avenue,S84,0.8,,,nea_v2_api
2017-03-05,Banyan Road,S117,9.0,27.2193,80.8805,nea_v2_api
2017-03-05,Old Toh Tuck Road,S35,13.0,,,nea_v2_api
2017-03-05,Jurong Pier Road,S33,0.0,,,nea_v2_api
2017-03-05,Clementi Road,S50,4.4,26.5858,86.6553,nea_v2_api
2017-03-05,Pulau Ubin,S106,0.0,26.665,80.7855,nea_v2_api
2017-03-05,International Road,S63,17.4,,,nea_v2_api
2017-03-05,Woodlands Avenue 9,S104,0.8,26.8533,84.4191,nea_v2_api
2017-03-05,Woodlands Road,S100,2.6,27.3782,81.0007,nea_v2_api
2017-03-05,Sembawang Road,S122,0.8,27.3877,77.936,nea_v2_api
2017-03-05,Upper Changi Road North,S24B,0.0,27.6186,93.8028,nea_v2_api
2017-03-05,Yishun Avenue 5,S91,0.0,,,nea_v2_api
2017-03-05,Holland Road,S120,6.4,,,nea_v2_api
2017-03-05,Sentosa,S60,13.2,27.7648,71.8259,nea_v2_api
2017-03-05,Kim Chuan Road,S43,7.6,27.3181,82.1033,nea_v2_api
2017-03-05,Pasir Ris Drive 12,S29,0.0,,,nea_v2_api
2017-03-05,Alexandra Road,S77,6.4,,,nea_v2_api
2017-03-05,Seletar Aerospace View,S900,0.2,,,nea_v2_api
2017-03-05,Nanyang Avenue,S44,14.2,26.4301,73.2988,nea_v2_api
2017-03-05,Toa Payoh North,S88,4.2,,,nea_v2_api
2017-03-05,Chai Chee Street,S61,6.6,,,nea_v2_api
2017-03-05,Serangoon North Avenue 4,S110,1.0,,,nea_v2_api
2017-03-05,Towner Road,S123,12.0,,,nea_v2_api
2017-03-05,Lornie Road,S07,3.2,,,nea_v2_api
2017-03-05,West Coast Highway,S116,10.4,27.0991,89.5296,nea_v2_api
2017-03-05,Tuas South Avenue 3,S115,1.8,26.7295,81.7925,nea_v2_api
2017-03-05,Poole Road,S78,13.4,,,nea_v2_api
2017-03-05,S06,S06,0.8,27.3979,72.7389,nea_v2_api
2017-03-05,Semakau Landfill,S102,6.4,27.0333,85.5903,nea_v2_api
2017-03-05,Ang Mo Kio Avenue 5,S109,8.6,26.6635,83.819,nea_v2_api
2017-03-05,Prince Edward Road,S72,0.0,,,nea_v2_api
2017-03-05,Choa Chu Kang Road,S11,12.4,,,nea_v2_api
2017-03-05,Upper Thomson Road,S08,0.6,,,nea_v2_api
2017-03-05,Mandai Lake Road,S40,1.0,,,nea_v2_api
2017-03-05,Kranji Way,S66,5.4,,,nea_v2_api
2017-03-05,Choa Chu Kang Avenue 4,S114,5.8,,,nea_v2_api
2017-03-05,Handy Road,S118,5.4,,,nea_v2_api
2017-03-05,Bukit Timah Road,S90,10.0,,,nea_v2_api
2017-03-05,South Buona Vista Road,S92,6.6,,,nea_v2_api
2017-03-05,Upper Changi Road North,S24,0.0,27.2244,83.7883,nea_v2_api
2017-03-05,Bukit Panjang Road,S64,4.2,,,nea_v2_api
2017-03-05,Kent Ridge Road,S71,8.2,,,nea_v2_api
2017-03-05,Sime Road,S46,6.2,,,nea_v2_api
2017-03-05,Marina Gardens Drive,S108,26.2,27.1066,84.4838,nea_v2_api
2017-03-06,Upper Serangoon Road,S36,16.6,,,nea_v2_api
2017-03-06,Pasir Ris Street 51,S94,0.2,,,nea_v2_api
2017-03-06,Nicoll Highway,S119,33.2,,,nea_v2_api
2017-03-06,Tanah Merah Coast Road,S96,0.0,27.5169,78.8219,nea_v2_api
2017-03-06,Lim Chu Kang Road,S112,9.2,,,nea_v2_api
2017-03-06,Corporation Road,S101,7.4,,,nea_v2_api
2017-03-06,Somerset Road,S79,17.6,,,nea_v2_api
2017-03-06,East Coast Parkway,S107,0.6,27.4935,82.5217,nea_v2_api
2017-03-06,Old Choa Chu Kang Road,S121,11.8,26.6425,70.3914,nea_v2_api
2017-03-06,Punggol Central,S81,4.6,,,nea_v2_api
2017-03-06,Tuas Road,S89,0.2,,,nea_v2_api
2017-03-06,Upper Peirce Reservoir Park,S69,2.6,,,nea_v2_api
2017-03-06,Marine Parade Road,S113,24.6,,,nea_v2_api
2017-03-06,Buangkok Green,S55,11.2,,,nea_v2_api
2017-03-06,Simei Avenue,S84,2.2,,,nea_v2_api
2017-03-06,Banyan Road,S117,4.8,27.4578,77.7692,nea_v2_api
2017-03-06,Old Toh Tuck Road,S35,2.0,,,nea_v2_api
2017-03-06,Jurong Pier Road,S33,0.2,,,nea_v2_api
2017-03-06,Clementi Road,S50,5.4,26.5476,86.2689,nea_v2_api
2017-03-06,Pulau Ubin,S106,0.0,26.7061,83.1642,nea_v2_api
2017-03-06,International Road,S63,5.8,,,nea_v2_api
2017-03-06,Woodlands Avenue 9,S104,4.0,26.8377,86.587,nea_v2_api
2017-03-06,Woodlands Road,S100,3.0,27.4138,80.011,nea_v2_api
2017-03-06,Sembawang Road,S122,10.6,26.9961,77.1204,nea_v2_api
2017-03-06,Upper Changi Road North,S24B,0.0,27.4837,83.3487,nea_v2_api
2017-03-06,Yishun Avenue 5,S91,18.8,,,nea_v2_api
2017-03-06,Holland Road,S120,10.8,,,nea_v2_api
2017-03-06,Sentosa,S60,11.4,27.1105,78.7636,nea_v2_api
2017-03-06,Kim Chuan Road,S43,28.2,27.2355,82.2856,nea_v2_api
2017-03-06,Pasir Ris Drive 12,S29,0.0,,,nea_v2_api
2017-03-06,Alexandra Road,S77,20.8,,,nea_v2_api
2017-03-06,Seletar Aerospace View,S900,1.6,,,nea_v2_api
2017-03-06,Nanyang Avenue,S44,2.4,26.4388,75.0811,nea_v2_api
2017-03-06,Toa Payoh North,S88,16.0,,,nea_v2_api
2017-03-06,Chai Chee Street,S61,40.4,,,nea_v2_api
2017-03-06,Serangoon North Avenue 4,S110,17.4,,,nea_v2_api
2017-03-06,Towner Road,S123,27.4,,,nea_v2_api
2017-03-06,Lornie Road,S07,27.2,,,nea_v2_api
2017-03-06,West Coast Highway,S116,1.0,27.1809,88.5013,nea_v2_api
2017-03-06,Tuas South Avenue 3,S115,8.4,26.615,81.5307,nea_v2_api
2017-03-06,Poole Road,S78,38.4,,,nea_v2_api
2017-03-06,S06,S06,22.6,27.0558,75.0938,nea_v2_api
2017-03-06,Semakau Landfill,S102,2.0,27.1655,84.5541,nea_v2_api
2017-03-06,Ang Mo Kio Avenue 5,S109,17.8,26.7462,83.0495,nea_v2_api
2017-03-06,Prince Edward Road,S72,0.0,,,nea_v2_api
2017-03-06,Choa Chu Kang Road,S11,4.0,,,nea_v2_api
2017-03-06,Upper Thomson Road,S08,4.8,,,nea_v2_api
2017-03-06,Mandai Lake Road,S40,4.4,,,nea_v2_api
2017-03-06,Kranji Way,S66,6.6,,,nea_v2_api
2017-03-06,Choa Chu Kang Avenue 4,S114,9.0,,,nea_v2_api
2017-03-06,Handy Road,S118,20.6,,,nea_v2_api
2017-03-06,Bukit Timah Road,S90,8.8,,,nea_v2_api
2017-03-06,South Buona Vista Road,S92,18.0,,,nea_v2_api
2017-03-06,Upper Changi Road North,S24,0.0,27.1384,84.0147,nea_v2_api
2017-03-06,Bukit Panjang Road,S64,3.2,,,nea_v2_api
2017-03-06,Kent Ridge Road,S71,22.2,,,nea_v2_api
2017-03-06,Sime Road,S46,4.4,,,nea_v2_api
2017-03-06,Marina Gardens Drive,S108,15.8,27.2814,83.4421,nea_v2_api
2017-03-07,Upper Serangoon Road,S36,0.0,,,nea_v2_api
2017-03-07,Pasir Ris Street 51,S94,0.0,,,nea_v2_api
2017-03-07,Nicoll Highway,S119,0.0,,,nea_v2_api
2017-03-07,Tanah Merah Coast Road,S96,0.0,27.259,78.0306,nea_v2_api
2017-03-07,Lim Chu Kang Road,S112,1.6,,,nea_v2_api
2017-03-07,Corporation Road,S101,7.4,,,nea_v2_api
2017-03-07,Somerset Road,S79,0.0,,,nea_v2_api
2017-03-07,East Coast Parkway,S107,6.2,27.2224,82.7334,nea_v2_api
2017-03-07,Old Choa Chu Kang Road,S121,1.0,27.1148,72.1006,nea_v2_api
2017-03-07,Punggol Central,S81,0.0,,,nea_v2_api
2017-03-07,Tuas Road,S89,0.2,,,nea_v2_api
2017-03-07,Upper Peirce Reservoir Park,S69,0.2,,,nea_v2_api
2017-03-07,Marine Parade Road,S113,0.0,,,nea_v2_api
2017-03-07,Buangkok Green,S55,0.0,,,nea_v2_api
2017-03-07,Simei Avenue,S84,0.2,,,nea_v2_api
2017-03-07,Banyan Road,S117,0.0,27.7328,74.6956,nea_v2_api
2017-03-07,Old Toh Tuck Road,S35,1.4,,,nea_v2_api
2017-03-07,Jurong Pier Road,S33,0.0,,,nea_v2_api
2017-03-07,Clementi Road,S50,0.2,27.0074,81.3411,nea_v2_api
2017-03-07,Pulau Ubin,S106,0.0,26.5748,85.2435,nea_v2_api
2017-03-07,International Road,S63,0.6,,,nea_v2_api
2017-03-07,Woodlands Avenue 9,S104,10.4,27.1377,85.6947,nea_v2_api
2017-03-07,Woodlands Road,S100,3.2,27.6411,76.9878,nea_v2_api
2017-03-07,Sembawang Road,S122,3.0,27.2026,76.3092,nea_v2_api
2017-03-07,Upper Changi Road North,S24B,0.0,27.5171,83.4324,nea_v2_api
2017-03-07,Yishun Avenue 5,S91,0.0,,,nea_v2_api
2017-03-07,Holland Road,S120,0.2,,,nea_v2_api
2017-03-07,Sentosa,S60,0.0,27.8821,67.578,nea_v2_api
2017-03-07,Kim Chuan Road,S43,0.2,27.4639,78.7693,nea_v2_api
2017-03-07,Pasir Ris Drive 12,S29,0.0,,,nea_v2_api
2017-03-07,Alexandra Road,S77,0.0,,,nea_v2_api
2017-03-07,Seletar Aerospace View,S900,1.0,,,nea_v2_api
2017-03-07,Nanyang Avenue,S44,0.0,26.8956,72.8081,nea_v2_api
2017-03-07,Toa Payoh North,S88,1.4,,,nea_v2_api
2017-03-07,Chai Chee Street,S61,0.0,,,nea_v2_api
2017-03-07,Serangoon North Avenue 4,S110,3.6,,,nea_v2_api
2017-03-07,Towner Road,S123,0.0,,,nea_v2_api
2017-03-07,Lornie Road,S07,2.4,,,nea_v2_api
2017-03-07,West Coast Highway,S116,2.0,27.296,86.3184,nea_v2_api
2017-03-07,Tuas South Avenue 3,S115,0.0,27.1373,77.7789,nea_v2_api
2017-03-07,Poole Road,S78,0.0,,,nea_v2_api
2017-03-07,S06,S06,0.0,27.291,71.574,nea_v2_api
2017-03-07,Semakau Landfill,S102,0.0,27.3637,81.585,nea_v2_api
2017-03-07,Ang Mo Kio Avenue 5,S109,36.4,26.8016,80.0726,nea_v2_api
2017-03-07,Prince Edward Road,S72,0.0,,,nea_v2_api
2017-03-07,Choa Chu Kang Road,S11,6.8,,,nea_v2_api
2017-03-07,Upper Thomson Road,S08,2.8,,,nea_v2_api
2017-03-07,Mandai Lake Road,S40,5.4,,,nea_v2_api
2017-03-07,Kranji Way,S66,0.8,,,nea_v2_api
2017-03-07,Choa Chu Kang Avenue 4,S114,0.0,,,nea_v2_api
2017-03-07,Handy Road,S118,0.0,,,nea_v2_api
2017-03-07,Bukit Timah Road,S90,0.2,,,nea_v2_api
2017-03-07,South Buona Vista Road,S92,0.4,,,nea_v2_api
2017-03-07,Upper Changi Road North,S24,0.0,27.1065,81.9311,nea_v2_api
2017-03-07,Bukit Panjang Road,S64,1.4,,,nea_v2_api
2017-03-07,Kent Ridge Road,S71,0.6,,,nea_v2_api
2017-03-07,Sime Road,S46,0.4,,,nea_v2_api
2017-03-07,Marina Gardens Drive,S108,0.0,27.7174,79.1176,nea_v2_api
2017-03-08,Upper Serangoon Road,S36,0.0,,,nea_v2_api
2017-03-08,Pasir Ris Street 51,S94,0.0,,,nea_v2_api
2017-03-08,Nicoll Highway,S119,0.0,,,nea_v2_api
2017-03-08,Tanah Merah Coast Road,S96,0.0,27.4354,75.4867,nea_v2_api
2017-03-08,Lim Chu Kang Road,S112,0.6,,,nea_v2_api
2017-03-08,Corporation Road,S101,6.0,,,nea_v2_api
2017-03-08,Somerset Road,S79,0.0,,,nea_v2_api
2017-03-08,East Coast Parkway,S107,0.0,27.7251,78.7261,nea_v2_api
2017-03-08,Old Choa Chu Kang Road,S121,11.2,27.4026,81.673,nea_v2_api
2017-03-08,Punggol Central,S81,0.0,,,nea_v2_api
2017-03-08,Tuas Road,S89,0.0,,,nea_v2_api
2017-03-08,Upper Peirce Reservoir Park,S69,0.0,,,nea_v2_api
2017-03-08,Marine Parade Road,S113,0.0,,,nea_v2_api
2017-03-08,Buangkok Green,S55,0.0,,,nea_v2_api
2017-03-08,Simei Avenue,S84,0.0,,,nea_v2_api
2017-03-08,Banyan Road,S117,0.0,27.8249,72.8864,nea_v2_api
2017-03-08,Old Toh Tuck Road,S35,2.6,,,nea_v2_api
2017-03-08,Jurong Pier Road,S33,0.2,,,nea_v2_api
2017-03-08,Clementi Road,S50,0.0,27.3621,77.8788,nea_v2_api
2017-03-08,Pulau Ubin,S106,0.0,27.003,85.2006,nea_v2_api
2017-03-08,International Road,S63,0.8,,,nea_v2_api
2017-03-08,Woodlands Avenue 9,S104,0.2,27.0589,86.1739,nea_v2_api
2017-03-08,Woodlands Road,S100,1.8,27.9056,73.7537,nea_v2_api
2017-03-08,Sembawang Road,S122,0.0,27.7494,75.9772,nea_v2_api
2017-03-08,Upper Changi Road North,S24B,0.0,27.6913,80.6744,nea_v2_api
2017-03-08,Yishun Avenue 5,S91,0.0,,,nea_v2_api
2017-03-08,Holland Road,S120,0.0,,,nea_v2_api
2017-03-08,Sentosa,S60,0.0,28.0522,63.7411,nea_v2_api
2017-03-08,Kim Chuan Road,S43,0.0,27.6353,76.6083,nea_v2_api
2017-03-08,Pasir Ris Drive 12,S29,0.0,,,nea_v2_api
2017-03-08,Alexandra Road,S77,0.0,,,nea_v2_api
2017-03-08,Seletar Aerospace View,S900,0.0,,,nea_v2_api
2017-03-08,Nanyang Avenue,S44,2.8,26.8953,76.3259,nea_v2_api
2017-03-08,Toa Payoh North,S88,0.0,,,nea_v2_api
2017-03-08,Chai Chee Street,S61,0.0,,,nea_v2_api
2017-03-08,Serangoon North Avenue 4,S110,0.0,,,nea_v2_api
2017-03-08,Towner Road,S123,0.0,,,nea_v2_api
2017-03-08,Lornie Road,S07,0.0,,,nea_v2_api
2017-03-08,West Coast Highway,S116,0.2,27.7214,82.5362,nea_v2_api
2017-03-08,Tuas South Avenue 3,S115,0.0,27.9772,73.1606,nea_v2_api
2017-03-08,Poole Road,S78,0.0,,,nea_v2_api
2017-03-08,S06,S06,0.0,27.8896,67.3892,nea_v2_api
2017-03-08,Semakau Landfill,S102,0.0,27.4679,80.8591,nea_v2_api
2017-03-08,Ang Mo Kio Avenue 5,S109,0.0,27.1923,76.3762,nea_v2_api
2017-03-08,Choa Chu Kang Road,S11,22.4,,,nea_v2_api
2017-03-08,Upper Thomson Road,S08,0.2,,,nea_v2_api
2017-03-08,Mandai Lake Road,S40,0.0,,,nea_v2_api
2017-03-08,Kranji Way,S66,4.2,,,nea_v2_api
2017-03-08,Choa Chu Kang Avenue 4,S114,11.8,,,nea_v2_api
2017-03-08,Handy Road,S118,0.0,,,nea_v2_api
2017-03-08,Bukit Timah Road,S90,0.0,,,nea_v2_api
2017-03-08,South Buona Vista Road,S92,0.0,,,nea_v2_api
2017-03-08,Upper Changi Road North,S24,0.0,27.3303,80.0827,nea_v2_api
2017-03-08,Bukit Panjang Road,S64,0.0,,,nea_v2_api
2017-03-08,Kent Ridge Road,S71,1.6,,,nea_v2_api
2017-03-08,Sime Road,S46,0.0,,,nea_v2_api
2017-03-08,Marina Gardens Drive,S108,0.0,27.9059,76.2789,nea_v2_api
2017-03-09,Upper Serangoon Road,S36,0.0,,,nea_v2_api
2017-03-09,Pasir Ris Street 51,S94,0.0,,,nea_v2_api
2017-03-09,Nicoll Highway,S119,0.0,,,nea_v2_api
2017-03-09,Tanah Merah Coast Road,S96,0.0,27.3599,73.9972,nea_v2_api
2017-03-09,Lim Chu Kang Road,S112,0.0,,,nea_v2_api
2017-03-09,Corporation Road,S101,0.0,,,nea_v2_api
2017-03-09,Somerset Road,S79,0.0,,,nea_v2_api
2017-03-09,East Coast Parkway,S107,0.0,27.5162,76.9934,nea_v2_api
2017-03-09,Old Choa Chu Kang Road,S121,0.0,27.5685,79.5491,nea_v2_api
2017-03-09,Punggol Central,S81,0.0,,,nea_v2_api
2017-03-09,Tuas Road,S89,0.0,,,nea_v2_api
2017-03-09,Upper Peirce Reservoir Park,S69,0.0,,,nea_v2_api
2017-03-09,Marine Parade Road,S113,0.0,,,nea_v2_api
2017-03-09,Buangkok Green,S55,0.0,,,nea_v2_api
2017-03-09,Simei Avenue,S84,0.0,,,nea_v2_api
2017-03-09,Banyan Road,S117,5.0,27.7229,69.9756,nea_v2_api
2017-03-09,Old Toh Tuck Road,S35,0.0,,,nea_v2_api
2017-03-09,Jurong Pier Road,S33,0.0,,,nea_v2_api
2017-03-09,Clementi Road,S50,0.0,27.3055,75.4607,nea_v2_api
2017-03-09,Pulau Ubin,S106,0.0,26.8826,82.9672,nea_v2_api
2017-03-09,International Road,S63,0.0,,,nea_v2_api
2017-03-09,Woodlands Avenue 9,S104,0.0,27.0673,83.0926,nea_v2_api
2017-03-09,Woodlands Road,S100,0.0,27.9178,70.6859,nea_v2_api
2017-03-09,Sembawang Road,S122,0.0,27.711,76.1375,nea_v2_api
2017-03-09,Upper Changi Road North,S24B,0.0,27.4118,79.8928,nea_v2_api
2017-03-09,Yishun Avenue 5,S91,0.0,,,nea_v2_api
2017-03-09,Holland Road,S120,0.0,,,nea_v2_api
2017-03-09,Sentosa,S60,0.0,28.1913,59.2414,nea_v2_api
2017-03-09,Kim Chuan Road,S43,0.0,27.417,74.8423,nea_v2_api
2017-03-09,Pasir Ris Drive 12,S29,0.0,,,nea_v2_api
2017-03-09,Alexandra Road,S77,0.0,,,nea_v2_api
2017-03-09,Seletar Aerospace View,S900,0.0,,,nea_v2_api
2017-03-09,Nanyang Avenue,S44,0.0,27.1063,73.3664,nea_v2_api
2017-03-09,Toa Payoh North,S88,0.0,,,nea_v2_api
2017-03-09,Chai Chee Street,S61,0.0,,,nea_v2_api
2017-03-09,Serangoon North Avenue 4,S110,0.0,,,nea_v2_api
2017-03-09,Towner Road,S123,0.0,,,nea_v2_api
2017-03-09,Lornie Road,S07,0.0,,,nea_v2_api
2017-03-09,West Coast Highway,S116,0.0,27.7514,78.8662,nea_v2_api
2017-03-09,Tuas South Avenue 3,S115,0.2,27.6819,71.988,nea_v2_api
2017-03-09,Poole Road,S78,0.0,,,nea_v2_api
2017-03-09,S06,S06,0.0,27.8231,64.927,nea_v2_api
2017-03-09,Semakau Landfill,S102,0.0,27.5535,76.7562,nea_v2_api
2017-03-09,Ang Mo Kio Avenue 5,S109,0.0,27.0564,73.6028,nea_v2_api
2017-03-09,Choa Chu Kang Road,S11,0.0,,,nea_v2_api
2017-03-09,Upper Thomson Road,S08,0.0,,,nea_v2_api
2017-03-09,Mandai Lake Road,S40,0.0,,,nea_v2_api
2017-03-09,Kranji Way,S66,0.0,,,nea_v2_api
2017-03-09,Choa Chu Kang Avenue 4,S114,0.0,,,nea_v2_api
2017-03-09,Handy Road,S118,0.0,,,nea_v2_api
2017-03-09,Bukit Timah Road,S90,0.0,,,nea_v2_api
2017-03-09,South Buona Vista Road,S92,0.0,,,nea_v2_api
2017-03-09,Upper Changi Road North,S24,0.0,27.0944,78.8431,nea_v2_api
2017-03-09,Bukit Panjang Road,S64,0.0,,,nea_v2_api
2017-03-09,Kent Ridge Road,S71,0.0,,,nea_v2_api
2017-03-09,Sime Road,S46,0.0,,,nea_v2_api
2017-03-09,Marina Gardens Drive,S108,0.0,27.6923,73.6715,nea_v2_api
2017-03-10,Upper Serangoon Road,S36,0.0,,,nea_v2_api
2017-03-10,Pasir Ris Street 51,S94,0.0,,,nea_v2_api
2017-03-10,Nicoll Highway,S119,0.0,,,nea_v2_api
2017-03-10,Tanah Merah Coast Road,S96,0.0,27.3553,75.8347,nea_v2_api
2017-03-10,Lim Chu Kang Road,S112,0.0,,,nea_v2_api
2017-03-10,Corporation Road,S101,0.0,,,nea_v2_api
2017-03-10,Somerset Road,S79,0.0,,,nea_v2_api
2017-03-10,East Coast Parkway,S107,0.0,27.4569,79.2467,nea_v2_api
2017-03-10,Old Choa Chu Kang Road,S121,0.0,27.4988,78.9516,nea_v2_api
2017-03-10,Punggol Central,S81,0.0,,,nea_v2_api
2017-03-10,Tuas Road,S89,0.0,,,nea_v2_api
2017-03-10,Upper Peirce Reservoir Park,S69,0.0,,,nea_v2_api
2017-03-10,Marine Parade Road,S113,0.0,,,nea_v2_api
2017-03-10,Buangkok Green,S55,0.0,,,nea_v2_api
2017-03-10,Simei Avenue,S84,0.0,,,nea_v2_api
2017-03-10,Banyan Road,S117,0.0,28.2264,68.7763,nea_v2_api
2017-03-10,Old Toh Tuck Road,S35,0.0,,,nea_v2_api
2017-03-10,Jurong Pier Road,S33,0.0,,,nea_v2_api
2017-03-10,Clementi Road,S50,0.0,27.2444,77.3946,nea_v2_api
2017-03-10,Pulau Ubin,S106,0.0,26.499,85.3262,nea_v2_api
2017-03-10,International Road,S63,0.0,,,nea_v2_api
2017-03-10,Woodlands Avenue 9,S104,0.0,26.8628,86.6494,nea_v2_api
2017-03-10,Woodlands Road,S100,0.0,27.8899,72.2022,nea_v2_api
2017-03-10,Sembawang Road,S122,0.0,27.5067,76.1436,nea_v2_api
2017-03-10,Upper Changi Road North,S24B,0.0,27.3115,81.2922,nea_v2_api
2017-03-10,Yishun Avenue 5,S91,0.0,,,nea_v2_api
2017-03-10,Holland Road,S120,0.0,,,nea_v2_api
2017-03-10,Sentosa,S60,0.0,27.9252,61.9093,nea_v2_api
2017-03-10,Kim Chuan Road,S43,0.0,27.4145,76.9878,nea_v2_api
2017-03-10,Pasir Ris Drive 12,S29,0.0,,,nea_v2_api
2017-03-10,Alexandra Road,S77,0.0,,,nea_v2_api
2017-03-10,Seletar Aerospace View,S900,0.0,,,nea_v2_api
2017-03-10,Nanyang Avenue,S44,0.0,27.1094,73.1775,nea_v2_api
2017-03-10,Toa Payoh North,S88,0.0,,,nea_v2_api
2017-03-10,Chai Chee Street,S61,0.0,,,nea_v2_api
2017-03-10,Serangoon North Avenue 4,S110,0.0,,,nea_v2_api
2017-03-10,Towner Road,S123,0.0,,,nea_v2_api
2017-03-10,Lornie Road,S07,0.0,,,nea_v2_api
2017-03-10,West Coast Highway,S116,0.0,27.9495,79.2464,nea_v2_api
2017-03-10,Tuas South Avenue 3,S115,0.0,28.0531,71.0312,nea_v2_api
2017-03-10,Poole Road,S78,0.0,,,nea_v2_api
2017-03-10,S06,S06,0.0,27.6165,67.7776,nea_v2_api
2017-03-10,Semakau Landfill,S102,0.0,27.552,78.4208,nea_v2_api
2017-03-10,Ang Mo Kio Avenue 5,S109,0.0,26.966,76.1921,nea_v2_api
2017-03-10,Choa Chu Kang Road,S11,0.0,,,nea_v2_api
2017-03-10,Upper Thomson Road,S08,0.0,,,nea_v2_api
2017-03-10,Mandai Lake Road,S40,0.0,,,nea_v2_api
2017-03-10,Kranji Way,S66,0.0,,,nea_v2_api
2017-03-10,Choa Chu Kang Avenue 4,S114,0.0,,,nea_v2_api
2017-03-10,Handy Road,S118,0.0,,,nea_v2_api
2017-03-10,Bukit Timah Road,S90,0.0,,,nea_v2_api
2017-03-10,South Buona Vista Road,S92,0.0,,,nea_v2_api
2017-03-10,Upper Changi Road North,S24,0.0,26.988,81.0957,nea_v2_api
2017-03-10,Bukit Panjang Road,S64,0.0,,,nea_v2_api
2017-03-10,Kent Ridge Road,S71,0.0,,,nea_v2_api
2017-03-10,Sime Road,S46,0.0,,,nea_v2_api
2017-03-10,Marina Gardens Drive,S108,0.0,27.6936,75.8514,nea_v2_api
2017-03-11,Upper Serangoon Road,S36,0.0,,,nea_v2_api
2017-03-11,Pasir Ris Street 51,S94,0.0,,,nea_v2_api
2017-03-11,Nicoll Highway,S119,0.0,,,nea_v2_api
2017-03-11,Tanah Merah Coast Road,S96,0.0,27.7916,75.746,nea_v2_api
2017-03-11,Lim Chu Kang Road,S112,2.8,,,nea_v2_api
2017-03-11,Corporation Road,S101,29.2,,,nea_v2_api
2017-03-11,Somerset Road,S79,18.0,,,nea_v2_api
2017-03-11,East Coast Parkway,S107,0.0,28.199,77.3641,nea_v2_api
2017-03-11,Old Choa Chu Kang Road,S121,45.6,27.1734,84.045,nea_v2_api
2017-03-11,Punggol Central,S81,0.0,,,nea_v2_api
2017-03-11,Tuas Road,S89,0.0,,,nea_v2_api
2017-03-11,Upper Peirce Reservoir Park,S69,4.0,,,nea_v2_api
2017-03-11,Marine Parade Road,S113,0.0,,,nea_v2_api
2017-03-11,Buangkok Green,S55,4.0,,,nea_v2_api
2017-03-11,Simei Avenue,S84,0.0,,,nea_v2_api
2017-03-11,Banyan Road,S117,0.0,27.9471,72.9518,nea_v2_api
2017-03-11,Old Toh Tuck Road,S35,6.6,,,nea_v2_api
2017-03-11,Jurong Pier Road,S33,4.0,,,nea_v2_api
2017-03-11,Clementi Road,S50,12.8,27.0042,82.0379,nea_v2_api
2017-03-11,Pulau Ubin,S106,0.0,27.259,84.0493,nea_v2_api
2017-03-11,International Road,S63,2.8,,,nea_v2_api
2017-03-11,Woodlands Avenue 9,S104,0.0,27.1658,87.4402,nea_v2_api
2017-03-11,Woodlands Road,S100,5.2,27.8363,75.0296,nea_v2_api
2017-03-11,Sembawang Road,S122,0.0,27.8204,76.545,nea_v2_api
2017-03-11,Upper Changi Road North,S24B,0.0,28.0194,78.1491,nea_v2_api
2017-03-11,Yishun Avenue 5,S91,0.0,,,nea_v2_api
2017-03-11,Holland Road,S120,3.0,,,nea_v2_api
2017-03-11,Sentosa,S60,15.6,27.7205,70.7945,nea_v2_api
2017-03-11,Kim Chuan Road,S43,0.0,27.9068,76.8783,nea_v2_api
2017-03-11,Pasir Ris Drive 12,S29,0.0,,,nea_v2_api
2017-03-11,Alexandra Road,S77,8.6,,,nea_v2_api
2017-03-11,Seletar Aerospace View,S900,0.0,,,nea_v2_api
2017-03-11,Nanyang Avenue,S44,23.8,26.8155,79.5367,nea_v2_api
2017-03-11,Toa Payoh North,S88,0.2,,,nea_v2_api
2017-03-11,Chai Chee Street,S61,0.0,,,nea_v2_api
2017-03-11,Serangoon North Avenue 4,S110,1.0,,,nea_v2_api
2017-03-11,Towner Road,S123,2.8,,,nea_v2_api
2017-03-11,Lornie Road,S07,21.6,,,nea_v2_api
2017-03-11,West Coast Highway,S116,12.4,27.6614,84.5953,nea_v2_api
2017-03-11,Tuas South Avenue 3,S115,0.2,27.7909,75.2978,nea_v2_api
2017-03-11,Poole Road,S78,0.0,,,nea_v2_api
2017-03-11,S06,S06,0.0,28.1039,67.8951,nea_v2_api
2017-03-11,Semakau Landfill,S102,0.0,27.6809,81.7257,nea_v2_api
2017-03-11,Ang Mo Kio Avenue 5,S109,0.2,27.3008,77.1318,nea_v2_api
2017-03-11,Choa Chu Kang Road,S11,59.6,,,nea_v2_api
2017-03-11,Upper Thomson Road,S08,0.2,,,nea_v2_api
2017-03-11,Mandai Lake Road,S40,10.6,,,nea_v2_api
2017-03-11,Kranji Way,S66,13.2,,,nea_v2_api
2017-03-11,Choa Chu Kang Avenue 4,S114,40.8,,,nea_v2_api
2017-03-11,Handy Road,S118,11.4,,,nea_v2_api
2017-03-11,Bukit Timah Road,S90,1.6,,,nea_v2_api
2017-03-11,South Buona Vista Road,S92,6.6,,,nea_v2_api
2017-03-11,Upper Changi Road North,S24,0.0,27.6935,79.8965,nea_v2_api
2017-03-11,Bukit Panjang Road,S64,28.2,,,nea_v2_api
2017-03-11,Kent Ridge Road,S71,26.6,,,nea_v2_api
2017-03-11,Sime Road,S46,38.8,,,nea_v2_api
2017-03-11,Marina Gardens Drive,S108,0.2,28.1063,77.1028,nea_v2_api
2017-03-12,Upper Serangoon Road,S36,21.2,,,nea_v2_api
2017-03-12,Pasir Ris Street 51,S94,0.0,,,nea_v2_api
2017-03-12,Nicoll Highway,S119,18.8,,,nea_v2_api
2017-03-12,Tanah Merah Coast Road,S96,1.6,27.1269,77.6032,nea_v2_api
2017-03-12,Lim Chu Kang Road,S112,32.8,,,nea_v2_api
2017-03-12,Corporation Road,S101,39.8,,,nea_v2_api
2017-03-12,Somerset Road,S79,4.6,,,nea_v2_api
2017-03-12,East Coast Parkway,S107,0.0,27.1786,81.4785,nea_v2_api
2017-03-12,Old Choa Chu Kang Road,S121,24.6,26.4521,80.4719,nea_v2_api
2017-03-12,Punggol Central,S81,0.0,,,nea_v2_api
2017-03-12,Tuas Road,S89,0.2,,,nea_v2_api
2017-03-12,Upper Peirce Reservoir Park,S69,29.0,,,nea_v2_api
2017-03-12,Marine Parade Road,S113,0.0,,,nea_v2_api
2017-03-12,Buangkok Green,S55,0.0,,,nea_v2_api
2017-03-12,Simei Avenue,S84,0.0,,,nea_v2_api
2017-03-12,Banyan Road,S117,14.0,27.3236,76.2949,nea_v2_api
2017-03-12,Old Toh Tuck Road,S35,12.4,,,nea_v2_api
2017-03-12,Jurong Pier Road,S33,10.0,,,nea_v2_api
2017-03-12,Clementi Road,S50,28.0,26.3379,84.7599,nea_v2_api
2017-03-12,Pulau Ubin,S106,0.2,26.2424,90.1326,nea_v2_api
2017-03-12,International Road,S63,21.4,,,nea_v2_api
2017-03-12,Woodlands Avenue 9,S104,41.8,26.4181,88.7021,nea_v2_api
2017-03-12,Woodlands Road,S100,17.2,26.9556,80.1116,nea_v2_api
2017-03-12,Sembawang Road,S122,3.2,26.7698,83.8469,nea_v2_api
2017-03-12,Upper Changi Road North,S24B,0.0,27.2596,77.2874,nea_v2_api
2017-03-12,Yishun Avenue 5,S91,1.6,,,nea_v2_api
2017-03-12,Holland Road,S120,11.2,,,nea_v2_api
2017-03-12,Sentosa,S60,1.4,26.543,78.7674,nea_v2_api
2017-03-12,Kim Chuan Road,S43,2.8,27.189,79.9423,nea_v2_api
2017-03-12,Pasir Ris Drive 12,S29,0.0,,,nea_v2_api
2017-03-12,Alexandra Road,S77,2.2,,,nea_v2_api
2017-03-12,Seletar Aerospace View,S900,2.4,,,nea_v2_api
2017-03-12,Nanyang Avenue,S44,6.6,26.3458,77.2135,nea_v2_api
2017-03-12,Toa Payoh North,S88,6.8,,,nea_v2_api
2017-03-12,Chai Chee Street,S61,0.0,,,nea_v2_api
2017-03-12,Serangoon North Avenue 4,S110,0.8,,,nea_v2_api
2017-03-12,Towner Road,S123,4.2,,,nea_v2_api
2017-03-12,Lornie Road,S07,8.4,,,nea_v2_api
2017-03-12,West Coast Highway,S116,4.8,27.112,86.1185,nea_v2_api
2017-03-12,Tuas South Avenue 3,S115,6.0,27.0069,79.1349,nea_v2_api
2017-03-12,Poole Road,S78,3.0,,,nea_v2_api
2017-03-12,S06,S06,1.4,26.9626,72.3479,nea_v2_api
2017-03-12,Semakau Landfill,S102,4.2,27.1773,83.3184,nea_v2_api
2017-03-12,Ang Mo Kio Avenue 5,S109,1.4,26.7042,79.4282,nea_v2_api
2017-03-12,Choa Chu Kang Road,S11,24.8,,,nea_v2_api
2017-03-12,Upper Thomson Road,S08,4.2,,,nea_v2_api
2017-03-12,Mandai Lake Road,S40,27.8,,,nea_v2_api
2017-03-12,Kranji Way,S66,48.0,,,nea_v2_api
2017-03-12,Choa Chu Kang Avenue 4,S114,44.0,,,nea_v2_api
2017-03-12,Handy Road,S118,9.2,,,nea_v2_api
2017-03-12,Bukit Timah Road,S90,4.6,,,nea_v2_api
2017-03-12,South Buona Vista Road,S92,4.2,,,nea_v2_api
2017-03-12,Upper Changi Road North,S24,0.0,26.8609,82.2331,nea_v2_api
2017-03-12,Bukit Panjang Road,S64,56.2,,,nea_v2_api
2017-03-12,Kent Ridge Road,S71,10.2,,,nea_v2_api
2017-03-12,Sime Road,S46,5.2,,,nea_v2_api
2017-03-12,Marina Gardens Drive,S108,10.6,27.3696,80.5848,nea_v2_api
2017-03-13,Upper Serangoon Road,S36,6.0,,,nea_v2_api
2017-03-13,Pasir Ris Street 51,S94,0.4,,,nea_v2_api
2017-03-13,Nicoll Highway,S119,0.0,,,nea_v2_api
2017-03-13,Tanah Merah Coast Road,S96,0.0,27.8258,80.6771,nea_v2_api
2017-03-13,Lim Chu Kang Road,S112,1.6,,,nea_v2_api
2017-03-13,Corporation Road,S101,0.0,,,nea_v2_api
2017-03-13,Somerset Road,S79,8.4,,,nea_v2_api
2017-03-13,East Coast Parkway,S107,0.0,27.9047,84.8987,nea_v2_api
2017-03-13,Old Choa Chu Kang Road,S121,0.0,28.1656,72.6304,nea_v2_api
2017-03-13,Punggol Central,S81,0.4,,,nea_v2_api
2017-03-13,Tuas Road,S89,0.0,,,nea_v2_api
2017-03-13,Upper Peirce Reservoir Park,S69,1.2,,,nea_v2_api
2017-03-13,Marine Parade Road,S113,0.2,,,nea_v2_api
2017-03-13,Buangkok Green,S55,4.8,,,nea_v2_api
2017-03-13,Simei Avenue,S84,0.0,,,nea_v2_api
2017-03-13,Banyan Road,S117,0.0,28.6907,74.8755,nea_v2_api
2017-03-13,Old Toh Tuck Road,S35,0.2,,,nea_v2_api
2017-03-13,Jurong Pier Road,S33,0.0,,,nea_v2_api
2017-03-13,Clementi Road,S50,1.6,27.8532,82.2038,nea_v2_api
2017-03-13,Pulau Ubin,S106,0.0,27.2733,84.1978,nea_v2_api
2017-03-13,International Road,S63,0.0,,,nea_v2_api
2017-03-13,Woodlands Avenue 9,S104,0.0,28.1887,82.0594,nea_v2_api
2017-03-13,Woodlands Road,S100,0.6,28.7156,76.7317,nea_v2_api
2017-03-13,Sembawang Road,S122,0.0,28.132,77.3263,nea_v2_api
2017-03-13,Upper Changi Road North,S24B,0.0,28.113,80.2557,nea_v2_api
2017-03-13,Yishun Avenue 5,S91,0.0,,,nea_v2_api
2017-03-13,Holland Road,S120,1.4,,,nea_v2_api
2017-03-13,Sentosa,S60,0.0,28.9127,70.6859,nea_v2_api
2017-03-13,Kim Chuan Road,S43,6.2,28.1397,81.8141,nea_v2_api
2017-03-13,Pasir Ris Drive 12,S29,1.0,,,nea_v2_api
2017-03-13,Alexandra Road,S77,0.0,,,nea_v2_api
2017-03-13,Seletar Aerospace View,S900,0.0,,,nea_v2_api
2017-03-13,Nanyang Avenue,S44,0.0,27.9543,72.0123,nea_v2_api
2017-03-13,Toa Payoh North,S88,8.2,,,nea_v2_api
2017-03-13,Chai Chee Street,S61,0.0,,,nea_v2_api
2017-03-13,Serangoon North Avenue 4,S110,13.6,,,nea_v2_api
2017-03-13,Towner Road,S123,4.2,,,nea_v2_api
2017-03-13,Lornie Road,S07,14.8,,,nea_v2_api
2017-03-13,West Coast Highway,S116,0.0,28.3117,85.5936,nea_v2_api
2017-03-13,Tuas South Avenue 3,S115,0.0,28.2109,77.357,nea_v2_api
2017-03-13,Poole Road,S78,0.2,,,nea_v2_api
2017-03-13,S06,S06,12.8,27.7469,75.4792,nea_v2_api
2017-03-13,Semakau Landfill,S102,0.0,28.1867,83.2792,nea_v2_api
2017-03-13,Ang Mo Kio Avenue 5,S109,0.4,27.986,79.7128,nea_v2_api
2017-03-13,Choa Chu Kang Road,S11,0.2,,,nea_v2_api
2017-03-13,Upper Thomson Road,S08,1.2,,,nea_v2_api
2017-03-13,Mandai Lake Road,S40,0.4,,,nea_v2_api
2017-03-13,Kranji Way,S66,25.6,,,nea_v2_api
2017-03-13,Choa Chu Kang Avenue 4,S114,0.0,,,nea_v2_api
2017-03-13,Handy Road,S118,2.4,,,nea_v2_api
2017-03-13,Bukit Timah Road,S90,26.0,,,nea_v2_api
2017-03-13,South Buona Vista Road,S92,0.0,,,nea_v2_api
2017-03-13,Upper Changi Road North,S24,0.0,27.6823,84.351,nea_v2_api
2017-03-13,Bukit Panjang Road,S64,0.0,,,nea_v2_api
2017-03-13,Kent Ridge Road,S71,0.0,,,nea_v2_api
2017-03-13,Sime Road,S46,6.0,,,nea_v2_api
2017-03-13,Marina Gardens Drive,S108,0.0,28.6874,81.2946,nea_v2_api
2017-03-14,Upper Serangoon Road,S36,0.0,,,nea_v2_api
2017-03-14,Pasir Ris Street 51,S94,0.0,,,nea_v2_api
2017-03-14,Nicoll Highway,S119,0.0,,,nea_v2_api
2017-03-14,Tanah Merah Coast Road,S96,0.8,27.147,79.9637,nea_v2_api
2017-03-14,Lim Chu Kang Road,S112,11.6,,,nea_v2_api
2017-03-14,Corporation Road,S101,3.2,,,nea_v2_api
2017-03-14,Somerset Road,S79,0.0,,,nea_v2_api
2017-03-14,East Coast Parkway,S107,1.0,27.0197,86.6746,nea_v2_api
2017-03-14,Old Choa Chu Kang Road,S121,2.0,26.9216,89.7734,nea_v2_api
2017-03-14,Punggol Central,S81,0.0,,,nea_v2_api
2017-03-14,Tuas Road,S89,0.4,,,nea_v2_api
2017-03-14,Upper Peirce Reservoir Park,S69,0.2,,,nea_v2_api
2017-03-14,Marine Parade Road,S113,0.0,,,nea_v2_api
2017-03-14,Buangkok Green,S55,0.0,,,nea_v2_api
2017-03-14,Simei Avenue,S84,0.0,,,nea_v2_api
2017-03-14,Banyan Road,S117,0.0,27.2541,78.811,nea_v2_api
2017-03-14,Old Toh Tuck Road,S35,0.0,,,nea_v2_api
2017-03-14,Jurong Pier Road,S33,0.0,,,nea_v2_api
2017-03-14,Clementi Road,S50,0.2,26.919,83.5291,nea_v2_api
2017-03-14,Pulau Ubin,S106,0.0,26.7962,88.7245,nea_v2_api
2017-03-14,International Road,S63,0.0,,,nea_v2_api
2017-03-14,Woodlands Avenue 9,S104,4.4,26.9911,89.9634,nea_v2_api
2017-03-14,Woodlands Road,S100,4.4,27.3013,80.8504,nea_v2_api
2017-03-14,Sembawang Road,S122,0.2,27.4381,79.7866,nea_v2_api
2017-03-14,Upper Changi Road North,S24B,0.0,27.235,78.0894,nea_v2_api
2017-03-14,Yishun Avenue 5,S91,0.0,,,nea_v2_api
2017-03-14,Holland Road,S120,0.0,,,nea_v2_api
2017-03-14,Sentosa,S60,0.0,26.8196,80.1181,nea_v2_api
2017-03-14,Kim Chuan Road,S43,0.0,27.4459,81.4163,nea_v2_api
2017-03-14,Pasir Ris Drive 12,S29,0.0,,,nea_v2_api
2017-03-14,Alexandra Road,S77,0.4,,,nea_v2_api
2017-03-14,Seletar Aerospace View,S900,0.0,,,nea_v2_api
2017-03-14,Nanyang Avenue,S44,3.8,26.3806,81.3208,nea_v2_api
2017-03-14,Toa Payoh North,S88,0.0,,,nea_v2_api
2017-03-14,Chai Chee Street,S61,0.0,,,nea_v2_api
2017-03-14,Serangoon North Avenue 4,S110,0.0,,,nea_v2_api
2017-03-14,Towner Road,S123,0.0,,,nea_v2_api
2017-03-14,Lornie Road,S07,0.2,,,nea_v2_api
2017-03-14,West Coast Highway,S116,0.0,27.3473,87.7888,nea_v2_api
2017-03-14,Tuas South Avenue 3,S115,29.6,26.8543,81.8533,nea_v2_api
2017-03-14,Poole Road,S78,0.0,,,nea_v2_api
2017-03-14,S06,S06,0.0,27.0986,74.4121,nea_v2_api
2017-03-14,Semakau Landfill,S102,7.2,27.0342,85.9474,nea_v2_api
2017-03-14,Ang Mo Kio Avenue 5,S109,1.4,27.1503,79.7589,nea_v2_api
2017-03-14,Choa Chu Kang Road,S11,15.6,,,nea_v2_api
2017-03-14,Upper Thomson Road,S08,0.0,,,nea_v2_api
2017-03-14,Mandai Lake Road,S40,0.6,,,nea_v2_api
2017-03-14,Kranji Way,S66,10.0,,,nea_v2_api
2017-03-14,Choa Chu Kang Avenue 4,S114,1.8,,,nea_v2_api
2017-03-14,Handy Road,S118,0.0,,,nea_v2_api
2017-03-14,Bukit Timah Road,S90,0.0,,,nea_v2_api
2017-03-14,South Buona Vista Road,S92,0.6,,,nea_v2_api
2017-03-14,Upper Changi Road North,S24,0.0,26.923,84.3344,nea_v2_api
2017-03-14,Bukit Panjang Road,S64,10.6,,,nea_v2_api
2017-03-14,Kent Ridge Road,S71,0.0,,,nea_v2_api
2017-03-14,Sime Road,S46,0.2,,,nea_v2_api
2017-03-14,Marina Gardens Drive,S108,0.0,27.2937,83.256,nea_v2_api
2017-03-15,Upper Serangoon Road,S36,0.0,,,nea_v2_api
2017-03-15,Pasir Ris Street 51,S94,0.0,,,nea_v2_api
2017-03-15,Nicoll Highway,S119,0.0,,,nea_v2_api
2017-03-15,Tanah Merah Coast Road,S96,0.0,28.3979,74.3658,nea_v2_api
2017-03-15,Lim Chu Kang Road,S112,0.0,,,nea_v2_api
2017-03-15,Corporation Road,S101,0.0,,,nea_v2_api
2017-03-15,Somerset Road,S79,0.0,,,nea_v2_api
2017-03-15,East Coast Parkway,S107,0.0,28.2023,80.312,nea_v2_api
2017-03-15,Old Choa Chu Kang Road,S121,0.0,29.0063,61.201,nea_v2_api
2017-03-15,Punggol Central,S81,0.0,,,nea_v2_api
2017-03-15,Tuas Road,S89,0.0,,,nea_v2_api
2017-03-15,Upper Peirce Reservoir Park,S69,0.0,,,nea_v2_api
2017-03-15,Marine Parade Road,S113,0.0,,,nea_v2_api
2017-03-15,Buangkok Green,S55,0.0,,,nea_v2_api
2017-03-15,Simei Avenue,S84,0.0,,,nea_v2_api
2017-03-15,Banyan Road,S117,0.0,28.9235,70.2281,nea_v2_api
2017-03-15,Old Toh Tuck Road,S35,0.0,,,nea_v2_api
2017-03-15,Jurong Pier Road,S33,0.0,,,nea_v2_api
2017-03-15,Clementi Road,S50,0.0,29.0429,71.1294,nea_v2_api
2017-03-15,Pulau Ubin,S106,0.0,28.2737,81.6742,nea_v2_api
2017-03-15,International Road,S63,0.0,,,nea_v2_api
2017-03-15,Woodlands Avenue 9,S104,0.0,29.1196,75.5786,nea_v2_api
2017-03-15,Woodlands Road,S100,0.0,29.5817,68.6774,nea_v2_api
2017-03-15,Sembawang Road,S122,0.0,29.0448,62.218,nea_v2_api
2017-03-15,Upper Changi Road North,S24B,0.0,28.9966,66.9755,nea_v2_api
2017-03-15,Yishun Avenue 5,S91,0.0,,,nea_v2_api
2017-03-15,Holland Road,S120,0.0,,,nea_v2_api
2017-03-15,Sentosa,S60,0.0,29.3821,59.6741,nea_v2_api
2017-03-15,Kim Chuan Road,S43,0.0,29.3301,71.233,nea_v2_api
2017-03-15,Pasir Ris Drive 12,S29,0.0,,,nea_v2_api
2017-03-15,Alexandra Road,S77,0.0,,,nea_v2_api
2017-03-15,Seletar Aerospace View,S900,0.0,,,nea_v2_api
2017-03-15,Nanyang Avenue,S44,0.0,28.7106,62.5261,nea_v2_api
2017-03-15,Toa Payoh North,S88,0.0,,,nea_v2_api
2017-03-15,Chai Chee Street,S61,0.0,,,nea_v2_api
2017-03-15,Serangoon North Avenue 4,S110,0.0,,,nea_v2_api
2017-03-15,Towner Road,S123,0.0,,,nea_v2_api
2017-03-15,Lornie Road,S07,0.0,,,nea_v2_api
2017-03-15,West Coast Highway,S116,0.0,28.8622,79.005,nea_v2_api
2017-03-15,Tuas South Avenue 3,S115,0.0,28.4725,73.7382,nea_v2_api
2017-03-15,Poole Road,S78,0.0,,,nea_v2_api
2017-03-15,S06,S06,0.0,28.883,65.7264,nea_v2_api
2017-03-15,Semakau Landfill,S102,0.0,27.6325,83.2575,nea_v2_api
2017-03-15,Ang Mo Kio Avenue 5,S109,0.0,29.3017,67.3674,nea_v2_api
2017-03-15,Choa Chu Kang Road,S11,0.0,,,nea_v2_api
2017-03-15,Upper Thomson Road,S08,0.0,,,nea_v2_api
2017-03-15,Mandai Lake Road,S40,0.0,,,nea_v2_api
2017-03-15,Kranji Way,S66,0.0,,,nea_v2_api
2017-03-15,Choa Chu Kang Avenue 4,S114,0.0,,,nea_v2_api
2017-03-15,Handy Road,S118,0.0,,,nea_v2_api
2017-03-15,Bukit Timah Road,S90,0.0,,,nea_v2_api
2017-03-15,South Buona Vista Road,S92,0.0,,,nea_v2_api
2017-03-15,Upper Changi Road North,S24,0.0,28.5907,76.621,nea_v2_api
2017-03-15,Bukit Panjang Road,S64,0.0,,,nea_v2_api
2017-03-15,Kent Ridge Road,S71,0.0,,,nea_v2_api
2017-03-15,Sime Road,S46,0.0,,,nea_v2_api
2017-03-15,Marina Gardens Drive,S108,0.0,28.9553,76.9904,nea_v2_api
2017-03-16,Upper Serangoon Road,S36,0.0,,,nea_v2_api
2017-03-16,Pasir Ris Street 51,S94,0.0,,,nea_v2_api
2017-03-16,Nicoll Highway,S119,0.0,,,nea_v2_api
2017-03-16,Tanah Merah Coast Road,S96,0.0,28.088,78.5507,nea_v2_api
2017-03-16,Lim Chu Kang Road,S112,56.6,,,nea_v2_api
2017-03-16,Corporation Road,S101,4.6,,,nea_v2_api
2017-03-16,Somerset Road,S79,0.0,,,nea_v2_api
2017-03-16,East Coast Parkway,S107,0.0,27.9926,84.356,nea_v2_api
2017-03-16,Old Choa Chu Kang Road,S121,3.0,28.3481,73.5004,nea_v2_api
2017-03-16,Punggol Central,S81,0.0,,,nea_v2_api
2017-03-16,Upper Peirce Reservoir Park,S69,12.6,,,nea_v2_api
2017-03-16,Tuas Road,S89,0.0,,,nea_v2_api
2017-03-16,Marine Parade Road,S113,0.0,,,nea_v2_api
2017-03-16,Buangkok Green,S55,0.0,,,nea_v2_api
2017-03-16,Simei Avenue,S84,0.0,,,nea_v2_api
2017-03-16,Banyan Road,S117,1.0,28.5161,74.7241,nea_v2_api
2017-03-16,Old Toh Tuck Road,S35,0.0,,,nea_v2_api
2017-03-16,Jurong Pier Road,S33,4.2,,,nea_v2_api
2017-03-16,Clementi Road,S50,1.2,28.1637,78.7927,nea_v2_api
2017-03-16,Pulau Ubin,S106,0.0,27.9431,83.0512,nea_v2_api
2017-03-16,International Road,S63,5.2,,,nea_v2_api
2017-03-16,Woodlands Avenue 9,S104,20.4,27.7985,85.4808,nea_v2_api
2017-03-16,Woodlands Road,S100,26.8,28.6174,75.8812,nea_v2_api
2017-03-16,Sembawang Road,S122,2.4,28.3905,72.8826,nea_v2_api
2017-03-16,Upper Changi Road North,S24B,0.0,28.7657,75.1862,nea_v2_api
2017-03-16,Yishun Avenue 5,S91,4.8,,,nea_v2_api
2017-03-16,Holland Road,S120,0.0,,,nea_v2_api
2017-03-16,Sentosa,S60,0.0,28.4633,70.798,nea_v2_api
2017-03-16,Kim Chuan Road,S43,0.0,28.9276,75.1773,nea_v2_api
2017-03-16,Pasir Ris Drive 12,S29,0.0,,,nea_v2_api
2017-03-16,Alexandra Road,S77,0.0,,,nea_v2_api
2017-03-16,Seletar Aerospace View,S900,0.6,,,nea_v2_api
2017-03-16,Nanyang Avenue,S44,0.2,27.8925,71.8444,nea_v2_api
2017-03-16,Toa Payoh North,S88,0.0,,,nea_v2_api
2017-03-16,Chai Chee Street,S61,0.0,,,nea_v2_api
2017-03-16,Serangoon North Avenue 4,S110,0.0,,,nea_v2_api
2017-03-16,Towner Road,S123,0.0,,,nea_v2_api
2017-03-16,Lornie Road,S07,0.0,,,nea_v2_api
2017-03-16,West Coast Highway,S116,0.0,28.9467,81.525,nea_v2_api
2017-03-16,Tuas South Avenue 3,S115,0.0,28.8287,73.7024,nea_v2_api
2017-03-16,Poole Road,S78,0.0,,,nea_v2_api
2017-03-16,S06,S06,0.0,28.9356,66.6859,nea_v2_api
2017-03-16,Semakau Landfill,S102,0.0,28.5268,82.6386,nea_v2_api
2017-03-16,Ang Mo Kio Avenue 5,S109,0.0,28.4676,74.1484,nea_v2_api
2017-03-16,Choa Chu Kang Road,S11,3.2,,,nea_v2_api
2017-03-16,Upper Thomson Road,S08,0.2,,,nea_v2_api
2017-03-16,Mandai Lake Road,S40,3.2,,,nea_v2_api
2017-03-16,Kranji Way,S66,41.2,,,nea_v2_api
2017-03-16,Choa Chu Kang Avenue 4,S114,4.6,,,nea_v2_api
2017-03-16,Handy Road,S118,0.0,,,nea_v2_api
2017-03-16,Bukit Timah Road,S90,0.0,,,nea_v2_api
2017-03-16,South Buona Vista Road,S92,0.0,,,nea_v2_api
2017-03-16,Upper Changi Road North,S24,0.0,28.3443,80.051,nea_v2_api
2017-03-16,Bukit Panjang Road,S64,8.0,,,nea_v2_api
2017-03-16,Kent Ridge Road,S71,0.0,,,nea_v2_api
2017-03-16,Sime Road,S46,2.0,,,nea_v2_api
2017-03-16,Marina Gardens Drive,S108,0.0,28.9104,77.6963,nea_v2_api
2017-03-17,Upper Serangoon Road,S36,4.4,,,nea_v2_api
2017-03-17,Pasir Ris Street 51,S94,0.0,,,nea_v2_api
2017-03-17,Nicoll Highway,S119,9.0,,,nea_v2_api
2017-03-17,Tanah Merah Coast Road,S96,0.0,27.5078,80.3821,nea_v2_api
2017-03-17,Lim Chu Kang Road,S112,5.0,,,nea_v2_api
2017-03-17,Corporation Road,S101,5.6,,,nea_v2_api
2017-03-17,Somerset Road,S79,5.0,,,nea_v2_api
2017-03-17,East Coast Parkway,S107,8.0,27.6268,84.5458,nea_v2_api
2017-03-17,Old Choa Chu Kang Road,S121,2.8,26.6899,79.5905,nea_v2_api
2017-03-17,Punggol Central,S81,6.8,,,nea_v2_api
2017-03-17,Upper Peirce Reservoir Park,S69,8.4,,,nea_v2_api
2017-03-17,Tuas Road,S89,0.0,,,nea_v2_api
2017-03-17,Marine Parade Road,S113,13.6,,,nea_v2_api
2017-03-17,Buangkok Green,S55,5.4,,,nea_v2_api
2017-03-17,Simei Avenue,S84,7.8,,,nea_v2_api
2017-03-17,Banyan Road,S117,0.0,28.0697,74.9126,nea_v2_api
2017-03-17,Old Toh Tuck Road,S35,2.0,,,nea_v2_api
2017-03-17,Jurong Pier Road,S33,46.8,,,nea_v2_api
2017-03-17,Clementi Road,S50,0.8,27.0495,83.6494,nea_v2_api
2017-03-17,Pulau Ubin,S106,1.8,26.0655,91.8948,nea_v2_api
2017-03-17,International Road,S63,33.0,,,nea_v2_api
2017-03-17,Woodlands Avenue 9,S104,2.2,26.6558,89.5273,nea_v2_api
2017-03-17,Woodlands Road,S100,0.0,27.31,80.7195,nea_v2_api
2017-03-17,Sembawang Road,S122,2.4,26.7802,74.5582,nea_v2_api
2017-03-17,Upper Changi Road North,S24B,0.0,27.7562,75.5966,nea_v2_api
2017-03-17,Yishun Avenue 5,S91,3.4,,,nea_v2_api
2017-03-17,Holland Road,S120,24.8,,,nea_v2_api
2017-03-17,Sentosa,S60,0.0,27.6027,76.8473,nea_v2_api
2017-03-17,Kim Chuan Road,S43,11.6,27.651,81.7938,nea_v2_api
2017-03-17,Pasir Ris Drive 12,S29,0.0,,,nea_v2_api
2017-03-17,Alexandra Road,S77,3.0,,,nea_v2_api
2017-03-17,Seletar Aerospace View,S900,32.2,,,nea_v2_api
2017-03-17,Nanyang Avenue,S44,0.0,26.5791,77.2213,nea_v2_api
2017-03-17,Toa Payoh North,S88,8.4,,,nea_v2_api
2017-03-17,Chai Chee Street,S61,2.4,,,nea_v2_api
2017-03-17,Serangoon North Avenue 4,S110,7.0,,,nea_v2_api
2017-03-17,Towner Road,S123,11.0,,,nea_v2_api
2017-03-17,Lornie Road,S07,19.0,,,nea_v2_api
2017-03-17,West Coast Highway,S116,1.8,27.9086,85.6449,nea_v2_api
2017-03-17,Tuas South Avenue 3,S115,0.0,27.6792,77.9908,nea_v2_api
2017-03-17,Poole Road,S78,8.6,,,nea_v2_api
2017-03-17,S06,S06,16.8,27.3576,74.9042,nea_v2_api
2017-03-17,Semakau Landfill,S102,0.0,28.095,81.9235,nea_v2_api
2017-03-17,Ang Mo Kio Avenue 5,S109,33.0,26.9669,82.1853,nea_v2_api
2017-03-17,Choa Chu Kang Road,S11,0.0,,,nea_v2_api
2017-03-17,Upper Thomson Road,S08,33.0,,,nea_v2_api
2017-03-17,Mandai Lake Road,S40,2.6,,,nea_v2_api
2017-03-17,Kranji Way,S66,0.0,,,nea_v2_api
2017-03-17,Choa Chu Kang Avenue 4,S114,2.8,,,nea_v2_api
2017-03-17,Handy Road,S118,7.4,,,nea_v2_api
2017-03-17,Bukit Timah Road,S90,26.6,,,nea_v2_api
2017-03-17,South Buona Vista Road,S92,0.2,,,nea_v2_api
2017-03-17,Upper Changi Road North,S24,0.0,27.2967,84.4382,nea_v2_api
2017-03-17,Bukit Panjang Road,S64,0.8,,,nea_v2_api
2017-03-17,Kent Ridge Road,S71,0.2,,,nea_v2_api
2017-03-17,Sime Road,S46,5.6,,,nea_v2_api
2017-03-17,Marina Gardens Drive,S108,10.6,27.9475,80.8726,nea_v2_api
2017-03-18,Upper Serangoon Road,S36,0.0,,,nea_v2_api
2017-03-18,Pasir Ris Street 51,S94,0.0,,,nea_v2_api
2017-03-18,Nicoll Highway,S119,0.0,,,nea_v2_api
2017-03-18,Tanah Merah Coast Road,S96,0.0,28.1603,77.8776,nea_v2_api
2017-03-18,Lim Chu Kang Road,S112,38.2,,,nea_v2_api
2017-03-18,Corporation Road,S101,24.8,,,nea_v2_api
2017-03-18,Somerset Road,S79,0.0,,,nea_v2_api
2017-03-18,East Coast Parkway,S107,0.0,28.0887,83.2083,nea_v2_api
2017-03-18,Old Choa Chu Kang Road,S121,50.2,27.101,65.7397,nea_v2_api
2017-03-18,Punggol Central,S81,0.2,,,nea_v2_api
2017-03-18,Tuas Road,S89,0.0,,,nea_v2_api
2017-03-18,Upper Peirce Reservoir Park,S69,0.0,,,nea_v2_api
2017-03-18,Marine Parade Road,S113,0.0,,,nea_v2_api
2017-03-18,Buangkok Green,S55,0.0,,,nea_v2_api
2017-03-18,Simei Avenue,S84,0.0,,,nea_v2_api
2017-03-18,Banyan Road,S117,14.4,27.9359,77.5533,nea_v2_api
2017-03-18,Old Toh Tuck Road,S35,30.8,,,nea_v2_api
2017-03-18,Jurong Pier Road,S33,14.4,,,nea_v2_api
2017-03-18,Clementi Road,S50,0.0,27.91,80.3749,nea_v2_api
2017-03-18,Pulau Ubin,S106,0.0,27.4069,80.5107,nea_v2_api
2017-03-18,International Road,S63,14.8,,,nea_v2_api
2017-03-18,Woodlands Avenue 9,S104,0.0,27.93,83.5062,nea_v2_api
2017-03-18,Woodlands Road,S100,8.0,27.9582,79.0997,nea_v2_api
2017-03-18,Sembawang Road,S122,0.0,28.1255,69.3558,nea_v2_api
2017-03-18,Upper Changi Road North,S24B,0.0,28.7324,68.9379,nea_v2_api
2017-03-18,Yishun Avenue 5,S91,0.2,,,nea_v2_api
2017-03-18,Holland Road,S120,0.0,,,nea_v2_api
2017-03-18,Sentosa,S60,0.0,28.5044,69.8051,nea_v2_api
2017-03-18,Kim Chuan Road,S43,0.0,28.7058,76.4483,nea_v2_api
2017-03-18,Pasir Ris Drive 12,S29,0.0,,,nea_v2_api
2017-03-18,Alexandra Road,S77,0.0,,,nea_v2_api
2017-03-18,Seletar Aerospace View,S900,0.0,,,nea_v2_api
2017-03-18,Nanyang Avenue,S44,11.8,27.1428,69.5743,nea_v2_api
2017-03-18,Toa Payoh North,S88,0.0,,,nea_v2_api
2017-03-18,Chai Chee Street,S61,0.0,,,nea_v2_api
2017-03-18,Serangoon North Avenue 4,S110,0.0,,,nea_v2_api
2017-03-18,Towner Road,S123,0.0,,,nea_v2_api
2017-03-18,Lornie Road,S07,0.0,,,nea_v2_api
2017-03-18,West Coast Highway,S116,4.4,28.2088,85.6728,nea_v2_api
2017-03-18,Tuas South Avenue 3,S115,0.0,28.2478,76.3955,nea_v2_api
2017-03-18,Poole Road,S78,0.0,,,nea_v2_api
2017-03-18,S06,S06,0.0,28.6931,68.6562,nea_v2_api
2017-03-18,Semakau Landfill,S102,0.0,28.2804,82.4967,nea_v2_api
2017-03-18,Ang Mo Kio Avenue 5,S109,0.0,28.3847,75.7967,nea_v2_api
2017-03-18,Choa Chu Kang Road,S11,28.6,,,nea_v2_api
2017-03-18,Upper Thomson Road,S08,0.0,,,nea_v2_api
2017-03-18,Mandai Lake Road,S40,0.0,,,nea_v2_api
2017-03-18,Kranji Way,S66,0.4,,,nea_v2_api
2017-03-18,Choa Chu Kang Avenue 4,S114,38.6,,,nea_v2_api
2017-03-18,Handy Road,S118,0.0,,,nea_v2_api
2017-03-18,Bukit Timah Road,S90,0.0,,,nea_v2_api
2017-03-18,South Buona Vista Road,S92,0.0,,,nea_v2_api
2017-03-18,Upper Changi Road North,S24,0.0,28.3541,80.1684,nea_v2_api
2017-03-18,Bukit Panjang Road,S64,9.0,,,nea_v2_api
2017-03-18,Kent Ridge Road,S71,0.0,,,nea_v2_api
2017-03-18,Sime Road,S46,0.0,,,nea_v2_api
2017-03-18,Marina Gardens Drive,S108,0.0,28.8689,78.7815,nea_v2_api
2017-03-19,Upper Serangoon Road,S36,0.2,,,nea_v2_api
2017-03-19,Pasir Ris Street 51,S94,0.0,,,nea_v2_api
2017-03-19,Nicoll Highway,S119,0.0,,,nea_v2_api
2017-03-19,Tanah Merah Coast Road,S96,0.0,28.3212,77.0595,nea_v2_api
2017-03-19,Lim Chu Kang Road,S112,0.6,,,nea_v2_api
2017-03-19,Corporation Road,S101,0.0,,,nea_v2_api
2017-03-19,Somerset Road,S79,0.0,,,nea_v2_api
2017-03-19,East Coast Parkway,S107,0.0,28.2922,81.4046,nea_v2_api
2017-03-19,Old Choa Chu Kang Road,S121,0.0,27.5995,71.5046,nea_v2_api
2017-03-19,Punggol Central,S81,0.0,,,nea_v2_api
2017-03-19,Tuas Road,S89,0.0,,,nea_v2_api
2017-03-19,Upper Peirce Reservoir Park,S69,12.6,,,nea_v2_api
2017-03-19,Marine Parade Road,S113,0.0,,,nea_v2_api
2017-03-19,Buangkok Green,S55,0.0,,,nea_v2_api
2017-03-19,Simei Avenue,S84,0.0,,,nea_v2_api
2017-03-19,Banyan Road,S117,0.0,28.5665,74.4092,nea_v2_api
2017-03-19,Old Toh Tuck Road,S35,0.0,,,nea_v2_api
2017-03-19,Jurong Pier Road,S33,0.0,,,nea_v2_api
2017-03-19,Clementi Road,S50,0.0,28.0386,79.6517,nea_v2_api
2017-03-19,Pulau Ubin,S106,0.0,27.6866,83.5079,nea_v2_api
2017-03-19,International Road,S63,0.0,,,nea_v2_api
2017-03-19,Woodlands Avenue 9,S104,24.0,27.8217,83.2561,nea_v2_api
2017-03-19,Woodlands Road,S100,3.6,27.9842,80.694,nea_v2_api
2017-03-19,Sembawang Road,S122,15.8,27.5662,68.239,nea_v2_api
2017-03-19,Upper Changi Road North,S24B,0.0,28.7738,74.873,nea_v2_api
2017-03-19,Yishun Avenue 5,S91,4.6,,,nea_v2_api
2017-03-19,Holland Road,S120,0.0,,,nea_v2_api
2017-03-19,Sentosa,S60,0.0,28.9565,63.8123,nea_v2_api
2017-03-19,Kim Chuan Road,S43,0.0,28.8919,75.3756,nea_v2_api
2017-03-19,Pasir Ris Drive 12,S29,0.0,,,nea_v2_api
2017-03-19,Alexandra Road,S77,0.0,,,nea_v2_api
2017-03-19,Seletar Aerospace View,S900,0.0,,,nea_v2_api
2017-03-19,Nanyang Avenue,S44,0.0,27.59,71.5374,nea_v2_api
2017-03-19,Toa Payoh North,S88,0.2,,,nea_v2_api
2017-03-19,Chai Chee Street,S61,0.0,,,nea_v2_api
2017-03-19,Serangoon North Avenue 4,S110,0.0,,,nea_v2_api
2017-03-19,Towner Road,S123,0.0,,,nea_v2_api
2017-03-19,Lornie Road,S07,7.2,,,nea_v2_api
2017-03-19,West Coast Highway,S116,0.0,28.4624,83.9961,nea_v2_api
2017-03-19,Tuas South Avenue 3,S115,0.0,28.3172,77.2091,nea_v2_api
2017-03-19,Poole Road,S78,0.0,,,nea_v2_api
2017-03-19,S06,S06,0.0,28.5388,68.4552,nea_v2_api
2017-03-19,Semakau Landfill,S102,0.0,28.8146,77.5599,nea_v2_api
2017-03-19,Ang Mo Kio Avenue 5,S109,2.6,28.2208,78.3428,nea_v2_api
2017-03-19,Choa Chu Kang Road,S11,0.0,,,nea_v2_api
2017-03-19,Upper Thomson Road,S08,18.0,,,nea_v2_api
2017-03-19,Mandai Lake Road,S40,25.2,,,nea_v2_api
2017-03-19,Kranji Way,S66,4.6,,,nea_v2_api
2017-03-19,Choa Chu Kang Avenue 4,S114,0.2,,,nea_v2_api
2017-03-19,Handy Road,S118,0.0,,,nea_v2_api
2017-03-19,Bukit Timah Road,S90,0.4,,,nea_v2_api
2017-03-19,South Buona Vista Road,S92,0.0,,,nea_v2_api
2017-03-19,Upper Changi Road North,S24,0.0,28.3855,79.8063,nea_v2_api
2017-03-19,Bukit Panjang Road,S64,0.6,,,nea_v2_api
2017-03-19,Kent Ridge Road,S71,0.0,,,nea_v2_api
2017-03-19,Sime Road,S46,8.6,,,nea_v2_api
2017-03-19,Marina Gardens Drive,S108,0.0,29.1977,75.2309,nea_v2_api
2017-03-20,Upper Serangoon Road,S36,5.8,,,nea_v2_api
2017-03-20,Pasir Ris Street 51,S94,12.0,,,nea_v2_api
2017-03-20,Nicoll Highway,S119,4.6,,,nea_v2_api
2017-03-20,Tanah Merah Coast Road,S96,8.8,27.3357,79.636,nea_v2_api
2017-03-20,Lim Chu Kang Road,S112,6.4,,,nea_v2_api
2017-03-20,Corporation Road,S101,5.8,,,nea_v2_api
2017-03-20,Somerset Road,S79,3.4,,,nea_v2_api
2017-03-20,East Coast Parkway,S107,16.4,27.4431,83.4895,nea_v2_api
2017-03-20,Old Choa Chu Kang Road,S121,5.8,26.5415,82.1035,nea_v2_api
2017-03-20,Punggol Central,S81,26.4,,,nea_v2_api
2017-03-20,Tuas Road,S89,0.0,,,nea_v2_api
2017-03-20,Upper Peirce Reservoir Park,S69,6.0,,,nea_v2_api
2017-03-20,Marine Parade Road,S113,5.8,,,nea_v2_api
2017-03-20,Buangkok Green,S55,17.8,,,nea_v2_api
2017-03-20,Simei Avenue,S84,14.6,,,nea_v2_api
2017-03-20,Banyan Road,S117,4.0,27.2858,78.8143,nea_v2_api
2017-03-20,Old Toh Tuck Road,S35,6.0,,,nea_v2_api
2017-03-20,Jurong Pier Road,S33,6.2,,,nea_v2_api
2017-03-20,Clementi Road,S50,6.4,26.761,83.1942,nea_v2_api
2017-03-20,Pulau Ubin,S106,20.0,25.8722,93.4312,nea_v2_api
2017-03-20,International Road,S63,7.0,,,nea_v2_api
2017-03-20,Woodlands Avenue 9,S104,13.0,26.4417,90.9137,nea_v2_api
2017-03-20,Woodlands Road,S100,6.8,26.7578,84.0104,nea_v2_api
2017-03-20,Sembawang Road,S122,12.8,26.1179,81.9149,nea_v2_api
2017-03-20,Upper Changi Road North,S24B,0.0,27.1183,80.6627,nea_v2_api
2017-03-20,Yishun Avenue 5,S91,24.6,,,nea_v2_api
2017-03-20,Holland Road,S120,4.0,,,nea_v2_api
2017-03-20,Sentosa,S60,0.0,28.2508,66.2316,nea_v2_api
2017-03-20,Kim Chuan Road,S43,7.2,27.4013,81.4353,nea_v2_api
2017-03-20,Pasir Ris Drive 12,S29,16.0,,,nea_v2_api
2017-03-20,Alexandra Road,S77,3.6,,,nea_v2_api
2017-03-20,Seletar Aerospace View,S900,19.4,,,nea_v2_api
2017-03-20,Nanyang Avenue,S44,5.8,26.0579,82.6425,nea_v2_api
2017-03-20,Toa Payoh North,S88,5.0,,,nea_v2_api
2017-03-20,Chai Chee Street,S61,7.2,,,nea_v2_api
2017-03-20,Serangoon North Avenue 4,S110,0.0,,,nea_v2_api
2017-03-20,Towner Road,S123,4.4,,,nea_v2_api
2017-03-20,Lornie Road,S07,5.2,,,nea_v2_api
2017-03-20,West Coast Highway,S116,4.0,27.4196,86.6287,nea_v2_api
2017-03-20,Tuas South Avenue 3,S115,4.6,27.1352,80.593,nea_v2_api
2017-03-20,Poole Road,S78,4.8,,,nea_v2_api
2017-03-20,S06,S06,11.4,27.0905,74.8021,nea_v2_api
2017-03-20,Semakau Landfill,S102,3.6,27.5445,83.8016,nea_v2_api
2017-03-20,Ang Mo Kio Avenue 5,S109,9.4,26.542,84.6789,nea_v2_api
2017-03-20,Choa Chu Kang Road,S11,7.0,,,nea_v2_api
2017-03-20,Upper Thomson Road,S08,8.4,,,nea_v2_api
2017-03-20,Mandai Lake Road,S40,8.0,,,nea_v2_api
2017-03-20,Kranji Way,S66,7.8,,,nea_v2_api
2017-03-20,Choa Chu Kang Avenue 4,S114,6.4,,,nea_v2_api
2017-03-20,Handy Road,S118,4.2,,,nea_v2_api
2017-03-20,Bukit Timah Road,S90,4.2,,,nea_v2_api
2017-03-20,South Buona Vista Road,S92,4.4,,,nea_v2_api
2017-03-20,Upper Changi Road North,S24,21.4,26.6804,86.6231,nea_v2_api
2017-03-20,Bukit Panjang Road,S64,7.6,,,nea_v2_api
2017-03-20,Kent Ridge Road,S71,2.2,,,nea_v2_api
2017-03-20,Sime Road,S46,5.2,,,nea_v2_api
2017-03-20,Marina Gardens Drive,S108,4.6,27.7081,79.7784,nea_v2_api
2017-03-21,Kim Chuan Road,S43,9.8,28.332,75.5985,nea_v2_api
2017-03-21,Pasir Ris Drive 12,S29,0.0,,,nea_v2_api
2017-03-21,Alexandra Road,S77,0.0,,,nea_v2_api
2017-03-21,Seletar Aerospace View,S900,6.8,,,nea_v2_api
2017-03-21,Upper Serangoon Road,S36,9.8,,,nea_v2_api
2017-03-21,Nanyang Avenue,S44,0.0,27.8824,72.3263,nea_v2_api
2017-03-21,Toa Payoh North,S88,8.2,,,nea_v2_api
2017-03-21,Chai Chee Street,S61,5.0,,,nea_v2_api
2017-03-21,Serangoon North Avenue 4,S110,0.4,,,nea_v2_api
2017-03-21,Towner Road,S123,9.4,,,nea_v2_api
2017-03-21,Lornie Road,S07,3.0,,,nea_v2_api
2017-03-21,Pasir Ris Street 51,S94,0.0,,,nea_v2_api
2017-03-21,Nicoll Highway,S119,11.4,,,nea_v2_api
2017-03-21,Tuas South Avenue 3,S115,0.0,28.4115,74.3279,nea_v2_api
2017-03-21,Tanah Merah Coast Road,S96,0.0,28.0162,74.869,nea_v2_api
2017-03-21,West Coast Highway,S116,0.0,28.7913,78.0258,nea_v2_api
2017-03-21,Poole Road,S78,4.6,,,nea_v2_api
2017-03-21,S06,S06,1.8,28.06,68.7181,nea_v2_api
2017-03-21,Semakau Landfill,S102,0.0,28.3296,79.1123,nea_v2_api
2017-03-21,Lim Chu Kang Road,S112,0.0,,,nea_v2_api
2017-03-21,Corporation Road,S101,0.0,,,nea_v2_api
2017-03-21,Ang Mo Kio Avenue 5,S109,13.4,27.951,74.7945,nea_v2_api
2017-03-21,Somerset Road,S79,10.8,,,nea_v2_api
2017-03-21,East Coast Parkway,S107,1.0,27.9721,79.1965,nea_v2_api
2017-03-21,Old Choa Chu Kang Road,S121,0.0,28.3333,68.3862,nea_v2_api
2017-03-21,Punggol Central,S81,0.0,,,nea_v2_api
2017-03-21,Tuas Road,S89,0.0,,,nea_v2_api
2017-03-21,Choa Chu Kang Road,S11,0.0,,,nea_v2_api
2017-03-21,Upper Peirce Reservoir Park,S69,0.0,,,nea_v2_api
2017-03-21,Upper Thomson Road,S08,4.8,,,nea_v2_api
2017-03-21,Marine Parade Road,S113,2.6,,,nea_v2_api
2017-03-21,Buangkok Green,S55,5.6,,,nea_v2_api
2017-03-21,Simei Avenue,S84,0.4,,,nea_v2_api
2017-03-21,Banyan Road,S117,0.0,29.1151,68.6701,nea_v2_api
2017-03-21,Old Toh Tuck Road,S35,0.0,,,nea_v2_api
2017-03-21,Mandai Lake Road,S40,0.0,,,nea_v2_api
2017-03-21,Jurong Pier Road,S33,0.0,,,nea_v2_api
2017-03-21,Clementi Road,S50,0.0,28.5419,72.8049,nea_v2_api
2017-03-21,Pulau Ubin,S106,0.0,27.5409,82.7336,nea_v2_api
2017-03-21,Kranji Way,S66,0.0,,,nea_v2_api
2017-03-21,Choa Chu Kang Avenue 4,S114,0.0,,,nea_v2_api
2017-03-21,International Road,S63,0.0,,,nea_v2_api
2017-03-21,Woodlands Avenue 9,S104,0.0,28.1022,81.2972,nea_v2_api
2017-03-21,Woodlands Road,S100,0.0,28.8935,71.7286,nea_v2_api
2017-03-21,Sembawang Road,S122,5.8,27.7506,69.8275,nea_v2_api
2017-03-21,Handy Road,S118,9.0,,,nea_v2_api
2017-03-21,Upper Changi Road North,S24B,0.0,28.108,71.4176,nea_v2_api
2017-03-21,Bukit Timah Road,S90,3.4,,,nea_v2_api
2017-03-21,South Buona Vista Road,S92,0.0,,,nea_v2_api
2017-03-21,Upper Changi Road North,S24,0.0,27.7042,80.0125,nea_v2_api
2017-03-21,Yishun Avenue 5,S91,5.4,,,nea_v2_api
2017-03-21,Bukit Panjang Road,S64,0.0,,,nea_v2_api
2017-03-21,Kent Ridge Road,S71,0.0,,,nea_v2_api
2017-03-21,Sime Road,S46,0.0,,,nea_v2_api
2017-03-21,Marina Gardens Drive,S108,12.2,28.4416,76.3174,nea_v2_api
2017-03-21,Holland Road,S120,1.2,,,nea_v2_api
2017-03-22,Kim Chuan Road,S43,2.2,28.0252,78.8462,nea_v2_api
2017-03-22,Pasir Ris Drive 12,S29,3.2,,,nea_v2_api
2017-03-22,Alexandra Road,S77,18.2,,,nea_v2_api
2017-03-22,Seletar Aerospace View,S900,2.6,,,nea_v2_api
2017-03-22,Upper Serangoon Road,S36,8.2,,,nea_v2_api
2017-03-22,Nanyang Avenue,S44,0.0,27.4407,76.5494,nea_v2_api
2017-03-22,Toa Payoh North,S88,10.8,,,nea_v2_api
2017-03-22,Chai Chee Street,S61,8.6,,,nea_v2_api
2017-03-22,Serangoon North Avenue 4,S110,0.0,,,nea_v2_api
2017-03-22,Towner Road,S123,9.4,,,nea_v2_api
2017-03-22,Lornie Road,S07,22.2,,,nea_v2_api
2017-03-22,Pasir Ris Street 51,S94,4.4,,,nea_v2_api
2017-03-22,Nicoll Highway,S119,13.4,,,nea_v2_api
2017-03-22,Tuas South Avenue 3,S115,4.8,27.8837,76.5251,nea_v2_api
2017-03-22,Tanah Merah Coast Road,S96,0.0,28.4359,74.8141,nea_v2_api
2017-03-22,West Coast Highway,S116,8.0,28.0685,83.7016,nea_v2_api
2017-03-22,Poole Road,S78,0.0,,,nea_v2_api
2017-03-22,S06,S06,5.8,27.5403,73.0729,nea_v2_api
2017-03-22,Semakau Landfill,S102,2.0,28.0671,80.223,nea_v2_api
2017-03-22,Lim Chu Kang Road,S112,0.0,,,nea_v2_api
2017-03-22,Corporation Road,S101,0.4,,,nea_v2_api
2017-03-22,Ang Mo Kio Avenue 5,S109,2.2,27.5532,78.5568,nea_v2_api
2017-03-22,Somerset Road,S79,31.2,,,nea_v2_api
2017-03-22,East Coast Parkway,S107,1.4,28.2516,79.3353,nea_v2_api
2017-03-22,Old Choa Chu Kang Road,S121,0.6,27.725,83.614,nea_v2_api
2017-03-22,Punggol Central,S81,11.4,,,nea_v2_api
2017-03-22,Tuas Road,S89,1.8,,,nea_v2_api
2017-03-22,Choa Chu Kang Road,S11,0.2,,,nea_v2_api
2017-03-22,Upper Peirce Reservoir Park,S69,20.4,,,nea_v2_api
2017-03-22,Upper Thomson Road,S08,9.0,,,nea_v2_api
2017-03-22,Marine Parade Road,S113,0.0,,,nea_v2_api
2017-03-22,Buangkok Green,S55,2.4,,,nea_v2_api
2017-03-22,Simei Avenue,S84,2.8,,,nea_v2_api
2017-03-22,Banyan Road,S117,3.2,28.2584,72.873,nea_v2_api
2017-03-22,Old Toh Tuck Road,S35,1.0,,,nea_v2_api
2017-03-22,Mandai Lake Road,S40,8.0,,,nea_v2_api
2017-03-22,Jurong Pier Road,S33,21.2,,,nea_v2_api
2017-03-22,Clementi Road,S50,8.4,27.312,81.6161,nea_v2_api
2017-03-22,Pulau Ubin,S106,0.0,27.5455,85.9176,nea_v2_api
2017-03-22,S103,S103,0.0,,,nea_v2_api
2017-03-22,Kranji Way,S66,4.6,,,nea_v2_api
2017-03-22,Choa Chu Kang Avenue 4,S114,1.0,,,nea_v2_api
2017-03-22,International Road,S63,10.6,,,nea_v2_api
2017-03-22,Woodlands Avenue 9,S104,5.4,27.4685,88.5983,nea_v2_api
2017-03-22,Woodlands Road,S100,2.8,28.0269,76.0275,nea_v2_api
2017-03-22,Sembawang Road,S122,0.4,27.5952,83.5342,nea_v2_api
2017-03-22,Handy Road,S118,26.4,,,nea_v2_api
2017-03-22,Upper Changi Road North,S24B,0.0,28.4183,77.8236,nea_v2_api
2017-03-22,Bukit Timah Road,S90,16.0,,,nea_v2_api
2017-03-22,South Buona Vista Road,S92,13.4,,,nea_v2_api
2017-03-22,Upper Changi Road North,S24,0.4,28.0268,79.9029,nea_v2_api
2017-03-22,Yishun Avenue 5,S91,1.0,,,nea_v2_api
2017-03-22,Bukit Panjang Road,S64,5.4,,,nea_v2_api
2017-03-22,Kent Ridge Road,S71,10.6,,,nea_v2_api
2017-03-22,Sime Road,S46,20.2,,,nea_v2_api
2017-03-22,Marina Gardens Drive,S108,17.6,27.8557,80.9104,nea_v2_api
2017-03-22,Holland Road,S120,14.6,,,nea_v2_api
2017-03-23,Kim Chuan Road,S43,0.0,28.8374,76.7161,nea_v2_api
2017-03-23,Pasir Ris Drive 12,S29,0.6,,,nea_v2_api
2017-03-23,Alexandra Road,S77,0.0,,,nea_v2_api
2017-03-23,Seletar Aerospace View,S900,0.0,,,nea_v2_api
2017-03-23,Upper Serangoon Road,S36,0.0,,,nea_v2_api
2017-03-23,Nanyang Avenue,S44,0.0,28.4852,69.73,nea_v2_api
2017-03-23,Toa Payoh North,S88,0.0,,,nea_v2_api
2017-03-23,Chai Chee Street,S61,0.0,,,nea_v2_api
2017-03-23,Serangoon North Avenue 4,S110,0.0,,,nea_v2_api
2017-03-23,Towner Road,S123,0.0,,,nea_v2_api
2017-03-23,Lornie Road,S07,0.0,,,nea_v2_api
2017-03-23,Pasir Ris Street 51,S94,0.0,,,nea_v2_api
2017-03-23,Nicoll Highway,S119,0.0,,,nea_v2_api
2017-03-23,Tuas South Avenue 3,S115,0.0,29.3096,72.9622,nea_v2_api
2017-03-23,Tanah Merah Coast Road,S96,0.0,28.6697,76.0058,nea_v2_api
2017-03-23,West Coast Highway,S116,0.0,29.0862,81.443,nea_v2_api
2017-03-23,S06,S06,0.0,29.0022,68.084,nea_v2_api
2017-03-23,Semakau Landfill,S102,0.0,28.7802,81.6529,nea_v2_api
2017-03-23,Lim Chu Kang Road,S112,0.0,,,nea_v2_api
2017-03-23,Corporation Road,S101,0.2,,,nea_v2_api
2017-03-23,Ang Mo Kio Avenue 5,S109,0.0,28.6436,74.8146,nea_v2_api
2017-03-23,Somerset Road,S79,0.2,,,nea_v2_api
2017-03-23,East Coast Parkway,S107,0.0,28.7135,79.3051,nea_v2_api
2017-03-23,Old Choa Chu Kang Road,S121,0.0,28.9774,69.5241,nea_v2_api
2017-03-23,Punggol Central,S81,0.0,,,nea_v2_api
2017-03-23,Tuas Road,S89,0.0,,,nea_v2_api
2017-03-23,Choa Chu Kang Road,S11,0.0,,,nea_v2_api
2017-03-23,Upper Peirce Reservoir Park,S69,0.0,,,nea_v2_api
2017-03-23,Upper Thomson Road,S08,0.0,,,nea_v2_api
2017-03-23,Buangkok Green,S55,0.0,,,nea_v2_api
2017-03-23,Simei Avenue,S84,0.0,,,nea_v2_api
2017-03-23,Banyan Road,S117,0.0,29.1343,71.8391,nea_v2_api
2017-03-23,Old Toh Tuck Road,S35,0.0,,,nea_v2_api
2017-03-23,Mandai Lake Road,S40,0.0,,,nea_v2_api
2017-03-23,Jurong Pier Road,S33,0.2,,,nea_v2_api
2017-03-23,Clementi Road,S50,0.0,28.5606,77.9559,nea_v2_api
2017-03-23,Pulau Ubin,S106,0.0,27.9925,79.6672,nea_v2_api
2017-03-23,Dairy Farm Road,S103,0.0,,,nea_v2_api
2017-03-23,Kranji Way,S66,0.2,,,nea_v2_api
2017-03-23,Choa Chu Kang Avenue 4,S114,0.0,,,nea_v2_api
2017-03-23,International Road,S63,0.0,,,nea_v2_api
2017-03-23,Woodlands Avenue 9,S104,0.0,28.5416,79.277,nea_v2_api
2017-03-23,Woodlands Road,S100,0.0,29.3868,72.32,nea_v2_api
2017-03-23,Sembawang Road,S122,0.0,28.9723,70.5145,nea_v2_api
2017-03-23,Handy Road,S118,0.0,,,nea_v2_api
2017-03-23,Upper Changi Road North,S24B,0.0,29.0429,72.4911,nea_v2_api
2017-03-23,Bukit Timah Road,S90,0.2,,,nea_v2_api
2017-03-23,South Buona Vista Road,S92,0.0,,,nea_v2_api
2017-03-23,Upper Changi Road North,S24,0.0,28.6853,78.5341,nea_v2_api
2017-03-23,Yishun Avenue 5,S91,0.0,,,nea_v2_api
2017-03-23,Bukit Panjang Road,S64,0.2,,,nea_v2_api
2017-03-23,Kent Ridge Road,S71,0.0,,,nea_v2_api
2017-03-23,Sime Road,S46,0.2,,,nea_v2_api
2017-03-23,Marina Gardens Drive,S108,0.0,29.1531,76.9927,nea_v2_api
2017-03-23,Holland Road,S120,0.0,,,nea_v2_api
2017-03-24,Kim Chuan Road,S43,0.0,28.8247,74.4303,nea_v2_api
2017-03-24,Pasir Ris Drive 12,S29,0.0,,,nea_v2_api
2017-03-24,Alexandra Road,S77,0.0,,,nea_v2_api
2017-03-24,Seletar Aerospace View,S900,0.0,,,nea_v2_api
2017-03-24,Upper Serangoon Road,S36,0.0,,,nea_v2_api
2017-03-24,Nanyang Avenue,S44,0.0,28.0294,73.2904,nea_v2_api
2017-03-24,Toa Payoh North,S88,0.0,,,nea_v2_api
2017-03-24,Chai Chee Street,S61,0.0,,,nea_v2_api
2017-03-24,Serangoon North Avenue 4,S110,0.0,,,nea_v2_api
2017-03-24,Towner Road,S123,0.0,,,nea_v2_api
2017-03-24,Lornie Road,S07,0.0,,,nea_v2_api
2017-03-24,Pasir Ris Street 51,S94,0.0,,,nea_v2_api
2017-03-24,Nicoll Highway,S119,0.8,,,nea_v2_api
2017-03-24,Tuas South Avenue 3,S115,0.0,28.6293,72.6104,nea_v2_api
2017-03-24,Tanah Merah Coast Road,S96,0.0,28.2672,76.0301,nea_v2_api
2017-03-24,West Coast Highway,S116,0.0,28.5764,79.9878,nea_v2_api
2017-03-24,Poole Road,S78,0.0,,,nea_v2_api
2017-03-24,S06,S06,0.0,28.371,68.1854,nea_v2_api
2017-03-24,Semakau Landfill,S102,0.0,28.4465,78.4486,nea_v2_api
2017-03-24,Lim Chu Kang Road,S112,0.0,,,nea_v2_api
2017-03-24,Corporation Road,S101,0.0,,,nea_v2_api
2017-03-24,Ang Mo Kio Avenue 5,S109,2.4,28.1743,75.0051,nea_v2_api
2017-03-24,Somerset Road,S79,5.4,,,nea_v2_api
2017-03-24,East Coast Parkway,S107,2.8,28.1435,80.3972,nea_v2_api
2017-03-24,Old Choa Chu Kang Road,S121,5.6,28.6392,77.678,nea_v2_api
2017-03-24,Punggol Central,S81,0.0,,,nea_v2_api
2017-03-24,Tuas Road,S89,0.0,,,nea_v2_api
2017-03-24,Choa Chu Kang Road,S11,0.0,,,nea_v2_api
2017-03-24,Upper Peirce Reservoir Park,S69,0.0,,,nea_v2_api
2017-03-24,Upper Thomson Road,S08,0.4,,,nea_v2_api
2017-03-24,Marine Parade Road,S113,0.0,,,nea_v2_api
2017-03-24,Buangkok Green,S55,0.6,,,nea_v2_api
2017-03-24,Simei Avenue,S84,0.0,,,nea_v2_api
2017-03-24,Banyan Road,S117,0.0,28.8389,68.6899,nea_v2_api
2017-03-24,Old Toh Tuck Road,S35,0.0,,,nea_v2_api
2017-03-24,Mandai Lake Road,S40,0.0,,,nea_v2_api
2017-03-24,Jurong Pier Road,S33,0.2,,,nea_v2_api
2017-03-24,Clementi Road,S50,0.0,28.2158,75.4124,nea_v2_api
2017-03-24,Pulau Ubin,S106,0.0,27.9393,83.7832,nea_v2_api
2017-03-24,Dairy Farm Road,S103,0.0,,,nea_v2_api
2017-03-24,Kranji Way,S66,0.0,,,nea_v2_api
2017-03-24,Choa Chu Kang Avenue 4,S114,2.2,,,nea_v2_api
2017-03-24,International Road,S63,0.0,,,nea_v2_api
2017-03-24,Woodlands Avenue 9,S104,2.4,28.4422,83.1835,nea_v2_api
2017-03-24,Woodlands Road,S100,0.0,29.1229,71.0225,nea_v2_api
2017-03-24,Sembawang Road,S122,0.0,28.663,78.6641,nea_v2_api
2017-03-24,Handy Road,S118,9.2,,,nea_v2_api
2017-03-24,Upper Changi Road North,S24B,0.0,28.5931,76.1212,nea_v2_api
2017-03-24,Bukit Timah Road,S90,0.0,,,nea_v2_api
2017-03-24,South Buona Vista Road,S92,0.0,,,nea_v2_api
2017-03-24,Upper Changi Road North,S24,0.0,28.2095,79.3222,nea_v2_api
2017-03-24,Yishun Avenue 5,S91,0.0,,,nea_v2_api
2017-03-24,Bukit Panjang Road,S64,1.6,,,nea_v2_api
2017-03-24,Kent Ridge Road,S71,0.0,,,nea_v2_api
2017-03-24,Sime Road,S46,0.0,,,nea_v2_api
2017-03-24,Marina Gardens Drive,S108,6.2,28.6591,76.1464,nea_v2_api
2017-03-24,Holland Road,S120,0.0,,,nea_v2_api
2017-03-25,Kim Chuan Road,S43,0.2,28.5703,76.4116,nea_v2_api
2017-03-25,Pasir Ris Drive 12,S29,12.2,,,nea_v2_api
2017-03-25,Alexandra Road,S77,6.4,,,nea_v2_api
2017-03-25,Seletar Aerospace View,S900,3.4,,,nea_v2_api
2017-03-25,Upper Serangoon Road,S36,0.4,,,nea_v2_api
2017-03-25,Nanyang Avenue,S44,3.8,27.1199,78.7795,nea_v2_api
2017-03-25,Toa Payoh North,S88,4.8,,,nea_v2_api
2017-03-25,Chai Chee Street,S61,1.8,,,nea_v2_api
2017-03-25,Serangoon North Avenue 4,S110,0.0,,,nea_v2_api
2017-03-25,Towner Road,S123,27.8,,,nea_v2_api
2017-03-25,Lornie Road,S07,27.0,,,nea_v2_api
2017-03-25,Pasir Ris Street 51,S94,8.2,,,nea_v2_api
2017-03-25,Nicoll Highway,S119,39.0,,,nea_v2_api
2017-03-25,Tuas South Avenue 3,S115,2.2,28.1735,76.6771,nea_v2_api
2017-03-25,Tanah Merah Coast Road,S96,0.4,28.5264,76.4999,nea_v2_api
2017-03-25,West Coast Highway,S116,0.4,28.321,83.8986,nea_v2_api
2017-03-25,Poole Road,S78,5.0,,,nea_v2_api
2017-03-25,S06,S06,10.6,28.0432,71.8965,nea_v2_api
2017-03-25,Semakau Landfill,S102,0.0,28.6753,80.3958,nea_v2_api
2017-03-25,Lim Chu Kang Road,S112,48.4,,,nea_v2_api
2017-03-25,Corporation Road,S101,10.8,,,nea_v2_api
2017-03-25,Ang Mo Kio Avenue 5,S109,1.0,27.5806,79.9991,nea_v2_api
2017-03-25,Somerset Road,S79,25.4,,,nea_v2_api
2017-03-25,East Coast Parkway,S107,2.0,28.4785,81.0784,nea_v2_api
2017-03-25,Old Choa Chu Kang Road,S121,11.2,27.3066,69.0515,nea_v2_api
2017-03-25,Punggol Central,S81,26.2,,,nea_v2_api
2017-03-25,Tuas Road,S89,0.4,,,nea_v2_api
2017-03-25,Choa Chu Kang Road,S11,6.4,,,nea_v2_api
2017-03-25,Upper Peirce Reservoir Park,S69,45.8,,,nea_v2_api
2017-03-25,Upper Thomson Road,S08,4.6,,,nea_v2_api
2017-03-25,Marine Parade Road,S113,2.0,,,nea_v2_api
2017-03-25,Buangkok Green,S55,2.4,,,nea_v2_api
2017-03-25,Simei Avenue,S84,1.8,,,nea_v2_api
2017-03-25,Banyan Road,S117,0.4,28.4788,73.4474,nea_v2_api
2017-03-25,Old Toh Tuck Road,S35,7.6,,,nea_v2_api
2017-03-25,Mandai Lake Road,S40,110.4,,,nea_v2_api
2017-03-25,Jurong Pier Road,S33,0.0,,,nea_v2_api
2017-03-25,Clementi Road,S50,7.4,27.3831,82.4377,nea_v2_api
2017-03-25,Pulau Ubin,S106,1.0,27.3443,85.6631,nea_v2_api
2017-03-25,Dairy Farm Road,S103,0.0,,,nea_v2_api
2017-03-25,Kranji Way,S66,108.2,,,nea_v2_api
2017-03-25,Choa Chu Kang Avenue 4,S114,30.6,,,nea_v2_api
2017-03-25,International Road,S63,0.4,,,nea_v2_api
2017-03-25,Woodlands Avenue 9,S104,46.4,27.0699,89.14,nea_v2_api
2017-03-25,Woodlands Road,S100,69.0,27.5526,81.7571,nea_v2_api
2017-03-25,Sembawang Road,S122,54.8,27.2987,75.1543,nea_v2_api
2017-03-25,Handy Road,S118,43.8,,,nea_v2_api
2017-03-25,Upper Changi Road North,S24B,0.0,28.58,75.0508,nea_v2_api
2017-03-25,Bukit Timah Road,S90,14.8,,,nea_v2_api
2017-03-25,South Buona Vista Road,S92,0.0,,,nea_v2_api
2017-03-25,Upper Changi Road North,S24,0.0,28.1496,81.8548,nea_v2_api
2017-03-25,Yishun Avenue 5,S91,22.4,,,nea_v2_api
2017-03-25,Bukit Panjang Road,S64,53.6,,,nea_v2_api
2017-03-25,Kent Ridge Road,S71,0.2,,,nea_v2_api
2017-03-25,Sime Road,S46,33.2,,,nea_v2_api
2017-03-25,Marina Gardens Drive,S108,11.0,28.281,80.5884,nea_v2_api
2017-03-25,Holland Road,S120,19.8,,,nea_v2_api
2017-03-26,Kim Chuan Road,S43,0.0,29.4723,75.6912,nea_v2_api
2017-03-26,Pasir Ris Drive 12,S29,0.2,,,nea_v2_api
2017-03-26,Alexandra Road,S77,0.0,,,nea_v2_api
2017-03-26,Seletar Aerospace View,S900,0.0,,,nea_v2_api
2017-03-26,Upper Serangoon Road,S36,0.0,,,nea_v2_api
2017-03-26,Nanyang Avenue,S44,14.0,27.9003,72.5993,nea_v2_api
2017-03-26,Toa Payoh North,S88,0.0,,,nea_v2_api
2017-03-26,Chai Chee Street,S61,0.0,,,nea_v2_api
2017-03-26,Serangoon North Avenue 4,S110,0.0,,,nea_v2_api
2017-03-26,Towner Road,S123,0.0,,,nea_v2_api
2017-03-26,Lornie Road,S07,0.0,,,nea_v2_api
2017-03-26,Pasir Ris Street 51,S94,0.0,,,nea_v2_api
2017-03-26,Nicoll Highway,S119,0.0,,,nea_v2_api
2017-03-26,Tuas South Avenue 3,S115,9.2,28.5473,79.6007,nea_v2_api
2017-03-26,Tanah Merah Coast Road,S96,0.0,29.1868,76.1156,nea_v2_api
2017-03-26,West Coast Highway,S116,0.0,29.3085,82.3774,nea_v2_api
2017-03-26,Poole Road,S78,0.0,,,nea_v2_api
2017-03-26,S06,S06,0.0,29.3778,68.6632,nea_v2_api
2017-03-26,Semakau Landfill,S102,0.0,29.0643,83.6107,nea_v2_api
2017-03-26,Lim Chu Kang Road,S112,0.0,,,nea_v2_api
2017-03-26,Corporation Road,S101,0.0,,,nea_v2_api
2017-03-26,Ang Mo Kio Avenue 5,S109,0.2,28.9683,76.1539,nea_v2_api
2017-03-26,Somerset Road,S79,0.0,,,nea_v2_api
2017-03-26,East Coast Parkway,S107,0.2,29.1528,79.4545,nea_v2_api
2017-03-26,Old Choa Chu Kang Road,S121,0.0,28.433,73.0391,nea_v2_api
2017-03-26,Punggol Central,S81,0.0,,,nea_v2_api
2017-03-26,Tuas Road,S89,7.2,,,nea_v2_api
2017-03-26,Choa Chu Kang Road,S11,8.6,,,nea_v2_api
2017-03-26,Upper Peirce Reservoir Park,S69,0.0,,,nea_v2_api
2017-03-26,Upper Thomson Road,S08,0.0,,,nea_v2_api
2017-03-26,Marine Parade Road,S113,0.2,,,nea_v2_api
2017-03-26,Buangkok Green,S55,0.0,,,nea_v2_api
2017-03-26,Simei Avenue,S84,0.2,,,nea_v2_api
2017-03-26,Banyan Road,S117,12.0,28.5928,78.6119,nea_v2_api
2017-03-26,Old Toh Tuck Road,S35,0.0,,,nea_v2_api
2017-03-26,Mandai Lake Road,S40,0.2,,,nea_v2_api
2017-03-26,Jurong Pier Road,S33,8.4,,,nea_v2_api
2017-03-26,Clementi Road,S50,0.0,28.9338,77.7006,nea_v2_api
2017-03-26,Pulau Ubin,S106,0.2,28.3434,78.8977,nea_v2_api
2017-03-26,Dairy Farm Road,S103,0.0,,,nea_v2_api
2017-03-26,Kranji Way,S66,0.0,,,nea_v2_api
2017-03-26,Choa Chu Kang Avenue 4,S114,0.0,,,nea_v2_api
2017-03-26,International Road,S63,1.4,,,nea_v2_api
2017-03-26,Woodlands Avenue 9,S104,0.0,28.5957,76.7088,nea_v2_api
2017-03-26,Woodlands Road,S100,0.4,29.0574,76.4721,nea_v2_api
2017-03-26,Sembawang Road,S122,0.0,28.8762,68.8417,nea_v2_api
2017-03-26,Handy Road,S118,0.0,,,nea_v2_api
2017-03-26,Upper Changi Road North,S24B,0.0,29.5338,68.9434,nea_v2_api
2017-03-26,Bukit Timah Road,S90,0.0,,,nea_v2_api
2017-03-26,South Buona Vista Road,S92,0.0,,,nea_v2_api
2017-03-26,Upper Changi Road North,S24,0.0,29.1527,79.2833,nea_v2_api
2017-03-26,Yishun Avenue 5,S91,0.0,,,nea_v2_api
2017-03-26,Bukit Panjang Road,S64,0.0,,,nea_v2_api
2017-03-26,Kent Ridge Road,S71,0.0,,,nea_v2_api
2017-03-26,Sime Road,S46,0.0,,,nea_v2_api
2017-03-26,Marina Gardens Drive,S108,0.0,29.3687,78.5138,nea_v2_api
2017-03-26,Holland Road,S120,0.0,,,nea_v2_api
2017-03-27,Kim Chuan Road,S43,0.0,29.2443,74.9487,nea_v2_api
2017-03-27,Pasir Ris Drive 12,S29,1.6,,,nea_v2_api
2017-03-27,Alexandra Road,S77,12.8,,,nea_v2_api
2017-03-27,Seletar Aerospace View,S900,0.0,,,nea_v2_api
2017-03-27,Upper Serangoon Road,S36,0.0,,,nea_v2_api
2017-03-27,Nanyang Avenue,S44,0.0,28.4961,72.372,nea_v2_api
2017-03-27,Toa Payoh North,S88,0.0,,,nea_v2_api
2017-03-27,Chai Chee Street,S61,0.0,,,nea_v2_api
2017-03-27,Serangoon North Avenue 4,S110,0.0,,,nea_v2_api
2017-03-27,Towner Road,S123,0.0,,,nea_v2_api
2017-03-27,Lornie Road,S07,0.0,,,nea_v2_api
2017-03-27,Pasir Ris Street 51,S94,1.6,,,nea_v2_api
2017-03-27,Nicoll Highway,S119,0.0,,,nea_v2_api
2017-03-27,Tuas South Avenue 3,S115,0.0,28.77,76.6243,nea_v2_api
2017-03-27,Tanah Merah Coast Road,S96,5.8,28.746,77.3285,nea_v2_api
2017-03-27,West Coast Highway,S116,7.4,29.1555,81.8192,nea_v2_api
2017-03-27,Poole Road,S78,0.0,,,nea_v2_api
2017-03-27,S06,S06,0.0,27.7511,76.2563,nea_v2_api
2017-03-27,Semakau Landfill,S102,0.0,29.1106,80.4977,nea_v2_api
2017-03-27,Lim Chu Kang Road,S112,0.0,,,nea_v2_api
2017-03-27,Corporation Road,S101,0.0,,,nea_v2_api
2017-03-27,Ang Mo Kio Avenue 5,S109,0.0,28.7605,75.3432,nea_v2_api
2017-03-27,Somerset Road,S79,5.2,,,nea_v2_api
2017-03-27,East Coast Parkway,S107,0.0,28.8686,79.3103,nea_v2_api
2017-03-27,Old Choa Chu Kang Road,S121,0.0,28.8177,75.6015,nea_v2_api
2017-03-27,Punggol Central,S81,0.4,,,nea_v2_api
2017-03-27,Tuas Road,S89,0.0,,,nea_v2_api
2017-03-27,Choa Chu Kang Road,S11,0.0,,,nea_v2_api
2017-03-27,Upper Peirce Reservoir Park,S69,0.0,,,nea_v2_api
2017-03-27,Upper Thomson Road,S08,0.0,,,nea_v2_api
2017-03-27,Marine Parade Road,S113,0.0,,,nea_v2_api
2017-03-27,Buangkok Green,S55,0.0,,,nea_v2_api
2017-03-27,Simei Avenue,S84,0.4,,,nea_v2_api
2017-03-27,Banyan Road,S117,0.4,28.9133,75.2915,nea_v2_api
2017-03-27,Old Toh Tuck Road,S35,0.0,,,nea_v2_api
2017-03-27,Mandai Lake Road,S40,0.0,,,nea_v2_api
2017-03-27,Jurong Pier Road,S33,0.0,,,nea_v2_api
2017-03-27,Clementi Road,S50,0.0,28.9908,76.0125,nea_v2_api
2017-03-27,Pulau Ubin,S106,1.6,28.1482,83.2106,nea_v2_api
2017-03-27,Dairy Farm Road,S103,0.0,,,nea_v2_api
2017-03-27,Kranji Way,S66,0.0,,,nea_v2_api
2017-03-27,Choa Chu Kang Avenue 4,S114,0.0,,,nea_v2_api
2017-03-27,International Road,S63,0.0,,,nea_v2_api
2017-03-27,Woodlands Avenue 9,S104,0.0,28.5995,82.151,nea_v2_api
2017-03-27,Woodlands Road,S100,0.0,29.2877,73.6609,nea_v2_api
2017-03-27,Sembawang Road,S122,0.0,28.8799,75.8377,nea_v2_api
2017-03-27,Handy Road,S118,0.0,,,nea_v2_api
2017-03-27,Upper Changi Road North,S24B,0.0,28.9274,74.965,nea_v2_api
2017-03-27,Bukit Timah Road,S90,0.8,,,nea_v2_api
2017-03-27,South Buona Vista Road,S92,4.0,,,nea_v2_api
2017-03-27,Upper Changi Road North,S24,5.0,28.5423,80.8894,nea_v2_api
2017-03-27,Yishun Avenue 5,S91,0.0,,,nea_v2_api
2017-03-27,Bukit Panjang Road,S64,0.0,,,nea_v2_api
2017-03-27,Kent Ridge Road,S71,5.0,,,nea_v2_api
2017-03-27,Sime Road,S46,0.0,,,nea_v2_api
2017-03-27,Marina Gardens Drive,S108,0.0,29.5533,75.6509,nea_v2_api
2017-03-27,Holland Road,S120,3.8,,,nea_v2_api
2017-03-28,Kim Chuan Road,S43,5.0,27.346,83.1701,nea_v2_api
2017-03-28,Pasir Ris Drive 12,S29,18.4,,,nea_v2_api
2017-03-28,Alexandra Road,S77,7.4,,,nea_v2_api
2017-03-28,Seletar Aerospace View,S900,0.8,,,nea_v2_api
2017-03-28,Upper Serangoon Road,S36,2.6,,,nea_v2_api
2017-03-28,Nanyang Avenue,S44,0.0,26.6295,85.1729,nea_v2_api
2017-03-28,Toa Payoh North,S88,0.8,,,nea_v2_api
2017-03-28,Chai Chee Street,S61,2.4,,,nea_v2_api
2017-03-28,Serangoon North Avenue 4,S110,0.0,,,nea_v2_api
2017-03-28,Towner Road,S123,2.8,,,nea_v2_api
2017-03-28,Lornie Road,S07,0.4,,,nea_v2_api
2017-03-28,Pasir Ris Street 51,S94,7.4,,,nea_v2_api
2017-03-28,Nicoll Highway,S119,6.4,,,nea_v2_api
2017-03-28,Tuas South Avenue 3,S115,2.6,27.4282,81.4862,nea_v2_api
2017-03-28,Tanah Merah Coast Road,S96,1.6,27.2339,80.5694,nea_v2_api
2017-03-28,West Coast Highway,S116,0.6,27.7694,88.1689,nea_v2_api
2017-03-28,Poole Road,S78,7.8,,,nea_v2_api
2017-03-28,Semakau Landfill,S102,25.4,27.8894,84.8093,nea_v2_api
2017-03-28,Lim Chu Kang Road,S112,1.8,,,nea_v2_api
2017-03-28,Corporation Road,S101,0.2,,,nea_v2_api
2017-03-28,Ang Mo Kio Avenue 5,S109,1.2,26.3884,87.3904,nea_v2_api
2017-03-28,Somerset Road,S79,3.8,,,nea_v2_api
2017-03-28,East Coast Parkway,S107,10.6,27.4413,84.3138,nea_v2_api
2017-03-28,Old Choa Chu Kang Road,S121,0.0,26.984,94.7906,nea_v2_api
2017-03-28,Punggol Central,S81,1.2,,,nea_v2_api
2017-03-28,Tuas Road,S89,0.6,,,nea_v2_api
2017-03-28,Choa Chu Kang Road,S11,0.0,,,nea_v2_api
2017-03-28,Upper Peirce Reservoir Park,S69,0.0,,,nea_v2_api
2017-03-28,Upper Thomson Road,S08,0.4,,,nea_v2_api
2017-03-28,Marine Parade Road,S113,2.6,,,nea_v2_api
2017-03-28,Buangkok Green,S55,2.0,,,nea_v2_api
2017-03-28,Simei Avenue,S84,7.0,,,nea_v2_api
2017-03-28,Banyan Road,S117,16.8,27.8055,79.1217,nea_v2_api
2017-03-28,Old Toh Tuck Road,S35,0.4,,,nea_v2_api
2017-03-28,Mandai Lake Road,S40,1.8,,,nea_v2_api
2017-03-28,Jurong Pier Road,S33,0.4,,,nea_v2_api
2017-03-28,Clementi Road,S50,0.6,26.963,85.312,nea_v2_api
2017-03-28,Pulau Ubin,S106,16.0,25.5996,96.4045,nea_v2_api
2017-03-28,Dairy Farm Road,S103,0.0,,,nea_v2_api
2017-03-28,Kranji Way,S66,1.8,,,nea_v2_api
2017-03-28,Choa Chu Kang Avenue 4,S114,0.0,,,nea_v2_api
2017-03-28,International Road,S63,0.2,,,nea_v2_api
2017-03-28,Woodlands Avenue 9,S104,2.8,26.2758,97.0667,nea_v2_api
2017-03-28,Woodlands Road,S100,5.8,27.0243,82.6797,nea_v2_api
2017-03-28,Sembawang Road,S122,1.6,26.7668,93.4812,nea_v2_api
2017-03-28,Handy Road,S118,6.6,,,nea_v2_api
2017-03-28,Upper Changi Road North,S24B,0.0,26.8367,87.1916,nea_v2_api
2017-03-28,Bukit Timah Road,S90,0.6,,,nea_v2_api
2017-03-28,South Buona Vista Road,S92,2.2,,,nea_v2_api
2017-03-28,Upper Changi Road North,S24,30.2,26.4035,89.0605,nea_v2_api
2017-03-28,Yishun Avenue 5,S91,4.4,,,nea_v2_api
2017-03-28,Bukit Panjang Road,S64,0.0,,,nea_v2_api
2017-03-28,Kent Ridge Road,S71,3.6,,,nea_v2_api
2017-03-28,Sime Road,S46,0.8,,,nea_v2_api
2017-03-28,Marina Gardens Drive,S108,3.8,27.7833,81.5769,nea_v2_api
2017-03-28,Holland Road,S120,3.0,,,nea_v2_api
2017-03-29,Kim Chuan Road,S43,21.4,27.5998,81.9282,nea_v2_api
2017-03-29,Pasir Ris Drive 12,S29,0.4,,,nea_v2_api
2017-03-29,Alexandra Road,S77,0.0,,,nea_v2_api
2017-03-29,Seletar Aerospace View,S900,5.0,,,nea_v2_api
2017-03-29,Upper Serangoon Road,S36,32.2,,,nea_v2_api
2017-03-29,Nanyang Avenue,S44,10.6,26.1632,70.1594,nea_v2_api
2017-03-29,Toa Payoh North,S88,31.8,,,nea_v2_api
2017-03-29,Chai Chee Street,S61,0.4,,,nea_v2_api
2017-03-29,Serangoon North Avenue 4,S110,4.6,,,nea_v2_api
2017-03-29,Towner Road,S123,22.2,,,nea_v2_api
2017-03-29,Lornie Road,S07,30.2,,,nea_v2_api
2017-03-29,Pasir Ris Street 51,S94,4.2,,,nea_v2_api
2017-03-29,Nicoll Highway,S119,0.0,,,nea_v2_api
2017-03-29,Tuas South Avenue 3,S115,0.0,27.4331,80.7036,nea_v2_api
2017-03-29,Tanah Merah Coast Road,S96,0.0,27.7029,78.9936,nea_v2_api
2017-03-29,West Coast Highway,S116,0.0,27.7976,86.2977,nea_v2_api
2017-03-29,Poole Road,S78,0.0,,,nea_v2_api
2017-03-29,Semakau Landfill,S102,0.0,28.2254,82.4924,nea_v2_api
2017-03-29,Lim Chu Kang Road,S112,3.4,,,nea_v2_api
2017-03-29,Corporation Road,S101,34.6,,,nea_v2_api
2017-03-29,Ang Mo Kio Avenue 5,S109,12.0,26.7802,83.4177,nea_v2_api
2017-03-29,Somerset Road,S79,0.0,,,nea_v2_api
2017-03-29,East Coast Parkway,S107,0.0,27.8156,83.0477,nea_v2_api
2017-03-29,Old Choa Chu Kang Road,S121,39.2,26.332,73.1727,nea_v2_api
2017-03-29,Punggol Central,S81,0.4,,,nea_v2_api
2017-03-29,Tuas Road,S89,7.6,,,nea_v2_api
2017-03-29,Choa Chu Kang Road,S11,55.6,,,nea_v2_api
2017-03-29,Upper Peirce Reservoir Park,S69,15.4,,,nea_v2_api
2017-03-29,Upper Thomson Road,S08,9.2,,,nea_v2_api
2017-03-29,Marine Parade Road,S113,0.0,,,nea_v2_api
2017-03-29,Buangkok Green,S55,1.0,,,nea_v2_api
2017-03-29,Simei Avenue,S84,13.2,,,nea_v2_api
2017-03-29,Banyan Road,S117,0.0,27.8451,77.4503,nea_v2_api
2017-03-29,Old Toh Tuck Road,S35,34.8,,,nea_v2_api
2017-03-29,Mandai Lake Road,S40,0.8,,,nea_v2_api
2017-03-29,Jurong Pier Road,S33,13.2,,,nea_v2_api
2017-03-29,Clementi Road,S50,43.6,26.4999,86.2506,nea_v2_api
2017-03-29,Pulau Ubin,S106,0.0,26.3557,90.3254,nea_v2_api
2017-03-29,Dairy Farm Road,S103,0.0,,,nea_v2_api
2017-03-29,Kranji Way,S66,0.0,,,nea_v2_api
2017-03-29,Choa Chu Kang Avenue 4,S114,7.0,,,nea_v2_api
2017-03-29,International Road,S63,20.2,,,nea_v2_api
2017-03-29,Woodlands Avenue 9,S104,9.2,26.5101,93.982,nea_v2_api
2017-03-29,Woodlands Road,S100,0.0,27.1763,81.1999,nea_v2_api
2017-03-29,Sembawang Road,S122,8.4,26.5666,82.859,nea_v2_api
2017-03-29,Handy Road,S118,0.0,,,nea_v2_api
2017-03-29,Upper Changi Road North,S24B,0.0,27.3179,82.0638,nea_v2_api
2017-03-29,Bukit Timah Road,S90,13.4,,,nea_v2_api
2017-03-29,South Buona Vista Road,S92,0.0,,,nea_v2_api
2017-03-29,Upper Changi Road North,S24,2.4,26.9235,86.0977,nea_v2_api
2017-03-29,Yishun Avenue 5,S91,0.4,,,nea_v2_api
2017-03-29,Bukit Panjang Road,S64,5.6,,,nea_v2_api
2017-03-29,Kent Ridge Road,S71,0.2,,,nea_v2_api
2017-03-29,Sime Road,S46,25.4,,,nea_v2_api
2017-03-29,Marina Gardens Drive,S108,0.0,28.6388,78.1526,nea_v2_api
2017-03-29,Holland Road,S120,0.0,,,nea_v2_api
2017-03-30,Kim Chuan Road,S43,9.4,26.4996,85.4278,nea_v2_api
2017-03-30,Pasir Ris Drive 12,S29,25.0,,,nea_v2_api
2017-03-30,Alexandra Road,S77,8.2,,,nea_v2_api
2017-03-30,Seletar Aerospace View,S900,12.6,,,nea_v2_api
2017-03-30,Upper Serangoon Road,S36,8.0,,,nea_v2_api
2017-03-30,Nanyang Avenue,S44,17.6,25.0721,81.2295,nea_v2_api
2017-03-30,Toa Payoh North,S88,7.2,,,nea_v2_api
2017-03-30,Chai Chee Street,S61,18.6,,,nea_v2_api
2017-03-30,Serangoon North Avenue 4,S110,3.8,,,nea_v2_api
2017-03-30,Towner Road,S123,7.8,,,nea_v2_api
2017-03-30,Lornie Road,S07,7.0,,,nea_v2_api
2017-03-30,Pasir Ris Street 51,S94,13.2,,,nea_v2_api
2017-03-30,Nicoll Highway,S119,9.4,,,nea_v2_api
2017-03-30,Tuas South Avenue 3,S115,1.4,26.4659,84.0953,nea_v2_api
2017-03-30,Tanah Merah Coast Road,S96,14.4,26.4273,83.5866,nea_v2_api
2017-03-30,West Coast Highway,S116,5.4,26.5576,91.7545,nea_v2_api
2017-03-30,Poole Road,S78,15.2,,,nea_v2_api
2017-03-30,Semakau Landfill,S102,9.0,27.0981,86.7553,nea_v2_api
2017-03-30,Lim Chu Kang Road,S112,7.0,,,nea_v2_api
2017-03-30,Corporation Road,S101,3.4,,,nea_v2_api
2017-03-30,Ang Mo Kio Avenue 5,S109,5.4,25.7662,88.3543,nea_v2_api
2017-03-30,Somerset Road,S79,19.2,,,nea_v2_api
2017-03-30,East Coast Parkway,S107,42.0,26.5172,87.7508,nea_v2_api
2017-03-30,Old Choa Chu Kang Road,S121,5.4,25.3414,87.5529,nea_v2_api
2017-03-30,Punggol Central,S81,25.8,,,nea_v2_api
2017-03-30,Tuas Road,S89,2.0,,,nea_v2_api
2017-03-30,Choa Chu Kang Road,S11,6.6,,,nea_v2_api
2017-03-30,Upper Peirce Reservoir Park,S69,4.4,,,nea_v2_api
2017-03-30,Upper Thomson Road,S08,5.0,,,nea_v2_api
2017-03-30,Marine Parade Road,S113,29.2,,,nea_v2_api
2017-03-30,Buangkok Green,S55,11.4,,,nea_v2_api
2017-03-30,Simei Avenue,S84,7.6,,,nea_v2_api
2017-03-30,Banyan Road,S117,1.8,26.5376,83.9931,nea_v2_api
2017-03-30,Old Toh Tuck Road,S35,7.8,,,nea_v2_api
2017-03-30,Mandai Lake Road,S40,6.2,,,nea_v2_api
2017-03-30,Jurong Pier Road,S33,11.8,,,nea_v2_api
2017-03-30,Clementi Road,S50,5.2,25.6285,90.0749,nea_v2_api
2017-03-30,Pulau Ubin,S106,30.6,24.9858,91.5655,nea_v2_api
2017-03-30,Dairy Farm Road,S103,0.0,,,nea_v2_api
2017-03-30,Kranji Way,S66,6.6,,,nea_v2_api
2017-03-30,Choa Chu Kang Avenue 4,S114,4.0,,,nea_v2_api
2017-03-30,International Road,S63,6.0,,,nea_v2_api
2017-03-30,Woodlands Avenue 9,S104,7.0,25.3423,93.0605,nea_v2_api
2017-03-30,Woodlands Road,S100,4.0,25.932,87.6081,nea_v2_api
2017-03-30,Sembawang Road,S122,7.0,25.389,77.1654,nea_v2_api
2017-03-30,Handy Road,S118,11.0,,,nea_v2_api
2017-03-30,Upper Changi Road North,S24B,0.0,26.0757,76.0,nea_v2_api
2017-03-30,Bukit Timah Road,S90,5.8,,,nea_v2_api
2017-03-30,South Buona Vista Road,S92,13.4,,,nea_v2_api
2017-03-30,Upper Changi Road North,S24,19.2,25.6948,90.7427,nea_v2_api
2017-03-30,Yishun Avenue 5,S91,9.0,,,nea_v2_api
2017-03-30,Bukit Panjang Road,S64,4.8,,,nea_v2_api
2017-03-30,Kent Ridge Road,S71,7.2,,,nea_v2_api
2017-03-30,Sime Road,S46,5.4,,,nea_v2_api
2017-03-30,Marina Gardens Drive,S108,11.0,26.5497,87.1967,nea_v2_api
2017-03-30,Holland Road,S120,9.0,,,nea_v2_api
2017-03-31,Kim Chuan Road,S43,20.2,27.3902,85.0741,nea_v2_api
2017-03-31,Pasir Ris Drive 12,S29,10.0,,,nea_v2_api
2017-03-31,Alexandra Road,S77,0.4,,,nea_v2_api
2017-03-31,Seletar Aerospace View,S900,0.0,,,nea_v2_api
2017-03-31,Upper Serangoon Road,S36,33.6,,,nea_v2_api
2017-03-31,Nanyang Avenue,S44,0.2,27.0629,75.2682,nea_v2_api
2017-03-31,Toa Payoh North,S88,30.2,,,nea_v2_api
2017-03-31,Chai Chee Street,S61,8.2,,,nea_v2_api
2017-03-31,Serangoon North Avenue 4,S110,15.0,,,nea_v2_api
2017-03-31,Towner Road,S123,1.4,,,nea_v2_api
2017-03-31,Lornie Road,S07,17.6,,,nea_v2_api
2017-03-31,Pasir Ris Street 51,S94,34.4,,,nea_v2_api
2017-03-31,Nicoll Highway,S119,0.8,,,nea_v2_api
2017-03-31,Tuas South Avenue 3,S115,0.0,27.7669,79.5997,nea_v2_api
2017-03-31,Tanah Merah Coast Road,S96,0.0,27.7978,79.8682,nea_v2_api
2017-03-31,West Coast Highway,S116,0.0,27.8418,87.5925,nea_v2_api
2017-03-31,Poole Road,S78,18.0,,,nea_v2_api
2017-03-31,Semakau Landfill,S102,0.0,28.2492,82.4392,nea_v2_api
2017-03-31,Lim Chu Kang Road,S112,0.2,,,nea_v2_api
2017-03-31,Corporation Road,S101,0.0,,,nea_v2_api
2017-03-31,Ang Mo Kio Avenue 5,S109,14.6,26.8894,83.8899,nea_v2_api
2017-03-31,Somerset Road,S79,0.6,,,nea_v2_api
2017-03-31,East Coast Parkway,S107,0.0,27.5415,86.938,nea_v2_api
2017-03-31,Old Choa Chu Kang Road,S121,0.0,27.1696,80.5883,nea_v2_api
2017-03-31,Punggol Central,S81,13.4,,,nea_v2_api
2017-03-31,Tuas Road,S89,0.0,,,nea_v2_api
2017-03-31,Choa Chu Kang Road,S11,0.2,,,nea_v2_api
2017-03-31,Upper Peirce Reservoir Park,S69,11.2,,,nea_v2_api
2017-03-31,Upper Thomson Road,S08,26.4,,,nea_v2_api
2017-03-31,Marine Parade Road,S113,3.0,,,nea_v2_api
2017-03-31,Buangkok Green,S55,38.2,,,nea_v2_api
2017-03-31,Simei Avenue,S84,29.0,,,nea_v2_api
2017-03-31,Banyan Road,S117,0.0,28.2196,76.209,nea_v2_api
2017-03-31,Old Toh Tuck Road,S35,0.4,,,nea_v2_api
2017-03-31,Mandai Lake Road,S40,0.2,,,nea_v2_api
2017-03-31,Jurong Pier Road,S33,0.2,,,nea_v2_api
2017-03-31,Clementi Road,S50,6.8,26.7908,86.5219,nea_v2_api
2017-03-31,Pulau Ubin,S106,0.8,26.5195,84.4609,nea_v2_api
2017-03-31,Dairy Farm Road,S103,0.0,,,nea_v2_api
2017-03-31,Kranji Way,S66,0.0,,,nea_v2_api
2017-03-31,Choa Chu Kang Avenue 4,S114,0.4,,,nea_v2_api
2017-03-31,Woodlands Avenue 9,S104,0.6,27.3071,86.7328,nea_v2_api
2017-03-31,International Road,S63,0.0,,,nea_v2_api
2017-03-31,Woodlands Road,S100,0.2,27.6296,81.4037,nea_v2_api
2017-03-31,Sembawang Road,S122,0.4,26.7396,72.88,nea_v2_api
2017-03-31,Handy Road,S118,0.8,,,nea_v2_api
2017-03-31,Upper Changi Road North,S24B,0.0,27.3619,72.8302,nea_v2_api
2017-03-31,Bukit Timah Road,S90,0.4,,,nea_v2_api
2017-03-31,South Buona Vista Road,S92,0.2,,,nea_v2_api
2017-03-31,Upper Changi Road North,S24,10.6,26.9862,88.0521,nea_v2_api
2017-03-31,Yishun Avenue 5,S91,0.6,,,nea_v2_api
2017-03-31,Bukit Panjang Road,S64,0.2,,,nea_v2_api
2017-03-31,Kent Ridge Road,S71,0.0,,,nea_v2_api
2017-03-31,Sime Road,S46,33.6,,,nea_v2_api
2017-03-31,Marina Gardens Drive,S108,0.0,27.9714,83.1046,nea_v2_api
2017-03-31,Holland Road,S120,0.4,,,nea_v2_api
2017-04-01,Kim Chuan Road,S43,0.8,26.9976,86.7411,nea_v2_api
2017-04-01,Pasir Ris Drive 12,S29,6.2,,,nea_v2_api
2017-04-01,Alexandra Road,S77,16.0,,,nea_v2_api
2017-04-01,Seletar Aerospace View,S900,3.2,,,nea_v2_api
2017-04-01,Upper Serangoon Road,S36,1.0,,,nea_v2_api
2017-04-01,Nanyang Avenue,S44,7.0,26.75,80.2113,nea_v2_api
2017-04-01,Toa Payoh North,S88,1.0,,,nea_v2_api
2017-04-01,Chai Chee Street,S61,4.8,,,nea_v2_api
2017-04-01,Serangoon North Avenue 4,S110,0.4,,,nea_v2_api
2017-04-01,Towner Road,S123,3.2,,,nea_v2_api
2017-04-01,Lornie Road,S07,1.8,,,nea_v2_api
2017-04-01,Pasir Ris Street 51,S94,5.4,,,nea_v2_api
2017-04-01,Nicoll Highway,S119,19.0,,,nea_v2_api
2017-04-01,Tuas South Avenue 3,S115,0.0,27.855,79.8814,nea_v2_api
2017-04-01,Tanah Merah Coast Road,S96,3.6,27.2986,83.4587,nea_v2_api
2017-04-01,West Coast Highway,S116,13.0,27.4761,89.7208,nea_v2_api
2017-04-01,Poole Road,S78,12.4,,,nea_v2_api
2017-04-01,Semakau Landfill,S102,1.0,27.8593,86.2494,nea_v2_api
2017-04-01,Lim Chu Kang Road,S112,0.2,,,nea_v2_api
2017-04-01,Corporation Road,S101,4.4,,,nea_v2_api
2017-04-01,Ang Mo Kio Avenue 5,S109,0.6,26.6343,86.3838,nea_v2_api
2017-04-01,Somerset Road,S79,16.2,,,nea_v2_api
2017-04-01,East Coast Parkway,S107,14.8,27.1423,87.7875,nea_v2_api
2017-04-01,Old Choa Chu Kang Road,S121,3.0,27.0754,74.645,nea_v2_api
2017-04-01,Punggol Central,S81,11.0,,,nea_v2_api
2017-04-01,Tuas Road,S89,19.8,,,nea_v2_api
2017-04-01,Choa Chu Kang Road,S11,5.0,,,nea_v2_api
2017-04-01,Upper Peirce Reservoir Park,S69,1.4,,,nea_v2_api
2017-04-01,Upper Thomson Road,S08,1.2,,,nea_v2_api
2017-04-01,Marine Parade Road,S113,8.4,,,nea_v2_api
2017-04-01,Buangkok Green,S55,1.0,,,nea_v2_api
2017-04-01,Simei Avenue,S84,10.4,,,nea_v2_api
2017-04-01,Banyan Road,S117,0.4,27.9042,79.3929,nea_v2_api
2017-04-01,Old Toh Tuck Road,S35,2.2,,,nea_v2_api
2017-04-01,Mandai Lake Road,S40,0.8,,,nea_v2_api
2017-04-01,Jurong Pier Road,S33,4.8,,,nea_v2_api
2017-04-01,Clementi Road,S50,1.4,26.7238,87.7003,nea_v2_api
2017-04-01,Pulau Ubin,S106,23.4,25.6719,86.6843,nea_v2_api
2017-04-01,Kranji Way,S66,1.6,,,nea_v2_api
2017-04-01,Choa Chu Kang Avenue 4,S114,2.2,,,nea_v2_api
2017-04-01,Woodlands Avenue 9,S104,5.2,26.6625,89.8283,nea_v2_api
2017-04-01,Woodlands Road,S100,4.0,27.3233,83.4119,nea_v2_api
2017-04-01,Sembawang Road,S122,1.8,26.5529,76.0826,nea_v2_api
2017-04-01,Handy Road,S118,18.0,,,nea_v2_api
2017-04-01,Upper Changi Road North,S24B,0.0,26.7943,95.9452,nea_v2_api
2017-04-01,Bukit Timah Road,S90,1.4,,,nea_v2_api
2017-04-01,South Buona Vista Road,S92,11.0,,,nea_v2_api
2017-04-01,Upper Changi Road North,S24,7.6,26.3768,90.6727,nea_v2_api
2017-04-01,Yishun Avenue 5,S91,1.2,,,nea_v2_api
2017-04-01,Bukit Panjang Road,S64,1.6,,,nea_v2_api
2017-04-01,Kent Ridge Road,S71,6.0,,,nea_v2_api
2017-04-01,Sime Road,S46,1.4,,,nea_v2_api
2017-04-01,Marina Gardens Drive,S108,22.2,27.1241,88.0806,nea_v2_api
2017-04-01,Holland Road,S120,9.0,,,nea_v2_api
2017-04-02,Kim Chuan Road,S43,0.2,28.1741,78.8294,nea_v2_api
2017-04-02,Pasir Ris Drive 12,S29,0.0,,,nea_v2_api
2017-04-02,Alexandra Road,S77,0.0,,,nea_v2_api
2017-04-02,Seletar Aerospace View,S900,0.0,,,nea_v2_api
2017-04-02,Upper Serangoon Road,S36,0.0,,,nea_v2_api
2017-04-02,Nanyang Avenue,S44,0.4,26.8233,78.9469,nea_v2_api
2017-04-02,Toa Payoh North,S88,0.0,,,nea_v2_api
2017-04-02,Chai Chee Street,S61,2.4,,,nea_v2_api
2017-04-02,Serangoon North Avenue 4,S110,0.0,,,nea_v2_api
2017-04-02,Towner Road,S123,0.2,,,nea_v2_api
2017-04-02,Lornie Road,S07,0.0,,,nea_v2_api
2017-04-02,Pasir Ris Street 51,S94,0.4,,,nea_v2_api
2017-04-02,Nicoll Highway,S119,0.4,,,nea_v2_api
2017-04-02,Tuas South Avenue 3,S115,0.8,27.8472,80.5031,nea_v2_api
2017-04-02,Tanah Merah Coast Road,S96,2.6,27.3987,79.9713,nea_v2_api
2017-04-02,West Coast Highway,S116,0.2,27.9932,86.3591,nea_v2_api
2017-04-02,Poole Road,S78,0.2,,,nea_v2_api
2017-04-02,Semakau Landfill,S102,18.0,27.8667,84.7352,nea_v2_api
2017-04-02,Lim Chu Kang Road,S112,0.2,,,nea_v2_api
2017-04-02,Corporation Road,S101,0.2,,,nea_v2_api
2017-04-02,Ang Mo Kio Avenue 5,S109,0.2,27.8688,77.9172,nea_v2_api
2017-04-02,Somerset Road,S79,0.0,,,nea_v2_api
2017-04-02,East Coast Parkway,S107,11.2,27.3497,86.7003,nea_v2_api
2017-04-02,Old Choa Chu Kang Road,S121,0.0,27.4959,77.9274,nea_v2_api
2017-04-02,Punggol Central,S81,0.0,,,nea_v2_api
2017-04-02,Tuas Road,S89,0.0,,,nea_v2_api
2017-04-02,Choa Chu Kang Road,S11,0.0,,,nea_v2_api
2017-04-02,Upper Peirce Reservoir Park,S69,0.0,,,nea_v2_api
2017-04-02,Upper Thomson Road,S08,0.0,,,nea_v2_api
2017-04-02,Marine Parade Road,S113,0.2,,,nea_v2_api
2017-04-02,Buangkok Green,S55,0.0,,,nea_v2_api
2017-04-02,Simei Avenue,S84,4.4,,,nea_v2_api
2017-04-02,Banyan Road,S117,0.0,28.2191,77.3523,nea_v2_api
2017-04-02,Old Toh Tuck Road,S35,0.0,,,nea_v2_api
2017-04-02,Mandai Lake Road,S40,0.2,,,nea_v2_api
2017-04-02,Jurong Pier Road,S33,0.0,,,nea_v2_api
2017-04-02,Clementi Road,S50,0.0,27.6367,81.3035,nea_v2_api
2017-04-02,Pulau Ubin,S106,0.2,26.6272,85.4768,nea_v2_api
2017-04-02,Kranji Way,S66,0.2,,,nea_v2_api
2017-04-02,Choa Chu Kang Avenue 4,S114,0.0,,,nea_v2_api
2017-04-02,Woodlands Avenue 9,S104,0.0,27.345,85.7774,nea_v2_api
2017-04-02,Woodlands Road,S100,0.0,27.9552,80.2401,nea_v2_api
2017-04-02,Sembawang Road,S122,0.2,27.5347,74.8817,nea_v2_api
2017-04-02,Handy Road,S118,0.0,,,nea_v2_api
2017-04-02,Upper Changi Road North,S24B,0.0,27.5738,69.4723,nea_v2_api
2017-04-02,Bukit Timah Road,S90,0.2,,,nea_v2_api
2017-04-02,South Buona Vista Road,S92,0.0,,,nea_v2_api
2017-04-02,Upper Changi Road North,S24,2.6,27.0474,86.2244,nea_v2_api
2017-04-02,Yishun Avenue 5,S91,0.0,,,nea_v2_api
2017-04-02,Bukit Panjang Road,S64,0.0,,,nea_v2_api
2017-04-02,Kent Ridge Road,S71,0.0,,,nea_v2_api
2017-04-02,Sime Road,S46,0.0,,,nea_v2_api
2017-04-02,Marina Gardens Drive,S108,0.8,28.2236,79.3196,nea_v2_api
2017-04-02,Holland Road,S120,0.2,,,nea_v2_api
2017-04-03,Kim Chuan Road,S43,3.6,28.1433,79.1259,nea_v2_api
2017-04-03,Pasir Ris Drive 12,S29,0.0,,,nea_v2_api
2017-04-03,Alexandra Road,S77,20.6,,,nea_v2_api
2017-04-03,Seletar Aerospace View,S900,1.8,,,nea_v2_api
2017-04-03,Upper Serangoon Road,S36,4.6,,,nea_v2_api
2017-04-03,Nanyang Avenue,S44,6.0,26.482,84.0378,nea_v2_api
2017-04-03,Toa Payoh North,S88,4.6,,,nea_v2_api
2017-04-03,Chai Chee Street,S61,2.0,,,nea_v2_api
2017-04-03,Serangoon North Avenue 4,S110,1.0,,,nea_v2_api
2017-04-03,Towner Road,S123,6.4,,,nea_v2_api
2017-04-03,Lornie Road,S07,7.4,,,nea_v2_api
2017-04-03,Pasir Ris Street 51,S94,1.0,,,nea_v2_api
2017-04-03,Nicoll Highway,S119,11.4,,,nea_v2_api
2017-04-03,Tuas South Avenue 3,S115,3.8,27.7419,80.6394,nea_v2_api
2017-04-03,Tanah Merah Coast Road,S96,54.6,27.9633,76.0823,nea_v2_api
2017-04-03,West Coast Highway,S116,19.4,27.8781,87.0882,nea_v2_api
2017-04-03,Poole Road,S78,8.0,,,nea_v2_api
2017-04-03,Semakau Landfill,S102,0.2,28.1417,84.0975,nea_v2_api
2017-04-03,Lim Chu Kang Road,S112,0.4,,,nea_v2_api
2017-04-03,Corporation Road,S101,1.0,,,nea_v2_api
2017-04-03,Ang Mo Kio Avenue 5,S109,2.8,27.4698,81.31,nea_v2_api
2017-04-03,Somerset Road,S79,13.4,,,nea_v2_api
2017-04-03,East Coast Parkway,S107,33.4,27.7769,83.9685,nea_v2_api
2017-04-03,Old Choa Chu Kang Road,S121,10.6,26.9072,90.6195,nea_v2_api
2017-04-03,Tuas Road,S89,8.6,,,nea_v2_api
2017-04-03,Upper Peirce Reservoir Park,S69,5.0,,,nea_v2_api
2017-04-03,Choa Chu Kang Road,S11,6.8,,,nea_v2_api
2017-04-03,Upper Thomson Road,S08,4.2,,,nea_v2_api
2017-04-03,Punggol Central,S81,0.0,,,nea_v2_api
2017-04-03,Marine Parade Road,S113,16.6,,,nea_v2_api
2017-04-03,Buangkok Green,S55,2.0,,,nea_v2_api
2017-04-03,Simei Avenue,S84,0.0,,,nea_v2_api
2017-04-03,Banyan Road,S117,3.6,27.9483,79.235,nea_v2_api
2017-04-03,Old Toh Tuck Road,S35,4.6,,,nea_v2_api
2017-04-03,Mandai Lake Road,S40,4.8,,,nea_v2_api
2017-04-03,Jurong Pier Road,S33,11.8,,,nea_v2_api
2017-04-03,Clementi Road,S50,5.0,27.3002,83.4024,nea_v2_api
2017-04-03,Pulau Ubin,S106,0.0,25.3854,100.3059,nea_v2_api
2017-04-03,Kranji Way,S66,3.4,,,nea_v2_api
2017-04-03,Choa Chu Kang Avenue 4,S114,8.8,,,nea_v2_api
2017-04-03,Woodlands Avenue 9,S104,1.6,26.9146,91.968,nea_v2_api
2017-04-03,Woodlands Road,S100,4.6,27.3626,82.556,nea_v2_api
2017-04-03,Sembawang Road,S122,2.0,27.0327,83.0144,nea_v2_api
2017-04-03,Handy Road,S118,15.2,,,nea_v2_api
2017-04-03,Upper Changi Road North,S24B,0.0,28.0599,79.2728,nea_v2_api
2017-04-03,Bukit Timah Road,S90,8.0,,,nea_v2_api
2017-04-03,South Buona Vista Road,S92,22.6,,,nea_v2_api
2017-04-03,Upper Changi Road North,S24,1.4,27.5632,83.0494,nea_v2_api
2017-04-03,Yishun Avenue 5,S91,1.0,,,nea_v2_api
2017-04-03,Bukit Panjang Road,S64,7.2,,,nea_v2_api
2017-04-03,Kent Ridge Road,S71,21.0,,,nea_v2_api
2017-04-03,Sime Road,S46,4.8,,,nea_v2_api
2017-04-03,Marina Gardens Drive,S108,12.2,28.2288,78.9593,nea_v2_api
2017-04-03,Holland Road,S120,12.2,,,nea_v2_api
2017-04-04,Kim Chuan Road,S43,1.6,29.0795,73.9562,nea_v2_api
2017-04-04,Alexandra Road,S77,8.2,,,nea_v2_api
2017-04-04,Seletar Aerospace View,S900,4.4,,,nea_v2_api
2017-04-04,Upper Serangoon Road,S36,2.0,,,nea_v2_api
2017-04-04,Nanyang Avenue,S44,2.0,27.4787,73.0028,nea_v2_api
2017-04-04,Toa Payoh North,S88,2.2,,,nea_v2_api
2017-04-04,Chai Chee Street,S61,1.0,,,nea_v2_api
2017-04-04,Serangoon North Avenue 4,S110,1.2,,,nea_v2_api
2017-04-04,Towner Road,S123,2.4,,,nea_v2_api
2017-04-04,Lornie Road,S07,3.2,,,nea_v2_api
2017-04-04,Pasir Ris Street 51,S94,2.2,,,nea_v2_api
2017-04-04,Nicoll Highway,S119,6.6,,,nea_v2_api
2017-04-04,Tuas South Avenue 3,S115,23.0,28.3485,80.2685,nea_v2_api
2017-04-04,Tanah Merah Coast Road,S96,0.2,28.4413,75.9548,nea_v2_api
2017-04-04,West Coast Highway,S116,8.2,28.695,83.3834,nea_v2_api
2017-04-04,Poole Road,S78,2.0,,,nea_v2_api
2017-04-04,Semakau Landfill,S102,13.6,28.453,83.2711,nea_v2_api
2017-04-04,Lim Chu Kang Road,S112,0.2,,,nea_v2_api
2017-04-04,Corporation Road,S101,4.0,,,nea_v2_api
2017-04-04,Ang Mo Kio Avenue 5,S109,3.8,28.4832,75.4985,nea_v2_api
2017-04-04,Somerset Road,S79,4.2,,,nea_v2_api
2017-04-04,East Coast Parkway,S107,1.0,28.5521,79.5328,nea_v2_api
2017-04-04,Old Choa Chu Kang Road,S121,3.8,28.032,74.6201,nea_v2_api
2017-04-04,Tuas Road,S89,13.2,,,nea_v2_api
2017-04-04,Upper Peirce Reservoir Park,S69,3.4,,,nea_v2_api
2017-04-04,Choa Chu Kang Road,S11,3.6,,,nea_v2_api
2017-04-04,Upper Thomson Road,S08,2.4,,,nea_v2_api
2017-04-04,Marine Parade Road,S113,2.0,,,nea_v2_api
2017-04-04,Buangkok Green,S55,6.0,,,nea_v2_api
2017-04-04,Banyan Road,S117,5.0,28.7118,76.7671,nea_v2_api
2017-04-04,Old Toh Tuck Road,S35,6.2,,,nea_v2_api
2017-04-04,Mandai Lake Road,S40,7.8,,,nea_v2_api
2017-04-04,Jurong Pier Road,S33,11.0,,,nea_v2_api
2017-04-04,Clementi Road,S50,5.0,28.3285,78.5446,nea_v2_api
2017-04-04,Kranji Way,S66,10.0,,,nea_v2_api
2017-04-04,Choa Chu Kang Avenue 4,S114,7.6,,,nea_v2_api
2017-04-04,International Road,S63,0.0,,,nea_v2_api
2017-04-04,Woodlands Avenue 9,S104,11.2,28.0445,83.0215,nea_v2_api
2017-04-04,Woodlands Road,S100,18.8,28.5093,77.8285,nea_v2_api
2017-04-04,Sembawang Road,S122,9.0,27.81,72.7017,nea_v2_api
2017-04-04,Handy Road,S118,5.4,,,nea_v2_api
2017-04-04,Upper Changi Road North,S24B,0.0,28.8068,65.5774,nea_v2_api
2017-04-04,Bukit Timah Road,S90,3.0,,,nea_v2_api
2017-04-04,South Buona Vista Road,S92,8.8,,,nea_v2_api
2017-04-04,Upper Changi Road North,S24,2.2,28.4196,78.7464,nea_v2_api
2017-04-04,Yishun Avenue 5,S91,11.6,,,nea_v2_api
2017-04-04,Bukit Panjang Road,S64,7.4,,,nea_v2_api
2017-04-04,Kent Ridge Road,S71,13.0,,,nea_v2_api
2017-04-04,Sime Road,S46,3.6,,,nea_v2_api
2017-04-04,Marina Gardens Drive,S108,2.6,28.8347,75.3245,nea_v2_api
2017-04-04,Holland Road,S120,3.4,,,nea_v2_api
2017-04-05,Kim Chuan Road,S43,0.0,29.3868,70.3764,nea_v2_api
2017-04-05,Pasir Ris Drive 12,S29,0.0,,,nea_v2_api
2017-04-05,Alexandra Road,S77,0.0,,,nea_v2_api
2017-04-05,Seletar Aerospace View,S900,0.0,,,nea_v2_api
2017-04-05,Upper Serangoon Road,S36,0.2,,,nea_v2_api
2017-04-05,Nanyang Avenue,S44,5.8,27.6533,72.393,nea_v2_api
2017-04-05,Toa Payoh North,S88,0.4,,,nea_v2_api
2017-04-05,Chai Chee Street,S61,0.0,,,nea_v2_api
2017-04-05,Serangoon North Avenue 4,S110,0.0,,,nea_v2_api
2017-04-05,Towner Road,S123,2.0,,,nea_v2_api
2017-04-05,Lornie Road,S07,1.0,,,nea_v2_api
2017-04-05,Pasir Ris Street 51,S94,0.0,,,nea_v2_api
2017-04-05,Nicoll Highway,S119,1.0,,,nea_v2_api
2017-04-05,Tuas South Avenue 3,S115,0.0,29.0735,74.2814,nea_v2_api
2017-04-05,Tanah Merah Coast Road,S96,0.0,28.9102,71.7322,nea_v2_api
2017-04-05,West Coast Highway,S116,0.0,29.1306,78.6194,nea_v2_api
2017-04-05,Poole Road,S78,0.8,,,nea_v2_api
2017-04-05,Semakau Landfill,S102,5.6,28.7701,79.9151,nea_v2_api
2017-04-05,Lim Chu Kang Road,S112,0.0,,,nea_v2_api
2017-04-05,Corporation Road,S101,3.4,,,nea_v2_api
2017-04-05,Ang Mo Kio Avenue 5,S109,0.0,28.7735,70.7649,nea_v2_api
2017-04-05,Somerset Road,S79,0.8,,,nea_v2_api
2017-04-05,East Coast Parkway,S107,0.0,29.0084,75.8407,nea_v2_api
2017-04-05,Old Choa Chu Kang Road,S121,6.6,28.1844,72.0039,nea_v2_api
2017-04-05,Punggol Central,S81,0.0,,,nea_v2_api
2017-04-05,Tuas Road,S89,1.4,,,nea_v2_api
2017-04-05,Choa Chu Kang Road,S11,5.8,,,nea_v2_api
2017-04-05,Upper Peirce Reservoir Park,S69,0.6,,,nea_v2_api
2017-04-05,Upper Thomson Road,S08,0.4,,,nea_v2_api
2017-04-05,Marine Parade Road,S113,0.2,,,nea_v2_api
2017-04-05,Buangkok Green,S55,0.0,,,nea_v2_api
2017-04-05,Simei Avenue,S84,0.0,,,nea_v2_api
2017-04-05,Banyan Road,S117,0.4,29.2592,71.1199,nea_v2_api
2017-04-05,Old Toh Tuck Road,S35,3.8,,,nea_v2_api
2017-04-05,Mandai Lake Road,S40,0.2,,,nea_v2_api
2017-04-05,Jurong Pier Road,S33,0.4,,,nea_v2_api
2017-04-05,Clementi Road,S50,1.8,28.5965,74.7331,nea_v2_api
2017-04-05,Pulau Ubin,S106,0.0,30.1705,71.1852,nea_v2_api
2017-04-05,Kranji Way,S66,0.0,,,nea_v2_api
2017-04-05,Choa Chu Kang Avenue 4,S114,4.2,,,nea_v2_api
2017-04-05,International Road,S63,5.2,,,nea_v2_api
2017-04-05,Woodlands Avenue 9,S104,0.0,28.3941,83.1239,nea_v2_api
2017-04-05,Woodlands Road,S100,0.4,28.7821,73.7058,nea_v2_api
2017-04-05,Sembawang Road,S122,0.0,28.2605,72.6244,nea_v2_api
2017-04-05,Handy Road,S118,0.6,,,nea_v2_api
2017-04-05,Upper Changi Road North,S24B,0.0,29.4069,62.404,nea_v2_api
2017-04-05,Bukit Timah Road,S90,3.8,,,nea_v2_api
2017-04-05,South Buona Vista Road,S92,0.0,,,nea_v2_api
2017-04-05,Upper Changi Road North,S24,0.0,28.9782,73.8001,nea_v2_api
2017-04-05,Yishun Avenue 5,S91,0.0,,,nea_v2_api
2017-04-05,Bukit Panjang Road,S64,2.2,,,nea_v2_api
2017-04-05,Kent Ridge Road,S71,0.0,,,nea_v2_api
2017-04-05,Sime Road,S46,1.8,,,nea_v2_api
2017-04-05,Marina Gardens Drive,S108,4.6,29.3086,70.2177,nea_v2_api
2017-04-05,Holland Road,S120,3.0,,,nea_v2_api
2017-04-06,Kim Chuan Road,S43,0.0,29.491,73.0318,nea_v2_api
2017-04-06,Pasir Ris Drive 12,S29,5.4,,,nea_v2_api
2017-04-06,Alexandra Road,S77,0.0,,,nea_v2_api
2017-04-06,Seletar Aerospace View,S900,22.6,,,nea_v2_api
2017-04-06,Nanyang Avenue,S44,0.0,28.2285,72.7927,nea_v2_api
2017-04-06,Toa Payoh North,S88,0.0,,,nea_v2_api
2017-04-06,Chai Chee Street,S61,0.0,,,nea_v2_api
2017-04-06,Serangoon North Avenue 4,S110,0.0,,,nea_v2_api
2017-04-06,Towner Road,S123,0.0,,,nea_v2_api
2017-04-06,Lornie Road,S07,0.0,,,nea_v2_api
2017-04-06,Pasir Ris Street 51,S94,1.2,,,nea_v2_api
2017-04-06,Nicoll Highway,S119,0.0,,,nea_v2_api
2017-04-06,Tuas South Avenue 3,S115,0.0,29.5983,73.1625,nea_v2_api
2017-04-06,Tanah Merah Coast Road,S96,0.0,29.121,72.7488,nea_v2_api
2017-04-06,West Coast Highway,S116,0.0,29.6112,78.2539,nea_v2_api
2017-04-06,Poole Road,S78,0.0,,,nea_v2_api
2017-04-06,Semakau Landfill,S102,0.0,29.2185,81.8557,nea_v2_api
2017-04-06,Lim Chu Kang Road,S112,0.2,,,nea_v2_api
2017-04-06,Corporation Road,S101,0.0,,,nea_v2_api
2017-04-06,Ang Mo Kio Avenue 5,S109,0.2,28.7337,75.0953,nea_v2_api
2017-04-06,Somerset Road,S79,0.0,,,nea_v2_api
2017-04-06,East Coast Parkway,S107,0.0,29.4188,75.5453,nea_v2_api
2017-04-06,Old Choa Chu Kang Road,S121,0.0,28.6912,77.3281,nea_v2_api
2017-04-06,Punggol Central,S81,15.4,,,nea_v2_api
2017-04-06,Tuas Road,S89,0.0,,,nea_v2_api
2017-04-06,Choa Chu Kang Road,S11,0.0,,,nea_v2_api
2017-04-06,Upper Peirce Reservoir Park,S69,0.0,,,nea_v2_api
2017-04-06,Upper Thomson Road,S08,0.0,,,nea_v2_api
2017-04-06,Marine Parade Road,S113,0.0,,,nea_v2_api
2017-04-06,Buangkok Green,S55,8.4,,,nea_v2_api
2017-04-06,Simei Avenue,S84,0.0,,,nea_v2_api
2017-04-06,Banyan Road,S117,0.0,29.8433,69.6008,nea_v2_api
2017-04-06,Old Toh Tuck Road,S35,0.0,,,nea_v2_api
2017-04-06,Mandai Lake Road,S40,0.0,,,nea_v2_api
2017-04-06,Jurong Pier Road,S33,0.0,,,nea_v2_api
2017-04-06,Clementi Road,S50,0.0,29.0576,74.5453,nea_v2_api
2017-04-06,Pulau Ubin,S106,6.2,27.7666,83.2438,nea_v2_api
2017-04-06,Kranji Way,S66,0.0,,,nea_v2_api
2017-04-06,Choa Chu Kang Avenue 4,S114,0.0,,,nea_v2_api
2017-04-06,International Road,S63,0.0,,,nea_v2_api
2017-04-06,Woodlands Avenue 9,S104,3.2,28.6318,84.3395,nea_v2_api
2017-04-06,Woodlands Road,S100,0.0,29.1763,73.6817,nea_v2_api
2017-04-06,Sembawang Road,S122,7.6,28.3649,70.0364,nea_v2_api
2017-04-06,Handy Road,S118,0.0,,,nea_v2_api
2017-04-06,Upper Changi Road North,S24B,0.0,29.2239,65.7525,nea_v2_api
2017-04-06,Bukit Timah Road,S90,0.0,,,nea_v2_api
2017-04-06,South Buona Vista Road,S92,0.0,,,nea_v2_api
2017-04-06,Upper Changi Road North,S24,0.6,28.6925,78.5732,nea_v2_api
2017-04-06,Yishun Avenue 5,S91,12.2,,,nea_v2_api
2017-04-06,Bukit Panjang Road,S64,0.0,,,nea_v2_api
2017-04-06,Kent Ridge Road,S71,0.0,,,nea_v2_api
2017-04-06,Sime Road,S46,0.0,,,nea_v2_api
2017-04-06,Marina Gardens Drive,S108,0.0,29.9439,69.2296,nea_v2_api
2017-04-06,Holland Road,S120,0.0,,,nea_v2_api
2017-04-07,Kim Chuan Road,S43,8.6,28.6619,75.3937,nea_v2_api
2017-04-07,Pasir Ris Drive 12,S29,24.6,,,nea_v2_api
2017-04-07,Alexandra Road,S77,26.0,,,nea_v2_api
2017-04-07,Seletar Aerospace View,S900,3.8,,,nea_v2_api
2017-04-07,Upper Serangoon Road,S36,0.0,,,nea_v2_api
2017-04-07,Nanyang Avenue,S44,20.6,27.5375,69.7531,nea_v2_api
2017-04-07,Toa Payoh North,S88,10.8,,,nea_v2_api
2017-04-07,Chai Chee Street,S61,9.6,,,nea_v2_api
2017-04-07,Towner Road,S123,14.6,,,nea_v2_api
2017-04-07,West Coast Highway,S116,29.6,28.3974,79.6057,nea_v2_api
2017-04-07,Lornie Road,S07,8.2,,,nea_v2_api
2017-04-07,Pasir Ris Street 51,S94,15.8,,,nea_v2_api
2017-04-07,Nicoll Highway,S119,20.2,,,nea_v2_api
2017-04-07,Tuas South Avenue 3,S115,10.0,28.3052,77.3476,nea_v2_api
2017-04-07,Tanah Merah Coast Road,S96,31.8,27.4512,81.2219,nea_v2_api
2017-04-07,Serangoon North Avenue 4,S110,5.2,,,nea_v2_api
2017-04-07,Poole Road,S78,15.8,,,nea_v2_api
2017-04-07,Semakau Landfill,S102,0.0,29.3958,77.6437,nea_v2_api
2017-04-07,Lim Chu Kang Road,S112,0.0,,,nea_v2_api
2017-04-07,Corporation Road,S101,27.0,,,nea_v2_api
2017-04-07,Ang Mo Kio Avenue 5,S109,9.6,28.0035,76.9968,nea_v2_api
2017-04-07,Somerset Road,S79,24.4,,,nea_v2_api
2017-04-07,East Coast Parkway,S107,9.6,27.8698,85.2625,nea_v2_api
2017-04-07,Old Choa Chu Kang Road,S121,10.4,28.0355,74.5557,nea_v2_api
2017-04-07,Punggol Central,S81,22.4,,,nea_v2_api
2017-04-07,Tuas Road,S89,25.6,,,nea_v2_api
2017-04-07,Choa Chu Kang Road,S11,23.0,,,nea_v2_api
2017-04-07,Upper Thomson Road,S08,15.0,,,nea_v2_api
2017-04-07,Upper Peirce Reservoir Park,S69,7.6,,,nea_v2_api
2017-04-07,Marine Parade Road,S113,15.4,,,nea_v2_api
2017-04-07,Buangkok Green,S55,10.0,,,nea_v2_api
2017-04-07,Simei Avenue,S84,7.6,,,nea_v2_api
2017-04-07,Banyan Road,S117,5.8,28.7494,74.656,nea_v2_api
2017-04-07,Old Toh Tuck Road,S35,22.8,,,nea_v2_api
2017-04-07,Mandai Lake Road,S40,5.0,,,nea_v2_api
2017-04-07,Jurong Pier Road,S33,32.6,,,nea_v2_api
2017-04-07,Clementi Road,S50,19.4,28.0956,78.1202,nea_v2_api
2017-04-07,Pulau Ubin,S106,30.0,27.0925,82.0391,nea_v2_api
2017-04-07,Kranji Way,S66,4.6,,,nea_v2_api
2017-04-07,Choa Chu Kang Avenue 4,S114,12.2,,,nea_v2_api
2017-04-07,International Road,S63,3.0,,,nea_v2_api
2017-04-07,Woodlands Avenue 9,S104,3.6,27.7158,81.6206,nea_v2_api
2017-04-07,Woodlands Road,S100,6.0,28.402,76.9124,nea_v2_api
2017-04-07,Sembawang Road,S122,3.2,28.0815,71.3934,nea_v2_api
2017-04-07,Handy Road,S118,26.0,,,nea_v2_api
2017-04-07,Upper Changi Road North,S24B,0.0,28.0335,74.4783,nea_v2_api
2017-04-07,Bukit Timah Road,S90,23.4,,,nea_v2_api
2017-04-07,South Buona Vista Road,S92,30.4,,,nea_v2_api
2017-04-07,Upper Changi Road North,S24,37.8,27.5328,81.1982,nea_v2_api
2017-04-07,Yishun Avenue 5,S91,3.0,,,nea_v2_api
2017-04-07,Bukit Panjang Road,S64,8.2,,,nea_v2_api
2017-04-07,Kent Ridge Road,S71,28.6,,,nea_v2_api
2017-04-07,Sime Road,S46,7.8,,,nea_v2_api
2017-04-07,Marina Gardens Drive,S108,19.2,28.5655,78.2492,nea_v2_api
2017-04-07,Holland Road,S120,28.0,,,nea_v2_api
2017-04-08,Kim Chuan Road,S43,3.0,27.4598,82.1481,nea_v2_api
2017-04-08,Pasir Ris Drive 12,S29,1.6,,,nea_v2_api
2017-04-08,Alexandra Road,S77,1.6,,,nea_v2_api
2017-04-08,Seletar Aerospace View,S900,3.6,,,nea_v2_api
2017-04-08,Upper Serangoon Road,S36,3.6,,,nea_v2_api
2017-04-08,Nanyang Avenue,S44,5.6,26.5941,81.7885,nea_v2_api
2017-04-08,Chai Chee Street,S61,2.6,,,nea_v2_api
2017-04-08,Towner Road,S123,3.0,,,nea_v2_api
2017-04-08,West Coast Highway,S116,1.6,27.7098,86.6722,nea_v2_api
2017-04-08,Lornie Road,S07,3.0,,,nea_v2_api
2017-04-08,Pasir Ris Street 51,S94,1.6,,,nea_v2_api
2017-04-08,Nicoll Highway,S119,2.4,,,nea_v2_api
2017-04-08,Tuas South Avenue 3,S115,1.8,27.7019,77.9994,nea_v2_api
2017-04-08,Tanah Merah Coast Road,S96,3.8,27.4165,79.7192,nea_v2_api
2017-04-08,Poole Road,S78,2.4,,,nea_v2_api
2017-04-08,Semakau Landfill,S102,0.2,27.9797,80.834,nea_v2_api
2017-04-08,Lim Chu Kang Road,S112,0.0,,,nea_v2_api
2017-04-08,Corporation Road,S101,5.6,,,nea_v2_api
2017-04-08,Ang Mo Kio Avenue 5,S109,3.6,26.8607,84.3268,nea_v2_api
2017-04-08,Somerset Road,S79,2.4,,,nea_v2_api
2017-04-08,East Coast Parkway,S107,3.6,27.5194,83.4005,nea_v2_api
2017-04-08,Old Choa Chu Kang Road,S121,7.6,26.8373,95.6352,nea_v2_api
2017-04-08,Punggol Central,S81,2.6,,,nea_v2_api
2017-04-08,Tuas Road,S89,3.8,,,nea_v2_api
2017-04-08,Choa Chu Kang Road,S11,12.8,,,nea_v2_api
2017-04-08,Upper Thomson Road,S08,0.0,,,nea_v2_api
2017-04-08,Marine Parade Road,S113,3.0,,,nea_v2_api
2017-04-08,Buangkok Green,S55,2.0,,,nea_v2_api
2017-04-08,Simei Avenue,S84,2.6,,,nea_v2_api
2017-04-08,Banyan Road,S117,0.4,27.8163,75.9078,nea_v2_api
2017-04-08,Old Toh Tuck Road,S35,4.4,,,nea_v2_api
2017-04-08,Mandai Lake Road,S40,5.0,,,nea_v2_api
2017-04-08,Jurong Pier Road,S33,2.0,,,nea_v2_api
2017-04-08,Clementi Road,S50,5.4,26.919,84.8129,nea_v2_api
2017-04-08,Pulau Ubin,S106,2.8,25.809,95.9198,nea_v2_api
2017-04-08,Kranji Way,S66,0.0,,,nea_v2_api
2017-04-08,International Road,S63,0.2,,,nea_v2_api
2017-04-08,Woodlands Avenue 9,S104,9.0,26.7869,93.8933,nea_v2_api
2017-04-08,Woodlands Road,S100,4.2,27.1091,82.8668,nea_v2_api
2017-04-08,Sembawang Road,S122,3.0,26.8275,85.5795,nea_v2_api
2017-04-08,Handy Road,S118,2.2,,,nea_v2_api
2017-04-08,Upper Changi Road North,S24B,0.0,27.2212,89.173,nea_v2_api
2017-04-08,Bukit Timah Road,S90,2.4,,,nea_v2_api
2017-04-08,South Buona Vista Road,S92,1.8,,,nea_v2_api
2017-04-08,Upper Changi Road North,S24,1.6,26.7757,86.0845,nea_v2_api
2017-04-08,S91,S91,0.0,,,nea_v2_api
2017-04-08,Bukit Panjang Road,S64,8.0,,,nea_v2_api
2017-04-08,Kent Ridge Road,S71,1.8,,,nea_v2_api
2017-04-08,Sime Road,S46,3.0,,,nea_v2_api
2017-04-08,Marina Gardens Drive,S108,1.4,27.7424,79.7186,nea_v2_api
2017-04-08,Holland Road,S120,2.8,,,nea_v2_api
2017-04-09,Kim Chuan Road,S43,11.0,28.258,81.5932,nea_v2_api
2017-04-09,Pasir Ris Drive 12,S29,1.2,,,nea_v2_api
2017-04-09,Alexandra Road,S77,2.8,,,nea_v2_api
2017-04-09,Seletar Aerospace View,S900,0.0,,,nea_v2_api
2017-04-09,Nanyang Avenue,S44,0.0,27.5004,74.8982,nea_v2_api
2017-04-09,Chai Chee Street,S61,0.2,,,nea_v2_api
2017-04-09,Towner Road,S123,22.0,,,nea_v2_api
2017-04-09,West Coast Highway,S116,0.0,28.734,84.9538,nea_v2_api
2017-04-09,Lornie Road,S07,3.0,,,nea_v2_api
2017-04-09,Pasir Ris Street 51,S94,3.6,,,nea_v2_api
2017-04-09,Nicoll Highway,S119,0.0,,,nea_v2_api
2017-04-09,Tuas South Avenue 3,S115,0.0,28.5826,78.5694,nea_v2_api
2017-04-09,Tanah Merah Coast Road,S96,0.0,28.0177,81.5023,nea_v2_api
2017-04-09,Poole Road,S78,0.4,,,nea_v2_api
2017-04-09,Semakau Landfill,S102,0.0,28.768,82.9101,nea_v2_api
2017-04-09,Lim Chu Kang Road,S112,0.0,,,nea_v2_api
2017-04-09,Corporation Road,S101,6.2,,,nea_v2_api
2017-04-09,Ang Mo Kio Avenue 5,S109,0.0,27.9324,81.4518,nea_v2_api
2017-04-09,Somerset Road,S79,6.0,,,nea_v2_api
2017-04-09,East Coast Parkway,S107,0.0,28.1387,85.6964,nea_v2_api
2017-04-09,Old Choa Chu Kang Road,S121,27.0,27.3017,77.0866,nea_v2_api
2017-04-09,Punggol Central,S81,0.2,,,nea_v2_api
2017-04-09,Tuas Road,S89,0.0,,,nea_v2_api
2017-04-09,Choa Chu Kang Road,S11,6.6,,,nea_v2_api
2017-04-09,Marine Parade Road,S113,0.0,,,nea_v2_api
2017-04-09,Buangkok Green,S55,2.4,,,nea_v2_api
2017-04-09,Simei Avenue,S84,2.2,,,nea_v2_api
2017-04-09,Banyan Road,S117,0.0,28.7798,77.2074,nea_v2_api
2017-04-09,Old Toh Tuck Road,S35,2.4,,,nea_v2_api
2017-04-09,Mandai Lake Road,S40,0.0,,,nea_v2_api
2017-04-09,Jurong Pier Road,S33,0.2,,,nea_v2_api
2017-04-09,Clementi Road,S50,2.8,27.8361,83.0235,nea_v2_api
2017-04-09,Pulau Ubin,S106,0.0,27.1351,84.2633,nea_v2_api
2017-04-09,Kranji Way,S66,0.0,,,nea_v2_api
2017-04-09,S114,S114,0.0,,,nea_v2_api
2017-04-09,International Road,S63,0.0,,,nea_v2_api
2017-04-09,Woodlands Avenue 9,S104,0.0,27.6308,80.6274,nea_v2_api
2017-04-09,Woodlands Road,S100,1.2,28.0072,80.664,nea_v2_api
2017-04-09,Sembawang Road,S122,0.0,27.6011,73.9809,nea_v2_api
2017-04-09,Handy Road,S118,0.6,,,nea_v2_api
2017-04-09,Upper Changi Road North,S24B,0.0,27.8601,77.2225,nea_v2_api
2017-04-09,Bukit Timah Road,S90,34.0,,,nea_v2_api
2017-04-09,South Buona Vista Road,S92,0.0,,,nea_v2_api
2017-04-09,Upper Changi Road North,S24,6.2,27.4817,87.7892,nea_v2_api
2017-04-09,Yishun Avenue 5,S91,0.0,,,nea_v2_api
2017-04-09,Bukit Panjang Road,S64,0.8,,,nea_v2_api
2017-04-09,Kent Ridge Road,S71,0.0,,,nea_v2_api
2017-04-09,Sime Road,S46,7.4,,,nea_v2_api
2017-04-09,Marina Gardens Drive,S108,0.0,28.9504,79.5156,nea_v2_api
2017-04-09,Holland Road,S120,39.6,,,nea_v2_api
2017-04-10,Kim Chuan Road,S43,0.0,28.2829,82.9223,nea_v2_api
2017-04-10,Pasir Ris Drive 12,S29,0.0,,,nea_v2_api
2017-04-10,Alexandra Road,S77,0.0,,,nea_v2_api
2017-04-10,Seletar Aerospace View,S900,0.0,,,nea_v2_api
2017-04-10,Nanyang Avenue,S44,7.0,26.8059,84.1333,nea_v2_api
2017-04-10,Chai Chee Street,S61,0.0,,,nea_v2_api
2017-04-10,Towner Road,S123,0.0,,,nea_v2_api
2017-04-10,West Coast Highway,S116,20.6,27.7721,90.5646,nea_v2_api
2017-04-10,Lornie Road,S07,0.0,,,nea_v2_api
2017-04-10,Pasir Ris Street 51,S94,0.0,,,nea_v2_api
2017-04-10,Nicoll Highway,S119,0.0,,,nea_v2_api
2017-04-10,Tuas South Avenue 3,S115,6.6,27.5942,83.1352,nea_v2_api
2017-04-10,Tanah Merah Coast Road,S96,0.0,27.7955,81.8783,nea_v2_api
2017-04-10,Poole Road,S78,0.0,,,nea_v2_api
2017-04-10,Semakau Landfill,S102,4.4,27.8621,88.3004,nea_v2_api
2017-04-10,Lim Chu Kang Road,S112,0.2,,,nea_v2_api
2017-04-10,Corporation Road,S101,5.8,,,nea_v2_api
2017-04-10,Ang Mo Kio Avenue 5,S109,0.0,27.9013,81.2769,nea_v2_api
2017-04-10,Somerset Road,S79,0.0,,,nea_v2_api
2017-04-10,East Coast Parkway,S107,0.0,27.9464,86.0944,nea_v2_api
2017-04-10,Punggol Central,S81,0.0,,,nea_v2_api
2017-04-10,Tuas Road,S89,9.2,,,nea_v2_api
2017-04-10,Old Choa Chu Kang Road,S121,3.0,27.3351,85.4258,nea_v2_api
2017-04-10,Choa Chu Kang Road,S11,2.0,,,nea_v2_api
2017-04-10,Marine Parade Road,S113,0.0,,,nea_v2_api
2017-04-10,Buangkok Green,S55,0.0,,,nea_v2_api
2017-04-10,Simei Avenue,S84,0.0,,,nea_v2_api
2017-04-10,Banyan Road,S117,6.2,27.5287,83.5773,nea_v2_api
2017-04-10,Old Toh Tuck Road,S35,2.6,,,nea_v2_api
2017-04-10,Mandai Lake Road,S40,0.0,,,nea_v2_api
2017-04-10,Jurong Pier Road,S33,53.0,,,nea_v2_api
2017-04-10,Clementi Road,S50,0.0,27.3398,85.2343,nea_v2_api
2017-04-10,Pulau Ubin,S106,0.0,27.1963,87.6917,nea_v2_api
2017-04-10,Kranji Way,S66,0.0,,,nea_v2_api
2017-04-10,Choa Chu Kang Avenue 4,S114,0.0,,,nea_v2_api
2017-04-10,International Road,S63,0.0,,,nea_v2_api
2017-04-10,Woodlands Avenue 9,S104,0.0,27.8698,88.3475,nea_v2_api
2017-04-10,Woodlands Road,S100,0.0,28.1077,80.1311,nea_v2_api
2017-04-10,Sembawang Road,S122,0.0,27.5113,82.5416,nea_v2_api
2017-04-10,Handy Road,S118,0.0,,,nea_v2_api
2017-04-10,Upper Changi Road North,S24B,0.0,27.7193,86.1762,nea_v2_api
2017-04-10,Bukit Timah Road,S90,0.0,,,nea_v2_api
2017-04-10,South Buona Vista Road,S92,1.2,,,nea_v2_api
2017-04-10,Upper Changi Road North,S24,0.0,27.325,88.3445,nea_v2_api
2017-04-10,Yishun Avenue 5,S91,0.0,,,nea_v2_api
2017-04-10,Bukit Panjang Road,S64,1.2,,,nea_v2_api
2017-04-10,Kent Ridge Road,S71,4.0,,,nea_v2_api
2017-04-10,Sime Road,S46,0.0,,,nea_v2_api
2017-04-10,Marina Gardens Drive,S108,0.0,28.2064,83.3156,nea_v2_api
2017-04-10,Holland Road,S120,0.0,,,nea_v2_api
2017-04-11,Kim Chuan Road,S43,4.2,29.3571,77.0057,nea_v2_api
2017-04-11,Pasir Ris Drive 12,S29,4.2,,,nea_v2_api
2017-04-11,Alexandra Road,S77,0.0,,,nea_v2_api
2017-04-11,Seletar Aerospace View,S900,12.4,,,nea_v2_api
2017-04-11,Nanyang Avenue,S44,0.0,28.3718,75.4305,nea_v2_api
2017-04-11,Chai Chee Street,S61,6.0,,,nea_v2_api
2017-04-11,Towner Road,S123,2.0,,,nea_v2_api
2017-04-11,West Coast Highway,S116,0.0,29.256,83.5924,nea_v2_api
2017-04-11,Lornie Road,S07,2.8,,,nea_v2_api
2017-04-11,Pasir Ris Street 51,S94,0.0,,,nea_v2_api
2017-04-11,Nicoll Highway,S119,1.6,,,nea_v2_api
2017-04-11,Tuas South Avenue 3,S115,0.0,28.9666,76.8551,nea_v2_api
2017-04-11,Tanah Merah Coast Road,S96,5.6,29.0331,76.4454,nea_v2_api
2017-04-11,Poole Road,S78,21.0,,,nea_v2_api
2017-04-11,Semakau Landfill,S102,0.0,28.7736,83.3265,nea_v2_api
2017-04-11,Lim Chu Kang Road,S112,0.0,,,nea_v2_api
2017-04-11,Corporation Road,S101,0.0,,,nea_v2_api
2017-04-11,Ang Mo Kio Avenue 5,S109,0.8,28.8753,77.1993,nea_v2_api
2017-04-11,Somerset Road,S79,0.2,,,nea_v2_api
2017-04-11,East Coast Parkway,S107,5.2,28.6645,84.2919,nea_v2_api
2017-04-11,Punggol Central,S81,4.4,,,nea_v2_api
2017-04-11,Tuas Road,S89,0.0,,,nea_v2_api
2017-04-11,Choa Chu Kang Road,S11,2.6,,,nea_v2_api
2017-04-11,Upper Thomson Road,S08,0.0,,,nea_v2_api
2017-04-11,Marine Parade Road,S113,24.0,,,nea_v2_api
2017-04-11,Buangkok Green,S55,9.4,,,nea_v2_api
2017-04-11,Simei Avenue,S84,1.8,,,nea_v2_api
2017-04-11,Banyan Road,S117,0.0,29.5593,72.9577,nea_v2_api
2017-04-11,Old Toh Tuck Road,S35,0.0,,,nea_v2_api
2017-04-11,Mandai Lake Road,S40,0.0,,,nea_v2_api
2017-04-11,Jurong Pier Road,S33,0.0,,,nea_v2_api
2017-04-11,Clementi Road,S50,0.0,28.9945,77.8914,nea_v2_api
2017-04-11,Pulau Ubin,S106,1.6,27.9606,79.3045,nea_v2_api
2017-04-11,Kranji Way,S66,0.0,,,nea_v2_api
2017-04-11,Choa Chu Kang Avenue 4,S114,0.0,,,nea_v2_api
2017-04-11,International Road,S63,0.0,,,nea_v2_api
2017-04-11,Woodlands Avenue 9,S104,0.0,28.6455,85.3295,nea_v2_api
2017-04-11,Woodlands Road,S100,0.0,29.2576,75.9578,nea_v2_api
2017-04-11,Sembawang Road,S122,1.0,28.5461,72.0192,nea_v2_api
2017-04-11,Handy Road,S118,0.2,,,nea_v2_api
2017-04-11,Upper Changi Road North,S24B,0.0,28.7997,69.6285,nea_v2_api
2017-04-11,Bukit Timah Road,S90,0.0,,,nea_v2_api
2017-04-11,South Buona Vista Road,S92,0.0,,,nea_v2_api
2017-04-11,Upper Changi Road North,S24,11.8,28.3896,82.7294,nea_v2_api
2017-04-11,Yishun Avenue 5,S91,0.0,,,nea_v2_api
2017-04-11,Bukit Panjang Road,S64,0.0,,,nea_v2_api
2017-04-11,Kent Ridge Road,S71,0.0,,,nea_v2_api
2017-04-11,Sime Road,S46,0.0,,,nea_v2_api
2017-04-11,Marina Gardens Drive,S108,0.4,29.7025,75.5406,nea_v2_api
2017-04-11,Holland Road,S120,0.6,,,nea_v2_api
2017-04-12,Kim Chuan Road,S43,5.6,28.4972,81.615,nea_v2_api
2017-04-12,Pasir Ris Drive 12,S29,6.6,,,nea_v2_api
2017-04-12,Alexandra Road,S77,27.2,,,nea_v2_api
2017-04-12,Seletar Aerospace View,S900,12.4,,,nea_v2_api
2017-04-12,Nanyang Avenue,S44,4.6,28.1215,76.0817,nea_v2_api
2017-04-12,Chai Chee Street,S61,12.6,,,nea_v2_api
2017-04-12,Towner Road,S123,4.4,,,nea_v2_api
2017-04-12,West Coast Highway,S116,21.8,28.6348,87.243,nea_v2_api
2017-04-12,Lornie Road,S07,29.4,,,nea_v2_api
2017-04-12,Pasir Ris Street 51,S94,10.0,,,nea_v2_api
2017-04-12,Nicoll Highway,S119,15.0,,,nea_v2_api
2017-04-12,Tuas South Avenue 3,S115,3.8,28.9987,79.3981,nea_v2_api
2017-04-12,Tanah Merah Coast Road,S96,34.0,28.2626,78.7727,nea_v2_api
2017-04-12,Poole Road,S78,2.2,,,nea_v2_api
2017-04-12,Semakau Landfill,S102,5.6,28.1851,86.693,nea_v2_api
2017-04-12,Lim Chu Kang Road,S112,0.0,,,nea_v2_api
2017-04-12,Corporation Road,S101,5.4,,,nea_v2_api
2017-04-12,Ang Mo Kio Avenue 5,S109,12.4,28.0451,80.8124,nea_v2_api
2017-04-12,Somerset Road,S79,21.2,,,nea_v2_api
2017-04-12,East Coast Parkway,S107,7.0,28.0747,85.3944,nea_v2_api
2017-04-12,Punggol Central,S81,8.2,,,nea_v2_api
2017-04-12,Tuas Road,S89,4.4,,,nea_v2_api
2017-04-12,Choa Chu Kang Road,S11,1.6,,,nea_v2_api
2017-04-12,Marine Parade Road,S113,4.0,,,nea_v2_api
2017-04-12,Buangkok Green,S55,8.0,,,nea_v2_api
2017-04-12,Simei Avenue,S84,13.6,,,nea_v2_api
2017-04-12,Banyan Road,S117,20.0,28.6935,81.2186,nea_v2_api
2017-04-12,Old Toh Tuck Road,S35,24.2,,,nea_v2_api
2017-04-12,Mandai Lake Road,S40,8.4,,,nea_v2_api
2017-04-12,Jurong Pier Road,S33,36.2,,,nea_v2_api
2017-04-12,Clementi Road,S50,53.0,27.7392,84.667,nea_v2_api
2017-04-12,Pulau Ubin,S106,12.2,26.6946,90.1116,nea_v2_api
2017-04-12,Kranji Way,S66,0.0,,,nea_v2_api
2017-04-12,Choa Chu Kang Avenue 4,S114,4.0,,,nea_v2_api
2017-04-12,International Road,S63,0.0,,,nea_v2_api
2017-04-12,Woodlands Avenue 9,S104,0.2,28.4684,85.9087,nea_v2_api
2017-04-12,Woodlands Road,S100,0.4,28.9451,78.5941,nea_v2_api
2017-04-12,Sembawang Road,S122,6.8,27.8639,78.2415,nea_v2_api
2017-04-12,Handy Road,S118,26.4,,,nea_v2_api
2017-04-12,Upper Changi Road North,S24B,0.0,27.9841,77.6427,nea_v2_api
2017-04-12,Bukit Timah Road,S90,23.8,,,nea_v2_api
2017-04-12,South Buona Vista Road,S92,43.8,,,nea_v2_api
2017-04-12,Upper Changi Road North,S24,22.0,27.6315,86.1412,nea_v2_api
2017-04-12,Yishun Avenue 5,S91,1.2,,,nea_v2_api
2017-04-12,Bukit Panjang Road,S64,8.2,,,nea_v2_api
2017-04-12,Kent Ridge Road,S71,55.2,,,nea_v2_api
2017-04-12,Sime Road,S46,34.0,,,nea_v2_api
2017-04-12,Marina Gardens Drive,S108,9.6,28.6816,80.8374,nea_v2_api
2017-04-12,Holland Road,S120,24.6,,,nea_v2_api
2017-04-13,Kim Chuan Road,S43,23.4,27.591,84.8544,nea_v2_api
2017-04-13,Pasir Ris Drive 12,S29,14.4,,,nea_v2_api
2017-04-13,Alexandra Road,S77,3.6,,,nea_v2_api
2017-04-13,Seletar Aerospace View,S900,10.0,,,nea_v2_api
2017-04-13,Nanyang Avenue,S44,16.2,26.6221,83.1712,nea_v2_api
2017-04-13,Toa Payoh North,S88,6.6,,,nea_v2_api
2017-04-13,Chai Chee Street,S61,13.2,,,nea_v2_api
2017-04-13,Towner Road,S123,19.6,,,nea_v2_api
2017-04-13,West Coast Highway,S116,4.8,27.584,91.1019,nea_v2_api
2017-04-13,Lornie Road,S07,5.0,,,nea_v2_api
2017-04-13,Pasir Ris Street 51,S94,2.8,,,nea_v2_api
2017-04-13,Nicoll Highway,S119,25.6,,,nea_v2_api
2017-04-13,Tuas South Avenue 3,S115,21.4,27.3715,84.3244,nea_v2_api
2017-04-13,Tanah Merah Coast Road,S96,1.0,27.696,81.6769,nea_v2_api
2017-04-13,Poole Road,S78,13.4,,,nea_v2_api
2017-04-13,Lim Chu Kang Road,S112,0.0,,,nea_v2_api
2017-04-13,Corporation Road,S101,15.0,,,nea_v2_api
2017-04-13,Ang Mo Kio Avenue 5,S109,27.0,26.9406,84.5667,nea_v2_api
2017-04-13,Somerset Road,S79,12.8,,,nea_v2_api
2017-04-13,East Coast Parkway,S107,0.6,27.7527,85.4208,nea_v2_api
2017-04-13,Punggol Central,S81,4.8,,,nea_v2_api
2017-04-13,Tuas Road,S89,5.8,,,nea_v2_api
2017-04-13,Choa Chu Kang Road,S11,9.6,,,nea_v2_api
2017-04-13,Upper Thomson Road,S08,0.8,,,nea_v2_api
2017-04-13,Marine Parade Road,S113,5.0,,,nea_v2_api
2017-04-13,Buangkok Green,S55,7.2,,,nea_v2_api
2017-04-13,Simei Avenue,S84,2.2,,,nea_v2_api
2017-04-13,Banyan Road,S117,31.4,27.2089,86.634,nea_v2_api
2017-04-13,Old Toh Tuck Road,S35,29.2,,,nea_v2_api
2017-04-13,Mandai Lake Road,S40,9.2,,,nea_v2_api
2017-04-13,Jurong Pier Road,S33,9.4,,,nea_v2_api
2017-04-13,Clementi Road,S50,30.8,26.6784,88.7999,nea_v2_api
2017-04-13,Pulau Ubin,S106,7.8,26.3865,91.6907,nea_v2_api
2017-04-13,Kranji Way,S66,0.0,,,nea_v2_api
2017-04-13,Choa Chu Kang Avenue 4,S114,31.2,,,nea_v2_api
2017-04-13,International Road,S63,0.0,,,nea_v2_api
2017-04-13,Woodlands Avenue 9,S104,35.2,26.8798,92.4776,nea_v2_api
2017-04-13,Woodlands Road,S100,6.8,27.1546,85.9842,nea_v2_api
2017-04-13,Sembawang Road,S122,47.8,26.5608,81.6376,nea_v2_api
2017-04-13,Handy Road,S118,14.6,,,nea_v2_api
2017-04-13,Upper Changi Road North,S24B,0.0,27.4273,92.6155,nea_v2_api
2017-04-13,Bukit Timah Road,S90,8.0,,,nea_v2_api
2017-04-13,Upper Changi Road North,S24,0.6,27.062,86.6589,nea_v2_api
2017-04-13,Yishun Avenue 5,S91,1.6,,,nea_v2_api
2017-04-13,South Buona Vista Road,S92,0.0,,,nea_v2_api
2017-04-13,Bukit Panjang Road,S64,17.6,,,nea_v2_api
2017-04-13,Kent Ridge Road,S71,0.0,,,nea_v2_api
2017-04-13,Sime Road,S46,8.8,,,nea_v2_api
2017-04-13,Marina Gardens Drive,S108,3.0,27.7372,85.4711,nea_v2_api
2017-04-13,Holland Road,S120,7.0,,,nea_v2_api
2017-04-14,Kim Chuan Road,S43,5.0,27.9506,83.3004,nea_v2_api
2017-04-14,Pasir Ris Drive 12,S29,0.2,,,nea_v2_api
2017-04-14,Alexandra Road,S77,9.4,,,nea_v2_api
2017-04-14,Seletar Aerospace View,S900,1.4,,,nea_v2_api
2017-04-14,Nanyang Avenue,S44,21.4,26.5692,69.272,nea_v2_api
2017-04-14,Toa Payoh North,S88,20.8,,,nea_v2_api
2017-04-14,Chai Chee Street,S61,11.2,,,nea_v2_api
2017-04-14,Towner Road,S123,17.2,,,nea_v2_api
2017-04-14,West Coast Highway,S116,7.4,27.6436,91.1186,nea_v2_api
2017-04-14,Lornie Road,S07,14.6,,,nea_v2_api
2017-04-14,Pasir Ris Street 51,S94,0.0,,,nea_v2_api
2017-04-14,Nicoll Highway,S119,26.8,,,nea_v2_api
2017-04-14,Tuas South Avenue 3,S115,31.6,26.999,85.4182,nea_v2_api
2017-04-14,Tanah Merah Coast Road,S96,0.0,28.5235,78.5771,nea_v2_api
2017-04-14,Poole Road,S78,27.4,,,nea_v2_api
2017-04-14,Lim Chu Kang Road,S112,0.2,,,nea_v2_api
2017-04-14,Corporation Road,S101,5.8,,,nea_v2_api
2017-04-14,Ang Mo Kio Avenue 5,S109,44.0,26.7638,87.8122,nea_v2_api
2017-04-14,Somerset Road,S79,30.6,,,nea_v2_api
2017-04-14,East Coast Parkway,S107,0.0,28.2814,84.2487,nea_v2_api
2017-04-14,Punggol Central,S81,0.0,,,nea_v2_api
2017-04-14,Tuas Road,S89,47.8,,,nea_v2_api
2017-04-14,Choa Chu Kang Road,S11,17.6,,,nea_v2_api
2017-04-14,Marine Parade Road,S113,49.6,,,nea_v2_api
2017-04-14,Buangkok Green,S55,0.0,,,nea_v2_api
2017-04-14,Simei Avenue,S84,0.0,,,nea_v2_api
2017-04-14,Banyan Road,S117,53.4,27.5113,82.712,nea_v2_api
2017-04-14,Old Toh Tuck Road,S35,7.2,,,nea_v2_api
2017-04-14,Mandai Lake Road,S40,2.4,,,nea_v2_api
2017-04-14,Jurong Pier Road,S33,26.2,,,nea_v2_api
2017-04-14,Clementi Road,S50,8.0,27.022,87.9078,nea_v2_api
2017-04-14,Pulau Ubin,S106,0.0,27.3909,83.515,nea_v2_api
2017-04-14,Kranji Way,S66,0.0,,,nea_v2_api
2017-04-14,Choa Chu Kang Avenue 4,S114,2.6,,,nea_v2_api
2017-04-14,International Road,S63,0.0,,,nea_v2_api
2017-04-14,Woodlands Avenue 9,S104,0.8,26.9395,91.6511,nea_v2_api
2017-04-14,Woodlands Road,S100,5.2,26.9634,87.7111,nea_v2_api
2017-04-14,Sembawang Road,S122,5.6,26.6947,83.3125,nea_v2_api
2017-04-14,Handy Road,S118,49.6,,,nea_v2_api
2017-04-14,Upper Changi Road North,S24B,0.0,28.2885,81.0933,nea_v2_api
2017-04-14,Bukit Timah Road,S90,2.6,,,nea_v2_api
2017-04-14,Upper Changi Road North,S24,0.2,27.9001,84.7937,nea_v2_api
2017-04-14,Bukit Panjang Road,S64,0.4,,,nea_v2_api
2017-04-14,Sime Road,S46,17.0,,,nea_v2_api
2017-04-14,Marina Gardens Drive,S108,24.0,28.0667,82.9779,nea_v2_api
2017-04-14,Holland Road,S120,2.2,,,nea_v2_api
2017-04-15,Kim Chuan Road,S43,1.4,28.5391,77.7677,nea_v2_api
2017-04-15,Pasir Ris Drive 12,S29,0.0,,,nea_v2_api
2017-04-15,Alexandra Road,S77,2.6,,,nea_v2_api
2017-04-15,Seletar Aerospace View,S900,1.6,,,nea_v2_api
2017-04-15,Nanyang Avenue,S44,30.6,26.6743,73.127,nea_v2_api
2017-04-15,Toa Payoh North,S88,0.4,,,nea_v2_api
2017-04-15,Chai Chee Street,S61,0.4,,,nea_v2_api
2017-04-15,Towner Road,S123,0.4,,,nea_v2_api
2017-04-15,West Coast Highway,S116,21.4,27.6908,88.3742,nea_v2_api
2017-04-15,Lornie Road,S07,1.8,,,nea_v2_api
2017-04-15,Pasir Ris Street 51,S94,0.0,,,nea_v2_api
2017-04-15,Nicoll Highway,S119,8.6,,,nea_v2_api
2017-04-15,Tuas South Avenue 3,S115,13.0,27.2332,82.6584,nea_v2_api
2017-04-15,Tanah Merah Coast Road,S96,0.0,28.8862,74.8172,nea_v2_api
2017-04-15,Poole Road,S78,5.0,,,nea_v2_api
2017-04-15,Lim Chu Kang Road,S112,0.4,,,nea_v2_api
2017-04-15,Corporation Road,S101,61.4,,,nea_v2_api
2017-04-15,Ang Mo Kio Avenue 5,S109,14.0,27.5299,80.8936,nea_v2_api
2017-04-15,Somerset Road,S79,0.0,,,nea_v2_api
2017-04-15,East Coast Parkway,S107,0.4,29.0292,77.4365,nea_v2_api
2017-04-15,Punggol Central,S81,0.0,,,nea_v2_api
2017-04-15,Tuas Road,S89,23.0,,,nea_v2_api
2017-04-15,Choa Chu Kang Road,S11,13.4,,,nea_v2_api
2017-04-15,Upper Thomson Road,S08,0.0,,,nea_v2_api
2017-04-15,Marine Parade Road,S113,0.0,,,nea_v2_api
2017-04-15,Buangkok Green,S55,0.0,,,nea_v2_api
2017-04-15,Simei Avenue,S84,6.4,,,nea_v2_api
2017-04-15,Banyan Road,S117,17.8,27.1769,82.3263,nea_v2_api
2017-04-15,Old Toh Tuck Road,S35,17.2,,,nea_v2_api
2017-04-15,Mandai Lake Road,S40,0.4,,,nea_v2_api
2017-04-15,Jurong Pier Road,S33,57.4,,,nea_v2_api
2017-04-15,Clementi Road,S50,27.2,26.8884,86.8646,nea_v2_api
2017-04-15,Pulau Ubin,S106,0.0,27.7978,83.5165,nea_v2_api
2017-04-15,Kranji Way,S66,0.0,,,nea_v2_api
2017-04-15,Choa Chu Kang Avenue 4,S114,27.4,,,nea_v2_api
2017-04-15,International Road,S63,0.2,,,nea_v2_api
2017-04-15,Woodlands Avenue 9,S104,0.2,27.8597,87.7857,nea_v2_api
2017-04-15,Woodlands Road,S100,0.0,28.119,77.7878,nea_v2_api
2017-04-15,Sembawang Road,S122,1.0,27.9789,75.8863,nea_v2_api
2017-04-15,Handy Road,S118,1.8,,,nea_v2_api
2017-04-15,Upper Changi Road North,S24B,0.0,28.9041,69.8374,nea_v2_api
2017-04-15,Bukit Timah Road,S90,4.0,,,nea_v2_api
2017-04-15,Upper Changi Road North,S24,0.0,28.559,79.8394,nea_v2_api
2017-04-15,Yishun Avenue 5,S91,0.0,,,nea_v2_api
2017-04-15,Bukit Panjang Road,S64,10.4,,,nea_v2_api
2017-04-15,Sime Road,S46,26.6,,,nea_v2_api
2017-04-15,Marina Gardens Drive,S108,9.0,28.2797,80.6435,nea_v2_api
2017-04-15,Holland Road,S120,6.4,,,nea_v2_api
2017-04-16,Kim Chuan Road,S43,0.0,28.9241,76.7921,nea_v2_api
2017-04-16,Pasir Ris Drive 12,S29,0.0,,,nea_v2_api
2017-04-16,Alexandra Road,S77,0.6,,,nea_v2_api
2017-04-16,Seletar Aerospace View,S900,0.8,,,nea_v2_api
2017-04-16,Nanyang Avenue,S44,1.0,27.5375,66.6119,nea_v2_api
2017-04-16,Toa Payoh North,S88,0.0,,,nea_v2_api
2017-04-16,Chai Chee Street,S61,0.4,,,nea_v2_api
2017-04-16,Towner Road,S123,0.0,,,nea_v2_api
2017-04-16,West Coast Highway,S116,0.0,28.5763,85.2905,nea_v2_api
2017-04-16,Lornie Road,S07,0.0,,,nea_v2_api
2017-04-16,Pasir Ris Street 51,S94,0.0,,,nea_v2_api
2017-04-16,Nicoll Highway,S119,0.0,,,nea_v2_api
2017-04-16,Tuas South Avenue 3,S115,0.0,28.4618,78.3178,nea_v2_api
2017-04-16,Tanah Merah Coast Road,S96,0.0,28.769,76.2212,nea_v2_api
2017-04-16,Poole Road,S78,0.0,,,nea_v2_api
2017-04-16,Lim Chu Kang Road,S112,0.6,,,nea_v2_api
2017-04-16,Corporation Road,S101,3.6,,,nea_v2_api
2017-04-16,Ang Mo Kio Avenue 5,S109,0.8,28.0283,80.2219,nea_v2_api
2017-04-16,Somerset Road,S79,3.4,,,nea_v2_api
2017-04-16,East Coast Parkway,S107,0.0,28.5964,81.4675,nea_v2_api
2017-04-16,Punggol Central,S81,0.2,,,nea_v2_api
2017-04-16,Tuas Road,S89,0.2,,,nea_v2_api
2017-04-16,Choa Chu Kang Road,S11,2.8,,,nea_v2_api
2017-04-16,Marine Parade Road,S113,0.0,,,nea_v2_api
2017-04-16,Buangkok Green,S55,1.2,,,nea_v2_api
2017-04-16,Simei Avenue,S84,0.0,,,nea_v2_api
2017-04-16,Banyan Road,S117,0.0,28.6785,76.5447,nea_v2_api
2017-04-16,Old Toh Tuck Road,S35,3.2,,,nea_v2_api
2017-04-16,Mandai Lake Road,S40,30.8,,,nea_v2_api
2017-04-16,Jurong Pier Road,S33,0.4,,,nea_v2_api
2017-04-16,Clementi Road,S50,7.6,27.7436,83.4678,nea_v2_api
2017-04-16,Pulau Ubin,S106,0.0,28.021,84.3649,nea_v2_api
2017-04-16,Kranji Way,S66,0.0,,,nea_v2_api
2017-04-16,Choa Chu Kang Avenue 4,S114,25.4,,,nea_v2_api
2017-04-16,International Road,S63,4.6,,,nea_v2_api
2017-04-16,Woodlands Avenue 9,S104,0.2,28.209,83.946,nea_v2_api
2017-04-16,Woodlands Road,S100,18.2,28.1206,82.0092,nea_v2_api
2017-04-16,Sembawang Road,S122,4.2,27.3938,68.9173,nea_v2_api
2017-04-16,Handy Road,S118,1.0,,,nea_v2_api
2017-04-16,Upper Changi Road North,S24B,0.0,28.8826,75.0415,nea_v2_api
2017-04-16,Bukit Timah Road,S90,0.0,,,nea_v2_api
2017-04-16,Upper Changi Road North,S24,0.0,28.516,80.5455,nea_v2_api
2017-04-16,Yishun Avenue 5,S91,0.0,,,nea_v2_api
2017-04-16,Bukit Panjang Road,S64,20.0,,,nea_v2_api
2017-04-16,Sime Road,S46,0.8,,,nea_v2_api
2017-04-16,Marina Gardens Drive,S108,0.0,29.1459,76.6967,nea_v2_api
2017-04-16,Holland Road,S120,0.2,,,nea_v2_api
2017-04-17,Kim Chuan Road,S43,0.0,29.5377,74.8845,nea_v2_api
2017-04-17,Pasir Ris Drive 12,S29,0.0,,,nea_v2_api
2017-04-17,Alexandra Road,S77,0.6,,,nea_v2_api
2017-04-17,Seletar Aerospace View,S900,0.6,,,nea_v2_api
2017-04-17,Nanyang Avenue,S44,5.0,27.964,70.9494,nea_v2_api
2017-04-17,Toa Payoh North,S88,0.0,,,nea_v2_api
2017-04-17,Chai Chee Street,S61,0.0,,,nea_v2_api
2017-04-17,Towner Road,S123,11.4,,,nea_v2_api
2017-04-17,West Coast Highway,S116,4.0,29.0843,84.6775,nea_v2_api
2017-04-17,Lornie Road,S07,0.6,,,nea_v2_api
2017-04-17,Pasir Ris Street 51,S94,0.0,,,nea_v2_api
2017-04-17,Nicoll Highway,S119,8.0,,,nea_v2_api
2017-04-17,Tuas South Avenue 3,S115,17.4,28.4046,79.6391,nea_v2_api
2017-04-17,Tanah Merah Coast Road,S96,0.0,29.2311,76.9074,nea_v2_api
2017-04-17,Poole Road,S78,17.6,,,nea_v2_api
2017-04-17,Lim Chu Kang Road,S112,0.4,,,nea_v2_api
2017-04-17,Corporation Road,S101,25.8,,,nea_v2_api
2017-04-17,Ang Mo Kio Avenue 5,S109,0.0,28.8499,75.7958,nea_v2_api
2017-04-17,Somerset Road,S79,3.0,,,nea_v2_api
2017-04-17,East Coast Parkway,S107,0.0,29.2705,80.3381,nea_v2_api
2017-04-17,Punggol Central,S81,0.0,,,nea_v2_api
2017-04-17,Tuas Road,S89,41.2,,,nea_v2_api
2017-04-17,Choa Chu Kang Road,S11,26.0,,,nea_v2_api
2017-04-17,Upper Thomson Road,S08,0.0,,,nea_v2_api
2017-04-17,Marine Parade Road,S113,1.6,,,nea_v2_api
2017-04-17,Buangkok Green,S55,0.0,,,nea_v2_api
2017-04-17,Simei Avenue,S84,0.0,,,nea_v2_api
2017-04-17,Banyan Road,S117,33.4,28.5243,77.5558,nea_v2_api
2017-04-17,Old Toh Tuck Road,S35,11.8,,,nea_v2_api
2017-04-17,Mandai Lake Road,S40,5.4,,,nea_v2_api
2017-04-17,Jurong Pier Road,S33,26.8,,,nea_v2_api
2017-04-17,Clementi Road,S50,20.8,28.1582,83.7553,nea_v2_api
2017-04-17,Pulau Ubin,S106,0.0,28.4181,84.0715,nea_v2_api
2017-04-17,Kranji Way,S66,0.0,,,nea_v2_api
2017-04-17,Choa Chu Kang Avenue 4,S114,51.4,,,nea_v2_api
2017-04-17,International Road,S63,45.8,,,nea_v2_api
2017-04-17,Woodlands Avenue 9,S104,4.8,28.3646,84.6759,nea_v2_api
2017-04-17,Woodlands Road,S100,35.2,28.347,81.4722,nea_v2_api
2017-04-17,Sembawang Road,S122,0.2,28.078,71.4959,nea_v2_api
2017-04-17,Handy Road,S118,8.2,,,nea_v2_api
2017-04-17,Upper Changi Road North,S24B,0.0,29.5003,73.3296,nea_v2_api
2017-04-17,Bukit Timah Road,S90,9.6,,,nea_v2_api
2017-04-17,Upper Changi Road North,S24,0.0,29.1152,79.749,nea_v2_api
2017-04-17,Yishun Avenue 5,S91,0.0,,,nea_v2_api
2017-04-17,Bukit Panjang Road,S64,49.2,,,nea_v2_api
2017-04-17,Sime Road,S46,6.6,,,nea_v2_api
2017-04-17,Marina Gardens Drive,S108,0.0,29.4285,78.3111,nea_v2_api
2017-04-17,Holland Road,S120,5.0,,,nea_v2_api
2017-04-18,Kim Chuan Road,S43,57.8,27.788,83.5662,nea_v2_api
2017-04-18,Pasir Ris Drive 12,S29,22.4,,,nea_v2_api
2017-04-18,Alexandra Road,S77,45.0,,,nea_v2_api
2017-04-18,Seletar Aerospace View,S900,52.0,,,nea_v2_api
2017-04-18,Nanyang Avenue,S44,42.6,26.1664,76.5531,nea_v2_api
2017-04-18,Toa Payoh North,S88,35.2,,,nea_v2_api
2017-04-18,Chai Chee Street,S61,53.6,,,nea_v2_api
2017-04-18,Towner Road,S123,76.4,,,nea_v2_api
2017-04-18,West Coast Highway,S116,23.4,27.3328,90.6685,nea_v2_api
2017-04-18,Lornie Road,S07,27.8,,,nea_v2_api
2017-04-18,Pasir Ris Street 51,S94,15.4,,,nea_v2_api
2017-04-18,Nicoll Highway,S119,11.0,,,nea_v2_api
2017-04-18,Tuas South Avenue 3,S115,36.4,26.8152,84.408,nea_v2_api
2017-04-18,Tanah Merah Coast Road,S96,0.0,28.8854,78.7069,nea_v2_api
2017-04-18,Poole Road,S78,41.6,,,nea_v2_api
2017-04-18,Lim Chu Kang Road,S112,0.4,,,nea_v2_api
2017-04-18,Corporation Road,S101,23.4,,,nea_v2_api
2017-04-18,Ang Mo Kio Avenue 5,S109,18.4,27.2248,83.1685,nea_v2_api
2017-04-18,Somerset Road,S79,54.4,,,nea_v2_api
2017-04-18,East Coast Parkway,S107,39.0,27.5344,87.8181,nea_v2_api
2017-04-18,Punggol Central,S81,65.2,,,nea_v2_api
2017-04-18,Tuas Road,S89,55.8,,,nea_v2_api
2017-04-18,Choa Chu Kang Road,S11,9.2,,,nea_v2_api
2017-04-18,Marine Parade Road,S113,31.0,,,nea_v2_api
2017-04-18,Buangkok Green,S55,48.2,,,nea_v2_api
2017-04-18,Simei Avenue,S84,35.6,,,nea_v2_api
2017-04-18,Banyan Road,S117,56.4,26.7211,85.8656,nea_v2_api
2017-04-18,Old Toh Tuck Road,S35,14.2,,,nea_v2_api
2017-04-18,Mandai Lake Road,S40,9.8,,,nea_v2_api
2017-04-18,Jurong Pier Road,S33,17.0,,,nea_v2_api
2017-04-18,Clementi Road,S50,29.2,26.617,88.2325,nea_v2_api
2017-04-18,Pulau Ubin,S106,25.0,26.6465,90.1369,nea_v2_api
2017-04-18,Kranji Way,S66,0.0,,,nea_v2_api
2017-04-18,Choa Chu Kang Avenue 4,S114,7.4,,,nea_v2_api
2017-04-18,International Road,S63,25.2,,,nea_v2_api
2017-04-18,Woodlands Avenue 9,S104,39.8,26.7188,89.0046,nea_v2_api
2017-04-18,Woodlands Road,S100,12.0,26.924,86.1421,nea_v2_api
2017-04-18,Sembawang Road,S122,32.6,27.0117,74.4081,nea_v2_api
2017-04-18,Handy Road,S118,67.4,,,nea_v2_api
2017-04-18,Upper Changi Road North,S24B,0.0,27.8886,76.8122,nea_v2_api
2017-04-18,Bukit Timah Road,S90,0.0,,,nea_v2_api
2017-04-18,Upper Changi Road North,S24,11.6,27.4766,86.5614,nea_v2_api
2017-04-18,Yishun Avenue 5,S91,0.0,,,nea_v2_api
2017-04-18,Bukit Panjang Road,S64,10.6,,,nea_v2_api
2017-04-18,Sime Road,S46,13.2,,,nea_v2_api
2017-04-18,Marina Gardens Drive,S108,50.6,27.7144,86.2229,nea_v2_api
2017-04-18,Holland Road,S120,0.0,,,nea_v2_api
2017-04-19,Kim Chuan Road,S43,0.0,28.7161,75.6947,nea_v2_api
2017-04-19,Pasir Ris Drive 12,S29,0.2,,,nea_v2_api
2017-04-19,Alexandra Road,S77,0.2,,,nea_v2_api
2017-04-19,Seletar Aerospace View,S900,15.6,,,nea_v2_api
2017-04-19,Nanyang Avenue,S44,0.0,27.6497,69.0091,nea_v2_api
2017-04-19,Toa Payoh North,S88,0.4,,,nea_v2_api
2017-04-19,Chai Chee Street,S61,0.0,,,nea_v2_api
2017-04-19,Towner Road,S123,0.0,,,nea_v2_api
2017-04-19,West Coast Highway,S116,0.0,28.1724,84.6435,nea_v2_api
2017-04-19,Lornie Road,S07,0.0,,,nea_v2_api
2017-04-19,Pasir Ris Street 51,S94,0.0,,,nea_v2_api
2017-04-19,Nicoll Highway,S119,0.0,,,nea_v2_api
2017-04-19,Tuas South Avenue 3,S115,0.0,27.9533,78.8097,nea_v2_api
2017-04-19,Poole Road,S78,0.2,,,nea_v2_api
2017-04-19,Lim Chu Kang Road,S112,0.4,,,nea_v2_api
2017-04-19,Corporation Road,S101,0.0,,,nea_v2_api
2017-04-19,Ang Mo Kio Avenue 5,S109,0.0,27.9443,78.1256,nea_v2_api
2017-04-19,Somerset Road,S79,0.0,,,nea_v2_api
2017-04-19,East Coast Parkway,S107,0.0,28.153,80.6846,nea_v2_api
2017-04-19,Old Choa Chu Kang Road,S121,0.0,28.6925,73.2165,nea_v2_api
2017-04-19,Punggol Central,S81,0.0,,,nea_v2_api
2017-04-19,Tuas Road,S89,0.0,,,nea_v2_api
2017-04-19,Choa Chu Kang Road,S11,0.2,,,nea_v2_api
2017-04-19,Marine Parade Road,S113,0.0,,,nea_v2_api
2017-04-19,Buangkok Green,S55,1.8,,,nea_v2_api
2017-04-19,Simei Avenue,S84,0.0,,,nea_v2_api
2017-04-19,Banyan Road,S117,0.2,28.5483,74.9348,nea_v2_api
2017-04-19,Old Toh Tuck Road,S35,0.0,,,nea_v2_api
2017-04-19,Mandai Lake Road,S40,4.8,,,nea_v2_api
2017-04-19,Jurong Pier Road,S33,0.0,,,nea_v2_api
2017-04-19,Clementi Road,S50,0.0,27.7551,80.378,nea_v2_api
2017-04-19,Pulau Ubin,S106,0.0,27.2758,80.9981,nea_v2_api
2017-04-19,Kranji Way,S66,0.0,,,nea_v2_api
2017-04-19,Choa Chu Kang Avenue 4,S114,0.2,,,nea_v2_api
2017-04-19,International Road,S63,0.0,,,nea_v2_api
2017-04-19,Woodlands Avenue 9,S104,10.8,27.3958,82.8658,nea_v2_api
2017-04-19,Woodlands Road,S100,10.8,27.5312,82.098,nea_v2_api
2017-04-19,Sembawang Road,S122,0.6,27.1606,67.0023,nea_v2_api
2017-04-19,Handy Road,S118,0.0,,,nea_v2_api
2017-04-19,Upper Changi Road North,S24B,0.0,28.4411,72.4623,nea_v2_api
2017-04-19,South Buona Vista Road,S92,0.0,,,nea_v2_api
2017-04-19,Upper Changi Road North,S24,0.2,28.0119,80.4104,nea_v2_api
2017-04-19,Bukit Panjang Road,S64,1.2,,,nea_v2_api
2017-04-19,Kent Ridge Road,S71,0.0,,,nea_v2_api
2017-04-19,Sime Road,S46,0.0,,,nea_v2_api
2017-04-19,Marina Gardens Drive,S108,0.0,28.657,76.9927,nea_v2_api
2017-04-20,Kim Chuan Road,S43,6.4,28.5583,80.8085,nea_v2_api
2017-04-20,Pasir Ris Drive 12,S29,0.0,,,nea_v2_api
2017-04-20,Alexandra Road,S77,0.0,,,nea_v2_api
2017-04-20,Seletar Aerospace View,S900,22.6,,,nea_v2_api
2017-04-20,Nanyang Avenue,S44,0.2,27.4812,79.3454,nea_v2_api
2017-04-20,Toa Payoh North,S88,2.4,,,nea_v2_api
2017-04-20,Chai Chee Street,S61,0.0,,,nea_v2_api
2017-04-20,Towner Road,S123,7.8,,,nea_v2_api
2017-04-20,West Coast Highway,S116,0.0,28.6973,85.699,nea_v2_api
2017-04-20,Lornie Road,S07,8.0,,,nea_v2_api
2017-04-20,Pasir Ris Street 51,S94,0.0,,,nea_v2_api
2017-04-20,Nicoll Highway,S119,1.2,,,nea_v2_api
2017-04-20,Tuas South Avenue 3,S115,0.0,28.3633,78.9874,nea_v2_api
2017-04-20,Poole Road,S78,1.4,,,nea_v2_api
2017-04-20,Semakau Landfill,S102,0.0,28.8397,83.0288,nea_v2_api
2017-04-20,Lim Chu Kang Road,S112,0.4,,,nea_v2_api
2017-04-20,Corporation Road,S101,6.2,,,nea_v2_api
2017-04-20,Ang Mo Kio Avenue 5,S109,93.2,27.0885,85.8779,nea_v2_api
2017-04-20,Somerset Road,S79,0.6,,,nea_v2_api
2017-04-20,East Coast Parkway,S107,0.0,28.3734,85.575,nea_v2_api
2017-04-20,Old Choa Chu Kang Road,S121,5.4,27.5758,80.1585,nea_v2_api
2017-04-20,Punggol Central,S81,5.6,,,nea_v2_api
2017-04-20,Tuas Road,S89,0.0,,,nea_v2_api
2017-04-20,Choa Chu Kang Road,S11,1.6,,,nea_v2_api
2017-04-20,Marine Parade Road,S113,0.8,,,nea_v2_api
2017-04-20,Buangkok Green,S55,23.6,,,nea_v2_api
2017-04-20,Simei Avenue,S84,0.0,,,nea_v2_api
2017-04-20,Banyan Road,S117,0.0,28.9329,75.6057,nea_v2_api
2017-04-20,Old Toh Tuck Road,S35,15.6,,,nea_v2_api
2017-04-20,Mandai Lake Road,S40,37.6,,,nea_v2_api
2017-04-20,Jurong Pier Road,S33,0.0,,,nea_v2_api
2017-04-20,Clementi Road,S50,25.0,27.4681,86.6495,nea_v2_api
2017-04-20,Pulau Ubin,S106,8.2,26.8596,88.8268,nea_v2_api
2017-04-20,Kranji Way,S66,0.0,,,nea_v2_api
2017-04-20,Choa Chu Kang Avenue 4,S114,10.8,,,nea_v2_api
2017-04-20,Woodlands Avenue 9,S104,2.0,27.6571,89.1392,nea_v2_api
2017-04-20,International Road,S63,0.0,,,nea_v2_api
2017-04-20,Woodlands Road,S100,3.4,27.7687,84.2234,nea_v2_api
2017-04-20,Sembawang Road,S122,15.2,26.7526,79.0437,nea_v2_api
2017-04-20,Handy Road,S118,1.4,,,nea_v2_api
2017-04-20,Upper Changi Road North,S24B,0.0,28.5919,75.7848,nea_v2_api
2017-04-20,South Buona Vista Road,S92,0.0,,,nea_v2_api
2017-04-20,Upper Changi Road North,S24,0.0,28.1342,83.1134,nea_v2_api
2017-04-20,Bukit Panjang Road,S64,18.6,,,nea_v2_api
2017-04-20,Kent Ridge Road,S71,0.0,,,nea_v2_api
2017-04-20,Sime Road,S46,8.4,,,nea_v2_api
2017-04-20,Marina Gardens Drive,S108,0.0,28.9274,80.2705,nea_v2_api
2017-04-21,Kim Chuan Road,S43,17.4,28.4281,79.0232,nea_v2_api
2017-04-21,Pasir Ris Drive 12,S29,16.0,,,nea_v2_api
2017-04-21,Alexandra Road,S77,36.2,,,nea_v2_api
2017-04-21,Seletar Aerospace View,S900,8.8,,,nea_v2_api
2017-04-21,Nanyang Avenue,S44,0.0,27.9742,75.3353,nea_v2_api
2017-04-21,Toa Payoh North,S88,21.8,,,nea_v2_api
2017-04-21,Chai Chee Street,S61,34.4,,,nea_v2_api
2017-04-21,Towner Road,S123,21.4,,,nea_v2_api
2017-04-21,West Coast Highway,S116,40.8,28.0521,86.8447,nea_v2_api
2017-04-21,Lornie Road,S07,0.2,,,nea_v2_api
2017-04-21,Pasir Ris Street 51,S94,10.2,,,nea_v2_api
2017-04-21,Nicoll Highway,S119,63.2,,,nea_v2_api
2017-04-21,Tuas South Avenue 3,S115,102.0,27.6727,82.5851,nea_v2_api
2017-04-21,Poole Road,S78,46.2,,,nea_v2_api
2017-04-21,Semakau Landfill,S102,60.4,27.9882,84.6336,nea_v2_api
2017-04-21,Lim Chu Kang Road,S112,7.8,,,nea_v2_api
2017-04-21,Corporation Road,S101,42.8,,,nea_v2_api
2017-04-21,Ang Mo Kio Avenue 5,S109,17.2,27.6308,82.0529,nea_v2_api
2017-04-21,Somerset Road,S79,38.0,,,nea_v2_api
2017-04-21,East Coast Parkway,S107,35.4,28.062,83.6781,nea_v2_api
2017-04-21,Punggol Central,S81,12.6,,,nea_v2_api
2017-04-21,Tuas Road,S89,37.0,,,nea_v2_api
2017-04-21,Upper Peirce Reservoir Park,S69,0.0,,,nea_v2_api
2017-04-21,Choa Chu Kang Road,S11,50.4,,,nea_v2_api
2017-04-21,Upper Thomson Road,S08,0.0,,,nea_v2_api
2017-04-21,Old Choa Chu Kang Road,S121,42.6,25.6463,90.256,nea_v2_api
2017-04-21,Marine Parade Road,S113,30.2,,,nea_v2_api
2017-04-21,Buangkok Green,S55,12.8,,,nea_v2_api
2017-04-21,Simei Avenue,S84,15.2,,,nea_v2_api
2017-04-21,Banyan Road,S117,19.2,28.0801,80.2528,nea_v2_api
2017-04-21,Old Toh Tuck Road,S35,32.4,,,nea_v2_api
2017-04-21,Mandai Lake Road,S40,11.0,,,nea_v2_api
2017-04-21,Jurong Pier Road,S33,19.2,,,nea_v2_api
2017-04-21,Clementi Road,S50,32.0,27.4167,84.5491,nea_v2_api
2017-04-21,Pulau Ubin,S106,7.8,27.1679,80.7525,nea_v2_api
2017-04-21,Kranji Way,S66,0.0,,,nea_v2_api
2017-04-21,Choa Chu Kang Avenue 4,S114,24.2,,,nea_v2_api
2017-04-21,International Road,S63,0.2,,,nea_v2_api
2017-04-21,Woodlands Avenue 9,S104,14.8,27.4516,84.6743,nea_v2_api
2017-04-21,Woodlands Road,S100,10.6,27.8948,82.9855,nea_v2_api
2017-04-21,Sembawang Road,S122,8.8,27.1983,71.3822,nea_v2_api
2017-04-21,Handy Road,S118,0.0,,,nea_v2_api
2017-04-21,Upper Changi Road North,S24B,0.0,28.21,76.5971,nea_v2_api
2017-04-21,South Buona Vista Road,S92,49.0,,,nea_v2_api
2017-04-21,Upper Changi Road North,S24,18.0,27.87,83.2784,nea_v2_api
2017-04-21,Bukit Panjang Road,S64,23.4,,,nea_v2_api
2017-04-21,Kent Ridge Road,S71,54.2,,,nea_v2_api
2017-04-21,Sime Road,S46,26.6,,,nea_v2_api
2017-04-21,Marina Gardens Drive,S108,53.2,28.2034,80.6361,nea_v2_api
2017-04-21,Holland Road,S120,0.0,,,nea_v2_api
2017-04-22,Kim Chuan Road,S43,10.4,28.7091,78.8361,nea_v2_api
2017-04-22,Pasir Ris Drive 12,S29,5.4,,,nea_v2_api
2017-04-22,Alexandra Road,S77,0.4,,,nea_v2_api
2017-04-22,Seletar Aerospace View,S900,3.0,,,nea_v2_api
2017-04-22,Upper Serangoon Road,S36,0.0,,,nea_v2_api
2017-04-22,Nanyang Avenue,S44,0.0,27.8555,74.7949,nea_v2_api
2017-04-22,Toa Payoh North,S88,5.4,,,nea_v2_api
2017-04-22,Chai Chee Street,S61,8.0,,,nea_v2_api
2017-04-22,Towner Road,S123,6.4,,,nea_v2_api
2017-04-22,West Coast Highway,S116,0.0,29.1044,82.7541,nea_v2_api
2017-04-22,Lornie Road,S07,18.0,,,nea_v2_api
2017-04-22,Pasir Ris Street 51,S94,8.2,,,nea_v2_api
2017-04-22,Nicoll Highway,S119,11.0,,,nea_v2_api
2017-04-22,Tuas South Avenue 3,S115,0.0,28.7034,78.4019,nea_v2_api
2017-04-22,Poole Road,S78,18.2,,,nea_v2_api
2017-04-22,Semakau Landfill,S102,1.8,29.0142,81.638,nea_v2_api
2017-04-22,Lim Chu Kang Road,S112,0.2,,,nea_v2_api
2017-04-22,Corporation Road,S101,2.4,,,nea_v2_api
2017-04-22,Ang Mo Kio Avenue 5,S109,2.4,28.1134,80.2111,nea_v2_api
2017-04-22,Somerset Road,S79,0.8,,,nea_v2_api
2017-04-22,East Coast Parkway,S107,0.4,28.839,79.2776,nea_v2_api
2017-04-22,Punggol Central,S81,1.2,,,nea_v2_api
2017-04-22,Tuas Road,S89,0.0,,,nea_v2_api
2017-04-22,Upper Peirce Reservoir Park,S69,27.0,,,nea_v2_api
2017-04-22,Choa Chu Kang Road,S11,10.0,,,nea_v2_api
2017-04-22,Upper Thomson Road,S08,11.6,,,nea_v2_api
2017-04-22,Marine Parade Road,S113,1.8,,,nea_v2_api
2017-04-22,Buangkok Green,S55,1.8,,,nea_v2_api
2017-04-22,Simei Avenue,S84,5.0,,,nea_v2_api
2017-04-22,Banyan Road,S117,0.4,29.0445,75.309,nea_v2_api
2017-04-22,Old Toh Tuck Road,S35,7.8,,,nea_v2_api
2017-04-22,Mandai Lake Road,S40,1.2,,,nea_v2_api
2017-04-22,Jurong Pier Road,S33,0.0,,,nea_v2_api
2017-04-22,Clementi Road,S50,17.8,27.9667,82.5488,nea_v2_api
2017-04-22,Pulau Ubin,S106,1.2,27.329,87.673,nea_v2_api
2017-04-22,Kranji Way,S66,0.0,,,nea_v2_api
2017-04-22,Choa Chu Kang Avenue 4,S114,11.8,,,nea_v2_api
2017-04-22,International Road,S63,0.0,,,nea_v2_api
2017-04-22,Woodlands Avenue 9,S104,0.0,27.9193,89.8489,nea_v2_api
2017-04-22,Woodlands Road,S100,0.2,28.1611,79.9771,nea_v2_api
2017-04-22,Sembawang Road,S122,0.6,27.5263,77.6981,nea_v2_api
2017-04-22,Handy Road,S118,2.0,,,nea_v2_api
2017-04-22,Upper Changi Road North,S24B,0.0,28.6691,76.3974,nea_v2_api
2017-04-22,South Buona Vista Road,S92,0.2,,,nea_v2_api
2017-04-22,Upper Changi Road North,S24,0.4,28.2072,81.472,nea_v2_api
2017-04-22,Bukit Panjang Road,S64,21.2,,,nea_v2_api
2017-04-22,Kent Ridge Road,S71,0.0,,,nea_v2_api
2017-04-22,Sime Road,S46,24.8,,,nea_v2_api
2017-04-22,Marina Gardens Drive,S108,0.8,28.964,77.6989,nea_v2_api
2017-04-22,Holland Road,S120,0.4,,,nea_v2_api
2017-04-23,Kim Chuan Road,S43,0.0,29.0087,80.535,nea_v2_api
2017-04-23,Pasir Ris Drive 12,S29,4.2,,,nea_v2_api
2017-04-23,Alexandra Road,S77,0.0,,,nea_v2_api
2017-04-23,Seletar Aerospace View,S900,0.0,,,nea_v2_api
2017-04-23,Upper Serangoon Road,S36,0.0,,,nea_v2_api
2017-04-23,Nanyang Avenue,S44,0.0,28.3381,75.0472,nea_v2_api
2017-04-23,Toa Payoh North,S88,0.0,,,nea_v2_api
2017-04-23,Chai Chee Street,S61,2.8,,,nea_v2_api
2017-04-23,Towner Road,S123,0.0,,,nea_v2_api
2017-04-23,West Coast Highway,S116,0.0,29.2474,85.7203,nea_v2_api
2017-04-23,Lornie Road,S07,0.0,,,nea_v2_api
2017-04-23,Pasir Ris Street 51,S94,11.4,,,nea_v2_api
2017-04-23,Nicoll Highway,S119,0.0,,,nea_v2_api
2017-04-23,Tuas South Avenue 3,S115,0.0,28.6372,80.1452,nea_v2_api
2017-04-23,Poole Road,S78,0.0,,,nea_v2_api
2017-04-23,Semakau Landfill,S102,0.0,29.1315,83.8828,nea_v2_api
2017-04-23,Lim Chu Kang Road,S112,0.8,,,nea_v2_api
2017-04-23,Corporation Road,S101,0.0,,,nea_v2_api
2017-04-23,Ang Mo Kio Avenue 5,S109,6.4,28.1422,82.274,nea_v2_api
2017-04-23,Somerset Road,S79,0.0,,,nea_v2_api
2017-04-23,East Coast Parkway,S107,0.0,28.8194,84.2691,nea_v2_api
2017-04-23,Punggol Central,S81,0.0,,,nea_v2_api
2017-04-23,Tuas Road,S89,0.0,,,nea_v2_api
2017-04-23,Upper Peirce Reservoir Park,S69,1.0,,,nea_v2_api
2017-04-23,Choa Chu Kang Road,S11,0.0,,,nea_v2_api
2017-04-23,Upper Thomson Road,S08,7.2,,,nea_v2_api
2017-04-23,Marine Parade Road,S113,2.2,,,nea_v2_api
2017-04-23,Buangkok Green,S55,0.2,,,nea_v2_api
2017-04-23,Simei Avenue,S84,6.6,,,nea_v2_api
2017-04-23,Banyan Road,S117,0.0,29.272,77.2238,nea_v2_api
2017-04-23,Old Toh Tuck Road,S35,4.6,,,nea_v2_api
2017-04-23,Mandai Lake Road,S40,0.0,,,nea_v2_api
2017-04-23,Jurong Pier Road,S33,0.0,,,nea_v2_api
2017-04-23,Clementi Road,S50,17.0,28.0554,84.856,nea_v2_api
2017-04-23,Pulau Ubin,S106,0.0,27.449,88.6327,nea_v2_api
2017-04-23,Kranji Way,S66,0.0,,,nea_v2_api
2017-04-23,Choa Chu Kang Avenue 4,S114,0.0,,,nea_v2_api
2017-04-23,International Road,S63,0.0,,,nea_v2_api
2017-04-23,Woodlands Avenue 9,S104,0.0,28.1247,88.1933,nea_v2_api
2017-04-23,Woodlands Road,S100,0.0,28.6267,80.0155,nea_v2_api
2017-04-23,Sembawang Road,S122,0.0,27.8343,79.9247,nea_v2_api
2017-04-23,Handy Road,S118,0.0,,,nea_v2_api
2017-04-23,Upper Changi Road North,S24B,0.0,28.3571,81.9561,nea_v2_api
2017-04-23,South Buona Vista Road,S92,0.0,,,nea_v2_api
2017-04-23,Upper Changi Road North,S24,7.6,27.9647,86.3287,nea_v2_api
2017-04-23,Bukit Panjang Road,S64,0.0,,,nea_v2_api
2017-04-23,Kent Ridge Road,S71,0.0,,,nea_v2_api
2017-04-23,Sime Road,S46,4.4,,,nea_v2_api
2017-04-23,Marina Gardens Drive,S108,0.0,27.7585,89.7396,nea_v2_api
2017-04-23,Holland Road,S120,0.0,,,nea_v2_api
2017-04-24,Kim Chuan Road,S43,10.8,28.2561,85.3776,nea_v2_api
2017-04-24,Pasir Ris Drive 12,S29,66.4,,,nea_v2_api
2017-04-24,Alexandra Road,S77,1.0,,,nea_v2_api
2017-04-24,Seletar Aerospace View,S900,17.0,,,nea_v2_api
2017-04-24,Upper Serangoon Road,S36,0.0,,,nea_v2_api
2017-04-24,Nanyang Avenue,S44,0.0,26.9718,76.4563,nea_v2_api
2017-04-24,Toa Payoh North,S88,1.4,,,nea_v2_api
2017-04-24,Chai Chee Street,S61,42.4,,,nea_v2_api
2017-04-24,Towner Road,S123,2.6,,,nea_v2_api
2017-04-24,West Coast Highway,S116,4.0,28.378,89.2868,nea_v2_api
2017-04-24,Lornie Road,S07,1.0,,,nea_v2_api
2017-04-24,Pasir Ris Street 51,S94,55.6,,,nea_v2_api
2017-04-24,Nicoll Highway,S119,6.6,,,nea_v2_api
2017-04-24,Tuas South Avenue 3,S115,0.0,27.9998,82.3861,nea_v2_api
2017-04-24,Poole Road,S78,16.8,,,nea_v2_api
2017-04-24,Semakau Landfill,S102,0.0,28.727,83.4719,nea_v2_api
2017-04-24,Lim Chu Kang Road,S112,6.6,,,nea_v2_api
2017-04-24,Corporation Road,S101,0.2,,,nea_v2_api
2017-04-24,Ang Mo Kio Avenue 5,S109,2.0,27.4794,87.5102,nea_v2_api
2017-04-24,Somerset Road,S79,1.2,,,nea_v2_api
2017-04-24,East Coast Parkway,S107,33.8,27.8081,91.4773,nea_v2_api
2017-04-24,Punggol Central,S81,92.2,,,nea_v2_api
2017-04-24,Tuas Road,S89,0.0,,,nea_v2_api
2017-04-24,Choa Chu Kang Road,S11,0.0,,,nea_v2_api
2017-04-24,Upper Thomson Road,S08,2.2,,,nea_v2_api
2017-04-24,Marine Parade Road,S113,27.8,,,nea_v2_api
2017-04-24,Buangkok Green,S55,16.0,,,nea_v2_api
2017-04-24,Simei Avenue,S84,38.4,,,nea_v2_api
2017-04-24,Banyan Road,S117,0.0,28.4927,80.0804,nea_v2_api
2017-04-24,Old Toh Tuck Road,S35,0.2,,,nea_v2_api
2017-04-24,Mandai Lake Road,S40,5.0,,,nea_v2_api
2017-04-24,Jurong Pier Road,S33,10.2,,,nea_v2_api
2017-04-24,Clementi Road,S50,0.6,27.4866,87.6159,nea_v2_api
2017-04-24,Pulau Ubin,S106,33.8,26.9011,86.1366,nea_v2_api
2017-04-24,Kranji Way,S66,0.0,,,nea_v2_api
2017-04-24,Choa Chu Kang Avenue 4,S114,1.0,,,nea_v2_api
2017-04-24,Woodlands Avenue 9,S104,15.8,26.7859,93.3199,nea_v2_api
2017-04-24,International Road,S63,0.0,,,nea_v2_api
2017-04-24,Woodlands Road,S100,2.2,27.2595,88.3711,nea_v2_api
2017-04-24,Sembawang Road,S122,5.8,26.7597,78.5699,nea_v2_api
2017-04-24,Upper Changi Road North,S24B,0.0,28.065,76.9013,nea_v2_api
2017-04-24,Handy Road,S118,1.6,,,nea_v2_api
2017-04-24,South Buona Vista Road,S92,0.8,,,nea_v2_api
2017-04-24,Upper Changi Road North,S24,30.4,27.6541,89.2665,nea_v2_api
2017-04-24,Bukit Panjang Road,S64,0.8,,,nea_v2_api
2017-04-24,Kent Ridge Road,S71,0.8,,,nea_v2_api
2017-04-24,Sime Road,S46,1.4,,,nea_v2_api
2017-04-24,Marina Gardens Drive,S108,7.0,27.6615,86.6081,nea_v2_api
2017-04-24,Holland Road,S120,1.4,,,nea_v2_api
2017-04-25,Kim Chuan Road,S43,46.2,27.3198,87.9273,nea_v2_api
2017-04-25,Pasir Ris Drive 12,S29,3.0,,,nea_v2_api
2017-04-25,Alexandra Road,S77,17.2,,,nea_v2_api
2017-04-25,Seletar Aerospace View,S900,3.4,,,nea_v2_api
2017-04-25,Nanyang Avenue,S44,0.0,30.4304,65.1727,nea_v2_api
2017-04-25,Toa Payoh North,S88,16.4,,,nea_v2_api
2017-04-25,Chai Chee Street,S61,13.2,,,nea_v2_api
2017-04-25,Towner Road,S123,8.8,,,nea_v2_api
2017-04-25,West Coast Highway,S116,26.4,27.5705,93.407,nea_v2_api
2017-04-25,Lornie Road,S07,13.8,,,nea_v2_api
2017-04-25,Pasir Ris Street 51,S94,3.0,,,nea_v2_api
2017-04-25,Nicoll Highway,S119,5.4,,,nea_v2_api
2017-04-25,Tuas South Avenue 3,S115,0.2,27.5556,83.5724,nea_v2_api
2017-04-25,Poole Road,S78,6.8,,,nea_v2_api
2017-04-25,Semakau Landfill,S102,0.0,28.3134,87.2868,nea_v2_api
2017-04-25,Lim Chu Kang Road,S112,1.0,,,nea_v2_api
2017-04-25,Corporation Road,S101,1.8,,,nea_v2_api
2017-04-25,Ang Mo Kio Avenue 5,S109,2.4,26.8475,89.8959,nea_v2_api
2017-04-25,Somerset Road,S79,6.6,,,nea_v2_api
2017-04-25,East Coast Parkway,S107,5.4,27.239,92.7923,nea_v2_api
2017-04-25,Punggol Central,S81,4.0,,,nea_v2_api
2017-04-25,Tuas Road,S89,0.0,,,nea_v2_api
2017-04-25,Choa Chu Kang Road,S11,9.6,,,nea_v2_api
2017-04-25,Upper Thomson Road,S08,0.6,,,nea_v2_api
2017-04-25,Marine Parade Road,S113,14.0,,,nea_v2_api
2017-04-25,Buangkok Green,S55,11.6,,,nea_v2_api
2017-04-25,Simei Avenue,S84,2.0,,,nea_v2_api
2017-04-25,Banyan Road,S117,0.0,27.9688,83.1309,nea_v2_api
2017-04-25,Old Toh Tuck Road,S35,6.2,,,nea_v2_api
2017-04-25,Mandai Lake Road,S40,2.2,,,nea_v2_api
2017-04-25,Jurong Pier Road,S33,13.6,,,nea_v2_api
2017-04-25,Clementi Road,S50,43.2,26.5432,92.3064,nea_v2_api
2017-04-25,Pulau Ubin,S106,14.0,25.9633,86.9438,nea_v2_api
2017-04-25,Kranji Way,S66,0.0,,,nea_v2_api
2017-04-25,Choa Chu Kang Avenue 4,S114,2.0,,,nea_v2_api
2017-04-25,Woodlands Avenue 9,S104,10.4,26.5005,89.3634,nea_v2_api
2017-04-25,International Road,S63,0.8,,,nea_v2_api
2017-04-25,Woodlands Road,S100,2.6,27.2114,87.009,nea_v2_api
2017-04-25,Sembawang Road,S122,3.0,26.6832,76.0718,nea_v2_api
2017-04-25,Handy Road,S118,6.0,,,nea_v2_api
2017-04-25,Upper Changi Road North,S24B,0.0,27.2124,77.8032,nea_v2_api
2017-04-25,South Buona Vista Road,S92,15.8,,,nea_v2_api
2017-04-25,Upper Changi Road North,S24,2.4,26.913,91.0834,nea_v2_api
2017-04-25,Bukit Panjang Road,S64,0.4,,,nea_v2_api
2017-04-25,Kent Ridge Road,S71,23.6,,,nea_v2_api
2017-04-25,Sime Road,S46,17.4,,,nea_v2_api
2017-04-25,Marina Gardens Drive,S108,3.6,28.9187,81.7271,nea_v2_api
2017-04-25,Holland Road,S120,10.6,,,nea_v2_api
2017-04-26,Kim Chuan Road,S43,3.2,27.6826,84.7233,nea_v2_api
2017-04-26,Pasir Ris Drive 12,S29,0.0,,,nea_v2_api
2017-04-26,Alexandra Road,S77,0.6,,,nea_v2_api
2017-04-26,Seletar Aerospace View,S900,0.0,,,nea_v2_api
2017-04-26,Toa Payoh North,S88,0.0,,,nea_v2_api
2017-04-26,Chai Chee Street,S61,0.0,,,nea_v2_api
2017-04-26,Towner Road,S123,0.2,,,nea_v2_api
2017-04-26,West Coast Highway,S116,0.0,27.6349,90.2365,nea_v2_api
2017-04-26,Lornie Road,S07,0.0,,,nea_v2_api
2017-04-26,Pasir Ris Street 51,S94,0.0,,,nea_v2_api
2017-04-26,Nicoll Highway,S119,0.0,,,nea_v2_api
2017-04-26,Tuas South Avenue 3,S115,0.0,27.5597,80.403,nea_v2_api
2017-04-26,Poole Road,S78,0.0,,,nea_v2_api
2017-04-26,Semakau Landfill,S102,4.8,27.9134,85.5627,nea_v2_api
2017-04-26,Lim Chu Kang Road,S112,0.0,,,nea_v2_api
2017-04-26,Corporation Road,S101,0.0,,,nea_v2_api
2017-04-26,Ang Mo Kio Avenue 5,S109,0.0,27.2213,85.4681,nea_v2_api
2017-04-26,Somerset Road,S79,0.6,,,nea_v2_api
2017-04-26,East Coast Parkway,S107,8.6,27.7322,86.6283,nea_v2_api
2017-04-26,Punggol Central,S81,0.0,,,nea_v2_api
2017-04-26,Tuas Road,S89,0.0,,,nea_v2_api
2017-04-26,Choa Chu Kang Road,S11,0.0,,,nea_v2_api
2017-04-26,Upper Thomson Road,S08,0.0,,,nea_v2_api
2017-04-26,Marine Parade Road,S113,0.0,,,nea_v2_api
2017-04-26,Buangkok Green,S55,0.0,,,nea_v2_api
2017-04-26,Simei Avenue,S84,0.0,,,nea_v2_api
2017-04-26,Banyan Road,S117,0.0,27.8347,79.7201,nea_v2_api
2017-04-26,Old Toh Tuck Road,S35,0.0,,,nea_v2_api
2017-04-26,Mandai Lake Road,S40,0.0,,,nea_v2_api
2017-04-26,Jurong Pier Road,S33,0.0,,,nea_v2_api
2017-04-26,Clementi Road,S50,1.0,27.301,84.5492,nea_v2_api
2017-04-26,Pulau Ubin,S106,0.2,26.3701,92.4528,nea_v2_api
2017-04-26,Kranji Way,S66,0.0,,,nea_v2_api
2017-04-26,Choa Chu Kang Avenue 4,S114,0.0,,,nea_v2_api
2017-04-26,International Road,S63,0.0,,,nea_v2_api
2017-04-26,Woodlands Avenue 9,S104,0.0,27.1201,86.6992,nea_v2_api
2017-04-26,Woodlands Road,S100,0.0,27.8718,82.6865,nea_v2_api
2017-04-26,Sembawang Road,S122,0.0,27.0241,80.1791,nea_v2_api
2017-04-26,South Buona Vista Road,S92,0.0,,,nea_v2_api
2017-04-26,Upper Changi Road North,S24,0.0,27.1913,88.0141,nea_v2_api
2017-04-26,Bukit Panjang Road,S64,0.0,,,nea_v2_api
2017-04-26,Kent Ridge Road,S71,0.0,,,nea_v2_api
2017-04-26,Sime Road,S46,0.0,,,nea_v2_api
2017-04-26,Holland Road,S120,0.0,,,nea_v2_api
2017-04-27,Kim Chuan Road,S43,78.8,27.9658,82.044,nea_v2_api
2017-04-27,Pasir Ris Drive 12,S29,2.4,,,nea_v2_api
2017-04-27,Alexandra Road,S77,11.8,,,nea_v2_api
2017-04-27,Seletar Aerospace View,S900,2.0,,,nea_v2_api
2017-04-27,Toa Payoh North,S88,32.4,,,nea_v2_api
2017-04-27,Chai Chee Street,S61,2.2,,,nea_v2_api
2017-04-27,Towner Road,S123,42.6,,,nea_v2_api
2017-04-27,West Coast Highway,S116,13.4,27.7658,90.1297,nea_v2_api
2017-04-27,Lornie Road,S07,10.6,,,nea_v2_api
2017-04-27,Pasir Ris Street 51,S94,1.4,,,nea_v2_api
2017-04-27,Nicoll Highway,S119,14.6,,,nea_v2_api
2017-04-27,Tuas South Avenue 3,S115,1.0,28.1658,79.3579,nea_v2_api
2017-04-27,Poole Road,S78,0.2,,,nea_v2_api
2017-04-27,Semakau Landfill,S102,16.0,27.9392,85.7957,nea_v2_api
2017-04-27,Lim Chu Kang Road,S112,0.0,,,nea_v2_api
2017-04-27,Corporation Road,S101,14.2,,,nea_v2_api
2017-04-27,Ang Mo Kio Avenue 5,S109,24.0,27.7345,80.8925,nea_v2_api
2017-04-27,Somerset Road,S79,9.8,,,nea_v2_api
2017-04-27,East Coast Parkway,S107,0.0,28.0193,84.2767,nea_v2_api
2017-04-27,Punggol Central,S81,13.4,,,nea_v2_api
2017-04-27,Tuas Road,S89,37.2,,,nea_v2_api
2017-04-27,Old Choa Chu Kang Road,S121,,34.05,,nea_v2_api
2017-04-27,Choa Chu Kang Road,S11,7.6,,,nea_v2_api
2017-04-27,Upper Thomson Road,S08,4.6,,,nea_v2_api
2017-04-27,Marine Parade Road,S113,0.0,,,nea_v2_api
2017-04-27,Buangkok Green,S55,20.8,,,nea_v2_api
2017-04-27,Simei Avenue,S84,1.4,,,nea_v2_api
2017-04-27,Banyan Road,S117,25.0,28.4696,78.1246,nea_v2_api
2017-04-27,Old Toh Tuck Road,S35,58.6,,,nea_v2_api
2017-04-27,Mandai Lake Road,S40,0.0,,,nea_v2_api
2017-04-27,Jurong Pier Road,S33,18.0,,,nea_v2_api
2017-04-27,Clementi Road,S50,32.2,27.2862,85.7622,nea_v2_api
2017-04-27,Pulau Ubin,S106,0.0,27.533,87.6659,nea_v2_api
2017-04-27,Kranji Way,S66,0.0,,,nea_v2_api
2017-04-27,Choa Chu Kang Avenue 4,S114,0.2,,,nea_v2_api
2017-04-27,Woodlands Avenue 9,S104,0.0,27.6435,85.9235,nea_v2_api
2017-04-27,Woodlands Road,S100,0.0,28.4846,78.3569,nea_v2_api
2017-04-27,Sembawang Road,S122,0.6,27.6471,72.5067,nea_v2_api
2017-04-27,Handy Road,S118,3.0,,,nea_v2_api
2017-04-27,South Buona Vista Road,S92,9.2,,,nea_v2_api
2017-04-27,Upper Changi Road North,S24,0.2,27.9242,82.9135,nea_v2_api
2017-04-27,Bukit Panjang Road,S64,2.4,,,nea_v2_api
2017-04-27,Kent Ridge Road,S71,13.8,,,nea_v2_api
2017-04-27,Sime Road,S46,21.0,,,nea_v2_api
2017-04-27,Holland Road,S120,27.0,,,nea_v2_api
2017-04-28,Kim Chuan Road,S43,30.4,27.9765,78.6349,nea_v2_api
2017-04-28,Pasir Ris Drive 12,S29,30.0,,,nea_v2_api
2017-04-28,Alexandra Road,S77,5.0,,,nea_v2_api
2017-04-28,Seletar Aerospace View,S900,2.0,,,nea_v2_api
2017-04-28,Nanyang Avenue,S44,0.0,28.4731,72.7245,nea_v2_api
2017-04-28,Toa Payoh North,S88,13.4,,,nea_v2_api
2017-04-28,Chai Chee Street,S61,39.0,,,nea_v2_api
2017-04-28,Towner Road,S123,15.6,,,nea_v2_api
2017-04-28,West Coast Highway,S116,2.2,27.8874,85.143,nea_v2_api
2017-04-28,Lornie Road,S07,9.0,,,nea_v2_api
2017-04-28,Pasir Ris Street 51,S94,34.2,,,nea_v2_api
2017-04-28,Nicoll Highway,S119,14.8,,,nea_v2_api
2017-04-28,Tuas South Avenue 3,S115,3.8,27.829,79.3856,nea_v2_api
2017-04-28,Poole Road,S78,32.8,,,nea_v2_api
2017-04-28,Semakau Landfill,S102,1.6,27.8121,84.2277,nea_v2_api
2017-04-28,Lim Chu Kang Road,S112,40.2,,,nea_v2_api
2017-04-28,Corporation Road,S101,3.0,,,nea_v2_api
2017-04-28,Ang Mo Kio Avenue 5,S109,10.6,27.6888,78.3672,nea_v2_api
2017-04-28,Somerset Road,S79,8.0,,,nea_v2_api
2017-04-28,East Coast Parkway,S107,21.4,27.4637,83.8135,nea_v2_api
2017-04-28,Punggol Central,S81,8.4,,,nea_v2_api
2017-04-28,Tuas Road,S89,5.0,,,nea_v2_api
2017-04-28,Choa Chu Kang Road,S11,2.8,,,nea_v2_api
2017-04-28,Upper Thomson Road,S08,16.8,,,nea_v2_api
2017-04-28,Marine Parade Road,S113,40.2,,,nea_v2_api
2017-04-28,Buangkok Green,S55,12.4,,,nea_v2_api
2017-04-28,Simei Avenue,S84,34.8,,,nea_v2_api
2017-04-28,Banyan Road,S117,4.2,28.0366,78.1444,nea_v2_api
2017-04-28,Old Toh Tuck Road,S35,6.2,,,nea_v2_api
2017-04-28,Mandai Lake Road,S40,23.6,,,nea_v2_api
2017-04-28,Jurong Pier Road,S33,3.8,,,nea_v2_api
2017-04-28,Clementi Road,S50,10.2,27.2435,82.1334,nea_v2_api
2017-04-28,Pulau Ubin,S106,4.8,26.8239,88.9309,nea_v2_api
2017-04-28,Kranji Way,S66,36.2,,,nea_v2_api
2017-04-28,Choa Chu Kang Avenue 4,S114,4.2,,,nea_v2_api
2017-04-28,International Road,S63,0.2,,,nea_v2_api
2017-04-28,Woodlands Avenue 9,S104,3.2,24.5263,97.6458,nea_v2_api
2017-04-28,Woodlands Road,S100,4.4,28.1634,78.0005,nea_v2_api
2017-04-28,Sembawang Road,S122,6.4,27.4494,73.9099,nea_v2_api
2017-04-28,South Buona Vista Road,S92,2.6,,,nea_v2_api
2017-04-28,Upper Changi Road North,S24,42.8,26.8652,86.5076,nea_v2_api
2017-04-28,Bukit Panjang Road,S64,5.8,,,nea_v2_api
2017-04-28,Kent Ridge Road,S71,3.0,,,nea_v2_api
2017-04-28,Sime Road,S46,2.4,,,nea_v2_api
2017-04-28,Marina Gardens Drive,S108,0.0,29.8695,70.2705,nea_v2_api
2017-04-28,Holland Road,S120,9.6,,,nea_v2_api
2017-04-29,Kim Chuan Road,S43,0.2,28.4492,80.8919,nea_v2_api
2017-04-29,Pasir Ris Drive 12,S29,0.0,,,nea_v2_api
2017-04-29,Alexandra Road,S77,4.6,,,nea_v2_api
2017-04-29,Seletar Aerospace View,S900,0.2,,,nea_v2_api
2017-04-29,Nanyang Avenue,S44,0.0,27.6651,78.5398,nea_v2_api
2017-04-29,Toa Payoh North,S88,0.2,,,nea_v2_api
2017-04-29,Chai Chee Street,S61,0.0,,,nea_v2_api
2017-04-29,Towner Road,S123,0.2,,,nea_v2_api
2017-04-29,West Coast Highway,S116,15.6,28.0946,88.1862,nea_v2_api
2017-04-29,Lornie Road,S07,0.0,,,nea_v2_api
2017-04-29,Pasir Ris Street 51,S94,0.0,,,nea_v2_api
2017-04-29,Nicoll Highway,S119,0.6,,,nea_v2_api
2017-04-29,Tuas South Avenue 3,S115,4.6,28.149,79.3166,nea_v2_api
2017-04-29,Poole Road,S78,0.0,,,nea_v2_api
2017-04-29,Semakau Landfill,S102,0.0,28.2482,82.9393,nea_v2_api
2017-04-29,Lim Chu Kang Road,S112,0.0,,,nea_v2_api
2017-04-29,Corporation Road,S101,0.0,,,nea_v2_api
2017-04-29,Ang Mo Kio Avenue 5,S109,0.0,28.1075,80.2523,nea_v2_api
2017-04-29,Somerset Road,S79,2.4,,,nea_v2_api
2017-04-29,East Coast Parkway,S107,0.0,28.1585,84.7106,nea_v2_api
2017-04-29,Punggol Central,S81,6.4,,,nea_v2_api
2017-04-29,Tuas Road,S89,0.0,,,nea_v2_api
2017-04-29,Choa Chu Kang Road,S11,0.0,,,nea_v2_api
2017-04-29,Upper Thomson Road,S08,0.0,,,nea_v2_api
2017-04-29,Marine Parade Road,S113,0.0,,,nea_v2_api
2017-04-29,Buangkok Green,S55,0.8,,,nea_v2_api
2017-04-29,Simei Avenue,S84,0.0,,,nea_v2_api
2017-04-29,Banyan Road,S117,4.2,28.081,79.7553,nea_v2_api
2017-04-29,Old Toh Tuck Road,S35,0.6,,,nea_v2_api
2017-04-29,Mandai Lake Road,S40,0.0,,,nea_v2_api
2017-04-29,Jurong Pier Road,S33,2.0,,,nea_v2_api
2017-04-29,Clementi Road,S50,0.0,26.6502,88.9251,nea_v2_api
2017-04-29,Pulau Ubin,S106,0.0,27.1971,90.017,nea_v2_api
2017-04-29,Kranji Way,S66,0.0,,,nea_v2_api
2017-04-29,Choa Chu Kang Avenue 4,S114,0.0,,,nea_v2_api
2017-04-29,International Road,S63,0.4,,,nea_v2_api
2017-04-29,Woodlands Avenue 9,S104,0.0,28.5758,87.1102,nea_v2_api
2017-04-29,Woodlands Road,S100,0.0,28.5082,79.9003,nea_v2_api
2017-04-29,Sembawang Road,S122,0.0,27.5831,81.4961,nea_v2_api
2017-04-29,Handy Road,S118,0.0,,,nea_v2_api
2017-04-29,South Buona Vista Road,S92,2.0,,,nea_v2_api
2017-04-29,Upper Changi Road North,S24,0.0,27.5516,87.4419,nea_v2_api
2017-04-29,Bukit Panjang Road,S64,0.0,,,nea_v2_api
2017-04-29,Kent Ridge Road,S71,8.4,,,nea_v2_api
2017-04-29,Sime Road,S46,0.0,,,nea_v2_api
2017-04-29,Marina Gardens Drive,S108,0.2,28.1854,82.056,nea_v2_api
2017-04-29,Holland Road,S120,1.2,,,nea_v2_api
2017-04-30,Kim Chuan Road,S43,0.0,29.2763,77.1345,nea_v2_api
2017-04-30,Pasir Ris Drive 12,S29,0.0,,,nea_v2_api
2017-04-30,Alexandra Road,S77,0.0,,,nea_v2_api
2017-04-30,Seletar Aerospace View,S900,0.0,,,nea_v2_api
2017-04-30,Nanyang Avenue,S44,0.0,28.1429,74.0089,nea_v2_api
2017-04-30,Toa Payoh North,S88,0.0,,,nea_v2_api
2017-04-30,Chai Chee Street,S61,0.0,,,nea_v2_api
2017-04-30,Towner Road,S123,0.0,,,nea_v2_api
2017-04-30,West Coast Highway,S116,0.0,29.1586,83.8948,nea_v2_api
2017-04-30,Lornie Road,S07,0.0,,,nea_v2_api
2017-04-30,Pasir Ris Street 51,S94,0.0,,,nea_v2_api
2017-04-30,Nicoll Highway,S119,0.0,,,nea_v2_api
2017-04-30,Tuas South Avenue 3,S115,0.0,28.8782,77.824,nea_v2_api
2017-04-30,Poole Road,S78,0.0,,,nea_v2_api
2017-04-30,Semakau Landfill,S102,0.0,28.8172,82.5403,nea_v2_api
2017-04-30,Lim Chu Kang Road,S112,37.8,,,nea_v2_api
2017-04-30,Corporation Road,S101,0.0,,,nea_v2_api
2017-04-30,Ang Mo Kio Avenue 5,S109,0.0,28.8789,78.1649,nea_v2_api
2017-04-30,Somerset Road,S79,0.0,,,nea_v2_api
2017-04-30,East Coast Parkway,S107,0.0,28.987,81.6971,nea_v2_api
2017-04-30,Punggol Central,S81,0.2,,,nea_v2_api
2017-04-30,Tuas Road,S89,0.0,,,nea_v2_api
2017-04-30,Choa Chu Kang Road,S11,0.0,,,nea_v2_api
2017-04-30,Upper Thomson Road,S08,0.0,,,nea_v2_api
2017-04-30,Marine Parade Road,S113,0.0,,,nea_v2_api
2017-04-30,Buangkok Green,S55,0.0,,,nea_v2_api
2017-04-30,Simei Avenue,S84,0.0,,,nea_v2_api
2017-04-30,Banyan Road,S117,0.0,28.9027,76.5047,nea_v2_api
2017-04-30,Old Toh Tuck Road,S35,0.0,,,nea_v2_api
2017-04-30,Mandai Lake Road,S40,0.0,,,nea_v2_api
2017-04-30,Jurong Pier Road,S33,0.0,,,nea_v2_api
2017-04-30,Clementi Road,S50,0.0,29.57,74.6494,nea_v2_api
2017-04-30,Pulau Ubin,S106,0.0,25.8124,74.7857,nea_v2_api
2017-04-30,Kranji Way,S66,27.8,,,nea_v2_api
2017-04-30,Choa Chu Kang Avenue 4,S114,0.0,,,nea_v2_api
2017-04-30,International Road,S63,0.0,,,nea_v2_api
2017-04-30,Woodlands Avenue 9,S104,27.6,28.4076,84.2718,nea_v2_api
2017-04-30,Woodlands Road,S100,24.0,28.6737,80.5045,nea_v2_api
2017-04-30,Sembawang Road,S122,0.0,28.5413,74.5124,nea_v2_api
2017-04-30,Handy Road,S118,0.0,,,nea_v2_api
2017-04-30,South Buona Vista Road,S92,0.0,,,nea_v2_api
2017-04-30,Upper Changi Road North,S24,0.0,28.5857,82.659,nea_v2_api
2017-04-30,Bukit Panjang Road,S64,0.0,,,nea_v2_api
2017-04-30,Kent Ridge Road,S71,0.0,,,nea_v2_api
2017-04-30,Sime Road,S46,0.0,,,nea_v2_api
2017-04-30,Marina Gardens Drive,S108,0.0,30.0865,74.1992,nea_v2_api
2017-04-30,Holland Road,S120,0.0,,,nea_v2_api
2017-05-01,Kim Chuan Road,S43,0.0,29.6999,75.13,nea_v2_api
2017-05-01,Pasir Ris Drive 12,S29,0.0,,,nea_v2_api
2017-05-01,Alexandra Road,S77,0.0,,,nea_v2_api
2017-05-01,Seletar Aerospace View,S900,3.6,,,nea_v2_api
2017-05-01,Nanyang Avenue,S44,0.0,28.8669,73.5796,nea_v2_api
2017-05-01,Toa Payoh North,S88,0.0,,,nea_v2_api
2017-05-01,Chai Chee Street,S61,0.0,,,nea_v2_api
2017-05-01,Towner Road,S123,0.0,,,nea_v2_api
2017-05-01,West Coast Highway,S116,0.0,29.3843,82.1238,nea_v2_api
2017-05-01,Lornie Road,S07,0.0,,,nea_v2_api
2017-05-01,Pasir Ris Street 51,S94,0.0,,,nea_v2_api
2017-05-01,Nicoll Highway,S119,0.0,,,nea_v2_api
2017-05-01,Tuas South Avenue 3,S115,0.0,29.0054,77.0441,nea_v2_api
2017-05-01,Poole Road,S78,0.0,,,nea_v2_api
2017-05-01,Semakau Landfill,S102,0.0,28.9747,80.4432,nea_v2_api
2017-05-01,Lim Chu Kang Road,S112,13.2,,,nea_v2_api
2017-05-01,Corporation Road,S101,0.0,,,nea_v2_api
2017-05-01,Ang Mo Kio Avenue 5,S109,0.2,29.0836,75.3116,nea_v2_api
2017-05-01,Somerset Road,S79,0.0,,,nea_v2_api
2017-05-01,East Coast Parkway,S107,0.0,29.0263,82.148,nea_v2_api
2017-05-01,Punggol Central,S81,0.0,,,nea_v2_api
2017-05-01,Tuas Road,S89,0.0,,,nea_v2_api
2017-05-01,Choa Chu Kang Road,S11,0.2,,,nea_v2_api
2017-05-01,Upper Thomson Road,S08,0.0,,,nea_v2_api
2017-05-01,Marine Parade Road,S113,0.0,,,nea_v2_api
2017-05-01,Buangkok Green,S55,0.0,,,nea_v2_api
2017-05-01,Simei Avenue,S84,0.0,,,nea_v2_api
2017-05-01,Banyan Road,S117,0.0,29.2601,74.9249,nea_v2_api
2017-05-01,Old Toh Tuck Road,S35,0.4,,,nea_v2_api
2017-05-01,Mandai Lake Road,S40,3.0,,,nea_v2_api
2017-05-01,Jurong Pier Road,S33,0.0,,,nea_v2_api
2017-05-01,Clementi Road,S50,0.0,28.7938,77.5519,nea_v2_api
2017-05-01,Pulau Ubin,S106,0.0,29.5415,81.8693,nea_v2_api
2017-05-01,Kranji Way,S66,0.2,,,nea_v2_api
2017-05-01,Choa Chu Kang Avenue 4,S114,2.4,,,nea_v2_api
2017-05-01,International Road,S63,0.0,,,nea_v2_api
2017-05-01,Woodlands Avenue 9,S104,0.0,28.7871,81.8873,nea_v2_api
2017-05-01,Woodlands Road,S100,0.0,28.769,80.8112,nea_v2_api
2017-05-01,Sembawang Road,S122,0.0,28.3768,74.7204,nea_v2_api
2017-05-01,Handy Road,S118,0.0,,,nea_v2_api
2017-05-01,South Buona Vista Road,S92,0.0,,,nea_v2_api
2017-05-01,Upper Changi Road North,S24,0.0,28.8752,80.7802,nea_v2_api
2017-05-01,Bukit Panjang Road,S64,7.2,,,nea_v2_api
2017-05-01,Kent Ridge Road,S71,0.0,,,nea_v2_api
2017-05-01,Sime Road,S46,0.0,,,nea_v2_api
2017-05-01,Marina Gardens Drive,S108,0.0,29.7149,75.8681,nea_v2_api
2017-05-01,Holland Road,S120,0.0,,,nea_v2_api
2017-05-02,Kim Chuan Road,S43,8.4,28.624,80.3571,nea_v2_api
2017-05-02,Pasir Ris Drive 12,S29,5.6,,,nea_v2_api
2017-05-02,Alexandra Road,S77,8.0,,,nea_v2_api
2017-05-02,Seletar Aerospace View,S900,17.4,,,nea_v2_api
2017-05-02,Nanyang Avenue,S44,0.0,28.5713,73.2084,nea_v2_api
2017-05-02,Toa Payoh North,S88,12.0,,,nea_v2_api
2017-05-02,Chai Chee Street,S61,0.0,,,nea_v2_api
2017-05-02,Towner Road,S123,5.2,,,nea_v2_api
2017-05-02,West Coast Highway,S116,22.0,28.3192,87.6124,nea_v2_api
2017-05-02,Lornie Road,S07,1.4,,,nea_v2_api
2017-05-02,Pasir Ris Street 51,S94,0.0,,,nea_v2_api
2017-05-02,Nicoll Highway,S119,17.4,,,nea_v2_api
2017-05-02,Tuas South Avenue 3,S115,6.4,27.9322,81.2215,nea_v2_api
2017-05-02,Poole Road,S78,19.0,,,nea_v2_api
2017-05-02,Semakau Landfill,S102,3.0,28.3272,84.0296,nea_v2_api
2017-05-02,Lim Chu Kang Road,S112,8.6,,,nea_v2_api
2017-05-02,Corporation Road,S101,10.0,,,nea_v2_api
2017-05-02,Ang Mo Kio Avenue 5,S109,1.2,28.0381,81.2539,nea_v2_api
2017-05-02,Somerset Road,S79,8.2,,,nea_v2_api
2017-05-02,East Coast Parkway,S107,0.0,28.4142,84.3058,nea_v2_api
2017-05-02,Punggol Central,S81,10.2,,,nea_v2_api
2017-05-02,Tuas Road,S89,23.8,,,nea_v2_api
2017-05-02,Choa Chu Kang Road,S11,0.0,,,nea_v2_api
2017-05-02,Upper Thomson Road,S08,5.2,,,nea_v2_api
2017-05-02,Marine Parade Road,S113,0.8,,,nea_v2_api
2017-05-02,Buangkok Green,S55,1.6,,,nea_v2_api
2017-05-02,Simei Avenue,S84,2.0,,,nea_v2_api
2017-05-02,Banyan Road,S117,3.6,28.2374,80.4364,nea_v2_api
2017-05-02,Old Toh Tuck Road,S35,11.2,,,nea_v2_api
2017-05-02,Mandai Lake Road,S40,2.6,,,nea_v2_api
2017-05-02,Jurong Pier Road,S33,54.4,,,nea_v2_api
2017-05-02,Clementi Road,S50,0.0,27.0465,90.1675,nea_v2_api
2017-05-02,Pulau Ubin,S106,12.8,27.3008,88.5659,nea_v2_api
2017-05-02,Kranji Way,S66,3.4,,,nea_v2_api
2017-05-02,Choa Chu Kang Avenue 4,S114,10.4,,,nea_v2_api
2017-05-02,International Road,S63,27.8,,,nea_v2_api
2017-05-02,Woodlands Avenue 9,S104,0.0,26.7536,99.2448,nea_v2_api
2017-05-02,Woodlands Road,S100,8.4,27.936,81.8393,nea_v2_api
2017-05-02,Sembawang Road,S122,9.2,27.5781,79.8603,nea_v2_api
2017-05-02,Handy Road,S118,6.4,,,nea_v2_api
2017-05-02,South Buona Vista Road,S92,8.0,,,nea_v2_api
2017-05-02,Upper Changi Road North,S24,0.0,28.2088,83.2814,nea_v2_api
2017-05-02,Bukit Panjang Road,S64,3.0,,,nea_v2_api
2017-05-02,Kent Ridge Road,S71,9.6,,,nea_v2_api
2017-05-02,Sime Road,S46,2.0,,,nea_v2_api
2017-05-02,Marina Gardens Drive,S108,25.2,28.5833,81.1608,nea_v2_api
2017-05-02,Holland Road,S120,6.0,,,nea_v2_api
2017-05-03,Kim Chuan Road,S43,0.4,29.5445,75.315,nea_v2_api
2017-05-03,Pasir Ris Drive 12,S29,0.0,,,nea_v2_api
2017-05-03,Alexandra Road,S77,1.2,,,nea_v2_api
2017-05-03,Seletar Aerospace View,S900,0.0,,,nea_v2_api
2017-05-03,Upper Serangoon Road,S36,0.0,,,nea_v2_api
2017-05-03,Nanyang Avenue,S44,0.2,28.461,75.6509,nea_v2_api
2017-05-03,Toa Payoh North,S88,0.8,,,nea_v2_api
2017-05-03,Chai Chee Street,S61,1.0,,,nea_v2_api
2017-05-03,Towner Road,S123,0.8,,,nea_v2_api
2017-05-03,West Coast Highway,S116,0.4,29.2543,83.6747,nea_v2_api
2017-05-03,Lornie Road,S07,0.6,,,nea_v2_api
2017-05-03,Pasir Ris Street 51,S94,0.0,,,nea_v2_api
2017-05-03,Nicoll Highway,S119,0.8,,,nea_v2_api
2017-05-03,Tuas South Avenue 3,S115,0.4,29.0229,77.9531,nea_v2_api
2017-05-03,Poole Road,S78,0.8,,,nea_v2_api
2017-05-03,Semakau Landfill,S102,0.0,29.277,79.8057,nea_v2_api
2017-05-03,Lim Chu Kang Road,S112,0.4,,,nea_v2_api
2017-05-03,Corporation Road,S101,0.2,,,nea_v2_api
2017-05-03,Ang Mo Kio Avenue 5,S109,0.0,28.9627,76.0577,nea_v2_api
2017-05-03,Somerset Road,S79,0.8,,,nea_v2_api
2017-05-03,East Coast Parkway,S107,0.4,29.094,80.812,nea_v2_api
2017-05-03,Punggol Central,S81,0.0,,,nea_v2_api
2017-05-03,Tuas Road,S89,0.4,,,nea_v2_api
2017-05-03,Upper Peirce Reservoir Park,S69,0.0,,,nea_v2_api
2017-05-03,Choa Chu Kang Road,S11,0.0,,,nea_v2_api
2017-05-03,Upper Thomson Road,S08,0.6,,,nea_v2_api
2017-05-03,Marine Parade Road,S113,0.8,,,nea_v2_api
2017-05-03,Buangkok Green,S55,0.2,,,nea_v2_api
2017-05-03,Simei Avenue,S84,0.0,,,nea_v2_api
2017-05-03,Banyan Road,S117,0.2,29.1987,76.0962,nea_v2_api
2017-05-03,Old Toh Tuck Road,S35,0.6,,,nea_v2_api
2017-05-03,Mandai Lake Road,S40,0.2,,,nea_v2_api
2017-05-03,Jurong Pier Road,S33,0.4,,,nea_v2_api
2017-05-03,Clementi Road,S50,0.8,29.63,75.4229,nea_v2_api
2017-05-03,Pulau Ubin,S106,0.0,28.264,86.3824,nea_v2_api
2017-05-03,Kranji Way,S66,0.2,,,nea_v2_api
2017-05-03,Choa Chu Kang Avenue 4,S114,0.0,,,nea_v2_api
2017-05-03,Woodlands Avenue 9,S104,0.0,29.9311,80.1327,nea_v2_api
2017-05-03,International Road,S63,0.0,,,nea_v2_api
2017-05-03,Woodlands Road,S100,0.2,29.0383,76.9518,nea_v2_api
2017-05-03,Sembawang Road,S122,0.0,28.6347,76.5275,nea_v2_api
2017-05-03,Handy Road,S118,1.0,,,nea_v2_api
2017-05-03,Bukit Timah Road,S90,0.0,,,nea_v2_api
2017-05-03,South Buona Vista Road,S92,0.8,,,nea_v2_api
2017-05-03,Upper Changi Road North,S24,0.0,28.9893,79.6576,nea_v2_api
2017-05-03,Yishun Avenue 5,S91,0.0,,,nea_v2_api
2017-05-03,Bukit Panjang Road,S64,0.0,,,nea_v2_api
2017-05-03,Kent Ridge Road,S71,1.0,,,nea_v2_api
2017-05-03,Sime Road,S46,0.8,,,nea_v2_api
2017-05-03,Marina Gardens Drive,S108,1.2,29.2333,78.7252,nea_v2_api
2017-05-03,Holland Road,S120,1.2,,,nea_v2_api
2017-05-04,Kim Chuan Road,S43,2.8,29.436,77.2491,nea_v2_api
2017-05-04,Pasir Ris Drive 12,S29,14.4,,,nea_v2_api
2017-05-04,Alexandra Road,S77,20.2,,,nea_v2_api
2017-05-04,Seletar Aerospace View,S900,0.0,,,nea_v2_api
2017-05-04,Upper Serangoon Road,S36,0.0,,,nea_v2_api
2017-05-04,Nanyang Avenue,S44,1.4,28.0747,79.012,nea_v2_api
2017-05-04,Toa Payoh North,S88,6.0,,,nea_v2_api
2017-05-04,Chai Chee Street,S61,0.0,,,nea_v2_api
2017-05-04,Towner Road,S123,0.4,,,nea_v2_api
2017-05-04,West Coast Highway,S116,4.4,29.1544,85.0634,nea_v2_api
2017-05-04,Lornie Road,S07,0.0,,,nea_v2_api
2017-05-04,Pasir Ris Street 51,S94,4.0,,,nea_v2_api
2017-05-04,Nicoll Highway,S119,0.4,,,nea_v2_api
2017-05-04,Tuas South Avenue 3,S115,24.6,28.5383,80.1605,nea_v2_api
2017-05-04,Poole Road,S78,0.4,,,nea_v2_api
2017-05-04,Semakau Landfill,S102,0.0,29.0229,82.803,nea_v2_api
2017-05-04,Lim Chu Kang Road,S112,0.0,,,nea_v2_api
2017-05-04,Corporation Road,S101,25.0,,,nea_v2_api
2017-05-04,Ang Mo Kio Avenue 5,S109,0.6,28.6587,78.725,nea_v2_api
2017-05-04,Somerset Road,S79,0.8,,,nea_v2_api
2017-05-04,East Coast Parkway,S107,0.0,29.1625,81.781,nea_v2_api
2017-05-04,Punggol Central,S81,0.2,,,nea_v2_api
2017-05-04,Tuas Road,S89,49.2,,,nea_v2_api
2017-05-04,Upper Peirce Reservoir Park,S69,27.2,,,nea_v2_api
2017-05-04,Choa Chu Kang Road,S11,0.0,,,nea_v2_api
2017-05-04,Upper Thomson Road,S08,41.0,,,nea_v2_api
2017-05-04,Old Choa Chu Kang Road,S121,0.0,28.3854,,nea_v2_api
2017-05-04,Marine Parade Road,S113,0.0,,,nea_v2_api
2017-05-04,Buangkok Green,S55,8.2,,,nea_v2_api
2017-05-04,Simei Avenue,S84,0.0,,,nea_v2_api
2017-05-04,Banyan Road,S117,1.8,29.0116,77.8621,nea_v2_api
2017-05-04,Old Toh Tuck Road,S35,9.0,,,nea_v2_api
2017-05-04,Mandai Lake Road,S40,2.2,,,nea_v2_api
2017-05-04,Jurong Pier Road,S33,3.6,,,nea_v2_api
2017-05-04,Clementi Road,S50,13.4,28.2684,82.2369,nea_v2_api
2017-05-04,Pulau Ubin,S106,0.6,27.8582,89.7702,nea_v2_api
2017-05-04,Kranji Way,S66,0.0,,,nea_v2_api
2017-05-04,Choa Chu Kang Avenue 4,S114,3.2,,,nea_v2_api
2017-05-04,Woodlands Avenue 9,S104,0.0,28.7489,87.4525,nea_v2_api
2017-05-04,International Road,S63,0.0,,,nea_v2_api
2017-05-04,Woodlands Road,S100,4.6,28.8053,79.2043,nea_v2_api
2017-05-04,Sembawang Road,S122,0.4,27.9689,80.0212,nea_v2_api
2017-05-04,Handy Road,S118,21.4,,,nea_v2_api
2017-05-04,Bukit Timah Road,S90,20.8,,,nea_v2_api
2017-05-04,South Buona Vista Road,S92,17.6,,,nea_v2_api
2017-05-04,Yishun Avenue 5,S91,0.0,,,nea_v2_api
2017-05-04,Upper Changi Road North,S24,2.4,28.8337,80.6607,nea_v2_api
2017-05-04,Bukit Panjang Road,S64,3.4,,,nea_v2_api
2017-05-04,Kent Ridge Road,S71,13.4,,,nea_v2_api
2017-05-04,Sime Road,S46,9.8,,,nea_v2_api
2017-05-04,Marina Gardens Drive,S108,0.0,29.8696,76.3938,nea_v2_api
2017-05-04,Holland Road,S120,26.4,,,nea_v2_api
2017-05-05,Kim Chuan Road,S43,0.4,29.4283,76.7141,nea_v2_api
2017-05-05,Pasir Ris Drive 12,S29,26.6,,,nea_v2_api
2017-05-05,Alexandra Road,S77,0.0,,,nea_v2_api
2017-05-05,Seletar Aerospace View,S900,4.0,,,nea_v2_api
2017-05-05,Upper Serangoon Road,S36,0.0,,,nea_v2_api
2017-05-05,Nanyang Avenue,S44,0.0,27.7822,78.3679,nea_v2_api
2017-05-05,Toa Payoh North,S88,0.0,,,nea_v2_api
2017-05-05,Chai Chee Street,S61,0.0,,,nea_v2_api
2017-05-05,Towner Road,S123,0.0,,,nea_v2_api
2017-05-05,West Coast Highway,S116,0.0,29.1366,83.8013,nea_v2_api
2017-05-05,Lornie Road,S07,0.0,,,nea_v2_api
2017-05-05,Pasir Ris Street 51,S94,9.8,,,nea_v2_api
2017-05-05,Nicoll Highway,S119,0.0,,,nea_v2_api
2017-05-05,Tuas South Avenue 3,S115,0.0,28.696,77.8511,nea_v2_api
2017-05-05,Poole Road,S78,0.0,,,nea_v2_api
2017-05-05,Semakau Landfill,S102,0.0,28.8703,82.5659,nea_v2_api
2017-05-05,Lim Chu Kang Road,S112,0.0,,,nea_v2_api
2017-05-05,Corporation Road,S101,0.0,,,nea_v2_api
2017-05-05,Ang Mo Kio Avenue 5,S109,0.4,28.6001,79.3945,nea_v2_api
2017-05-05,Somerset Road,S79,0.0,,,nea_v2_api
2017-05-05,East Coast Parkway,S107,0.6,28.9664,83.0627,nea_v2_api
2017-05-05,Old Choa Chu Kang Road,S121,0.0,28.2161,,nea_v2_api
2017-05-05,Tuas Road,S89,0.0,,,nea_v2_api
2017-05-05,Upper Peirce Reservoir Park,S69,0.0,,,nea_v2_api
2017-05-05,Choa Chu Kang Road,S11,0.0,,,nea_v2_api
2017-05-05,Upper Thomson Road,S08,0.2,,,nea_v2_api
2017-05-05,Punggol Central,S81,24.8,,,nea_v2_api
2017-05-05,Marine Parade Road,S113,0.0,,,nea_v2_api
2017-05-05,Buangkok Green,S55,0.8,,,nea_v2_api
2017-05-05,Simei Avenue,S84,0.4,,,nea_v2_api
2017-05-05,Banyan Road,S117,0.0,29.1408,75.584,nea_v2_api
2017-05-05,Old Toh Tuck Road,S35,0.0,,,nea_v2_api
2017-05-05,Mandai Lake Road,S40,0.0,,,nea_v2_api
2017-05-05,Jurong Pier Road,S33,0.0,,,nea_v2_api
2017-05-05,Clementi Road,S50,0.0,26.7434,90.3954,nea_v2_api
2017-05-05,Pulau Ubin,S106,0.2,27.2536,90.9178,nea_v2_api
2017-05-05,Kranji Way,S66,0.0,,,nea_v2_api
2017-05-05,Choa Chu Kang Avenue 4,S114,0.0,,,nea_v2_api
2017-05-05,International Road,S63,0.0,,,nea_v2_api
2017-05-05,Woodlands Avenue 9,S104,0.0,26.6002,99.2673,nea_v2_api
2017-05-05,Woodlands Road,S100,0.0,28.7662,79.3019,nea_v2_api
2017-05-05,Sembawang Road,S122,0.4,28.0662,77.7459,nea_v2_api
2017-05-05,Handy Road,S118,0.0,,,nea_v2_api
2017-05-05,Bukit Timah Road,S90,0.0,,,nea_v2_api
2017-05-05,South Buona Vista Road,S92,0.0,,,nea_v2_api
2017-05-05,Upper Changi Road North,S24,8.0,28.4204,83.4322,nea_v2_api
2017-05-05,Yishun Avenue 5,S91,0.2,,,nea_v2_api
2017-05-05,Bukit Panjang Road,S64,0.0,,,nea_v2_api
2017-05-05,Kent Ridge Road,S71,0.2,,,nea_v2_api
2017-05-05,Sime Road,S46,0.0,,,nea_v2_api
2017-05-05,Marina Gardens Drive,S108,0.0,28.0351,87.1176,nea_v2_api
2017-05-05,Holland Road,S120,0.0,,,nea_v2_api
2017-05-06,Kim Chuan Road,S43,0.0,29.1707,74.9124,nea_v2_api
2017-05-06,Pasir Ris Drive 12,S29,0.0,,,nea_v2_api
2017-05-06,Alexandra Road,S77,5.4,,,nea_v2_api
2017-05-06,Seletar Aerospace View,S900,5.6,,,nea_v2_api
2017-05-06,Nanyang Avenue,S44,2.2,27.7023,77.2964,nea_v2_api
2017-05-06,Toa Payoh North,S88,0.0,,,nea_v2_api
2017-05-06,Chai Chee Street,S61,1.0,,,nea_v2_api
2017-05-06,Towner Road,S123,2.0,,,nea_v2_api
2017-05-06,West Coast Highway,S116,76.2,28.3164,86.0468,nea_v2_api
2017-05-06,Lornie Road,S07,0.0,,,nea_v2_api
2017-05-06,Pasir Ris Street 51,S94,0.0,,,nea_v2_api
2017-05-06,Nicoll Highway,S119,0.2,,,nea_v2_api
2017-05-06,Tuas South Avenue 3,S115,26.6,28.1431,81.7906,nea_v2_api
2017-05-06,Poole Road,S78,0.0,,,nea_v2_api
2017-05-06,Semakau Landfill,S102,4.2,28.6473,81.9148,nea_v2_api
2017-05-06,Lim Chu Kang Road,S112,0.6,,,nea_v2_api
2017-05-06,Corporation Road,S101,0.0,,,nea_v2_api
2017-05-06,Ang Mo Kio Avenue 5,S109,0.0,28.496,76.6319,nea_v2_api
2017-05-06,Somerset Road,S79,0.6,,,nea_v2_api
2017-05-06,East Coast Parkway,S107,0.0,28.7487,81.7701,nea_v2_api
2017-05-06,Punggol Central,S81,0.0,,,nea_v2_api
2017-05-06,Tuas Road,S89,0.6,,,nea_v2_api
2017-05-06,Upper Peirce Reservoir Park,S69,1.4,,,nea_v2_api
2017-05-06,Choa Chu Kang Road,S11,0.0,,,nea_v2_api
2017-05-06,Upper Thomson Road,S08,0.0,,,nea_v2_api
2017-05-06,Old Choa Chu Kang Road,S121,0.0,28.3914,,nea_v2_api
2017-05-06,Marine Parade Road,S113,0.0,,,nea_v2_api
2017-05-06,Buangkok Green,S55,0.0,,,nea_v2_api
2017-05-06,Simei Avenue,S84,4.4,,,nea_v2_api
2017-05-06,Banyan Road,S117,29.4,28.2028,80.5951,nea_v2_api
2017-05-06,Old Toh Tuck Road,S35,3.8,,,nea_v2_api
2017-05-06,Mandai Lake Road,S40,0.0,,,nea_v2_api
2017-05-06,Jurong Pier Road,S33,4.6,,,nea_v2_api
2017-05-06,Clementi Road,S50,12.6,28.4134,78.5265,nea_v2_api
2017-05-06,Pulau Ubin,S106,0.2,27.319,86.544,nea_v2_api
2017-05-06,Kranji Way,S66,0.0,,,nea_v2_api
2017-05-06,Choa Chu Kang Avenue 4,S114,0.0,,,nea_v2_api
2017-05-06,International Road,S63,0.0,,,nea_v2_api
2017-05-06,Woodlands Avenue 9,S104,0.0,29.0772,81.3816,nea_v2_api
2017-05-06,Woodlands Road,S100,0.0,28.7927,77.2872,nea_v2_api
2017-05-06,Sembawang Road,S122,3.2,27.8387,74.2941,nea_v2_api
2017-05-06,Handy Road,S118,0.0,,,nea_v2_api
2017-05-06,Bukit Timah Road,S90,0.8,,,nea_v2_api
2017-05-06,South Buona Vista Road,S92,24.2,,,nea_v2_api
2017-05-06,Upper Changi Road North,S24,8.0,28.1156,83.8119,nea_v2_api
2017-05-06,Yishun Avenue 5,S91,1.4,,,nea_v2_api
2017-05-06,Bukit Panjang Road,S64,0.0,,,nea_v2_api
2017-05-06,Kent Ridge Road,S71,36.8,,,nea_v2_api
2017-05-06,Sime Road,S46,0.4,,,nea_v2_api
2017-05-06,Marina Gardens Drive,S108,0.0,29.5676,72.4223,nea_v2_api
2017-05-06,Holland Road,S120,6.2,,,nea_v2_api
2017-05-07,Kim Chuan Road,S43,41.2,28.6953,78.6282,nea_v2_api
2017-05-07,Pasir Ris Drive 12,S29,6.8,,,nea_v2_api
2017-05-07,Alexandra Road,S77,0.6,,,nea_v2_api
2017-05-07,Seletar Aerospace View,S900,12.2,,,nea_v2_api
2017-05-07,Nanyang Avenue,S44,1.2,27.3127,80.259,nea_v2_api
2017-05-07,Toa Payoh North,S88,3.8,,,nea_v2_api
2017-05-07,Chai Chee Street,S61,0.0,,,nea_v2_api
2017-05-07,Towner Road,S123,8.8,,,nea_v2_api
2017-05-07,West Coast Highway,S116,6.8,28.3868,85.676,nea_v2_api
2017-05-07,Lornie Road,S07,0.0,,,nea_v2_api
2017-05-07,Pasir Ris Street 51,S94,11.6,,,nea_v2_api
2017-05-07,Nicoll Highway,S119,0.4,,,nea_v2_api
2017-05-07,Tuas South Avenue 3,S115,13.6,27.8496,81.6845,nea_v2_api
2017-05-07,Poole Road,S78,10.2,,,nea_v2_api
2017-05-07,Semakau Landfill,S102,2.4,28.468,82.0548,nea_v2_api
2017-05-07,Lim Chu Kang Road,S112,0.2,,,nea_v2_api
2017-05-07,Corporation Road,S101,0.4,,,nea_v2_api
2017-05-07,Ang Mo Kio Avenue 5,S109,0.6,28.1566,79.2373,nea_v2_api
2017-05-07,Somerset Road,S79,0.0,,,nea_v2_api
2017-05-07,East Coast Parkway,S107,0.0,28.6607,82.7274,nea_v2_api
2017-05-07,Old Choa Chu Kang Road,S121,0.0,27.9027,,nea_v2_api
2017-05-07,Punggol Central,S81,0.0,,,nea_v2_api
2017-05-07,Tuas Road,S89,2.0,,,nea_v2_api
2017-05-07,Choa Chu Kang Road,S11,0.0,,,nea_v2_api
2017-05-07,Upper Peirce Reservoir Park,S69,17.0,,,nea_v2_api
2017-05-07,Upper Thomson Road,S08,6.0,,,nea_v2_api
2017-05-07,Marine Parade Road,S113,0.0,,,nea_v2_api
2017-05-07,Buangkok Green,S55,0.0,,,nea_v2_api
2017-05-07,Simei Avenue,S84,0.0,,,nea_v2_api
2017-05-07,Banyan Road,S117,37.2,28.3041,78.496,nea_v2_api
2017-05-07,Old Toh Tuck Road,S35,0.2,,,nea_v2_api
2017-05-07,Mandai Lake Road,S40,1.0,,,nea_v2_api
2017-05-07,Jurong Pier Road,S33,2.2,,,nea_v2_api
2017-05-07,Clementi Road,S50,0.2,27.9294,81.4233,nea_v2_api
2017-05-07,Pulau Ubin,S106,0.0,27.3981,86.9616,nea_v2_api
2017-05-07,Kranji Way,S66,4.2,,,nea_v2_api
2017-05-07,Choa Chu Kang Avenue 4,S114,0.0,,,nea_v2_api
2017-05-07,International Road,S63,3.8,,,nea_v2_api
2017-05-07,Woodlands Avenue 9,S104,0.2,27.7443,88.0771,nea_v2_api
2017-05-07,Woodlands Road,S100,4.6,28.333,79.6101,nea_v2_api
2017-05-07,Sembawang Road,S122,15.4,27.5106,79.5959,nea_v2_api
2017-05-07,Handy Road,S118,0.0,,,nea_v2_api
2017-05-07,Bukit Timah Road,S90,0.0,,,nea_v2_api
2017-05-07,South Buona Vista Road,S92,17.8,,,nea_v2_api
2017-05-07,Upper Changi Road North,S24,12.0,27.8405,84.6353,nea_v2_api
2017-05-07,Yishun Avenue 5,S91,2.6,,,nea_v2_api
2017-05-07,Bukit Panjang Road,S64,0.0,,,nea_v2_api
2017-05-07,Kent Ridge Road,S71,8.4,,,nea_v2_api
2017-05-07,Sime Road,S46,0.0,,,nea_v2_api
2017-05-07,Marina Gardens Drive,S108,0.0,28.9694,75.0952,nea_v2_api
2017-05-07,Holland Road,S120,0.0,,,nea_v2_api
2017-05-08,Kim Chuan Road,S43,0.0,29.3686,73.8737,nea_v2_api
2017-05-08,Pasir Ris Drive 12,S29,0.4,,,nea_v2_api
2017-05-08,Alexandra Road,S77,0.2,,,nea_v2_api
2017-05-08,Seletar Aerospace View,S900,0.0,,,nea_v2_api
2017-05-08,Nanyang Avenue,S44,0.0,27.9899,70.4349,nea_v2_api
2017-05-08,Toa Payoh North,S88,0.0,,,nea_v2_api
2017-05-08,Chai Chee Street,S61,0.0,,,nea_v2_api
2017-05-08,Towner Road,S123,0.0,,,nea_v2_api
2017-05-08,West Coast Highway,S116,3.8,28.6026,85.2726,nea_v2_api
2017-05-08,Lornie Road,S07,0.0,,,nea_v2_api
2017-05-08,Pasir Ris Street 51,S94,0.0,,,nea_v2_api
2017-05-08,Nicoll Highway,S119,0.0,,,nea_v2_api
2017-05-08,Tuas South Avenue 3,S115,0.0,28.6359,76.6346,nea_v2_api
2017-05-08,Poole Road,S78,0.0,,,nea_v2_api
2017-05-08,Semakau Landfill,S102,0.6,28.5649,81.6278,nea_v2_api
2017-05-08,Lim Chu Kang Road,S112,1.2,,,nea_v2_api
2017-05-08,Corporation Road,S101,0.0,,,nea_v2_api
2017-05-08,Ang Mo Kio Avenue 5,S109,0.0,28.783,73.6613,nea_v2_api
2017-05-08,Somerset Road,S79,0.0,,,nea_v2_api
2017-05-08,East Coast Parkway,S107,0.0,28.7947,80.4444,nea_v2_api
2017-05-08,Punggol Central,S81,0.0,,,nea_v2_api
2017-05-08,Tuas Road,S89,0.0,,,nea_v2_api
2017-05-08,Upper Peirce Reservoir Park,S69,0.0,,,nea_v2_api
2017-05-08,Choa Chu Kang Road,S11,0.0,,,nea_v2_api
2017-05-08,Upper Thomson Road,S08,0.0,,,nea_v2_api
2017-05-08,Old Choa Chu Kang Road,S121,0.0,27.9951,,nea_v2_api
2017-05-08,Marine Parade Road,S113,0.0,,,nea_v2_api
2017-05-08,Buangkok Green,S55,0.0,,,nea_v2_api
2017-05-08,Simei Avenue,S84,0.0,,,nea_v2_api
2017-05-08,Banyan Road,S117,2.6,28.7472,76.2663,nea_v2_api
2017-05-08,Old Toh Tuck Road,S35,0.0,,,nea_v2_api
2017-05-08,Mandai Lake Road,S40,0.0,,,nea_v2_api
2017-05-08,Jurong Pier Road,S33,0.0,,,nea_v2_api
2017-05-08,Clementi Road,S50,0.0,28.6742,76.149,nea_v2_api
2017-05-08,Pulau Ubin,S106,0.0,28.0088,86.771,nea_v2_api
2017-05-08,Kranji Way,S66,0.0,,,nea_v2_api
2017-05-08,Choa Chu Kang Avenue 4,S114,0.0,,,nea_v2_api
2017-05-08,International Road,S63,0.0,,,nea_v2_api
2017-05-08,Woodlands Avenue 9,S104,0.0,28.3922,84.6753,nea_v2_api
2017-05-08,Woodlands Road,S100,0.0,29.0074,73.8255,nea_v2_api
2017-05-08,Sembawang Road,S122,0.0,28.48,76.6378,nea_v2_api
2017-05-08,Handy Road,S118,0.0,,,nea_v2_api
2017-05-08,Bukit Timah Road,S90,0.0,,,nea_v2_api
2017-05-08,South Buona Vista Road,S92,1.4,,,nea_v2_api
2017-05-08,Upper Changi Road North,S24,0.0,28.4343,80.4297,nea_v2_api
2017-05-08,Yishun Avenue 5,S91,0.0,,,nea_v2_api
2017-05-08,Bukit Panjang Road,S64,0.0,,,nea_v2_api
2017-05-08,Kent Ridge Road,S71,0.2,,,nea_v2_api
2017-05-08,Sime Road,S46,0.0,,,nea_v2_api
2017-05-08,Marina Gardens Drive,S108,0.0,28.2506,81.4594,nea_v2_api
2017-05-08,Holland Road,S120,0.0,,,nea_v2_api
2017-05-09,Kim Chuan Road,S43,0.0,30.3095,73.4195,nea_v2_api
2017-05-09,Pasir Ris Drive 12,S29,0.0,,,nea_v2_api
2017-05-09,Alexandra Road,S77,0.0,,,nea_v2_api
2017-05-09,Seletar Aerospace View,S900,2.2,,,nea_v2_api
2017-05-09,Nanyang Avenue,S44,2.8,28.9557,73.8293,nea_v2_api
2017-05-09,Toa Payoh North,S88,0.0,,,nea_v2_api
2017-05-09,Chai Chee Street,S61,0.0,,,nea_v2_api
2017-05-09,Towner Road,S123,0.0,,,nea_v2_api
2017-05-09,West Coast Highway,S116,0.2,29.6769,83.0978,nea_v2_api
2017-05-09,Lornie Road,S07,0.0,,,nea_v2_api
2017-05-09,Pasir Ris Street 51,S94,0.0,,,nea_v2_api
2017-05-09,Nicoll Highway,S119,0.0,,,nea_v2_api
2017-05-09,Tuas South Avenue 3,S115,21.6,29.2463,78.7645,nea_v2_api
2017-05-09,Poole Road,S78,0.0,,,nea_v2_api
2017-05-09,Semakau Landfill,S102,0.0,29.356,82.22,nea_v2_api
2017-05-09,Lim Chu Kang Road,S112,0.0,,,nea_v2_api
2017-05-09,Corporation Road,S101,15.4,,,nea_v2_api
2017-05-09,Ang Mo Kio Avenue 5,S109,4.2,29.7798,72.2328,nea_v2_api
2017-05-09,Somerset Road,S79,0.0,,,nea_v2_api
2017-05-09,East Coast Parkway,S107,0.0,29.7239,79.9885,nea_v2_api
2017-05-09,Punggol Central,S81,0.0,,,nea_v2_api
2017-05-09,Tuas Road,S89,1.6,,,nea_v2_api
2017-05-09,Upper Peirce Reservoir Park,S69,0.0,,,nea_v2_api
2017-05-09,Choa Chu Kang Road,S11,9.0,,,nea_v2_api
2017-05-09,Upper Thomson Road,S08,1.6,,,nea_v2_api
2017-05-09,Marine Parade Road,S113,0.0,,,nea_v2_api
2017-05-09,Buangkok Green,S55,0.0,,,nea_v2_api
2017-05-09,Simei Avenue,S84,0.0,,,nea_v2_api
2017-05-09,Banyan Road,S117,2.0,29.2481,77.9061,nea_v2_api
2017-05-09,Old Toh Tuck Road,S35,4.4,,,nea_v2_api
2017-05-09,Mandai Lake Road,S40,0.0,,,nea_v2_api
2017-05-09,Jurong Pier Road,S33,0.2,,,nea_v2_api
2017-05-09,Clementi Road,S50,0.0,27.8074,85.8561,nea_v2_api
2017-05-09,Pulau Ubin,S106,0.0,28.7582,86.0929,nea_v2_api
2017-05-09,Kranji Way,S66,10.2,,,nea_v2_api
2017-05-09,Choa Chu Kang Avenue 4,S114,2.2,,,nea_v2_api
2017-05-09,International Road,S63,2.0,,,nea_v2_api
2017-05-09,Woodlands Avenue 9,S104,0.0,28.0306,92.83,nea_v2_api
2017-05-09,Woodlands Road,S100,4.0,29.7195,74.4355,nea_v2_api
2017-05-09,Sembawang Road,S122,0.4,29.2479,72.561,nea_v2_api
2017-05-09,Handy Road,S118,0.0,,,nea_v2_api
2017-05-09,Bukit Timah Road,S90,0.0,,,nea_v2_api
2017-05-09,South Buona Vista Road,S92,0.2,,,nea_v2_api
2017-05-09,Upper Changi Road North,S24,0.0,29.495,78.8164,nea_v2_api
2017-05-09,Yishun Avenue 5,S91,0.0,,,nea_v2_api
2017-05-09,Bukit Panjang Road,S64,4.4,,,nea_v2_api
2017-05-09,Kent Ridge Road,S71,0.2,,,nea_v2_api
2017-05-09,Sime Road,S46,0.0,,,nea_v2_api
2017-05-09,Holland Road,S120,0.0,,,nea_v2_api
