station,station_id,year,month,day,rainfall_mm,temp_mean_c,temp_max_c,temp_min_c,wind_mean_kmh,wind_max_kmh
S06,S06,2013,1,1,0.7,,32.9,24.0,11.6,38.9
S06,S06,2013,1,2,32.6,,32.1,24.2,8.8,35.3
S06,S06,2013,1,3,6.3,,32.9,25.2,9.6,33.5
S06,S06,2013,1,4,0.0,,32.5,25.5,15.0,33.5
S06,S06,2013,1,5,0.0,,32.3,25.4,14.2,37.1
S06,S06,2013,1,6,0.0,,34.3,25.6,11.8,27.7
S06,S06,2013,1,7,0.0,,35.3,26.6,13.6,40.7
S06,S06,2013,1,8,12.3,,34.3,23.2,13.2,61.2
S06,S06,2013,1,9,5.5,,33.0,24.5,11.1,44.3
S06,S06,2013,1,10,0.0,,31.6,25.6,13.3,31.3
S06,S06,2013,1,11,0.1,,32.2,25.4,17.8,35.3
S06,S06,2013,1,12,2.0,,32.5,25.2,13.6,35.3
S06,S06,2013,1,13,24.0,,31.2,24.5,8.8,42.5
S06,S06,2013,1,14,0.5,,31.9,25.4,16.5,37.1
S06,S06,2013,1,15,0.5,,31.7,25.5,16.1,38.9
S06,S06,2013,1,16,0.2,,31.8,25.2,18.4,37.1
S06,S06,2013,1,17,0.0,,31.9,25.4,23.4,44.3
S06,S06,2013,1,18,64.5,,33.4,23.0,19.5,48.2
S06,S06,2013,1,19,49.8,,24.6,23.1,10.8,35.3
S06,S06,2013,1,20,5.8,,26.2,23.7,9.1,29.5
S06,S06,2013,1,21,1.5,,32.0,24.2,15.8,33.5
S06,S06,2013,1,22,0.9,,29.0,24.1,16.3,33.5
S06,S06,2013,1,23,0.0,,32.0,25.2,17.7,38.9
S06,S06,2013,1,24,2.8,,31.6,25.0,14.0,40.7
S06,S06,2013,1,25,0.0,,32.0,25.2,18.5,38.9
S06,S06,2013,1,26,0.0,,32.0,25.0,17.9,35.3
S06,S06,2013,1,27,0.0,,32.0,25.0,18.2,37.1
S06,S06,2013,1,28,0.0,,31.6,25.5,18.5,37.1
S06,S06,2013,1,29,0.0,,31.9,24.8,19.1,42.5
S06,S06,2013,1,30,0.0,,32.1,25.0,18.6,38.9
S06,S06,2013,1,31,0.0,,32.3,25.2,18.2,38.9
S06,S06,2013,2,1,0.0,,32.7,25.7,21.8,44.3
S06,S06,2013,2,2,0.0,,33.5,25.8,20.5,44.3
S06,S06,2013,2,3,50.3,,28.7,24.1,11.6,42.5
S06,S06,2013,2,4,0.5,,30.0,24.2,12.7,35.3
S06,S06,2013,2,5,8.2,,31.5,23.9,12.4,35.3
S06,S06,2013,2,6,45.2,,29.7,24.5,7.9,35.3
S06,S06,2013,2,7,3.9,,32.1,24.6,10.4,33.5
S06,S06,2013,2,8,19.0,,31.1,24.3,5.8,33.5
S06,S06,2013,2,9,1.7,,32.5,24.6,7.9,29.5
S06,S06,2013,2,10,28.8,,27.2,22.5,12.8,29.5
S06,S06,2013,2,11,0.6,,30.0,24.2,9.4,44.3
S06,S06,2013,2,12,6.9,,29.5,24.4,11.4,31.3
S06,S06,2013,2,13,0.6,,31.9,25.0,14.8,42.5
S06,S06,2013,2,14,71.3,,28.5,23.7,7.4,29.5
S06,S06,2013,2,15,0.9,,30.6,24.1,10.3,44.3
S06,S06,2013,2,16,1.5,,30.5,24.7,9.9,38.9
S06,S06,2013,2,17,0.1,,26.4,24.5,7.8,24.1
S06,S06,2013,2,18,13.5,,31.7,25.1,7.1,20.5
S06,S06,2013,2,19,0.2,,28.5,25.5,5.2,14.8
S06,S06,2013,2,20,0.2,,32.5,25.1,6.2,16.6
S06,S06,2013,2,21,3.2,,31.0,25.3,4.7,13.0
S06,S06,2013,2,22,0.0,,33.3,25.2,8.6,18.4
S06,S06,2013,2,23,0.0,,33.7,25.2,7.4,20.5
S06,S06,2013,2,24,0.0,,31.6,25.6,7.5,22.3
S06,S06,2013,2,25,48.2,,32.3,24.1,5.1,18.4
S06,S06,2013,2,26,63.4,,33.0,24.8,4.1,13.0
S06,S06,2013,2,27,2.3,,31.4,25.1,3.3,16.6
S06,S06,2013,2,28,0.1,,33.6,25.3,3.8,11.2
S06,S06,2013,3,1,0.0,,34.9,26.3,5.3,14.8
S06,S06,2013,3,2,36.2,,33.5,24.7,6.6,20.5
S06,S06,2013,3,3,0.0,,31.9,25.2,10.2,24.1
S06,S06,2013,3,4,0.0,,32.8,25.1,10.9,25.9
S06,S06,2013,3,5,1.2,,32.7,25.5,9.3,24.1
S06,S06,2013,3,6,0.0,,32.0,25.4,8.0,18.4
S06,S06,2013,3,7,0.0,,33.2,25.8,7.7,20.5
S06,S06,2013,3,8,0.0,,32.6,25.7,9.7,24.1
S06,S06,2013,3,9,5.8,,32.3,25.5,6.0,18.4
S06,S06,2013,3,10,38.3,,33.0,24.3,4.1,14.8
S06,S06,2013,3,11,0.0,,33.5,24.9,6.4,18.4
S06,S06,2013,3,12,0.0,,33.9,24.8,4.6,24.1
S06,S06,2013,3,13,2.6,,34.3,25.5,3.9,14.8
S06,S06,2013,3,14,17.9,,33.4,25.0,5.7,24.1
S06,S06,2013,3,15,0.0,,34.3,25.3,6.1,18.4
S06,S06,2013,3,16,0.0,,34.2,26.2,7.3,16.6
S06,S06,2013,3,17,3.5,,32.8,25.5,4.9,16.6
S06,S06,2013,3,18,0.0,,34.5,25.8,5.7,14.8
S06,S06,2013,3,19,0.0,,34.5,25.7,6.7,18.4
S06,S06,2013,3,20,0.0,,33.4,26.2,3.5,16.6
S06,S06,2013,3,21,0.0,,34.3,26.9,4.4,14.8
S06,S06,2013,3,22,4.2,,33.6,25.6,4.2,14.8
S06,S06,2013,3,23,0.0,,34.0,26.8,4.2,13.0
S06,S06,2013,3,24,2.5,,34.0,26.5,4.4,14.8
S06,S06,2013,3,25,48.6,,33.0,25.0,3.9,11.2
S06,S06,2013,3,26,0.3,,33.2,24.1,3.4,14.8
S06,S06,2013,3,27,17.5,,33.3,25.2,3.5,18.4
S06,S06,2013,3,28,0.0,,32.9,27.0,3.5,14.8
S06,S06,2013,3,29,5.6,,33.3,26.4,3.5,13.0
S06,S06,2013,3,30,7.5,,34.8,26.5,4.0,13.0
S06,S06,2013,3,31,0.0,,35.1,27.0,3.5,14.8
S06,S06,2013,4,1,9.9,,35.1,26.7,4.1,20.5
S06,S06,2013,4,2,7.9,,34.7,27.0,4.0,18.4
S06,S06,2013,4,3,4.0,,33.9,26.4,4.2,14.8
S06,S06,2013,4,4,2.7,,33.6,25.7,4.1,13.0
S06,S06,2013,4,5,0.0,,34.7,26.2,5.3,14.8
S06,S06,2013,4,6,4.5,,30.8,26.5,4.8,27.7
S06,S06,2013,4,7,0.0,,31.7,27.0,4.4,14.8
S06,S06,2013,4,8,1.6,,34.5,26.6,2.9,13.0
S06,S06,2013,4,9,0.0,,33.1,26.8,3.0,13.0
S06,S06,2013,4,10,0.3,,33.5,26.0,4.7,14.8
S06,S06,2013,4,11,0.0,,31.4,26.0,3.6,9.4
S06,S06,2013,4,12,0.0,,34.6,26.9,4.2,13.0
S06,S06,2013,4,13,34.0,,34.4,22.7,4.9,22.3
S06,S06,2013,4,14,0.5,,28.9,22.6,3.3,25.9
S06,S06,2013,4,15,0.0,,34.5,26.2,4.5,13.0
S06,S06,2013,4,16,65.8,,33.6,22.8,3.5,11.2
S06,S06,2013,4,17,1.3,,32.8,23.4,6.5,16.6
S06,S06,2013,4,18,1.6,,35.7,25.3,5.0,18.4
S06,S06,2013,4,19,5.6,,30.0,25.4,3.5,14.8
S06,S06,2013,4,20,0.0,,33.4,26.8,5.9,14.8
S06,S06,2013,4,21,4.6,,32.4,24.4,3.4,27.7
S06,S06,2013,4,22,0.0,,34.4,25.0,4.0,11.2
S06,S06,2013,4,23,0.0,,32.2,26.9,2.8,14.8
S06,S06,2013,4,24,0.0,,33.6,27.0,4.8,14.8
S06,S06,2013,4,25,5.0,,34.4,23.9,3.2,11.2
S06,S06,2013,4,26,0.6,,30.8,24.3,2.9,22.3
S06,S06,2013,4,27,4.0,,33.3,26.3,2.5,11.2
S06,S06,2013,4,28,52.4,,28.0,23.5,2.7,14.8
S06,S06,2013,4,29,0.0,,33.5,25.8,5.1,18.4
S06,S06,2013,4,30,0.0,,34.3,25.1,3.9,16.6
S06,S06,2013,5,1,0.0,,32.2,26.8,4.8,16.6
S06,S06,2013,5,2,0.0,,32.7,27.1,4.3,14.8
S06,S06,2013,5,3,6.0,,31.3,26.4,3.5,13.0
S06,S06,2013,5,4,1.0,,32.4,26.7,5.4,14.8
S06,S06,2013,5,5,18.4,,31.2,25.2,4.1,13.0
S06,S06,2013,5,6,0.0,,33.0,26.2,2.7,13.0
S06,S06,2013,5,7,25.3,,33.4,24.1,4.4,25.9
S06,S06,2013,5,8,0.5,,31.9,25.6,4.2,16.6
S06,S06,2013,5,9,5.2,,33.1,26.1,4.8,20.5
S06,S06,2013,5,10,0.7,,33.2,27.1,3.6,18.4
S06,S06,2013,5,11,0.0,,30.7,27.2,5.5,14.8
S06,S06,2013,5,12,0.0,,34.7,25.1,5.6,16.6
S06,S06,2013,5,13,0.0,,34.1,27.7,4.7,14.8
S06,S06,2013,5,14,0.0,,32.1,27.5,2.7,16.6
S06,S06,2013,5,15,26.7,,34.1,23.2,4.7,14.8
S06,S06,2013,5,16,1.9,,32.2,23.6,5.7,22.3
S06,S06,2013,5,17,0.0,,35.1,26.9,4.6,13.0
S06,S06,2013,5,18,0.0,,31.3,26.5,4.7,14.8
S06,S06,2013,5,19,0.0,,34.0,26.9,4.9,13.0
S06,S06,2013,5,20,0.0,,32.6,25.9,3.9,13.0
S06,S06,2013,5,21,4.0,,33.7,25.9,3.3,13.0
S06,S06,2013,5,22,0.2,,32.0,26.2,5.0,14.8
S06,S06,2013,5,23,0.0,,32.4,26.7,3.8,11.2
S06,S06,2013,5,24,4.9,,29.9,24.5,3.5,16.6
S06,S06,2013,5,25,0.0,,34.2,26.7,4.3,13.0
S06,S06,2013,5,26,8.3,,32.5,25.3,3.1,13.0
S06,S06,2013,5,27,0.0,,33.6,25.7,5.2,16.6
S06,S06,2013,5,28,0.0,,33.2,26.6,7.4,27.7
S06,S06,2013,5,29,1.0,,29.0,25.2,5.9,18.4
S06,S06,2013,5,30,0.1,,33.7,24.6,11.7,51.8
S06,S06,2013,5,31,35.9,,33.8,25.3,8.3,33.5
S06,S06,2013,6,1,1.2,,33.7,23.8,8.2,63.0
S06,S06,2013,6,2,0.0,,33.6,25.9,7.4,25.9
S06,S06,2013,6,3,38.0,,33.5,26.2,7.6,24.1
S06,S06,2013,6,4,0.0,,32.2,26.1,8.8,27.7
S06,S06,2013,6,5,64.1,,35.0,23.6,9.2,37.1
S06,S06,2013,6,6,22.4,,34.2,25.2,11.0,35.3
S06,S06,2013,6,7,7.9,,35.4,25.8,6.8,40.7
S06,S06,2013,6,8,0.0,,32.8,26.1,7.8,37.1
S06,S06,2013,6,9,2.8,,30.7,24.9,9.7,37.1
S06,S06,2013,6,10,7.9,,33.4,25.3,10.6,35.3
S06,S06,2013,6,11,0.0,,32.6,26.0,13.6,37.1
S06,S06,2013,6,12,0.0,,34.0,28.8,12.0,42.5
S06,S06,2013,6,13,0.0,,34.6,28.3,11.0,33.5
S06,S06,2013,6,14,0.0,,34.4,28.7,9.3,33.5
S06,S06,2013,6,15,0.0,,34.8,28.9,10.2,31.3
S06,S06,2013,6,16,4.8,,34.5,28.3,11.3,31.3
S06,S06,2013,6,17,0.0,,33.9,27.0,8.5,29.5
S06,S06,2013,6,18,0.0,,35.1,28.4,10.1,37.1
S06,S06,2013,6,19,0.0,,35.2,28.8,12.3,40.7
S06,S06,2013,6,20,0.0,,34.7,29.1,11.1,31.3
S06,S06,2013,6,21,0.0,,35.0,28.4,9.9,27.7
S06,S06,2013,6,22,0.0,,35.3,28.5,8.6,27.7
S06,S06,2013,6,23,0.0,,34.1,28.6,10.6,27.7
S06,S06,2013,6,24,0.0,,33.8,28.8,9.1,29.5
S06,S06,2013,6,25,16.7,,34.9,26.5,5.8,37.1
S06,S06,2013,6,26,3.8,,31.0,24.7,6.2,33.5
S06,S06,2013,6,27,0.0,,33.8,26.9,7.3,27.7
S06,S06,2013,6,28,13.8,,32.9,24.7,5.5,35.3
S06,S06,2013,6,29,0.3,,33.8,26.8,8.1,29.5
S06,S06,2013,6,30,1.7,,30.5,25.0,7.1,33.5
S06,S06,2013,7,1,0.0,,32.7,26.8,9.8,35.3
S06,S06,2013,7,2,6.5,,31.1,24.2,11.0,37.1
S06,S06,2013,7,3,0.0,,32.6,26.3,10.8,25.9
S06,S06,2013,7,4,11.0,,30.3,25.2,7.6,37.1
S06,S06,2013,7,5,0.0,,31.5,25.6,8.3,29.5
S06,S06,2013,7,6,0.0,,31.7,27.4,13.3,35.3
S06,S06,2013,7,7,3.0,,32.3,26.4,11.7,40.7
S06,S06,2013,7,8,55.4,,32.4,22.6,8.8,31.3
S06,S06,2013,7,9,11.2,,28.6,23.5,11.8,35.3
S06,S06,2013,7,10,0.0,,32.0,26.4,11.7,31.3
S06,S06,2013,7,11,11.7,,31.0,24.9,4.9,35.3
S06,S06,2013,7,12,0.4,,32.6,25.5,9.2,35.3
S06,S06,2013,7,13,1.5,,31.1,25.9,9.0,27.7
S06,S06,2013,7,14,4.2,,30.0,25.0,4.9,35.3
S06,S06,2013,7,15,0.1,,32.8,24.9,10.1,35.3
S06,S06,2013,7,16,0.4,,32.4,25.7,6.1,31.3
S06,S06,2013,7,17,35.0,,31.0,24.4,7.9,40.7
S06,S06,2013,7,18,3.8,,27.6,24.8,10.4,25.9
S06,S06,2013,7,19,0.0,,31.6,25.2,10.9,29.5
S06,S06,2013,7,20,0.0,,33.2,26.2,10.5,29.5
S06,S06,2013,7,21,0.0,,34.6,26.9,9.6,31.3
S06,S06,2013,7,22,0.0,,33.8,27.3,13.1,35.3
S06,S06,2013,7,23,0.0,,32.7,27.8,14.1,33.5
S06,S06,2013,7,24,0.0,,33.0,26.3,11.7,33.5
S06,S06,2013,7,25,0.0,,31.8,26.1,12.0,31.3
S06,S06,2013,7,26,30.6,,31.5,24.6,9.6,40.7
S06,S06,2013,7,27,9.1,,27.8,23.8,7.0,38.9
S06,S06,2013,7,28,0.0,,32.6,24.8,9.2,27.7
S06,S06,2013,7,29,3.5,,30.2,25.5,9.3,35.3
S06,S06,2013,7,30,0.0,,31.2,26.1,10.2,38.9
S06,S06,2013,7,31,33.6,,32.0,22.5,15.1,33.5
S06,S06,2013,8,1,13.8,,30.0,22.8,12.3,29.5
S06,S06,2013,8,2,0.0,,29.8,25.2,10.8,27.7
S06,S06,2013,8,3,0.0,,32.2,27.2,10.5,27.7
S06,S06,2013,8,4,12.9,,31.1,24.0,11.6,38.9
S06,S06,2013,8,5,37.0,,29.9,23.4,11.3,35.3
S06,S06,2013,8,6,0.8,,31.7,25.7,10.0,29.5
S06,S06,2013,8,7,19.4,,32.0,23.9,11.6,31.3
S06,S06,2013,8,8,0.3,,28.4,24.0,12.9,44.3
S06,S06,2013,8,9,1.0,,33.0,23.9,9.2,24.1
S06,S06,2013,8,10,38.4,,31.6,22.0,10.8,40.7
S06,S06,2013,8,11,13.8,,31.0,22.4,8.1,46.4
S06,S06,2013,8,12,11.7,,31.7,22.2,9.4,27.7
S06,S06,2013,8,13,2.7,,29.0,22.7,10.0,38.9
S06,S06,2013,8,14,1.6,,30.1,26.4,9.0,27.7
S06,S06,2013,8,15,0.0,,31.7,26.1,13.5,31.3
S06,S06,2013,8,16,0.0,,31.2,26.0,14.1,33.5
S06,S06,2013,8,17,21.4,,32.1,24.2,6.8,25.9
S06,S06,2013,8,18,0.0,,31.6,24.3,4.2,14.8
S06,S06,2013,8,19,0.0,,32.4,26.0,5.6,20.5
S06,S06,2013,8,20,0.0,,31.6,26.5,4.0,20.5
S06,S06,2013,8,21,0.0,,31.2,27.1,5.4,16.6
S06,S06,2013,8,22,0.0,,32.5,27.2,5.7,16.6
S06,S06,2013,8,23,0.0,,32.2,27.2,6.1,16.6
S06,S06,2013,8,24,0.0,,33.0,27.3,6.1,16.6
S06,S06,2013,8,25,0.0,,32.8,27.1,7.6,18.4
S06,S06,2013,8,26,0.0,,30.5,26.7,5.8,16.6
S06,S06,2013,8,27,0.0,,32.4,27.5,11.7,31.3
S06,S06,2013,8,28,1.4,,32.0,24.7,10.4,48.2
S06,S06,2013,8,29,0.0,,32.1,25.4,9.0,40.7
S06,S06,2013,8,30,0.0,,32.0,25.9,9.1,42.5
S06,S06,2013,8,31,0.0,,33.0,27.1,8.9,27.7
S06,S06,2013,9,1,0.4,,30.8,25.7,8.8,33.5
S06,S06,2013,9,2,3.2,,32.9,24.7,9.1,31.3
S06,S06,2013,9,3,18.1,,30.8,23.4,6.8,25.9
S06,S06,2013,9,4,3.7,,30.1,23.7,8.7,37.1
S06,S06,2013,9,5,15.3,,27.2,23.7,8.5,27.7
S06,S06,2013,9,6,59.8,,28.9,22.4,9.6,27.7
S06,S06,2013,9,7,32.0,,28.7,22.5,8.3,27.7
S06,S06,2013,9,8,1.3,,31.4,23.2,9.1,27.7
S06,S06,2013,9,9,1.6,,30.5,24.4,10.3,29.5
S06,S06,2013,9,10,17.1,,28.0,23.2,7.0,37.1
S06,S06,2013,9,11,0.2,,31.3,25.6,5.1,14.8
S06,S06,2013,9,12,0.2,,31.7,26.6,10.1,35.3
S06,S06,2013,9,13,0.3,,31.9,27.0,10.3,38.9
S06,S06,2013,9,14,8.8,,31.5,27.1,11.4,38.9
S06,S06,2013,9,15,17.1,,27.9,23.6,8.7,40.7
S06,S06,2013,9,16,0.0,,31.8,25.3,8.7,24.1
S06,S06,2013,9,17,1.7,,30.7,25.4,8.9,31.3
S06,S06,2013,9,18,0.0,,31.8,26.8,11.1,31.3
S06,S06,2013,9,19,0.0,,32.5,27.1,13.2,38.9
S06,S06,2013,9,20,0.0,,32.2,27.3,15.0,31.3
S06,S06,2013,9,21,0.0,,32.0,27.3,16.1,37.1
S06,S06,2013,9,22,0.0,,32.8,27.3,15.8,35.3
S06,S06,2013,9,23,0.0,,33.2,27.5,13.8,29.5
S06,S06,2013,9,24,0.0,,33.1,27.6,15.2,38.9
S06,S06,2013,9,25,91.9,,30.2,22.5,8.1,48.2
S06,S06,2013,9,26,7.1,,30.1,23.7,8.4,50.0
S06,S06,2013,9,27,0.0,,31.9,26.5,10.7,27.7
S06,S06,2013,9,28,62.4,,33.3,22.5,8.2,33.5
S06,S06,2013,9,29,6.9,,32.5,23.3,9.3,44.3
S06,S06,2013,9,30,0.1,,30.2,25.4,11.1,29.5
S06,S06,2013,10,1,0.8,,32.7,24.2,11.8,33.5
S06,S06,2013,10,2,2.3,,29.0,24.3,9.7,37.1
S06,S06,2013,10,3,0.0,,31.9,26.0,7.8,25.9
S06,S06,2013,10,4,5.2,,32.2,23.7,12.6,31.3
S06,S06,2013,10,5,4.9,,33.0,23.2,11.4,35.3
S06,S06,2013,10,6,0.0,,33.0,23.6,12.8,55.4
S06,S06,2013,10,7,0.0,,34.0,24.6,10.3,29.5
S06,S06,2013,10,8,41.3,,34.3,22.4,11.7,31.3
S06,S06,2013,10,9,0.0,,32.6,24.0,8.4,27.7
S06,S06,2013,10,10,1.3,,34.0,25.6,8.9,25.9
S06,S06,2013,10,11,8.5,,30.2,24.5,10.2,31.3
S06,S06,2013,10,12,0.0,,31.5,26.6,9.3,40.7
S06,S06,2013,10,13,24.6,,32.1,23.8,10.8,29.5
S06,S06,2013,10,14,83.0,,31.2,22.6,10.8,35.3
S06,S06,2013,10,15,72.1,,31.4,22.9,12.6,33.5
S06,S06,2013,10,16,0.0,,33.0,26.6,10.9,33.5
S06,S06,2013,10,17,0.0,,34.1,26.9,11.3,31.3
S06,S06,2013,10,18,2.4,,33.8,25.1,12.9,38.9
S06,S06,2013,10,19,0.0,,32.9,25.9,7.1,31.3
S06,S06,2013,10,20,115.0,,32.1,22.7,8.3,44.3
S06,S06,2013,10,21,8.7,,30.7,23.9,8.1,22.3
S06,S06,2013,10,22,0.0,,32.5,24.4,9.9,27.7
S06,S06,2013,10,23,0.0,,33.2,25.3,10.3,29.5
S06,S06,2013,10,24,0.0,,31.6,25.6,8.2,22.3
S06,S06,2013,10,25,0.0,,33.3,25.9,9.7,24.1
S06,S06,2013,10,26,2.3,,34.0,25.2,10.1,29.5
S06,S06,2013,10,27,28.9,,32.7,24.8,9.2,46.4
S06,S06,2013,10,28,73.2,,31.7,22.7,7.4,33.5
S06,S06,2013,10,29,0.8,,32.5,25.0,10.4,33.5
S06,S06,2013,10,30,0.0,,31.9,25.3,8.5,27.7
S06,S06,2013,10,31,0.0,,33.1,25.6,8.0,25.9
S06,S06,2013,11,1,4.7,,32.0,25.5,7.2,31.3
S06,S06,2013,11,2,23.0,,31.7,25.0,5.6,24.1
S06,S06,2013,11,3,0.1,,33.1,25.2,6.5,25.9
S06,S06,2013,11,4,19.1,,33.0,25.0,8.8,31.3
S06,S06,2013,11,5,61.3,,33.8,23.3,11.0,44.3
S06,S06,2013,11,6,0.0,,32.2,23.9,8.2,27.7
S06,S06,2013,11,7,0.0,,33.6,25.8,8.7,27.7
S06,S06,2013,11,8,0.5,,33.4,25.2,7.5,25.9
S06,S06,2013,11,9,21.4,,31.4,24.5,4.1,18.4
S06,S06,2013,11,10,2.8,,31.1,24.9,5.4,27.7
S06,S06,2013,11,11,7.7,,32.3,23.3,7.2,27.7
S06,S06,2013,11,12,4.1,,28.6,23.3,4.1,37.1
S06,S06,2013,11,13,88.9,,34.0,23.2,7.5,20.5
S06,S06,2013,11,14,0.9,,30.1,23.4,6.4,24.1
S06,S06,2013,11,15,11.7,,31.5,25.0,8.7,27.7
S06,S06,2013,11,16,6.2,,32.7,25.4,9.0,48.2
S06,S06,2013,11,17,0.2,,28.4,25.2,8.2,24.1
S06,S06,2013,11,18,0.0,,32.0,25.6,11.3,40.7
S06,S06,2013,11,19,0.4,,32.8,24.4,7.1,42.5
S06,S06,2013,11,20,1.8,,32.0,24.9,9.7,33.5
S06,S06,2013,11,21,0.0,,34.0,25.4,10.0,33.5
S06,S06,2013,11,22,36.2,,32.0,23.2,5.7,20.5
S06,S06,2013,11,23,0.6,,31.8,23.4,4.8,48.2
S06,S06,2013,11,24,15.0,,32.4,25.8,6.7,50.0
S06,S06,2013,11,25,7.1,,32.5,24.5,8.6,42.5
S06,S06,2013,11,26,11.7,,32.3,25.1,7.3,40.7
S06,S06,2013,11,27,9.1,,33.9,24.7,7.9,37.1
S06,S06,2013,11,28,15.2,,32.2,25.0,5.9,27.7
S06,S06,2013,11,29,2.5,,32.9,25.6,6.9,25.9
S06,S06,2013,11,30,8.7,,32.3,25.3,9.8,31.3
S06,S06,2013,12,1,15.8,,29.7,24.7,11.4,27.7
S06,S06,2013,12,2,9.8,,25.9,23.7,7.5,22.3
S06,S06,2013,12,3,49.4,,30.9,23.4,6.6,22.3
S06,S06,2013,12,4,0.2,,28.7,23.8,8.4,29.5
S06,S06,2013,12,5,18.1,,31.0,24.8,8.7,25.9
S06,S06,2013,12,6,36.3,,30.0,23.0,5.3,42.5
S06,S06,2013,12,7,0.0,,32.5,23.7,7.5,22.3
S06,S06,2013,12,8,28.9,,30.0,23.6,9.3,25.9
S06,S06,2013,12,9,0.0,,31.1,24.4,6.7,22.3
S06,S06,2013,12,10,14.2,,32.5,25.0,6.2,31.3
S06,S06,2013,12,11,6.6,,32.7,25.2,8.8,31.3
S06,S06,2013,12,12,16.3,,30.8,25.1,10.3,40.7
S06,S06,2013,12,13,0.1,,33.0,25.6,12.7,27.7
S06,S06,2013,12,14,31.0,,33.3,23.6,8.8,33.5
S06,S06,2013,12,15,42.3,,32.4,23.1,9.0,37.1
S06,S06,2013,12,16,0.0,,35.0,25.3,9.1,40.7
S06,S06,2013,12,17,0.0,,33.5,25.4,8.5,25.9
S06,S06,2013,12,18,91.5,,34.0,22.0,9.7,33.5
S06,S06,2013,12,19,0.2,,29.8,23.5,12.5,33.5
S06,S06,2013,12,20,6.1,,28.8,23.7,8.9,33.5
S06,S06,2013,12,21,0.0,,30.7,24.3,16.5,35.3
S06,S06,2013,12,22,0.3,,31.7,24.5,16.9,40.7
S06,S06,2013,12,23,1.0,,28.2,24.3,18.0,37.1
S06,S06,2013,12,24,0.0,,30.5,25.9,18.4,46.4
S06,S06,2013,12,25,0.0,,31.1,25.3,15.9,40.7
S06,S06,2013,12,26,12.3,,31.0,24.5,13.9,31.3
S06,S06,2013,12,27,0.7,,30.2,24.8,17.9,38.9
S06,S06,2013,12,28,1.4,,30.5,25.0,18.4,42.5
S06,S06,2013,12,29,0.2,,29.2,24.8,15.4,35.3
S06,S06,2013,12,30,0.2,,30.4,25.1,17.5,37.1
S06,S06,2013,12,31,2.0,,28.4,25.0,15.3,38.9
S06,S06,2014,1,1,0.0,,29.5,24.8,15.8,35.3
S06,S06,2014,1,2,0.0,,31.7,25.0,16.5,37.1
S06,S06,2014,1,3,2.2,,31.1,25.1,14.9,33.5
S06,S06,2014,1,4,0.6,,32.3,23.7,8.9,35.3
S06,S06,2014,1,5,10.5,,27.0,23.8,11.9,33.5
S06,S06,2014,1,6,31.2,,27.1,24.2,6.3,31.3
S06,S06,2014,1,7,0.4,,31.4,24.9,10.4,25.9
S06,S06,2014,1,8,0.0,,33.0,25.0,15.9,37.1
S06,S06,2014,1,9,0.0,,29.8,24.7,7.4,37.1
S06,S06,2014,1,10,4.8,,31.4,24.6,5.8,22.3
S06,S06,2014,1,11,0.8,,32.6,25.0,16.8,50.0
S06,S06,2014,1,12,5.2,,29.5,24.9,15.4,46.4
S06,S06,2014,1,13,0.0,,30.6,24.2,18.9,40.7
S06,S06,2014,1,14,0.0,,30.3,24.3,18.5,42.5
S06,S06,2014,1,15,0.2,,28.4,24.0,16.7,40.7
S06,S06,2014,1,16,0.0,,29.2,24.1,19.6,38.9
S06,S06,2014,1,17,0.0,,30.5,24.1,21.6,46.4
S06,S06,2014,1,18,0.0,,29.8,23.8,22.0,48.2
S06,S06,2014,1,19,0.0,,29.3,24.0,21.3,40.7
S06,S06,2014,1,20,0.0,,30.5,23.7,21.7,40.7
S06,S06,2014,1,21,0.0,,30.3,23.5,20.9,40.7
S06,S06,2014,1,22,0.0,,28.8,23.6,20.0,44.3
S06,S06,2014,1,23,0.0,,30.0,23.9,20.2,42.5
S06,S06,2014,1,24,0.0,,29.2,23.3,19.2,37.1
S06,S06,2014,1,25,0.0,,29.6,22.8,16.3,37.1
S06,S06,2014,1,26,0.0,,30.0,22.7,17.0,35.3
S06,S06,2014,1,27,0.0,,30.2,23.7,19.4,40.7
S06,S06,2014,1,28,0.0,,30.8,24.0,14.7,38.9
S06,S06,2014,1,29,0.0,,31.0,22.8,12.2,25.9
S06,S06,2014,1,30,0.0,,31.3,23.2,10.4,24.1
S06,S06,2014,1,31,0.0,,31.0,22.1,10.8,22.3
S06,S06,2014,2,1,0.0,,32.4,22.3,9.8,22.3
S06,S06,2014,2,2,0.0,,30.6,22.8,9.3,20.5
S06,S06,2014,2,3,0.0,,32.0,23.2,7.1,16.6
S06,S06,2014,2,4,0.0,,33.4,23.2,7.0,16.6
S06,S06,2014,2,5,0.0,,31.6,23.4,8.3,18.4
S06,S06,2014,2,6,0.0,,32.5,23.4,8.5,18.4
S06,S06,2014,2,7,0.0,,32.1,23.8,8.0,16.6
S06,S06,2014,2,8,25.8,,32.1,23.9,6.5,14.8
S06,S06,2014,2,9,1.5,,32.6,24.4,5.0,13.0
S06,S06,2014,2,10,0.0,,34.0,24.6,5.9,14.8
S06,S06,2014,2,11,0.0,,32.5,24.4,14.4,33.5
S06,S06,2014,2,12,0.0,,32.9,24.5,16.7,38.9
S06,S06,2014,2,13,0.0,,33.6,25.2,18.2,40.7
S06,S06,2014,2,14,0.0,,32.0,25.0,18.4,38.9
S06,S06,2014,2,15,0.0,,31.9,24.8,19.2,44.3
S06,S06,2014,2,16,0.0,,32.2,25.0,16.2,38.9
S06,S06,2014,2,17,0.0,,32.0,24.9,16.5,46.4
S06,S06,2014,2,18,0.0,,32.7,24.8,15.1,33.5
S06,S06,2014,2,19,0.0,,32.8,24.7,13.3,35.3
S06,S06,2014,2,20,0.0,,32.6,25.1,19.7,40.7
S06,S06,2014,2,21,0.0,,30.7,25.0,21.1,44.3
S06,S06,2014,2,22,0.0,,33.0,25.0,23.9,48.2
S06,S06,2014,2,23,0.0,,32.3,24.2,16.8,53.6
S06,S06,2014,2,24,0.0,,31.9,23.9,17.7,46.4
S06,S06,2014,2,25,0.0,,31.7,23.9,18.0,42.5
S06,S06,2014,2,26,0.0,,32.0,24.2,18.2,42.5
S06,S06,2014,2,27,0.0,,33.0,24.4,20.3,44.3
S06,S06,2014,2,28,0.0,,32.7,24.8,17.9,42.5
S06,S06,2014,3,1,0.0,,32.3,24.8,14.7,40.7
S06,S06,2014,3,2,0.0,,34.1,24.6,13.4,33.5
S06,S06,2014,3,3,0.0,,33.3,24.8,13.3,38.9
S06,S06,2014,3,4,0.0,,33.9,24.0,15.2,31.3
S06,S06,2014,3,5,0.0,,34.0,24.2,15.5,38.9
S06,S06,2014,3,6,0.0,,33.1,24.3,13.0,40.7
S06,S06,2014,3,7,0.0,,33.0,24.4,14.6,35.3
S06,S06,2014,3,8,0.0,,33.2,24.1,15.3,37.1
S06,S06,2014,3,9,0.0,,32.9,24.2,17.0,38.9
S06,S06,2014,3,10,0.0,,32.2,24.7,16.7,42.5
S06,S06,2014,3,11,0.0,,34.0,24.7,20.7,40.7
S06,S06,2014,3,12,0.0,,33.8,24.8,17.7,38.9
S06,S06,2014,3,13,0.0,,34.0,25.2,14.6,37.1
S06,S06,2014,3,14,0.0,,34.5,25.9,15.4,42.5
S06,S06,2014,3,15,0.0,,32.7,26.1,13.5,40.7
S06,S06,2014,3,16,42.3,,28.5,23.9,7.5,31.3
S06,S06,2014,3,17,7.8,,28.8,25.0,8.5,31.3
S06,S06,2014,3,18,7.6,,31.6,25.2,8.3,35.3
S06,S06,2014,3,19,0.5,,33.3,25.7,9.4,27.7
S06,S06,2014,3,20,0.1,,33.8,25.7,8.5,42.5
S06,S06,2014,3,21,1.3,,33.0,24.6,7.8,24.1
S06,S06,2014,3,22,0.0,,31.9,24.8,14.1,33.5
S06,S06,2014,3,23,0.0,,33.5,24.8,14.6,31.3
S06,S06,2014,3,24,0.0,,33.5,25.1,13.8,35.3
S06,S06,2014,3,25,0.0,,33.6,25.5,17.9,42.5
S06,S06,2014,3,26,0.0,,34.5,25.9,14.8,37.1
S06,S06,2014,3,27,0.0,,35.0,26.0,12.3,31.3
S06,S06,2014,3,28,0.0,,33.1,26.3,10.0,29.5
S06,S06,2014,3,29,23.5,,32.5,25.8,4.8,35.3
S06,S06,2014,3,30,0.0,,32.6,26.0,7.3,24.1
S06,S06,2014,3,31,,,34.1,26.6,,
S06,S06,2014,4,1,0.0,,33.8,26.6,7.1,25.9
S06,S06,2014,4,2,0.0,,33.0,26.7,7.2,25.9
S06,S06,2014,4,3,0.0,,34.4,27.1,8.2,31.3
S06,S06,2014,4,4,62.9,,31.5,23.7,7.5,44.3
S06,S06,2014,4,5,17.7,,28.2,24.1,6.8,33.5
S06,S06,2014,4,6,0.5,,32.9,25.6,7.9,25.9
S06,S06,2014,4,7,0.0,,34.6,26.1,5.0,14.8
S06,S06,2014,4,8,0.7,,33.9,25.2,4.5,22.3
S06,S06,2014,4,9,1.0,,34.0,25.7,4.2,22.3
S06,S06,2014,4,10,0.0,,32.5,26.4,3.8,18.4
S06,S06,2014,4,11,18.9,,32.6,24.5,4.6,18.4
S06,S06,2014,4,12,5.7,,30.8,24.5,3.0,16.6
S06,S06,2014,4,13,0.4,,34.2,26.0,4.2,13.0
S06,S06,2014,4,14,14.3,,34.4,24.3,3.9,18.4
S06,S06,2014,4,15,0.0,,33.3,25.8,7.3,25.9
S06,S06,2014,4,16,12.7,,32.5,26.1,5.3,37.1
S06,S06,2014,4,17,39.8,,32.0,23.5,6.2,35.3
S06,S06,2014,4,18,31.0,,31.5,25.2,7.0,35.3
S06,S06,2014,4,19,0.0,,33.5,26.1,7.8,24.1
S06,S06,2014,4,20,0.0,,31.2,26.4,5.5,31.3
S06,S06,2014,4,21,5.4,,30.4,24.8,8.5,35.3
S06,S06,2014,4,22,35.7,,35.2,25.0,7.5,37.1
S06,S06,2014,4,23,2.7,,35.0,25.9,6.1,25.9
S06,S06,2014,4,24,13.1,,34.1,25.4,7.3,31.3
S06,S06,2014,4,25,0.2,,33.6,25.5,5.8,24.1
S06,S06,2014,4,26,0.1,,33.8,25.0,7.1,22.3
S06,S06,2014,4,27,0.1,,33.8,25.4,7.4,33.5
S06,S06,2014,4,28,0.0,,33.6,26.0,8.9,29.5
S06,S06,2014,4,29,7.5,,33.0,26.1,6.4,31.3
S06,S06,2014,4,30,34.5,,32.7,24.7,6.0,29.5
S06,S06,2014,5,1,2.2,,32.3,25.1,6.4,33.5
S06,S06,2014,5,2,0.0,,33.0,27.7,7.2,22.3
S06,S06,2014,5,3,0.0,,34.8,25.0,7.0,25.9
S06,S06,2014,5,4,3.2,,35.0,27.1,6.5,20.5
S06,S06,2014,5,5,8.0,,33.3,27.2,8.4,27.7
S06,S06,2014,5,6,2.7,,33.4,27.3,6.1,33.5
S06,S06,2014,5,7,45.5,,33.8,24.4,9.1,25.9
S06,S06,2014,5,8,5.7,,32.2,25.0,7.7,48.2
S06,S06,2014,5,9,0.4,,32.5,27.2,9.3,25.9
S06,S06,2014,5,10,0.0,,34.5,27.5,10.4,48.2
S06,S06,2014,5,11,0.0,,34.0,25.1,8.1,29.5
S06,S06,2014,5,12,0.0,,32.7,26.7,9.2,44.3
S06,S06,2014,5,13,0.0,,34.3,27.1,8.9,25.9
S06,S06,2014,5,14,2.6,,31.4,25.8,14.4,37.1
S06,S06,2014,5,15,0.3,,34.2,27.7,11.1,29.5
S06,S06,2014,5,16,32.6,,32.0,23.2,9.9,50.0
S06,S06,2014,5,17,7.7,,31.2,26.1,11.8,33.5
S06,S06,2014,5,18,28.9,,29.0,24.2,7.5,33.5
S06,S06,2014,5,19,17.4,,30.8,23.6,11.1,38.9
S06,S06,2014,5,20,5.0,,32.7,24.6,8.6,27.7
S06,S06,2014,5,21,34.6,,32.9,25.6,8.2,40.7
S06,S06,2014,5,22,0.0,,33.0,26.4,12.3,35.3
S06,S06,2014,5,23,1.2,,31.4,25.3,9.3,35.3
S06,S06,2014,5,24,0.0,,34.4,25.4,10.0,27.7
S06,S06,2014,5,25,0.0,,33.3,27.3,10.0,27.7
S06,S06,2014,5,26,0.0,,33.2,27.0,10.1,29.5
S06,S06,2014,5,27,0.1,,31.1,26.2,11.9,29.5
S06,S06,2014,5,28,4.3,,34.1,26.5,9.9,31.3
S06,S06,2014,5,29,0.0,,33.5,25.1,9.4,24.1
S06,S06,2014,5,30,31.5,,32.3,25.1,11.3,33.5
S06,S06,2014,5,31,0.3,,31.6,27.2,13.1,33.5
S06,S06,2014,6,1,3.4,,32.3,26.5,9.0,38.9
S06,S06,2014,6,2,3.0,,32.0,27.0,8.0,31.3
S06,S06,2014,6,3,1.3,,32.3,28.3,10.8,29.5
S06,S06,2014,6,4,20.6,,28.8,25.1,8.8,38.9
S06,S06,2014,6,5,2.8,,30.4,25.3,12.3,35.3
S06,S06,2014,6,6,61.7,,31.1,24.5,9.5,44.3
S06,S06,2014,6,7,0.0,,32.8,26.4,11.3,27.7
S06,S06,2014,6,8,0.7,,33.0,28.1,12.3,35.3
S06,S06,2014,6,9,0.0,,33.7,27.6,8.9,33.5
S06,S06,2014,6,10,10.0,,34.6,26.6,11.3,31.3
S06,S06,2014,6,11,0.0,,33.9,22.7,12.8,29.5
S06,S06,2014,6,12,7.4,,33.5,24.0,13.8,35.3
S06,S06,2014,6,13,0.0,,33.1,28.3,11.0,25.9
S06,S06,2014,6,14,5.7,,30.5,23.5,8.9,53.6
S06,S06,2014,6,15,0.6,,32.8,27.1,11.7,33.5
S06,S06,2014,6,16,0.0,,33.6,28.8,13.2,46.4
S06,S06,2014,6,17,0.0,,33.3,24.8,12.6,31.3
S06,S06,2014,6,18,1.1,,33.1,24.3,11.8,42.5
S06,S06,2014,6,19,7.0,,34.3,25.9,10.1,35.3
S06,S06,2014,6,20,0.0,,34.0,28.3,12.8,27.7
S06,S06,2014,6,21,0.0,,34.7,25.3,12.2,29.5
S06,S06,2014,6,22,9.3,,33.9,27.1,10.2,42.5
S06,S06,2014,6,23,0.0,,34.3,24.8,9.5,33.5
S06,S06,2014,6,24,12.7,,33.7,24.6,9.7,37.1
S06,S06,2014,6,25,0.0,,31.8,25.7,12.1,37.1
S06,S06,2014,6,26,0.0,,33.0,26.9,12.4,31.3
S06,S06,2014,6,27,0.0,,30.4,26.5,12.8,40.7
S06,S06,2014,6,28,0.0,,32.3,27.3,10.5,24.1
S06,S06,2014,6,29,6.6,,32.6,23.8,9.0,37.1
S06,S06,2014,6,30,14.7,,30.9,24.3,10.8,33.5
S06,S06,2014,7,1,0.0,,32.8,26.2,7.9,33.5
S06,S06,2014,7,2,0.0,,31.7,26.9,11.0,31.3
S06,S06,2014,7,3,0.0,,31.6,27.1,10.3,31.3
S06,S06,2014,7,4,5.8,,30.1,23.3,8.3,37.1
S06,S06,2014,7,5,26.5,,31.2,23.2,9.2,40.7
S06,S06,2014,7,6,0.5,,31.9,26.2,9.8,38.9
S06,S06,2014,7,7,0.8,,32.7,23.2,11.5,37.1
S06,S06,2014,7,8,21.8,,32.4,22.1,11.7,40.7
S06,S06,2014,7,9,15.0,,28.8,23.1,10.6,64.8
S06,S06,2014,7,10,0.0,,32.8,27.0,9.5,27.7
S06,S06,2014,7,11,11.0,,32.4,25.6,8.4,37.1
S06,S06,2014,7,12,0.0,,31.3,25.2,9.7,27.7
S06,S06,2014,7,13,0.0,,32.9,27.1,14.9,29.5
S06,S06,2014,7,14,0.0,,34.4,28.5,12.5,27.7
S06,S06,2014,7,15,0.0,,33.0,28.0,11.1,31.3
S06,S06,2014,7,16,0.2,,33.0,24.8,9.3,25.9
S06,S06,2014,7,17,0.6,,31.3,25.0,10.3,44.3
S06,S06,2014,7,18,0.0,,32.3,27.9,12.8,33.5
S06,S06,2014,7,19,7.5,,31.6,26.3,9.2,44.3
S06,S06,2014,7,20,0.0,,32.7,27.3,11.0,27.7
S06,S06,2014,7,21,0.0,,32.0,28.2,14.4,35.3
S06,S06,2014,7,22,0.0,,33.1,28.3,14.6,38.9
S06,S06,2014,7,23,0.2,,32.2,28.1,12.6,35.3
S06,S06,2014,7,24,0.0,,32.4,27.6,13.2,27.7
S06,S06,2014,7,25,0.0,,33.6,27.9,13.1,33.5
S06,S06,2014,7,26,0.0,,33.5,24.8,13.9,31.3
S06,S06,2014,7,27,18.9,,31.9,23.2,9.0,50.0
S06,S06,2014,7,28,0.0,,32.6,27.6,12.2,35.3
S06,S06,2014,7,29,29.4,,31.6,23.8,10.5,61.2
S06,S06,2014,7,30,1.5,,31.3,25.1,9.2,44.3
S06,S06,2014,7,31,1.7,,29.9,25.5,13.2,44.3
S06,S06,2014,8,1,0.0,,31.8,24.5,12.7,27.7
S06,S06,2014,8,2,23.2,,31.9,25.3,11.5,33.5
S06,S06,2014,8,3,0.0,,32.0,26.9,11.9,38.9
S06,S06,2014,8,4,0.0,,31.2,23.6,13.2,40.7
S06,S06,2014,8,5,11.8,,28.5,23.6,12.0,38.9
S06,S06,2014,8,6,1.2,,30.0,25.2,12.3,42.5
S06,S06,2014,8,7,0.5,,31.6,25.2,11.0,46.4
S06,S06,2014,8,8,0.1,,30.6,26.7,11.8,37.1
S06,S06,2014,8,9,0.1,,32.3,26.2,11.8,33.5
S06,S06,2014,8,10,0.0,,31.8,26.9,9.3,33.5
S06,S06,2014,8,11,1.5,,31.8,27.0,11.4,27.7
S06,S06,2014,8,12,8.3,,30.1,24.3,9.2,29.5
S06,S06,2014,8,13,1.6,,27.7,25.2,9.6,22.3
S06,S06,2014,8,14,32.5,,29.7,24.0,11.4,37.1
S06,S06,2014,8,15,13.5,,28.7,23.0,5.7,51.8
S06,S06,2014,8,16,0.0,,31.2,25.8,10.3,27.7
S06,S06,2014,8,17,0.0,,31.3,27.1,9.5,27.7
S06,S06,2014,8,18,0.2,,31.9,26.7,10.5,37.1
S06,S06,2014,8,19,0.0,,32.0,26.0,10.5,31.3
S06,S06,2014,8,20,0.8,,31.7,26.7,9.1,37.1
S06,S06,2014,8,21,9.8,,31.2,24.8,8.0,31.3
S06,S06,2014,8,22,0.0,,32.4,26.9,9.5,37.1
S06,S06,2014,8,23,0.0,,33.1,26.8,8.8,29.5
S06,S06,2014,8,24,0.4,,31.2,26.2,8.2,33.5
S06,S06,2014,8,25,30.3,,31.0,23.6,6.5,55.4
S06,S06,2014,8,26,2.8,,30.5,23.1,7.7,27.7
S06,S06,2014,8,27,14.9,,32.0,23.2,11.1,33.5
S06,S06,2014,8,28,12.1,,30.0,23.3,6.8,38.9
S06,S06,2014,8,29,3.9,,30.5,23.7,8.0,38.9
S06,S06,2014,8,30,0.0,,32.1,25.1,6.4,24.1
S06,S06,2014,8,31,0.0,,31.2,26.8,8.3,25.9
S06,S06,2014,9,1,0.0,,34.0,26.4,9.4,25.9
S06,S06,2014,9,2,0.0,,32.5,26.8,9.7,27.7
S06,S06,2014,9,3,63.5,,32.6,22.8,6.1,42.5
S06,S06,2014,9,4,0.0,,32.8,24.8,8.3,22.3
S06,S06,2014,9,5,5.2,,32.2,23.7,12.0,31.3
S06,S06,2014,9,6,0.0,,30.5,25.3,14.0,31.3
S06,S06,2014,9,7,0.0,,32.1,26.0,7.1,22.3
S06,S06,2014,9,8,0.0,,33.1,26.8,10.0,29.5
S06,S06,2014,9,9,0.1,,32.9,26.3,11.4,33.5
S06,S06,2014,9,10,0.0,,32.6,27.3,13.1,31.3
S06,S06,2014,9,11,5.7,,30.6,24.5,9.1,35.3
S06,S06,2014,9,12,0.0,,32.2,26.0,11.8,31.3
S06,S06,2014,9,13,0.0,,32.3,27.6,13.2,33.5
S06,S06,2014,9,14,0.0,,32.6,27.8,13.5,33.5
S06,S06,2014,9,15,0.0,,32.8,27.6,15.7,35.3
S06,S06,2014,9,16,0.0,,32.8,27.4,12.7,35.3
S06,S06,2014,9,17,8.0,,32.2,25.3,9.7,33.5
S06,S06,2014,9,18,0.4,,32.5,27.4,9.9,31.3
S06,S06,2014,9,19,0.0,,34.0,26.8,10.1,29.5
S06,S06,2014,9,20,6.7,,33.2,24.5,9.2,42.5
S06,S06,2014,9,21,5.2,,32.5,25.9,12.2,31.3
S06,S06,2014,9,22,0.0,,33.8,26.4,12.8,33.5
S06,S06,2014,9,23,0.0,,32.8,27.6,11.6,31.3
S06,S06,2014,9,24,1.5,,32.6,25.0,11.4,33.5
S06,S06,2014,9,25,41.0,,30.4,22.5,8.8,37.1
S06,S06,2014,9,26,0.0,,34.0,26.2,7.8,22.3
S06,S06,2014,9,27,0.0,,34.8,26.9,8.2,29.5
S06,S06,2014,9,28,0.0,,33.3,27.3,9.2,25.9
S06,S06,2014,9,29,0.0,,32.9,27.4,9.5,22.3
S06,S06,2014,9,30,0.0,,33.2,27.3,9.0,25.9
S06,S06,2014,10,1,0.0,,34.8,27.3,8.8,25.9
S06,S06,2014,10,2,0.0,,32.5,25.9,7.5,22.3
S06,S06,2014,10,3,0.0,,32.9,27.1,9.9,24.1
S06,S06,2014,10,4,19.4,,30.0,24.4,8.3,31.3
S06,S06,2014,10,5,0.0,,31.4,25.3,10.0,33.5
S06,S06,2014,10,6,0.0,,32.4,26.4,11.0,29.5
S06,S06,2014,10,7,0.0,,32.3,27.2,13.6,29.5
S06,S06,2014,10,8,0.0,,32.8,27.4,11.1,31.3
S06,S06,2014,10,9,0.0,,32.8,27.7,9.6,29.5
S06,S06,2014,10,10,0.0,,33.7,28.0,9.9,33.5
S06,S06,2014,10,11,0.3,,32.2,26.7,8.6,40.7
S06,S06,2014,10,12,0.4,,33.5,26.7,8.0,25.9
S06,S06,2014,10,13,0.0,,34.3,26.3,8.3,25.9
S06,S06,2014,10,14,5.2,,33.8,25.7,6.9,27.7
S06,S06,2014,10,15,0.0,,33.6,26.7,7.1,24.1
S06,S06,2014,10,16,16.2,,32.5,25.1,7.3,35.3
S06,S06,2014,10,17,5.3,,32.8,26.1,7.0,29.5
S06,S06,2014,10,18,6.8,,31.2,25.0,8.6,35.3
S06,S06,2014,10,19,0.0,,32.9,25.4,8.9,33.5
S06,S06,2014,10,20,0.0,,33.2,26.5,7.2,29.5
S06,S06,2014,10,21,10.1,,30.4,25.0,7.0,31.3
S06,S06,2014,10,22,5.5,,28.1,25.2,4.5,14.8
S06,S06,2014,10,23,0.0,,33.7,25.9,8.0,24.1
S06,S06,2014,10,24,0.0,,33.8,25.2,6.8,24.1
S06,S06,2014,10,25,0.0,,33.8,27.0,7.4,27.7
S06,S06,2014,10,26,0.0,,34.2,25.6,8.9,29.5
S06,S06,2014,10,27,34.4,,33.6,23.7,6.7,50.0
S06,S06,2014,10,28,13.1,,31.8,24.7,7.1,46.4
S06,S06,2014,10,29,0.0,,34.0,26.1,8.1,25.9
S06,S06,2014,10,30,24.3,,34.2,26.3,6.2,31.3
S06,S06,2014,10,31,0.2,,33.0,25.7,6.7,33.5
S06,S06,2014,11,1,0.0,,32.5,26.3,7.5,20.5
S06,S06,2014,11,2,0.0,,33.8,27.1,9.1,27.7
S06,S06,2014,11,3,0.4,,32.8,27.2,9.5,25.9
S06,S06,2014,11,4,0.0,,35.0,27.1,9.4,24.1
S06,S06,2014,11,5,4.1,,34.5,25.6,7.9,33.5
S06,S06,2014,11,6,19.3,,31.2,23.6,8.7,53.6
S06,S06,2014,11,7,7.3,,32.0,24.8,7.8,33.5
S06,S06,2014,11,8,36.9,,32.7,23.7,10.4,31.3
S06,S06,2014,11,9,6.6,,31.0,24.4,6.2,18.4
S06,S06,2014,11,10,0.2,,31.1,25.7,3.3,16.6
S06,S06,2014,11,11,15.9,,32.3,24.3,4.3,18.4
S06,S06,2014,11,12,3.7,,32.7,24.7,4.0,24.1
S06,S06,2014,11,13,33.1,,33.8,24.3,5.6,35.3
S06,S06,2014,11,14,0.6,,33.3,25.3,5.5,16.6
S06,S06,2014,11,15,1.2,,33.0,25.5,3.2,14.8
S06,S06,2014,11,16,1.2,,31.5,25.2,2.9,16.6
S06,S06,2014,11,17,66.8,,32.7,24.8,6.2,14.8
S06,S06,2014,11,18,6.2,,26.9,24.5,3.6,9.4
S06,S06,2014,11,19,0.0,,33.2,25.0,5.9,14.8
S06,S06,2014,11,20,0.2,,32.9,25.6,4.9,16.6
S06,S06,2014,11,21,0.2,,31.0,25.7,3.5,13.0
S06,S06,2014,11,22,0.0,,33.5,26.0,4.3,14.8
S06,S06,2014,11,23,6.2,,33.4,25.8,3.9,22.3
S06,S06,2014,11,24,0.3,,32.0,25.7,4.2,14.8
S06,S06,2014,11,25,34.3,,33.6,24.8,4.8,16.6
S06,S06,2014,11,26,20.9,,32.6,25.2,3.9,14.8
S06,S06,2014,11,27,0.4,,31.7,25.8,6.1,14.8
S06,S06,2014,11,28,0.1,,31.8,25.7,11.5,33.5
S06,S06,2014,11,29,46.6,,32.0,23.5,7.6,37.1
S06,S06,2014,11,30,0.0,,32.1,22.6,7.4,22.3
S06,S06,2014,12,1,15.1,,30.5,23.1,8.7,50.0
S06,S06,2014,12,2,0.0,,32.9,26.0,8.1,27.7
S06,S06,2014,12,3,0.0,,34.3,25.1,8.8,25.9
S06,S06,2014,12,4,15.3,,27.4,23.8,8.8,31.3
S06,S06,2014,12,5,0.0,,32.9,25.0,7.7,27.7
S06,S06,2014,12,6,13.5,,30.0,24.1,8.7,40.7
S06,S06,2014,12,7,14.8,,34.5,24.0,7.7,38.9
S06,S06,2014,12,8,21.4,,31.3,25.3,9.8,51.8
S06,S06,2014,12,9,5.5,,32.3,25.8,14.2,33.5
S06,S06,2014,12,10,0.0,,33.2,25.8,18.1,37.1
S06,S06,2014,12,11,3.8,,32.8,26.0,13.6,31.3
S06,S06,2014,12,12,0.0,,32.8,26.0,16.4,38.9
S06,S06,2014,12,13,0.0,,32.6,26.3,13.0,35.3
S06,S06,2014,12,14,0.0,,33.0,26.4,14.0,29.5
S06,S06,2014,12,15,0.0,,32.7,25.9,16.1,37.1
S06,S06,2014,12,16,1.6,,30.2,25.6,10.3,25.9
S06,S06,2014,12,17,34.0,,30.5,24.6,9.5,24.1
S06,S06,2014,12,18,0.0,,33.3,25.2,15.8,37.1
S06,S06,2014,12,19,25.5,,26.5,24.2,9.7,29.5
S06,S06,2014,12,20,17.8,,33.0,25.0,10.0,35.3
S06,S06,2014,12,21,0.1,,32.5,25.1,10.6,53.6
S06,S06,2014,12,22,0.6,,31.4,25.5,8.7,22.3
S06,S06,2014,12,23,0.5,,29.3,25.0,10.3,27.7
S06,S06,2014,12,24,3.7,,31.3,25.0,10.0,29.5
S06,S06,2014,12,25,0.5,,30.5,24.6,8.7,22.3
S06,S06,2014,12,26,76.8,,29.0,23.8,8.3,27.7
S06,S06,2014,12,27,24.2,,31.2,23.9,8.2,29.5
S06,S06,2014,12,28,1.7,,30.5,24.2,13.2,29.5
S06,S06,2014,12,29,4.0,,29.5,24.0,17.0,44.3
S06,S06,2014,12,30,0.0,,27.3,24.9,14.8,37.1
S06,S06,2014,12,31,0.0,,29.5,25.0,19.2,37.1
S06,S06,2015,1,1,0.7,,27.8,25.4,14.5,37.1
S06,S06,2015,1,2,0.0,,30.8,25.0,20.7,42.5
S06,S06,2015,1,3,1.8,,31.5,25.1,18.3,38.9
S06,S06,2015,1,4,0.0,,32.5,25.6,18.3,37.1
S06,S06,2015,1,5,0.0,,33.8,25.6,15.0,33.5
S06,S06,2015,1,6,35.1,,33.3,24.6,11.3,37.1
S06,S06,2015,1,7,0.5,,32.0,25.0,10.6,27.7
S06,S06,2015,1,8,6.8,,30.8,24.4,10.1,35.3
S06,S06,2015,1,9,1.4,,27.8,24.7,14.4,29.5
S06,S06,2015,1,10,8.5,,32.0,24.4,13.5,33.5
S06,S06,2015,1,11,0.0,,30.3,25.2,15.2,31.3
S06,S06,2015,1,12,0.0,,32.1,24.9,22.3,44.3
S06,S06,2015,1,13,0.0,,32.7,25.0,23.3,46.4
S06,S06,2015,1,14,0.0,,32.0,25.1,21.1,40.7
S06,S06,2015,1,15,0.0,,32.2,24.6,22.3,42.5
S06,S06,2015,1,16,0.0,,32.1,24.6,19.0,42.5
S06,S06,2015,1,17,0.0,,32.0,24.5,19.6,38.9
S06,S06,2015,1,18,0.0,,31.8,24.5,23.2,42.5
S06,S06,2015,1,19,0.0,,31.5,24.2,20.8,40.7
S06,S06,2015,1,20,0.0,,31.2,24.4,20.0,42.5
S06,S06,2015,1,21,16.5,,31.0,24.8,16.2,35.3
S06,S06,2015,1,22,0.0,,31.0,24.1,21.7,44.3
S06,S06,2015,1,23,0.0,,31.0,24.5,20.5,44.3
S06,S06,2015,1,24,0.0,,30.7,24.6,16.2,35.3
S06,S06,2015,1,25,0.0,,31.0,24.9,16.1,33.5
S06,S06,2015,1,26,0.0,,32.2,24.5,19.1,37.1
S06,S06,2015,1,27,0.0,,32.3,23.8,19.2,37.1
S06,S06,2015,1,28,0.0,,33.0,24.2,15.2,33.5
S06,S06,2015,1,29,0.0,,30.0,24.6,19.7,40.7
S06,S06,2015,1,30,0.0,,31.4,24.6,17.3,38.9
S06,S06,2015,1,31,0.0,,32.4,23.6,23.2,44.3
S06,S06,2015,2,1,0.0,,31.6,24.1,20.9,50.0
S06,S06,2015,2,2,1.4,,29.2,24.2,19.0,42.5
S06,S06,2015,2,3,0.0,,30.4,24.0,19.4,37.1
S06,S06,2015,2,4,0.5,,28.5,24.0,17.9,38.9
S06,S06,2015,2,5,0.0,,31.0,24.0,25.4,50.0
S06,S06,2015,2,6,19.4,,29.8,23.4,21.4,46.4
S06,S06,2015,2,7,0.4,,30.8,24.0,22.3,48.2
S06,S06,2015,2,8,0.0,,30.5,24.3,22.6,44.3
S06,S06,2015,2,9,0.0,,31.0,24.5,24.6,46.4
S06,S06,2015,2,10,0.0,,31.1,23.7,23.7,46.4
S06,S06,2015,2,11,0.0,,31.7,23.3,20.0,37.1
S06,S06,2015,2,12,0.0,,31.8,23.4,21.2,42.5
S06,S06,2015,2,13,0.0,,30.8,23.8,21.4,38.9
S06,S06,2015,2,14,0.0,,31.4,23.7,16.6,33.5
S06,S06,2015,2,15,0.0,,33.0,24.1,15.3,33.5
S06,S06,2015,2,16,0.0,,33.3,24.8,17.7,37.1
S06,S06,2015,2,17,0.0,,32.9,24.5,18.8,38.9
S06,S06,2015,2,18,0.0,,32.7,23.3,20.0,42.5
S06,S06,2015,2,19,12.9,,32.4,23.5,15.9,33.5
S06,S06,2015,2,20,0.0,,32.6,24.7,17.2,35.3
S06,S06,2015,2,21,0.0,,32.2,24.4,15.6,33.5
S06,S06,2015,2,22,0.0,,31.7,24.6,17.9,33.5
S06,S06,2015,2,23,0.1,,34.5,25.0,15.6,35.3
S06,S06,2015,2,24,0.0,,31.2,24.4,15.4,37.1
S06,S06,2015,2,25,0.0,,33.5,24.3,13.8,37.1
S06,S06,2015,2,26,0.0,,33.0,24.8,12.9,31.3
S06,S06,2015,2,27,0.0,,33.9,25.0,16.7,40.7
S06,S06,2015,2,28,0.0,,34.1,25.0,18.4,37.1
S06,S06,2015,3,1,0.0,,33.4,25.5,20.2,46.4
S06,S06,2015,3,2,0.0,,33.4,26.0,16.8,40.7
S06,S06,2015,3,3,0.0,,33.1,25.8,16.0,33.5
S06,S06,2015,3,4,12.3,,34.2,24.5,12.1,31.3
S06,S06,2015,3,5,0.0,,34.0,24.7,13.0,37.1
S06,S06,2015,3,6,0.4,,33.1,24.8,11.7,29.5
S06,S06,2015,3,7,0.0,,33.3,25.3,16.1,40.7
S06,S06,2015,3,8,0.6,,34.0,25.7,10.4,33.5
S06,S06,2015,3,9,9.0,,32.5,25.8,16.7,42.5
S06,S06,2015,3,10,0.0,,33.1,25.1,17.7,44.3
S06,S06,2015,3,11,8.2,,29.4,24.7,14.1,42.5
S06,S06,2015,3,12,0.0,,31.2,24.6,15.0,35.3
S06,S06,2015,3,13,0.0,,32.7,24.5,17.3,38.9
S06,S06,2015,3,14,0.1,,32.6,25.0,17.8,35.3
S06,S06,2015,3,15,2.4,,31.2,25.5,14.0,33.5
S06,S06,2015,3,16,17.7,,33.4,24.3,10.7,27.7
S06,S06,2015,3,17,0.0,,32.8,25.7,11.8,25.9
S06,S06,2015,3,18,0.0,,33.4,26.1,12.4,27.7
S06,S06,2015,3,19,26.8,,32.9,25.5,9.5,31.3
S06,S06,2015,3,20,0.0,,32.5,25.7,8.9,27.7
S06,S06,2015,3,21,0.0,,34.1,25.8,10.7,29.5
S06,S06,2015,3,22,37.2,,33.3,22.2,8.8,51.8
S06,S06,2015,3,23,0.0,,34.1,25.6,12.6,35.3
S06,S06,2015,3,24,0.0,,32.3,26.6,13.9,29.5
S06,S06,2015,3,25,0.0,,34.0,26.5,18.9,40.7
S06,S06,2015,3,26,0.0,,33.2,26.2,17.9,42.5
S06,S06,2015,3,27,0.0,,33.1,26.6,17.8,40.7
S06,S06,2015,3,28,0.0,,33.0,26.3,18.1,40.7
S06,S06,2015,3,29,22.3,,28.8,24.5,7.1,31.3
S06,S06,2015,3,30,0.1,,34.5,26.1,13.1,33.5
S06,S06,2015,3,31,19.0,,33.0,25.5,10.0,35.3
S06,S06,2015,4,1,4.8,,33.6,25.3,7.9,25.9
S06,S06,2015,4,2,5.5,,33.8,25.4,7.7,40.7
S06,S06,2015,4,3,0.0,,31.0,26.2,7.9,33.5
S06,S06,2015,4,4,0.2,,34.0,25.9,9.6,27.7
S06,S06,2015,4,5,3.4,,31.9,26.3,6.2,25.9
S06,S06,2015,4,6,1.0,,34.0,26.5,10.5,29.5
S06,S06,2015,4,7,9.5,,33.4,26.4,12.1,29.5
S06,S06,2015,4,8,0.0,,34.8,25.6,14.0,37.1
S06,S06,2015,4,9,0.0,,33.5,27.0,15.0,38.9
S06,S06,2015,4,10,0.3,,34.0,27.0,13.9,40.7
S06,S06,2015,4,11,1.7,,33.4,25.8,10.5,27.7
S06,S06,2015,4,12,0.0,,34.9,25.9,10.4,29.5
S06,S06,2015,4,13,0.0,,35.0,26.3,13.1,35.3
S06,S06,2015,4,14,0.0,,34.5,26.5,13.5,40.7
S06,S06,2015,4,15,0.0,,34.0,26.6,13.4,31.3
S06,S06,2015,4,16,0.0,,34.1,26.8,15.0,37.1
S06,S06,2015,4,17,0.0,,34.2,27.0,13.1,37.1
S06,S06,2015,4,18,0.0,,33.5,24.4,8.4,27.7
S06,S06,2015,4,19,1.2,,33.8,24.7,10.1,29.5
S06,S06,2015,4,20,0.0,,34.1,26.5,10.6,33.5
S06,S06,2015,4,21,14.8,,33.3,25.0,7.5,42.5
S06,S06,2015,4,22,0.1,,34.8,26.2,8.2,24.1
S06,S06,2015,4,23,0.0,,33.7,26.8,9.2,25.9
S06,S06,2015,4,24,25.0,,34.6,25.5,8.5,27.7
S06,S06,2015,4,25,5.3,,32.7,25.1,10.8,29.5
S06,S06,2015,4,26,4.0,,32.5,25.3,11.1,31.3
S06,S06,2015,4,27,0.2,,32.3,26.2,7.9,33.5
S06,S06,2015,4,28,48.3,,34.2,24.0,10.5,48.2
S06,S06,2015,4,29,0.0,,32.7,25.0,8.6,29.5
S06,S06,2015,4,30,5.7,,33.0,25.3,8.1,40.7
S06,S06,2015,5,1,3.0,,33.0,24.8,6.5,31.3
S06,S06,2015,5,2,7.6,,32.2,24.0,8.5,27.7
S06,S06,2015,5,3,40.3,,29.6,24.7,8.4,20.5
S06,S06,2015,5,4,0.5,,31.0,25.1,10.5,27.7
S06,S06,2015,5,5,0.0,,33.0,25.4,9.7,33.5
S06,S06,2015,5,6,1.3,,33.2,25.0,9.7,38.9
S06,S06,2015,5,7,1.2,,32.8,26.5,8.8,27.7
S06,S06,2015,5,8,0.0,,32.4,27.2,11.3,31.3
S06,S06,2015,5,9,0.0,,33.2,27.4,12.9,31.3
S06,S06,2015,5,10,0.0,,33.0,28.2,12.1,31.3
S06,S06,2015,5,11,0.0,,33.9,28.5,11.0,27.7
S06,S06,2015,5,12,0.0,,33.1,27.5,9.1,38.9
S06,S06,2015,5,13,0.0,,33.0,27.8,10.6,29.5
S06,S06,2015,5,14,2.4,,34.7,27.0,8.4,38.9
S06,S06,2015,5,15,101.9,,30.9,23.3,6.5,38.9
S06,S06,2015,5,16,0.0,,32.0,26.8,10.9,27.7
S06,S06,2015,5,17,0.0,,33.0,26.6,8.3,29.5
S06,S06,2015,5,18,58.6,,32.3,24.5,7.0,38.9
S06,S06,2015,5,19,0.0,,33.5,27.4,10.3,33.5
S06,S06,2015,5,20,0.1,,32.1,27.0,9.9,38.9
S06,S06,2015,5,21,0.0,,33.0,27.3,9.8,29.5
S06,S06,2015,5,22,0.0,,31.8,25.4,12.4,33.5
S06,S06,2015,5,23,17.1,,28.6,25.2,8.8,27.7
S06,S06,2015,5,24,0.0,,32.1,26.2,9.4,25.9
S06,S06,2015,5,25,0.0,,32.3,27.5,10.2,50.0
S06,S06,2015,5,26,7.2,,33.5,25.7,11.5,44.3
S06,S06,2015,5,27,0.0,,32.2,26.3,10.3,31.3
S06,S06,2015,5,28,0.0,,32.3,27.0,11.8,27.7
S06,S06,2015,5,29,0.0,,32.7,28.2,12.2,33.5
S06,S06,2015,5,30,0.0,,33.7,27.8,12.3,31.3
S06,S06,2015,5,31,0.0,,33.6,27.0,9.3,25.9
S06,S06,2015,6,1,0.0,,33.7,27.3,9.2,24.1
S06,S06,2015,6,2,0.2,,35.0,26.4,9.6,33.5
S06,S06,2015,6,3,0.0,,33.0,27.0,10.3,25.9
S06,S06,2015,6,4,0.2,,33.0,27.1,10.2,27.7
S06,S06,2015,6,5,0.0,,34.6,27.4,8.3,35.3
S06,S06,2015,6,6,3.0,,32.0,25.2,5.7,38.9
S06,S06,2015,6,7,10.7,,31.4,26.1,7.7,22.3
S06,S06,2015,6,8,0.0,,31.8,26.7,10.1,35.3
S06,S06,2015,6,9,0.0,,31.6,27.2,12.4,29.5
S06,S06,2015,6,10,1.7,,33.8,26.2,12.1,33.5
S06,S06,2015,6,11,0.0,,32.6,27.3,8.7,44.3
S06,S06,2015,6,12,4.9,,30.3,25.7,8.1,35.3
S06,S06,2015,6,13,0.0,,32.0,24.7,9.1,24.1
S06,S06,2015,6,14,4.7,,28.5,24.4,12.5,33.5
S06,S06,2015,6,15,0.1,,31.0,25.0,13.0,35.3
S06,S06,2015,6,16,0.7,,29.9,25.3,8.6,22.3
S06,S06,2015,6,17,0.2,,31.4,27.0,8.4,29.5
S06,S06,2015,6,18,0.0,,32.6,27.6,12.5,27.7
S06,S06,2015,6,19,0.0,,32.0,28.0,14.4,33.5
S06,S06,2015,6,20,0.0,,32.6,28.3,16.1,35.3
S06,S06,2015,6,21,0.0,,32.8,28.1,15.4,37.1
S06,S06,2015,6,22,0.0,,33.1,28.4,15.5,33.5
S06,S06,2015,6,23,0.0,,33.0,28.4,16.1,35.3
S06,S06,2015,6,24,0.0,,32.8,28.3,15.9,33.5
S06,S06,2015,6,25,0.0,,32.7,27.7,14.3,33.5
S06,S06,2015,6,26,0.0,,33.0,27.9,13.3,29.5
S06,S06,2015,6,27,0.0,,33.0,28.3,16.4,33.5
S06,S06,2015,6,28,0.0,,32.4,27.6,13.1,31.3
S06,S06,2015,6,29,0.0,,33.8,27.6,14.1,33.5
S06,S06,2015,6,30,0.0,,33.3,27.9,12.3,29.5
S06,S06,2015,7,1,3.7,,30.5,25.2,10.1,38.9
S06,S06,2015,7,2,0.0,,31.8,27.8,13.8,40.7
S06,S06,2015,7,3,0.0,,32.1,22.4,16.6,38.9
S06,S06,2015,7,4,42.4,,29.4,22.5,11.7,59.4
S06,S06,2015,7,5,0.0,,32.4,27.5,14.2,37.1
S06,S06,2015,7,6,1.3,,32.0,28.0,15.7,35.3
S06,S06,2015,7,7,0.9,,31.6,28.0,16.1,33.5
S06,S06,2015,7,8,7.7,,32.0,24.6,12.1,35.3
S06,S06,2015,7,9,0.2,,33.2,25.0,11.3,27.7
S06,S06,2015,7,10,5.1,,31.6,25.5,12.5,50.0
S06,S06,2015,7,11,1.0,,32.7,27.7,13.4,33.5
S06,S06,2015,7,12,0.0,,32.4,28.0,11.9,29.5
S06,S06,2015,7,13,1.7,,31.4,24.0,16.6,37.1
S06,S06,2015,7,14,34.6,,31.5,26.1,16.5,37.1
S06,S06,2015,7,15,0.0,,33.0,28.0,13.5,31.3
S06,S06,2015,7,16,0.0,,32.4,28.2,12.4,38.9
S06,S06,2015,7,17,0.0,,33.2,28.3,10.7,29.5
S06,S06,2015,7,18,0.0,,33.2,28.2,15.1,31.3
S06,S06,2015,7,19,5.1,,32.3,25.8,13.3,38.9
S06,S06,2015,7,20,0.0,,33.0,27.6,12.9,29.5
S06,S06,2015,7,21,2.9,,32.5,27.8,11.7,31.3
S06,S06,2015,7,22,0.0,,33.8,28.0,13.1,31.3
S06,S06,2015,7,23,0.0,,32.1,27.7,10.7,40.7
S06,S06,2015,7,24,0.2,,34.2,26.6,9.6,31.3
S06,S06,2015,7,25,0.0,,33.3,26.7,11.8,31.3
S06,S06,2015,7,26,0.8,,31.0,24.7,11.9,46.4
S06,S06,2015,7,27,0.0,,32.1,27.3,12.2,44.3
S06,S06,2015,7,28,0.0,,32.6,27.4,11.6,35.3
S06,S06,2015,7,29,0.0,,33.4,27.6,13.9,35.3
S06,S06,2015,7,30,0.0,,32.7,26.6,11.0,44.3
S06,S06,2015,7,31,1.0,,32.0,24.1,10.4,46.4
S06,S06,2015,8,1,0.9,,31.0,23.7,13.4,37.1
S06,S06,2015,8,2,0.0,,32.9,22.0,14.9,33.5
S06,S06,2015,8,3,52.8,,28.7,22.7,11.2,44.3
S06,S06,2015,8,4,14.6,,30.2,23.8,9.3,24.1
S06,S06,2015,8,5,0.0,,31.6,26.9,10.9,35.3
S06,S06,2015,8,6,3.5,,31.0,25.0,8.4,40.7
S06,S06,2015,8,7,21.1,,29.8,24.5,9.1,33.5
S06,S06,2015,8,8,29.8,,31.1,23.2,10.5,38.9
S06,S06,2015,8,9,8.9,,31.5,24.1,8.0,29.5
S06,S06,2015,8,10,0.0,,32.3,27.0,15.0,37.1
S06,S06,2015,8,11,6.2,,32.1,24.8,11.7,29.5
S06,S06,2015,8,12,14.3,,29.0,24.7,7.8,33.5
S06,S06,2015,8,13,0.0,,32.0,26.0,8.8,35.3
S06,S06,2015,8,14,0.0,,33.9,27.2,9.5,24.1
S06,S06,2015,8,15,0.0,,34.0,27.8,10.8,27.7
S06,S06,2015,8,16,0.0,,32.2,27.1,11.7,35.3
S06,S06,2015,8,17,0.0,,30.9,27.0,14.2,42.5
S06,S06,2015,8,18,0.0,,33.1,26.6,13.3,31.3
S06,S06,2015,8,19,0.0,,32.6,26.8,12.7,33.5
S06,S06,2015,8,20,0.0,,33.0,27.5,12.3,29.5
S06,S06,2015,8,21,0.7,,32.8,26.3,11.4,37.1
S06,S06,2015,8,22,0.0,,32.1,27.5,12.2,35.3
S06,S06,2015,8,23,0.0,,31.5,27.8,14.7,31.3
S06,S06,2015,8,24,0.0,,31.6,27.4,14.2,33.5
S06,S06,2015,8,25,0.9,,30.7,27.0,10.5,29.5
S06,S06,2015,8,26,6.0,,31.9,25.3,9.3,37.1
S06,S06,2015,8,27,0.0,,32.6,26.4,11.5,29.5
S06,S06,2015,8,28,0.0,,33.4,26.8,10.9,29.5
S06,S06,2015,8,29,0.0,,33.4,27.6,13.6,31.3
S06,S06,2015,8,30,6.7,,32.6,26.5,15.4,35.3
S06,S06,2015,8,31,0.0,,32.7,27.4,16.0,37.1
S06,S06,2015,9,1,0.0,,32.2,27.3,12.8,31.3
S06,S06,2015,9,2,0.0,,32.6,27.5,13.7,33.5
S06,S06,2015,9,3,0.0,,32.6,27.8,13.9,33.5
S06,S06,2015,9,4,0.0,,32.6,27.7,11.4,35.3
S06,S06,2015,9,5,0.0,,32.4,27.2,11.5,24.1
S06,S06,2015,9,6,0.0,,33.1,27.1,11.8,27.7
S06,S06,2015,9,7,0.0,,32.3,27.2,12.7,29.5
S06,S06,2015,9,8,0.0,,32.2,27.6,14.9,31.3
S06,S06,2015,9,9,0.0,,31.0,25.3,9.4,44.3
S06,S06,2015,9,10,0.0,,31.3,25.8,11.5,29.5
S06,S06,2015,9,11,0.0,,33.2,26.7,12.7,31.3
S06,S06,2015,9,12,0.0,,32.0,26.7,13.6,33.5
S06,S06,2015,9,13,0.0,,32.5,27.3,12.6,29.5
S06,S06,2015,9,14,0.0,,31.5,26.2,13.5,40.7
S06,S06,2015,9,15,50.2,,30.2,24.1,6.0,37.1
S06,S06,2015,9,16,4.3,,30.4,25.5,9.6,37.1
S06,S06,2015,9,17,0.0,,32.1,27.4,11.9,25.9
S06,S06,2015,9,18,0.0,,32.2,27.1,10.1,27.7
S06,S06,2015,9,19,0.0,,34.0,26.6,11.2,31.3
S06,S06,2015,9,20,0.6,,33.3,27.1,8.7,20.5
S06,S06,2015,9,21,2.3,,32.4,27.2,11.6,29.5
S06,S06,2015,9,22,2.4,,32.2,27.4,9.7,31.3
S06,S06,2015,9,23,0.0,,32.7,26.9,11.1,29.5
S06,S06,2015,9,24,0.0,,33.1,27.2,10.3,29.5
S06,S06,2015,9,25,0.0,,32.7,26.7,13.0,27.7
S06,S06,2015,9,26,0.0,,32.4,26.8,9.9,25.9
S06,S06,2015,9,27,0.0,,32.8,27.2,10.1,25.9
S06,S06,2015,9,28,10.0,,32.5,24.2,7.8,29.5
S06,S06,2015,9,29,0.0,,32.2,25.6,10.3,25.9
S06,S06,2015,9,30,11.4,,33.2,26.2,7.8,25.9
S06,S06,2015,10,1,0.1,,33.8,23.2,9.0,27.7
S06,S06,2015,10,2,9.6,,32.9,24.4,10.4,37.1
S06,S06,2015,10,3,0.0,,31.3,26.7,11.2,25.9
S06,S06,2015,10,4,0.0,,32.5,27.3,11.5,27.7
S06,S06,2015,10,5,0.4,,31.9,26.1,7.2,18.4
S06,S06,2015,10,6,1.0,,33.2,24.8,7.2,27.7
S06,S06,2015,10,7,11.7,,33.3,25.0,5.8,29.5
S06,S06,2015,10,8,0.0,,33.8,26.5,7.6,27.7
S06,S06,2015,10,9,0.0,,33.1,26.6,9.4,25.9
S06,S06,2015,10,10,0.0,,32.6,27.0,9.4,25.9
S06,S06,2015,10,11,0.0,,34.9,26.8,8.6,24.1
S06,S06,2015,10,12,0.0,,34.8,26.8,8.3,27.7
S06,S06,2015,10,13,0.0,,34.7,26.1,8.6,33.5
S06,S06,2015,10,14,0.0,,33.2,26.7,7.6,22.3
S06,S06,2015,10,15,0.0,,33.9,26.8,9.0,27.7
S06,S06,2015,10,16,0.0,,33.3,27.2,8.6,22.3
S06,S06,2015,10,17,0.0,,33.5,27.6,9.7,24.1
S06,S06,2015,10,18,0.0,,32.5,27.4,10.4,24.1
S06,S06,2015,10,19,0.0,,33.0,27.8,11.2,31.3
S06,S06,2015,10,20,0.0,,33.2,27.0,11.5,29.5
S06,S06,2015,10,21,0.0,,33.2,27.5,11.2,31.3
S06,S06,2015,10,22,0.0,,33.0,27.8,9.4,27.7
S06,S06,2015,10,23,0.0,,34.1,26.9,9.7,27.7
S06,S06,2015,10,24,0.4,,33.0,26.7,8.3,29.5
S06,S06,2015,10,25,4.1,,32.6,26.3,6.1,20.5
S06,S06,2015,10,26,0.0,,34.1,26.8,9.0,25.9
S06,S06,2015,10,27,0.0,,33.8,22.3,8.6,22.3
S06,S06,2015,10,28,23.1,,32.0,23.0,9.0,48.2
S06,S06,2015,10,29,0.0,,34.2,26.0,10.8,29.5
S06,S06,2015,10,30,1.1,,33.1,25.4,9.7,33.5
S06,S06,2015,10,31,0.2,,32.2,25.8,9.7,24.1
S06,S06,2015,11,1,0.2,,33.2,26.3,8.3,22.3
S06,S06,2015,11,2,1.0,,33.3,26.0,8.3,29.5
S06,S06,2015,11,3,0.0,,33.3,26.4,8.6,24.1
S06,S06,2015,11,4,0.0,,32.5,26.2,8.3,24.1
S06,S06,2015,11,5,0.0,,33.5,26.6,9.7,24.1
S06,S06,2015,11,6,1.0,,32.5,24.3,7.6,24.1
S06,S06,2015,11,7,30.9,,33.0,24.8,6.5,33.5
S06,S06,2015,11,8,1.6,,31.1,25.3,5.4,20.5
S06,S06,2015,11,9,10.5,,32.5,25.1,7.2,27.7
S06,S06,2015,11,10,0.0,,33.5,25.6,6.8,29.5
S06,S06,2015,11,11,11.7,,32.6,25.7,6.8,37.1
S06,S06,2015,11,12,0.0,,33.5,26.3,8.6,27.7
S06,S06,2015,11,13,38.4,,33.6,23.1,8.6,44.3
S06,S06,2015,11,14,0.0,,34.3,25.8,10.8,27.7
S06,S06,2015,11,15,0.1,,32.0,26.4,7.6,27.7
S06,S06,2015,11,16,1.1,,29.6,23.8,9.7,27.7
S06,S06,2015,11,17,17.3,,30.9,24.1,6.8,20.5
S06,S06,2015,11,18,0.0,,33.4,26.0,11.2,27.7
S06,S06,2015,11,19,0.0,,33.0,26.3,7.6,31.3
S06,S06,2015,11,20,0.0,,32.0,26.1,10.4,31.3
S06,S06,2015,11,21,0.7,,32.7,25.6,6.8,35.3
S06,S06,2015,11,22,0.1,,32.9,25.9,8.6,27.7
S06,S06,2015,11,23,0.2,,34.5,26.8,9.0,29.5
S06,S06,2015,11,24,30.5,,30.0,24.9,5.8,25.9
S06,S06,2015,11,25,40.0,,32.7,23.4,8.6,37.1
S06,S06,2015,11,26,3.4,,32.0,25.0,11.2,37.1
S06,S06,2015,11,27,0.0,,33.2,25.6,9.4,24.1
S06,S06,2015,11,28,0.0,,34.7,24.8,9.0,27.7
S06,S06,2015,11,29,4.2,,34.3,25.1,10.8,29.5
S06,S06,2015,11,30,33.5,,33.3,25.1,6.8,37.1
S06,S06,2015,12,1,25.0,,33.4,24.5,9.0,38.9
S06,S06,2015,12,2,0.0,,32.5,25.8,8.6,31.3
S06,S06,2015,12,3,0.0,,33.7,26.2,10.4,33.5
S06,S06,2015,12,4,11.6,,33.2,26.0,8.6,31.3
S06,S06,2015,12,5,27.1,,34.4,24.7,8.6,35.3
S06,S06,2015,12,6,29.8,,32.4,24.8,11.2,48.2
S06,S06,2015,12,7,0.0,,33.1,25.6,14.8,37.1
S06,S06,2015,12,8,27.9,,33.2,25.1,7.2,35.3
S06,S06,2015,12,9,2.5,,33.8,25.5,7.6,25.9
S06,S06,2015,12,10,42.7,,33.3,23.8,9.0,31.3
S06,S06,2015,12,11,7.3,,31.8,24.3,6.5,29.5
S06,S06,2015,12,12,7.4,,33.0,24.5,10.4,40.7
S06,S06,2015,12,13,13.1,,28.8,24.5,7.9,22.3
S06,S06,2015,12,14,2.8,,32.4,24.8,10.4,42.5
S06,S06,2015,12,15,0.0,,30.3,25.7,9.0,24.1
S06,S06,2015,12,16,0.0,,31.2,26.6,9.7,40.7
S06,S06,2015,12,17,0.0,,31.0,26.5,16.9,44.3
S06,S06,2015,12,18,1.8,,31.3,25.8,16.6,55.4
S06,S06,2015,12,19,0.0,,33.6,26.2,18.7,40.7
S06,S06,2015,12,20,0.0,,33.6,26.3,12.6,37.1
S06,S06,2015,12,21,3.0,,34.2,25.7,10.8,29.5
S06,S06,2015,12,22,0.0,,34.8,24.1,10.1,25.9
S06,S06,2015,12,23,3.1,,33.3,24.5,9.0,37.1
S06,S06,2015,12,24,50.4,,30.0,23.6,8.3,35.3
S06,S06,2015,12,25,0.0,,32.4,25.5,15.8,38.9
S06,S06,2015,12,26,0.0,,32.6,26.0,16.9,44.3
S06,S06,2015,12,27,0.0,,32.5,26.2,13.7,35.3
S06,S06,2015,12,28,4.0,,34.0,24.3,13.7,37.1
S06,S06,2015,12,29,9.1,,29.5,24.8,15.5,38.9
S06,S06,2015,12,30,0.8,,32.9,25.2,21.6,44.3
S06,S06,2015,12,31,12.4,,31.2,25.0,14.4,50.0
S06,S06,2016,1,1,1.1,,29.8,25.8,16.6,46.4
S06,S06,2016,1,2,32.4,,28.4,23.3,10.4,37.1
S06,S06,2016,1,3,10.1,,27.6,24.9,10.1,25.9
S06,S06,2016,1,4,0.2,,33.0,25.5,12.2,33.5
S06,S06,2016,1,5,0.0,,33.5,26.4,14.0,31.3
S06,S06,2016,1,6,0.0,,32.6,26.2,14.4,40.7
S06,S06,2016,1,7,0.0,,33.2,25.7,17.3,37.1
S06,S06,2016,1,8,0.0,,33.7,26.2,15.8,37.1
S06,S06,2016,1,9,0.0,,33.5,26.5,18.0,38.9
S06,S06,2016,1,10,0.0,,33.8,26.0,13.7,35.3
S06,S06,2016,1,11,0.0,,34.0,25.7,13.3,35.3
S06,S06,2016,1,12,0.0,,33.6,27.0,15.8,33.5
S06,S06,2016,1,13,0.0,,33.9,26.5,14.8,35.3
S06,S06,2016,1,14,0.0,,33.8,26.6,14.4,35.3
S06,S06,2016,1,15,1.9,,33.2,26.2,8.6,33.5
S06,S06,2016,1,16,4.7,,33.2,25.7,6.1,27.7
S06,S06,2016,1,17,9.4,,31.8,25.2,6.8,33.5
S06,S06,2016,1,18,0.0,,34.2,26.2,7.9,27.7
S06,S06,2016,1,19,1.0,,32.4,27.0,13.7,38.9
S06,S06,2016,1,20,0.3,,32.4,26.6,10.4,31.3
S06,S06,2016,1,21,0.8,,32.0,26.5,14.4,35.3
S06,S06,2016,1,22,4.0,,32.1,27.0,12.6,35.3
S06,S06,2016,1,23,9.6,,33.4,26.0,16.9,38.9
S06,S06,2016,1,24,0.1,,33.4,26.6,22.0,50.0
S06,S06,2016,1,25,2.1,,33.0,25.7,20.2,55.4
S06,S06,2016,1,26,6.3,,30.1,26.2,14.0,37.1
S06,S06,2016,1,27,0.0,,33.6,25.4,16.2,38.9
S06,S06,2016,1,28,0.0,,34.5,26.5,13.0,33.5
S06,S06,2016,1,29,2.0,,32.4,26.7,15.5,37.1
S06,S06,2016,1,30,0.0,,33.9,26.9,17.6,40.7
S06,S06,2016,1,31,0.0,,33.8,26.8,16.2,33.5
S06,S06,2016,2,1,0.0,,34.1,25.5,22.0,46.4
S06,S06,2016,2,2,3.4,,32.3,25.6,16.2,44.3
S06,S06,2016,2,3,0.0,,33.7,26.3,13.7,33.5
S06,S06,2016,2,4,3.6,,31.9,26.0,12.6,42.5
S06,S06,2016,2,5,4.3,,32.5,26.2,9.0,29.5
S06,S06,2016,2,6,23.9,,32.5,24.9,18.7,51.8
S06,S06,2016,2,7,26.5,,28.6,25.3,24.8,53.6
S06,S06,2016,2,8,0.2,,30.1,26.8,23.8,46.4
S06,S06,2016,2,9,0.0,,29.6,25.8,15.5,29.5
S06,S06,2016,2,10,0.0,,29.5,25.4,17.6,38.9
S06,S06,2016,2,11,0.2,,31.1,25.8,14.8,25.9
S06,S06,2016,2,12,6.4,,33.5,24.2,13.3,38.9
S06,S06,2016,2,13,0.0,,33.9,26.2,13.7,33.5
S06,S06,2016,2,14,3.1,,32.4,26.3,9.0,24.1
S06,S06,2016,2,15,0.0,,33.8,26.4,16.6,35.3
S06,S06,2016,2,16,0.0,,32.6,25.6,23.8,53.6
S06,S06,2016,2,17,0.0,,32.3,25.3,20.9,42.5
S06,S06,2016,2,18,0.1,,32.0,24.0,14.4,42.5
S06,S06,2016,2,19,102.4,,28.0,23.8,7.6,33.5
S06,S06,2016,2,20,8.4,,30.6,24.8,15.5,42.5
S06,S06,2016,2,21,0.0,,31.2,25.1,18.0,42.5
S06,S06,2016,2,22,0.0,,32.7,25.7,18.7,40.7
S06,S06,2016,2,23,0.0,,32.6,25.5,19.4,44.3
S06,S06,2016,2,24,18.5,,30.0,24.2,15.8,35.3
S06,S06,2016,2,25,0.0,,31.9,25.5,25.6,57.2
S06,S06,2016,2,26,0.1,,32.7,25.6,20.5,42.5
S06,S06,2016,2,27,0.0,,33.1,26.3,20.9,42.5
S06,S06,2016,2,28,0.0,,32.5,26.4,23.0,46.4
S06,S06,2016,2,29,0.0,,33.0,26.2,25.2,48.2
S06,S06,2016,3,1,0.0,,33.2,26.3,22.0,48.2
S06,S06,2016,3,2,0.0,,31.9,26.3,25.2,50.0
S06,S06,2016,3,3,0.0,,32.5,26.3,21.2,44.3
S06,S06,2016,3,4,1.2,,32.1,26.2,19.8,42.5
S06,S06,2016,3,5,0.0,,33.2,26.2,16.6,37.1
S06,S06,2016,3,6,0.0,,33.8,26.9,18.0,38.9
S06,S06,2016,3,7,0.0,,33.6,26.7,16.9,37.1
S06,S06,2016,3,8,0.8,,32.9,26.1,10.1,31.3
S06,S06,2016,3,9,0.0,,34.9,26.5,13.3,27.7
S06,S06,2016,3,10,0.1,,34.5,27.0,9.7,27.7
S06,S06,2016,3,11,0.0,,35.5,26.7,15.5,38.9
S06,S06,2016,3,12,0.0,,33.6,27.2,16.6,37.1
S06,S06,2016,3,13,22.9,,33.8,25.6,12.2,35.3
S06,S06,2016,3,14,0.0,,34.4,26.5,11.9,33.5
S06,S06,2016,3,15,0.0,,33.9,26.2,16.2,37.1
S06,S06,2016,3,16,0.0,,34.1,25.8,11.9,29.5
S06,S06,2016,3,17,0.0,,34.4,25.1,15.5,33.5
S06,S06,2016,3,18,0.0,,34.0,25.8,11.9,25.9
S06,S06,2016,3,19,0.0,,33.9,26.2,14.8,29.5
S06,S06,2016,3,20,9.3,,32.8,26.8,9.7,27.7
S06,S06,2016,3,21,18.0,,34.0,26.8,9.0,24.1
S06,S06,2016,3,22,0.0,,33.8,27.3,9.0,31.3
S06,S06,2016,3,23,0.0,,34.6,26.8,10.8,27.7
S06,S06,2016,3,24,0.0,,34.3,26.6,12.6,33.5
S06,S06,2016,3,25,0.0,,34.7,26.9,11.2,33.5
S06,S06,2016,3,26,0.0,,33.2,27.3,16.2,40.7
S06,S06,2016,3,27,0.0,,33.6,26.9,21.6,46.4
S06,S06,2016,3,28,,,34.0,26.6,,51.8
S06,S06,2016,3,29,,,34.2,26.3,,46.4
S06,S06,2016,3,30,0.0,,33.9,26.9,18.0,42.5
S06,S06,2016,3,31,0.0,,33.5,26.9,18.7,37.1
S06,S06,2016,4,1,0.0,,34.6,26.0,17.3,37.1
S06,S06,2016,4,2,1.5,,35.2,26.4,14.4,40.7
S06,S06,2016,4,3,6.1,,34.0,26.7,10.4,27.7
S06,S06,2016,4,4,8.2,,34.9,26.9,12.6,35.3
S06,S06,2016,4,5,0.0,,33.8,26.5,10.4,31.3
S06,S06,2016,4,6,0.0,,35.8,26.5,11.9,35.3
S06,S06,2016,4,7,0.0,,35.5,26.8,10.4,29.5
S06,S06,2016,4,8,0.0,,35.0,26.9,12.2,29.5
S06,S06,2016,4,9,22.3,,34.8,25.4,7.6,31.3
S06,S06,2016,4,10,0.0,,35.0,26.5,12.2,29.5
S06,S06,2016,4,11,1.2,,33.3,28.0,7.9,25.9
S06,S06,2016,4,12,16.6,,35.1,25.6,9.7,35.3
S06,S06,2016,4,13,0.0,,35.8,27.8,12.2,37.1
S06,S06,2016,4,14,11.1,,34.9,26.6,9.4,25.9
S06,S06,2016,4,15,2.5,,31.9,26.8,9.4,38.9
S06,S06,2016,4,16,23.0,,35.0,24.9,9.4,31.3
S06,S06,2016,4,17,0.0,,36.5,27.3,7.6,29.5
S06,S06,2016,4,18,0.0,,35.9,27.9,10.1,25.9
S06,S06,2016,4,19,0.0,,36.0,28.2,13.0,29.5
S06,S06,2016,4,20,0.1,,35.2,27.6,8.3,27.7
S06,S06,2016,4,21,0.0,,36.1,27.8,11.9,31.3
S06,S06,2016,4,22,5.7,,34.9,27.7,6.8,33.5
S06,S06,2016,4,23,0.0,,33.1,27.8,8.3,31.3
S06,S06,2016,4,24,0.0,,32.2,26.2,9.4,24.1
S06,S06,2016,4,25,12.5,,34.1,26.2,6.8,31.3
S06,S06,2016,4,26,2.6,,32.4,27.0,7.6,24.1
S06,S06,2016,4,27,4.8,,33.3,26.9,7.9,25.9
S06,S06,2016,4,28,0.1,,33.4,27.1,7.9,29.5
S06,S06,2016,4,29,44.9,,33.9,24.2,5.4,35.3
S06,S06,2016,4,30,12.6,,33.9,26.4,5.8,31.3
S06,S06,2016,5,1,0.0,,34.2,26.7,7.9,24.1
S06,S06,2016,5,2,0.8,,34.1,27.1,6.8,29.5
S06,S06,2016,5,3,0.0,,36.5,27.4,7.6,24.1
S06,S06,2016,5,4,0.0,,36.4,27.6,10.8,27.7
S06,S06,2016,5,5,0.2,,35.6,28.1,6.5,25.9
S06,S06,2016,5,6,0.0,,35.3,27.6,7.9,29.5
S06,S06,2016,5,7,0.0,,33.7,27.6,8.3,35.3
S06,S06,2016,5,8,0.0,,33.7,27.4,8.3,25.9
S06,S06,2016,5,9,2.0,,34.2,27.8,6.8,22.3
S06,S06,2016,5,10,0.0,,34.8,28.1,8.3,27.7
S06,S06,2016,5,11,32.0,,35.2,25.5,6.1,35.3
S06,S06,2016,5,12,0.0,,33.6,27.5,9.7,35.3
S06,S06,2016,5,13,8.3,,32.2,25.5,7.6,38.9
S06,S06,2016,5,14,3.6,,33.4,25.7,7.6,27.7
S06,S06,2016,5,15,1.1,,33.7,26.1,7.9,27.7
S06,S06,2016,5,16,43.8,,34.8,25.0,9.7,37.1
S06,S06,2016,5,17,0.0,,33.1,27.2,5.4,27.7
S06,S06,2016,5,18,10.3,,32.8,25.3,7.2,29.5
S06,S06,2016,5,19,0.0,,33.0,26.6,7.6,33.5
S06,S06,2016,5,20,0.0,,34.4,25.0,6.8,20.5
S06,S06,2016,5,21,29.1,,31.9,25.1,9.7,35.3
S06,S06,2016,5,22,30.9,,33.8,25.0,7.2,50.0
S06,S06,2016,5,23,3.3,,34.5,26.4,9.0,55.4
S06,S06,2016,5,24,0.0,,33.5,28.0,10.4,31.3
S06,S06,2016,5,25,0.2,,33.9,27.9,7.6,25.9
S06,S06,2016,5,26,0.0,,32.8,27.6,12.6,31.3
S06,S06,2016,5,27,0.0,,33.9,25.5,13.0,33.5
S06,S06,2016,5,28,20.3,,32.2,25.6,7.9,35.3
S06,S06,2016,5,29,0.5,,33.7,26.5,8.6,25.9
S06,S06,2016,5,30,0.4,,33.0,26.7,8.6,40.7
S06,S06,2016,5,31,0.0,,34.5,26.5,7.6,27.7
S06,S06,2016,6,1,2.0,,32.1,26.2,5.8,38.9
S06,S06,2016,6,2,0.5,,33.1,26.6,7.6,38.9
S06,S06,2016,6,3,0.0,,33.8,26.4,7.9,33.5
S06,S06,2016,6,4,1.9,,28.0,26.0,6.1,27.7
S06,S06,2016,6,5,0.0,,32.6,26.3,7.9,22.3
S06,S06,2016,6,6,0.0,,33.2,28.0,9.0,31.3
S06,S06,2016,6,7,1.9,,33.4,26.7,8.6,35.3
S06,S06,2016,6,8,1.6,,30.9,24.8,7.9,42.5
S06,S06,2016,6,9,7.2,,34.2,26.3,8.3,33.5
S06,S06,2016,6,10,6.5,,32.6,26.6,9.4,33.5
S06,S06,2016,6,11,3.9,,32.5,26.0,9.7,33.5
S06,S06,2016,6,12,0.0,,32.8,26.8,9.7,33.5
S06,S06,2016,6,13,0.0,,33.4,26.5,9.4,25.9
S06,S06,2016,6,14,0.0,,33.1,27.5,9.4,46.4
S06,S06,2016,6,15,48.0,,31.2,24.8,8.3,29.5
S06,S06,2016,6,16,0.1,,31.0,26.7,8.6,33.5
S06,S06,2016,6,17,14.2,,30.3,24.3,10.4,33.5
S06,S06,2016,6,18,0.3,,30.8,25.7,5.0,16.6
S06,S06,2016,6,19,0.0,,30.7,25.9,5.0,14.8
S06,S06,2016,6,20,0.0,,33.0,26.2,8.6,29.5
S06,S06,2016,6,21,0.3,,34.0,25.8,7.2,24.1
S06,S06,2016,6,22,2.8,,32.0,25.5,6.1,40.7
S06,S06,2016,6,23,0.0,,32.2,22.7,10.4,25.9
S06,S06,2016,6,24,74.0,,29.8,23.0,6.8,48.2
S06,S06,2016,6,25,0.0,,32.8,27.2,11.9,27.7
S06,S06,2016,6,26,0.6,,31.9,27.9,9.0,29.5
S06,S06,2016,6,27,0.0,,31.7,27.7,11.9,29.5
S06,S06,2016,6,28,0.0,,34.6,27.6,10.8,25.9
S06,S06,2016,6,29,0.0,,35.4,28.0,9.4,27.7
S06,S06,2016,6,30,0.0,,33.9,27.0,7.2,22.3
S06,S06,2016,7,1,0.0,,33.2,27.3,7.9,22.3
S06,S06,2016,7,2,0.0,,33.1,28.2,9.4,22.3
S06,S06,2016,7,3,0.0,,33.6,28.5,9.4,24.1
S06,S06,2016,7,4,0.0,,34.1,28.2,9.4,24.1
S06,S06,2016,7,5,0.0,,34.1,28.3,11.5,29.5
S06,S06,2016,7,6,1.8,,32.7,26.4,9.0,35.3
S06,S06,2016,7,7,4.0,,32.6,25.9,14.0,40.7
S06,S06,2016,7,8,9.0,,31.7,24.4,10.8,38.9
S06,S06,2016,7,9,0.0,,33.6,28.0,12.2,29.5
S06,S06,2016,7,10,0.0,,33.5,28.0,10.4,31.3
S06,S06,2016,7,11,9.3,,31.0,24.6,12.2,42.5
S06,S06,2016,7,12,0.0,,33.3,27.6,9.4,25.9
S06,S06,2016,7,13,0.5,,31.3,25.4,7.6,42.5
S06,S06,2016,7,14,0.8,,30.0,25.3,8.6,46.4
S06,S06,2016,7,15,3.0,,31.5,25.3,8.3,33.5
S06,S06,2016,7,16,0.5,,33.4,25.8,7.9,33.5
S06,S06,2016,7,17,11.5,,32.9,25.5,5.8,33.5
S06,S06,2016,7,18,16.4,,32.2,24.1,7.6,33.5
S06,S06,2016,7,19,1.0,,33.0,23.5,9.7,31.3
S06,S06,2016,7,20,22.8,,31.1,23.6,9.4,29.5
S06,S06,2016,7,21,64.1,,31.3,24.6,7.6,38.9
S06,S06,2016,7,22,6.9,,29.4,24.5,7.6,35.3
S06,S06,2016,7,23,2.3,,32.6,24.9,9.4,25.9
S06,S06,2016,7,24,7.9,,31.4,25.4,7.2,31.3
S06,S06,2016,7,25,0.5,,29.9,25.4,7.6,29.5
S06,S06,2016,7,26,3.0,,30.1,23.2,7.6,40.7
S06,S06,2016,7,27,0.0,,32.7,25.1,10.4,25.9
S06,S06,2016,7,28,6.3,,31.0,25.7,8.3,37.1
S06,S06,2016,7,29,0.0,,32.8,26.5,13.3,29.5
S06,S06,2016,7,30,0.0,,31.9,26.7,7.9,22.3
S06,S06,2016,7,31,23.1,,32.9,24.0,9.7,40.7
S06,S06,2016,8,1,10.8,,32.0,25.5,9.4,29.5
S06,S06,2016,8,2,0.0,,34.0,22.4,12.2,29.5
S06,S06,2016,8,3,10.5,,31.7,23.0,10.8,61.2
S06,S06,2016,8,4,0.0,,31.5,27.0,13.7,31.3
S06,S06,2016,8,5,1.0,,33.2,27.4,10.4,25.9
S06,S06,2016,8,6,14.4,,32.7,25.2,10.1,27.7
S06,S06,2016,8,7,0.0,,33.0,27.5,9.7,31.3
S06,S06,2016,8,8,0.0,,34.2,27.5,7.9,24.1
S06,S06,2016,8,9,0.0,,33.6,28.0,11.9,27.7
S06,S06,2016,8,10,0.0,,33.8,28.2,12.2,29.5
S06,S06,2016,8,11,0.0,,32.6,28.3,11.5,37.1
S06,S06,2016,8,12,2.5,,32.0,26.5,11.9,37.1
S06,S06,2016,8,13,0.0,,33.3,26.8,9.4,31.3
S06,S06,2016,8,14,0.4,,33.6,27.2,11.5,31.3
S06,S06,2016,8,15,0.0,,33.4,27.5,14.4,33.5
S06,S06,2016,8,16,0.0,,32.6,27.5,12.6,33.5
S06,S06,2016,8,17,0.0,,33.4,27.8,11.2,35.3
S06,S06,2016,8,18,0.0,,33.6,22.7,14.4,44.3
S06,S06,2016,8,19,17.0,,32.5,23.2,13.0,38.9
S06,S06,2016,8,20,6.1,,33.6,24.9,12.6,29.5
S06,S06,2016,8,21,8.9,,30.6,24.0,9.4,37.1
S06,S06,2016,8,22,0.0,,33.3,27.7,9.7,25.9
S06,S06,2016,8,23,13.8,,33.6,25.0,8.6,31.3
S06,S06,2016,8,24,17.4,,31.8,25.4,14.0,38.9
S06,S06,2016,8,25,0.0,,33.7,26.8,13.7,33.5
S06,S06,2016,8,26,0.0,,33.8,27.4,11.5,22.3
S06,S06,2016,8,27,0.2,,34.1,27.3,8.6,29.5
S06,S06,2016,8,28,0.0,,33.1,26.6,8.6,25.9
S06,S06,2016,8,29,0.0,,33.1,26.2,9.7,25.9
S06,S06,2016,8,30,12.1,,30.6,24.4,8.3,35.3
S06,S06,2016,8,31,0.0,,33.4,26.4,10.1,40.7
S06,S06,2016,9,1,2.5,,31.9,24.5,7.2,38.9
S06,S06,2016,9,2,0.0,,33.0,26.1,9.4,33.5
S06,S06,2016,9,3,0.0,,33.9,27.3,9.0,27.7
S06,S06,2016,9,4,0.9,,32.9,26.2,6.5,29.5
S06,S06,2016,9,5,0.0,,32.5,26.2,8.3,31.3
S06,S06,2016,9,6,0.2,,33.8,24.2,11.9,35.3
S06,S06,2016,9,7,9.3,,29.2,24.3,14.0,51.8
S06,S06,2016,9,8,0.0,,32.2,27.6,13.0,31.3
S06,S06,2016,9,9,0.8,,33.1,25.6,9.4,37.1
S06,S06,2016,9,10,2.9,,31.3,23.0,10.8,51.8
S06,S06,2016,9,11,0.0,,32.5,25.8,13.0,35.3
S06,S06,2016,9,12,16.7,,29.0,25.0,6.5,33.5
S06,S06,2016,9,13,0.0,,32.6,24.9,11.5,29.5
S06,S06,2016,9,14,95.6,,30.3,23.8,7.9,35.3
S06,S06,2016,9,15,0.0,,33.8,23.4,10.1,29.5
S06,S06,2016,9,16,16.6,,33.7,23.6,12.6,48.2
S06,S06,2016,9,17,0.1,,33.3,22.2,8.3,27.7
S06,S06,2016,9,18,18.9,,33.9,23.4,8.6,46.4
S06,S06,2016,9,19,23.9,,32.0,24.2,9.4,42.5
S06,S06,2016,9,20,5.0,,33.0,24.5,12.6,40.7
S06,S06,2016,9,21,0.3,,34.9,25.2,10.1,40.7
S06,S06,2016,9,22,0.0,,33.3,26.8,10.1,31.3
S06,S06,2016,9,23,0.0,,33.9,26.1,10.1,31.3
S06,S06,2016,9,24,0.0,,33.0,25.7,9.0,35.3
S06,S06,2016,9,25,0.0,,32.7,25.6,7.2,29.5
S06,S06,2016,9,26,0.0,,34.2,26.4,10.4,37.1
S06,S06,2016,9,27,0.0,,31.3,26.7,6.1,22.3
S06,S06,2016,9,28,0.0,,35.4,26.8,10.8,33.5
S06,S06,2016,9,29,0.0,,35.4,27.2,9.7,33.5
S06,S06,2016,9,30,1.2,,36.3,25.5,9.7,57.2
S06,S06,2016,10,1,0.1,,32.0,25.9,9.7,37.1
S06,S06,2016,10,2,0.4,,34.9,24.7,10.1,33.5
S06,S06,2016,10,3,71.9,,31.7,24.0,11.2,53.6
S06,S06,2016,10,4,0.8,,33.6,26.5,10.4,31.3
S06,S06,2016,10,5,0.0,,33.1,26.4,8.6,27.7
S06,S06,2016,10,6,0.7,,31.3,23.6,6.8,29.5
S06,S06,2016,10,7,36.1,,28.8,23.9,7.9,37.1
S06,S06,2016,10,8,0.0,,33.1,24.9,9.0,24.1
S06,S06,2016,10,9,0.0,,33.8,25.2,9.4,38.9
S06,S06,2016,10,10,0.0,,34.9,27.2,11.2,29.5
S06,S06,2016,10,11,0.0,,35.5,27.5,13.0,38.9
S06,S06,2016,10,12,0.2,,34.7,28.0,12.6,38.9
S06,S06,2016,10,13,0.0,,32.4,25.0,11.9,31.3
S06,S06,2016,10,14,10.3,,32.7,25.1,12.6,38.9
S06,S06,2016,10,15,0.0,,34.9,25.6,10.8,33.5
S06,S06,2016,10,16,6.8,,33.0,26.0,10.1,51.8
S06,S06,2016,10,17,0.0,,32.5,26.5,10.4,31.3
S06,S06,2016,10,18,0.0,,34.0,22.7,11.2,31.3
S06,S06,2016,10,19,14.0,,31.3,23.6,6.1,55.4
S06,S06,2016,10,20,0.0,,33.9,27.3,10.8,25.9
S06,S06,2016,10,21,0.0,,34.0,27.2,8.6,29.5
S06,S06,2016,10,22,1.3,,32.3,24.8,9.4,42.5
S06,S06,2016,10,23,0.4,,32.8,26.2,5.4,22.3
S06,S06,2016,10,24,16.2,,31.1,24.7,7.2,31.3
S06,S06,2016,10,25,14.5,,32.6,23.8,7.2,37.1
S06,S06,2016,10,26,1.9,,33.4,25.0,8.6,24.1
S06,S06,2016,10,27,33.3,,31.1,24.1,7.6,31.3
S06,S06,2016,10,28,25.7,,32.4,25.0,4.7,25.9
S06,S06,2016,10,29,5.1,,30.9,24.2,8.3,44.3
S06,S06,2016,10,30,0.7,,30.8,25.5,7.2,29.5
S06,S06,2016,10,31,0.0,,33.8,24.1,8.3,27.7
S06,S06,2016,11,1,27.6,,30.5,23.6,4.7,37.1
S06,S06,2016,11,2,20.3,,32.5,23.9,6.8,48.2
S06,S06,2016,11,3,2.1,,32.6,25.8,10.4,35.3
S06,S06,2016,11,4,7.4,,32.5,25.9,7.9,24.1
S06,S06,2016,11,5,5.2,,29.1,25.5,9.0,27.7
S06,S06,2016,11,6,0.1,,33.1,25.8,8.3,25.9
S06,S06,2016,11,7,8.7,,28.8,25.1,7.2,25.9
S06,S06,2016,11,8,0.0,,34.2,25.0,9.0,24.1
S06,S06,2016,11,9,10.3,,31.8,24.6,6.1,25.9
S06,S06,2016,11,10,3.8,,33.5,25.2,9.4,37.1
S06,S06,2016,11,11,1.7,,32.1,25.4,5.8,35.3
S06,S06,2016,11,12,32.6,,32.7,25.6,5.0,38.9
S06,S06,2016,11,13,0.0,,31.7,26.2,7.2,25.9
S06,S06,2016,11,14,54.2,,27.8,23.3,7.6,42.5
S06,S06,2016,11,15,0.1,,32.8,22.4,10.4,25.9
S06,S06,2016,11,16,53.5,,29.6,22.3,8.3,40.7
S06,S06,2016,11,17,8.6,,32.4,25.2,6.8,31.3
S06,S06,2016,11,18,0.0,,33.4,24.9,7.6,22.3
S06,S06,2016,11,19,7.1,,32.5,25.2,4.3,25.9
S06,S06,2016,11,20,51.2,,31.8,24.8,6.8,33.5
S06,S06,2016,11,21,0.0,,33.0,26.3,9.0,25.9
S06,S06,2016,11,22,0.0,,29.9,25.0,8.6,31.3
S06,S06,2016,11,23,0.8,,30.8,25.7,9.7,37.1
S06,S06,2016,11,24,0.0,,33.6,25.6,10.4,27.7
S06,S06,2016,11,25,48.4,,33.5,24.8,6.5,35.3
S06,S06,2016,11,26,10.4,,32.7,24.2,9.4,27.7
S06,S06,2016,11,27,1.5,,30.8,24.5,10.4,33.5
S06,S06,2016,11,28,0.0,,31.3,26.0,11.5,33.5
S06,S06,2016,11,29,0.1,,28.9,25.3,9.0,31.3
S06,S06,2016,11,30,0.0,,33.4,25.7,14.0,31.3
S06,S06,2016,12,1,6.9,,28.6,24.4,6.5,22.3
S06,S06,2016,12,2,2.4,,32.9,24.9,9.0,29.5
S06,S06,2016,12,3,8.2,,30.9,25.4,6.1,18.4
S06,S06,2016,12,4,2.1,,34.5,26.2,8.6,25.9
S06,S06,2016,12,5,4.4,,35.6,25.9,8.6,25.9
S06,S06,2016,12,6,21.7,,33.7,25.0,7.6,59.4
S06,S06,2016,12,7,0.2,,34.4,26.7,9.7,25.9
S06,S06,2016,12,8,0.0,,33.9,24.8,9.7,27.7
S06,S06,2016,12,9,21.5,,32.2,25.2,7.6,37.1
S06,S06,2016,12,10,0.9,,31.4,24.2,8.3,24.1
S06,S06,2016,12,11,7.7,,30.7,24.9,9.0,31.3
S06,S06,2016,12,12,0.0,,32.9,26.1,12.6,42.5
S06,S06,2016,12,13,1.1,,34.1,25.5,11.2,40.7
S06,S06,2016,12,14,0.2,,34.8,26.4,9.7,35.3
S06,S06,2016,12,15,0.0,,33.9,26.8,10.1,29.5
S06,S06,2016,12,16,0.5,,32.5,26.2,8.6,22.3
S06,S06,2016,12,17,7.2,,31.7,23.1,9.4,31.3
S06,S06,2016,12,18,18.5,,32.8,23.5,9.7,33.5
S06,S06,2016,12,19,2.0,,33.1,25.7,11.5,31.3
S06,S06,2016,12,20,0.1,,33.2,25.4,14.8,40.7
S06,S06,2016,12,21,1.1,,33.6,26.1,9.7,33.5
S06,S06,2016,12,22,21.4,,33.3,24.9,8.3,31.3
S06,S06,2016,12,23,16.8,,31.9,24.6,7.9,33.5
S06,S06,2016,12,24,73.4,,33.1,24.6,10.4,38.9
S06,S06,2016,12,25,11.5,,33.6,24.7,9.4,46.4
S06,S06,2016,12,26,0.0,,31.4,24.8,11.5,27.7
S06,S06,2016,12,27,0.8,,31.2,23.5,12.6,38.9
S06,S06,2016,12,28,4.2,,28.7,23.8,14.4,35.3
S06,S06,2016,12,29,0.0,,31.5,25.6,15.5,37.1
S06,S06,2016,12,30,1.1,,33.9,25.0,13.7,42.5
S06,S06,2016,12,31,0.0,,30.6,25.4,9.4,25.9
S06,S06,2017,1,1,3.1,,32.2,26.0,13.3,35.3
S06,S06,2017,1,2,15.2,,31.2,25.1,6.5,22.3
S06,S06,2017,1,3,0.1,,30.7,24.0,11.2,37.1
S06,S06,2017,1,4,3.2,,31.2,24.5,10.4,33.5
S06,S06,2017,1,5,1.2,,33.0,25.1,9.0,25.9
S06,S06,2017,1,6,0.0,,33.8,26.3,9.4,24.1
S06,S06,2017,1,7,0.0,,35.3,26.6,9.4,27.7
S06,S06,2017,1,8,1.3,,35.3,26.8,9.7,27.7
S06,S06,2017,1,9,0.0,,34.1,26.3,10.8,25.9
S06,S06,2017,1,10,28.7,,33.4,25.6,10.8,29.5
S06,S06,2017,1,11,44.9,,33.3,22.1,8.6,46.4
S06,S06,2017,1,12,0.0,,33.0,25.8,6.8,29.5
S06,S06,2017,1,13,0.6,,32.0,25.7,5.8,22.3
S06,S06,2017,1,14,0.0,,32.2,25.8,3.6,11.2
S06,S06,2017,1,15,0.0,,33.8,25.6,5.0,16.6
S06,S06,2017,1,16,0.0,,33.2,25.9,4.0,18.4
S06,S06,2017,1,17,0.0,,33.0,25.1,4.7,13.0
S06,S06,2017,1,18,66.4,,32.8,23.0,4.7,25.9
S06,S06,2017,1,19,36.4,,33.6,24.4,5.4,25.9
S06,S06,2017,1,20,16.6,,30.3,24.0,4.0,16.6
S06,S06,2017,1,21,44.4,,31.6,23.3,6.5,18.4
S06,S06,2017,1,22,13.3,,30.5,24.2,8.6,27.7
S06,S06,2017,1,23,73.9,,28.3,23.7,9.0,33.5
S06,S06,2017,1,24,17.5,,24.9,23.3,6.8,25.9
S06,S06,2017,1,25,0.3,,30.5,23.4,11.2,29.5
S06,S06,2017,1,26,1.5,,32.0,24.6,13.3,33.5
S06,S06,2017,1,27,0.1,,31.3,25.5,20.9,44.3
S06,S06,2017,1,28,17.5,,29.9,24.5,12.2,38.9
S06,S06,2017,1,29,0.1,,29.4,25.1,11.9,25.9
S06,S06,2017,1,30,3.1,,29.8,25.0,10.4,35.3
S06,S06,2017,1,31,0.0,,31.3,25.5,15.5,33.5
S06,S06,2017,2,1,0.0,,32.1,25.5,14.0,29.5
S06,S06,2017,2,2,7.5,,32.0,25.8,8.6,22.3
S06,S06,2017,2,3,10.4,,33.9,25.1,6.8,27.7
S06,S06,2017,2,4,70.6,,33.6,24.9,5.4,22.3
S06,S06,2017,2,5,0.1,,33.4,25.2,6.5,20.5
S06,S06,2017,2,6,6.9,,34.1,25.4,6.5,18.4
S06,S06,2017,2,7,21.2,,31.6,24.1,5.8,14.8
S06,S06,2017,2,8,7.2,,32.2,24.7,5.4,16.6
S06,S06,2017,2,9,0.0,,32.1,25.2,7.2,14.8
S06,S06,2017,2,10,0.0,,32.9,25.5,11.9,22.3
S06,S06,2017,2,11,0.3,,31.6,25.2,13.7,25.9
S06,S06,2017,2,12,5.0,,30.1,24.6,12.2,35.3
S06,S06,2017,2,13,1.3,,29.7,25.3,12.2,27.7
S06,S06,2017,2,14,0.4,,29.9,22.8,13.7,38.9
S06,S06,2017,2,15,22.1,,30.1,22.8,11.2,24.1
S06,S06,2017,2,16,0.0,,30.6,24.6,12.2,24.1
S06,S06,2017,2,17,0.0,,32.0,25.0,11.9,22.3
S06,S06,2017,2,18,0.0,,31.2,25.4,10.8,20.5
S06,S06,2017,2,19,0.0,,32.0,25.3,11.5,24.1
S06,S06,2017,2,20,0.0,,33.0,25.2,9.7,22.3
S06,S06,2017,2,21,9.3,,32.3,25.4,7.6,22.3
S06,S06,2017,2,22,0.0,,32.8,25.8,7.2,22.3
S06,S06,2017,2,23,11.7,,32.4,25.2,7.2,22.3
S06,S06,2017,2,24,24.9,,28.7,23.8,8.3,29.5
S06,S06,2017,2,25,1.4,,32.6,24.3,10.4,31.3
S06,S06,2017,2,26,0.9,,31.8,25.0,13.0,29.5
S06,S06,2017,2,27,0.2,,32.0,25.2,16.6,37.1
S06,S06,2017,2,28,0.3,,31.4,23.0,15.5,37.1
S06,S06,2017,3,1,29.4,,28.3,23.9,11.9,27.7
S06,S06,2017,3,2,0.1,,32.1,25.2,16.9,37.1
S06,S06,2017,3,3,15.9,,30.5,23.5,13.7,37.1
S06,S06,2017,3,4,18.6,,28.3,23.5,9.0,31.3
S06,S06,2017,3,5,2.3,,31.5,25.1,14.4,35.3
S06,S06,2017,3,6,29.8,,33.3,23.5,11.2,29.5
S06,S06,2017,3,7,0.4,,33.0,24.8,9.4,22.3
S06,S06,2017,3,8,0.0,,32.7,24.8,14.8,27.7
S06,S06,2017,3,9,0.0,,32.7,25.1,15.8,35.3
S06,S06,2017,3,10,0.0,,31.6,25.0,14.4,31.3
S06,S06,2017,3,11,0.0,,33.7,24.9,11.5,25.9
S06,S06,2017,3,12,3.3,,31.5,24.6,7.2,22.3
S06,S06,2017,3,13,29.1,,33.0,25.7,7.9,22.3
S06,S06,2017,3,14,0.0,,31.0,24.8,10.1,31.3
S06,S06,2017,3,15,0.0,,34.4,26.2,6.8,20.5
S06,S06,2017,3,16,0.0,,35.0,26.1,10.8,27.7
S06,S06,2017,3,17,26.3,,32.8,25.3,7.6,22.3
S06,S06,2017,3,18,0.0,,34.7,25.2,9.0,25.9
S06,S06,2017,3,19,0.0,,33.2,24.8,8.6,24.1
S06,S06,2017,3,20,11.5,,30.3,24.8,8.6,33.5
S06,S06,2017,3,21,3.6,,34.1,25.2,8.6,24.1
S06,S06,2017,3,22,7.2,,33.1,25.6,9.0,46.4
S06,S06,2017,3,23,0.0,,34.2,26.2,10.8,25.9
S06,S06,2017,3,24,0.0,,32.2,26.5,8.3,22.3
S06,S06,2017,3,25,10.1,,33.2,25.8,9.4,35.3
S06,S06,2017,3,26,0.0,,34.5,26.9,11.5,31.3
S06,S06,2017,3,27,0.0,,33.4,26.8,11.2,27.7
S06,S06,2017,3,28,4.4,,29.1,25.2,8.3,27.7
S06,S06,2017,3,29,8.6,,31.8,25.7,6.8,25.9
S06,S06,2017,3,30,8.3,,31.7,24.2,6.8,31.3
S06,S06,2017,3,31,45.1,,32.4,24.7,5.0,18.4
S06,S06,2017,4,1,1.0,,33.0,24.9,7.6,33.5
S06,S06,2017,4,2,0.0,,33.3,24.8,9.4,24.1
S06,S06,2017,4,3,2.5,,31.0,24.6,8.6,31.3
S06,S06,2017,4,4,1.9,,33.9,25.6,10.4,35.3
S06,S06,2017,4,5,0.0,,33.7,26.7,10.4,33.5
S06,S06,2017,4,6,0.2,,34.6,24.2,9.0,29.5
S06,S06,2017,4,7,6.9,,35.0,25.0,9.0,38.9
S06,S06,2017,4,8,1.9,,29.3,25.5,5.4,31.3
S06,S06,2017,4,9,13.1,,33.8,26.0,6.5,27.7
S06,S06,2017,4,10,0.0,,31.2,26.3,9.4,25.9
S06,S06,2017,4,11,2.1,,33.7,24.2,9.7,24.1
S06,S06,2017,4,12,4.6,,32.2,24.1,6.8,20.5
S06,S06,2017,4,13,34.5,,30.0,23.8,7.6,31.3
S06,S06,2017,4,14,0.2,,33.1,25.6,7.9,24.1
S06,S06,2017,4,15,3.8,,33.2,25.8,9.4,35.3
S06,S06,2017,4,16,0.6,,33.8,26.2,6.5,24.1
S06,S06,2017,4,17,0.0,,35.0,26.9,6.8,25.9
S06,S06,2017,4,18,49.7,,35.1,24.5,7.2,33.5
S06,S06,2017,4,19,0.0,,32.6,25.0,7.6,22.3
S06,S06,2017,4,20,3.6,,33.5,26.5,6.8,20.5
S06,S06,2017,4,21,13.3,,33.4,23.5,10.4,38.9
S06,S06,2017,4,22,11.1,,31.3,25.1,8.6,27.7
S06,S06,2017,4,23,0.0,,32.9,26.8,7.2,24.1
S06,S06,2017,4,24,21.7,,32.7,24.1,7.2,37.1
S06,S06,2017,4,25,4.8,,32.8,25.3,4.3,33.5
S06,S06,2017,4,26,34.3,,30.9,25.1,5.8,22.3
S06,S06,2017,4,27,55.8,,34.0,23.8,7.9,35.3
S06,S06,2017,4,28,10.7,,32.8,24.4,7.6,27.7
S06,S06,2017,4,29,0.0,,30.3,26.0,5.8,16.6
S06,S06,2017,4,30,0.0,,35.1,26.5,7.6,25.9
S06,S06,2017,5,1,0.0,,32.5,27.2,7.6,25.9
S06,S06,2017,5,2,6.7,,30.8,25.2,6.8,38.9
S06,S06,2017,5,3,0.3,,32.7,27.5,7.2,20.5
S06,S06,2017,5,4,5.8,,33.0,26.5,7.2,24.1
S06,S06,2017,5,5,0.7,,32.5,26.9,8.6,25.9
S06,S06,2017,5,6,0.0,,32.3,26.4,8.6,29.5
S06,S06,2017,5,7,41.0,,32.8,24.0,7.2,27.7
S06,S06,2017,5,8,0.0,,33.3,26.7,9.4,27.7
S06,S06,2017,5,9,0.0,,33.7,28.3,11.2,31.3
S06,S06,2017,5,10,3.7,,30.4,25.6,6.5,27.7
S06,S06,2017,5,11,0.0,,32.4,26.3,10.4,22.3
S06,S06,2017,5,12,10.2,,31.7,26.2,8.6,24.1
S06,S06,2017,5,13,0.0,,31.3,27.5,8.3,25.9
S06,S06,2017,5,14,0.0,,32.3,27.7,9.7,24.1
S06,S06,2017,5,15,34.9,,31.5,25.9,8.3,25.9
S06,S06,2017,5,16,2.2,,32.0,27.4,10.8,27.7
S06,S06,2017,5,17,0.0,,33.5,28.8,11.9,27.7
S06,S06,2017,5,18,3.5,,32.0,25.4,9.4,27.7
S06,S06,2017,5,19,0.0,,32.0,28.1,10.4,27.7
S06,S06,2017,5,20,0.0,,33.0,28.2,10.8,35.3
S06,S06,2017,5,21,23.9,,33.1,23.3,10.1,40.7
S06,S06,2017,5,22,33.7,,31.6,23.6,9.0,37.1
S06,S06,2017,5,23,0.0,,33.1,27.4,11.9,27.7
S06,S06,2017,5,24,21.2,,29.9,24.7,7.6,31.3
S06,S06,2017,5,25,0.0,,33.1,26.0,8.6,29.5
S06,S06,2017,5,26,24.7,,32.2,24.3,7.2,35.3
S06,S06,2017,5,27,0.0,,32.5,26.4,6.1,29.5
S06,S06,2017,5,28,0.0,,31.8,28.3,10.1,24.1
S06,S06,2017,5,29,0.0,,33.0,23.8,11.2,29.5
S06,S06,2017,5,30,25.9,,29.7,23.9,6.5,35.3
S06,S06,2017,5,31,65.2,,34.9,24.6,7.9,31.3
S06,S06,2017,6,1,13.5,,33.1,25.2,8.3,22.3
S06,S06,2017,6,2,0.0,,33.1,27.6,10.1,22.3
S06,S06,2017,6,3,0.0,,33.6,27.7,11.2,25.9
S06,S06,2017,6,4,0.0,,34.0,28.3,12.2,37.1
S06,S06,2017,6,5,0.0,,33.0,28.5,10.4,24.1
S06,S06,2017,6,6,0.0,,33.2,27.9,9.7,25.9
S06,S06,2017,6,7,0.0,,34.2,28.1,8.6,22.3
S06,S06,2017,6,8,0.0,,34.2,28.3,8.3,24.1
S06,S06,2017,6,9,0.0,,33.1,28.5,9.7,29.5
S06,S06,2017,6,10,0.0,,33.2,26.4,9.4,31.3
S06,S06,2017,6,11,0.0,,31.8,26.9,10.8,18.4
S06,S06,2017,6,12,0.2,,32.8,28.1,8.6,22.3
S06,S06,2017,6,13,0.0,,33.1,27.0,9.7,33.5
S06,S06,2017,6,14,0.4,,33.1,25.2,9.0,33.5
S06,S06,2017,6,15,0.0,,34.3,26.5,8.6,25.9
S06,S06,2017,6,16,4.0,,33.3,26.6,7.2,22.3
S06,S06,2017,6,17,0.0,,33.9,27.2,8.6,24.1
S06,S06,2017,6,18,19.4,,31.2,24.2,8.6,40.7
S06,S06,2017,6,19,0.0,,30.7,26.2,11.2,27.7
S06,S06,2017,6,20,0.0,,33.3,26.8,9.0,25.9
S06,S06,2017,6,21,17.5,,32.7,25.9,8.3,27.7
S06,S06,2017,6,22,0.0,,31.5,27.0,9.4,29.5
S06,S06,2017,6,23,15.1,,29.5,23.0,9.4,50.0
S06,S06,2017,6,24,0.0,,32.2,26.2,7.9,22.3
S06,S06,2017,6,25,52.2,,30.1,23.2,5.4,33.5
S06,S06,2017,6,26,1.7,,31.7,25.0,6.5,18.4
S06,S06,2017,6,27,2.1,,28.3,24.6,4.7,27.7
S06,S06,2017,6,28,0.7,,33.0,25.6,7.6,20.5
S06,S06,2017,6,29,0.0,,31.1,26.3,7.6,29.5
S06,S06,2017,6,30,0.0,,32.3,26.8,10.1,24.1
S06,S06,2017,7,1,0.0,,32.3,26.5,6.5,27.7
S06,S06,2017,7,2,0.5,,31.6,25.6,4.0,14.8
S06,S06,2017,7,3,0.3,,29.6,25.9,6.5,20.5
S06,S06,2017,7,4,0.0,,32.5,26.0,5.0,14.8
S06,S06,2017,7,5,25.8,,31.8,24.1,4.3,18.4
S06,S06,2017,7,6,0.1,,30.8,26.2,5.4,14.8
S06,S06,2017,7,7,0.0,,32.0,25.7,7.9,24.1
S06,S06,2017,7,8,0.0,,32.1,25.2,10.4,31.3
S06,S06,2017,7,9,0.0,,30.2,25.0,12.2,35.3
S06,S06,2017,7,10,0.0,,33.2,24.3,9.4,25.9
S06,S06,2017,7,11,39.4,,30.7,23.5,10.8,33.5
S06,S06,2017,7,12,18.4,,28.3,23.4,11.5,29.5
S06,S06,2017,7,13,10.4,,30.2,24.4,9.7,25.9
S06,S06,2017,7,14,68.9,,29.8,22.3,7.2,44.3
S06,S06,2017,7,15,5.1,,31.0,23.3,11.5,27.7
S06,S06,2017,7,16,0.0,,31.6,26.8,18.7,37.1
S06,S06,2017,7,17,0.0,,31.7,26.7,14.0,31.3
S06,S06,2017,7,18,0.0,,31.6,26.8,14.0,31.3
S06,S06,2017,7,19,0.0,,32.4,27.3,12.6,25.9
S06,S06,2017,7,20,0.0,,31.6,27.4,11.5,24.1
S06,S06,2017,7,21,0.0,,32.7,27.7,11.5,29.5
S06,S06,2017,7,22,0.0,,33.0,27.5,13.3,27.7
S06,S06,2017,7,23,0.0,,32.9,27.6,11.9,25.9
S06,S06,2017,7,24,0.0,,32.2,27.5,14.4,29.5
S06,S06,2017,7,25,0.0,,33.1,28.0,14.8,29.5
S06,S06,2017,7,26,1.8,,31.0,25.5,13.0,38.9
S06,S06,2017,7,27,0.0,,31.8,27.3,14.8,33.5
S06,S06,2017,7,28,0.0,,32.7,27.2,13.3,29.5
S06,S06,2017,7,29,0.0,,32.2,27.9,15.1,33.5
S06,S06,2017,7,30,0.0,,33.0,27.7,13.0,27.7
S06,S06,2017,7,31,0.0,,33.1,27.9,14.4,33.5
S06,S06,2017,8,1,0.0,,32.9,28.0,12.6,38.9
S06,S06,2017,8,2,0.0,,32.0,27.5,16.6,37.1
S06,S06,2017,8,3,0.0,,32.3,27.3,16.6,33.5
S06,S06,2017,8,4,0.0,,32.3,27.7,15.5,33.5
S06,S06,2017,8,5,0.0,,33.0,27.8,15.1,35.3
S06,S06,2017,8,6,3.9,,32.8,27.6,10.8,31.3
S06,S06,2017,8,7,6.3,,30.0,26.6,10.4,25.9
S06,S06,2017,8,8,0.0,,30.4,24.8,9.4,37.1
S06,S06,2017,8,9,0.5,,30.5,25.4,12.6,31.3
S06,S06,2017,8,10,0.0,,31.8,26.8,10.4,25.9
S06,S06,2017,8,11,1.8,,30.8,25.0,8.6,40.7
S06,S06,2017,8,12,4.6,,30.1,24.7,8.3,27.7
S06,S06,2017,8,13,0.2,,30.0,25.9,9.0,22.3
S06,S06,2017,8,14,18.3,,31.3,25.1,13.0,35.3
S06,S06,2017,8,15,0.5,,30.0,26.0,10.4,35.3
S06,S06,2017,8,16,0.0,,32.5,26.8,10.4,25.9
S06,S06,2017,8,17,68.8,,32.5,23.0,9.4,42.5
S06,S06,2017,8,18,10.8,,32.2,24.8,9.0,25.9
S06,S06,2017,8,19,0.7,,32.0,26.5,9.0,25.9
S06,S06,2017,8,20,0.0,,32.1,27.2,10.4,27.7
S06,S06,2017,8,21,0.0,,32.5,25.8,10.1,29.5
S06,S06,2017,8,22,6.1,,29.4,25.8,12.2,31.3
S06,S06,2017,8,23,0.0,,32.4,27.5,11.2,31.3
S06,S06,2017,8,24,0.0,,31.8,26.1,9.7,31.3
S06,S06,2017,8,25,0.2,,31.5,26.2,10.4,31.3
S06,S06,2017,8,26,0.0,,32.0,27.1,9.0,27.7
S06,S06,2017,8,27,0.4,,31.5,26.2,8.6,29.5
S06,S06,2017,8,28,0.0,,31.6,26.7,8.6,33.5
S06,S06,2017,8,29,1.7,,30.1,25.8,7.9,25.9
S06,S06,2017,8,30,0.1,,32.4,25.7,7.9,33.5
S06,S06,2017,8,31,0.0,,32.5,27.1,10.1,31.3
S06,S06,2017,9,1,0.0,29.6,32.0,27.3,10.8,31.3
S06,S06,2017,9,2,0.0,29.9,33.1,27.6,8.3,29.5
S06,S06,2017,9,3,0.0,29.7,32.1,27.2,11.5,31.3
S06,S06,2017,9,4,0.0,29.7,32.6,27.6,9.7,29.5
S06,S06,2017,9,5,2.0,29.4,31.6,26.1,9.7,38.9
S06,S06,2017,9,6,11.8,27.7,29.4,25.3,6.5,42.5
S06,S06,2017,9,7,0.0,29.0,32.0,26.6,9.0,29.5
S06,S06,2017,9,8,0.0,28.9,33.3,27.2,8.3,35.3
S06,S06,2017,9,9,2.5,28.8,31.6,25.8,7.2,40.7
S06,S06,2017,9,10,2.8,28.7,31.3,25.4,7.9,53.6
S06,S06,2017,9,11,5.8,27.9,31.3,24.1,6.8,33.5
S06,S06,2017,9,12,0.0,29.7,32.7,26.3,7.6,24.1
S06,S06,2017,9,13,0.0,30.2,33.3,26.8,9.4,25.9
S06,S06,2017,9,14,0.2,29.6,31.8,25.7,8.6,25.9
S06,S06,2017,9,15,4.8,29.1,30.8,22.4,8.6,33.5
S06,S06,2017,9,16,12.3,28.7,32.4,23.7,10.4,37.1
S06,S06,2017,9,17,1.5,29.3,33.1,26.6,9.7,29.5
S06,S06,2017,9,18,6.7,27.8,32.2,24.2,5.8,25.9
S06,S06,2017,9,19,19.3,27.4,31.9,24.1,6.8,37.1
S06,S06,2017,9,20,8.7,28.1,32.2,24.1,10.4,46.4
S06,S06,2017,9,21,8.6,27.6,31.1,24.5,8.6,42.5
S06,S06,2017,9,22,0.0,29.4,32.3,27.2,10.4,31.3
S06,S06,2017,9,23,1.8,29.6,33.0,24.3,10.4,27.7
S06,S06,2017,9,24,10.2,28.7,32.7,24.7,10.4,48.2
S06,S06,2017,9,25,0.0,29.5,32.4,26.5,6.8,31.3
S06,S06,2017,9,26,2.9,28.5,32.8,24.6,6.5,38.9
S06,S06,2017,9,27,4.2,28.4,32.2,25.3,6.5,31.3
S06,S06,2017,9,28,0.0,29.1,32.5,26.0,6.5,24.1
S06,S06,2017,9,29,25.0,28.3,32.1,23.3,7.6,53.6
S06,S06,2017,9,30,0.4,28.9,31.2,26.0,11.9,33.5
S06,S06,2017,10,1,9.2,27.7,30.8,24.8,6.1,35.3
S06,S06,2017,10,2,0.0,29.0,33.7,24.8,6.5,27.7
S06,S06,2017,10,3,3.9,28.4,31.8,26.0,7.9,35.3
S06,S06,2017,10,4,2.6,26.4,28.5,23.4,7.9,35.3
S06,S06,2017,10,5,0.0,28.6,33.2,23.5,6.8,25.9
S06,S06,2017,10,6,17.0,29.1,32.9,25.5,8.3,27.7
S06,S06,2017,10,7,21.9,27.8,33.5,24.4,8.3,59.4
S06,S06,2017,10,8,30.6,27.0,30.9,24.3,7.9,29.5
S06,S06,2017,10,9,42.6,29.0,33.4,24.2,9.4,40.7
S06,S06,2017,10,10,7.2,28.3,32.5,23.5,12.6,29.5
S06,S06,2017,10,11,6.7,29.2,33.4,24.4,10.4,38.9
S06,S06,2017,10,12,33.2,27.9,30.6,24.0,6.1,29.5
S06,S06,2017,10,13,0.4,28.3,32.9,25.0,7.6,27.7
S06,S06,2017,10,14,0.0,30.2,33.7,26.6,9.7,31.3
S06,S06,2017,10,15,0.0,31.0,34.8,26.6,9.0,29.5
S06,S06,2017,10,16,0.0,30.0,34.0,27.0,8.6,25.9
S06,S06,2017,10,17,0.0,31.2,35.6,27.4,9.4,31.3
S06,S06,2017,10,18,0.0,31.1,35.4,27.5,6.8,29.5
S06,S06,2017,10,19,0.0,31.1,35.0,26.7,7.9,31.3
S06,S06,2017,10,20,0.0,30.7,34.9,27.2,8.3,35.3
S06,S06,2017,10,21,0.0,30.4,34.1,27.0,7.2,31.3
S06,S06,2017,10,22,1.0,29.6,32.5,26.5,9.7,33.5
S06,S06,2017,10,23,0.0,29.5,32.4,25.3,7.2,25.9
S06,S06,2017,10,24,0.8,28.2,30.8,25.5,5.8,22.3
S06,S06,2017,10,25,5.3,28.1,33.9,25.9,6.5,27.7
S06,S06,2017,10,26,1.8,28.1,32.3,26.5,7.6,31.3
S06,S06,2017,10,27,12.9,27.4,31.0,25.1,6.8,27.7
S06,S06,2017,10,28,0.0,29.1,34.4,25.6,10.1,29.5
S06,S06,2017,10,29,2.3,27.3,31.9,24.8,4.3,13.0
S06,S06,2017,10,30,2.3,27.8,30.1,24.2,4.3,11.2
S06,S06,2017,10,31,1.9,26.9,28.3,24.4,3.2,20.5
S06,S06,2017,11,1,0.0,28.2,32.6,25.4,4.0,16.6
S06,S06,2017,11,2,0.0,28.8,32.5,25.0,4.7,14.8
S06,S06,2017,11,3,8.8,29.0,33.2,25.0,5.8,20.5
S06,S06,2017,11,4,5.7,28.4,33.0,25.4,5.4,16.6
S06,S06,2017,11,5,1.0,28.8,32.3,23.6,8.3,25.9
S06,S06,2017,11,6,69.6,27.3,30.4,23.4,7.2,35.3
S06,S06,2017,11,7,0.8,27.5,29.7,24.6,4.7,16.6
S06,S06,2017,11,8,0.2,28.0,31.9,24.6,9.4,24.1
S06,S06,2017,11,9,62.7,27.4,32.5,23.3,6.1,38.9
S06,S06,2017,11,10,6.2,26.8,31.7,23.8,6.8,31.3
S06,S06,2017,11,11,37.0,26.3,30.9,24.3,6.5,37.1
S06,S06,2017,11,12,7.9,28.0,31.6,24.7,6.8,20.5
S06,S06,2017,11,13,2.1,28.4,32.9,23.5,6.1,31.3
S06,S06,2017,11,14,62.6,26.5,27.8,23.7,6.1,24.1
S06,S06,2017,11,15,0.0,28.3,32.0,25.6,7.9,24.1
S06,S06,2017,11,16,13.3,29.2,34.7,23.8,7.2,27.7
S06,S06,2017,11,17,2.2,27.9,32.1,24.8,7.6,33.5
S06,S06,2017,11,18,9.9,28.5,33.0,25.1,6.1,37.1
S06,S06,2017,11,19,0.0,29.3,33.3,26.5,7.2,25.9
S06,S06,2017,11,20,6.2,28.3,31.8,24.6,5.8,38.9
S06,S06,2017,11,21,18.9,26.3,28.4,23.3,6.5,31.3
S06,S06,2017,11,22,0.0,28.6,34.4,25.3,7.6,22.3
S06,S06,2017,11,23,6.3,27.3,30.0,24.9,4.7,25.9
S06,S06,2017,11,24,12.4,27.0,30.6,24.9,7.9,31.3
S06,S06,2017,11,25,0.0,28.4,33.2,25.3,6.1,22.3
S06,S06,2017,11,26,4.1,27.6,31.4,25.1,7.2,29.5
S06,S06,2017,11,27,2.2,26.5,27.9,25.0,6.5,16.6
S06,S06,2017,11,28,0.7,27.8,31.8,25.2,8.3,24.1
S06,S06,2017,11,29,0.8,28.1,31.7,25.7,9.4,27.7
S06,S06,2017,11,30,0.0,28.9,32.4,26.0,10.4,33.5
S06,S06,2017,12,1,0.0,29.5,35.5,25.5,8.3,33.5
S06,S06,2017,12,2,0.0,29.6,34.7,26.0,8.3,20.5
S06,S06,2017,12,3,2.5,29.7,34.3,26.7,6.5,18.4
S06,S06,2017,12,4,1.0,28.2,33.1,25.8,5.0,16.6
S06,S06,2017,12,5,10.6,28.3,32.4,25.2,7.2,22.3
S06,S06,2017,12,6,3.7,28.6,33.6,25.6,7.2,24.1
S06,S06,2017,12,7,7.6,27.8,32.6,25.5,7.9,29.5
S06,S06,2017,12,8,0.0,27.7,30.5,25.2,14.0,37.1
S06,S06,2017,12,9,0.5,26.7,28.0,24.9,11.2,40.7
S06,S06,2017,12,10,13.5,28.2,34.0,24.8,11.9,35.3
S06,S06,2017,12,11,44.9,27.4,32.1,25.2,12.2,33.5
S06,S06,2017,12,12,36.0,26.4,31.6,24.6,9.0,31.3
S06,S06,2017,12,13,18.5,27.0,32.8,24.8,9.7,42.5
S06,S06,2017,12,14,0.9,27.6,32.5,25.0,10.4,38.9
S06,S06,2017,12,15,28.6,27.4,32.8,24.0,7.9,33.5
S06,S06,2017,12,16,1.1,27.7,32.0,25.4,10.8,37.1
S06,S06,2017,12,17,0.0,28.2,33.3,25.6,16.6,38.9
S06,S06,2017,12,18,0.0,28.2,31.9,25.3,18.4,50.0
S06,S06,2017,12,19,0.7,27.2,31.6,24.8,18.0,48.2
S06,S06,2017,12,20,0.0,27.8,31.8,25.5,18.7,44.3
S06,S06,2017,12,21,0.0,28.7,33.0,25.5,16.6,42.5
S06,S06,2017,12,22,41.5,28.4,32.9,24.4,10.4,33.5
S06,S06,2017,12,23,5.4,28.3,32.7,24.9,10.4,42.5
S06,S06,2017,12,24,0.0,27.2,29.0,25.6,12.2,35.3
S06,S06,2017,12,25,27.9,27.7,32.3,24.1,7.9,33.5
S06,S06,2017,12,26,2.9,27.9,32.2,23.8,6.5,25.9
S06,S06,2017,12,27,14.1,27.1,32.1,23.8,7.9,29.5
S06,S06,2017,12,28,4.9,27.9,33.0,25.6,9.4,31.3
S06,S06,2017,12,29,0.0,28.5,31.8,25.6,16.2,42.5
S06,S06,2017,12,30,21.6,27.4,30.1,24.5,14.8,53.6
S06,S06,2017,12,31,75.5,25.4,26.3,23.8,8.6,35.3
S06,S06,2018,1,1,33.2,25.2,27.3,23.8,7.2,27.7
S06,S06,2018,1,2,10.2,25.8,28.4,24.1,8.6,25.9
S06,S06,2018,1,3,62.2,26.8,32.1,24.5,7.6,31.3
S06,S06,2018,1,4,0.3,26.9,29.5,25.0,9.4,33.5
S06,S06,2018,1,5,1.5,26.8,30.0,24.3,9.0,24.1
S06,S06,2018,1,6,0.0,27.8,31.2,24.6,9.7,22.3
S06,S06,2018,1,7,18.9,27.4,31.5,24.6,10.4,33.5
S06,S06,2018,1,8,131.8,27.4,32.5,23.3,9.4,29.5
S06,S06,2018,1,9,0.0,28.0,33.2,25.8,13.7,40.7
S06,S06,2018,1,10,26.5,25.3,27.3,22.9,11.2,31.3
S06,S06,2018,1,11,12.2,24.0,26.1,22.0,15.1,40.7
S06,S06,2018,1,12,9.0,23.1,24.1,22.2,16.2,37.1
S06,S06,2018,1,13,25.8,23.2,23.9,21.4,13.7,37.1
S06,S06,2018,1,14,6.9,23.8,26.0,21.6,16.6,44.3
S06,S06,2018,1,15,0.9,25.6,28.5,23.0,16.2,42.5
S06,S06,2018,1,16,0.0,27.1,30.8,24.0,15.5,37.1
S06,S06,2018,1,17,0.0,28.0,32.7,24.5,21.2,42.5
S06,S06,2018,1,18,1.3,27.9,32.0,24.3,20.5,42.5
S06,S06,2018,1,19,6.8,27.4,33.0,24.6,13.3,37.1
S06,S06,2018,1,20,24.4,27.0,32.5,24.7,10.4,38.9
S06,S06,2018,1,21,2.6,28.6,34.6,24.7,12.6,27.7
S06,S06,2018,1,22,0.0,28.7,33.5,25.1,13.3,40.7
S06,S06,2018,1,23,11.5,27.7,30.9,25.1,11.9,40.7
S06,S06,2018,1,24,4.9,27.8,32.4,24.4,10.8,44.3
S06,S06,2018,1,25,1.8,27.4,31.6,24.7,12.6,29.5
S06,S06,2018,1,26,9.5,27.1,30.8,25.0,11.9,33.5
S06,S06,2018,1,27,1.1,28.0,33.2,25.0,13.3,33.5
S06,S06,2018,1,28,25.6,27.0,32.5,23.9,12.2,42.5
S06,S06,2018,1,29,0.0,28.7,33.7,25.1,14.4,33.5
S06,S06,2018,1,30,18.3,27.9,33.4,24.1,15.1,44.3
S06,S06,2018,1,31,58.2,27.7,34.1,22.5,16.2,55.4
S06,S06,2018,2,1,1.6,28.8,32.6,25.7,22.0,46.4
S06,S06,2018,2,2,7.1,26.0,29.8,24.0,18.0,38.9
S06,S06,2018,2,3,0.0,27.7,31.2,25.0,23.0,51.8
S06,S06,2018,2,4,0.5,27.3,30.1,24.9,22.3,53.6
S06,S06,2018,2,5,0.0,27.5,31.2,24.2,24.5,61.2
S06,S06,2018,2,6,0.0,27.1,30.8,24.1,25.9,51.8
S06,S06,2018,2,7,0.0,26.4,29.5,23.5,22.3,50.0
S06,S06,2018,2,8,0.0,26.6,31.2,23.5,20.5,44.3
S06,S06,2018,2,9,0.0,26.8,31.4,23.4,22.0,42.5
S06,S06,2018,2,10,0.0,26.8,31.1,23.6,21.6,42.5
S06,S06,2018,2,11,0.0,27.3,32.1,23.8,22.3,46.4
S06,S06,2018,2,12,0.0,27.8,31.8,24.5,26.6,57.2
S06,S06,2018,2,13,0.0,27.8,32.7,24.3,20.9,44.3
S06,S06,2018,2,14,0.4,27.5,31.6,24.6,22.3,50.0
S06,S06,2018,2,15,8.6,27.9,32.8,24.4,15.1,38.9
S06,S06,2018,2,16,0.0,27.7,32.4,24.5,12.6,29.5
S06,S06,2018,2,17,0.2,27.9,32.6,24.7,17.3,33.5
S06,S06,2018,2,18,0.0,28.1,33.5,24.2,15.8,37.1
S06,S06,2018,2,19,0.0,28.0,33.2,24.3,18.0,46.4
S06,S06,2018,2,20,0.0,28.5,33.2,25.2,18.4,40.7
S06,S06,2018,2,21,0.0,28.4,32.8,25.3,17.6,42.5
S06,S06,2018,2,22,0.0,28.7,33.8,25.6,18.7,50.0
S06,S06,2018,2,23,1.2,28.0,32.9,24.5,16.2,38.9
S06,S06,2018,2,24,0.1,26.7,29.4,24.7,17.3,42.5
S06,S06,2018,2,25,0.0,27.7,30.4,25.4,19.1,40.7
S06,S06,2018,2,26,0.0,27.9,31.2,24.8,21.2,42.5
S06,S06,2018,2,27,0.0,27.9,31.8,25.0,20.2,42.5
S06,S06,2018,2,28,2.5,28.5,34.0,25.4,18.4,40.7
S06,S06,2018,3,1,0.0,28.4,32.4,25.6,15.5,40.7
S06,S06,2018,3,2,1.7,28.0,32.7,25.3,12.2,27.7
S06,S06,2018,3,3,0.0,28.9,33.7,25.6,14.4,35.3
S06,S06,2018,3,4,0.0,28.7,32.3,25.9,10.4,31.3
S06,S06,2018,3,5,0.0,29.1,33.7,25.6,16.9,44.3
S06,S06,2018,3,6,0.0,29.4,34.3,26.0,13.3,37.1
S06,S06,2018,3,7,6.2,27.0,29.0,24.8,11.9,33.5
S06,S06,2018,3,8,0.0,27.2,30.1,25.0,13.0,33.5
S06,S06,2018,3,9,0.0,28.9,33.2,25.2,20.5,48.2
S06,S06,2018,3,10,7.8,27.7,30.1,25.2,22.0,63.0
S06,S06,2018,3,11,0.0,28.3,31.7,25.5,20.9,46.4
S06,S06,2018,3,12,0.7,28.5,31.6,26.3,21.2,42.5
S06,S06,2018,3,13,0.0,28.9,32.7,25.6,20.5,51.8
S06,S06,2018,3,14,0.0,28.9,33.8,25.1,15.8,40.7
S06,S06,2018,3,15,0.0,29.1,33.0,25.3,12.2,27.7
S06,S06,2018,3,16,0.9,29.2,33.6,26.0,14.4,38.9
S06,S06,2018,3,17,0.1,29.3,34.8,25.8,15.1,37.1
S06,S06,2018,3,18,0.0,29.0,33.8,25.8,15.5,46.4
S06,S06,2018,3,19,0.0,29.3,34.0,26.0,11.5,33.5
S06,S06,2018,3,20,0.0,29.2,33.7,26.4,10.1,27.7
S06,S06,2018,3,21,0.0,28.9,33.9,26.3,9.4,27.7
S06,S06,2018,3,22,0.0,29.3,33.9,25.7,16.6,42.5
S06,S06,2018,3,23,0.0,29.1,33.7,25.3,14.4,40.7
S06,S06,2018,3,24,0.0,28.7,32.2,25.7,14.4,42.5
S06,S06,2018,3,25,1.0,27.4,30.8,25.2,8.3,27.7
S06,S06,2018,3,26,0.2,28.8,33.3,24.9,11.9,38.9
S06,S06,2018,3,27,7.6,25.9,29.6,23.9,12.2,40.7
S06,S06,2018,3,28,10.8,26.8,32.9,24.5,6.8,31.3
S06,S06,2018,3,29,0.1,27.1,30.7,25.4,5.4,20.5
S06,S06,2018,3,30,1.0,27.6,33.9,24.6,5.4,40.7
S06,S06,2018,3,31,0.0,28.4,33.8,25.6,10.8,35.3
S06,S06,2018,4,1,36.0,27.7,32.6,24.1,11.2,40.7
S06,S06,2018,4,2,0.0,29.0,34.1,26.1,11.9,31.3
S06,S06,2018,4,3,0.0,29.3,33.9,25.9,12.6,29.5
S06,S06,2018,4,4,0.0,29.4,34.4,25.6,13.3,29.5
S06,S06,2018,4,5,4.6,29.1,34.1,25.0,12.2,29.5
S06,S06,2018,4,6,0.0,29.1,34.3,26.0,11.2,33.5
S06,S06,2018,4,7,16.8,28.2,33.1,25.7,12.6,33.5
S06,S06,2018,4,8,0.0,29.0,32.8,26.3,15.1,37.1
S06,S06,2018,4,9,0.0,29.4,33.1,26.4,16.9,42.5
S06,S06,2018,4,10,0.0,29.6,33.8,26.3,11.2,31.3
S06,S06,2018,4,11,0.0,29.7,34.2,26.8,12.6,29.5
S06,S06,2018,4,12,0.0,30.4,35.1,27.0,13.0,37.1
S06,S06,2018,4,13,0.2,30.2,34.9,26.4,15.1,37.1
S06,S06,2018,4,14,2.2,28.7,32.4,26.3,6.5,25.9
S06,S06,2018,4,15,28.5,27.5,32.9,24.6,7.9,29.5
S06,S06,2018,4,16,1.9,27.0,30.2,25.4,7.9,27.7
S06,S06,2018,4,17,0.2,29.1,34.2,26.2,10.4,29.5
S06,S06,2018,4,18,0.0,29.4,34.0,26.7,13.7,33.5
S06,S06,2018,4,19,4.8,29.1,33.8,26.5,10.4,42.5
S06,S06,2018,4,20,2.7,28.5,34.0,25.4,10.8,38.9
S06,S06,2018,4,21,0.0,28.2,33.1,25.8,8.3,29.5
S06,S06,2018,4,22,0.1,28.9,34.3,26.4,7.9,27.7
S06,S06,2018,4,23,13.0,28.2,32.4,25.6,6.8,33.5
S06,S06,2018,4,24,0.0,29.2,33.0,26.2,9.0,25.9
S06,S06,2018,4,25,0.0,31.0,35.0,27.6,9.4,35.3
S06,S06,2018,4,26,28.2,28.8,32.2,25.4,8.3,35.3
S06,S06,2018,4,27,13.8,26.8,31.3,24.2,7.2,46.4
S06,S06,2018,4,28,0.0,28.3,34.0,25.2,7.9,27.7
S06,S06,2018,4,29,0.0,29.9,32.8,27.1,10.1,29.5
S06,S06,2018,4,30,0.0,29.8,34.4,26.2,9.7,42.5
S06,S06,2018,5,1,9.5,27.7,29.7,25.3,7.6,27.7
S06,S06,2018,5,2,5.7,28.6,34.4,25.6,7.2,27.7
S06,S06,2018,5,3,49.6,28.2,34.3,23.8,6.8,40.7
S06,S06,2018,5,4,0.0,29.4,34.2,26.1,7.9,24.1
S06,S06,2018,5,5,0.3,29.6,32.1,27.7,7.9,29.5
S06,S06,2018,5,6,0.0,30.3,33.3,26.6,9.0,29.5
S06,S06,2018,5,7,0.0,30.2,33.2,27.3,10.1,29.5
S06,S06,2018,5,8,0.0,30.7,34.2,28.3,11.5,31.3
S06,S06,2018,5,9,0.0,31.0,34.7,27.7,11.9,25.9
S06,S06,2018,5,10,0.0,30.2,33.1,27.6,10.4,42.5
S06,S06,2018,5,11,41.5,29.6,31.9,26.2,10.4,40.7
S06,S06,2018,5,12,0.0,30.4,34.1,25.4,9.4,24.1
S06,S06,2018,5,13,22.0,28.5,31.6,25.9,7.6,27.7
S06,S06,2018,5,14,2.8,29.1,33.0,25.4,8.6,25.9
S06,S06,2018,5,15,76.4,29.0,34.2,25.6,8.3,40.7
S06,S06,2018,5,16,0.6,27.9,31.9,26.3,7.2,33.5
S06,S06,2018,5,17,0.0,29.1,32.8,26.5,6.8,24.1
S06,S06,2018,5,18,10.3,28.2,34.5,25.2,8.3,46.4
S06,S06,2018,5,19,3.1,28.1,33.5,26.1,6.1,38.9
S06,S06,2018,5,20,7.0,27.2,30.6,25.6,6.1,24.1
S06,S06,2018,5,21,0.0,28.6,32.2,25.8,6.8,25.9
S06,S06,2018,5,22,0.7,28.9,32.5,26.4,6.1,33.5
S06,S06,2018,5,23,62.7,27.6,31.1,24.2,7.9,29.5
S06,S06,2018,5,24,0.3,28.8,34.4,24.5,9.7,25.9
S06,S06,2018,5,25,0.0,29.9,34.3,26.9,6.8,37.1
S06,S06,2018,5,26,14.2,28.3,33.2,25.3,6.8,31.3
S06,S06,2018,5,27,0.4,28.3,32.0,26.2,5.8,22.3
S06,S06,2018,5,28,11.2,27.9,29.9,25.4,7.2,25.9
S06,S06,2018,5,29,2.5,28.5,32.8,26.3,5.4,25.9
S06,S06,2018,5,30,0.0,28.5,31.8,26.2,6.1,20.5
S06,S06,2018,5,31,23.0,27.7,30.0,23.7,6.1,42.5
S06,S06,2018,6,1,26.4,28.3,32.3,22.9,6.8,31.3
S06,S06,2018,6,2,55.6,27.4,31.4,23.3,5.8,40.7
S06,S06,2018,6,3,0.4,29.5,33.5,26.4,7.2,27.7
S06,S06,2018,6,4,0.1,30.1,33.2,26.7,9.0,29.5
S06,S06,2018,6,5,0.0,30.1,33.3,28.1,9.7,33.5
S06,S06,2018,6,6,0.0,30.4,33.3,28.3,9.0,31.3
S06,S06,2018,6,7,0.0,30.6,33.3,28.3,10.4,31.3
S06,S06,2018,6,8,19.6,29.6,32.8,23.3,10.1,55.4
S06,S06,2018,6,9,0.0,29.8,32.3,28.0,8.6,20.5
S06,S06,2018,6,10,0.0,30.1,31.9,28.5,13.0,29.5
S06,S06,2018,6,11,0.0,30.1,32.7,26.8,13.7,38.9
S06,S06,2018,6,12,0.0,30.1,32.3,27.4,11.9,31.3
S06,S06,2018,6,13,1.2,28.9,32.2,26.1,7.9,29.5
S06,S06,2018,6,14,0.3,29.1,32.3,26.1,7.9,27.7
S06,S06,2018,6,15,0.3,27.4,29.0,24.7,7.2,48.2
S06,S06,2018,6,16,0.0,29.3,32.8,26.7,11.5,29.5
S06,S06,2018,6,17,0.0,29.7,32.2,28.2,8.6,29.5
S06,S06,2018,6,18,0.3,28.8,31.1,23.8,9.0,27.7
S06,S06,2018,6,19,5.8,27.7,30.4,23.8,12.6,42.5
S06,S06,2018,6,20,17.8,27.0,29.9,23.8,6.5,31.3
S06,S06,2018,6,21,0.2,28.1,32.5,26.0,8.3,33.5
S06,S06,2018,6,22,0.0,28.5,32.2,26.2,9.7,29.5
S06,S06,2018,6,23,6.8,27.4,30.4,24.6,5.4,42.5
S06,S06,2018,6,24,0.0,27.2,29.9,23.2,8.6,29.5
S06,S06,2018,6,25,10.7,27.1,30.4,23.4,10.8,37.1
S06,S06,2018,6,26,11.0,26.9,28.3,23.5,7.2,31.3
S06,S06,2018,6,27,4.7,26.3,27.7,24.7,7.6,38.9
S06,S06,2018,6,28,0.0,28.2,31.9,25.6,10.8,29.5
S06,S06,2018,6,29,10.4,26.2,28.4,23.8,7.2,31.3
S06,S06,2018,6,30,0.0,28.1,30.2,26.4,11.2,25.9
S06,S06,2018,7,1,1.3,27.2,30.0,25.6,8.3,42.5
S06,S06,2018,7,2,0.1,27.7,31.7,25.8,9.0,37.1
S06,S06,2018,7,3,13.3,27.5,30.8,24.5,8.3,29.5
S06,S06,2018,7,4,0.0,28.8,31.9,25.4,10.8,24.1
S06,S06,2018,7,5,0.0,29.5,32.4,27.2,11.9,37.1
S06,S06,2018,7,6,0.0,29.3,31.8,27.4,13.0,33.5
S06,S06,2018,7,7,54.7,28.7,31.8,24.5,9.7,50.0
S06,S06,2018,7,8,0.0,29.1,31.6,26.9,11.9,35.3
S06,S06,2018,7,9,0.0,29.4,32.0,23.6,10.8,42.5
S06,S06,2018,7,10,5.3,27.7,29.2,24.4,11.5,33.5
S06,S06,2018,7,11,0.0,29.0,32.0,27.2,10.4,29.5
S06,S06,2018,7,12,0.0,29.8,33.0,27.5,10.4,29.5
S06,S06,2018,7,13,0.0,29.6,32.1,27.4,13.7,40.7
S06,S06,2018,7,14,0.2,29.0,31.0,25.9,12.2,31.3
S06,S06,2018,7,15,32.9,27.8,30.4,22.7,10.8,53.6
S06,S06,2018,7,16,0.0,29.4,32.0,27.2,10.8,35.3
S06,S06,2018,7,17,0.0,29.5,31.5,27.4,13.7,37.1
S06,S06,2018,7,18,0.0,29.6,31.2,27.8,15.1,35.3
S06,S06,2018,7,19,26.9,28.7,31.2,24.6,10.8,48.2
S06,S06,2018,7,20,1.9,29.8,33.0,26.0,10.8,33.5
S06,S06,2018,7,21,1.6,29.2,31.8,26.4,8.6,25.9
S06,S06,2018,7,22,0.0,29.9,32.6,28.0,11.2,31.3
S06,S06,2018,7,23,0.0,30.1,32.8,27.6,10.8,33.5
S06,S06,2018,7,24,0.0,30.0,33.1,26.7,11.5,35.3
S06,S06,2018,7,25,0.0,28.3,30.0,25.5,9.0,44.3
S06,S06,2018,7,26,0.0,29.1,32.4,26.5,9.4,29.5
S06,S06,2018,7,27,0.0,29.6,32.9,27.7,11.2,33.5
S06,S06,2018,7,28,0.0,29.6,33.3,27.5,11.9,31.3
S06,S06,2018,7,29,0.0,29.1,32.5,27.5,9.7,33.5
S06,S06,2018,7,30,5.4,27.8,30.3,23.9,9.0,37.1
S06,S06,2018,7,31,0.1,28.2,32.5,26.4,8.6,33.5
S06,S06,2018,8,1,2.1,27.0,28.2,25.1,6.8,20.5
S06,S06,2018,8,2,0.0,28.4,31.3,26.4,13.3,31.3
S06,S06,2018,8,3,0.0,29.0,31.7,26.7,9.7,31.3
S06,S06,2018,8,4,9.8,28.4,30.9,25.6,10.1,35.3
S06,S06,2018,8,5,2.4,28.5,30.3,26.7,11.5,37.1
S06,S06,2018,8,6,0.2,29.0,31.5,26.9,11.5,35.3
S06,S06,2018,8,7,0.0,28.8,30.9,22.8,14.0,33.5
S06,S06,2018,8,8,2.7,27.2,29.6,23.0,10.8,53.6
S06,S06,2018,8,9,0.0,29.0,31.6,27.2,11.2,33.5
S06,S06,2018,8,10,0.0,29.6,32.3,27.3,11.9,35.3
S06,S06,2018,8,11,0.0,29.4,32.9,27.3,12.2,37.1
S06,S06,2018,8,12,0.0,29.7,33.0,27.5,11.5,29.5
S06,S06,2018,8,13,0.0,29.9,33.5,27.7,13.7,31.3
S06,S06,2018,8,14,0.0,30.1,33.5,27.8,14.8,38.9
S06,S06,2018,8,15,0.0,29.9,32.7,27.5,13.3,35.3
S06,S06,2018,8,16,0.0,29.8,32.8,27.5,13.0,33.5
S06,S06,2018,8,17,1.9,28.7,30.9,25.2,12.2,42.5
S06,S06,2018,8,18,0.1,29.4,32.3,26.3,14.8,37.1
S06,S06,2018,8,19,0.0,29.5,32.2,27.5,12.2,35.3
S06,S06,2018,8,20,2.5,29.4,32.4,27.5,10.8,35.3
S06,S06,2018,8,21,0.0,29.5,32.7,27.5,11.9,33.5
S06,S06,2018,8,22,48.1,27.6,30.0,24.2,6.8,37.1
S06,S06,2018,8,23,3.4,28.9,33.5,25.7,8.6,35.3
S06,S06,2018,8,24,3.8,27.3,30.5,23.6,7.2,46.4
S06,S06,2018,8,25,0.0,28.2,32.5,25.5,13.0,51.8
S06,S06,2018,8,26,0.0,29.4,32.8,26.7,10.8,31.3
S06,S06,2018,8,27,0.0,29.6,33.2,26.7,10.4,33.5
S06,S06,2018,8,28,0.0,29.1,31.8,26.8,8.3,44.3
S06,S06,2018,8,29,0.0,28.6,30.9,26.2,9.7,29.5
S06,S06,2018,8,30,0.0,29.0,32.6,26.5,8.6,33.5
S06,S06,2018,8,31,0.0,28.6,32.3,25.2,8.6,46.4
S06,S06,2018,9,1,3.6,28.2,32.4,25.5,6.8,31.3
S06,S06,2018,9,2,13.6,27.3,28.8,23.0,5.0,27.7
S06,S06,2018,9,3,0.3,28.1,30.7,25.3,11.5,50.0
S06,S06,2018,9,4,44.0,26.4,28.3,22.5,6.5,44.3
S06,S06,2018,9,5,0.0,27.8,30.4,25.3,8.3,27.7
S06,S06,2018,9,6,0.0,28.7,32.2,25.7,7.9,29.5
S06,S06,2018,9,7,14.2,27.0,28.7,21.7,6.1,31.3
S06,S06,2018,9,8,72.9,26.9,30.5,22.2,10.1,46.4
S06,S06,2018,9,9,9.4,27.8,30.4,23.8,8.6,48.2
S06,S06,2018,9,10,12.2,27.6,31.4,23.5,7.6,37.1
S06,S06,2018,9,11,0.1,26.9,29.5,25.1,6.5,33.5
S06,S06,2018,9,12,0.0,28.0,31.0,25.5,13.0,37.1
S06,S06,2018,9,13,0.0,29.4,32.5,26.6,9.0,40.7
S06,S06,2018,9,14,0.0,29.4,32.2,27.1,12.6,37.1
S06,S06,2018,9,15,0.0,29.2,31.2,27.2,10.1,29.5
S06,S06,2018,9,16,0.0,29.0,31.1,27.4,11.9,35.3
S06,S06,2018,9,17,0.0,29.5,32.4,27.7,13.3,35.3
S06,S06,2018,9,18,1.9,28.0,31.4,25.4,7.6,25.9
S06,S06,2018,9,19,48.6,27.2,32.1,23.4,6.1,46.4
S06,S06,2018,9,20,2.8,26.8,31.3,24.0,6.8,38.9
S06,S06,2018,9,21,3.7,26.9,30.4,24.0,6.8,29.5
S06,S06,2018,9,22,20.3,27.6,32.4,25.5,9.4,25.9
S06,S06,2018,9,23,0.0,29.2,33.5,25.9,10.4,27.7
S06,S06,2018,9,24,0.0,29.6,33.0,26.7,8.3,29.5
S06,S06,2018,9,25,0.0,29.9,33.4,26.8,7.9,27.7
S06,S06,2018,9,26,0.0,29.5,33.0,27.1,7.6,27.7
S06,S06,2018,9,27,0.0,29.8,33.3,27.0,9.4,29.5
S06,S06,2018,9,28,0.0,30.2,33.3,27.4,9.4,29.5
S06,S06,2018,9,29,0.0,30.2,34.4,27.3,9.7,33.5
S06,S06,2018,9,30,0.0,30.1,33.6,27.4,9.4,31.3
S06,S06,2018,10,1,0.0,30.4,33.9,27.0,9.4,29.5
S06,S06,2018,10,2,0.0,30.4,33.6,27.5,8.3,31.3
S06,S06,2018,10,3,0.0,30.6,33.8,28.1,8.6,29.5
S06,S06,2018,10,4,0.0,30.4,33.6,27.5,12.2,38.9
S06,S06,2018,10,5,0.0,30.5,33.9,27.0,8.6,29.5
S06,S06,2018,10,6,0.3,28.9,33.4,26.6,8.6,50.0
S06,S06,2018,10,7,0.9,28.2,30.9,25.6,6.5,25.9
S06,S06,2018,10,8,5.3,28.0,33.2,24.2,6.5,33.5
S06,S06,2018,10,9,73.1,27.5,30.3,23.1,5.4,27.7
S06,S06,2018,10,10,42.2,27.1,31.8,23.6,6.5,27.7
S06,S06,2018,10,11,12.8,27.3,32.8,24.7,6.8,29.5
S06,S06,2018,10,12,20.9,27.1,31.4,24.4,7.6,35.3
S06,S06,2018,10,13,1.3,27.1,30.1,24.0,6.8,27.7
S06,S06,2018,10,14,6.0,26.0,27.0,24.3,5.0,31.3
S06,S06,2018,10,15,0.0,28.9,33.0,25.4,10.1,27.7
S06,S06,2018,10,16,0.0,28.7,33.4,26.1,7.6,37.1
S06,S06,2018,10,17,4.7,28.2,30.6,23.5,6.5,29.5
S06,S06,2018,10,18,4.4,27.5,30.2,24.1,8.6,27.7
S06,S06,2018,10,19,11.2,29.1,33.6,24.4,7.9,40.7
S06,S06,2018,10,20,0.4,29.9,32.9,27.2,7.9,29.5
S06,S06,2018,10,21,0.0,29.8,34.3,25.7,7.2,31.3
S06,S06,2018,10,22,0.0,30.1,34.3,26.3,7.6,29.5
S06,S06,2018,10,23,6.0,28.4,33.5,24.5,6.5,44.3
S06,S06,2018,10,24,0.0,28.3,32.9,25.5,7.6,31.3
S06,S06,2018,10,25,0.0,28.1,31.0,26.2,5.8,27.7
S06,S06,2018,10,26,0.0,29.4,33.1,26.7,5.8,25.9
S06,S06,2018,10,27,0.0,28.7,32.1,26.7,5.8,25.9
S06,S06,2018,10,28,36.0,27.6,32.2,24.4,6.8,42.5
S06,S06,2018,10,29,1.8,28.3,33.6,25.6,5.0,37.1
S06,S06,2018,10,30,1.0,28.6,34.0,25.7,6.1,29.5
S06,S06,2018,10,31,0.0,28.4,32.3,26.1,10.1,33.5
S06,S06,2018,11,1,1.4,27.0,29.1,25.0,9.7,37.1
S06,S06,2018,11,2,3.7,27.7,32.0,25.1,8.6,42.5
S06,S06,2018,11,3,11.0,28.4,32.1,25.5,5.8,38.9
S06,S06,2018,11,4,1.3,28.5,32.8,26.0,8.6,35.3
S06,S06,2018,11,5,0.0,28.7,33.2,26.0,6.8,22.3
S06,S06,2018,11,6,11.0,28.2,34.4,24.3,7.2,29.5
S06,S06,2018,11,7,55.4,28.7,33.3,23.8,6.5,40.7
S06,S06,2018,11,8,4.2,28.6,35.3,24.7,8.3,35.3
S06,S06,2018,11,9,27.5,27.5,28.9,25.6,5.8,24.1
S06,S06,2018,11,10,4.9,28.4,32.8,25.4,7.2,27.7
S06,S06,2018,11,11,27.0,27.4,32.5,24.6,7.2,53.6
S06,S06,2018,11,12,0.3,28.5,33.3,25.0,7.2,27.7
S06,S06,2018,11,13,0.0,28.2,32.0,24.9,7.2,24.1
S06,S06,2018,11,14,6.4,28.6,32.2,25.1,5.4,25.9
S06,S06,2018,11,15,4.8,27.3,30.9,24.3,8.6,61.2
S06,S06,2018,11,16,0.0,28.9,32.3,25.0,5.8,22.3
S06,S06,2018,11,17,23.6,28.1,30.7,23.2,6.8,70.2
S06,S06,2018,11,18,6.8,27.5,31.0,23.6,5.0,24.1
S06,S06,2018,11,19,15.7,27.5,33.0,24.2,7.6,31.3
S06,S06,2018,11,20,7.1,28.9,32.8,24.6,7.6,27.7
S06,S06,2018,11,21,25.9,27.3,31.3,23.2,7.2,44.3
S06,S06,2018,11,22,42.0,27.8,31.0,23.5,6.8,37.1
S06,S06,2018,11,23,1.7,28.5,33.1,26.2,9.7,33.5
S06,S06,2018,11,24,0.0,29.7,34.4,25.2,7.6,29.5
S06,S06,2018,11,25,10.7,29.2,32.3,23.3,5.4,25.9
S06,S06,2018,11,26,8.3,28.6,33.4,24.0,8.3,37.1
S06,S06,2018,11,27,1.0,27.7,30.0,24.9,7.6,35.3
S06,S06,2018,11,28,0.7,29.1,34.0,26.2,8.6,25.9
S06,S06,2018,11,29,0.6,28.9,32.1,26.2,9.0,48.2
S06,S06,2018,11,30,3.0,28.5,31.5,25.6,9.4,27.7
S06,S06,2018,12,1,7.8,27.8,31.4,25.2,9.7,48.2
S06,S06,2018,12,2,1.5,28.2,33.1,25.2,10.4,38.9
S06,S06,2018,12,3,6.8,27.8,31.6,25.1,5.4,18.4
S06,S06,2018,12,4,0.0,29.2,33.6,25.9,7.9,25.9
S06,S06,2018,12,5,11.0,28.4,33.2,25.7,6.8,40.7
S06,S06,2018,12,6,0.9,28.2,32.0,25.5,5.4,18.4
S06,S06,2018,12,7,2.6,28.4,31.7,25.9,6.5,33.5
S06,S06,2018,12,8,1.7,28.7,33.0,25.7,6.5,24.1
S06,S06,2018,12,9,0.0,29.3,33.1,26.2,8.6,25.9
S06,S06,2018,12,10,0.9,28.9,33.3,26.2,6.8,35.3
S06,S06,2018,12,11,46.0,27.4,32.6,24.3,7.9,31.3
S06,S06,2018,12,12,0.0,28.0,32.2,25.4,6.1,31.3
S06,S06,2018,12,13,0.0,27.4,29.5,25.2,9.7,33.5
S06,S06,2018,12,14,0.0,28.0,30.3,25.7,10.8,37.1
S06,S06,2018,12,15,0.4,28.1,31.8,24.5,6.1,22.3
S06,S06,2018,12,16,5.4,27.2,32.4,25.0,7.6,31.3
S06,S06,2018,12,17,0.0,28.3,32.3,25.5,8.6,38.9
S06,S06,2018,12,18,0.0,29.5,33.3,26.2,8.3,24.1
S06,S06,2018,12,19,12.9,28.4,33.7,26.2,7.2,27.7
S06,S06,2018,12,20,44.5,28.3,33.9,24.7,10.4,35.3
S06,S06,2018,12,21,0.0,28.7,32.9,26.1,12.2,40.7
S06,S06,2018,12,22,0.8,29.1,33.4,25.4,11.2,35.3
S06,S06,2018,12,23,9.1,28.4,33.6,25.0,7.2,37.1
S06,S06,2018,12,24,0.0,28.9,33.2,25.5,7.9,22.3
S06,S06,2018,12,25,0.0,29.6,34.1,24.2,7.9,46.4
S06,S06,2018,12,26,0.8,29.6,33.7,25.0,10.8,42.5
S06,S06,2018,12,27,0.0,28.9,31.4,26.4,9.0,29.5
S06,S06,2018,12,28,0.0,30.4,34.4,26.2,10.1,35.3
S06,S06,2018,12,29,0.0,29.4,32.2,26.6,8.3,22.3
S06,S06,2018,12,30,1.7,29.4,34.4,26.6,10.8,37.1
S06,S06,2018,12,31,8.6,28.1,32.9,25.7,12.2,42.5
S06,S06,2019,1,1,0.0,29.5,34.2,26.1,11.9,42.5
S06,S06,2019,1,2,0.0,30.0,33.8,25.8,13.0,46.4
S06,S06,2019,1,3,0.0,30.3,33.1,26.7,15.8,48.2
S06,S06,2019,1,4,0.0,30.4,33.5,26.9,11.2,35.3
S06,S06,2019,1,5,6.2,29.0,34.0,26.0,7.2,31.3
S06,S06,2019,1,6,0.0,29.1,32.7,26.2,15.8,38.9
S06,S06,2019,1,7,0.0,29.4,33.1,26.0,16.6,42.5
S06,S06,2019,1,8,14.9,28.6,31.6,26.0,12.6,33.5
S06,S06,2019,1,9,0.0,29.1,32.7,25.8,16.9,42.5
S06,S06,2019,1,10,0.0,29.2,33.0,25.3,16.6,42.5
S06,S06,2019,1,11,1.1,29.0,32.5,25.3,15.8,38.9
S06,S06,2019,1,12,0.0,29.1,33.6,26.0,14.4,33.5
S06,S06,2019,1,13,4.0,28.7,32.2,26.0,14.0,40.7
S06,S06,2019,1,14,2.3,28.5,31.9,26.1,14.4,46.4
S06,S06,2019,1,15,0.0,29.3,33.1,26.1,10.8,27.7
S06,S06,2019,1,16,0.0,29.2,32.6,26.0,15.8,35.3
S06,S06,2019,1,17,10.7,27.6,33.0,24.0,12.2,46.4
S06,S06,2019,1,18,32.0,26.5,29.1,24.1,13.7,40.7
S06,S06,2019,1,19,0.0,28.5,31.6,25.2,15.8,37.1
S06,S06,2019,1,20,0.0,29.1,33.7,26.2,18.4,44.3
S06,S06,2019,1,21,5.7,28.8,32.4,25.4,15.8,40.7
S06,S06,2019,1,22,0.0,28.5,31.8,25.7,18.4,44.3
S06,S06,2019,1,23,0.0,28.9,32.2,25.5,22.3,55.4
S06,S06,2019,1,24,0.0,28.3,31.8,25.0,17.3,46.4
S06,S06,2019,1,25,0.5,27.8,30.6,24.7,17.3,46.4
S06,S06,2019,1,26,0.0,27.9,31.0,25.0,19.4,38.9
S06,S06,2019,1,27,0.0,28.7,32.4,26.0,21.6,46.4
S06,S06,2019,1,28,0.6,27.5,29.1,25.6,17.6,44.3
S06,S06,2019,1,29,0.2,28.4,32.4,25.8,19.1,44.3
S06,S06,2019,1,30,0.0,28.7,32.4,25.7,19.1,46.4
S06,S06,2019,1,31,0.0,28.6,32.6,25.6,14.4,38.9
S06,S06,2019,2,1,0.0,29.0,32.9,25.9,19.1,44.3
S06,S06,2019,2,2,0.0,28.9,32.8,25.7,15.1,40.7
S06,S06,2019,2,3,0.0,29.0,32.8,26.1,15.8,44.3
S06,S06,2019,2,4,0.0,29.5,34.4,25.9,14.4,38.9
S06,S06,2019,2,5,0.0,29.1,32.9,24.5,14.8,37.1
S06,S06,2019,2,6,0.0,28.6,33.6,24.6,15.1,40.7
S06,S06,2019,2,7,0.5,28.6,33.4,25.2,13.0,35.3
S06,S06,2019,2,8,0.0,29.3,33.5,25.5,13.7,33.5
S06,S06,2019,2,9,0.0,29.7,34.7,26.0,12.6,38.9
S06,S06,2019,2,10,0.0,29.2,32.9,25.0,16.9,44.3
S06,S06,2019,2,11,0.0,28.6,32.7,25.3,18.0,44.3
S06,S06,2019,2,12,0.0,29.5,34.1,25.3,16.6,38.9
S06,S06,2019,2,13,0.1,29.3,32.5,26.9,18.7,42.5
S06,S06,2019,2,14,0.0,29.4,33.0,25.5,20.5,46.4
S06,S06,2019,2,15,0.0,28.6,32.7,25.3,17.3,40.7
S06,S06,2019,2,16,0.0,29.1,33.8,25.7,16.2,35.3
S06,S06,2019,2,17,52.9,27.8,33.3,22.9,10.8,59.4
S06,S06,2019,2,18,12.4,27.4,31.7,22.9,7.6,33.5
S06,S06,2019,2,19,0.7,28.7,32.1,25.6,9.0,29.5
S06,S06,2019,2,20,0.0,28.9,32.9,25.3,10.4,35.3
S06,S06,2019,2,21,0.0,29.2,33.4,25.4,17.3,40.7
S06,S06,2019,2,22,0.0,29.3,34.4,25.2,15.1,37.1
S06,S06,2019,2,23,0.0,29.1,33.9,25.4,14.0,40.7
S06,S06,2019,2,24,0.0,28.8,33.9,25.2,12.2,35.3
S06,S06,2019,2,25,0.0,29.5,34.9,25.5,13.7,38.9
S06,S06,2019,2,26,0.0,29.3,32.5,26.3,18.0,46.4
S06,S06,2019,2,27,0.9,28.5,32.0,26.1,18.7,46.4
S06,S06,2019,2,28,0.0,29.0,32.5,25.8,13.7,42.5
S06,S06,2019,3,1,0.0,29.1,32.7,25.9,17.6,44.3
S06,S06,2019,3,2,0.0,28.9,33.0,24.4,15.8,40.7
S06,S06,2019,3,3,0.0,28.6,33.7,24.7,13.3,38.9
S06,S06,2019,3,4,0.0,28.9,34.3,24.7,13.3,35.3
S06,S06,2019,3,5,0.0,29.3,34.1,25.5,11.2,31.3
S06,S06,2019,3,6,0.0,29.3,32.5,26.7,12.6,33.5
S06,S06,2019,3,7,0.0,30.2,33.9,26.6,11.5,35.3
S06,S06,2019,3,8,0.0,30.3,35.2,26.3,10.8,42.5
S06,S06,2019,3,9,0.0,30.1,35.3,26.6,11.5,31.3
S06,S06,2019,3,10,0.0,30.0,34.6,26.7,9.4,31.3
S06,S06,2019,3,11,63.7,28.1,33.4,22.2,8.3,55.4
S06,S06,2019,3,12,4.8,29.6,35.2,24.6,7.6,29.5
S06,S06,2019,3,13,0.0,30.1,35.2,25.9,14.0,40.7
S06,S06,2019,3,14,0.0,29.8,34.8,26.0,13.7,35.3
S06,S06,2019,3,15,0.0,29.8,34.7,26.2,11.9,37.1
S06,S06,2019,3,16,0.0,29.9,34.4,26.0,15.1,37.1
S06,S06,2019,3,17,0.0,29.8,34.4,25.1,15.5,35.3
S06,S06,2019,3,18,0.0,29.5,35.0,25.5,13.0,40.7
S06,S06,2019,3,19,0.0,29.8,34.8,26.0,12.6,37.1
S06,S06,2019,3,20,0.0,30.1,33.4,26.4,14.4,33.5
S06,S06,2019,3,21,60.6,28.6,35.2,24.5,11.9,35.3
S06,S06,2019,3,22,8.0,29.3,34.7,26.1,7.6,25.9
S06,S06,2019,3,23,12.4,29.7,34.4,26.7,7.6,27.7
S06,S06,2019,3,24,0.3,29.5,33.7,26.5,7.2,33.5
S06,S06,2019,3,25,6.3,29.4,34.7,26.9,9.0,35.3
S06,S06,2019,3,26,0.0,30.4,34.9,27.0,14.0,42.5
S06,S06,2019,3,27,0.0,30.8,35.2,27.5,14.0,37.1
S06,S06,2019,3,28,40.7,28.7,34.3,23.7,6.5,
S06,S06,2019,3,29,0.0,29.8,34.0,26.0,7.6,22.3
S06,S06,2019,3,30,0.0,28.5,33.6,25.6,8.6,38.9
S06,S06,2019,3,31,0.0,29.6,31.7,24.5,7.9,31.3
S06,S06,2019,4,1,29.2,27.9,31.5,25.0,7.2,42.5
S06,S06,2019,4,2,0.0,28.9,33.0,22.6,6.8,22.3
S06,S06,2019,4,3,45.2,27.6,31.8,23.3,7.6,57.2
S06,S06,2019,4,4,0.0,29.8,35.0,26.0,11.9,37.1
S06,S06,2019,4,5,0.0,29.9,34.4,26.5,10.8,38.9
S06,S06,2019,4,6,0.0,29.9,34.7,25.8,10.8,33.5
S06,S06,2019,4,7,0.0,29.9,34.5,26.0,9.4,25.9
S06,S06,2019,4,8,0.0,30.2,34.5,27.1,11.2,33.5
S06,S06,2019,4,9,1.0,30.2,35.4,27.0,10.1,35.3
S06,S06,2019,4,10,25.0,29.1,34.4,26.5,6.5,33.5
S06,S06,2019,4,11,2.1,28.3,31.7,25.7,4.3,24.1
S06,S06,2019,4,12,2.2,29.5,33.3,26.1,7.9,29.5
S06,S06,2019,4,13,0.0,30.3,33.3,27.6,7.9,27.7
S06,S06,2019,4,14,0.0,29.9,32.8,26.5,6.1,29.5
S06,S06,2019,4,15,0.0,30.6,34.7,27.2,7.9,25.9
S06,S06,2019,4,16,0.0,31.2,34.8,27.8,8.3,31.3
S06,S06,2019,4,17,0.0,31.7,36.4,27.6,8.3,27.7
S06,S06,2019,4,18,0.0,31.2,35.3,27.9,7.9,29.5
S06,S06,2019,4,19,0.4,30.1,35.2,26.6,7.2,29.5
S06,S06,2019,4,20,1.1,28.8,31.4,26.7,5.8,25.9
S06,S06,2019,4,21,0.0,30.4,34.8,27.2,7.2,24.1
S06,S06,2019,4,22,0.0,30.0,32.9,27.2,6.8,37.1
S06,S06,2019,4,23,1.2,29.2,34.2,26.3,6.8,25.9
S06,S06,2019,4,24,0.0,29.7,32.7,27.4,4.7,22.3
S06,S06,2019,4,25,0.0,29.7,32.7,27.4,6.5,33.5
S06,S06,2019,4,26,85.1,27.0,29.9,24.0,6.8,38.9
S06,S06,2019,4,27,11.9,28.1,30.8,24.8,6.5,20.5
S06,S06,2019,4,28,7.4,29.9,34.7,25.8,7.9,42.5
S06,S06,2019,4,29,5.7,30.3,35.4,25.7,8.3,38.9
S06,S06,2019,4,30,0.0,29.1,33.3,25.7,5.4,24.1
S06,S06,2019,5,1,0.0,30.4,33.1,27.0,6.5,24.1
S06,S06,2019,5,2,15.3,29.5,33.0,27.1,4.7,20.5
S06,S06,2019,5,3,0.9,30.1,33.8,26.7,6.5,27.7
S06,S06,2019,5,4,26.5,29.3,32.1,25.4,6.1,42.5
S06,S06,2019,5,5,0.0,29.7,32.2,27.1,10.4,35.3
S06,S06,2019,5,6,0.0,31.3,35.0,28.3,11.5,37.1
S06,S06,2019,5,7,3.1,31.6,34.7,24.0,9.0,27.7
S06,S06,2019,5,8,42.6,28.1,30.9,23.3,7.9,61.2
S06,S06,2019,5,9,0.0,31.3,34.8,23.2,8.3,35.3
S06,S06,2019,5,10,28.2,30.7,34.7,23.9,7.9,51.8
S06,S06,2019,5,11,3.7,29.9,32.4,27.1,5.4,31.3
S06,S06,2019,5,12,0.0,30.6,33.7,27.7,6.1,22.3
S06,S06,2019,5,13,0.4,30.1,33.5,26.9,7.6,38.9
S06,S06,2019,5,14,0.7,30.0,33.8,27.3,7.6,27.7
S06,S06,2019,5,15,0.0,30.4,34.5,27.3,7.6,29.5
S06,S06,2019,5,16,0.3,30.3,32.8,23.8,6.8,29.5
S06,S06,2019,5,17,34.9,28.9,32.0,24.7,9.7,46.4
S06,S06,2019,5,18,0.0,29.9,32.3,28.0,10.1,29.5
S06,S06,2019,5,19,0.2,28.8,30.5,25.5,8.3,44.3
S06,S06,2019,5,20,0.0,29.6,32.1,27.7,9.0,37.1
S06,S06,2019,5,21,0.0,29.6,32.8,27.4,8.3,31.3
S06,S06,2019,5,22,0.0,29.4,32.0,27.6,6.8,33.5
S06,S06,2019,5,23,0.0,30.2,33.2,27.0,9.4,33.5
S06,S06,2019,5,24,0.0,30.9,33.7,28.3,9.0,31.3
S06,S06,2019,5,25,0.0,30.0,33.2,27.8,11.2,40.7
S06,S06,2019,5,26,0.0,30.4,34.1,28.0,9.4,31.3
S06,S06,2019,5,27,0.0,30.4,33.0,28.3,9.0,35.3
S06,S06,2019,5,28,0.0,30.7,33.3,28.2,9.7,42.5
S06,S06,2019,5,29,0.0,30.6,32.7,25.0,7.6,27.7
S06,S06,2019,5,30,47.1,29.0,32.2,26.1,5.8,33.5
S06,S06,2019,5,31,0.4,29.8,34.4,27.2,7.6,31.3
S06,S06,2019,6,1,0.0,29.1,31.8,25.4,7.9,31.3
S06,S06,2019,6,2,13.7,29.5,33.5,25.9,8.3,25.9
S06,S06,2019,6,3,35.2,27.6,31.5,25.2,5.8,27.7
S06,S06,2019,6,4,0.0,29.0,32.0,26.4,5.0,22.3
S06,S06,2019,6,5,0.0,30.0,33.1,27.7,6.8,27.7
S06,S06,2019,6,6,5.5,28.0,29.4,24.0,5.8,31.3
S06,S06,2019,6,7,43.5,26.7,27.6,25.0,4.7,31.3
S06,S06,2019,6,8,0.1,27.9,30.1,26.2,6.1,25.9
S06,S06,2019,6,9,0.3,29.3,32.5,26.8,7.9,27.7
S06,S06,2019,6,10,0.0,30.3,32.5,27.7,9.4,27.7
S06,S06,2019,6,11,29.4,30.0,32.7,23.7,7.9,51.8
S06,S06,2019,6,12,34.4,27.9,30.1,24.6,13.3,37.1
S06,S06,2019,6,13,1.5,29.2,31.1,27.3,9.0,27.7
S06,S06,2019,6,14,1.4,29.6,32.9,27.3,7.9,33.5
S06,S06,2019,6,15,0.0,29.7,32.7,27.7,8.3,31.3
S06,S06,2019,6,16,0.0,30.2,32.5,28.3,13.3,29.5
S06,S06,2019,6,17,0.3,29.8,31.9,25.2,9.7,25.9
S06,S06,2019,6,18,14.4,27.9,29.5,25.7,6.5,24.1
S06,S06,2019,6,19,2.2,28.4,30.3,26.0,5.4,20.5
S06,S06,2019,6,20,0.5,29.7,33.9,26.3,8.3,29.5
S06,S06,2019,6,21,9.5,28.7,32.7,25.4,8.6,29.5
S06,S06,2019,6,22,15.7,27.8,31.2,23.6,8.6,42.5
S06,S06,2019,6,23,0.0,29.5,33.0,26.2,11.2,29.5
S06,S06,2019,6,24,0.1,29.8,32.8,27.6,9.0,37.1
S06,S06,2019,6,25,0.0,30.3,33.2,27.0,12.2,33.5
S06,S06,2019,6,26,3.2,28.8,31.0,26.0,9.0,37.1
S06,S06,2019,6,27,0.0,29.7,32.7,27.2,11.2,27.7
S06,S06,2019,6,28,0.0,30.4,33.0,28.3,11.2,27.7
S06,S06,2019,6,29,7.1,29.3,31.7,26.5,8.6,27.7
S06,S06,2019,6,30,0.0,29.5,32.2,27.7,9.7,38.9
S06,S06,2019,7,1,0.0,30.2,33.1,28.1,11.2,31.3
S06,S06,2019,7,2,0.0,30.4,33.2,28.3,11.9,33.5
S06,S06,2019,7,3,0.0,30.0,32.0,27.5,9.4,33.5
S06,S06,2019,7,4,0.0,30.2,32.8,27.8,8.6,31.3
S06,S06,2019,7,5,0.0,30.1,32.6,27.9,8.6,31.3
S06,S06,2019,7,6,1.1,30.3,33.3,27.6,7.6,24.1
S06,S06,2019,7,7,0.0,29.9,32.7,27.8,7.6,29.5
S06,S06,2019,7,8,19.8,28.6,31.9,24.4,7.9,42.5
S06,S06,2019,7,9,15.0,28.2,30.2,25.3,7.6,37.1
S06,S06,2019,7,10,0.0,30.0,32.4,27.5,11.5,35.3
S06,S06,2019,7,11,0.0,30.2,33.2,27.4,10.4,29.5
S06,S06,2019,7,12,0.0,29.9,33.3,27.3,11.2,31.3
S06,S06,2019,7,13,0.0,30.0,32.7,27.9,10.1,33.5
S06,S06,2019,7,14,0.0,30.3,33.2,27.8,11.9,31.3
S06,S06,2019,7,15,17.5,27.9,29.7,23.6,9.4,40.7
S06,S06,2019,7,16,0.1,29.2,31.4,25.6,13.3,33.5
S06,S06,2019,7,17,0.0,29.7,31.9,27.2,13.0,42.5
S06,S06,2019,7,18,0.0,29.8,32.2,27.4,14.0,37.1
S06,S06,2019,7,19,0.0,29.9,32.7,27.5,13.0,33.5
S06,S06,2019,7,20,0.0,30.0,32.5,27.3,9.4,25.9
S06,S06,2019,7,21,0.0,29.5,33.1,27.4,9.0,27.7
S06,S06,2019,7,22,0.0,29.3,32.0,26.2,9.4,35.3
S06,S06,2019,7,23,4.9,28.3,29.8,25.0,7.9,33.5
S06,S06,2019,7,24,0.0,29.6,31.6,26.5,13.3,33.5
S06,S06,2019,7,25,0.0,29.9,32.5,26.8,10.8,22.3
S06,S06,2019,7,26,0.0,29.7,32.5,27.5,9.4,25.9
S06,S06,2019,7,27,0.0,29.8,32.5,27.5,10.1,27.7
S06,S06,2019,7,28,0.0,29.8,32.5,27.7,11.9,33.5
S06,S06,2019,7,29,0.0,30.2,33.2,27.6,12.2,37.1
S06,S06,2019,7,30,0.0,30.0,33.0,27.8,12.2,37.1
S06,S06,2019,7,31,0.0,29.9,32.2,27.3,15.5,40.7
S06,S06,2019,8,1,0.0,29.8,32.6,27.3,12.6,35.3
S06,S06,2019,8,2,0.0,29.9,32.5,27.7,14.4,35.3
S06,S06,2019,8,3,0.0,30.0,32.9,27.4,10.8,29.5
S06,S06,2019,8,4,0.0,29.8,32.1,27.7,14.4,35.3
S06,S06,2019,8,5,0.0,29.8,32.2,27.5,14.0,37.1
S06,S06,2019,8,6,0.0,29.7,32.2,27.3,12.2,35.3
S06,S06,2019,8,7,0.0,29.4,31.4,28.0,11.9,31.3
S06,S06,2019,8,8,0.0,29.7,31.9,27.4,14.4,37.1
S06,S06,2019,8,9,0.0,29.6,32.0,27.6,14.4,35.3
S06,S06,2019,8,10,0.4,29.6,32.0,27.6,14.4,33.5
S06,S06,2019,8,11,0.0,30.0,32.9,27.3,14.0,33.5
S06,S06,2019,8,12,0.0,30.1,33.2,27.5,14.8,33.5
S06,S06,2019,8,13,0.0,29.9,33.5,27.5,11.2,31.3
S06,S06,2019,8,14,0.0,29.8,33.0,27.6,10.8,35.3
S06,S06,2019,8,15,0.0,30.1,33.1,27.8,12.2,35.3
S06,S06,2019,8,16,0.0,30.2,33.6,27.9,13.0,37.1
S06,S06,2019,8,17,1.1,29.5,31.9,25.8,12.6,38.9
S06,S06,2019,8,18,0.0,29.9,32.9,27.2,12.2,33.5
S06,S06,2019,8,19,0.0,30.0,33.4,27.6,11.5,33.5
S06,S06,2019,8,20,0.0,29.9,33.2,27.6,13.0,33.5
S06,S06,2019,8,21,0.0,30.0,33.4,27.4,12.2,38.9
S06,S06,2019,8,22,0.0,29.9,33.2,27.6,12.6,42.5
S06,S06,2019,8,23,0.0,30.0,33.2,27.4,12.6,38.9
S06,S06,2019,8,24,0.0,29.9,33.4,27.0,12.2,35.3
S06,S06,2019,8,25,0.0,29.4,32.9,27.1,9.0,20.5
S06,S06,2019,8,26,1.9,28.9,33.0,25.1,7.9,40.7
S06,S06,2019,8,27,0.5,28.1,31.3,25.8,7.9,33.5
S06,S06,2019,8,28,0.1,27.5,28.4,26.2,7.9,25.9
S06,S06,2019,8,29,0.5,29.1,31.7,24.4,13.3,38.9
S06,S06,2019,8,30,15.3,29.0,31.2,25.7,15.1,42.5
S06,S06,2019,8,31,0.0,29.4,32.1,27.0,12.2,35.3
S06,S06,2019,9,1,0.0,29.7,33.2,27.3,10.4,27.7
S06,S06,2019,9,2,0.0,30.0,33.0,27.7,10.8,29.5
S06,S06,2019,9,3,0.0,30.0,33.0,27.8,10.4,33.5
S06,S06,2019,9,4,0.1,29.8,32.8,25.2,10.8,27.7
S06,S06,2019,9,5,0.0,29.9,33.6,27.2,11.9,33.5
S06,S06,2019,9,6,0.0,29.8,33.5,27.2,10.8,31.3
S06,S06,2019,9,7,0.0,29.8,33.3,27.2,12.2,31.3
S06,S06,2019,9,8,0.0,29.8,33.4,27.3,11.5,29.5
S06,S06,2019,9,9,0.0,29.9,33.1,27.4,10.4,27.7
S06,S06,2019,9,10,0.0,29.8,33.2,27.6,12.2,33.5
S06,S06,2019,9,11,0.0,29.9,33.5,27.3,9.7,33.5
S06,S06,2019,9,12,0.0,29.9,33.2,27.3,9.0,33.5
S06,S06,2019,9,13,0.0,29.6,33.0,27.4,10.4,29.5
S06,S06,2019,9,14,0.0,29.0,30.5,26.2,12.6,27.7
S06,S06,2019,9,15,0.0,29.3,32.1,26.7,10.4,29.5
S06,S06,2019,9,16,0.0,29.6,32.6,25.9,10.4,27.7
S06,S06,2019,9,17,0.0,29.7,33.1,27.5,10.8,29.5
S06,S06,2019,9,18,0.0,29.6,32.2,27.6,12.2,35.3
S06,S06,2019,9,19,0.0,29.7,32.8,27.5,10.1,37.1
S06,S06,2019,9,20,0.0,29.7,33.1,26.7,10.8,27.7
S06,S06,2019,9,21,0.0,29.8,33.6,26.7,11.9,38.9
S06,S06,2019,9,22,0.0,29.8,34.0,27.1,10.8,31.3
S06,S06,2019,9,23,4.4,29.4,32.6,26.3,9.4,29.5
S06,S06,2019,9,24,0.2,30.4,34.7,26.8,10.8,35.3
S06,S06,2019,9,25,12.7,27.6,30.7,25.3,6.1,33.5
S06,S06,2019,9,26,0.0,29.3,33.2,26.2,7.2,25.9
S06,S06,2019,9,27,0.0,30.1,33.5,26.6,8.3,25.9
S06,S06,2019,9,28,0.0,29.9,33.7,26.8,6.8,31.3
S06,S06,2019,9,29,15.6,28.9,33.5,24.3,6.8,37.1
S06,S06,2019,9,30,6.2,27.8,30.2,25.1,9.7,33.5
S06,S06,2019,10,1,1.9,28.7,32.1,26.3,9.4,37.1
S06,S06,2019,10,2,2.3,27.7,31.9,23.6,7.2,38.9
S06,S06,2019,10,3,0.0,27.9,31.2,23.7,6.8,24.1
S06,S06,2019,10,4,30.8,28.5,32.0,23.9,7.2,35.3
S06,S06,2019,10,5,0.0,29.2,33.4,25.7,10.1,38.9
S06,S06,2019,10,6,1.3,29.1,33.7,26.4,6.8,33.5
S06,S06,2019,10,7,51.4,27.6,32.6,22.5,6.8,46.4
S06,S06,2019,10,8,0.0,28.5,32.3,25.8,6.8,29.5
S06,S06,2019,10,9,0.0,29.3,32.5,26.3,6.5,27.7
S06,S06,2019,10,10,0.1,29.9,33.0,26.0,5.8,27.7
S06,S06,2019,10,11,0.0,30.2,35.2,25.8,7.6,31.3
S06,S06,2019,10,12,6.8,29.2,32.5,26.1,5.4,25.9
S06,S06,2019,10,13,0.0,29.5,34.3,26.5,7.6,33.5
S06,S06,2019,10,14,0.0,30.5,35.2,26.7,7.6,27.7
S06,S06,2019,10,15,0.0,29.9,33.3,26.8,6.5,33.5
S06,S06,2019,10,16,0.0,30.3,34.6,26.8,7.9,25.9
S06,S06,2019,10,17,4.4,28.9,31.8,26.5,5.0,35.3
S06,S06,2019,10,18,0.0,29.0,31.9,26.7,7.9,42.5
S06,S06,2019,10,19,0.0,30.0,34.3,26.8,7.9,31.3
S06,S06,2019,10,20,0.1,29.8,33.5,26.9,7.6,33.5
S06,S06,2019,10,21,0.0,29.5,31.9,26.9,6.8,38.9
S06,S06,2019,10,22,33.6,27.5,29.3,25.2,7.6,33.5
S06,S06,2019,10,23,23.0,27.8,32.2,23.8,6.1,37.1
S06,S06,2019,10,24,0.0,28.8,32.6,26.3,5.8,31.3
S06,S06,2019,10,25,0.0,30.3,35.0,27.1,7.9,35.3
S06,S06,2019,10,26,33.0,28.1,33.4,25.2,4.7,35.3
S06,S06,2019,10,27,32.2,27.8,33.3,24.2,7.2,29.5
S06,S06,2019,10,28,11.8,27.2,32.1,25.1,6.5,27.7
S06,S06,2019,10,29,0.0,29.4,33.3,25.4,6.1,20.5
S06,S06,2019,10,30,0.7,29.3,33.0,26.3,6.5,31.3
S06,S06,2019,10,31,0.0,29.5,32.7,24.8,6.5,25.9
S06,S06,2019,11,1,18.8,28.6,33.1,25.6,9.7,68.4
S06,S06,2019,11,2,0.0,30.2,33.8,26.6,8.3,25.9
S06,S06,2019,11,3,0.0,29.1,31.8,26.2,7.6,27.7
S06,S06,2019,11,4,12.7,29.4,32.5,26.0,4.3,38.9
S06,S06,2019,11,5,1.5,28.8,32.4,25.5,6.5,33.5
S06,S06,2019,11,6,0.0,30.1,33.7,27.0,10.4,27.7
S06,S06,2019,11,7,0.0,31.2,34.7,26.3,7.9,24.1
S06,S06,2019,11,8,4.3,28.8,32.4,23.6,9.4,37.1
S06,S06,2019,11,9,0.0,29.5,34.8,26.7,7.2,31.3
S06,S06,2019,11,10,0.0,30.4,35.0,26.0,7.6,37.1
S06,S06,2019,11,11,0.0,29.8,33.0,27.2,8.6,29.5
S06,S06,2019,11,12,3.7,29.0,34.2,26.5,5.8,22.3
S06,S06,2019,11,13,0.0,29.5,33.8,26.3,6.5,22.3
S06,S06,2019,11,14,0.6,28.2,30.7,26.3,8.6,25.9
S06,S06,2019,11,15,0.2,28.0,31.4,26.4,8.3,33.5
S06,S06,2019,11,16,0.0,29.1,34.2,26.0,6.8,24.1
S06,S06,2019,11,17,0.0,29.5,34.9,26.2,7.6,24.1
S06,S06,2019,11,18,0.0,29.4,34.2,26.6,7.6,35.3
S06,S06,2019,11,19,0.0,28.7,32.6,26.6,9.7,29.5
S06,S06,2019,11,20,27.6,26.8,30.2,25.1,7.9,33.5
S06,S06,2019,11,21,0.2,26.9,30.5,25.4,10.1,25.9
S06,S06,2019,11,22,0.1,27.2,32.0,25.3,8.6,25.9
S06,S06,2019,11,23,2.0,27.0,30.8,25.2,9.0,33.5
S06,S06,2019,11,24,1.3,27.1,33.3,25.0,7.6,25.9
S06,S06,2019,11,25,0.0,28.0,33.8,25.0,7.6,27.7
S06,S06,2019,11,26,0.0,29.1,33.8,26.5,14.8,37.1
S06,S06,2019,11,27,1.4,28.6,32.4,25.4,8.6,27.7
S06,S06,2019,11,28,30.6,28.1,32.7,25.7,8.6,27.7
S06,S06,2019,11,29,69.0,27.4,33.3,24.7,7.2,25.9
S06,S06,2019,11,30,0.0,28.5,33.7,25.6,7.9,33.5
S06,S06,2019,12,1,9.9,29.0,34.2,25.7,7.6,27.7
S06,S06,2019,12,2,18.7,27.2,32.1,24.8,9.0,35.3
S06,S06,2019,12,3,0.0,28.1,31.2,25.5,16.9,42.5
S06,S06,2019,12,4,0.0,29.1,32.8,26.2,20.2,46.4
S06,S06,2019,12,5,0.0,28.6,31.2,26.0,15.8,37.1
S06,S06,2019,12,6,0.0,28.9,33.2,26.3,20.9,42.5
S06,S06,2019,12,7,0.2,28.5,30.9,25.5,21.6,51.8
S06,S06,2019,12,8,0.0,27.0,28.5,23.8,10.8,38.9
S06,S06,2019,12,9,56.1,25.5,27.3,24.0,13.0,38.9
S06,S06,2019,12,10,27.1,25.9,26.8,23.3,6.8,40.7
S06,S06,2019,12,11,42.5,24.8,26.0,22.9,12.2,29.5
S06,S06,2019,12,12,1.5,27.9,32.3,24.2,20.2,42.5
S06,S06,2019,12,13,79.3,26.1,29.5,23.3,10.4,46.4
S06,S06,2019,12,14,36.2,25.0,26.8,23.5,5.4,14.8
S06,S06,2019,12,15,58.8,25.0,25.9,23.2,5.4,14.8
S06,S06,2019,12,16,0.0,26.8,31.4,23.7,9.4,24.1
S06,S06,2019,12,17,15.0,26.4,28.8,24.7,5.0,18.4
S06,S06,2019,12,18,28.1,26.8,31.0,24.5,6.5,22.3
S06,S06,2019,12,19,0.0,27.6,32.0,25.0,10.8,33.5
S06,S06,2019,12,20,3.8,27.7,31.5,25.6,12.6,37.1
S06,S06,2019,12,21,0.9,27.7,31.2,24.7,12.2,33.5
S06,S06,2019,12,22,0.0,27.6,31.3,25.2,13.0,33.5
S06,S06,2019,12,23,9.1,27.8,32.5,25.3,9.7,31.3
S06,S06,2019,12,24,6.9,27.8,32.0,25.6,15.8,37.1
S06,S06,2019,12,25,0.0,28.3,32.6,25.0,13.3,29.5
S06,S06,2019,12,26,0.0,28.0,31.3,25.4,14.4,31.3
S06,S06,2019,12,27,0.0,28.3,33.2,25.0,16.6,20.5
S06,S06,2019,12,28,0.0,28.1,32.2,25.1,16.2,35.3
S06,S06,2019,12,29,0.0,28.4,33.0,25.2,16.2,33.5
S06,S06,2019,12,30,0.0,28.6,32.8,25.7,16.9,33.5
S06,S06,2019,12,31,0.0,28.7,33.2,25.9,17.6,38.9
S06,S06,2020,1,1,0.0,28.7,32.3,26.3,20.2,46.4
S06,S06,2020,1,2,0.2,28.5,31.2,26.4,17.3,42.5
S06,S06,2020,1,3,0.0,28.6,32.2,26.0,18.0,46.4
S06,S06,2020,1,4,0.8,28.0,31.6,25.4,19.1,48.2
S06,S06,2020,1,5,0.0,28.7,33.2,25.5,20.2,38.9
S06,S06,2020,1,6,31.2,27.3,32.6,24.0,14.8,46.4
S06,S06,2020,1,7,1.8,26.9,30.8,24.3,15.8,44.3
S06,S06,2020,1,8,0.0,28.6,32.4,26.0,19.4,46.4
S06,S06,2020,1,9,0.0,28.6,32.4,26.1,19.1,42.5
S06,S06,2020,1,10,1.1,27.9,32.0,24.8,11.9,48.2
S06,S06,2020,1,11,0.0,28.4,31.8,25.4,11.9,25.9
S06,S06,2020,1,12,0.7,28.2,33.5,25.0,10.4,29.5
S06,S06,2020,1,13,0.0,28.1,33.4,25.0,16.9,38.9
S06,S06,2020,1,14,0.0,28.2,32.6,25.4,17.6,37.1
S06,S06,2020,1,15,0.0,28.3,32.3,26.2,16.9,33.5
S06,S06,2020,1,16,0.0,28.7,32.5,25.3,16.2,33.5
S06,S06,2020,1,17,0.0,28.8,33.6,25.8,17.3,37.1
S06,S06,2020,1,18,0.0,28.7,33.0,25.2,15.8,35.3
S06,S06,2020,1,19,0.0,28.7,33.3,25.2,15.8,35.3
S06,S06,2020,1,20,0.0,28.7,32.8,24.4,16.6,35.3
S06,S06,2020,1,21,42.0,26.6,28.0,24.6,14.4,40.7
S06,S06,2020,1,22,0.0,28.6,32.4,26.0,18.4,38.9
S06,S06,2020,1,23,0.0,28.7,33.1,25.5,17.6,40.7
S06,S06,2020,1,24,0.0,28.3,32.5,24.8,18.7,42.5
S06,S06,2020,1,25,0.0,28.4,33.3,25.2,13.3,31.3
S06,S06,2020,1,26,0.0,28.8,34.3,25.7,13.0,29.5
S06,S06,2020,1,27,18.3,28.3,32.4,25.7,9.4,24.1
S06,S06,2020,1,28,0.0,29.2,34.2,26.0,9.7,40.7
S06,S06,2020,1,29,63.1,27.0,31.8,24.0,10.1,33.5
S06,S06,2020,1,30,0.0,27.7,32.4,24.0,11.2,31.3
S06,S06,2020,1,31,0.0,28.7,32.7,26.0,15.5,37.1
S06,S06,2020,2,1,0.0,28.7,32.0,26.0,17.3,40.7
S06,S06,2020,2,2,0.0,28.2,31.5,25.3,19.4,48.2
S06,S06,2020,2,3,0.0,28.5,32.8,24.6,18.0,42.5
S06,S06,2020,2,4,0.0,28.1,32.5,24.8,15.1,33.5
S06,S06,2020,2,5,0.0,28.5,33.3,25.3,16.6,35.3
S06,S06,2020,2,6,0.0,28.7,32.9,25.8,18.4,37.1
S06,S06,2020,2,7,0.0,28.4,32.4,24.7,19.4,44.3
S06,S06,2020,2,8,0.0,28.3,31.8,25.3,14.4,33.5
S06,S06,2020,2,9,6.0,27.3,30.4,23.6,11.5,42.5
S06,S06,2020,2,10,0.5,27.8,33.2,24.2,9.7,33.5
S06,S06,2020,2,11,55.7,27.5,31.0,24.8,9.7,31.3
S06,S06,2020,2,12,11.4,28.2,32.3,25.7,10.4,31.3
S06,S06,2020,2,13,0.0,28.9,33.3,25.5,14.8,37.1
S06,S06,2020,2,14,0.0,28.9,33.7,25.3,12.2,31.3
S06,S06,2020,2,15,0.0,29.0,34.5,25.3,9.0,24.1
S06,S06,2020,2,16,42.8,28.4,33.4,25.3,10.1,40.7
S06,S06,2020,2,17,0.0,29.1,33.9,24.6,14.4,37.1
S06,S06,2020,2,18,0.2,27.6,31.8,24.5,13.7,42.5
S06,S06,2020,2,19,0.0,28.9,32.8,26.0,19.4,42.5
S06,S06,2020,2,20,1.0,28.5,32.4,24.4,21.6,51.8
S06,S06,2020,2,21,10.7,27.4,30.7,24.9,18.0,51.8
S06,S06,2020,2,22,0.7,28.2,31.7,25.8,19.4,48.2
S06,S06,2020,2,23,0.0,28.6,31.7,25.6,21.6,48.2
S06,S06,2020,2,24,1.7,27.8,31.1,25.8,17.6,44.3
S06,S06,2020,2,25,0.0,28.9,33.0,25.5,17.3,38.9
S06,S06,2020,2,26,0.0,29.1,33.4,26.0,20.2,44.3
S06,S06,2020,2,27,0.0,28.9,33.7,26.1,17.3,37.1
S06,S06,2020,2,28,0.0,28.9,33.4,25.2,18.0,48.2
S06,S06,2020,2,29,0.0,28.8,32.8,24.9,18.4,42.5
S06,S06,2020,3,1,0.0,29.0,33.7,25.3,16.2,42.5
S06,S06,2020,3,2,0.0,29.3,33.8,25.4,14.4,35.3
S06,S06,2020,3,3,0.0,29.2,33.3,26.0,16.2,42.5
S06,S06,2020,3,4,0.0,29.6,33.6,26.4,13.7,31.3
S06,S06,2020,3,5,11.1,28.5,32.4,26.0,9.7,24.1
S06,S06,2020,3,6,0.0,29.2,32.1,26.2,10.1,27.7
S06,S06,2020,3,7,5.9,28.9,34.4,25.7,10.1,38.9
S06,S06,2020,3,8,8.2,28.8,33.9,25.3,7.6,20.5
S06,S06,2020,3,9,1.0,29.2,34.0,25.6,6.5,25.9
S06,S06,2020,3,10,0.0,29.9,34.2,26.2,9.0,35.3
S06,S06,2020,3,11,21.4,29.4,35.4,26.0,9.7,33.5
S06,S06,2020,3,12,0.0,29.5,34.0,25.8,14.8,35.3
S06,S06,2020,3,13,0.0,30.4,36.3,26.4,11.5,29.5
S06,S06,2020,3,14,0.0,30.1,34.7,26.7,10.8,29.5
S06,S06,2020,3,15,0.0,30.0,34.5,27.0,13.3,33.5
S06,S06,2020,3,16,0.0,29.8,33.9,26.0,16.2,38.9
S06,S06,2020,3,17,0.0,29.6,33.7,26.0,16.6,40.7
S06,S06,2020,3,18,0.2,29.4,33.1,25.7,15.5,35.3
S06,S06,2020,3,19,0.0,29.3,33.4,25.7,10.8,29.5
S06,S06,2020,3,20,10.8,28.9,32.5,26.2,8.3,27.7
S06,S06,2020,3,21,1.5,28.6,32.2,26.3,6.8,24.1
S06,S06,2020,3,22,8.7,28.8,33.7,25.7,6.8,27.7
S06,S06,2020,3,23,18.8,27.6,30.6,24.8,5.8,33.5
S06,S06,2020,3,24,0.0,29.0,33.7,25.6,12.2,35.3
S06,S06,2020,3,25,5.3,29.7,33.7,26.5,10.1,29.5
S06,S06,2020,3,26,0.0,30.1,34.9,26.7,11.9,33.5
S06,S06,2020,3,27,0.0,29.9,34.9,26.1,10.8,35.3
S06,S06,2020,3,28,0.0,29.7,34.3,26.4,10.1,24.1
S06,S06,2020,3,29,0.0,29.6,34.0,26.2,12.2,31.3
S06,S06,2020,3,30,0.0,29.7,35.4,26.4,9.4,27.7
S06,S06,2020,3,31,0.0,30.3,35.3,26.3,9.7,27.7
S06,S06,2020,4,1,0.0,,,,6.8,25.9
S06,S06,2020,4,2,54.3,,,,6.8,33.3
S06,S06,2020,4,3,20.7,,,,7.8,33.3
S06,S06,2020,4,4,0.0,,,,9.6,33.3
S06,S06,2020,4,5,0.0,,,,7.1,29.6
S06,S06,2020,4,6,0.7,,,,5.9,27.8
S06,S06,2020,4,7,27.4,,,,5.7,24.1
S06,S06,2020,4,8,8.9,,,,6.7,35.2
S06,S06,2020,4,9,0.0,,,,7.9,31.5
S06,S06,2020,4,10,0.0,,,,6.6,22.2
S06,S06,2020,4,11,0.0,,,,6.9,25.9
S06,S06,2020,4,12,0.1,,,,7.2,24.1
S06,S06,2020,4,13,6.9,,,,7.6,33.3
S06,S06,2020,4,14,0.0,,,,10.3,33.3
S06,S06,2020,4,15,1.9,,,,9.5,48.2
S06,S06,2020,4,16,0.0,,,,10.7,40.7
S06,S06,2020,4,17,0.0,,,,8.5,27.8
S06,S06,2020,4,18,0.0,,,,9.0,33.3
S06,S06,2020,4,19,0.0,,,,7.9,35.2
S06,S06,2020,4,20,0.0,,,,9.5,33.3
S06,S06,2020,4,21,9.7,,,,6.7,38.9
S06,S06,2020,4,22,0.4,,,,7.6,35.2
S06,S06,2020,4,23,6.1,,,,5.9,25.9
S06,S06,2020,4,24,4.6,,,,4.1,33.3
S06,S06,2020,4,25,0.7,,,,3.6,31.5
S06,S06,2020,4,26,17.5,,,,3.5,35.2
S06,S06,2020,4,27,10.0,,,,7.3,37.0
S06,S06,2020,4,28,0.0,,,,5.5,29.6
S06,S06,2020,4,29,35.5,,,,7.7,27.8
S06,S06,2020,4,30,123.9,,,,3.9,42.6
S06,S06,2020,5,1,10.4,,,,4.9,31.5
S06,S06,2020,5,2,0.0,,,,5.4,20.4
S06,S06,2020,5,3,4.0,,,,4.4,24.1
S06,S06,2020,5,4,0.4,,,,4.8,22.2
S06,S06,2020,5,5,0.0,,,,5.1,38.9
S06,S06,2020,5,6,10.7,,,,7.5,42.6
S06,S06,2020,5,7,0.0,,,,6.3,24.1
S06,S06,2020,5,8,56.1,,,,9.0,31.5
S06,S06,2020,5,9,4.4,,,,10.8,25.9
S06,S06,2020,5,10,1.7,,,,7.6,37.0
S06,S06,2020,5,11,23.1,,,,7.3,35.2
S06,S06,2020,5,12,0.0,,,,6.9,31.5
S06,S06,2020,5,13,13.3,,,,7.6,42.6
S06,S06,2020,5,14,0.0,,,,4.6,27.8
S06,S06,2020,5,15,0.0,,,,7.9,27.8
S06,S06,2020,5,16,0.0,,,,7.6,33.3
S06,S06,2020,5,17,6.9,,,,6.6,35.2
S06,S06,2020,5,18,1.0,,,,7.3,24.1
S06,S06,2020,5,19,7.1,,,,5.3,24.1
S06,S06,2020,5,20,2.7,,,,4.9,33.3
S06,S06,2020,5,21,0.1,,,,3.9,24.1
S06,S06,2020,5,22,1.2,,,,4.6,31.5
S06,S06,2020,5,23,1.5,,,,4.6,18.5
S06,S06,2020,5,24,0.0,,,,4.6,24.1
S06,S06,2020,5,25,0.0,,,,5.3,33.3
S06,S06,2020,5,26,0.3,,,,5.6,35.2
S06,S06,2020,5,27,33.1,,,,3.5,35.2
S06,S06,2020,5,28,5.5,,,,5.9,27.8
S06,S06,2020,5,29,0.0,,,,4.2,31.5
S06,S06,2020,5,30,0.0,,,,4.5,31.5
S06,S06,2020,5,31,0.0,,,,6.9,29.6
S06,S06,2020,6,1,22.3,,,,6.7,37.0
S06,S06,2020,6,2,0.0,,,,4.4,22.2
S06,S06,2020,6,3,0.0,,,,6.6,24.1
S06,S06,2020,6,4,8.8,,,,9.0,33.3
S06,S06,2020,6,5,6.5,,,,12.0,37.0
S06,S06,2020,6,6,4.6,,,,5.2,20.4
S06,S06,2020,6,7,0.0,,,,5.6,37.0
S06,S06,2020,6,8,1.0,,,,3.5,40.7
S06,S06,2020,6,9,0.0,,,,8.6,35.2
S06,S06,2020,6,10,23.2,,,,9.2,38.9
S06,S06,2020,6,11,3.9,,,,4.1,22.2
S06,S06,2020,6,12,4.3,,,,6.1,22.2
S06,S06,2020,6,13,17.4,,,,7.3,27.8
S06,S06,2020,6,14,0.8,,,,6.1,29.6
S06,S06,2020,6,15,2.3,,,,7.3,31.5
S06,S06,2020,6,16,2.4,,,,5.0,31.5
S06,S06,2020,6,17,25.8,,,,4.6,29.6
S06,S06,2020,6,18,3.3,,,,5.1,20.4
S06,S06,2020,6,19,2.6,,,,8.4,27.8
S06,S06,2020,6,20,63.9,,,,6.1,42.6
S06,S06,2020,6,21,20.9,,,,6.4,35.2
S06,S06,2020,6,22,4.1,,,,6.3,42.6
S06,S06,2020,6,23,100.2,,,,8.5,29.6
S06,S06,2020,6,24,35.0,,,,9.5,38.9
S06,S06,2020,6,25,0.0,,,,7.0,25.9
S06,S06,2020,6,26,0.0,,,,8.4,33.3
S06,S06,2020,6,27,1.8,,,,9.8,29.6
S06,S06,2020,6,28,1.3,,,,10.3,37.0
S06,S06,2020,6,29,0.0,,,,10.9,31.5
S06,S06,2020,6,30,6.7,,,,9.8,33.3
S06,S06,2020,7,1,0.0,,,,8.4,29.6
S06,S06,2020,7,2,0.0,,,,10.7,24.1
S06,S06,2020,7,3,0.0,,,,10.3,27.8
S06,S06,2020,7,4,0.1,,,,8.6,27.8
S06,S06,2020,7,5,0.1,,,,5.6,24.1
S06,S06,2020,7,6,4.4,,,,9.0,29.6
S06,S06,2020,7,7,0.2,,,,5.6,29.6
S06,S06,2020,7,8,24.1,,,,4.2,22.2
S06,S06,2020,7,9,4.1,,,,9.7,25.9
S06,S06,2020,7,10,0.0,,,,3.9,18.5
S06,S06,2020,7,11,2.2,,,,4.4,18.5
S06,S06,2020,7,12,1.0,,,,9.4,40.7
S06,S06,2020,7,13,32.4,,,,7.3,29.6
S06,S06,2020,7,14,0.0,,,,6.7,20.4
S06,S06,2020,7,15,0.2,,,,7.9,24.1
S06,S06,2020,7,16,0.3,,,,5.3,27.8
S06,S06,2020,7,17,0.0,,,,6.5,31.5
S06,S06,2020,7,18,0.0,,,,5.2,25.9
S06,S06,2020,7,19,0.0,,,,5.9,25.9
S06,S06,2020,7,20,0.0,,,,7.7,29.6
S06,S06,2020,7,21,0.2,,,,7.8,
S06,S06,2020,7,22,41.0,,,,5.4,
S06,S06,2020,7,23,3.4,,,,7.4,33.3
S06,S06,2020,7,24,27.8,,,,5.8,37.0
S06,S06,2020,7,25,1.3,,,,6.4,33.3
S06,S06,2020,7,26,16.9,,,,8.6,42.6
S06,S06,2020,7,27,27.5,,,,7.5,46.3
S06,S06,2020,7,28,0.0,,,,8.2,31.5
S06,S06,2020,7,29,14.3,,,,5.3,40.7
S06,S06,2020,7,30,0.4,,,,7.6,27.8
S06,S06,2020,7,31,1.8,,,,9.8,25.9
S06,S06,2020,8,1,0.0,,,,11.7,29.6
S06,S06,2020,8,2,0.0,,,,12.0,33.3
S06,S06,2020,8,3,0.0,,,,10.3,27.8
S06,S06,2020,8,4,3.6,,,,9.3,37.0
S06,S06,2020,8,5,0.0,,,,11.2,33.3
S06,S06,2020,8,6,0.0,,,,8.3,24.1
S06,S06,2020,8,7,0.0,,,,10.0,33.3
S06,S06,2020,8,8,0.0,,,,10.4,27.8
S06,S06,2020,8,9,0.0,,,,10.0,25.9
S06,S06,2020,8,10,0.0,,,,12.0,29.6
S06,S06,2020,8,11,0.1,,,,9.9,29.6
S06,S06,2020,8,12,0.1,,,,7.6,33.3
S06,S06,2020,8,13,54.3,,,,9.3,22.2
S06,S06,2020,8,14,60.5,,,,5.9,33.3
S06,S06,2020,8,15,0.0,,,,4.6,24.1
S06,S06,2020,8,16,1.4,,,,9.0,35.2
S06,S06,2020,8,17,57.2,,,,5.6,31.5
S06,S06,2020,8,18,11.9,,,,7.1,35.2
S06,S06,2020,8,19,2.5,,,,5.5,31.5
S06,S06,2020,8,20,4.8,,,,7.7,31.5
S06,S06,2020,8,21,0.0,,,,10.2,37.0
S06,S06,2020,8,22,6.1,,,,6.3,24.1
S06,S06,2020,8,23,15.7,,,,3.7,35.2
S06,S06,2020,8,24,0.0,,,,5.7,
S06,S06,2020,8,25,0.0,,,,7.7,42.6
S06,S06,2020,8,26,2.1,,,,11.4,38.9
S06,S06,2020,8,27,0.0,,,,10.3,35.2
S06,S06,2020,8,28,0.0,,,,11.3,42.6
S06,S06,2020,8,29,2.7,,,,5.9,38.9
S06,S06,2020,8,30,0.0,,,,9.6,33.3
S06,S06,2020,8,31,1.1,,,,8.9,35.2
S06,S06,2020,9,1,11.6,,,,9.0,44.4
S06,S06,2020,9,2,0.0,,,,7.9,25.9
S06,S06,2020,9,3,11.3,,,,4.5,22.2
S06,S06,2020,9,4,0.6,,,,7.7,31.5
S06,S06,2020,9,5,24.7,,,,6.3,33.3
S06,S06,2020,9,6,27.7,,,,4.2,27.8
S06,S06,2020,9,7,0.0,,,,7.0,29.6
S06,S06,2020,9,8,0.0,,,,8.6,37.0
S06,S06,2020,9,9,0.0,,,,6.1,33.3
S06,S06,2020,9,10,0.5,,,,7.5,31.5
S06,S06,2020,9,11,5.4,,,,10.3,33.3
S06,S06,2020,9,12,7.8,,,,6.7,40.7
S06,S06,2020,9,13,42.2,,,,4.4,46.3
S06,S06,2020,9,14,7.3,,,,4.2,40.7
S06,S06,2020,9,15,0.0,,,,6.3,27.8
S06,S06,2020,9,16,15.3,,,,9.7,53.7
S06,S06,2020,9,17,0.0,,,,9.0,40.7
S06,S06,2020,9,18,0.0,,,,11.5,37.0
S06,S06,2020,9,19,3.9,,,,10.5,33.3
S06,S06,2020,9,20,0.4,,,,7.5,
S06,S06,2020,9,21,5.1,,,,6.1,25.9
S06,S06,2020,9,22,0.0,,,,7.0,27.8
S06,S06,2020,9,23,0.0,,,,6.3,27.8
S06,S06,2020,9,24,16.9,,,,9.0,29.6
S06,S06,2020,9,25,3.3,,,,6.8,50.0
S06,S06,2020,9,26,46.5,,,,10.6,31.5
S06,S06,2020,9,27,7.3,,,,9.1,27.8
S06,S06,2020,9,28,0.0,,,,8.3,35.2
S06,S06,2020,9,29,2.2,,,,7.5,38.9
S06,S06,2020,9,30,0.0,,,,6.4,29.6
S06,S06,2020,10,1,7.2,,,,4.9,22.2
S06,S06,2020,10,2,3.0,,,,8.3,33.3
S06,S06,2020,10,3,9.5,,,,13.5,35.2
S06,S06,2020,10,4,0.0,,,,7.6,25.9
S06,S06,2020,10,5,0.0,,,,7.3,29.6
S06,S06,2020,10,6,0.0,,,,10.0,35.2
S06,S06,2020,10,7,2.1,,,,10.0,35.2
S06,S06,2020,10,8,6.7,,,,9.7,38.9
S06,S06,2020,10,9,0.0,,,,10.6,24.1
S06,S06,2020,10,10,10.4,,,,8.6,53.7
S06,S06,2020,10,11,2.6,,,,12.7,40.7
S06,S06,2020,10,12,0.0,,,,18.4,38.9
S06,S06,2020,10,13,0.0,,,,10.1,33.3
S06,S06,2020,10,14,2.0,,,,10.4,38.9
S06,S06,2020,10,15,2.1,,,,11.9,40.7
S06,S06,2020,10,16,4.4,,,,12.2,35.2
S06,S06,2020,10,17,0.0,,,,9.9,29.6
S06,S06,2020,10,18,2.9,,,,7.3,37.0
S06,S06,2020,10,19,0.0,,,,7.5,38.9
S06,S06,2020,10,20,0.0,,,,3.5,31.5
S06,S06,2020,10,21,0.6,,,,7.3,31.5
S06,S06,2020,10,22,8.0,,,,11.0,38.9
S06,S06,2020,10,23,3.2,,,,6.1,25.9
S06,S06,2020,10,24,0.4,,,,4.2,22.2
S06,S06,2020,10,25,9.8,,,,7.9,38.9
S06,S06,2020,10,26,7.7,,,,5.5,25.9
S06,S06,2020,10,27,0.8,,,,6.2,40.7
S06,S06,2020,10,28,1.9,,,,5.4,25.9
S06,S06,2020,10,29,1.7,,,,6.6,27.8
S06,S06,2020,10,30,0.0,,,,5.3,33.3
S06,S06,2020,10,31,32.6,,,,6.5,33.3
S06,S06,2020,11,1,0.0,,,,7.5,25.9
S06,S06,2020,11,2,134.2,,,,5.6,53.7
S06,S06,2020,11,3,0.2,,,,3.0,18.5
S06,S06,2020,11,4,24.9,,,,3.9,27.8
S06,S06,2020,11,5,0.0,,,,4.2,24.1
S06,S06,2020,11,6,0.0,,,,4.9,24.1
S06,S06,2020,11,7,66.7,,,,3.1,33.3
S06,S06,2020,11,8,11.2,,,,3.2,38.9
S06,S06,2020,11,9,0.3,,,,5.2,20.4
S06,S06,2020,11,10,9.9,,,,2.8,25.9
S06,S06,2020,11,11,0.0,,,,5.4,29.6
S06,S06,2020,11,12,0.0,,,,8.3,25.9
S06,S06,2020,11,13,0.0,,,,8.8,27.8
S06,S06,2020,11,14,0.4,,,,7.9,27.8
S06,S06,2020,11,15,24.0,,,,7.4,29.6
S06,S06,2020,11,16,10.7,,,,13.2,38.9
S06,S06,2020,11,17,19.0,,,,6.9,44.4
S06,S06,2020,11,18,0.0,,,,5.6,22.2
S06,S06,2020,11,19,2.0,,,,4.6,25.9
S06,S06,2020,11,20,0.0,,,,4.6,24.1
S06,S06,2020,11,21,25.2,,,,6.6,33.3
S06,S06,2020,11,22,49.1,,,,4.9,37.0
S06,S06,2020,11,23,57.3,,,,4.1,33.3
S06,S06,2020,11,24,0.1,,,,4.1,16.7
S06,S06,2020,11,25,0.0,,,,6.6,18.5
S06,S06,2020,11,26,2.0,,,,4.3,14.8
S06,S06,2020,11,27,0.1,,,,4.7,22.2
S06,S06,2020,11,28,6.0,,,,3.2,22.2
S06,S06,2020,11,29,0.0,,,,7.7,24.1
S06,S06,2020,11,30,10.6,,,,4.8,55.6
