station,station_id,year,month,day,rainfall_mm,temp_mean_c,temp_max_c,temp_min_c,wind_mean_kmh,wind_max_kmh
Semakau Landfill,S102,2013,1,1,3.2,27.3,30.3,25.0,10.6,34.6
Semakau Landfill,S102,2013,1,2,0.0,27.1,29.4,24.6,13.7,57.2
Semakau Landfill,S102,2013,1,3,40.4,27.3,30.2,24.9,12.0,36.4
Semakau Landfill,S102,2013,1,4,8.6,27.1,30.1,24.9,14.9,55.4
Semakau Landfill,S102,2013,1,5,0.0,28.0,30.4,26.4,14.8,37.8
Semakau Landfill,S102,2013,1,6,0.0,28.3,31.1,26.4,12.0,31.7
Semakau Landfill,S102,2013,1,7,0.0,29.0,31.1,27.1,15.5,38.2
Semakau Landfill,S102,2013,1,8,0.0,28.3,30.4,27.0,17.5,55.8
Semakau Landfill,S102,2013,1,9,0.0,27.6,30.1,26.7,18.8,54.4
Semakau Landfill,S102,2013,1,10,0.2,27.7,28.9,26.4,16.9,40.3
Semakau Landfill,S102,2013,1,11,48.4,27.3,30.5,23.4,18.5,40.7
Semakau Landfill,S102,2013,1,12,1.4,27.5,30.0,25.9,14.5,33.8
Semakau Landfill,S102,2013,1,13,7.2,27.1,29.2,24.7,12.3,27.7
Semakau Landfill,S102,2013,1,14,8.6,27.3,30.3,23.8,21.4,48.2
Semakau Landfill,S102,2013,1,15,2.8,27.6,29.9,26.2,19.6,53.6
Semakau Landfill,S102,2013,1,16,0.0,27.7,29.4,26.8,23.1,50.0
Semakau Landfill,S102,2013,1,17,0.0,27.8,30.1,26.0,25.5,49.0
Semakau Landfill,S102,2013,1,18,36.6,27.3,31.8,25.0,18.1,41.4
Semakau Landfill,S102,2013,1,19,33.2,24.7,25.9,23.2,17.2,39.2
Semakau Landfill,S102,2013,1,20,0.4,25.8,26.9,24.8,14.1,36.7
Semakau Landfill,S102,2013,1,21,0.6,27.3,30.0,25.4,17.8,36.0
Semakau Landfill,S102,2013,1,22,0.2,26.7,28.3,25.2,18.9,37.8
Semakau Landfill,S102,2013,1,23,0.0,27.6,30.4,25.8,19.9,42.5
Semakau Landfill,S102,2013,1,24,1.2,27.5,29.9,26.4,18.7,38.5
Semakau Landfill,S102,2013,1,25,0.0,27.6,30.1,25.7,20.0,39.2
Semakau Landfill,S102,2013,1,26,0.0,27.7,30.3,26.2,21.2,40.3
Semakau Landfill,S102,2013,1,27,0.2,27.5,29.8,25.8,20.1,39.6
Semakau Landfill,S102,2013,1,28,0.0,27.7,29.8,26.2,19.8,39.2
Semakau Landfill,S102,2013,1,29,0.0,27.7,29.7,26.1,23.2,41.0
Semakau Landfill,S102,2013,1,30,0.0,27.8,29.8,26.0,23.0,41.0
Semakau Landfill,S102,2013,1,31,0.0,27.9,29.9,26.2,22.7,38.5
Semakau Landfill,S102,2013,2,1,1.8,28.2,30.3,26.8,25.6,47.9
Semakau Landfill,S102,2013,2,2,0.0,28.4,31.4,26.3,22.5,47.9
Semakau Landfill,S102,2013,2,3,28.6,26.7,29.5,24.7,13.3,32.8
Semakau Landfill,S102,2013,2,4,0.0,27.4,29.0,25.7,16.0,33.8
Semakau Landfill,S102,2013,2,5,73.4,26.5,29.1,23.5,12.5,35.6
Semakau Landfill,S102,2013,2,6,33.4,26.2,28.0,24.1,8.3,37.1
Semakau Landfill,S102,2013,2,7,5.6,26.7,29.7,24.2,10.8,37.1
Semakau Landfill,S102,2013,2,8,30.8,26.4,28.2,23.7,10.2,49.7
Semakau Landfill,S102,2013,2,9,1.6,27.0,30.0,25.2,12.2,54.0
Semakau Landfill,S102,2013,2,10,10.2,25.6,26.8,23.3,17.0,44.6
Semakau Landfill,S102,2013,2,11,0.6,26.5,28.8,25.2,11.9,35.3
Semakau Landfill,S102,2013,2,12,2.8,26.8,28.4,25.2,15.9,42.8
Semakau Landfill,S102,2013,2,13,10.0,27.3,29.2,24.7,17.9,54.4
Semakau Landfill,S102,2013,2,14,38.4,25.9,27.9,24.0,12.4,38.9
Semakau Landfill,S102,2013,2,15,3.0,26.1,29.8,24.8,13.3,34.9
Semakau Landfill,S102,2013,2,16,34.2,26.3,29.4,22.6,12.6,46.8
Semakau Landfill,S102,2013,2,17,0.0,26.1,26.7,25.4,14.5,30.6
Semakau Landfill,S102,2013,2,18,0.0,27.2,31.0,25.7,14.1,41.8
Semakau Landfill,S102,2013,2,19,7.2,26.7,27.8,25.2,15.0,34.2
Semakau Landfill,S102,2013,2,20,0.2,27.4,30.1,26.2,14.8,45.0
Semakau Landfill,S102,2013,2,21,0.2,26.9,28.1,25.3,16.0,34.6
Semakau Landfill,S102,2013,2,22,0.0,27.9,31.1,26.0,22.8,45.0
Semakau Landfill,S102,2013,2,23,0.0,28.0,31.1,26.0,21.4,42.5
Semakau Landfill,S102,2013,2,24,0.0,28.3,30.2,26.4,20.0,41.4
Semakau Landfill,S102,2013,2,25,0.8,27.4,30.0,26.1,18.3,42.5
Semakau Landfill,S102,2013,2,26,18.4,27.1,29.2,24.5,14.4,49.3
Semakau Landfill,S102,2013,2,27,0.0,27.3,29.0,25.9,13.3,27.4
Semakau Landfill,S102,2013,2,28,0.0,28.1,31.0,26.4,12.2,32.0
Semakau Landfill,S102,2013,3,1,0.0,28.3,30.8,26.7,13.6,32.4
Semakau Landfill,S102,2013,3,2,0.2,28.4,31.3,27.3,16.6,36.4
Semakau Landfill,S102,2013,3,3,0.0,28.6,30.8,26.9,24.2,45.0
Semakau Landfill,S102,2013,3,4,0.2,28.4,30.7,26.3,24.8,50.8
Semakau Landfill,S102,2013,3,5,0.8,28.1,30.8,26.6,20.6,43.9
Semakau Landfill,S102,2013,3,6,2.2,27.9,29.8,26.4,18.0,32.8
Semakau Landfill,S102,2013,3,7,3.6,28.1,30.7,26.4,17.6,37.1
Semakau Landfill,S102,2013,3,8,29.0,28.1,30.6,24.0,21.3,52.2
Semakau Landfill,S102,2013,3,9,3.4,27.6,29.8,25.5,15.7,38.9
Semakau Landfill,S102,2013,3,10,0.6,27.9,30.8,26.6,12.9,39.6
Semakau Landfill,S102,2013,3,11,0.0,28.0,30.2,26.7,18.1,34.6
Semakau Landfill,S102,2013,3,12,0.0,,30.6,26.3,18.0,32.8
Semakau Landfill,S102,2013,3,13,0.0,27.9,29.3,26.4,16.4,34.6
Semakau Landfill,S102,2013,3,14,0.0,28.0,30.6,26.1,17.1,37.1
Semakau Landfill,S102,2013,3,15,0.0,28.4,30.3,26.9,18.2,36.4
Semakau Landfill,S102,2013,3,16,0.0,28.6,30.4,27.0,17.8,35.6
Semakau Landfill,S102,2013,3,17,2.0,28.0,29.9,26.4,13.8,36.0
Semakau Landfill,S102,2013,3,18,0.0,28.5,31.1,27.0,19.2,34.6
Semakau Landfill,S102,2013,3,19,0.0,28.7,31.1,27.3,20.5,41.0
Semakau Landfill,S102,2013,3,20,0.0,28.9,31.4,27.5,16.0,30.6
Semakau Landfill,S102,2013,3,21,0.0,29.1,32.1,28.0,15.0,34.9
Semakau Landfill,S102,2013,3,22,2.0,28.8,31.3,26.5,15.0,40.0
Semakau Landfill,S102,2013,3,23,0.0,29.1,31.8,27.4,14.5,31.0
Semakau Landfill,S102,2013,3,24,0.0,29.3,31.4,28.2,14.3,32.4
Semakau Landfill,S102,2013,3,25,7.8,28.9,30.1,27.4,11.9,27.7
Semakau Landfill,S102,2013,3,26,0.0,28.4,30.0,24.8,10.0,43.6
Semakau Landfill,S102,2013,3,27,0.2,29.2,30.9,27.9,9.2,27.4
Semakau Landfill,S102,2013,3,28,0.0,29.1,31.8,28.3,11.2,29.9
Semakau Landfill,S102,2013,3,29,17.8,28.9,30.7,25.6,7.2,49.7
Semakau Landfill,S102,2013,3,30,0.0,29.4,32.1,27.8,10.1,27.4
Semakau Landfill,S102,2013,3,31,0.0,29.6,32.5,27.9,10.6,40.7
Semakau Landfill,S102,2013,4,1,0.0,29.3,31.5,27.8,12.8,40.0
Semakau Landfill,S102,2013,4,2,8.4,29.3,31.8,26.0,10.1,41.0
Semakau Landfill,S102,2013,4,3,0.2,28.8,30.5,27.7,11.1,35.6
Semakau Landfill,S102,2013,4,4,9.4,28.6,29.8,27.4,12.7,31.0
Semakau Landfill,S102,2013,4,5,31.6,28.9,30.3,25.6,15.3,42.1
Semakau Landfill,S102,2013,4,6,63.2,28.2,30.4,24.4,24.7,64.1
Semakau Landfill,S102,2013,4,7,0.0,28.4,29.4,25.2,22.1,65.2
Semakau Landfill,S102,2013,4,8,1.0,28.5,29.5,26.0,12.0,42.8
Semakau Landfill,S102,2013,4,9,7.8,28.3,29.9,25.7,8.0,33.1
Semakau Landfill,S102,2013,4,10,0.2,29.0,31.1,27.9,9.4,30.6
Semakau Landfill,S102,2013,4,11,0.0,28.3,30.2,27.0,10.3,27.0
Semakau Landfill,S102,2013,4,12,0.0,29.0,30.7,27.3,13.1,27.0
Semakau Landfill,S102,2013,4,13,3.2,29.4,32.9,25.6,11.4,54.4
Semakau Landfill,S102,2013,4,14,0.4,27.6,29.0,23.2,12.3,52.9
Semakau Landfill,S102,2013,4,15,0.0,29.1,30.8,27.2,12.8,26.6
Semakau Landfill,S102,2013,4,16,18.0,29.7,31.5,28.3,11.2,22.7
Semakau Landfill,S102,2013,4,17,0.0,28.4,29.5,24.5,18.8,94.3
Semakau Landfill,S102,2013,4,18,1.6,29.6,30.4,29.0,16.2,33.8
Semakau Landfill,S102,2013,4,19,27.4,27.8,29.7,23.4,10.3,65.9
Semakau Landfill,S102,2013,4,20,0.0,29.5,31.2,28.3,11.4,24.8
Semakau Landfill,S102,2013,4,21,38.2,27.7,30.6,24.0,13.2,64.1
Semakau Landfill,S102,2013,4,22,0.2,28.6,30.4,26.1,11.2,27.7
Semakau Landfill,S102,2013,4,23,9.2,28.5,30.1,27.3,10.2,36.4
Semakau Landfill,S102,2013,4,24,0.0,28.6,30.6,25.3,11.6,38.2
Semakau Landfill,S102,2013,4,25,9.0,29.3,31.0,28.3,8.4,20.9
Semakau Landfill,S102,2013,4,26,1.2,27.8,29.9,24.8,9.9,61.6
Semakau Landfill,S102,2013,4,27,8.2,28.9,30.7,27.7,9.8,24.5
Semakau Landfill,S102,2013,4,28,10.4,27.2,28.6,24.4,10.2,47.5
Semakau Landfill,S102,2013,4,29,0.0,28.6,30.0,27.5,12.3,39.2
Semakau Landfill,S102,2013,4,30,0.0,29.4,31.6,28.1,9.3,22.7
Semakau Landfill,S102,2013,5,1,4.0,28.6,29.6,26.2,8.9,28.1
Semakau Landfill,S102,2013,5,2,0.0,29.2,31.2,28.0,9.9,34.9
Semakau Landfill,S102,2013,5,3,0.2,29.0,31.0,27.0,10.3,42.1
Semakau Landfill,S102,2013,5,4,6.0,29.0,31.8,27.2,14.4,49.0
Semakau Landfill,S102,2013,5,5,15.2,28.5,31.0,25.4,9.4,41.0
Semakau Landfill,S102,2013,5,6,0.0,29.2,31.0,27.8,6.5,31.3
Semakau Landfill,S102,2013,5,7,4.8,28.5,30.4,25.4,9.1,56.2
Semakau Landfill,S102,2013,5,8,0.0,28.6,30.2,27.2,11.0,38.5
Semakau Landfill,S102,2013,5,9,0.0,28.8,30.6,27.2,8.6,39.2
Semakau Landfill,S102,2013,5,10,14.0,28.9,31.8,25.5,12.0,48.2
Semakau Landfill,S102,2013,5,11,0.0,28.6,29.6,27.2,15.0,36.0
Semakau Landfill,S102,2013,5,12,0.0,29.7,31.9,28.4,14.2,30.2
Semakau Landfill,S102,2013,5,13,0.0,30.1,31.7,28.9,13.8,24.8
Semakau Landfill,S102,2013,5,14,0.0,29.6,31.5,28.4,10.3,80.3
Semakau Landfill,S102,2013,5,15,45.4,29.9,32.2,28.0,10.9,23.0
Semakau Landfill,S102,2013,5,16,3.4,28.1,31.0,24.7,19.3,65.5
Semakau Landfill,S102,2013,5,17,1.8,30.1,31.8,28.5,7.7,17.6
Semakau Landfill,S102,2013,5,18,0.0,28.4,29.9,26.0,13.9,40.7
Semakau Landfill,S102,2013,5,19,0.0,29.6,31.1,28.0,9.3,23.8
Semakau Landfill,S102,2013,5,20,21.2,29.4,30.7,25.2,10.9,48.6
Semakau Landfill,S102,2013,5,21,0.0,29.6,31.4,27.8,10.7,79.2
Semakau Landfill,S102,2013,5,22,1.4,29.2,30.8,27.5,11.4,32.0
Semakau Landfill,S102,2013,5,23,0.0,29.8,31.1,29.2,13.1,25.6
Semakau Landfill,S102,2013,5,24,17.0,28.3,29.5,24.6,10.9,53.3
Semakau Landfill,S102,2013,5,25,0.0,29.3,30.6,27.7,14.6,40.7
Semakau Landfill,S102,2013,5,26,0.0,28.8,31.6,26.7,8.6,42.8
Semakau Landfill,S102,2013,5,27,0.0,,30.8,27.8,12.0,29.5
Semakau Landfill,S102,2013,5,28,0.0,29.1,30.6,26.8,13.2,42.8
Semakau Landfill,S102,2013,5,29,0.4,28.1,29.8,26.5,11.3,60.5
Semakau Landfill,S102,2013,5,30,15.0,27.8,29.5,24.6,16.5,56.9
Semakau Landfill,S102,2013,5,31,0.0,28.6,30.5,27.0,14.1,41.8
Semakau Landfill,S102,2013,6,1,5.2,29.1,30.8,27.9,10.7,33.5
Semakau Landfill,S102,2013,6,2,0.2,29.3,30.9,24.8,15.4,72.7
Semakau Landfill,S102,2013,6,3,0.0,29.1,30.6,25.4,10.9,46.4
Semakau Landfill,S102,2013,6,4,1.8,28.5,29.8,26.4,10.2,57.6
Semakau Landfill,S102,2013,6,5,1.2,28.7,31.7,25.7,11.8,59.8
Semakau Landfill,S102,2013,6,6,0.0,29.2,32.2,27.2,13.3,35.3
Semakau Landfill,S102,2013,6,7,2.2,29.3,32.4,27.4,12.0,34.2
Semakau Landfill,S102,2013,6,8,8.2,29.4,31.9,27.6,8.0,26.6
Semakau Landfill,S102,2013,6,9,5.4,28.4,29.5,24.8,16.2,59.8
Semakau Landfill,S102,2013,6,10,3.6,29.1,30.4,25.9,15.5,36.7
Semakau Landfill,S102,2013,6,11,0.0,29.8,31.2,26.0,19.0,67.3
Semakau Landfill,S102,2013,6,12,0.0,30.3,30.8,29.7,23.1,58.0
Semakau Landfill,S102,2013,6,13,0.0,30.2,31.8,29.5,9.6,21.6
Semakau Landfill,S102,2013,6,14,0.0,30.3,31.5,29.6,11.6,24.5
Semakau Landfill,S102,2013,6,15,0.0,30.3,31.9,29.6,10.0,19.8
Semakau Landfill,S102,2013,6,16,5.2,30.2,31.8,26.8,13.9,58.3
Semakau Landfill,S102,2013,6,17,0.0,30.1,31.2,28.1,18.6,56.9
Semakau Landfill,S102,2013,6,18,0.0,30.6,31.5,29.6,15.8,34.6
Semakau Landfill,S102,2013,6,19,0.0,30.7,31.9,29.8,19.1,40.0
Semakau Landfill,S102,2013,6,20,0.0,30.6,32.0,29.6,18.1,37.1
Semakau Landfill,S102,2013,6,21,0.0,30.4,31.5,29.3,15.6,37.4
Semakau Landfill,S102,2013,6,22,0.0,30.5,32.3,29.3,11.3,24.1
Semakau Landfill,S102,2013,6,23,0.0,30.3,31.9,29.3,11.0,22.7
Semakau Landfill,S102,2013,6,24,0.0,30.4,32.2,29.0,12.0,23.0
Semakau Landfill,S102,2013,6,25,0.0,30.0,32.8,27.6,12.3,54.0
Semakau Landfill,S102,2013,6,26,15.6,28.6,30.4,23.6,11.1,52.9
Semakau Landfill,S102,2013,6,27,0.0,29.1,30.2,27.8,15.7,30.2
Semakau Landfill,S102,2013,6,28,0.0,29.4,30.3,28.2,9.8,28.1
Semakau Landfill,S102,2013,6,29,1.0,29.5,30.3,28.9,9.9,24.1
Semakau Landfill,S102,2013,6,30,0.4,28.1,29.5,25.5,11.4,54.0
Semakau Landfill,S102,2013,7,1,0.0,29.1,30.1,28.1,13.9,32.0
Semakau Landfill,S102,2013,7,2,0.0,28.6,29.6,27.6,16.7,38.5
Semakau Landfill,S102,2013,7,3,0.0,28.6,29.5,27.7,14.2,31.0
Semakau Landfill,S102,2013,7,4,4.0,28.3,29.3,25.0,13.0,56.9
Semakau Landfill,S102,2013,7,5,0.0,27.8,28.7,26.0,14.4,42.8
Semakau Landfill,S102,2013,7,6,0.0,29.1,30.4,28.0,16.1,32.8
Semakau Landfill,S102,2013,7,7,0.2,29.5,31.2,28.1,14.1,31.3
Semakau Landfill,S102,2013,7,8,26.4,28.8,31.1,26.5,12.4,38.5
Semakau Landfill,S102,2013,7,9,0.8,27.1,28.9,23.2,18.6,71.3
Semakau Landfill,S102,2013,7,10,0.0,28.2,30.0,26.9,16.6,27.7
Semakau Landfill,S102,2013,7,11,0.0,28.4,30.4,26.3,10.3,33.8
Semakau Landfill,S102,2013,7,12,2.2,28.3,30.0,25.7,14.2,56.9
Semakau Landfill,S102,2013,7,13,7.6,28.3,29.1,27.5,11.9,26.6
Semakau Landfill,S102,2013,7,14,10.8,27.8,29.1,23.7,15.3,65.9
Semakau Landfill,S102,2013,7,15,0.0,27.4,29.6,25.3,17.1,46.8
Semakau Landfill,S102,2013,7,16,0.0,28.7,30.3,27.9,8.5,18.7
Semakau Landfill,S102,2013,7,17,0.2,27.9,29.9,26.1,12.9,40.0
Semakau Landfill,S102,2013,7,18,0.0,27.6,28.0,27.0,21.5,41.0
Semakau Landfill,S102,2013,7,19,0.0,28.4,30.1,27.5,15.1,27.7
Semakau Landfill,S102,2013,7,20,0.0,28.7,30.3,27.8,12.0,23.8
Semakau Landfill,S102,2013,7,21,0.0,28.8,31.0,27.6,12.0,24.5
Semakau Landfill,S102,2013,7,22,0.0,28.9,30.3,27.5,14.3,26.6
Semakau Landfill,S102,2013,7,23,0.0,29.2,30.8,28.0,17.1,29.5
Semakau Landfill,S102,2013,7,24,0.0,29.5,31.4,28.2,15.5,24.5
Semakau Landfill,S102,2013,7,25,0.0,28.5,31.7,27.5,16.8,33.8
Semakau Landfill,S102,2013,7,26,0.0,28.5,29.8,27.7,13.7,32.8
Semakau Landfill,S102,2013,7,27,29.0,27.2,28.7,23.6,14.0,63.0
Semakau Landfill,S102,2013,7,28,0.0,28.7,30.5,27.0,10.4,23.0
Semakau Landfill,S102,2013,7,29,0.0,27.7,29.0,25.9,11.8,52.2
Semakau Landfill,S102,2013,7,30,0.0,28.5,30.6,27.2,13.0,34.6
Semakau Landfill,S102,2013,7,31,1.4,,29.3,26.8,16.9,51.1
Semakau Landfill,S102,2013,8,1,0.6,27.8,29.2,24.6,17.5,58.0
Semakau Landfill,S102,2013,8,2,0.0,27.8,29.0,25.8,17.5,45.0
Semakau Landfill,S102,2013,8,3,0.0,29.0,30.5,27.7,15.2,25.2
Semakau Landfill,S102,2013,8,4,9.2,28.3,29.2,25.9,14.5,51.1
Semakau Landfill,S102,2013,8,5,68.2,27.0,28.2,23.4,20.3,66.6
Semakau Landfill,S102,2013,8,6,1.4,28.5,29.8,27.4,10.6,27.4
Semakau Landfill,S102,2013,8,7,0.0,27.9,29.3,25.8,16.5,34.6
Semakau Landfill,S102,2013,8,8,0.0,27.7,28.7,25.4,18.9,52.6
Semakau Landfill,S102,2013,8,9,1.8,28.1,30.3,26.9,14.9,27.4
Semakau Landfill,S102,2013,8,10,31.4,27.5,28.8,24.9,16.6,80.3
Semakau Landfill,S102,2013,8,11,14.8,26.9,28.5,23.3,12.8,69.1
Semakau Landfill,S102,2013,8,12,31.4,27.6,29.6,23.7,11.3,49.7
Semakau Landfill,S102,2013,8,13,0.8,26.9,28.3,21.8,15.0,68.0
Semakau Landfill,S102,2013,8,14,41.8,27.9,29.2,24.9,14.3,56.2
Semakau Landfill,S102,2013,8,15,0.0,28.6,30.9,27.5,16.6,28.4
Semakau Landfill,S102,2013,8,16,0.0,28.2,29.6,27.3,16.4,31.7
Semakau Landfill,S102,2013,8,17,0.0,28.3,30.5,27.2,11.4,32.0
Semakau Landfill,S102,2013,8,18,0.0,28.3,31.0,27.2,11.4,23.4
Semakau Landfill,S102,2013,8,19,0.0,28.5,31.1,27.1,12.7,33.8
Semakau Landfill,S102,2013,8,20,0.0,28.1,28.9,27.0,11.3,29.9
Semakau Landfill,S102,2013,8,21,0.0,28.2,29.9,26.9,14.8,40.7
Semakau Landfill,S102,2013,8,22,0.8,28.7,30.2,25.9,15.7,41.8
Semakau Landfill,S102,2013,8,23,0.0,28.8,30.2,28.0,15.9,31.7
Semakau Landfill,S102,2013,8,24,0.0,28.9,30.6,27.6,16.0,27.4
Semakau Landfill,S102,2013,8,25,0.0,28.9,30.3,27.7,19.6,32.8
Semakau Landfill,S102,2013,8,26,0.0,28.5,29.2,27.7,19.3,43.2
Semakau Landfill,S102,2013,8,27,0.0,28.7,30.3,23.1,16.4,28.1
Semakau Landfill,S102,2013,8,28,0.0,28.8,31.0,27.5,15.0,36.4
Semakau Landfill,S102,2013,8,29,4.6,28.2,31.4,26.3,11.5,45.7
Semakau Landfill,S102,2013,8,30,2.0,28.1,30.3,26.1,9.7,38.5
Semakau Landfill,S102,2013,8,31,0.0,29.2,32.4,27.6,14.2,28.8
Semakau Landfill,S102,2013,9,1,7.8,27.9,29.4,25.5,11.0,36.7
Semakau Landfill,S102,2013,9,2,0.4,27.8,29.4,26.4,11.9,32.0
Semakau Landfill,S102,2013,9,3,1.6,28.1,30.3,26.5,8.8,20.2
Semakau Landfill,S102,2013,9,4,54.8,27.0,28.5,22.8,12.3,50.8
Semakau Landfill,S102,2013,9,5,14.4,26.9,27.9,24.2,16.0,43.6
Semakau Landfill,S102,2013,9,6,57.0,27.0,28.5,23.5,15.3,68.4
Semakau Landfill,S102,2013,9,7,17.4,26.5,28.3,23.6,18.3,66.6
Semakau Landfill,S102,2013,9,8,2.6,26.9,28.9,23.3,12.8,40.3
Semakau Landfill,S102,2013,9,9,0.8,27.4,28.5,26.1,18.3,45.4
Semakau Landfill,S102,2013,9,10,3.2,27.2,28.0,25.2,23.5,48.2
Semakau Landfill,S102,2013,9,11,0.0,27.8,29.5,24.4,14.4,34.6
Semakau Landfill,S102,2013,9,12,0.0,29.2,32.0,27.6,16.5,31.0
Semakau Landfill,S102,2013,9,13,17.4,28.0,29.9,24.8,12.4,44.6
Semakau Landfill,S102,2013,9,14,0.0,28.6,30.4,26.8,11.7,44.3
Semakau Landfill,S102,2013,9,15,24.4,26.9,28.5,24.3,14.6,47.5
Semakau Landfill,S102,2013,9,16,0.0,28.2,30.0,26.6,10.1,21.2
Semakau Landfill,S102,2013,9,17,0.0,28.0,29.1,27.1,14.2,32.0
Semakau Landfill,S102,2013,9,18,0.0,28.6,29.9,27.6,13.7,27.7
Semakau Landfill,S102,2013,9,19,0.0,28.8,31.2,27.5,14.8,49.0
Semakau Landfill,S102,2013,9,20,0.0,28.9,30.6,27.6,16.1,48.2
Semakau Landfill,S102,2013,9,21,0.0,29.0,30.1,28.1,17.1,32.0
Semakau Landfill,S102,2013,9,22,0.0,29.0,30.4,27.9,17.5,31.7
Semakau Landfill,S102,2013,9,23,0.0,29.0,30.7,27.4,16.2,28.4
Semakau Landfill,S102,2013,9,24,0.0,29.2,30.7,27.8,17.0,29.2
Semakau Landfill,S102,2013,9,25,0.4,29.1,30.4,28.1,15.3,32.0
Semakau Landfill,S102,2013,9,26,6.2,27.3,29.6,24.0,13.1,74.5
Semakau Landfill,S102,2013,9,27,0.0,28.4,29.9,27.1,15.1,31.0
Semakau Landfill,S102,2013,9,28,11.6,28.8,30.2,27.9,9.0,34.9
Semakau Landfill,S102,2013,9,29,10.4,27.8,29.8,24.7,11.3,44.3
Semakau Landfill,S102,2013,9,30,0.0,28.2,29.3,24.0,17.5,61.9
Semakau Landfill,S102,2013,10,1,0.6,29.1,30.5,27.5,14.0,31.7
Semakau Landfill,S102,2013,10,2,2.6,28.0,29.4,23.8,17.2,57.2
Semakau Landfill,S102,2013,10,3,0.0,29.1,30.3,28.2,9.4,26.3
Semakau Landfill,S102,2013,10,4,20.4,28.7,29.7,25.1,12.4,64.4
Semakau Landfill,S102,2013,10,5,5.6,27.8,29.0,25.8,14.0,67.3
Semakau Landfill,S102,2013,10,6,9.2,28.1,29.7,25.4,14.2,75.6
Semakau Landfill,S102,2013,10,7,0.0,27.7,28.6,25.5,13.1,50.4
Semakau Landfill,S102,2013,10,8,4.6,28.6,30.1,27.4,11.4,51.5
Semakau Landfill,S102,2013,10,9,0.0,28.4,31.4,25.7,12.6,72.4
Semakau Landfill,S102,2013,10,10,3.2,28.8,31.3,27.2,12.5,33.8
Semakau Landfill,S102,2013,10,11,0.4,28.7,29.9,27.3,10.8,30.2
Semakau Landfill,S102,2013,10,12,4.6,28.9,31.4,27.6,12.7,45.4
Semakau Landfill,S102,2013,10,13,0.0,27.8,29.7,26.9,18.9,32.8
Semakau Landfill,S102,2013,10,14,0.2,28.5,30.1,26.8,21.3,44.6
Semakau Landfill,S102,2013,10,15,18.0,28.1,29.6,25.8,16.6,49.3
Semakau Landfill,S102,2013,10,16,0.0,28.0,30.7,26.4,14.1,33.5
Semakau Landfill,S102,2013,10,17,0.0,27.8,29.2,26.2,17.4,36.7
Semakau Landfill,S102,2013,10,18,11.0,27.4,30.0,25.2,16.6,43.6
Semakau Landfill,S102,2013,10,19,0.0,27.2,29.2,25.3,7.8,20.5
Semakau Landfill,S102,2013,10,20,4.2,27.4,28.9,25.5,15.8,48.2
Semakau Landfill,S102,2013,10,21,27.0,27.0,29.8,23.1,13.6,40.7
Semakau Landfill,S102,2013,10,22,0.2,27.9,29.6,26.0,13.9,51.5
Semakau Landfill,S102,2013,10,23,0.4,28.6,30.6,26.6,11.9,33.1
Semakau Landfill,S102,2013,10,24,0.0,29.2,30.9,27.7,12.4,29.2
Semakau Landfill,S102,2013,10,25,0.0,29.4,31.0,28.4,12.4,29.5
Semakau Landfill,S102,2013,10,26,0.0,29.3,32.5,26.5,15.2,37.1
Semakau Landfill,S102,2013,10,27,0.0,28.7,30.5,26.8,13.3,38.9
Semakau Landfill,S102,2013,10,28,0.0,29.1,30.6,28.0,11.4,55.4
Semakau Landfill,S102,2013,10,29,3.6,29.0,31.3,27.6,11.0,33.5
Semakau Landfill,S102,2013,10,30,10.2,28.1,30.7,26.3,8.6,26.6
Semakau Landfill,S102,2013,10,31,0.2,27.2,30.9,24.3,7.3,42.1
Semakau Landfill,S102,2013,11,1,0.2,28.0,30.9,25.8,8.5,28.1
Semakau Landfill,S102,2013,11,2,0.0,28.0,29.6,27.2,10.4,29.2
Semakau Landfill,S102,2013,11,3,0.0,28.4,31.7,26.8,9.7,28.1
Semakau Landfill,S102,2013,11,4,7.8,27.7,30.4,25.1,12.6,45.4
Semakau Landfill,S102,2013,11,5,12.4,28.0,29.4,26.2,14.9,41.8
Semakau Landfill,S102,2013,11,6,0.0,27.4,28.9,24.2,17.2,51.5
Semakau Landfill,S102,2013,11,7,0.0,28.3,29.7,26.8,14.5,33.8
Semakau Landfill,S102,2013,11,8,4.4,28.4,29.2,25.6,10.1,69.1
Semakau Landfill,S102,2013,11,9,21.6,28.3,29.5,26.7,8.8,32.4
Semakau Landfill,S102,2013,11,10,1.6,27.6,28.9,24.7,10.3,55.1
Semakau Landfill,S102,2013,11,11,8.0,27.8,28.8,25.9,12.6,80.6
Semakau Landfill,S102,2013,11,12,4.4,27.0,28.5,25.1,9.3,34.9
Semakau Landfill,S102,2013,11,13,81.2,28.2,31.2,26.4,9.3,33.5
Semakau Landfill,S102,2013,11,14,1.0,26.9,28.3,22.9,9.2,50.0
Semakau Landfill,S102,2013,11,15,0.0,27.6,29.6,26.1,12.8,33.1
Semakau Landfill,S102,2013,11,16,10.2,27.8,31.2,24.6,8.6,40.0
Semakau Landfill,S102,2013,11,17,0.0,27.2,28.3,26.3,17.7,49.3
Semakau Landfill,S102,2013,11,18,9.8,27.5,30.5,25.4,11.2,36.7
Semakau Landfill,S102,2013,11,19,19.8,27.9,30.0,26.6,13.6,48.2
Semakau Landfill,S102,2013,11,20,2.4,27.7,29.3,23.5,22.0,66.6
Semakau Landfill,S102,2013,11,21,,,30.5,25.5,23.6,58.7
Semakau Landfill,S102,2013,11,22,,,,,9.9,31.3
Semakau Landfill,S102,2013,11,23,,,,,11.9,27.7
Semakau Landfill,S102,2013,11,24,,,,,9.6,24.1
Semakau Landfill,S102,2013,11,25,,,,,,
Semakau Landfill,S102,2013,11,26,,,,,,
Semakau Landfill,S102,2013,11,27,,,,,,
Semakau Landfill,S102,2013,11,28,,,,,,
Semakau Landfill,S102,2013,11,29,,,,,,
Semakau Landfill,S102,2013,11,30,,,,,,
Semakau Landfill,S102,2014,2,1,,,,,,
Semakau Landfill,S102,2014,2,2,,,,,,
Semakau Landfill,S102,2014,2,3,,,,,,
Semakau Landfill,S102,2014,2,4,,,,,,
Semakau Landfill,S102,2014,2,5,,,,,,
Semakau Landfill,S102,2014,2,6,,,,,,
Semakau Landfill,S102,2014,2,7,,,,,,
Semakau Landfill,S102,2014,2,8,,,,,,
Semakau Landfill,S102,2014,2,9,,,,,,
Semakau Landfill,S102,2014,2,10,,,,,,
Semakau Landfill,S102,2014,2,11,,,,,,
Semakau Landfill,S102,2014,2,12,,,,,,
Semakau Landfill,S102,2014,2,13,,,,,,
Semakau Landfill,S102,2014,2,14,,,,,,
Semakau Landfill,S102,2014,2,15,,,,,,
Semakau Landfill,S102,2014,2,16,,,,,,
Semakau Landfill,S102,2014,2,17,,,,,,
Semakau Landfill,S102,2014,2,18,0.0,,,,,
Semakau Landfill,S102,2014,2,19,0.0,,,,,
Semakau Landfill,S102,2014,2,20,0.0,,,,,
Semakau Landfill,S102,2014,2,21,0.0,,,,,
Semakau Landfill,S102,2014,2,22,0.0,,,,,
Semakau Landfill,S102,2014,2,23,0.0,,,,,
Semakau Landfill,S102,2014,2,24,0.0,,,,,
Semakau Landfill,S102,2014,2,25,0.0,,,,,
Semakau Landfill,S102,2014,2,26,0.0,,,,,
Semakau Landfill,S102,2014,2,27,0.0,,,,,
Semakau Landfill,S102,2014,2,28,0.0,,,,,
Semakau Landfill,S102,2014,3,1,0.0,27.5,29.6,26.2,25.8,46.1
Semakau Landfill,S102,2014,3,2,0.0,27.6,30.8,25.7,20.4,47.9
Semakau Landfill,S102,2014,3,3,0.0,27.4,29.1,26.1,23.3,43.6
Semakau Landfill,S102,2014,3,4,0.0,27.6,30.7,26.1,19.2,43.2
Semakau Landfill,S102,2014,3,5,0.0,27.5,30.6,25.5,26.2,50.0
Semakau Landfill,S102,2014,3,6,0.0,27.3,29.5,25.3,25.0,47.2
Semakau Landfill,S102,2014,3,7,0.0,27.8,31.0,25.7,21.3,45.4
Semakau Landfill,S102,2014,3,8,0.0,27.8,30.4,26.1,22.3,46.8
Semakau Landfill,S102,2014,3,9,0.0,27.6,30.7,25.7,27.0,47.9
Semakau Landfill,S102,2014,3,10,0.0,27.8,30.2,26.2,29.4,51.1
Semakau Landfill,S102,2014,3,11,0.0,28.2,31.3,26.1,28.5,52.9
Semakau Landfill,S102,2014,3,12,0.0,28.3,31.9,26.4,25.4,45.4
Semakau Landfill,S102,2014,3,13,0.0,28.1,31.3,26.3,25.0,47.5
Semakau Landfill,S102,2014,3,14,0.0,28.4,31.4,26.5,21.9,51.1
Semakau Landfill,S102,2014,3,15,0.0,28.2,29.4,27.0,23.2,41.4
Semakau Landfill,S102,2014,3,16,33.4,26.8,28.1,24.6,16.9,52.9
Semakau Landfill,S102,2014,3,17,3.8,26.7,28.7,25.4,14.6,43.6
Semakau Landfill,S102,2014,3,18,0.2,27.1,29.6,26.1,12.9,38.9
Semakau Landfill,S102,2014,3,19,0.0,27.5,29.9,26.3,13.2,27.7
Semakau Landfill,S102,2014,3,20,0.0,27.8,30.7,26.4,13.2,30.6
Semakau Landfill,S102,2014,3,21,0.0,27.7,29.5,26.6,13.0,39.2
Semakau Landfill,S102,2014,3,22,0.0,27.9,30.3,26.1,21.2,41.8
Semakau Landfill,S102,2014,3,23,0.0,27.8,30.1,25.7,25.0,45.0
Semakau Landfill,S102,2014,3,24,0.0,28.0,29.9,26.2,21.0,41.4
Semakau Landfill,S102,2014,3,25,0.0,28.6,31.6,26.5,23.0,44.3
Semakau Landfill,S102,2014,3,26,0.0,28.4,30.3,26.8,18.1,78.8
Semakau Landfill,S102,2014,3,27,0.0,28.7,31.7,26.7,17.7,36.7
Semakau Landfill,S102,2014,3,28,0.0,28.4,29.9,27.2,22.1,34.6
Semakau Landfill,S102,2014,3,29,0.0,28.7,30.8,27.6,15.3,31.0
Semakau Landfill,S102,2014,3,30,0.0,28.5,31.0,26.6,13.5,32.4
Semakau Landfill,S102,2014,3,31,0.0,28.6,31.1,27.6,17.8,34.9
Semakau Landfill,S102,2014,4,1,0.0,28.4,30.3,25.1,11.9,50.8
Semakau Landfill,S102,2014,4,2,0.0,28.9,31.0,27.5,9.7,22.0
Semakau Landfill,S102,2014,4,3,0.0,28.9,31.3,27.7,17.3,36.0
Semakau Landfill,S102,2014,4,4,0.6,28.3,29.7,26.4,11.5,41.8
Semakau Landfill,S102,2014,4,5,80.0,26.8,28.4,24.3,15.0,50.0
Semakau Landfill,S102,2014,4,6,0.0,28.8,31.3,27.0,16.8,39.6
Semakau Landfill,S102,2014,4,7,7.6,28.6,32.1,24.1,14.7,61.6
Semakau Landfill,S102,2014,4,8,18.0,28.1,30.5,25.1,13.7,37.8
Semakau Landfill,S102,2014,4,9,0.0,28.5,31.3,26.5,12.8,33.1
Semakau Landfill,S102,2014,4,10,6.2,28.1,31.2,25.0,11.6,38.9
Semakau Landfill,S102,2014,4,11,0.0,28.4,30.1,27.2,13.8,40.0
Semakau Landfill,S102,2014,4,12,7.0,27.7,29.2,24.6,13.9,54.4
Semakau Landfill,S102,2014,4,13,0.0,28.3,30.1,26.5,12.0,38.9
Semakau Landfill,S102,2014,4,14,1.0,28.6,31.7,25.5,13.1,56.2
Semakau Landfill,S102,2014,4,15,0.0,28.7,30.9,27.2,12.5,30.6
Semakau Landfill,S102,2014,4,16,0.0,28.7,30.5,27.7,10.4,33.8
Semakau Landfill,S102,2014,4,17,0.0,29.0,30.6,27.2,9.0,25.2
Semakau Landfill,S102,2014,4,18,0.0,28.5,30.4,27.0,12.7,37.1
Semakau Landfill,S102,2014,4,19,0.0,29.1,30.7,27.9,8.5,22.7
Semakau Landfill,S102,2014,4,20,0.0,28.3,29.6,25.8,12.6,43.6
Semakau Landfill,S102,2014,4,21,3.6,27.7,28.7,26.0,10.8,40.7
Semakau Landfill,S102,2014,4,22,0.0,28.7,30.7,27.4,7.7,30.6
Semakau Landfill,S102,2014,4,23,0.0,29.1,31.5,27.0,8.3,40.3
Semakau Landfill,S102,2014,4,24,0.0,28.9,32.0,27.3,14.2,40.0
Semakau Landfill,S102,2014,4,25,0.0,29.0,31.0,27.3,11.2,34.2
Semakau Landfill,S102,2014,4,26,0.0,29.6,30.9,28.6,11.9,28.4
Semakau Landfill,S102,2014,4,27,0.0,29.1,31.0,25.4,11.5,52.6
Semakau Landfill,S102,2014,4,28,7.0,29.0,30.6,25.4,11.0,44.3
Semakau Landfill,S102,2014,4,29,2.4,28.9,29.7,26.0,9.2,41.4
Semakau Landfill,S102,2014,4,30,0.0,29.2,30.4,28.3,10.2,20.2
Semakau Landfill,S102,2014,5,1,0.0,28.6,30.3,26.3,10.8,62.6
Semakau Landfill,S102,2014,5,2,0.0,29.6,31.8,28.0,9.7,23.4
Semakau Landfill,S102,2014,5,3,0.0,29.7,32.2,28.8,13.0,43.2
Semakau Landfill,S102,2014,5,4,0.0,30.1,33.0,28.0,14.7,30.2
Semakau Landfill,S102,2014,5,5,0.0,30.0,32.2,28.6,13.6,38.2
Semakau Landfill,S102,2014,5,6,0.0,30.1,33.1,29.0,14.2,26.3
Semakau Landfill,S102,2014,5,7,0.0,29.2,32.6,26.9,12.7,36.0
Semakau Landfill,S102,2014,5,8,0.0,28.5,30.6,26.5,10.5,26.3
Semakau Landfill,S102,2014,5,9,0.0,29.9,31.8,29.1,9.6,23.8
Semakau Landfill,S102,2014,5,10,0.0,29.9,31.6,28.9,11.3,23.4
Semakau Landfill,S102,2014,5,11,0.0,30.0,32.1,28.7,8.4,19.4
Semakau Landfill,S102,2014,5,12,0.0,29.0,31.5,26.7,9.1,38.9
Semakau Landfill,S102,2014,5,13,0.0,29.8,31.2,28.3,10.1,25.2
Semakau Landfill,S102,2014,5,14,10.8,28.4,29.9,25.5,16.1,47.5
Semakau Landfill,S102,2014,5,15,0.0,29.6,30.9,28.4,12.4,26.6
Semakau Landfill,S102,2014,5,16,10.6,29.0,31.1,25.4,10.1,58.0
Semakau Landfill,S102,2014,5,17,3.4,28.9,29.9,27.1,13.5,56.2
Semakau Landfill,S102,2014,5,18,28.2,28.1,29.7,25.0,13.8,58.3
Semakau Landfill,S102,2014,5,19,14.6,28.0,29.3,24.2,16.8,47.9
Semakau Landfill,S102,2014,5,20,3.4,28.4,30.4,24.6,9.5,31.0
Semakau Landfill,S102,2014,5,21,0.0,28.9,30.2,27.7,9.7,24.5
Semakau Landfill,S102,2014,5,22,0.0,29.3,30.7,28.0,14.3,31.3
Semakau Landfill,S102,2014,5,23,6.2,28.1,30.2,24.9,11.7,44.6
Semakau Landfill,S102,2014,5,24,0.0,29.1,31.5,28.0,11.0,36.4
Semakau Landfill,S102,2014,5,25,0.0,29.6,31.3,28.3,10.5,23.8
Semakau Landfill,S102,2014,5,26,0.0,29.2,30.8,26.3,9.3,41.4
Semakau Landfill,S102,2014,5,27,13.6,28.4,29.3,25.2,14.6,73.4
Semakau Landfill,S102,2014,5,28,1.0,28.6,31.6,25.8,12.3,32.8
Semakau Landfill,S102,2014,5,29,0.0,29.6,30.9,28.3,8.7,21.2
Semakau Landfill,S102,2014,5,30,40.6,28.0,29.4,25.0,12.7,47.5
Semakau Landfill,S102,2014,5,31,0.0,29.3,30.5,27.9,16.5,31.3
Semakau Landfill,S102,2014,6,1,9.2,28.9,30.7,26.4,12.2,45.4
Semakau Landfill,S102,2014,6,2,0.4,29.1,31.0,27.6,9.8,30.2
Semakau Landfill,S102,2014,6,3,12.4,29.4,31.4,25.8,12.5,47.2
Semakau Landfill,S102,2014,6,4,0.2,28.7,29.5,27.0,13.1,36.7
Semakau Landfill,S102,2014,6,5,76.0,28.0,29.2,24.9,17.7,53.6
Semakau Landfill,S102,2014,6,6,2.6,28.3,29.8,26.6,16.2,38.2
Semakau Landfill,S102,2014,6,7,0.6,29.3,32.2,28.2,13.5,34.6
Semakau Landfill,S102,2014,6,8,0.0,29.6,31.2,28.4,15.5,28.1
Semakau Landfill,S102,2014,6,9,0.0,29.9,32.4,28.7,10.8,21.6
Semakau Landfill,S102,2014,6,10,0.0,29.8,31.4,28.6,12.6,42.1
Semakau Landfill,S102,2014,6,11,0.0,29.9,31.3,28.6,13.9,30.6
Semakau Landfill,S102,2014,6,12,26.6,29.1,31.2,23.9,18.1,94.3
Semakau Landfill,S102,2014,6,13,0.0,29.7,31.5,28.0,13.8,27.4
Semakau Landfill,S102,2014,6,14,14.2,28.0,30.1,24.5,13.6,71.6
Semakau Landfill,S102,2014,6,15,0.0,29.4,30.4,28.3,14.8,27.4
Semakau Landfill,S102,2014,6,16,0.0,29.9,31.0,29.0,15.9,24.8
Semakau Landfill,S102,2014,6,17,0.0,30.1,31.5,29.0,16.4,29.9
Semakau Landfill,S102,2014,6,18,19.8,28.6,30.5,24.5,15.7,79.9
Semakau Landfill,S102,2014,6,19,2.0,29.2,31.0,25.6,14.0,59.0
Semakau Landfill,S102,2014,6,20,0.0,30.0,31.4,28.9,15.7,25.9
Semakau Landfill,S102,2014,6,21,0.0,30.2,31.7,29.0,11.4,22.3
Semakau Landfill,S102,2014,6,22,0.0,29.8,31.2,29.1,15.2,27.4
Semakau Landfill,S102,2014,6,23,0.0,29.9,31.7,28.7,9.5,20.9
Semakau Landfill,S102,2014,6,24,13.0,29.6,31.6,25.4,12.0,54.7
Semakau Landfill,S102,2014,6,25,1.4,28.6,29.7,25.3,15.2,61.2
Semakau Landfill,S102,2014,6,26,0.0,29.5,30.7,28.7,15.4,32.0
Semakau Landfill,S102,2014,6,27,0.8,28.0,29.5,26.1,18.2,69.5
Semakau Landfill,S102,2014,6,28,0.0,28.8,30.1,27.7,12.5,29.2
Semakau Landfill,S102,2014,6,29,8.0,29.1,30.2,24.5,10.3,56.2
Semakau Landfill,S102,2014,6,30,,27.7,29.7,25.2,16.6,55.1
Semakau Landfill,S102,2014,7,1,0.0,28.9,30.6,27.9,11.2,28.8
Semakau Landfill,S102,2014,7,2,0.0,29.2,30.9,28.2,13.6,31.7
Semakau Landfill,S102,2014,7,3,10.2,28.9,30.1,25.3,11.4,45.7
Semakau Landfill,S102,2014,7,4,0.2,29.1,29.8,27.4,13.0,34.9
Semakau Landfill,S102,2014,7,5,1.0,28.3,29.5,25.0,13.2,50.8
Semakau Landfill,S102,2014,7,6,0.0,29.2,30.2,28.3,13.9,47.2
Semakau Landfill,S102,2014,7,7,0.2,28.9,30.4,25.0,14.2,50.4
Semakau Landfill,S102,2014,7,8,16.6,28.1,29.3,24.4,13.6,63.4
Semakau Landfill,S102,2014,7,9,14.2,28.0,28.9,25.9,18.2,62.6
Semakau Landfill,S102,2014,7,10,0.0,29.2,31.7,27.7,14.5,42.5
Semakau Landfill,S102,2014,7,11,23.4,28.7,30.1,26.6,12.4,35.3
Semakau Landfill,S102,2014,7,12,29.8,27.7,29.3,24.7,15.0,77.8
Semakau Landfill,S102,2014,7,13,0.0,28.8,30.4,27.1,18.6,32.8
Semakau Landfill,S102,2014,7,14,0.0,29.6,31.0,28.5,15.2,29.9
Semakau Landfill,S102,2014,7,15,0.0,29.4,31.2,28.6,14.4,26.3
Semakau Landfill,S102,2014,7,16,0.0,29.6,31.8,28.2,13.6,25.6
Semakau Landfill,S102,2014,7,17,4.2,28.3,29.2,25.3,15.0,39.6
Semakau Landfill,S102,2014,7,18,0.0,29.0,30.3,27.6,15.1,33.1
Semakau Landfill,S102,2014,7,19,1.0,28.9,31.2,26.7,15.3,55.8
Semakau Landfill,S102,2014,7,20,0.0,29.4,30.9,28.1,15.5,27.0
Semakau Landfill,S102,2014,7,21,0.0,29.4,31.1,28.3,17.4,34.6
Semakau Landfill,S102,2014,7,22,0.0,29.6,30.8,28.5,20.7,43.6
Semakau Landfill,S102,2014,7,23,0.0,29.6,31.1,28.5,16.1,37.8
Semakau Landfill,S102,2014,7,24,0.0,29.5,31.1,28.3,16.7,26.3
Semakau Landfill,S102,2014,7,25,0.0,29.7,31.7,28.1,16.2,25.9
Semakau Landfill,S102,2014,7,26,0.0,29.9,31.4,28.5,17.6,31.3
Semakau Landfill,S102,2014,7,27,6.8,28.7,31.0,24.2,13.4,58.7
Semakau Landfill,S102,2014,7,28,2.8,28.9,30.5,27.0,13.4,37.8
Semakau Landfill,S102,2014,7,29,0.8,29.0,30.4,26.7,16.5,34.2
Semakau Landfill,S102,2014,7,30,4.0,28.6,31.3,26.8,14.2,38.5
Semakau Landfill,S102,2014,7,31,4.0,28.0,29.4,24.8,18.7,46.1
Semakau Landfill,S102,2014,8,1,0.0,28.9,30.1,27.9,16.8,33.1
Semakau Landfill,S102,2014,8,2,0.0,29.2,30.4,27.9,18.1,41.0
Semakau Landfill,S102,2014,8,3,1.5,28.5,30.0,25.0,16.7,57.6
Semakau Landfill,S102,2014,8,4,5.8,28.9,30.3,25.3,15.4,54.0
Semakau Landfill,S102,2014,8,5,4.4,27.0,28.9,23.9,20.5,63.0
Semakau Landfill,S102,2014,8,6,23.6,27.7,28.8,24.7,14.8,45.0
Semakau Landfill,S102,2014,8,7,1.4,27.6,28.6,26.3,16.1,35.3
Semakau Landfill,S102,2014,8,8,9.8,28.0,29.6,25.1,15.6,32.4
Semakau Landfill,S102,2014,8,9,0.0,29.0,31.7,27.3,19.8,33.5
Semakau Landfill,S102,2014,8,10,5.4,28.0,30.6,25.3,14.0,46.1
Semakau Landfill,S102,2014,8,11,0.0,27.8,28.9,27.1,15.7,33.8
Semakau Landfill,S102,2014,8,12,3.4,27.2,28.4,24.7,12.6,43.9
Semakau Landfill,S102,2014,8,13,9.6,26.9,27.9,24.7,12.3,56.5
Semakau Landfill,S102,2014,8,14,3.0,27.5,28.3,26.5,17.8,34.6
Semakau Landfill,S102,2014,8,15,3.2,27.2,28.2,24.9,14.4,43.2
Semakau Landfill,S102,2014,8,16,0.0,28.4,30.3,27.0,15.7,27.7
Semakau Landfill,S102,2014,8,17,0.0,28.7,31.2,27.5,14.7,27.7
Semakau Landfill,S102,2014,8,18,0.0,28.7,31.2,27.4,13.4,33.5
Semakau Landfill,S102,2014,8,19,19.8,28.0,30.3,22.6,12.8,52.2
Semakau Landfill,S102,2014,8,20,0.2,28.5,31.6,27.3,11.7,31.7
Semakau Landfill,S102,2014,8,21,4.6,28.2,31.3,25.9,10.9,33.1
Semakau Landfill,S102,2014,8,22,0.0,28.5,31.0,27.1,17.4,48.2
Semakau Landfill,S102,2014,8,23,1.4,27.8,29.9,25.5,12.4,33.1
Semakau Landfill,S102,2014,8,24,0.0,27.9,28.9,26.4,8.2,36.4
Semakau Landfill,S102,2014,8,25,9.4,27.7,30.0,25.4,9.0,41.8
Semakau Landfill,S102,2014,8,26,7.6,27.3,28.9,23.3,9.7,60.8
Semakau Landfill,S102,2014,8,27,38.2,26.9,28.3,23.6,14.7,82.1
Semakau Landfill,S102,2014,8,28,,27.1,29.4,24.6,14.6,66.6
Semakau Landfill,S102,2014,8,29,0.0,27.8,30.2,26.5,12.2,40.0
Semakau Landfill,S102,2014,8,30,0.0,28.3,31.9,26.9,12.1,29.5
Semakau Landfill,S102,2014,8,31,0.0,28.4,30.1,27.2,17.1,36.0
Semakau Landfill,S102,2014,9,1,0.0,29.2,32.3,27.2,13.4,29.2
Semakau Landfill,S102,2014,9,2,0.0,28.4,31.5,27.1,13.6,43.2
Semakau Landfill,S102,2014,9,3,59.0,27.5,32.0,23.1,9.2,49.3
Semakau Landfill,S102,2014,9,4,0.0,28.3,30.0,26.8,9.4,24.1
Semakau Landfill,S102,2014,9,5,14.0,27.7,29.1,24.1,13.6,63.0
Semakau Landfill,S102,2014,9,6,0.0,27.6,28.8,25.7,24.3,65.9
Semakau Landfill,S102,2014,9,7,0.0,28.7,31.2,27.1,9.2,26.3
Semakau Landfill,S102,2014,9,8,0.0,28.9,31.2,27.3,9.7,22.7
Semakau Landfill,S102,2014,9,9,0.0,28.8,31.4,27.7,15.0,33.1
Semakau Landfill,S102,2014,9,10,0.0,29.2,31.2,28.2,14.7,27.7
Semakau Landfill,S102,2014,9,11,1.4,28.3,31.4,25.2,16.0,38.2
Semakau Landfill,S102,2014,9,12,0.0,28.8,31.4,27.4,15.5,31.7
Semakau Landfill,S102,2014,9,13,0.0,29.0,30.7,27.9,16.3,34.2
Semakau Landfill,S102,2014,9,14,0.0,29.0,30.4,28.0,15.6,33.8
Semakau Landfill,S102,2014,9,15,0.0,29.1,31.5,28.2,17.5,32.4
Semakau Landfill,S102,2014,9,16,0.0,29.4,32.7,28.0,17.7,33.1
Semakau Landfill,S102,2014,9,17,0.0,29.3,32.2,27.9,16.7,33.1
Semakau Landfill,S102,2014,9,18,0.0,29.1,31.0,28.0,13.7,32.4
Semakau Landfill,S102,2014,9,19,0.0,29.3,32.5,27.5,14.0,34.2
Semakau Landfill,S102,2014,9,20,6.8,27.7,30.7,25.9,15.7,39.6
Semakau Landfill,S102,2014,9,21,3.0,28.1,29.9,25.6,14.3,29.5
Semakau Landfill,S102,2014,9,22,0.0,29.3,32.6,27.4,16.1,33.1
Semakau Landfill,S102,2014,9,23,0.0,29.4,32.4,27.4,16.8,29.9
Semakau Landfill,S102,2014,9,24,2.4,29.0,32.2,25.8,16.3,50.0
Semakau Landfill,S102,2014,9,25,6.6,27.1,29.5,25.1,13.0,53.6
Semakau Landfill,S102,2014,9,26,0.0,28.9,31.2,27.2,8.3,38.5
Semakau Landfill,S102,2014,9,27,0.0,29.3,32.4,27.8,13.4,32.4
Semakau Landfill,S102,2014,9,28,0.0,29.2,31.7,27.3,11.9,25.6
Semakau Landfill,S102,2014,9,29,0.0,29.3,32.0,27.6,14.0,30.6
Semakau Landfill,S102,2014,9,30,0.0,29.5,31.6,27.6,10.8,22.7
Semakau Landfill,S102,2014,10,1,0.0,29.4,32.2,27.9,12.4,34.6
Semakau Landfill,S102,2014,10,2,0.0,29.4,32.4,27.6,9.5,22.0
Semakau Landfill,S102,2014,10,3,0.0,29.7,32.5,27.5,13.3,28.1
Semakau Landfill,S102,2014,10,4,33.2,27.7,29.5,23.4,16.8,69.8
Semakau Landfill,S102,2014,10,5,0.0,27.6,29.0,26.1,16.9,50.8
Semakau Landfill,S102,2014,10,6,0.0,28.7,30.5,27.0,15.3,31.0
Semakau Landfill,S102,2014,10,7,0.0,29.4,31.4,27.9,16.9,31.0
Semakau Landfill,S102,2014,10,8,0.0,29.2,31.0,28.0,12.9,23.4
Semakau Landfill,S102,2014,10,9,0.0,29.4,32.1,27.9,12.8,43.9
Semakau Landfill,S102,2014,10,10,0.0,29.7,32.1,28.4,12.8,25.9
Semakau Landfill,S102,2014,10,11,0.0,29.2,31.6,28.1,9.9,28.8
Semakau Landfill,S102,2014,10,12,0.0,29.2,31.4,27.6,11.5,33.1
Semakau Landfill,S102,2014,10,13,0.0,29.5,31.5,28.1,10.8,27.0
Semakau Landfill,S102,2014,10,14,0.0,29.0,32.0,27.8,9.4,26.6
Semakau Landfill,S102,2014,10,15,0.2,29.1,31.3,27.6,10.3,29.9
Semakau Landfill,S102,2014,10,16,0.0,29.4,31.8,28.2,13.7,31.7
Semakau Landfill,S102,2014,10,17,0.0,29.4,32.8,28.3,11.7,27.7
Semakau Landfill,S102,2014,10,18,19.6,28.0,29.4,24.6,13.0,43.9
Semakau Landfill,S102,2014,10,19,0.0,28.4,31.1,26.9,9.5,30.2
Semakau Landfill,S102,2014,10,20,0.0,29.4,31.8,27.5,7.9,30.6
Semakau Landfill,S102,2014,10,21,2.8,28.0,29.4,25.8,9.8,28.4
Semakau Landfill,S102,2014,10,22,3.6,27.4,28.6,26.0,8.0,18.0
Semakau Landfill,S102,2014,10,23,0.0,28.6,30.3,26.9,10.4,22.0
Semakau Landfill,S102,2014,10,24,0.0,29.5,32.1,27.5,10.2,24.8
Semakau Landfill,S102,2014,10,25,0.0,29.6,32.0,27.5,9.4,32.0
Semakau Landfill,S102,2014,10,26,0.0,29.6,31.9,28.0,15.8,35.3
Semakau Landfill,S102,2014,10,27,8.2,28.8,31.9,24.1,11.7,52.9
Semakau Landfill,S102,2014,10,28,0.0,29.2,30.9,27.6,10.1,24.5
Semakau Landfill,S102,2014,10,29,0.0,29.9,32.6,28.1,13.6,25.9
Semakau Landfill,S102,2014,10,30,0.0,30.0,32.9,28.2,11.2,28.4
Semakau Landfill,S102,2014,10,31,0.0,28.9,30.8,27.5,11.1,34.9
Semakau Landfill,S102,2014,12,1,3.8,26.9,28.1,24.4,13.7,60.1
Semakau Landfill,S102,2014,12,2,0.0,28.2,29.8,26.8,10.0,27.0
Semakau Landfill,S102,2014,12,3,0.2,29.0,30.6,27.2,11.2,27.4
Semakau Landfill,S102,2014,12,4,14.2,26.8,28.8,24.9,15.7,53.6
Semakau Landfill,S102,2014,12,5,0.0,28.3,30.5,26.1,11.4,34.2
Semakau Landfill,S102,2014,12,6,15.2,28.0,29.9,24.3,16.3,69.5
Semakau Landfill,S102,2014,12,7,9.4,27.3,30.5,25.0,15.2,53.6
Semakau Landfill,S102,2014,12,8,3.0,27.5,30.0,25.7,13.0,60.1
Semakau Landfill,S102,2014,12,9,0.0,28.3,30.7,26.5,17.0,32.0
Semakau Landfill,S102,2014,12,10,1.2,28.4,31.4,26.6,18.2,61.6
Semakau Landfill,S102,2014,12,11,1.4,27.5,30.1,25.5,14.5,36.0
Semakau Landfill,S102,2014,12,12,13.8,27.8,31.3,25.1,15.4,45.4
Semakau Landfill,S102,2014,12,13,24.8,27.4,30.5,25.0,15.7,43.9
Semakau Landfill,S102,2014,12,14,11.8,27.8,29.6,26.3,10.5,39.2
Semakau Landfill,S102,2014,12,15,14.8,27.8,30.5,24.7,14.9,64.4
Semakau Landfill,S102,2014,12,16,1.4,27.1,29.0,25.7,12.7,29.9
Semakau Landfill,S102,2014,12,17,1.6,26.7,30.2,25.1,11.8,44.6
Semakau Landfill,S102,2014,12,18,70.0,27.1,30.9,24.1,14.3,48.2
Semakau Landfill,S102,2014,12,19,27.2,25.7,26.6,23.6,17.3,67.0
Semakau Landfill,S102,2014,12,20,17.8,26.8,29.9,23.8,14.8,50.8
Semakau Landfill,S102,2014,12,21,17.0,26.7,29.9,24.6,13.0,46.1
Semakau Landfill,S102,2014,12,22,21.6,26.7,28.3,24.9,15.1,43.9
Semakau Landfill,S102,2014,12,23,2.8,26.2,26.9,25.4,17.2,49.0
Semakau Landfill,S102,2014,12,24,8.0,26.3,29.1,24.2,12.9,46.1
Semakau Landfill,S102,2014,12,25,0.2,26.9,28.1,25.6,11.6,28.8
Semakau Landfill,S102,2014,12,26,89.8,25.3,27.5,23.6,14.5,43.6
Semakau Landfill,S102,2014,12,27,16.0,25.9,29.4,24.6,9.9,35.6
Semakau Landfill,S102,2014,12,28,3.6,26.2,28.2,24.8,14.6,37.8
Semakau Landfill,S102,2014,12,29,4.6,25.8,27.8,24.6,24.5,51.5
Semakau Landfill,S102,2014,12,30,0.0,25.5,26.4,24.5,20.6,50.4
Semakau Landfill,S102,2014,12,31,0.0,26.3,28.2,25.2,17.8,36.4
Semakau Landfill,S102,2015,1,1,1.2,25.8,26.8,24.3,15.8,36.0
Semakau Landfill,S102,2015,1,2,0.0,26.6,28.9,25.0,20.6,40.3
Semakau Landfill,S102,2015,1,3,0.0,27.0,29.4,25.3,21.8,41.8
Semakau Landfill,S102,2015,1,4,0.0,27.4,30.2,25.5,18.2,37.8
Semakau Landfill,S102,2015,1,5,0.0,27.6,31.3,25.8,15.6,35.3
Semakau Landfill,S102,2015,1,6,0.6,27.2,30.2,25.1,16.1,42.8
Semakau Landfill,S102,2015,1,7,0.0,26.9,29.0,25.9,15.5,29.9
Semakau Landfill,S102,2015,1,8,13.8,26.0,28.2,24.3,14.1,42.1
Semakau Landfill,S102,2015,1,9,3.6,25.3,26.5,24.1,17.5,43.2
Semakau Landfill,S102,2015,1,10,0.0,26.3,29.3,24.5,16.2,39.6
Semakau Landfill,S102,2015,1,11,10.0,26.4,28.8,23.8,14.9,43.6
Semakau Landfill,S102,2015,1,12,0.8,27.0,29.9,25.6,17.7,40.3
Semakau Landfill,S102,2015,1,13,0.0,27.4,30.2,25.4,23.3,46.4
Semakau Landfill,S102,2015,1,14,0.0,27.5,30.2,25.8,22.5,42.5
Semakau Landfill,S102,2015,1,15,0.0,27.5,30.6,25.5,24.6,46.1
Semakau Landfill,S102,2015,1,16,0.0,27.2,30.6,25.3,22.7,40.7
Semakau Landfill,S102,2015,1,17,0.0,27.2,30.3,25.2,24.5,46.8
Semakau Landfill,S102,2015,1,18,0.0,27.0,29.6,24.9,25.1,45.4
Semakau Landfill,S102,2015,1,19,0.0,27.1,30.5,25.4,27.2,45.7
Semakau Landfill,S102,2015,1,20,0.0,27.1,30.1,25.6,26.4,44.6
Semakau Landfill,S102,2015,1,21,0.4,26.9,30.7,25.7,22.1,47.2
Semakau Landfill,S102,2015,1,22,0.0,27.2,29.4,25.6,25.2,45.7
Semakau Landfill,S102,2015,1,23,0.0,26.9,29.3,25.2,26.0,45.7
Semakau Landfill,S102,2015,1,24,0.0,27.1,29.6,25.8,24.5,44.6
Semakau Landfill,S102,2015,1,25,1.6,27.2,29.7,25.7,22.5,42.5
Semakau Landfill,S102,2015,1,26,0.0,27.3,30.4,25.8,21.4,45.7
Semakau Landfill,S102,2015,1,27,0.0,27.6,31.5,25.4,18.6,42.5
Semakau Landfill,S102,2015,1,28,0.0,27.2,30.4,25.1,15.9,36.7
Semakau Landfill,S102,2015,1,29,0.0,27.2,29.3,26.1,21.8,37.8
Semakau Landfill,S102,2015,1,30,0.0,27.3,30.8,25.6,19.6,54.0
Semakau Landfill,S102,2015,1,31,0.0,27.5,30.6,25.9,24.8,48.2
Semakau Landfill,S102,2015,2,1,0.0,26.9,29.8,24.9,25.2,52.6
Semakau Landfill,S102,2015,2,2,7.6,26.1,27.9,24.6,16.7,46.1
Semakau Landfill,S102,2015,2,3,0.0,26.7,28.9,25.4,18.6,40.7
Semakau Landfill,S102,2015,2,4,2.2,26.1,27.6,24.5,19.5,41.8
Semakau Landfill,S102,2015,2,5,0.0,27.0,29.2,25.6,28.1,54.4
Semakau Landfill,S102,2015,2,6,3.8,26.2,28.3,24.3,23.7,64.4
Semakau Landfill,S102,2015,2,7,0.0,26.7,28.7,25.2,26.4,48.6
Semakau Landfill,S102,2015,2,8,0.0,26.8,29.2,25.0,24.8,46.1
Semakau Landfill,S102,2015,2,9,0.0,26.9,29.6,25.5,29.6,52.9
Semakau Landfill,S102,2015,2,10,0.0,,,,,
Semakau Landfill,S102,2015,2,11,0.0,,,,,
Semakau Landfill,S102,2015,2,12,0.0,,,,,
Semakau Landfill,S102,2015,2,13,0.0,,,,27.0,
Semakau Landfill,S102,2015,2,14,0.0,26.8,29.1,25.1,24.3,43.2
Semakau Landfill,S102,2015,2,15,0.0,27.0,29.7,25.2,24.0,43.6
Semakau Landfill,S102,2015,2,16,0.0,27.5,29.9,25.7,25.8,44.6
Semakau Landfill,S102,2015,2,17,0.0,27.6,30.3,25.9,25.0,41.4
Semakau Landfill,S102,2015,2,18,0.0,27.5,31.1,26.0,18.4,41.4
Semakau Landfill,S102,2015,2,19,74.4,26.4,29.7,23.1,20.9,57.2
Semakau Landfill,S102,2015,2,20,0.0,27.0,28.8,25.8,23.7,47.9
Semakau Landfill,S102,2015,2,21,0.0,27.0,29.2,25.5,25.4,46.8
Semakau Landfill,S102,2015,2,22,0.0,27.2,29.2,25.6,21.6,45.0
Semakau Landfill,S102,2015,2,23,0.0,27.5,30.4,22.3,18.9,47.9
Semakau Landfill,S102,2015,2,24,0.0,27.2,28.9,26.1,22.2,46.8
Semakau Landfill,S102,2015,2,25,0.0,27.2,29.0,24.4,22.8,47.5
Semakau Landfill,S102,2015,2,26,0.0,27.2,28.5,25.9,24.3,41.8
Semakau Landfill,S102,2015,2,27,0.0,27.7,30.1,26.1,26.0,47.5
Semakau Landfill,S102,2015,2,28,0.0,28.1,30.5,26.2,23.7,45.0
Semakau Landfill,S102,2015,3,1,0.0,28.2,31.9,26.4,20.5,45.4
Semakau Landfill,S102,2015,3,2,21.0,27.1,30.5,22.7,16.2,40.0
Semakau Landfill,S102,2015,3,3,0.0,27.6,29.6,26.1,14.7,42.8
Semakau Landfill,S102,2015,3,4,0.0,27.7,29.9,26.5,14.7,33.1
Semakau Landfill,S102,2015,3,5,0.0,27.7,30.3,26.2,18.1,42.8
Semakau Landfill,S102,2015,3,6,0.0,27.7,30.1,25.9,15.5,39.6
Semakau Landfill,S102,2015,3,7,0.0,28.1,30.0,26.4,20.1,41.0
Semakau Landfill,S102,2015,3,8,0.8,28.0,30.8,26.5,15.6,38.5
Semakau Landfill,S102,2015,3,9,9.4,27.2,30.4,24.1,16.6,59.0
Semakau Landfill,S102,2015,3,10,0.4,27.5,31.1,25.5,14.4,47.5
Semakau Landfill,S102,2015,3,11,7.8,26.4,27.7,24.8,18.2,39.6
Semakau Landfill,S102,2015,3,12,0.0,27.5,30.3,25.9,19.1,43.9
Semakau Landfill,S102,2015,3,13,0.0,27.6,30.3,25.9,22.0,42.5
Semakau Landfill,S102,2015,3,14,6.6,27.4,30.4,24.6,20.4,56.5
Semakau Landfill,S102,2015,3,15,2.6,27.2,29.6,24.6,18.1,43.9
Semakau Landfill,S102,2015,3,16,0.0,27.8,30.6,26.4,16.1,38.5
Semakau Landfill,S102,2015,3,17,0.0,27.9,29.6,26.7,23.1,42.1
Semakau Landfill,S102,2015,3,18,0.0,28.1,30.8,26.7,21.3,42.1
Semakau Landfill,S102,2015,3,19,0.0,28.1,29.7,26.9,20.1,37.8
Semakau Landfill,S102,2015,3,20,0.0,28.3,30.5,26.7,14.9,36.7
Semakau Landfill,S102,2015,3,21,0.0,28.4,31.4,26.7,17.6,37.1
Semakau Landfill,S102,2015,3,22,0.2,27.8,31.1,25.1,14.1,55.4
Semakau Landfill,S102,2015,3,23,0.0,28.3,30.4,26.7,21.4,44.3
Semakau Landfill,S102,2015,3,24,0.0,28.4,30.2,27.2,23.2,42.8
Semakau Landfill,S102,2015,3,25,0.0,28.7,31.5,27.5,28.2,47.5
Semakau Landfill,S102,2015,3,26,0.0,29.0,31.5,27.4,26.7,47.9
Semakau Landfill,S102,2015,3,27,0.0,29.0,31.4,27.4,24.0,45.0
Semakau Landfill,S102,2015,3,28,4.6,28.4,30.8,26.4,17.7,59.8
Semakau Landfill,S102,2015,3,29,51.6,27.0,28.5,23.8,14.6,61.6
Semakau Landfill,S102,2015,3,30,4.8,27.9,30.4,25.2,19.7,42.8
Semakau Landfill,S102,2015,3,31,0.0,28.4,30.7,27.1,16.2,39.6
Semakau Landfill,S102,2015,4,1,10.8,27.7,30.0,24.7,9.7,52.9
Semakau Landfill,S102,2015,4,2,12.8,27.2,29.6,23.1,13.7,65.9
Semakau Landfill,S102,2015,4,3,0.0,27.4,28.7,25.5,11.6,37.8
Semakau Landfill,S102,2015,4,4,0.8,28.6,31.1,27.1,14.9,40.0
Semakau Landfill,S102,2015,4,5,0.0,28.0,29.4,27.2,12.6,29.9
Semakau Landfill,S102,2015,4,6,0.0,28.5,30.6,27.3,13.8,41.4
Semakau Landfill,S102,2015,4,7,0.0,28.5,30.8,26.4,19.3,56.5
Semakau Landfill,S102,2015,4,8,0.0,28.9,31.0,27.1,18.9,47.9
Semakau Landfill,S102,2015,4,9,0.0,28.8,30.4,27.7,24.2,45.0
Semakau Landfill,S102,2015,4,10,0.0,28.7,30.2,27.1,22.4,38.2
Semakau Landfill,S102,2015,4,11,0.0,28.8,31.8,27.7,13.3,29.5
Semakau Landfill,S102,2015,4,12,0.0,28.8,31.1,27.5,15.3,49.0
Semakau Landfill,S102,2015,4,13,0.0,29.1,31.5,27.7,18.1,39.6
Semakau Landfill,S102,2015,4,14,0.0,29.3,31.6,27.6,20.5,40.0
Semakau Landfill,S102,2015,4,15,0.0,29.2,31.1,27.7,22.7,42.5
Semakau Landfill,S102,2015,4,16,0.0,29.5,31.3,28.1,26.2,47.5
Semakau Landfill,S102,2015,4,17,0.0,29.4,32.2,28.2,20.8,42.5
Semakau Landfill,S102,2015,4,18,0.0,29.6,31.2,28.2,13.2,37.8
Semakau Landfill,S102,2015,4,19,2.6,28.4,30.0,25.4,12.4,42.5
Semakau Landfill,S102,2015,4,20,0.0,29.4,31.0,28.4,11.1,30.6
Semakau Landfill,S102,2015,4,21,0.0,29.2,32.1,26.7,13.8,44.3
Semakau Landfill,S102,2015,4,22,14.2,28.3,30.1,26.6,18.6,42.8
Semakau Landfill,S102,2015,4,23,16.4,28.1,30.3,24.3,13.1,44.6
Semakau Landfill,S102,2015,4,24,8.0,28.2,30.9,24.5,13.9,63.0
Semakau Landfill,S102,2015,4,25,22.0,27.9,31.4,22.9,12.5,50.8
Semakau Landfill,S102,2015,4,26,22.8,27.8,31.2,23.9,13.2,76.7
Semakau Landfill,S102,2015,4,27,0.0,27.5,28.6,26.5,10.1,43.2
Semakau Landfill,S102,2015,4,28,19.5,27.7,31.1,23.8,11.6,55.1
Semakau Landfill,S102,2015,4,29,2.0,28.6,31.8,27.0,8.7,38.9
Semakau Landfill,S102,2015,4,30,30.0,27.6,29.6,24.3,16.4,59.4
Semakau Landfill,S102,2015,5,1,0.0,28.4,29.9,27.4,14.5,42.1
Semakau Landfill,S102,2015,5,2,3.0,28.1,29.5,26.2,15.4,32.0
Semakau Landfill,S102,2015,5,3,26.0,27.1,28.8,24.7,18.7,58.7
Semakau Landfill,S102,2015,5,4,0.0,28.6,30.5,27.3,12.6,27.0
Semakau Landfill,S102,2015,5,5,0.0,29.2,32.1,27.2,8.1,22.3
Semakau Landfill,S102,2015,5,6,6.5,28.3,29.9,24.9,10.0,54.4
Semakau Landfill,S102,2015,5,7,0.0,28.6,30.3,27.5,12.9,33.5
Semakau Landfill,S102,2015,5,8,0.0,28.4,29.8,26.6,14.9,39.6
Semakau Landfill,S102,2015,5,9,0.0,28.3,30.2,27.1,16.0,30.6
Semakau Landfill,S102,2015,5,10,7.0,28.8,30.1,25.5,13.0,68.0
Semakau Landfill,S102,2015,5,11,0.0,29.4,31.2,28.0,15.5,33.8
Semakau Landfill,S102,2015,5,12,0.0,28.9,30.7,27.7,11.7,37.4
Semakau Landfill,S102,2015,5,13,0.0,28.9,31.2,28.2,11.3,31.7
Semakau Landfill,S102,2015,5,14,0.0,28.9,30.9,27.4,14.0,32.4
Semakau Landfill,S102,2015,5,15,3.5,27.8,28.8,26.1,12.5,34.6
Semakau Landfill,S102,2015,5,16,0.0,28.4,29.4,27.7,12.8,28.1
Semakau Landfill,S102,2015,5,17,0.0,29.3,31.7,27.8,10.7,25.2
Semakau Landfill,S102,2015,5,18,0.0,29.0,31.2,26.9,10.8,42.8
Semakau Landfill,S102,2015,5,19,0.0,29.6,31.5,28.5,12.7,30.2
Semakau Landfill,S102,2015,5,20,0.0,29.1,30.2,28.4,15.5,37.8
Semakau Landfill,S102,2015,5,21,0.0,29.9,32.7,28.5,11.7,28.8
Semakau Landfill,S102,2015,5,22,0.0,28.8,30.0,27.6,14.2,31.7
Semakau Landfill,S102,2015,5,23,43.5,27.2,28.9,23.9,12.4,50.4
Semakau Landfill,S102,2015,5,24,0.0,28.9,30.9,27.5,10.6,26.6
Semakau Landfill,S102,2015,5,25,0.0,28.7,30.7,27.8,12.6,31.0
Semakau Landfill,S102,2015,5,26,2.5,29.1,31.0,27.1,14.9,34.2
Semakau Landfill,S102,2015,5,27,0.0,28.6,31.0,27.4,14.3,32.4
Semakau Landfill,S102,2015,5,28,0.4,29.1,31.0,27.8,13.2,29.5
Semakau Landfill,S102,2015,5,29,0.2,29.9,32.5,28.6,14.7,31.0
Semakau Landfill,S102,2015,5,30,0.0,30.0,33.6,28.6,16.8,31.7
Semakau Landfill,S102,2015,5,31,0.0,29.8,32.8,28.3,11.5,34.2
Semakau Landfill,S102,2015,6,1,0.0,29.7,31.5,28.3,9.6,23.0
Semakau Landfill,S102,2015,6,2,2.5,29.2,32.0,26.4,14.9,35.6
Semakau Landfill,S102,2015,6,3,0.5,28.8,31.0,27.2,14.7,32.8
Semakau Landfill,S102,2015,6,4,0.5,29.3,31.1,27.2,11.6,52.2
Semakau Landfill,S102,2015,6,5,0.0,29.3,31.7,27.5,10.7,33.8
Semakau Landfill,S102,2015,6,6,0.0,29.3,31.3,27.8,9.6,36.4
Semakau Landfill,S102,2015,6,7,0.0,28.6,30.0,27.6,16.3,37.8
Semakau Landfill,S102,2015,6,8,15.5,28.7,29.6,26.2,13.9,42.8
Semakau Landfill,S102,2015,6,9,0.5,28.1,29.2,26.6,18.5,52.2
Semakau Landfill,S102,2015,6,10,0.0,28.9,29.8,28.3,14.6,31.0
Semakau Landfill,S102,2015,6,11,0.0,29.1,30.6,28.0,12.4,43.9
Semakau Landfill,S102,2015,6,12,25.5,27.4,29.8,24.8,14.1,51.5
Semakau Landfill,S102,2015,6,13,0.0,28.1,29.3,27.1,15.2,38.2
Semakau Landfill,S102,2015,6,14,40.5,27.2,29.0,24.4,20.2,54.7
Semakau Landfill,S102,2015,6,15,0.0,28.2,29.0,27.5,16.1,37.4
Semakau Landfill,S102,2015,6,16,1.0,27.9,28.9,25.4,14.8,51.1
Semakau Landfill,S102,2015,6,17,0.0,28.5,29.9,27.7,12.9,36.4
Semakau Landfill,S102,2015,6,18,0.0,29.0,30.6,27.8,13.0,28.4
Semakau Landfill,S102,2015,6,19,0.0,29.1,30.0,28.2,20.0,35.3
Semakau Landfill,S102,2015,6,20,0.0,29.3,30.4,28.4,18.9,32.4
Semakau Landfill,S102,2015,6,21,0.0,29.5,30.5,28.7,17.6,32.8
Semakau Landfill,S102,2015,6,22,0.0,29.6,30.8,28.5,16.8,33.1
Semakau Landfill,S102,2015,6,23,0.0,29.5,30.7,28.5,18.3,34.9
Semakau Landfill,S102,2015,6,24,0.0,29.5,30.6,28.4,19.5,33.5
Semakau Landfill,S102,2015,6,25,0.4,29.5,31.1,28.4,16.8,31.0
Semakau Landfill,S102,2015,6,26,0.0,29.4,30.7,28.2,15.9,32.0
Semakau Landfill,S102,2015,6,27,0.0,29.4,31.0,28.3,18.8,31.7
Semakau Landfill,S102,2015,6,28,0.0,29.6,31.5,28.4,17.7,32.8
Semakau Landfill,S102,2015,6,29,0.0,29.7,31.4,28.4,13.8,30.6
Semakau Landfill,S102,2015,6,30,0.0,29.6,31.7,28.2,12.1,27.0
Semakau Landfill,S102,2015,7,1,0.0,28.8,30.3,26.3,13.7,46.4
Semakau Landfill,S102,2015,7,2,2.8,29.1,30.3,27.1,13.7,41.4
Semakau Landfill,S102,2015,7,3,0.0,29.3,30.3,28.2,21.4,38.5
Semakau Landfill,S102,2015,7,4,8.0,27.9,29.5,23.8,19.6,79.9
Semakau Landfill,S102,2015,7,5,0.0,29.2,30.5,28.2,16.9,34.9
Semakau Landfill,S102,2015,7,6,0.0,29.3,30.6,28.3,19.2,36.4
Semakau Landfill,S102,2015,7,7,0.0,29.4,30.6,28.4,19.5,36.7
Semakau Landfill,S102,2015,7,8,14.4,29.0,30.4,25.6,14.2,38.5
Semakau Landfill,S102,2015,7,9,3.0,29.2,30.5,27.7,14.0,34.2
Semakau Landfill,S102,2015,7,10,10.8,29.1,30.7,24.9,16.3,38.9
Semakau Landfill,S102,2015,7,11,0.0,29.4,30.6,28.4,18.5,41.8
Semakau Landfill,S102,2015,7,12,0.0,29.3,30.9,28.2,16.5,33.8
Semakau Landfill,S102,2015,7,13,0.0,29.1,29.9,28.2,21.8,42.1
Semakau Landfill,S102,2015,7,14,23.2,28.2,29.7,24.8,24.0,72.7
Semakau Landfill,S102,2015,7,15,0.0,28.9,30.2,28.0,18.2,37.1
Semakau Landfill,S102,2015,7,16,0.0,29.2,31.4,28.1,15.1,36.0
Semakau Landfill,S102,2015,7,17,0.0,29.1,32.1,27.2,15.1,49.7
Semakau Landfill,S102,2015,7,18,0.0,29.4,31.9,28.3,19.0,34.6
Semakau Landfill,S102,2015,7,19,0.0,29.2,30.4,28.4,19.2,37.8
Semakau Landfill,S102,2015,7,20,0.0,29.4,31.8,28.4,17.8,34.6
Semakau Landfill,S102,2015,7,21,0.0,29.4,31.6,28.3,16.8,33.5
Semakau Landfill,S102,2015,7,22,0.0,29.8,32.9,28.3,15.5,40.7
Semakau Landfill,S102,2015,7,23,0.0,29.1,31.1,27.0,12.3,44.6
Semakau Landfill,S102,2015,7,24,0.0,29.1,31.0,28.1,12.4,37.1
Semakau Landfill,S102,2015,7,25,0.0,29.5,31.3,28.0,13.7,42.8
Semakau Landfill,S102,2015,7,26,4.4,28.3,31.2,25.3,14.1,63.4
Semakau Landfill,S102,2015,7,27,3.8,28.5,30.2,25.2,14.4,57.2
Semakau Landfill,S102,2015,7,28,5.0,28.4,31.3,25.1,13.2,47.9
Semakau Landfill,S102,2015,7,29,2.4,28.9,31.4,26.9,14.7,43.2
Semakau Landfill,S102,2015,7,30,0.0,28.8,30.9,26.9,13.0,36.0
Semakau Landfill,S102,2015,7,31,22.4,27.8,30.5,24.9,15.4,63.0
Semakau Landfill,S102,2015,8,1,0.0,27.1,28.8,26.0,16.5,41.0
Semakau Landfill,S102,2015,8,2,0.0,28.6,30.2,27.4,15.1,41.0
Semakau Landfill,S102,2015,8,3,12.4,27.0,28.9,24.5,19.1,72.4
Semakau Landfill,S102,2015,8,4,39.8,26.9,28.8,23.1,12.4,75.6
Semakau Landfill,S102,2015,8,5,0.0,28.3,29.9,27.3,15.0,31.3
Semakau Landfill,S102,2015,8,6,29.0,27.0,29.7,23.4,14.7,47.5
Semakau Landfill,S102,2015,8,7,3.2,27.4,29.3,25.7,16.9,49.3
Semakau Landfill,S102,2015,8,8,8.0,28.1,29.5,24.6,17.7,52.9
Semakau Landfill,S102,2015,8,9,5.6,27.6,29.8,23.3,14.6,59.4
Semakau Landfill,S102,2015,8,10,0.0,28.5,30.4,26.8,16.7,47.5
Semakau Landfill,S102,2015,8,11,0.6,28.4,29.8,27.3,16.1,59.8
Semakau Landfill,S102,2015,8,12,5.8,26.8,28.2,24.4,16.5,43.9
Semakau Landfill,S102,2015,8,13,0.2,28.2,31.4,26.8,14.8,45.7
Semakau Landfill,S102,2015,8,14,0.0,28.7,30.8,27.5,12.9,45.0
Semakau Landfill,S102,2015,8,15,10.0,28.2,29.9,25.6,16.1,62.6
Semakau Landfill,S102,2015,8,16,24.6,28.0,31.0,24.5,15.2,58.3
Semakau Landfill,S102,2015,8,17,0.4,28.1,29.2,25.8,16.7,54.4
Semakau Landfill,S102,2015,8,18,0.0,28.6,30.6,27.1,15.8,45.4
Semakau Landfill,S102,2015,8,19,0.0,28.6,30.3,27.3,15.8,32.8
Semakau Landfill,S102,2015,8,20,0.0,28.7,30.0,27.5,14.4,34.6
Semakau Landfill,S102,2015,8,21,5.0,28.3,29.3,25.2,16.3,45.0
Semakau Landfill,S102,2015,8,22,0.0,28.6,30.1,27.6,15.4,42.8
Semakau Landfill,S102,2015,8,23,0.0,28.8,30.3,27.6,18.7,45.7
Semakau Landfill,S102,2015,8,24,0.0,28.7,29.7,27.7,18.7,45.4
Semakau Landfill,S102,2015,8,25,9.2,28.4,30.0,25.3,15.2,57.2
Semakau Landfill,S102,2015,8,26,0.0,28.6,29.9,27.2,12.9,41.4
Semakau Landfill,S102,2015,8,27,0.0,29.1,31.8,27.5,14.4,44.6
Semakau Landfill,S102,2015,8,28,0.0,28.7,30.4,27.8,12.7,31.3
Semakau Landfill,S102,2015,8,29,,,32.5,,,
Semakau Landfill,S102,2015,8,30,,,30.1,,,
Semakau Landfill,S102,2015,8,31,,,,,,
Semakau Landfill,S102,2015,9,1,,,,,,
Semakau Landfill,S102,2015,9,2,,,,,,
Semakau Landfill,S102,2015,9,3,,,,,,
Semakau Landfill,S102,2015,9,4,1.2,28.6,30.8,27.0,14.6,46.4
Semakau Landfill,S102,2015,9,5,3.2,29.0,31.5,27.1,13.3,42.8
Semakau Landfill,S102,2015,9,6,0.0,28.8,30.6,27.5,14.3,31.3
Semakau Landfill,S102,2015,9,7,0.0,28.8,30.1,27.5,15.3,28.4
Semakau Landfill,S102,2015,9,8,0.0,28.9,30.3,27.7,17.0,36.7
Semakau Landfill,S102,2015,9,9,0.0,27.6,30.0,25.2,22.0,92.9
Semakau Landfill,S102,2015,9,10,0.0,28.2,29.3,26.9,17.8,40.0
Semakau Landfill,S102,2015,9,11,0.0,29.0,31.1,27.5,16.6,48.2
Semakau Landfill,S102,2015,9,12,0.0,28.6,29.9,27.6,17.7,40.3
Semakau Landfill,S102,2015,9,13,0.0,28.9,30.3,27.8,16.1,28.1
Semakau Landfill,S102,2015,9,14,12.8,28.5,29.6,26.6,16.7,45.7
Semakau Landfill,S102,2015,9,15,24.2,27.2,28.5,25.1,14.4,67.3
Semakau Landfill,S102,2015,9,16,10.6,27.9,29.6,26.0,15.5,46.4
Semakau Landfill,S102,2015,9,17,0.0,28.7,30.4,27.7,14.7,29.2
Semakau Landfill,S102,2015,9,18,0.0,29.0,31.0,27.8,12.1,41.8
Semakau Landfill,S102,2015,9,19,0.0,28.5,29.6,27.4,14.8,39.2
Semakau Landfill,S102,2015,9,20,0.0,29.0,31.1,27.9,12.9,26.3
Semakau Landfill,S102,2015,9,21,0.0,28.7,30.3,27.8,14.8,46.4
Semakau Landfill,S102,2015,9,22,18.2,28.5,29.8,24.1,16.0,56.2
Semakau Landfill,S102,2015,9,23,0.0,28.5,29.7,27.7,25.0,47.5
Semakau Landfill,S102,2015,9,24,0.0,28.6,29.4,27.7,24.4,42.1
Semakau Landfill,S102,2015,9,25,0.0,28.6,30.0,27.3,16.3,38.2
Semakau Landfill,S102,2015,9,26,0.0,28.8,31.2,27.5,14.8,32.0
Semakau Landfill,S102,2015,9,27,0.0,28.9,30.6,27.7,15.6,37.8
Semakau Landfill,S102,2015,9,28,36.4,27.7,29.3,23.9,18.5,49.3
Semakau Landfill,S102,2015,9,29,7.4,28.5,31.1,25.7,13.8,48.6
Semakau Landfill,S102,2015,9,30,0.8,28.5,30.8,26.7,13.7,47.5
Semakau Landfill,S102,2015,10,1,4.2,28.5,31.0,25.6,12.7,56.9
Semakau Landfill,S102,2015,10,2,9.6,27.4,28.6,24.5,23.9,45.7
Semakau Landfill,S102,2015,10,3,0.0,28.4,29.5,27.3,19.2,34.9
Semakau Landfill,S102,2015,10,4,0.0,28.8,30.7,27.5,17.6,42.8
Semakau Landfill,S102,2015,10,5,0.0,28.7,30.5,27.6,10.6,27.0
Semakau Landfill,S102,2015,10,6,0.0,28.3,30.3,27.4,14.1,35.6
Semakau Landfill,S102,2015,10,7,0.0,28.3,29.6,26.1,13.4,37.1
Semakau Landfill,S102,2015,10,8,0.0,28.6,31.2,27.2,14.7,37.1
Semakau Landfill,S102,2015,10,9,0.0,29.0,30.5,27.6,14.5,37.4
Semakau Landfill,S102,2015,10,10,0.0,29.0,31.3,27.7,13.1,27.4
Semakau Landfill,S102,2015,10,11,0.0,29.0,32.4,27.5,13.3,33.1
Semakau Landfill,S102,2015,10,12,0.0,29.0,31.5,27.5,12.2,35.3
Semakau Landfill,S102,2015,10,13,0.0,29.2,31.4,27.9,11.7,30.6
Semakau Landfill,S102,2015,10,14,0.0,29.1,30.9,27.8,12.3,33.1
Semakau Landfill,S102,2015,10,15,0.0,29.5,31.7,28.2,12.0,29.5
Semakau Landfill,S102,2015,10,16,0.0,29.2,31.1,28.0,11.5,31.7
Semakau Landfill,S102,2015,10,17,0.0,29.2,30.9,28.1,13.5,36.0
Semakau Landfill,S102,2015,10,18,0.0,29.4,31.3,28.1,13.5,25.6
Semakau Landfill,S102,2015,10,19,0.0,29.4,31.2,28.4,15.8,31.7
Semakau Landfill,S102,2015,10,20,0.0,29.3,31.8,28.0,15.5,29.5
Semakau Landfill,S102,2015,10,21,0.0,29.4,31.7,28.0,14.7,46.4
Semakau Landfill,S102,2015,10,22,0.0,29.2,30.9,27.7,13.4,37.8
Semakau Landfill,S102,2015,10,23,0.0,29.7,32.2,27.9,12.4,30.2
Semakau Landfill,S102,2015,10,24,0.0,29.1,30.8,27.2,13.5,44.3
Semakau Landfill,S102,2015,10,25,0.0,29.4,31.5,27.9,13.3,28.1
Semakau Landfill,S102,2015,10,26,0.0,29.2,31.4,27.8,14.0,28.1
Semakau Landfill,S102,2015,10,27,0.8,29.1,31.3,27.0,13.8,33.5
Semakau Landfill,S102,2015,10,28,24.0,27.3,29.5,22.8,18.1,64.8
Semakau Landfill,S102,2015,10,29,0.0,28.4,30.9,26.6,12.7,33.1
Semakau Landfill,S102,2015,10,30,16.4,27.9,30.2,24.5,16.8,47.2
Semakau Landfill,S102,2015,10,31,2.4,27.9,30.3,26.9,14.9,38.5
Semakau Landfill,S102,2015,11,1,1.0,28.4,30.7,26.6,13.1,28.4
Semakau Landfill,S102,2015,11,2,0.0,28.3,31.3,27.2,13.6,36.0
Semakau Landfill,S102,2015,11,3,0.0,28.9,30.6,27.5,14.3,34.2
Semakau Landfill,S102,2015,11,4,0.0,28.7,30.6,27.4,21.2,47.9
Semakau Landfill,S102,2015,11,5,0.0,28.8,29.9,27.7,24.5,46.4
Semakau Landfill,S102,2015,11,6,1.4,28.5,29.7,25.7,27.2,48.2
Semakau Landfill,S102,2015,11,7,9.4,28.0,30.4,25.1,22.7,65.9
Semakau Landfill,S102,2015,11,8,0.0,28.1,29.6,26.1,16.4,47.2
Semakau Landfill,S102,2015,11,9,0.4,28.3,29.7,27.1,16.8,40.0
Semakau Landfill,S102,2015,11,10,0.0,28.9,31.9,27.5,12.1,41.8
Semakau Landfill,S102,2015,11,11,0.0,28.0,29.5,26.7,16.1,40.7
Semakau Landfill,S102,2015,11,12,13.4,28.3,30.3,25.3,15.1,58.0
Semakau Landfill,S102,2015,11,13,0.0,28.9,30.9,27.7,14.8,39.2
Semakau Landfill,S102,2015,11,14,0.0,29.1,30.7,27.4,11.7,38.9
Semakau Landfill,S102,2015,11,15,8.0,28.4,30.2,25.9,14.4,47.9
Semakau Landfill,S102,2015,11,16,32.4,26.8,28.2,24.7,17.0,47.2
Semakau Landfill,S102,2015,11,17,13.8,27.6,29.1,24.7,25.5,59.4
Semakau Landfill,S102,2015,11,18,0.0,28.9,30.2,27.4,14.1,42.1
Semakau Landfill,S102,2015,11,19,0.0,28.7,30.0,27.2,14.5,30.2
Semakau Landfill,S102,2015,11,20,27.8,27.7,31.4,24.5,16.4,44.3
Semakau Landfill,S102,2015,11,21,0.0,27.8,29.1,26.7,20.0,44.3
Semakau Landfill,S102,2015,11,22,1.2,27.7,28.7,26.0,23.2,47.9
Semakau Landfill,S102,2015,11,23,0.0,28.9,30.7,27.4,20.1,44.3
Semakau Landfill,S102,2015,11,24,2.0,27.7,28.9,26.0,20.1,64.1
Semakau Landfill,S102,2015,11,25,0.6,27.9,29.2,26.1,22.6,50.8
Semakau Landfill,S102,2015,11,26,10.8,27.0,28.2,25.1,19.6,51.5
Semakau Landfill,S102,2015,11,27,0.0,27.6,29.6,26.0,18.1,46.8
Semakau Landfill,S102,2015,11,28,0.0,28.5,31.6,26.8,14.6,34.2
Semakau Landfill,S102,2015,11,29,0.4,28.2,30.8,26.0,17.9,60.5
Semakau Landfill,S102,2015,11,30,17.4,27.6,29.3,23.9,28.9,56.2
Semakau Landfill,S102,2015,12,1,25.4,27.3,31.4,24.8,15.7,52.9
Semakau Landfill,S102,2015,12,2,6.8,27.4,29.6,24.9,19.6,47.5
Semakau Landfill,S102,2015,12,3,0.0,28.3,30.2,26.9,12.0,40.3
Semakau Landfill,S102,2015,12,4,0.0,28.5,30.3,27.6,14.2,27.7
Semakau Landfill,S102,2015,12,5,14.4,28.0,29.9,24.8,14.1,58.3
Semakau Landfill,S102,2015,12,6,0.6,27.9,31.4,26.6,12.3,49.3
Semakau Landfill,S102,2015,12,7,0.0,28.7,31.0,26.5,14.3,49.3
Semakau Landfill,S102,2015,12,8,3.8,28.0,30.3,25.8,14.2,43.9
Semakau Landfill,S102,2015,12,9,0.2,28.0,30.1,26.1,12.2,36.4
Semakau Landfill,S102,2015,12,10,1.2,28.2,31.3,25.3,13.7,47.2
Semakau Landfill,S102,2015,12,11,10.6,27.6,29.6,24.9,17.6,54.4
Semakau Landfill,S102,2015,12,12,7.8,27.3,29.4,25.5,20.4,63.7
Semakau Landfill,S102,2015,12,13,32.8,26.0,27.8,24.7,20.0,55.8
Semakau Landfill,S102,2015,12,14,0.0,27.5,29.9,25.3,14.3,41.8
Semakau Landfill,S102,2015,12,15,0.6,27.8,28.9,26.9,16.3,40.3
Semakau Landfill,S102,2015,12,16,0.0,28.0,29.5,27.0,18.9,46.4
Semakau Landfill,S102,2015,12,17,0.0,28.1,29.6,27.1,19.1,53.3
Semakau Landfill,S102,2015,12,18,15.4,27.4,29.3,24.1,16.9,60.5
Semakau Landfill,S102,2015,12,19,0.2,27.9,30.6,26.4,15.8,52.6
Semakau Landfill,S102,2015,12,20,0.0,28.1,31.0,26.5,24.4,54.0
Semakau Landfill,S102,2015,12,21,0.0,28.3,29.4,27.2,25.5,54.7
Semakau Landfill,S102,2015,12,22,0.0,28.6,29.5,27.0,24.5,51.1
Semakau Landfill,S102,2015,12,23,14.2,27.8,30.0,23.5,25.0,59.8
Semakau Landfill,S102,2015,12,24,20.0,27.2,28.1,24.8,14.0,45.4
Semakau Landfill,S102,2015,12,25,4.0,28.0,29.9,26.4,14.7,79.9
Semakau Landfill,S102,2015,12,26,0.0,28.3,30.6,26.8,16.2,49.0
Semakau Landfill,S102,2015,12,27,0.0,28.1,30.4,26.2,14.2,56.2
Semakau Landfill,S102,2015,12,28,43.2,27.5,29.4,24.1,14.6,58.3
Semakau Landfill,S102,2015,12,29,2.0,26.9,28.5,24.8,18.2,50.4
Semakau Landfill,S102,2015,12,30,0.0,28.1,30.5,26.3,20.4,50.0
Semakau Landfill,S102,2015,12,31,16.8,26.8,29.0,25.0,18.1,67.0
Semakau Landfill,S102,2016,1,1,12.0,26.9,28.4,24.9,15.8,47.9
Semakau Landfill,S102,2016,1,2,18.6,26.3,27.5,23.5,16.6,61.2
Semakau Landfill,S102,2016,1,3,0.4,26.9,27.5,26.2,16.2,40.3
Semakau Landfill,S102,2016,1,4,5.0,27.3,29.0,26.2,14.8,55.8
Semakau Landfill,S102,2016,1,5,0.0,28.0,29.2,26.9,13.0,38.2
Semakau Landfill,S102,2016,1,6,1.0,28.2,29.6,27.2,16.2,41.0
Semakau Landfill,S102,2016,1,7,0.0,28.4,30.4,27.0,16.6,45.7
Semakau Landfill,S102,2016,1,8,0.8,27.9,29.5,26.5,15.1,42.8
Semakau Landfill,S102,2016,1,9,0.6,28.4,30.7,26.2,14.8,46.4
Semakau Landfill,S102,2016,1,10,0.0,28.3,30.3,27.0,13.3,38.9
Semakau Landfill,S102,2016,1,11,2.4,28.1,30.6,26.5,13.7,50.4
Semakau Landfill,S102,2016,1,12,0.0,28.7,30.5,27.2,15.1,41.0
Semakau Landfill,S102,2016,1,13,0.0,28.6,30.1,27.5,15.8,44.6
Semakau Landfill,S102,2016,1,14,2.2,28.4,30.1,27.2,13.7,50.4
Semakau Landfill,S102,2016,1,15,1.0,27.8,29.8,26.5,16.9,54.0
Semakau Landfill,S102,2016,1,16,0.0,28.3,30.2,27.2,14.4,40.7
Semakau Landfill,S102,2016,1,17,0.0,28.4,30.8,27.3,14.0,38.9
Semakau Landfill,S102,2016,1,18,26.2,28.4,31.2,24.0,14.8,64.8
Semakau Landfill,S102,2016,1,19,4.8,28.4,30.0,25.5,12.2,71.3
Semakau Landfill,S102,2016,1,20,0.8,27.8,29.2,26.0,23.8,45.7
Semakau Landfill,S102,2016,1,21,0.0,28.6,30.5,27.6,12.6,27.7
Semakau Landfill,S102,2016,1,22,34.4,28.1,30.2,24.6,13.3,50.8
Semakau Landfill,S102,2016,1,23,17.8,27.8,30.8,22.9,14.8,56.2
Semakau Landfill,S102,2016,1,24,0.0,28.6,31.2,27.0,20.5,54.0
Semakau Landfill,S102,2016,1,25,3.0,28.3,30.2,25.5,20.5,77.4
Semakau Landfill,S102,2016,1,26,15.0,27.8,29.0,25.2,16.9,81.7
Semakau Landfill,S102,2016,1,27,0.0,28.4,29.9,27.0,15.5,44.3
Semakau Landfill,S102,2016,1,28,27.0,28.0,30.9,24.9,15.1,65.5
Semakau Landfill,S102,2016,1,29,30.0,27.4,31.1,24.2,14.4,48.6
Semakau Landfill,S102,2016,1,30,0.0,28.2,30.7,26.9,15.8,48.2
Semakau Landfill,S102,2016,1,31,13.8,27.6,30.6,24.9,18.0,53.6
Semakau Landfill,S102,2016,2,1,0.0,28.8,31.6,26.9,16.6,40.3
Semakau Landfill,S102,2016,2,2,1.4,28.0,30.3,25.3,16.9,48.2
Semakau Landfill,S102,2016,2,3,0.0,28.3,30.3,26.9,14.8,37.8
Semakau Landfill,S102,2016,2,4,3.8,27.6,29.7,25.5,16.2,42.5
Semakau Landfill,S102,2016,2,5,7.8,27.9,29.9,25.7,15.5,48.2
Semakau Landfill,S102,2016,2,6,3.2,28.4,30.6,25.5,17.3,53.3
Semakau Landfill,S102,2016,2,7,11.2,27.2,28.3,25.3,28.1,65.2
Semakau Landfill,S102,2016,2,8,0.4,27.5,28.3,26.7,21.6,50.0
Semakau Landfill,S102,2016,2,9,0.0,27.2,28.4,26.4,16.2,39.6
Semakau Landfill,S102,2016,2,10,0.0,27.2,28.6,26.3,15.1,35.6
Semakau Landfill,S102,2016,2,11,0.0,27.4,29.2,26.0,14.8,46.1
Semakau Landfill,S102,2016,2,12,0.0,27.6,29.4,26.1,13.7,49.7
Semakau Landfill,S102,2016,2,13,0.0,28.1,29.0,27.2,19.8,47.2
Semakau Landfill,S102,2016,2,14,0.0,28.1,29.2,27.3,16.6,47.9
Semakau Landfill,S102,2016,2,15,0.0,28.5,30.5,27.4,18.0,83.9
Semakau Landfill,S102,2016,2,16,0.0,28.7,30.7,27.3,25.9,62.6
Semakau Landfill,S102,2016,2,17,0.0,28.3,30.4,26.9,24.8,51.5
Semakau Landfill,S102,2016,2,18,0.2,27.8,29.8,26.4,13.7,46.8
Semakau Landfill,S102,2016,2,19,82.2,25.5,27.9,23.7,17.3,68.8
Semakau Landfill,S102,2016,2,20,2.0,26.8,28.3,25.0,15.5,48.6
Semakau Landfill,S102,2016,2,21,0.0,27.6,29.9,26.0,16.2,42.8
Semakau Landfill,S102,2016,2,22,0.0,28.0,30.4,26.2,16.6,55.8
Semakau Landfill,S102,2016,2,23,0.0,27.9,30.7,26.4,16.6,55.8
Semakau Landfill,S102,2016,2,24,8.8,26.8,29.2,25.0,16.2,70.2
Semakau Landfill,S102,2016,2,25,0.0,27.9,30.1,26.1,25.9,63.4
Semakau Landfill,S102,2016,2,26,0.2,28.3,30.5,26.8,21.6,48.6
Semakau Landfill,S102,2016,2,27,0.0,28.3,31.0,26.2,16.6,45.0
Semakau Landfill,S102,2016,2,28,0.0,28.4,30.6,26.8,21.2,51.8
Semakau Landfill,S102,2016,2,29,0.0,28.6,30.9,27.1,24.5,53.6
Semakau Landfill,S102,2016,3,1,0.0,28.5,31.0,26.7,20.5,45.7
Semakau Landfill,S102,2016,3,2,0.0,28.5,30.8,26.9,24.8,54.0
Semakau Landfill,S102,2016,3,3,0.0,28.6,31.0,27.1,23.0,52.6
Semakau Landfill,S102,2016,3,4,0.0,28.5,30.3,27.3,20.5,48.2
Semakau Landfill,S102,2016,3,5,10.2,28.0,30.2,25.2,18.7,57.6
Semakau Landfill,S102,2016,3,6,0.2,28.7,30.4,27.6,15.5,37.8
Semakau Landfill,S102,2016,3,7,0.4,28.3,30.2,27.3,14.4,37.8
Semakau Landfill,S102,2016,3,8,1.8,28.3,30.7,26.4,16.2,53.6
Semakau Landfill,S102,2016,3,9,0.2,28.6,30.5,27.4,13.7,36.0
Semakau Landfill,S102,2016,3,10,1.8,28.7,31.5,26.3,13.3,36.0
Semakau Landfill,S102,2016,3,11,0.0,28.8,30.6,27.6,13.7,40.0
Semakau Landfill,S102,2016,3,12,0.0,28.9,30.8,27.2,13.0,34.9
Semakau Landfill,S102,2016,3,13,39.4,28.0,30.3,23.5,14.0,51.1
Semakau Landfill,S102,2016,3,14,0.0,28.8,31.1,27.6,13.0,32.4
Semakau Landfill,S102,2016,3,15,0.0,28.9,30.6,27.6,14.4,36.7
Semakau Landfill,S102,2016,3,16,0.0,28.5,30.9,26.8,12.6,36.4
Semakau Landfill,S102,2016,3,17,0.0,28.9,31.8,27.1,14.4,37.1
Semakau Landfill,S102,2016,3,18,0.0,28.5,30.5,27.4,14.4,36.0
Semakau Landfill,S102,2016,3,19,0.0,28.7,31.2,27.4,15.8,37.8
Semakau Landfill,S102,2016,3,20,0.0,29.1,31.5,27.7,15.1,38.5
Semakau Landfill,S102,2016,3,21,0.0,29.1,31.4,28.0,15.8,38.9
Semakau Landfill,S102,2016,3,22,12.4,28.9,30.2,26.7,25.9,62.3
Semakau Landfill,S102,2016,3,23,0.0,29.3,30.8,28.0,25.2,50.4
Semakau Landfill,S102,2016,3,24,0.0,29.1,30.2,27.9,15.1,39.6
Semakau Landfill,S102,2016,3,25,0.0,29.0,31.2,27.6,14.0,55.4
Semakau Landfill,S102,2016,3,26,0.0,29.5,31.1,27.9,19.8,46.4
Semakau Landfill,S102,2016,3,27,0.0,29.7,32.1,28.4,20.9,53.6
Semakau Landfill,S102,2016,3,28,0.0,29.6,31.6,28.2,21.2,58.7
Semakau Landfill,S102,2016,3,29,0.0,29.4,31.4,28.0,20.2,47.9
Semakau Landfill,S102,2016,3,30,0.0,29.2,31.0,27.6,17.6,47.2
Semakau Landfill,S102,2016,3,31,0.0,29.3,31.3,27.7,19.8,48.6
Semakau Landfill,S102,2016,4,1,0.0,29.4,31.3,27.9,20.5,44.6
Semakau Landfill,S102,2016,4,2,0.0,29.4,31.5,27.9,19.1,49.7
Semakau Landfill,S102,2016,4,3,0.0,29.2,31.5,27.9,17.3,43.9
Semakau Landfill,S102,2016,4,4,0.0,29.4,30.4,28.4,18.0,39.6
Semakau Landfill,S102,2016,4,5,1.0,29.1,30.1,27.5,15.8,46.4
Semakau Landfill,S102,2016,4,6,0.0,29.3,30.7,27.8,13.7,41.8
Semakau Landfill,S102,2016,4,7,0.0,29.3,32.3,27.6,14.8,36.0
Semakau Landfill,S102,2016,4,8,0.0,29.5,32.0,28.2,15.1,37.1
Semakau Landfill,S102,2016,4,9,0.0,28.9,32.1,26.8,15.5,50.0
Semakau Landfill,S102,2016,4,10,0.0,29.5,32.7,27.9,13.7,38.2
Semakau Landfill,S102,2016,4,11,0.0,29.9,31.5,28.9,20.9,47.2
Semakau Landfill,S102,2016,4,12,0.0,29.7,30.8,28.1,28.1,56.9
Semakau Landfill,S102,2016,4,13,0.0,29.9,30.6,28.5,34.2,60.1
Semakau Landfill,S102,2016,4,14,1.0,30.0,31.7,28.4,26.6,52.9
Semakau Landfill,S102,2016,4,15,1.0,29.0,30.0,27.3,24.1,66.6
Semakau Landfill,S102,2016,4,16,0.0,30.1,32.7,28.4,13.0,36.7
Semakau Landfill,S102,2016,4,17,30.8,29.5,33.5,25.4,14.8,60.8
Semakau Landfill,S102,2016,4,18,0.0,30.1,31.9,28.5,14.8,34.6
Semakau Landfill,S102,2016,4,19,0.0,30.3,31.7,29.1,16.2,40.0
Semakau Landfill,S102,2016,4,20,0.0,29.5,32.2,27.7,14.4,39.6
Semakau Landfill,S102,2016,4,21,4.2,29.9,32.3,28.4,13.7,37.4
Semakau Landfill,S102,2016,4,22,1.4,29.3,31.7,27.7,14.4,43.2
Semakau Landfill,S102,2016,4,23,0.0,29.7,31.2,28.3,13.0,33.5
Semakau Landfill,S102,2016,4,24,0.0,29.3,30.3,27.7,17.3,40.3
Semakau Landfill,S102,2016,4,25,0.0,29.6,32.0,28.7,13.3,31.7
Semakau Landfill,S102,2016,4,26,6.0,29.2,30.5,26.7,24.1,55.4
Semakau Landfill,S102,2016,4,27,0.0,29.7,31.0,28.8,16.6,41.8
Semakau Landfill,S102,2016,4,28,0.0,30.0,32.5,29.1,16.2,54.4
Semakau Landfill,S102,2016,4,29,0.0,29.4,31.8,27.4,15.5,41.0
Semakau Landfill,S102,2016,4,30,13.4,28.9,30.6,25.6,22.7,47.2
Semakau Landfill,S102,2016,5,1,0.0,30.0,33.1,28.7,14.4,29.9
Semakau Landfill,S102,2016,5,2,0.0,29.8,32.2,27.7,14.0,35.6
Semakau Landfill,S102,2016,5,3,0.0,30.2,32.4,29.1,12.6,28.8
Semakau Landfill,S102,2016,5,4,0.0,30.3,31.9,29.1,11.5,37.8
Semakau Landfill,S102,2016,5,5,0.0,30.1,33.1,28.7,15.1,47.9
Semakau Landfill,S102,2016,5,6,0.2,30.0,31.8,28.9,19.1,43.6
Semakau Landfill,S102,2016,5,7,0.0,29.9,33.3,28.2,14.4,50.0
Semakau Landfill,S102,2016,5,8,0.0,29.7,31.0,27.8,20.2,45.4
Semakau Landfill,S102,2016,5,9,0.0,30.2,34.0,28.9,13.3,29.9
Semakau Landfill,S102,2016,5,10,0.0,30.1,31.4,29.4,13.7,35.3
Semakau Landfill,S102,2016,5,11,1.2,29.6,31.7,26.1,16.9,49.3
Semakau Landfill,S102,2016,5,12,0.0,29.7,31.1,28.3,18.0,43.9
Semakau Landfill,S102,2016,5,13,8.4,29.1,31.5,26.3,23.0,54.0
Semakau Landfill,S102,2016,5,14,11.0,28.5,30.9,25.9,17.3,49.0
Semakau Landfill,S102,2016,5,15,0.0,29.2,30.4,28.3,21.2,46.1
Semakau Landfill,S102,2016,5,16,11.6,29.2,30.9,26.4,26.6,65.9
Semakau Landfill,S102,2016,5,17,0.0,29.6,31.1,28.0,19.1,47.9
Semakau Landfill,S102,2016,5,18,10.6,29.2,31.7,26.8,18.7,62.3
Semakau Landfill,S102,2016,5,19,0.0,29.0,30.5,27.9,17.3,46.4
Semakau Landfill,S102,2016,5,20,0.0,29.9,31.3,28.5,23.0,44.3
Semakau Landfill,S102,2016,5,21,14.6,28.9,30.4,25.7,36.4,77.4
Semakau Landfill,S102,2016,5,22,12.0,28.8,31.1,25.0,23.0,70.6
Semakau Landfill,S102,2016,5,23,0.0,30.1,32.4,28.1,14.4,30.2
Semakau Landfill,S102,2016,5,24,0.0,29.6,30.5,27.5,22.3,54.7
Semakau Landfill,S102,2016,5,25,12.4,29.9,32.4,24.7,15.5,77.4
Semakau Landfill,S102,2016,5,26,1.2,28.2,29.8,26.3,24.5,65.2
Semakau Landfill,S102,2016,5,27,0.0,29.8,30.9,28.9,22.0,41.4
Semakau Landfill,S102,2016,5,28,1.6,29.3,30.5,27.7,19.1,51.5
Semakau Landfill,S102,2016,5,29,0.0,29.8,31.1,28.9,27.4,44.3
Semakau Landfill,S102,2016,5,30,7.2,28.3,30.4,26.8,23.8,85.3
Semakau Landfill,S102,2016,5,31,0.0,29.5,31.2,26.2,26.3,71.3
Semakau Landfill,S102,2016,6,1,11.0,28.4,30.0,24.8,14.0,69.5
Semakau Landfill,S102,2016,6,2,3.4,29.1,30.8,26.5,15.5,52.9
Semakau Landfill,S102,2016,6,3,0.0,29.5,30.9,28.4,14.0,37.8
Semakau Landfill,S102,2016,6,4,10.6,27.9,29.4,24.0,14.4,69.5
Semakau Landfill,S102,2016,6,5,0.2,28.9,30.2,27.9,19.1,43.6
Semakau Landfill,S102,2016,6,6,0.0,30.0,32.4,28.8,14.0,35.6
Semakau Landfill,S102,2016,6,7,0.0,30.0,31.6,29.0,16.9,38.5
Semakau Landfill,S102,2016,6,8,5.0,28.8,30.9,25.1,18.4,61.9
Semakau Landfill,S102,2016,6,9,0.0,29.6,30.8,27.4,19.8,59.4
Semakau Landfill,S102,2016,6,10,0.0,29.1,30.0,28.4,21.2,55.4
Semakau Landfill,S102,2016,6,11,2.8,29.0,30.0,27.4,24.5,52.9
Semakau Landfill,S102,2016,6,12,0.0,28.9,29.9,27.4,21.6,43.2
Semakau Landfill,S102,2016,6,13,14.4,29.0,30.4,25.0,24.5,50.0
Semakau Landfill,S102,2016,6,14,0.0,29.1,30.0,27.4,26.3,59.0
Semakau Landfill,S102,2016,6,15,0.0,28.8,29.6,27.6,25.9,56.2
Semakau Landfill,S102,2016,6,16,4.4,28.9,30.4,26.5,19.4,50.4
Semakau Landfill,S102,2016,6,17,68.6,27.6,28.9,23.1,33.1,77.0
Semakau Landfill,S102,2016,6,18,0.2,28.3,29.5,27.3,24.1,61.6
Semakau Landfill,S102,2016,6,19,0.2,28.1,29.3,25.9,18.4,43.6
Semakau Landfill,S102,2016,6,20,1.0,28.5,29.8,26.3,24.8,58.0
Semakau Landfill,S102,2016,6,21,0.0,29.5,30.4,28.6,19.4,42.8
Semakau Landfill,S102,2016,6,22,0.6,28.1,30.6,25.7,15.5,69.1
Semakau Landfill,S102,2016,6,23,0.0,29.7,31.3,28.1,19.1,35.6
Semakau Landfill,S102,2016,6,24,31.0,27.5,29.4,23.9,18.7,94.0
Semakau Landfill,S102,2016,6,25,0.0,29.2,30.7,28.0,23.0,43.9
Semakau Landfill,S102,2016,6,26,0.0,29.4,31.0,28.5,20.2,50.4
Semakau Landfill,S102,2016,6,27,0.0,29.1,29.9,28.3,22.7,43.6
Semakau Landfill,S102,2016,6,28,0.0,29.4,31.6,28.0,21.6,39.6
Semakau Landfill,S102,2016,6,29,0.0,30.0,32.2,28.6,15.1,35.6
Semakau Landfill,S102,2016,6,30,0.0,30.1,31.9,28.7,14.4,33.8
Semakau Landfill,S102,2016,7,1,0.0,30.2,32.5,28.7,13.3,27.7
Semakau Landfill,S102,2016,7,2,0.0,30.1,32.2,28.7,16.2,28.1
Semakau Landfill,S102,2016,7,3,0.0,30.2,32.1,28.8,15.8,27.7
Semakau Landfill,S102,2016,7,4,0.0,30.0,32.1,28.6,18.7,37.4
Semakau Landfill,S102,2016,7,5,0.0,30.0,31.6,28.6,18.0,38.5
Semakau Landfill,S102,2016,7,6,0.2,29.2,30.7,26.1,17.6,47.5
Semakau Landfill,S102,2016,7,7,0.0,29.8,30.7,28.6,22.3,41.4
Semakau Landfill,S102,2016,7,8,20.6,29.1,30.7,24.4,18.0,72.4
Semakau Landfill,S102,2016,7,9,0.0,29.9,31.2,28.4,18.4,35.3
Semakau Landfill,S102,2016,7,10,0.0,29.8,31.2,28.7,16.6,37.8
Semakau Landfill,S102,2016,7,11,1.4,28.6,29.9,26.0,23.0,92.5
Semakau Landfill,S102,2016,7,12,0.0,30.0,31.8,28.3,15.1,37.4
Semakau Landfill,S102,2016,7,13,6.6,28.2,31.0,25.3,18.7,92.9
Semakau Landfill,S102,2016,7,14,5.2,27.7,29.3,25.1,15.8,66.2
Semakau Landfill,S102,2016,7,15,8.8,27.9,30.2,25.3,20.9,70.9
Semakau Landfill,S102,2016,7,16,0.0,28.9,30.1,27.7,22.7,42.1
Semakau Landfill,S102,2016,7,17,0.2,28.3,29.9,26.2,18.7,67.7
Semakau Landfill,S102,2016,7,18,33.6,28.5,29.7,23.6,29.2,88.9
Semakau Landfill,S102,2016,7,19,16.8,28.0,30.0,23.6,36.7,68.8
Semakau Landfill,S102,2016,7,20,27.8,27.6,29.9,24.8,23.4,56.9
Semakau Landfill,S102,2016,7,21,16.6,27.7,28.8,24.7,23.0,67.7
Semakau Landfill,S102,2016,7,22,4.4,27.1,28.8,25.6,14.4,75.6
Semakau Landfill,S102,2016,7,23,35.8,27.4,29.6,25.0,14.8,41.4
Semakau Landfill,S102,2016,7,24,6.2,27.7,28.9,25.0,18.4,49.7
Semakau Landfill,S102,2016,7,25,0.0,27.7,29.0,26.6,25.9,60.1
Semakau Landfill,S102,2016,7,26,12.0,26.9,29.3,23.6,15.5,78.1
Semakau Landfill,S102,2016,7,27,0.0,28.6,30.5,26.7,15.8,37.8
Semakau Landfill,S102,2016,7,28,3.5,28.3,29.5,26.9,20.2,60.5
Semakau Landfill,S102,2016,7,29,0.0,28.5,30.1,27.3,21.2,44.3
Semakau Landfill,S102,2016,7,30,0.0,29.0,31.1,28.0,13.7,28.8
Semakau Landfill,S102,2016,7,31,0.0,28.8,30.3,27.7,16.6,43.6
Semakau Landfill,S102,2016,8,1,0.0,27.8,28.7,25.7,25.6,77.0
Semakau Landfill,S102,2016,8,2,0.0,28.8,30.4,27.2,29.5,54.4
Semakau Landfill,S102,2016,8,3,3.4,27.8,29.1,24.4,22.3,97.6
Semakau Landfill,S102,2016,8,4,0.0,28.3,28.9,27.1,22.7,43.9
Semakau Landfill,S102,2016,8,5,0.0,29.4,31.2,28.4,16.6,40.7
Semakau Landfill,S102,2016,8,6,0.0,29.1,30.7,27.9,14.4,37.4
Semakau Landfill,S102,2016,8,7,0.0,29.4,30.8,28.3,15.1,40.0
Semakau Landfill,S102,2016,8,8,0.0,29.5,31.0,28.2,18.4,38.2
Semakau Landfill,S102,2016,8,9,8.0,28.9,29.8,26.8,18.4,37.1
Semakau Landfill,S102,2016,8,10,0.0,29.5,30.7,28.6,22.3,43.6
Semakau Landfill,S102,2016,8,11,0.0,29.2,30.1,27.8,26.6,54.0
Semakau Landfill,S102,2016,8,12,9.6,28.9,30.1,24.8,20.5,75.2
Semakau Landfill,S102,2016,8,13,0.0,29.5,30.9,28.7,23.4,52.6
Semakau Landfill,S102,2016,8,14,0.0,29.0,30.0,27.5,27.7,64.8
Semakau Landfill,S102,2016,8,15,0.0,29.1,31.3,27.2,20.9,50.0
Semakau Landfill,S102,2016,8,16,0.0,29.6,30.9,28.6,20.5,38.5
Semakau Landfill,S102,2016,8,17,0.0,29.7,31.5,28.7,20.2,41.8
Semakau Landfill,S102,2016,8,18,0.0,29.9,31.1,28.7,20.9,46.1
Semakau Landfill,S102,2016,8,19,10.8,28.3,30.0,23.9,19.1,65.9
Semakau Landfill,S102,2016,8,20,0.0,29.1,30.6,27.5,21.6,45.4
Semakau Landfill,S102,2016,8,21,17.8,27.9,29.2,23.7,18.7,60.8
Semakau Landfill,S102,2016,8,22,0.0,29.4,30.6,28.4,21.2,41.0
Semakau Landfill,S102,2016,8,23,0.0,29.4,30.6,28.4,24.5,42.8
Semakau Landfill,S102,2016,8,24,37.4,28.2,29.9,24.4,35.6,82.1
Semakau Landfill,S102,2016,8,25,0.0,29.0,30.7,26.6,31.7,53.3
Semakau Landfill,S102,2016,8,26,0.0,29.4,30.7,26.6,34.9,59.8
Semakau Landfill,S102,2016,8,27,0.0,29.1,30.2,28.3,22.7,46.4
Semakau Landfill,S102,2016,8,28,0.0,29.6,31.5,28.5,15.8,36.7
Semakau Landfill,S102,2016,8,29,0.0,29.7,31.4,28.6,16.9,38.2
Semakau Landfill,S102,2016,8,30,10.8,27.9,29.3,24.7,22.3,74.5
Semakau Landfill,S102,2016,8,31,8.8,28.4,29.5,25.6,20.9,46.4
Semakau Landfill,S102,2016,9,1,9.0,27.7,29.7,24.8,17.3,52.9
Semakau Landfill,S102,2016,9,2,0.0,28.7,30.1,27.4,27.4,42.5
Semakau Landfill,S102,2016,9,3,0.0,29.3,30.4,28.2,19.4,43.6
Semakau Landfill,S102,2016,9,4,0.0,29.4,31.3,28.4,13.3,37.4
Semakau Landfill,S102,2016,9,5,0.4,28.7,29.5,26.5,27.7,56.9
Semakau Landfill,S102,2016,9,6,0.0,28.8,30.2,26.2,30.6,73.4
Semakau Landfill,S102,2016,9,7,13.8,28.2,29.6,24.6,30.2,103.0
Semakau Landfill,S102,2016,9,8,0.0,29.3,30.4,28.2,25.2,56.9
Semakau Landfill,S102,2016,9,9,1.8,28.4,31.0,26.2,13.7,56.9
Semakau Landfill,S102,2016,9,10,32.2,27.8,29.2,23.4,19.1,63.0
Semakau Landfill,S102,2016,9,11,5.4,28.7,30.3,25.8,19.1,64.4
Semakau Landfill,S102,2016,9,12,0.0,28.4,29.4,26.9,28.4,71.3
Semakau Landfill,S102,2016,9,13,0.0,29.3,31.6,27.7,16.9,39.2
Semakau Landfill,S102,2016,9,14,1.4,27.4,29.1,25.2,21.6,69.5
Semakau Landfill,S102,2016,9,15,0.0,29.2,31.2,27.8,18.7,37.1
Semakau Landfill,S102,2016,9,16,44.8,28.2,30.4,23.1,29.9,83.9
Semakau Landfill,S102,2016,9,17,9.0,29.0,29.8,24.8,29.5,67.7
Semakau Landfill,S102,2016,9,18,0.6,28.8,30.1,25.3,33.5,85.3
Semakau Landfill,S102,2016,9,19,24.8,28.5,30.0,25.4,30.6,75.6
Semakau Landfill,S102,2016,9,20,20.2,28.3,29.9,24.1,32.8,89.3
Semakau Landfill,S102,2016,9,21,0.2,29.0,30.2,27.1,31.7,64.1
Semakau Landfill,S102,2016,9,22,0.0,28.8,30.2,27.5,26.6,54.4
Semakau Landfill,S102,2016,9,23,0.0,29.1,30.6,27.6,32.0,55.4
Semakau Landfill,S102,2016,9,24,11.4,28.8,30.3,24.3,27.7,71.3
Semakau Landfill,S102,2016,9,25,3.8,28.8,30.2,25.4,20.2,69.5
Semakau Landfill,S102,2016,9,26,0.0,29.1,30.4,27.9,24.8,58.7
Semakau Landfill,S102,2016,9,27,0.0,29.3,30.3,27.7,23.4,52.2
Semakau Landfill,S102,2016,9,28,0.0,29.5,30.8,25.2,28.1,82.8
Semakau Landfill,S102,2016,9,29,0.0,29.4,31.0,27.7,23.0,61.9
Semakau Landfill,S102,2016,9,30,24.6,29.1,30.5,23.9,23.4,59.8
Semakau Landfill,S102,2016,10,1,1.2,28.1,29.6,25.7,27.4,73.8
Semakau Landfill,S102,2016,10,2,12.4,29.0,30.3,25.0,36.4,57.6
Semakau Landfill,S102,2016,10,3,11.4,28.2,29.9,24.4,30.2,93.2
Semakau Landfill,S102,2016,10,4,0.0,29.2,30.1,28.6,30.6,50.8
Semakau Landfill,S102,2016,10,5,0.0,29.1,30.7,28.3,24.1,55.1
Semakau Landfill,S102,2016,10,6,0.8,28.7,29.4,25.1,23.0,58.3
Semakau Landfill,S102,2016,10,7,21.2,27.2,29.3,25.5,24.5,81.4
Semakau Landfill,S102,2016,10,8,0.0,28.4,29.9,26.5,25.9,51.1
Semakau Landfill,S102,2016,10,9,5.0,28.5,30.0,25.1,19.1,62.3
Semakau Landfill,S102,2016,10,10,23.2,29.3,30.6,25.2,29.2,61.9
Semakau Landfill,S102,2016,10,11,0.0,29.7,31.0,28.5,32.0,67.0
Semakau Landfill,S102,2016,10,12,0.0,29.5,30.5,28.2,41.4,75.2
Semakau Landfill,S102,2016,10,13,0.0,29.4,30.0,28.4,42.8,63.7
Semakau Landfill,S102,2016,10,14,13.2,28.6,30.0,24.4,39.6,69.1
Semakau Landfill,S102,2016,10,15,7.2,29.3,30.7,25.7,34.9,64.1
Semakau Landfill,S102,2016,10,16,20.4,28.7,30.0,24.3,45.0,92.2
Semakau Landfill,S102,2016,10,17,0.0,28.9,29.6,28.2,36.7,78.8
Semakau Landfill,S102,2016,10,18,0.0,29.3,31.0,27.3,20.5,41.4
Semakau Landfill,S102,2016,10,19,30.8,27.8,29.2,23.4,20.2,114.8
Semakau Landfill,S102,2016,10,20,0.0,29.1,30.4,28.0,19.8,39.2
Semakau Landfill,S102,2016,10,21,4.8,28.8,30.9,25.6,19.8,56.9
Semakau Landfill,S102,2016,10,22,5.0,28.6,29.7,25.0,22.7,67.7
Semakau Landfill,S102,2016,10,23,0.2,28.6,29.4,26.7,28.8,68.0
Semakau Landfill,S102,2016,10,24,1.8,28.2,29.2,25.3,22.0,68.8
Semakau Landfill,S102,2016,10,25,42.2,27.5,30.3,23.0,17.6,61.2
Semakau Landfill,S102,2016,10,26,1.8,27.6,28.9,25.8,27.4,54.4
Semakau Landfill,S102,2016,10,27,9.4,27.0,29.1,24.7,17.6,53.6
Semakau Landfill,S102,2016,10,28,0.0,27.9,29.3,26.4,18.4,44.6
Semakau Landfill,S102,2016,10,29,45.6,27.7,29.0,23.2,25.9,84.2
Semakau Landfill,S102,2016,10,30,0.4,27.7,28.7,25.6,26.3,68.0
Semakau Landfill,S102,2016,10,31,0.0,28.3,29.4,26.9,23.8,55.1
Semakau Landfill,S102,2016,11,1,19.8,27.8,29.3,24.6,27.7,95.8
Semakau Landfill,S102,2016,11,2,3.6,27.6,29.3,24.3,22.3,87.5
Semakau Landfill,S102,2016,11,3,7.6,27.7,29.3,25.8,28.1,88.2
Semakau Landfill,S102,2016,11,4,3.0,27.9,28.8,26.1,27.4,51.1
Semakau Landfill,S102,2016,11,5,27.6,26.9,28.8,24.0,36.0,69.5
Semakau Landfill,S102,2016,11,6,5.0,27.9,29.0,24.1,30.2,74.2
Semakau Landfill,S102,2016,11,7,2.6,27.3,28.7,26.0,18.0,61.9
Semakau Landfill,S102,2016,11,8,0.0,28.6,30.4,27.3,26.6,49.7
Semakau Landfill,S102,2016,11,9,42.4,27.7,29.2,22.4,23.8,103.3
Semakau Landfill,S102,2016,11,10,0.0,27.6,28.5,26.3,22.0,55.1
Semakau Landfill,S102,2016,11,11,0.0,27.3,29.0,26.3,14.4,39.6
Semakau Landfill,S102,2016,11,12,0.0,27.7,29.4,26.5,16.9,38.5
Semakau Landfill,S102,2016,11,13,0.2,27.3,28.9,25.5,19.4,63.7
Semakau Landfill,S102,2016,11,14,128.0,26.1,27.6,23.2,16.9,66.6
Semakau Landfill,S102,2016,11,15,0.2,27.3,29.2,25.8,15.5,40.7
Semakau Landfill,S102,2016,11,16,48.0,26.5,28.0,23.4,18.4,66.6
Semakau Landfill,S102,2016,11,17,0.0,27.6,29.2,26.0,23.0,50.8
Semakau Landfill,S102,2016,11,18,0.0,28.0,30.2,26.8,13.3,31.7
Semakau Landfill,S102,2016,11,19,0.0,28.2,29.4,27.3,16.9,40.3
Semakau Landfill,S102,2016,11,20,0.0,28.1,30.4,27.1,25.6,58.3
Semakau Landfill,S102,2016,11,21,0.0,27.8,28.6,26.4,32.0,56.2
Semakau Landfill,S102,2016,11,22,1.6,27.2,28.5,24.7,25.6,62.6
Semakau Landfill,S102,2016,11,23,5.0,27.2,28.6,24.8,23.0,80.3
Semakau Landfill,S102,2016,11,24,0.0,27.5,29.3,26.4,24.5,52.9
Semakau Landfill,S102,2016,11,25,0.0,27.8,29.7,26.2,18.7,36.7
Semakau Landfill,S102,2016,11,26,0.0,27.8,29.5,26.3,13.7,41.8
Semakau Landfill,S102,2016,11,27,22.6,27.2,29.1,23.4,16.9,67.7
Semakau Landfill,S102,2016,11,28,0.0,27.7,29.2,26.5,17.3,39.6
Semakau Landfill,S102,2016,11,29,0.0,27.0,28.1,25.9,17.6,41.0
Semakau Landfill,S102,2016,11,30,0.0,28.2,30.1,25.9,20.5,47.2
Semakau Landfill,S102,2016,12,1,33.6,26.2,28.5,23.4,30.6,63.4
Semakau Landfill,S102,2016,12,2,4.4,26.8,28.0,25.2,24.8,62.6
Semakau Landfill,S102,2016,12,3,4.8,27.7,28.9,25.5,24.5,53.3
Semakau Landfill,S102,2016,12,4,0.0,28.8,31.7,27.2,12.6,28.4
Semakau Landfill,S102,2016,12,5,10.8,28.7,32.3,26.4,15.1,41.8
Semakau Landfill,S102,2016,12,6,0.2,28.8,31.1,27.1,17.6,32.8
Semakau Landfill,S102,2016,12,7,0.0,28.9,30.8,27.6,19.1,43.6
Semakau Landfill,S102,2016,12,8,0.2,28.7,30.5,26.5,24.8,76.3
Semakau Landfill,S102,2016,12,9,0.4,28.1,30.5,26.3,19.8,67.3
Semakau Landfill,S102,2016,12,10,,,,,,
Semakau Landfill,S102,2016,12,11,,,,,,
Semakau Landfill,S102,2016,12,12,0.0,28.5,29.5,26.7,28.4,76.0
Semakau Landfill,S102,2016,12,13,0.6,28.1,29.7,25.1,25.9,67.7
Semakau Landfill,S102,2016,12,14,0.0,28.5,29.5,27.3,27.4,65.2
Semakau Landfill,S102,2016,12,15,0.0,28.6,29.8,26.7,23.4,58.3
Semakau Landfill,S102,2016,12,16,0.0,29.0,30.4,28.0,21.6,55.4
Semakau Landfill,S102,2016,12,17,0.0,28.1,30.1,27.4,18.7,44.3
Semakau Landfill,S102,2016,12,18,21.4,27.1,29.2,24.3,25.9,79.6
Semakau Landfill,S102,2016,12,19,1.8,28.0,30.2,24.2,28.1,83.2
Semakau Landfill,S102,2016,12,20,0.0,28.3,29.8,26.6,28.4,68.8
Semakau Landfill,S102,2016,12,21,0.0,28.8,30.2,27.3,28.1,68.0
Semakau Landfill,S102,2016,12,22,0.2,27.8,30.5,26.2,19.1,41.4
Semakau Landfill,S102,2016,12,23,4.6,27.5,30.1,24.7,18.4,58.0
Semakau Landfill,S102,2016,12,24,0.4,27.4,31.0,25.9,24.8,46.8
Semakau Landfill,S102,2016,12,25,4.0,27.5,31.8,25.4,28.1,59.8
Semakau Landfill,S102,2016,12,26,0.0,27.7,29.8,26.1,25.2,51.5
Semakau Landfill,S102,2016,12,27,2.2,27.0,29.4,24.9,23.8,64.8
Semakau Landfill,S102,2016,12,28,0.2,26.6,28.2,25.0,26.6,51.1
Semakau Landfill,S102,2016,12,29,0.0,28.1,30.4,26.6,23.4,40.3
Semakau Landfill,S102,2016,12,30,31.2,27.4,30.4,24.4,28.1,60.1
Semakau Landfill,S102,2016,12,31,0.0,27.5,29.4,25.9,18.4,42.1
Semakau Landfill,S102,2017,1,1,66.0,27.0,29.9,24.3,19.4,49.3
Semakau Landfill,S102,2017,1,2,1.0,26.9,28.5,26.1,22.3,44.3
Semakau Landfill,S102,2017,1,3,4.0,27.3,29.5,26.0,20.5,45.7
Semakau Landfill,S102,2017,1,4,10.4,27.7,30.2,24.1,21.6,81.4
Semakau Landfill,S102,2017,1,5,6.6,27.9,30.1,23.7,19.4,62.3
Semakau Landfill,S102,2017,1,6,0.0,28.6,31.7,27.2,16.6,31.3
Semakau Landfill,S102,2017,1,7,0.0,29.1,31.8,27.7,14.8,38.5
Semakau Landfill,S102,2017,1,8,0.0,29.0,31.0,27.4,16.2,40.7
Semakau Landfill,S102,2017,1,9,0.0,28.9,31.1,27.8,24.1,52.2
Semakau Landfill,S102,2017,1,10,0.0,28.8,32.1,27.4,19.4,34.9
Semakau Landfill,S102,2017,1,11,0.0,,30.8,27.2,20.9,39.2
Semakau Landfill,S102,2017,1,12,0.0,28.2,29.6,26.9,24.8,48.6
Semakau Landfill,S102,2017,1,13,0.0,28.6,30.7,27.4,20.5,49.0
Semakau Landfill,S102,2017,1,14,0.0,28.1,29.1,26.9,25.2,50.0
Semakau Landfill,S102,2017,1,15,0.0,28.4,29.8,27.3,25.6,62.3
Semakau Landfill,S102,2017,1,16,0.0,28.3,30.3,26.1,27.4,58.7
Semakau Landfill,S102,2017,1,17,0.0,28.6,31.0,27.5,16.9,37.4
Semakau Landfill,S102,2017,1,18,0.0,27.8,30.7,26.6,18.0,45.0
Semakau Landfill,S102,2017,1,19,0.0,27.8,30.6,26.0,19.1,49.3
Semakau Landfill,S102,2017,1,20,1.0,27.0,28.1,25.0,25.6,67.3
Semakau Landfill,S102,2017,1,21,44.8,27.0,31.0,24.3,20.2,49.7
Semakau Landfill,S102,2017,1,22,24.8,27.2,29.7,25.1,25.2,65.9
Semakau Landfill,S102,2017,1,23,105.4,25.7,27.3,23.9,22.3,80.6
Semakau Landfill,S102,2017,1,24,11.0,25.3,25.9,24.8,18.4,42.5
Semakau Landfill,S102,2017,1,25,0.8,26.5,28.8,24.6,23.4,54.4
Semakau Landfill,S102,2017,1,26,0.0,27.6,30.0,25.7,23.8,39.6
Semakau Landfill,S102,2017,1,27,0.2,27.9,30.0,26.6,31.3,59.4
Semakau Landfill,S102,2017,1,28,0.0,27.0,29.0,25.9,26.6,51.5
Semakau Landfill,S102,2017,1,29,0.0,27.2,28.7,26.1,22.0,48.2
Semakau Landfill,S102,2017,1,30,0.2,26.9,28.7,25.9,24.5,50.8
Semakau Landfill,S102,2017,1,31,0.0,27.5,29.7,26.2,26.6,43.9
Semakau Landfill,S102,2017,2,1,0.0,27.2,29.9,26.0,22.3,47.5
Semakau Landfill,S102,2017,2,2,8.4,27.3,29.9,25.2,24.1,55.8
Semakau Landfill,S102,2017,2,3,1.0,27.6,30.7,25.9,24.5,43.9
Semakau Landfill,S102,2017,2,4,0.0,27.6,30.2,26.3,23.8,45.7
Semakau Landfill,S102,2017,2,5,0.0,27.7,30.7,26.4,26.6,50.0
Semakau Landfill,S102,2017,2,6,0.0,27.9,30.3,26.4,27.4,58.7
Semakau Landfill,S102,2017,2,7,0.0,27.4,29.9,25.9,27.4,55.4
Semakau Landfill,S102,2017,2,8,5.4,27.2,29.6,25.2,26.3,60.5
Semakau Landfill,S102,2017,2,9,1.8,28.0,31.4,26.6,22.0,40.7
Semakau Landfill,S102,2017,2,10,0.0,28.0,31.1,26.2,29.5,57.6
Semakau Landfill,S102,2017,2,11,0.0,27.8,30.1,26.6,35.3,61.2
Semakau Landfill,S102,2017,2,12,0.6,,29.2,25.8,33.5,76.0
Semakau Landfill,S102,2017,2,13,2.6,27.3,29.3,25.3,34.9,65.5
Semakau Landfill,S102,2017,2,14,1.2,27.1,29.3,25.6,36.7,59.0
Semakau Landfill,S102,2017,2,15,3.4,26.2,28.7,23.9,31.3,60.1
Semakau Landfill,S102,2017,2,16,0.0,27.2,29.1,25.6,31.0,51.8
Semakau Landfill,S102,2017,2,17,0.0,27.6,30.2,25.7,27.0,47.5
Semakau Landfill,S102,2017,2,18,0.0,27.5,29.2,26.1,26.6,43.6
Semakau Landfill,S102,2017,2,19,0.0,28.0,30.4,26.3,24.5,41.0
Semakau Landfill,S102,2017,2,20,1.2,27.9,30.5,26.4,22.3,54.0
Semakau Landfill,S102,2017,2,21,1.0,27.4,30.6,25.3,19.1,38.2
Semakau Landfill,S102,2017,2,22,0.0,27.6,29.1,26.5,16.2,29.9
Semakau Landfill,S102,2017,2,23,0.0,27.7,30.1,26.8,17.3,37.1
Semakau Landfill,S102,2017,2,24,16.2,25.8,27.6,24.0,23.0,62.3
Semakau Landfill,S102,2017,2,25,0.2,27.2,30.4,25.5,16.2,37.1
Semakau Landfill,S102,2017,2,26,14.6,27.3,29.5,25.5,20.5,45.7
Semakau Landfill,S102,2017,2,27,0.0,27.7,29.6,26.2,23.0,49.3
Semakau Landfill,S102,2017,2,28,16.2,27.0,29.0,24.6,26.6,76.0
Semakau Landfill,S102,2017,3,1,13.8,25.7,27.7,24.3,22.0,59.0
Semakau Landfill,S102,2017,3,2,0.0,27.3,29.2,25.6,25.6,49.0
Semakau Landfill,S102,2017,3,3,0.4,26.8,29.1,25.4,26.6,61.6
Semakau Landfill,S102,2017,3,4,0.6,26.6,27.8,25.5,22.0,38.9
Semakau Landfill,S102,2017,3,5,6.4,27.1,30.1,25.2,21.6,54.4
Semakau Landfill,S102,2017,3,6,2.0,27.1,30.1,25.8,22.3,37.1
Semakau Landfill,S102,2017,3,7,0.0,27.3,30.1,26.0,21.2,36.4
Semakau Landfill,S102,2017,3,8,0.0,27.5,29.0,26.2,21.6,41.0
Semakau Landfill,S102,2017,3,9,0.0,27.6,30.8,25.9,23.4,52.6
Semakau Landfill,S102,2017,3,10,0.0,27.7,30.4,26.3,22.7,42.5
Semakau Landfill,S102,2017,3,11,0.0,27.7,28.9,26.4,18.4,37.8
Semakau Landfill,S102,2017,3,12,4.2,27.2,29.2,24.9,17.6,58.7
Semakau Landfill,S102,2017,3,13,0.0,28.2,30.6,26.9,16.9,37.8
Semakau Landfill,S102,2017,3,14,7.2,27.0,29.0,24.6,24.8,48.6
Semakau Landfill,S102,2017,3,15,0.0,,30.2,27.0,18.0,40.0
Semakau Landfill,S102,2017,3,16,0.0,,,,14.4,33.5
Semakau Landfill,S102,2017,3,17,0.0,28.1,30.0,26.7,18.7,42.8
Semakau Landfill,S102,2017,3,18,0.0,28.3,29.6,27.1,13.3,43.2
Semakau Landfill,S102,2017,3,19,0.0,28.8,30.8,27.4,15.1,30.2
Semakau Landfill,S102,2017,3,20,3.6,27.5,29.3,25.5,24.1,70.2
Semakau Landfill,S102,2017,3,21,0.0,28.4,30.2,27.1,27.4,63.0
Semakau Landfill,S102,2017,3,22,2.0,28.1,30.5,25.3,20.9,63.4
Semakau Landfill,S102,2017,3,23,0.0,28.8,30.9,27.4,16.6,33.5
Semakau Landfill,S102,2017,3,24,0.0,28.5,30.0,26.7,24.5,61.9
Semakau Landfill,S102,2017,3,25,0.0,28.7,31.5,27.2,18.4,46.4
Semakau Landfill,S102,2017,3,26,0.0,29.1,30.2,27.7,15.8,37.4
Semakau Landfill,S102,2017,3,27,0.0,29.1,31.6,27.9,17.6,39.6
Semakau Landfill,S102,2017,3,28,25.4,27.9,29.0,23.8,18.0,40.7
Semakau Landfill,S102,2017,3,29,0.0,28.2,30.6,26.8,19.4,40.0
Semakau Landfill,S102,2017,3,30,9.6,27.1,29.8,25.4,20.2,69.5
Semakau Landfill,S102,2017,3,31,0.0,28.3,30.3,26.9,17.3,37.8
Semakau Landfill,S102,2017,4,1,1.0,27.9,30.8,26.2,19.1,42.1
Semakau Landfill,S102,2017,4,2,18.0,27.9,29.1,24.6,28.8,69.1
Semakau Landfill,S102,2017,4,3,0.2,28.1,29.1,25.8,20.9,52.2
Semakau Landfill,S102,2017,4,4,13.6,28.4,30.4,23.5,29.2,78.5
Semakau Landfill,S102,2017,4,5,5.6,28.7,30.3,26.1,33.1,57.6
Semakau Landfill,S102,2017,4,6,0.0,,,,29.2,54.7
Semakau Landfill,S102,2017,4,7,,,,,,
Semakau Landfill,S102,2017,4,8,,,,,,
Semakau Landfill,S102,2017,4,9,,,,,,
Semakau Landfill,S102,2017,4,10,,,,,,
Semakau Landfill,S102,2017,4,11,,,,,,
Semakau Landfill,S102,2017,4,12,,,,,,
Semakau Landfill,S102,2017,4,13,,,,,,
Semakau Landfill,S102,2017,4,14,,,,,,
Semakau Landfill,S102,2017,4,15,,,,,,
Semakau Landfill,S102,2017,4,16,,,,,,
Semakau Landfill,S102,2017,4,17,,,,,,
Semakau Landfill,S102,2017,4,18,,,,,,
Semakau Landfill,S102,2017,4,19,,,,,,
Semakau Landfill,S102,2017,4,20,,,,,,
Semakau Landfill,S102,2017,4,21,60.4,28.0,29.5,24.2,23.8,81.7
Semakau Landfill,S102,2017,4,22,1.8,29.0,30.1,28.1,26.3,61.2
Semakau Landfill,S102,2017,4,23,0.0,29.1,30.8,28.1,22.7,42.5
Semakau Landfill,S102,2017,4,24,0.0,28.7,31.0,27.3,14.8,48.2
Semakau Landfill,S102,2017,4,25,0.0,28.3,30.0,26.7,19.8,62.3
Semakau Landfill,S102,2017,4,26,5.2,27.9,28.8,26.0,25.6,51.1
Semakau Landfill,S102,2017,4,27,26.0,27.9,29.4,24.7,34.6,78.8
Semakau Landfill,S102,2017,4,28,1.2,27.9,29.7,24.9,23.8,67.7
Semakau Landfill,S102,2017,4,29,0.0,28.2,29.2,26.8,18.4,57.2
Semakau Landfill,S102,2017,4,30,0.0,28.9,31.7,27.9,12.6,48.6
Semakau Landfill,S102,2017,5,1,0.0,29.0,30.6,27.2,11.2,36.0
Semakau Landfill,S102,2017,5,2,3.0,28.3,29.5,25.8,15.5,63.7
Semakau Landfill,S102,2017,5,3,0.0,29.3,30.9,28.5,24.1,42.5
Semakau Landfill,S102,2017,5,4,0.0,29.0,30.4,28.0,16.6,45.4
Semakau Landfill,S102,2017,5,5,0.0,28.9,29.9,27.7,20.9,52.2
Semakau Landfill,S102,2017,5,6,4.2,28.7,29.6,26.4,20.5,60.5
Semakau Landfill,S102,2017,5,7,2.4,28.4,29.3,25.5,22.0,58.3
Semakau Landfill,S102,2017,5,8,0.6,28.5,30.6,25.9,23.4,61.6
Semakau Landfill,S102,2017,5,9,0.0,29.3,30.7,26.7,15.5,63.0
Semakau Landfill,S102,2017,5,10,15.0,28.2,29.8,25.8,16.9,59.0
Semakau Landfill,S102,2017,5,11,9.4,28.2,29.6,24.9,23.8,45.4
Semakau Landfill,S102,2017,5,12,0.8,29.0,30.1,27.7,24.1,55.4
Semakau Landfill,S102,2017,5,13,0.0,29.2,30.4,28.5,16.2,49.7
Semakau Landfill,S102,2017,5,14,0.0,29.7,32.0,28.4,12.6,33.1
Semakau Landfill,S102,2017,5,15,1.8,28.8,29.9,27.9,18.4,61.6
Semakau Landfill,S102,2017,5,16,7.0,28.9,30.0,27.6,15.8,52.6
Semakau Landfill,S102,2017,5,17,0.0,29.9,31.5,28.8,13.3,36.4
Semakau Landfill,S102,2017,5,18,0.4,29.4,31.4,27.4,16.2,41.8
Semakau Landfill,S102,2017,5,19,0.0,29.2,30.5,27.4,15.1,51.8
Semakau Landfill,S102,2017,5,20,0.0,29.8,31.5,29.2,14.0,40.7
Semakau Landfill,S102,2017,5,21,,,,,,
Semakau Landfill,S102,2017,5,22,,,,,,
Semakau Landfill,S102,2017,5,23,0.0,29.4,31.3,27.5,15.8,51.1
Semakau Landfill,S102,2017,5,24,22.2,27.3,29.5,25.1,15.8,52.2
Semakau Landfill,S102,2017,5,25,0.0,28.6,30.3,27.5,11.9,36.0
Semakau Landfill,S102,2017,5,26,19.8,27.9,30.6,25.7,18.0,72.0
Semakau Landfill,S102,2017,5,27,0.0,29.1,30.8,28.0,16.2,37.4
Semakau Landfill,S102,2017,5,28,3.0,29.0,29.9,27.8,15.8,46.4
Semakau Landfill,S102,2017,5,29,0.0,29.3,30.3,28.5,14.4,40.3
Semakau Landfill,S102,2017,5,30,5.6,27.3,29.3,24.7,23.0,78.5
Semakau Landfill,S102,2017,5,31,76.6,28.8,30.6,25.4,33.5,71.3
Semakau Landfill,S102,2017,6,1,2.0,28.2,29.6,26.0,22.0,50.0
Semakau Landfill,S102,2017,6,2,0.0,29.2,30.3,28.3,16.9,35.3
Semakau Landfill,S102,2017,6,3,0.0,29.6,31.0,28.6,16.2,39.2
Semakau Landfill,S102,2017,6,4,0.0,29.9,31.1,28.8,14.8,39.2
Semakau Landfill,S102,2017,6,5,0.0,29.8,31.1,28.7,13.7,35.6
Semakau Landfill,S102,2017,6,6,0.0,29.8,31.1,28.8,15.5,38.2
Semakau Landfill,S102,2017,6,7,0.0,29.9,32.2,28.5,15.1,33.5
Semakau Landfill,S102,2017,6,8,0.0,29.8,31.8,28.6,13.0,26.6
Semakau Landfill,S102,2017,6,9,0.0,29.9,31.9,28.6,14.4,35.6
Semakau Landfill,S102,2017,6,10,7.2,29.1,31.4,26.2,18.7,69.8
Semakau Landfill,S102,2017,6,11,0.0,28.4,29.9,26.8,20.5,47.9
Semakau Landfill,S102,2017,6,12,0.0,29.4,30.7,28.2,14.0,39.2
Semakau Landfill,S102,2017,6,13,0.0,29.7,31.4,27.9,12.6,36.4
Semakau Landfill,S102,2017,6,14,25.2,28.1,29.5,25.3,18.7,87.1
Semakau Landfill,S102,2017,6,15,0.0,29.6,31.8,28.4,10.4,32.8
Semakau Landfill,S102,2017,6,16,0.0,29.1,31.4,27.7,10.8,33.8
Semakau Landfill,S102,2017,6,17,3.0,29.6,31.9,27.1,13.3,41.8
Semakau Landfill,S102,2017,6,18,23.2,28.1,29.6,24.1,22.3,71.3
Semakau Landfill,S102,2017,6,19,0.0,28.5,29.7,27.6,19.1,50.0
Semakau Landfill,S102,2017,6,20,0.0,29.3,30.8,28.0,13.7,36.7
Semakau Landfill,S102,2017,6,21,0.0,29.1,30.1,28.1,13.7,33.1
Semakau Landfill,S102,2017,6,22,0.0,29.4,30.4,28.5,10.4,33.8
Semakau Landfill,S102,2017,6,23,0.4,27.8,29.6,25.4,22.7,84.6
Semakau Landfill,S102,2017,6,24,0.0,29.0,30.7,28.1,16.9,34.9
Semakau Landfill,S102,2017,6,25,20.0,28.0,29.0,23.8,11.5,70.2
Semakau Landfill,S102,2017,6,26,0.0,28.6,30.0,26.0,15.5,35.6
Semakau Landfill,S102,2017,6,27,0.8,27.3,28.8,25.8,11.2,52.2
Semakau Landfill,S102,2017,6,28,0.0,28.6,31.0,26.2,11.9,65.5
Semakau Landfill,S102,2017,6,29,0.6,28.0,30.6,26.8,15.5,57.2
Semakau Landfill,S102,2017,6,30,0.0,28.5,29.9,27.4,18.7,32.0
Semakau Landfill,S102,2017,7,1,0.0,29.5,31.2,28.0,13.0,32.4
Semakau Landfill,S102,2017,7,2,0.0,29.4,31.9,28.4,10.8,23.4
Semakau Landfill,S102,2017,7,3,13.8,27.3,29.0,24.2,19.4,52.9
Semakau Landfill,S102,2017,7,4,0.0,28.4,30.0,27.2,18.0,37.4
Semakau Landfill,S102,2017,7,5,0.0,28.0,30.6,26.2,15.8,49.7
Semakau Landfill,S102,2017,7,6,0.0,28.5,30.1,27.4,15.5,31.3
Semakau Landfill,S102,2017,7,7,2.0,28.7,30.2,26.1,15.1,42.8
Semakau Landfill,S102,2017,7,8,0.2,28.4,29.3,27.4,18.4,39.2
Semakau Landfill,S102,2017,7,9,0.4,27.6,28.4,25.7,16.2,47.5
Semakau Landfill,S102,2017,7,10,0.0,28.7,30.2,27.4,13.3,37.1
Semakau Landfill,S102,2017,7,11,0.0,28.1,29.3,26.1,20.2,55.4
Semakau Landfill,S102,2017,7,12,16.0,26.9,28.4,24.4,18.0,85.7
Semakau Landfill,S102,2017,7,13,5.8,27.9,29.0,25.1,14.0,47.5
Semakau Landfill,S102,2017,7,14,68.4,27.1,28.6,24.3,12.6,54.0
Semakau Landfill,S102,2017,7,15,0.4,28.0,29.2,26.0,18.4,43.2
Semakau Landfill,S102,2017,7,16,0.2,28.4,29.7,27.6,25.9,42.8
Semakau Landfill,S102,2017,7,17,0.0,28.8,30.2,27.7,18.7,32.8
Semakau Landfill,S102,2017,7,18,0.0,28.6,29.6,28.0,17.3,36.4
Semakau Landfill,S102,2017,7,19,0.0,28.3,30.0,27.3,14.4,31.0
Semakau Landfill,S102,2017,7,20,0.0,28.6,29.9,27.6,13.0,23.4
Semakau Landfill,S102,2017,7,21,0.0,29.0,30.8,27.7,14.0,32.8
Semakau Landfill,S102,2017,7,22,0.0,29.2,30.7,28.0,15.1,32.0
Semakau Landfill,S102,2017,7,23,0.0,29.1,30.5,27.8,13.7,24.8
Semakau Landfill,S102,2017,7,24,0.0,29.0,30.5,27.9,14.8,28.1
Semakau Landfill,S102,2017,7,25,0.0,29.2,30.8,28.0,16.2,33.1
Semakau Landfill,S102,2017,7,26,2.8,28.7,29.7,25.8,16.9,55.8
Semakau Landfill,S102,2017,7,27,0.0,29.2,30.3,28.3,16.9,36.4
Semakau Landfill,S102,2017,7,28,0.0,29.3,30.6,28.1,13.7,29.5
Semakau Landfill,S102,2017,7,29,0.0,29.1,30.4,28.1,14.8,33.1
Semakau Landfill,S102,2017,7,30,0.0,29.3,30.7,28.4,15.1,32.0
Semakau Landfill,S102,2017,7,31,0.0,29.3,30.6,28.4,15.5,33.5
Semakau Landfill,S102,2017,8,1,0.0,29.2,30.5,28.0,15.1,40.7
Semakau Landfill,S102,2017,8,2,0.0,29.2,30.1,28.4,21.6,45.0
Semakau Landfill,S102,2017,8,3,0.0,29.1,30.2,28.2,19.1,40.3
Semakau Landfill,S102,2017,8,4,0.0,29.2,30.5,27.9,17.3,42.1
Semakau Landfill,S102,2017,8,5,0.0,29.3,30.9,28.0,17.6,43.2
Semakau Landfill,S102,2017,8,6,0.0,29.0,31.2,27.3,16.2,58.0
Semakau Landfill,S102,2017,8,7,1.2,28.9,29.9,28.0,15.8,32.4
Semakau Landfill,S102,2017,8,8,5.8,27.8,29.7,25.8,12.6,34.6
Semakau Landfill,S102,2017,8,9,0.4,27.7,30.0,25.9,20.5,49.3
Semakau Landfill,S102,2017,8,10,0.0,28.8,30.8,27.8,11.9,36.4
Semakau Landfill,S102,2017,8,11,33.0,27.3,28.7,24.2,13.3,57.2
Semakau Landfill,S102,2017,8,12,15.8,26.8,28.2,23.8,14.4,40.3
Semakau Landfill,S102,2017,8,13,0.0,27.4,28.0,26.8,17.6,39.6
Semakau Landfill,S102,2017,8,14,0.0,28.4,29.4,27.4,15.5,39.2
Semakau Landfill,S102,2017,8,15,22.6,27.4,28.6,23.1,13.0,66.2
Semakau Landfill,S102,2017,8,16,0.0,28.3,30.1,27.4,14.0,32.0
Semakau Landfill,S102,2017,8,17,5.8,27.8,31.3,25.1,12.2,41.0
Semakau Landfill,S102,2017,8,18,0.0,28.4,30.3,27.0,11.5,32.8
Semakau Landfill,S102,2017,8,19,0.0,28.6,30.9,26.9,15.5,40.7
Semakau Landfill,S102,2017,8,20,0.0,29.0,31.0,27.7,13.0,24.8
Semakau Landfill,S102,2017,8,21,0.2,28.9,31.1,27.6,11.9,29.5
Semakau Landfill,S102,2017,8,22,0.0,27.6,28.9,26.0,18.4,50.8
Semakau Landfill,S102,2017,8,23,0.0,28.8,30.3,27.9,14.4,49.3
Semakau Landfill,S102,2017,8,24,4.4,28.6,30.7,25.6,15.1,43.6
Semakau Landfill,S102,2017,8,25,0.4,28.2,29.7,26.9,14.0,38.5
Semakau Landfill,S102,2017,8,26,0.0,29.0,30.9,27.6,13.7,30.2
Semakau Landfill,S102,2017,8,27,2.8,27.9,29.3,25.2,14.4,52.6
Semakau Landfill,S102,2017,8,28,0.2,28.4,29.4,27.6,13.0,36.7
Semakau Landfill,S102,2017,8,29,31.8,27.1,28.4,23.3,12.2,51.8
Semakau Landfill,S102,2017,8,30,0.0,28.2,30.0,26.7,10.1,26.6
Semakau Landfill,S102,2017,8,31,0.0,28.8,30.8,27.7,12.6,29.2
Semakau Landfill,S102,2017,9,1,0.0,28.8,31.1,27.6,13.3,27.0
Semakau Landfill,S102,2017,9,2,0.0,29.1,31.1,27.9,12.6,29.9
Semakau Landfill,S102,2017,9,3,0.0,29.2,31.2,27.8,18.4,36.4
Semakau Landfill,S102,2017,9,4,0.0,28.7,29.9,27.8,13.0,40.0
Semakau Landfill,S102,2017,9,5,2.4,28.8,31.1,26.0,14.0,56.9
Semakau Landfill,S102,2017,9,6,5.6,27.5,28.4,25.4,12.6,35.6
Semakau Landfill,S102,2017,9,7,29.8,28.0,29.2,24.9,13.3,43.2
Semakau Landfill,S102,2017,9,8,0.0,27.7,30.1,25.4,11.5,41.0
Semakau Landfill,S102,2017,9,9,31.8,28.1,30.4,23.8,10.1,60.8
Semakau Landfill,S102,2017,9,10,12.0,28.5,30.1,24.6,13.3,61.6
Semakau Landfill,S102,2017,9,11,25.0,27.1,28.9,24.3,14.4,74.5
Semakau Landfill,S102,2017,9,12,0.0,28.9,31.1,27.3,13.3,28.1
Semakau Landfill,S102,2017,9,13,0.0,29.2,31.0,28.1,13.7,33.8
Semakau Landfill,S102,2017,9,14,8.8,28.4,30.0,26.2,14.8,43.6
Semakau Landfill,S102,2017,9,15,3.2,28.0,29.2,25.8,14.8,51.8
Semakau Landfill,S102,2017,9,16,33.2,27.4,28.7,23.8,17.3,54.7
Semakau Landfill,S102,2017,9,17,2.4,28.6,31.1,26.6,17.3,42.5
Semakau Landfill,S102,2017,9,18,15.2,27.4,30.5,24.0,12.2,52.2
Semakau Landfill,S102,2017,9,19,0.0,27.5,29.6,25.7,12.2,40.0
Semakau Landfill,S102,2017,9,20,13.2,27.1,28.6,24.3,20.2,77.8
Semakau Landfill,S102,2017,9,21,2.8,27.2,29.7,24.6,16.6,64.8
Semakau Landfill,S102,2017,9,22,0.2,28.7,29.8,27.6,12.6,29.2
Semakau Landfill,S102,2017,9,23,0.0,28.6,29.9,27.5,18.4,42.5
Semakau Landfill,S102,2017,9,24,1.8,28.1,29.7,25.2,15.1,47.9
Semakau Landfill,S102,2017,9,25,0.0,29.0,30.3,28.2,13.7,31.3
Semakau Landfill,S102,2017,9,26,1.2,28.4,31.2,26.2,10.8,39.2
Semakau Landfill,S102,2017,9,27,0.0,28.1,29.0,26.9,13.3,44.6
Semakau Landfill,S102,2017,9,28,12.2,28.5,29.5,24.3,10.8,43.6
Semakau Landfill,S102,2017,9,29,2.4,27.9,29.0,25.7,16.9,77.4
Semakau Landfill,S102,2017,9,30,1.2,27.9,28.6,25.8,20.9,48.6
Semakau Landfill,S102,2017,10,1,2.6,28.1,28.9,25.7,13.3,50.4
Semakau Landfill,S102,2017,10,2,0.0,28.2,29.6,26.5,13.3,36.4
Semakau Landfill,S102,2017,10,3,0.2,28.2,28.9,26.7,11.9,47.2
Semakau Landfill,S102,2017,10,4,3.6,26.7,28.3,23.6,14.0,46.4
Semakau Landfill,S102,2017,10,5,14.6,27.7,29.5,24.8,14.8,38.2
Semakau Landfill,S102,2017,10,6,0.0,29.0,30.9,27.8,9.4,23.0
Semakau Landfill,S102,2017,10,7,0.2,28.4,29.9,27.3,14.0,38.5
Semakau Landfill,S102,2017,10,8,2.4,28.4,30.0,27.0,16.6,42.1
Semakau Landfill,S102,2017,10,9,0.0,28.5,29.9,26.7,19.8,47.5
Semakau Landfill,S102,2017,10,10,7.0,28.1,29.7,25.5,14.8,40.7
Semakau Landfill,S102,2017,10,11,0.8,28.0,30.0,25.2,15.8,37.8
Semakau Landfill,S102,2017,10,12,11.4,27.4,28.5,24.5,15.5,53.6
Semakau Landfill,S102,2017,10,13,1.2,27.6,28.6,25.0,18.4,36.7
Semakau Landfill,S102,2017,10,14,0.0,29.0,30.6,28.0,16.2,38.2
Semakau Landfill,S102,2017,10,15,0.0,29.6,30.9,28.4,13.0,32.0
Semakau Landfill,S102,2017,10,16,0.4,28.5,29.6,25.8,16.6,72.4
Semakau Landfill,S102,2017,10,17,0.0,29.6,31.5,28.4,12.6,28.1
Semakau Landfill,S102,2017,10,18,0.0,29.9,31.7,28.5,14.0,38.2
Semakau Landfill,S102,2017,10,19,0.0,29.8,31.1,28.3,13.0,32.0
Semakau Landfill,S102,2017,10,20,0.0,29.9,31.2,28.6,14.0,36.0
Semakau Landfill,S102,2017,10,21,0.0,29.7,30.9,28.5,13.7,33.5
Semakau Landfill,S102,2017,10,22,5.2,28.5,29.3,25.1,14.4,49.0
Semakau Landfill,S102,2017,10,23,31.4,28.9,29.8,22.9,16.2,58.3
Semakau Landfill,S102,2017,10,24,0.2,28.8,31.0,26.6,11.5,59.8
Semakau Landfill,S102,2017,10,25,0.0,28.9,31.1,27.7,14.0,35.3
Semakau Landfill,S102,2017,10,26,0.2,28.6,29.7,26.9,13.7,30.6
Semakau Landfill,S102,2017,10,27,0.0,28.5,29.4,27.4,15.5,35.3
Semakau Landfill,S102,2017,10,28,0.0,29.1,30.6,27.7,17.3,40.0
Semakau Landfill,S102,2017,10,29,0.0,28.3,29.4,27.3,15.1,30.2
Semakau Landfill,S102,2017,10,30,59.6,27.1,28.4,24.7,13.0,48.2
Semakau Landfill,S102,2017,10,31,15.4,27.3,28.3,24.3,13.3,51.8
Semakau Landfill,S102,2017,11,1,0.0,28.2,29.6,27.2,13.3,35.6
Semakau Landfill,S102,2017,11,2,6.0,28.2,29.3,25.2,14.0,49.0
Semakau Landfill,S102,2017,11,3,18.6,27.7,29.9,24.9,15.5,68.0
Semakau Landfill,S102,2017,11,4,2.6,27.9,29.9,25.8,12.6,55.1
Semakau Landfill,S102,2017,11,5,2.2,28.4,30.4,25.7,13.0,40.7
Semakau Landfill,S102,2017,11,6,19.8,27.7,30.1,24.1,10.8,40.0
Semakau Landfill,S102,2017,11,7,1.2,27.9,28.6,26.9,10.8,32.0
Semakau Landfill,S102,2017,11,8,22.4,27.4,28.8,24.7,22.0,54.0
Semakau Landfill,S102,2017,11,9,1.8,27.7,29.5,25.7,19.1,44.3
Semakau Landfill,S102,2017,11,10,0.4,,29.3,25.7,13.7,45.7
Semakau Landfill,S102,2017,11,11,1.0,27.3,28.6,26.3,15.5,55.1
Semakau Landfill,S102,2017,11,12,0.6,28.4,29.2,27.4,18.0,36.4
Semakau Landfill,S102,2017,11,13,3.0,28.0,30.0,25.4,16.6,64.8
Semakau Landfill,S102,2017,11,14,12.4,26.8,28.9,24.9,18.4,73.4
Semakau Landfill,S102,2017,11,15,0.0,28.1,30.9,26.9,13.3,29.5
Semakau Landfill,S102,2017,11,16,0.0,28.9,31.2,27.5,14.0,34.2
Semakau Landfill,S102,2017,11,17,11.6,27.4,28.8,24.1,19.1,71.3
Semakau Landfill,S102,2017,11,18,0.8,28.2,30.6,26.4,13.3,36.4
Semakau Landfill,S102,2017,11,19,31.0,28.2,29.4,24.4,18.7,64.1
Semakau Landfill,S102,2017,11,20,0.8,28.1,29.2,25.8,16.9,60.1
Semakau Landfill,S102,2017,11,21,64.4,26.9,28.1,23.0,12.6,70.9
Semakau Landfill,S102,2017,11,22,20.8,27.8,30.2,22.9,13.0,76.0
Semakau Landfill,S102,2017,11,23,,,,,,
Semakau Landfill,S102,2017,11,24,0.8,,,,14.8,56.5
Semakau Landfill,S102,2017,11,25,11.4,,,,13.3,31.3
Semakau Landfill,S102,2017,11,26,1.6,,,,15.8,43.6
Semakau Landfill,S102,2017,11,27,1.2,,,,15.1,32.8
Semakau Landfill,S102,2017,11,28,0.0,,,,19.4,45.7
Semakau Landfill,S102,2017,11,29,13.8,,,,25.9,55.4
Semakau Landfill,S102,2017,11,30,2.8,,,,24.8,63.4
Semakau Landfill,S102,2017,12,1,0.0,,,,18.4,37.1
Semakau Landfill,S102,2017,12,2,0.0,,,,15.1,34.2
Semakau Landfill,S102,2017,12,3,0.0,,,,16.2,33.5
Semakau Landfill,S102,2017,12,4,0.0,,,,10.8,24.5
Semakau Landfill,S102,2017,12,5,0.0,,,,12.6,32.0
Semakau Landfill,S102,2017,12,6,0.0,,,,14.4,46.4
Semakau Landfill,S102,2017,12,7,2.2,,,,14.0,31.7
Semakau Landfill,S102,2017,12,8,0.2,,,,20.5,46.1
Semakau Landfill,S102,2017,12,9,0.0,,,,19.8,47.2
Semakau Landfill,S102,2017,12,10,0.0,,,,16.6,41.8
Semakau Landfill,S102,2017,12,11,9.8,,,,16.9,41.4
Semakau Landfill,S102,2017,12,12,3.4,,,,14.4,41.4
Semakau Landfill,S102,2017,12,13,,,,,15.8,36.0
Semakau Landfill,S102,2017,12,14,,,,,,
Semakau Landfill,S102,2017,12,15,,,,,,
Semakau Landfill,S102,2017,12,16,,,,,,
Semakau Landfill,S102,2017,12,17,,,,,,
Semakau Landfill,S102,2017,12,18,,,,,,
Semakau Landfill,S102,2017,12,19,,,,,,
Semakau Landfill,S102,2017,12,20,,,,,,
Semakau Landfill,S102,2017,12,21,,,,,,
Semakau Landfill,S102,2017,12,22,,,,,,
Semakau Landfill,S102,2017,12,23,,,,,,
Semakau Landfill,S102,2017,12,24,,,,,,
Semakau Landfill,S102,2017,12,25,,,,,,
Semakau Landfill,S102,2017,12,26,,,,,,
Semakau Landfill,S102,2017,12,27,,,,,,
Semakau Landfill,S102,2017,12,28,,,,,,
Semakau Landfill,S102,2017,12,29,,,,,,
Semakau Landfill,S102,2017,12,30,,,,,,
Semakau Landfill,S102,2017,12,31,,,,,,
Semakau Landfill,S102,2018,1,1,,,,,,
Semakau Landfill,S102,2018,1,2,,,,,,
Semakau Landfill,S102,2018,1,3,,,,,,
Semakau Landfill,S102,2018,1,4,,,,,,
Semakau Landfill,S102,2018,1,5,,,,,,
Semakau Landfill,S102,2018,1,6,,,,,,
Semakau Landfill,S102,2018,1,7,,,,,,
Semakau Landfill,S102,2018,1,8,,,,,,
Semakau Landfill,S102,2018,1,9,,,,,,
Semakau Landfill,S102,2018,1,10,,,,,,
Semakau Landfill,S102,2018,1,11,,,,,,
Semakau Landfill,S102,2018,1,12,,,,,,
Semakau Landfill,S102,2018,1,13,,,,,,
Semakau Landfill,S102,2018,1,14,,,,,,
Semakau Landfill,S102,2018,1,15,,,,,,
Semakau Landfill,S102,2018,1,16,,,,,17.3,34.6
Semakau Landfill,S102,2018,1,17,25.8,,,,14.0,36.7
Semakau Landfill,S102,2018,1,18,4.6,,,,15.5,37.8
Semakau Landfill,S102,2018,1,19,6.0,,,,11.2,27.7
Semakau Landfill,S102,2018,1,20,0.2,,,,11.5,24.8
Semakau Landfill,S102,2018,1,21,0.0,,,,16.2,36.4
Semakau Landfill,S102,2018,1,22,0.0,,,,16.6,40.0
Semakau Landfill,S102,2018,1,23,1.4,,,,14.8,40.0
Semakau Landfill,S102,2018,1,24,81.8,,,,15.5,52.2
Semakau Landfill,S102,2018,1,25,0.8,,,,16.6,36.4
Semakau Landfill,S102,2018,1,26,0.2,,,,15.8,34.6
Semakau Landfill,S102,2018,1,27,0.0,,,,16.9,51.8
Semakau Landfill,S102,2018,1,28,0.0,,,,16.6,33.8
Semakau Landfill,S102,2018,1,29,0.2,,,,21.2,55.1
Semakau Landfill,S102,2018,1,30,0.0,,,,18.7,40.7
Semakau Landfill,S102,2018,1,31,0.2,,,,18.4,37.8
Semakau Landfill,S102,2018,2,1,8.6,,,,23.8,72.0
Semakau Landfill,S102,2018,2,2,5.2,,,,23.0,51.8
Semakau Landfill,S102,2018,2,3,0.0,,,,27.0,56.2
Semakau Landfill,S102,2018,2,4,1.2,,,,28.1,56.5
Semakau Landfill,S102,2018,2,5,0.0,,,,29.2,58.7
Semakau Landfill,S102,2018,2,6,0.0,,,,27.7,50.8
Semakau Landfill,S102,2018,2,7,0.0,,,,26.3,44.6
Semakau Landfill,S102,2018,2,8,0.0,,,,27.4,44.6
Semakau Landfill,S102,2018,2,9,0.0,,,,26.3,50.8
Semakau Landfill,S102,2018,2,10,0.0,,,,25.6,42.5
Semakau Landfill,S102,2018,2,11,0.0,,,,26.3,45.7
Semakau Landfill,S102,2018,2,12,0.0,,,,29.2,50.8
Semakau Landfill,S102,2018,2,13,0.0,,,,20.9,39.2
Semakau Landfill,S102,2018,2,14,40.0,,,,20.2,40.0
Semakau Landfill,S102,2018,2,15,0.0,,,,15.1,27.7
Semakau Landfill,S102,2018,2,16,0.0,,,,14.0,28.8
Semakau Landfill,S102,2018,2,17,0.0,,,,17.3,46.4
Semakau Landfill,S102,2018,2,18,0.0,,,,17.6,34.2
Semakau Landfill,S102,2018,2,19,0.0,,,,23.4,47.5
Semakau Landfill,S102,2018,2,20,0.0,,,,20.9,52.2
Semakau Landfill,S102,2018,2,21,0.0,,,,21.2,51.1
Semakau Landfill,S102,2018,2,22,0.0,,,,20.9,45.4
Semakau Landfill,S102,2018,2,23,24.8,,,,15.8,54.4
Semakau Landfill,S102,2018,2,24,0.0,,,,16.6,35.6
Semakau Landfill,S102,2018,2,25,0.0,,,,19.8,43.2
Semakau Landfill,S102,2018,2,26,0.0,,,,22.3,42.1
Semakau Landfill,S102,2018,2,27,0.2,,,,19.4,32.4
Semakau Landfill,S102,2018,2,28,0.0,,,,16.2,33.5
Semakau Landfill,S102,2018,3,1,0.0,,,,15.1,32.4
Semakau Landfill,S102,2018,3,2,0.0,,,,13.3,31.3
Semakau Landfill,S102,2018,3,3,1.4,,,,17.6,38.9
Semakau Landfill,S102,2018,3,4,0.0,,,,11.9,28.8
Semakau Landfill,S102,2018,3,5,0.0,,,,18.0,46.1
Semakau Landfill,S102,2018,3,6,0.0,,,,13.0,34.6
Semakau Landfill,S102,2018,3,7,0.0,,,,17.6,56.5
Semakau Landfill,S102,2018,3,8,0.2,,,,15.8,36.0
Semakau Landfill,S102,2018,3,9,0.0,,,,24.5,49.3
Semakau Landfill,S102,2018,3,10,8.8,,,,25.9,70.2
Semakau Landfill,S102,2018,3,11,0.0,,,,22.7,42.1
Semakau Landfill,S102,2018,3,12,0.0,,,,19.1,38.9
Semakau Landfill,S102,2018,3,13,0.0,,,,18.7,41.8
Semakau Landfill,S102,2018,3,14,0.0,,,,17.3,36.0
Semakau Landfill,S102,2018,3,15,0.0,,,,15.1,26.6
Semakau Landfill,S102,2018,3,16,1.0,,,,16.9,55.4
Semakau Landfill,S102,2018,3,17,0.0,,,,19.4,45.4
Semakau Landfill,S102,2018,3,18,0.0,,,,22.7,46.1
Semakau Landfill,S102,2018,3,19,0.2,,,,19.1,41.8
Semakau Landfill,S102,2018,3,20,0.2,,,,17.3,42.1
Semakau Landfill,S102,2018,3,21,0.0,,,,13.7,41.0
Semakau Landfill,S102,2018,3,22,0.0,,,,25.9,53.6
Semakau Landfill,S102,2018,3,23,0.0,,,,24.1,41.8
Semakau Landfill,S102,2018,3,24,0.0,,,,18.4,45.0
Semakau Landfill,S102,2018,3,25,6.2,,,,12.2,32.8
Semakau Landfill,S102,2018,3,26,46.8,,,,14.0,72.0
Semakau Landfill,S102,2018,3,27,7.0,,,,21.6,57.2
Semakau Landfill,S102,2018,3,28,0.0,,,,11.5,31.3
Semakau Landfill,S102,2018,3,29,0.0,,,,12.6,34.9
Semakau Landfill,S102,2018,3,30,0.4,,,,11.2,45.0
Semakau Landfill,S102,2018,3,31,0.0,,,,16.6,47.2
Semakau Landfill,S102,2018,4,1,0.4,,,,14.8,37.4
Semakau Landfill,S102,2018,4,2,0.8,,,,15.5,36.7
Semakau Landfill,S102,2018,4,3,0.0,,,,20.2,36.4
Semakau Landfill,S102,2018,4,4,0.0,,,,21.6,42.5
Semakau Landfill,S102,2018,4,5,0.0,,,,18.4,41.4
Semakau Landfill,S102,2018,4,6,0.0,,,,15.5,27.7
Semakau Landfill,S102,2018,4,7,0.0,,,,17.3,36.4
Semakau Landfill,S102,2018,4,8,0.6,,,,21.2,43.2
Semakau Landfill,S102,2018,4,9,0.0,,,,24.1,41.0
Semakau Landfill,S102,2018,4,10,0.2,,,,14.4,34.9
Semakau Landfill,S102,2018,4,11,0.0,,,,16.6,29.5
Semakau Landfill,S102,2018,4,12,0.0,,,,13.3,33.5
Semakau Landfill,S102,2018,4,13,0.0,,,,16.9,40.7
Semakau Landfill,S102,2018,4,14,0.6,,,,12.2,32.0
Semakau Landfill,S102,2018,4,15,5.0,,,,12.6,33.5
Semakau Landfill,S102,2018,4,16,0.6,,,,13.3,41.8
Semakau Landfill,S102,2018,4,17,0.0,,,,11.5,37.1
Semakau Landfill,S102,2018,4,18,1.2,,,,16.2,37.8
Semakau Landfill,S102,2018,4,19,0.0,,,,13.3,33.5
Semakau Landfill,S102,2018,4,20,1.2,,,,13.7,37.8
Semakau Landfill,S102,2018,4,21,13.2,,,,11.2,40.7
Semakau Landfill,S102,2018,4,22,0.0,,,,11.9,29.2
Semakau Landfill,S102,2018,4,23,0.0,,,,11.2,28.8
Semakau Landfill,S102,2018,4,24,0.2,,,,13.7,25.2
Semakau Landfill,S102,2018,4,25,0.0,,,,16.6,34.6
Semakau Landfill,S102,2018,4,26,0.0,,,,13.0,31.0
Semakau Landfill,S102,2018,4,27,5.0,,,,14.0,52.6
Semakau Landfill,S102,2018,4,28,0.0,,,,13.0,38.9
Semakau Landfill,S102,2018,4,29,0.0,,,,12.6,34.9
Semakau Landfill,S102,2018,4,30,23.6,,,,13.7,61.2
Semakau Landfill,S102,2018,5,1,7.0,,,,12.6,23.0
Semakau Landfill,S102,2018,5,2,0.0,,,,10.8,23.4
Semakau Landfill,S102,2018,5,3,0.0,,,,11.5,40.7
Semakau Landfill,S102,2018,5,4,0.0,,,,13.7,29.5
Semakau Landfill,S102,2018,5,5,0.2,,,,12.6,37.1
Semakau Landfill,S102,2018,5,6,5.0,,,,12.2,60.1
Semakau Landfill,S102,2018,5,7,0.0,,,,13.0,27.4
Semakau Landfill,S102,2018,5,8,0.0,,,,14.4,30.6
Semakau Landfill,S102,2018,5,9,0.0,,,,13.7,29.2
Semakau Landfill,S102,2018,5,10,13.4,,,,14.0,61.9
Semakau Landfill,S102,2018,5,11,0.0,,,,11.9,25.2
Semakau Landfill,S102,2018,5,12,0.0,,,,13.7,36.4
Semakau Landfill,S102,2018,5,13,4.4,,,,14.4,36.4
Semakau Landfill,S102,2018,5,14,0.0,,,,10.8,28.1
Semakau Landfill,S102,2018,5,15,0.0,,,,8.6,35.3
Semakau Landfill,S102,2018,5,16,3.8,,,,12.2,24.5
Semakau Landfill,S102,2018,5,17,0.0,,,,10.4,25.2
Semakau Landfill,S102,2018,5,18,0.0,,,,11.2,39.6
Semakau Landfill,S102,2018,5,19,0.2,,,,8.3,17.3
Semakau Landfill,S102,2018,5,20,2.6,,,,11.9,26.6
Semakau Landfill,S102,2018,5,21,0.0,,,,8.3,10.1
Semakau Landfill,S102,2018,5,22,0.4,,,,,
Semakau Landfill,S102,2018,5,23,55.0,,,,66.6,81.0
Semakau Landfill,S102,2018,5,24,0.2,,,,,
Semakau Landfill,S102,2018,5,25,0.0,,,,,
Semakau Landfill,S102,2018,5,26,0.2,,,,17.3,38.5
Semakau Landfill,S102,2018,5,27,19.8,,,,16.9,50.0
Semakau Landfill,S102,2018,5,28,11.8,,,,18.4,51.1
Semakau Landfill,S102,2018,5,29,30.8,,,,13.0,70.6
Semakau Landfill,S102,2018,5,30,20.8,,,,13.7,61.2
Semakau Landfill,S102,2018,5,31,4.2,,,,10.8,52.2
Semakau Landfill,S102,2018,6,1,2.6,,,,13.7,38.9
Semakau Landfill,S102,2018,6,2,30.8,,,,18.4,73.1
Semakau Landfill,S102,2018,6,3,0.0,,,,,
Semakau Landfill,S102,2018,6,4,17.0,,,,13.0,24.5
Semakau Landfill,S102,2018,6,5,0.0,,,,,
Semakau Landfill,S102,2018,6,6,0.0,,,,,
Semakau Landfill,S102,2018,6,7,0.0,,,,,
Semakau Landfill,S102,2018,6,8,0.2,,,,,
Semakau Landfill,S102,2018,6,9,0.0,,,,,
Semakau Landfill,S102,2018,6,10,0.0,,,,,
Semakau Landfill,S102,2018,6,11,0.0,,,,,
Semakau Landfill,S102,2018,6,12,0.4,,,,,
Semakau Landfill,S102,2018,6,13,0.0,,,,,
Semakau Landfill,S102,2018,6,14,0.0,,,,15.1,20.5
Semakau Landfill,S102,2018,6,15,26.8,,,,16.6,41.4
Semakau Landfill,S102,2018,6,16,0.0,,,,,
Semakau Landfill,S102,2018,6,17,0.0,,,,,
Semakau Landfill,S102,2018,6,18,0.4,,,,,
Semakau Landfill,S102,2018,6,19,0.0,,,,,
Semakau Landfill,S102,2018,6,20,1.8,,,,12.2,40.0
Semakau Landfill,S102,2018,6,21,4.0,,,,13.3,66.2
Semakau Landfill,S102,2018,6,22,0.0,,,,18.7,34.2
Semakau Landfill,S102,2018,6,23,0.4,,,,23.0,58.3
Semakau Landfill,S102,2018,6,24,7.4,,,,22.0,59.8
Semakau Landfill,S102,2018,6,25,3.6,,,,24.5,53.3
Semakau Landfill,S102,2018,6,26,0.6,,,,,
Semakau Landfill,S102,2018,6,27,45.6,,,,30.6,81.7
Semakau Landfill,S102,2018,6,28,0.0,,,,,
Semakau Landfill,S102,2018,6,29,6.2,,,,,
Semakau Landfill,S102,2018,6,30,0.0,,,,,
Semakau Landfill,S102,2018,7,1,3.8,,,,,
Semakau Landfill,S102,2018,7,2,0.8,,,,,
Semakau Landfill,S102,2018,7,3,2.6,,,,,
Semakau Landfill,S102,2018,7,4,0.0,,,,,
Semakau Landfill,S102,2018,7,5,0.0,,,,,
Semakau Landfill,S102,2018,7,6,0.0,,,,,
Semakau Landfill,S102,2018,7,7,0.0,,,,,
Semakau Landfill,S102,2018,7,8,0.0,,,,,
Semakau Landfill,S102,2018,7,9,2.6,,,,,
Semakau Landfill,S102,2018,7,10,28.8,,,,,
Semakau Landfill,S102,2018,7,11,0.0,,,,,
Semakau Landfill,S102,2018,7,12,0.0,,,,,
Semakau Landfill,S102,2018,7,13,0.0,,,,,
Semakau Landfill,S102,2018,7,14,0.0,,,,,
Semakau Landfill,S102,2018,7,15,19.6,,,,,
Semakau Landfill,S102,2018,7,16,0.0,,,,,
Semakau Landfill,S102,2018,7,17,0.0,,,,,
Semakau Landfill,S102,2018,7,18,0.0,,,,,
Semakau Landfill,S102,2018,7,19,3.4,,,,,
Semakau Landfill,S102,2018,7,20,3.4,,,,,
Semakau Landfill,S102,2018,7,21,2.4,,,,,
Semakau Landfill,S102,2018,7,22,0.6,,,,,
Semakau Landfill,S102,2018,7,23,0.0,,,,,
Semakau Landfill,S102,2018,7,24,0.0,,,,,
Semakau Landfill,S102,2018,7,25,0.8,,,,,
Semakau Landfill,S102,2018,7,26,0.0,,,,,
Semakau Landfill,S102,2018,7,27,0.0,,,,,
Semakau Landfill,S102,2018,7,28,0.0,,,,,
Semakau Landfill,S102,2018,7,29,3.6,,,,,
Semakau Landfill,S102,2018,7,30,1.8,,,,,
Semakau Landfill,S102,2018,7,31,0.0,,,,,
Semakau Landfill,S102,2018,8,1,0.2,,,,,
Semakau Landfill,S102,2018,8,2,0.0,,,,,
Semakau Landfill,S102,2018,8,3,0.0,,,,,
Semakau Landfill,S102,2018,8,4,0.0,,,,,
Semakau Landfill,S102,2018,8,5,0.0,,,,,
Semakau Landfill,S102,2018,8,6,0.4,,,,,
Semakau Landfill,S102,2018,8,7,8.6,,,,,
Semakau Landfill,S102,2018,8,8,0.4,,,,,
Semakau Landfill,S102,2018,8,9,0.0,,,,,
Semakau Landfill,S102,2018,8,10,0.0,,,,,
Semakau Landfill,S102,2018,8,11,0.0,,,,,
Semakau Landfill,S102,2018,8,12,0.0,,,,,
Semakau Landfill,S102,2018,8,13,0.0,,,,,
Semakau Landfill,S102,2018,8,14,0.6,,,,,
Semakau Landfill,S102,2018,8,15,0.0,,,,,
Semakau Landfill,S102,2018,8,16,0.0,,,,,
Semakau Landfill,S102,2018,8,17,0.6,,,,,
Semakau Landfill,S102,2018,8,18,0.4,,,,,
Semakau Landfill,S102,2018,8,19,0.0,,,,,
Semakau Landfill,S102,2018,8,20,0.0,,,,,
Semakau Landfill,S102,2018,8,21,0.0,,,,,
Semakau Landfill,S102,2018,8,22,4.2,,,,,
Semakau Landfill,S102,2018,8,23,0.0,,,,,
Semakau Landfill,S102,2018,8,24,28.8,,,,,
Semakau Landfill,S102,2018,8,25,0.0,,,,,
Semakau Landfill,S102,2018,8,26,0.0,,,,,
Semakau Landfill,S102,2018,8,27,0.0,,,,,
Semakau Landfill,S102,2018,8,28,0.0,,,,,
Semakau Landfill,S102,2018,8,29,0.0,,,,,
Semakau Landfill,S102,2018,8,30,0.0,,,,,
Semakau Landfill,S102,2018,8,31,2.2,,,,,
Semakau Landfill,S102,2018,9,1,0.0,,,,,
Semakau Landfill,S102,2018,9,2,41.2,,,,,
Semakau Landfill,S102,2018,9,3,1.4,,,,,
Semakau Landfill,S102,2018,9,4,2.8,,,,,
Semakau Landfill,S102,2018,9,5,0.0,,,,,
Semakau Landfill,S102,2018,9,6,0.0,,,,,
Semakau Landfill,S102,2018,9,7,14.6,,,,,
Semakau Landfill,S102,2018,9,8,26.0,,,,,
Semakau Landfill,S102,2018,9,9,7.0,,,,,
Semakau Landfill,S102,2018,9,10,6.4,,,,,
Semakau Landfill,S102,2018,9,11,,,,,,
Semakau Landfill,S102,2018,9,12,,,,,,
Semakau Landfill,S102,2018,9,13,,,,,,
Semakau Landfill,S102,2018,9,14,,,,,,
Semakau Landfill,S102,2018,9,15,,,,,,
Semakau Landfill,S102,2018,9,16,,,,,,
Semakau Landfill,S102,2018,9,17,,,,,,
Semakau Landfill,S102,2018,9,18,,,,,,
Semakau Landfill,S102,2018,9,19,,,,,,
Semakau Landfill,S102,2018,9,20,,,,,,
Semakau Landfill,S102,2018,9,21,,,,,,
Semakau Landfill,S102,2018,9,22,,,,,,
Semakau Landfill,S102,2018,9,23,,,,,,
Semakau Landfill,S102,2018,9,24,,,,,,
Semakau Landfill,S102,2018,9,25,,,,,,
Semakau Landfill,S102,2018,9,26,,,,,,
Semakau Landfill,S102,2018,9,27,,,,,,
Semakau Landfill,S102,2018,9,28,,,,,,
Semakau Landfill,S102,2018,9,29,,,,,,
Semakau Landfill,S102,2018,9,30,,,,,,
Semakau Landfill,S102,2018,10,1,,,,,,
Semakau Landfill,S102,2018,10,2,,,,,,
Semakau Landfill,S102,2018,10,3,,,,,,
Semakau Landfill,S102,2018,10,4,,,,,,
Semakau Landfill,S102,2018,10,5,,,,,,
Semakau Landfill,S102,2018,10,6,,,,,,
Semakau Landfill,S102,2018,10,7,,,,,,
Semakau Landfill,S102,2018,10,8,,,,,,
Semakau Landfill,S102,2018,10,9,,,,,,
Semakau Landfill,S102,2018,10,10,,,,,,
Semakau Landfill,S102,2018,10,11,,,,,,
Semakau Landfill,S102,2018,10,12,,,,,,
Semakau Landfill,S102,2018,10,13,,,,,,
Semakau Landfill,S102,2018,10,14,,,,,,
Semakau Landfill,S102,2018,10,15,,,,,,
Semakau Landfill,S102,2018,10,16,,,,,,
Semakau Landfill,S102,2018,10,17,,,,,,
Semakau Landfill,S102,2018,10,18,,,,,,
Semakau Landfill,S102,2018,10,19,,,,,,
Semakau Landfill,S102,2018,10,20,,,,,,
Semakau Landfill,S102,2018,10,21,,,,,,
Semakau Landfill,S102,2018,10,22,,,,,,
Semakau Landfill,S102,2018,10,23,,,,,,
Semakau Landfill,S102,2018,10,24,,,,,,
Semakau Landfill,S102,2018,10,25,,,,,,
Semakau Landfill,S102,2018,10,26,,,,,,
Semakau Landfill,S102,2018,10,27,,,,,,
Semakau Landfill,S102,2018,10,28,,,,,,
Semakau Landfill,S102,2018,10,29,,,,,,
Semakau Landfill,S102,2018,10,30,,,,,,
Semakau Landfill,S102,2018,10,31,,,,,,
Semakau Landfill,S102,2018,11,1,,,,,,
Semakau Landfill,S102,2018,11,2,,,,,,
Semakau Landfill,S102,2018,11,3,,,,,,
Semakau Landfill,S102,2018,11,4,,,,,,
Semakau Landfill,S102,2018,11,5,,,,,,
Semakau Landfill,S102,2018,11,6,,,,,,
Semakau Landfill,S102,2018,11,7,,,,,,
Semakau Landfill,S102,2018,11,8,,,,,,
Semakau Landfill,S102,2018,11,9,,,,,,
Semakau Landfill,S102,2018,11,10,,,,,,
Semakau Landfill,S102,2018,11,11,,,,,,
Semakau Landfill,S102,2018,11,12,,,,,,
Semakau Landfill,S102,2018,11,13,,,,,,
Semakau Landfill,S102,2018,11,14,,,,,,
Semakau Landfill,S102,2018,11,15,,,,,,
Semakau Landfill,S102,2018,11,16,,,,,,
Semakau Landfill,S102,2018,11,17,,,,,,
Semakau Landfill,S102,2018,11,18,,,,,,
Semakau Landfill,S102,2018,11,19,,,,,,
Semakau Landfill,S102,2018,11,20,,,,,,
Semakau Landfill,S102,2018,11,21,,,,,,
Semakau Landfill,S102,2018,11,22,,,,,,
Semakau Landfill,S102,2018,11,23,,,,,,
Semakau Landfill,S102,2018,11,24,,,,,,
Semakau Landfill,S102,2018,11,25,,,,,,
Semakau Landfill,S102,2018,11,26,,,,,,
Semakau Landfill,S102,2018,11,27,,,,,,
Semakau Landfill,S102,2018,11,28,,,,,,
Semakau Landfill,S102,2018,11,29,,,,,,
Semakau Landfill,S102,2018,11,30,,,,,,
Semakau Landfill,S102,2018,12,1,,,,,,
Semakau Landfill,S102,2018,12,2,,,,,,
Semakau Landfill,S102,2018,12,3,,,,,,
Semakau Landfill,S102,2018,12,4,,,,,,
Semakau Landfill,S102,2018,12,5,,,,,,
Semakau Landfill,S102,2018,12,6,,,,,,
Semakau Landfill,S102,2018,12,7,,,,,,
Semakau Landfill,S102,2018,12,8,,,,,,
Semakau Landfill,S102,2018,12,9,,,,,,
Semakau Landfill,S102,2018,12,10,,,,,,
Semakau Landfill,S102,2018,12,11,,,,,,
Semakau Landfill,S102,2018,12,12,,,,,,
Semakau Landfill,S102,2018,12,13,,,,,,
Semakau Landfill,S102,2018,12,14,,,,,,
Semakau Landfill,S102,2018,12,15,,,,,,
Semakau Landfill,S102,2018,12,16,,,,,,
Semakau Landfill,S102,2018,12,17,,,,,,
Semakau Landfill,S102,2018,12,18,,,,,,
Semakau Landfill,S102,2018,12,19,,,,,,
Semakau Landfill,S102,2018,12,20,,,,,,
Semakau Landfill,S102,2018,12,21,,,,,,
Semakau Landfill,S102,2018,12,22,,,,,,
Semakau Landfill,S102,2018,12,23,,,,,,
Semakau Landfill,S102,2018,12,24,,,,,,
Semakau Landfill,S102,2018,12,25,,,,,,
Semakau Landfill,S102,2018,12,26,,,,,,
Semakau Landfill,S102,2018,12,27,,,,,,
Semakau Landfill,S102,2018,12,28,,,,,,
Semakau Landfill,S102,2018,12,29,,,,,,
Semakau Landfill,S102,2018,12,30,,,,,,
Semakau Landfill,S102,2018,12,31,,,,,,
Semakau Landfill,S102,2019,1,1,,,,,,
Semakau Landfill,S102,2019,1,2,,,,,,
Semakau Landfill,S102,2019,1,3,,,,,,
Semakau Landfill,S102,2019,1,4,,,,,,
Semakau Landfill,S102,2019,1,5,,,,,,
Semakau Landfill,S102,2019,1,6,,,,,,
Semakau Landfill,S102,2019,1,7,,,,,,
Semakau Landfill,S102,2019,1,8,,,,,,
Semakau Landfill,S102,2019,1,9,,,,,,
Semakau Landfill,S102,2019,1,10,,,,,,
Semakau Landfill,S102,2019,1,11,,,,,,
Semakau Landfill,S102,2019,1,12,,,,,,
Semakau Landfill,S102,2019,1,13,,,,,,
Semakau Landfill,S102,2019,1,14,,,,,,
Semakau Landfill,S102,2019,1,15,,,,,,
Semakau Landfill,S102,2019,1,16,,,,,,
Semakau Landfill,S102,2019,1,17,,,,,,
Semakau Landfill,S102,2019,1,18,,,,,,
Semakau Landfill,S102,2019,1,19,,,,,,
Semakau Landfill,S102,2019,1,20,,,,,,
Semakau Landfill,S102,2019,1,21,,,,,,
Semakau Landfill,S102,2019,1,22,,,,,,
Semakau Landfill,S102,2019,1,23,,,,,,
Semakau Landfill,S102,2019,1,24,,,,,,
Semakau Landfill,S102,2019,1,25,,,,,,
Semakau Landfill,S102,2019,1,26,,,,,,
Semakau Landfill,S102,2019,1,27,,,,,,
Semakau Landfill,S102,2019,1,28,,,,,,
Semakau Landfill,S102,2019,1,29,,,,,,
Semakau Landfill,S102,2019,1,30,,,,,,
Semakau Landfill,S102,2019,1,31,,,,,,
Semakau Landfill,S102,2019,2,1,,,,,,
Semakau Landfill,S102,2019,2,2,,,,,,
Semakau Landfill,S102,2019,2,3,,,,,,
Semakau Landfill,S102,2019,2,4,,,,,,
Semakau Landfill,S102,2019,2,5,,,,,,
Semakau Landfill,S102,2019,2,6,,,,,,
Semakau Landfill,S102,2019,2,7,,,,,,
Semakau Landfill,S102,2019,2,8,,,,,,
Semakau Landfill,S102,2019,2,9,,,,,,
Semakau Landfill,S102,2019,2,10,,,,,,
Semakau Landfill,S102,2019,2,11,,,,,,
Semakau Landfill,S102,2019,2,12,,,,,,
Semakau Landfill,S102,2019,2,13,,,,,,
Semakau Landfill,S102,2019,2,14,,,,,,
Semakau Landfill,S102,2019,2,15,,,,,,
Semakau Landfill,S102,2019,2,16,,,,,,
Semakau Landfill,S102,2019,2,17,,,,,,
Semakau Landfill,S102,2019,2,18,,,,,,
Semakau Landfill,S102,2019,2,19,,,,,,
Semakau Landfill,S102,2019,2,20,,,,,,
Semakau Landfill,S102,2019,2,21,,,,,,
Semakau Landfill,S102,2019,2,22,,,,,,
Semakau Landfill,S102,2019,2,23,,,,,,
Semakau Landfill,S102,2019,2,24,,,,,,
Semakau Landfill,S102,2019,2,25,,,,,,
Semakau Landfill,S102,2019,2,26,,,,,,
Semakau Landfill,S102,2019,2,27,,,,,,
Semakau Landfill,S102,2019,2,28,,,,,,
Semakau Landfill,S102,2019,3,1,,,,,,
Semakau Landfill,S102,2019,3,2,,,,,,
Semakau Landfill,S102,2019,3,3,,,,,,
Semakau Landfill,S102,2019,3,4,,,,,,
Semakau Landfill,S102,2019,3,5,,,,,,
Semakau Landfill,S102,2019,3,6,,,,,,
Semakau Landfill,S102,2019,3,7,,,,,,
Semakau Landfill,S102,2019,3,8,,,,,,
Semakau Landfill,S102,2019,3,9,,,,,,
Semakau Landfill,S102,2019,3,10,,,,,,
Semakau Landfill,S102,2019,3,11,,,,,,
Semakau Landfill,S102,2019,3,12,,,,,,
Semakau Landfill,S102,2019,3,13,,,,,,
Semakau Landfill,S102,2019,3,14,,,,,,
Semakau Landfill,S102,2019,3,15,,,,,,
Semakau Landfill,S102,2019,3,16,,,,,,
Semakau Landfill,S102,2019,3,17,,,,,,
Semakau Landfill,S102,2019,3,18,,,,,,
Semakau Landfill,S102,2019,3,19,,,,,,
Semakau Landfill,S102,2019,3,20,,,,,,
Semakau Landfill,S102,2019,3,21,,,,,,
Semakau Landfill,S102,2019,3,22,,,,,,
Semakau Landfill,S102,2019,3,23,,,,,,
Semakau Landfill,S102,2019,3,24,,,,,,
Semakau Landfill,S102,2019,3,25,,,,,,
Semakau Landfill,S102,2019,3,26,,,,,,
Semakau Landfill,S102,2019,3,27,,,,,,
Semakau Landfill,S102,2019,3,28,,,,,,
Semakau Landfill,S102,2019,3,29,,,,,,
Semakau Landfill,S102,2019,3,30,,,,,,
Semakau Landfill,S102,2019,3,31,,,,,,
Semakau Landfill,S102,2019,4,1,,,,,,
Semakau Landfill,S102,2019,4,2,,,,,,
Semakau Landfill,S102,2019,4,3,,,,,,
Semakau Landfill,S102,2019,4,4,,,,,,
Semakau Landfill,S102,2019,4,5,,,,,,
Semakau Landfill,S102,2019,4,6,,,,,,
Semakau Landfill,S102,2019,4,7,,,,,,
Semakau Landfill,S102,2019,4,8,,,,,,
Semakau Landfill,S102,2019,4,9,,,,,,
Semakau Landfill,S102,2019,4,10,,,,,,
Semakau Landfill,S102,2019,4,11,,,,,,
Semakau Landfill,S102,2019,4,12,,,,,,
Semakau Landfill,S102,2019,4,13,,,,,,
Semakau Landfill,S102,2019,4,14,,,,,,
Semakau Landfill,S102,2019,4,15,,,,,,
Semakau Landfill,S102,2019,4,16,,,,,,
Semakau Landfill,S102,2019,4,17,,,,,,
Semakau Landfill,S102,2019,4,18,,,,,,
Semakau Landfill,S102,2019,4,19,,,,,,
Semakau Landfill,S102,2019,4,20,,,,,,
Semakau Landfill,S102,2019,4,21,,,,,,
Semakau Landfill,S102,2019,4,22,,,,,,
Semakau Landfill,S102,2019,4,23,,,,,,
Semakau Landfill,S102,2019,4,24,,,,,,
Semakau Landfill,S102,2019,4,25,,,,,,
Semakau Landfill,S102,2019,4,26,,,,,,
Semakau Landfill,S102,2019,4,27,,,,,,
Semakau Landfill,S102,2019,4,28,,,,,,
Semakau Landfill,S102,2019,4,29,,,,,,
Semakau Landfill,S102,2019,4,30,,,,,,
Semakau Landfill,S102,2019,5,1,,,,,,
Semakau Landfill,S102,2019,5,2,,,,,,
Semakau Landfill,S102,2019,5,3,,,,,,
Semakau Landfill,S102,2019,5,4,,,,,,
Semakau Landfill,S102,2019,5,5,,,,,,
Semakau Landfill,S102,2019,5,6,,,,,,
Semakau Landfill,S102,2019,5,7,,,,,,
Semakau Landfill,S102,2019,5,8,,,,,,
Semakau Landfill,S102,2019,5,9,,,,,,
Semakau Landfill,S102,2019,5,10,,,,,,
Semakau Landfill,S102,2019,5,11,,,,,,
Semakau Landfill,S102,2019,5,12,,,,,,
Semakau Landfill,S102,2019,5,13,,,,,,
Semakau Landfill,S102,2019,5,14,,,,,,
Semakau Landfill,S102,2019,5,15,,,,,,
Semakau Landfill,S102,2019,5,16,,,,,,
Semakau Landfill,S102,2019,5,17,,,,,,
Semakau Landfill,S102,2019,5,18,,,,,,
Semakau Landfill,S102,2019,5,19,,,,,,
Semakau Landfill,S102,2019,5,20,,,,,,
Semakau Landfill,S102,2019,5,21,,,,,,
Semakau Landfill,S102,2019,5,22,,,,,,
Semakau Landfill,S102,2019,5,23,,,,,,
Semakau Landfill,S102,2019,5,24,,,,,,
Semakau Landfill,S102,2019,5,25,,,,,,
Semakau Landfill,S102,2019,5,26,,,,,,
Semakau Landfill,S102,2019,5,27,,,,,,
Semakau Landfill,S102,2019,5,28,,,,,,
Semakau Landfill,S102,2019,5,29,,,,,,
Semakau Landfill,S102,2019,5,30,,,,,,
Semakau Landfill,S102,2019,5,31,,,,,,
Semakau Landfill,S102,2019,6,1,,,,,,
Semakau Landfill,S102,2019,6,2,,,,,,
Semakau Landfill,S102,2019,6,3,,,,,,
Semakau Landfill,S102,2019,6,4,,,,,,
Semakau Landfill,S102,2019,6,5,,,,,,
Semakau Landfill,S102,2019,6,6,,,,,,
Semakau Landfill,S102,2019,6,7,,,,,,
Semakau Landfill,S102,2019,6,8,,,,,,
Semakau Landfill,S102,2019,6,9,,,,,,
Semakau Landfill,S102,2019,6,10,,,,,,
Semakau Landfill,S102,2019,6,11,,,,,,
Semakau Landfill,S102,2019,6,12,,,,,,
Semakau Landfill,S102,2019,6,13,,,,,,
Semakau Landfill,S102,2019,6,14,,,,,,
Semakau Landfill,S102,2019,6,15,,,,,,
Semakau Landfill,S102,2019,6,16,,,,,,
Semakau Landfill,S102,2019,6,17,,,,,,
Semakau Landfill,S102,2019,6,18,,,,,,
Semakau Landfill,S102,2019,6,19,,,,,,
Semakau Landfill,S102,2019,6,20,,,,,,
Semakau Landfill,S102,2019,6,21,,,,,,
Semakau Landfill,S102,2019,6,22,,,,,,
Semakau Landfill,S102,2019,6,23,,,,,,
Semakau Landfill,S102,2019,6,24,,,,,,
Semakau Landfill,S102,2019,6,25,,,,,,
Semakau Landfill,S102,2019,6,26,,,,,,
Semakau Landfill,S102,2019,6,27,,,,,,
Semakau Landfill,S102,2019,6,28,,,,,,
Semakau Landfill,S102,2019,6,29,,,,,,
Semakau Landfill,S102,2019,6,30,,,,,,
Semakau Landfill,S102,2019,7,1,,,,,,
Semakau Landfill,S102,2019,7,2,,,,,,
Semakau Landfill,S102,2019,7,3,,,,,,
Semakau Landfill,S102,2019,7,4,,,,,,
Semakau Landfill,S102,2019,7,5,,,,,,
Semakau Landfill,S102,2019,7,6,,,,,,
Semakau Landfill,S102,2019,7,7,,,,,,
Semakau Landfill,S102,2019,7,8,,,,,,
Semakau Landfill,S102,2019,7,9,,,,,,
Semakau Landfill,S102,2019,7,10,,,,,,
Semakau Landfill,S102,2019,7,11,,,,,,
Semakau Landfill,S102,2019,7,12,,,,,,
Semakau Landfill,S102,2019,7,13,,,,,,
Semakau Landfill,S102,2019,7,14,,,,,,
Semakau Landfill,S102,2019,7,15,,,,,,
Semakau Landfill,S102,2019,7,16,,,,,,
Semakau Landfill,S102,2019,7,17,,,,,,
Semakau Landfill,S102,2019,7,18,,,,,,
Semakau Landfill,S102,2019,7,19,,,,,,
Semakau Landfill,S102,2019,7,20,,,,,,
Semakau Landfill,S102,2019,7,21,,,,,,
Semakau Landfill,S102,2019,7,22,,,,,,
Semakau Landfill,S102,2019,7,23,,,,,,
Semakau Landfill,S102,2019,7,24,,,,,,
Semakau Landfill,S102,2019,7,25,,,,,,
Semakau Landfill,S102,2019,7,26,,,,,,
Semakau Landfill,S102,2019,7,27,,,,,,
Semakau Landfill,S102,2019,7,28,,,,,,
Semakau Landfill,S102,2019,7,29,,,,,,
Semakau Landfill,S102,2019,7,30,,,,,,
Semakau Landfill,S102,2019,7,31,,,,,,
Semakau Landfill,S102,2019,8,1,,,,,,
Semakau Landfill,S102,2019,8,2,,,,,,
Semakau Landfill,S102,2019,8,3,,,,,,
Semakau Landfill,S102,2019,8,4,,,,,,
Semakau Landfill,S102,2019,8,5,,,,,,
Semakau Landfill,S102,2019,8,6,,,,,,
Semakau Landfill,S102,2019,8,7,,,,,,
Semakau Landfill,S102,2019,8,8,,,,,,
Semakau Landfill,S102,2019,8,9,,,,,,
Semakau Landfill,S102,2019,8,10,,,,,,
Semakau Landfill,S102,2019,8,11,,,,,,
Semakau Landfill,S102,2019,8,12,,,,,,
Semakau Landfill,S102,2019,8,13,,,,,,
Semakau Landfill,S102,2019,8,14,,,,,,
Semakau Landfill,S102,2019,8,15,,,,,,
Semakau Landfill,S102,2019,8,16,,,,,,
Semakau Landfill,S102,2019,8,17,,,,,,
Semakau Landfill,S102,2019,8,18,,,,,,
Semakau Landfill,S102,2019,8,19,,,,,,
Semakau Landfill,S102,2019,8,20,,,,,,
Semakau Landfill,S102,2019,8,21,,,,,,
Semakau Landfill,S102,2019,8,22,,,,,,
Semakau Landfill,S102,2019,8,23,,,,,,
Semakau Landfill,S102,2019,8,24,,,,,,
Semakau Landfill,S102,2019,8,25,,,,,,
Semakau Landfill,S102,2019,8,26,,,,,,
Semakau Landfill,S102,2019,8,27,,,,,,
Semakau Landfill,S102,2019,8,28,,,,,,
Semakau Landfill,S102,2019,8,29,,,,,,
Semakau Landfill,S102,2019,8,30,,,,,,
Semakau Landfill,S102,2019,8,31,,,,,,
Semakau Landfill,S102,2019,9,1,,,,,,
Semakau Landfill,S102,2019,9,2,,,,,,
Semakau Landfill,S102,2019,9,3,,,,,,
Semakau Landfill,S102,2019,9,4,,,,,,
Semakau Landfill,S102,2019,9,5,,,,,,
Semakau Landfill,S102,2019,9,6,,,,,,
Semakau Landfill,S102,2019,9,7,,,,,,
Semakau Landfill,S102,2019,9,8,,,,,,
Semakau Landfill,S102,2019,9,9,,,,,,
Semakau Landfill,S102,2019,9,10,,,,,,
Semakau Landfill,S102,2019,9,11,,,,,,
Semakau Landfill,S102,2019,9,12,,,,,,
Semakau Landfill,S102,2019,9,13,,,,,,
Semakau Landfill,S102,2019,9,14,,,,,,
Semakau Landfill,S102,2019,9,15,,,,,,
Semakau Landfill,S102,2019,9,16,,,,,,
Semakau Landfill,S102,2019,9,17,,,,,,
Semakau Landfill,S102,2019,9,18,,,,,,
Semakau Landfill,S102,2019,9,19,,,,,,
Semakau Landfill,S102,2019,9,20,,,,,,
Semakau Landfill,S102,2019,9,21,,,,,,
Semakau Landfill,S102,2019,9,22,,,,,,
Semakau Landfill,S102,2019,9,23,,,,,,
Semakau Landfill,S102,2019,9,24,,,,,,
Semakau Landfill,S102,2019,9,25,,,,,,
Semakau Landfill,S102,2019,9,26,,,,,,
Semakau Landfill,S102,2019,9,27,,,,,,
Semakau Landfill,S102,2019,9,28,,,,,,
Semakau Landfill,S102,2019,9,29,,,,,,
Semakau Landfill,S102,2019,9,30,,,,,,
Semakau Landfill,S102,2019,10,1,,,,,,
Semakau Landfill,S102,2019,10,2,,,,,,
Semakau Landfill,S102,2019,10,3,,,,,,
Semakau Landfill,S102,2019,10,4,,,,,,
Semakau Landfill,S102,2019,10,5,,,,,,
Semakau Landfill,S102,2019,10,6,,,,,,
Semakau Landfill,S102,2019,10,7,,,,,,
Semakau Landfill,S102,2019,10,8,,,,,,
Semakau Landfill,S102,2019,10,9,,,,,,
Semakau Landfill,S102,2019,10,10,,,,,,
Semakau Landfill,S102,2019,10,11,,,,,,
Semakau Landfill,S102,2019,10,12,,,,,,
Semakau Landfill,S102,2019,10,13,,,,,,
Semakau Landfill,S102,2019,10,14,,,,,,
Semakau Landfill,S102,2019,10,15,,,,,,
Semakau Landfill,S102,2019,10,16,,,,,,
Semakau Landfill,S102,2019,10,17,,,,,,
Semakau Landfill,S102,2019,10,18,,,,,,
Semakau Landfill,S102,2019,10,19,,,,,,
Semakau Landfill,S102,2019,10,20,,,,,,
Semakau Landfill,S102,2019,10,21,,,,,,
Semakau Landfill,S102,2019,10,22,,,,,,
Semakau Landfill,S102,2019,10,23,,,,,,
Semakau Landfill,S102,2019,10,24,,,,,,
Semakau Landfill,S102,2019,10,25,,,,,,
Semakau Landfill,S102,2019,10,26,,,,,,
Semakau Landfill,S102,2019,10,27,,,,,,
Semakau Landfill,S102,2019,10,28,,,,,,
Semakau Landfill,S102,2019,10,29,,,,,,
Semakau Landfill,S102,2019,10,30,,,,,,
Semakau Landfill,S102,2019,10,31,,,,,,
Semakau Landfill,S102,2019,11,1,,,,,,
Semakau Landfill,S102,2019,11,2,,,,,,
Semakau Landfill,S102,2019,11,3,,,,,,
Semakau Landfill,S102,2019,11,4,,,,,,
Semakau Landfill,S102,2019,11,5,,,,,,
Semakau Landfill,S102,2019,11,6,,,,,,
Semakau Landfill,S102,2019,11,7,,,,,,
Semakau Landfill,S102,2019,11,8,,,,,,
Semakau Landfill,S102,2019,11,9,,,,,,
Semakau Landfill,S102,2019,11,10,,,,,,
Semakau Landfill,S102,2019,11,11,,,,,,
Semakau Landfill,S102,2019,11,12,,,,,,
Semakau Landfill,S102,2019,11,13,,,,,,
Semakau Landfill,S102,2019,11,14,,,,,,
Semakau Landfill,S102,2019,11,15,,,,,,
Semakau Landfill,S102,2019,11,16,,,,,,
Semakau Landfill,S102,2019,11,17,,,,,,
Semakau Landfill,S102,2019,11,18,,,,,,
Semakau Landfill,S102,2019,11,19,,,,,,
Semakau Landfill,S102,2019,11,20,,,,,,
Semakau Landfill,S102,2019,11,21,,,,,,
Semakau Landfill,S102,2019,11,22,,,,,,
Semakau Landfill,S102,2019,11,23,,,,,,
Semakau Landfill,S102,2019,11,24,,,,,,
Semakau Landfill,S102,2019,11,25,,,,,,
Semakau Landfill,S102,2019,11,26,,,,,,
Semakau Landfill,S102,2019,11,27,,,,,,
Semakau Landfill,S102,2019,11,28,,,,,,
Semakau Landfill,S102,2019,11,29,,,,,,
Semakau Landfill,S102,2019,11,30,,,,,,
Semakau Landfill,S102,2019,12,1,,,,,,
Semakau Landfill,S102,2019,12,2,,,,,,
Semakau Landfill,S102,2019,12,3,,,,,,
Semakau Landfill,S102,2019,12,4,,,,,,
Semakau Landfill,S102,2019,12,5,,,,,,
Semakau Landfill,S102,2019,12,6,,,,,,
Semakau Landfill,S102,2019,12,7,,,,,,
Semakau Landfill,S102,2019,12,8,,,,,,
Semakau Landfill,S102,2019,12,9,,,,,,
Semakau Landfill,S102,2019,12,10,,,,,,
Semakau Landfill,S102,2019,12,11,,,,,,
Semakau Landfill,S102,2019,12,12,,,,,,
Semakau Landfill,S102,2019,12,13,,,,,,
Semakau Landfill,S102,2019,12,14,,,,,,
Semakau Landfill,S102,2019,12,15,,,,,,
Semakau Landfill,S102,2019,12,16,,,,,,
Semakau Landfill,S102,2019,12,17,,,,,,
Semakau Landfill,S102,2019,12,18,,,,,,
Semakau Landfill,S102,2019,12,19,,,,,,
Semakau Landfill,S102,2019,12,20,,,,,,
Semakau Landfill,S102,2019,12,21,,,,,,
Semakau Landfill,S102,2019,12,22,,,,,,
Semakau Landfill,S102,2019,12,23,,,,,,
Semakau Landfill,S102,2019,12,24,,,,,,
Semakau Landfill,S102,2019,12,25,,,,,,
Semakau Landfill,S102,2019,12,26,,,,,,
Semakau Landfill,S102,2019,12,27,,,,,,
Semakau Landfill,S102,2019,12,28,,,,,,
Semakau Landfill,S102,2019,12,29,,,,,,
Semakau Landfill,S102,2019,12,30,,,,,,
Semakau Landfill,S102,2019,12,31,,,,,,
Semakau Landfill,S102,2020,1,1,,,,,,
Semakau Landfill,S102,2020,1,2,,,,,,
Semakau Landfill,S102,2020,1,3,,,,,,
Semakau Landfill,S102,2020,1,4,,,,,,
Semakau Landfill,S102,2020,1,5,,,,,,
Semakau Landfill,S102,2020,1,6,,,,,,
Semakau Landfill,S102,2020,1,7,,,,,,
Semakau Landfill,S102,2020,1,8,,,,,,
Semakau Landfill,S102,2020,1,9,,,,,,
Semakau Landfill,S102,2020,1,10,,,,,,
Semakau Landfill,S102,2020,1,11,,,,,,
Semakau Landfill,S102,2020,1,12,,,,,,
Semakau Landfill,S102,2020,1,13,,,,,,
Semakau Landfill,S102,2020,1,14,,,,,,
Semakau Landfill,S102,2020,1,15,,,,,,
Semakau Landfill,S102,2020,1,16,,,,,,
Semakau Landfill,S102,2020,1,17,,,,,,
Semakau Landfill,S102,2020,1,18,,,,,,
Semakau Landfill,S102,2020,1,19,,,,,,
Semakau Landfill,S102,2020,1,20,,,,,,
Semakau Landfill,S102,2020,1,21,,,,,,
Semakau Landfill,S102,2020,1,22,,,,,,
Semakau Landfill,S102,2020,1,23,,,,,,
Semakau Landfill,S102,2020,1,24,,,,,,
Semakau Landfill,S102,2020,1,25,,,,,,
Semakau Landfill,S102,2020,1,26,,,,,,
Semakau Landfill,S102,2020,1,27,,,,,,
Semakau Landfill,S102,2020,1,28,,,,,,
Semakau Landfill,S102,2020,1,29,,,,,,
Semakau Landfill,S102,2020,1,30,,,,,,
Semakau Landfill,S102,2020,1,31,,,,,,
Semakau Landfill,S102,2020,2,1,,,,,,
Semakau Landfill,S102,2020,2,2,,,,,,
Semakau Landfill,S102,2020,2,3,,,,,,
Semakau Landfill,S102,2020,2,4,,,,,,
Semakau Landfill,S102,2020,2,5,,,,,,
Semakau Landfill,S102,2020,2,6,,,,,,
Semakau Landfill,S102,2020,2,7,,,,,,
Semakau Landfill,S102,2020,2,8,,,,,,
Semakau Landfill,S102,2020,2,9,,,,,,
Semakau Landfill,S102,2020,2,10,,,,,,
Semakau Landfill,S102,2020,2,11,,,,,,
Semakau Landfill,S102,2020,2,12,,,,,,
Semakau Landfill,S102,2020,2,13,,,,,,
Semakau Landfill,S102,2020,2,14,,,,,,
Semakau Landfill,S102,2020,2,15,,,,,,
Semakau Landfill,S102,2020,2,16,,,,,,
Semakau Landfill,S102,2020,2,17,,,,,,
Semakau Landfill,S102,2020,2,18,,,,,,
Semakau Landfill,S102,2020,2,19,,,,,,
Semakau Landfill,S102,2020,2,20,,,,,,
Semakau Landfill,S102,2020,2,21,,,,,,
Semakau Landfill,S102,2020,2,22,,,,,,
Semakau Landfill,S102,2020,2,23,,,,,,
Semakau Landfill,S102,2020,2,24,,,,,,
Semakau Landfill,S102,2020,2,25,,,,,,
Semakau Landfill,S102,2020,2,26,,,,,,
Semakau Landfill,S102,2020,2,27,,,,,,
Semakau Landfill,S102,2020,2,28,,,,,,
Semakau Landfill,S102,2020,2,29,,,,,,
Semakau Landfill,S102,2020,3,1,,,,,,
Semakau Landfill,S102,2020,3,2,,,,,,
Semakau Landfill,S102,2020,3,3,,,,,,
Semakau Landfill,S102,2020,3,4,,,,,,
Semakau Landfill,S102,2020,3,5,,,,,,
Semakau Landfill,S102,2020,3,6,,,,,,
Semakau Landfill,S102,2020,3,7,,,,,,
Semakau Landfill,S102,2020,3,8,,,,,,
Semakau Landfill,S102,2020,3,9,,,,,,
Semakau Landfill,S102,2020,3,10,,,,,,
Semakau Landfill,S102,2020,3,11,,,,,,
Semakau Landfill,S102,2020,3,12,,,,,,
Semakau Landfill,S102,2020,3,13,,,,,,
Semakau Landfill,S102,2020,3,14,,,,,,
Semakau Landfill,S102,2020,3,15,,,,,,
Semakau Landfill,S102,2020,3,16,,,,,,
Semakau Landfill,S102,2020,3,17,,,,,,
Semakau Landfill,S102,2020,3,18,,,,,,
Semakau Landfill,S102,2020,3,19,,,,,,
Semakau Landfill,S102,2020,3,20,,,,,,
Semakau Landfill,S102,2020,3,21,,,,,,
Semakau Landfill,S102,2020,3,22,,,,,,
Semakau Landfill,S102,2020,3,23,,,,,,
Semakau Landfill,S102,2020,3,24,,,,,,
Semakau Landfill,S102,2020,3,25,,,,,,
Semakau Landfill,S102,2020,3,26,,,,,,
Semakau Landfill,S102,2020,3,27,,,,,,
Semakau Landfill,S102,2020,3,28,,,,,,
Semakau Landfill,S102,2020,3,29,,,,,,
Semakau Landfill,S102,2020,3,30,,,,,,
Semakau Landfill,S102,2020,3,31,,,,,,
Semakau Landfill,S102,2020,6,1,,,,,,
Semakau Landfill,S102,2020,6,2,,,,,,
Semakau Landfill,S102,2020,6,3,,,,,,
Semakau Landfill,S102,2020,6,4,,,,,,
Semakau Landfill,S102,2020,6,10,,,,,,
Semakau Landfill,S102,2020,6,11,,,,,,
Semakau Landfill,S102,2020,6,12,,,,,,
Semakau Landfill,S102,2020,6,13,,,,,,
Semakau Landfill,S102,2020,6,14,,,,,,
Semakau Landfill,S102,2020,6,15,,,,,,
Semakau Landfill,S102,2020,6,16,,,,,,
Semakau Landfill,S102,2020,6,17,,,,,,
Semakau Landfill,S102,2020,6,18,,,,,,
Semakau Landfill,S102,2020,6,19,,,,,,
Semakau Landfill,S102,2020,6,20,,,,,,
Semakau Landfill,S102,2020,6,21,,,,,,
Semakau Landfill,S102,2020,6,22,,,,,,
Semakau Landfill,S102,2020,6,23,,,,,,
Semakau Landfill,S102,2020,6,24,,,,,,
Semakau Landfill,S102,2020,6,25,,,,,,
Semakau Landfill,S102,2020,6,26,,,,,,
Semakau Landfill,S102,2020,6,27,,,,,,
Semakau Landfill,S102,2020,6,28,,,,,,
Semakau Landfill,S102,2020,6,29,,,,,,
Semakau Landfill,S102,2020,6,30,,,,,,
Semakau Landfill,S102,2020,7,1,,,,,,
Semakau Landfill,S102,2020,7,2,,,,,,
Semakau Landfill,S102,2020,7,3,,,,,,
Semakau Landfill,S102,2020,7,4,,,,,,
Semakau Landfill,S102,2020,7,5,,,,,,
Semakau Landfill,S102,2020,7,6,,,,,,
Semakau Landfill,S102,2020,7,7,,,,,,
Semakau Landfill,S102,2020,7,8,,,,,,
Semakau Landfill,S102,2020,7,9,,,,,,
Semakau Landfill,S102,2020,7,10,,,,,,
Semakau Landfill,S102,2020,7,11,,,,,,
Semakau Landfill,S102,2020,7,12,,,,,,
Semakau Landfill,S102,2020,7,13,,,,,,
Semakau Landfill,S102,2020,7,14,,,,,,
Semakau Landfill,S102,2020,7,15,,,,,,
Semakau Landfill,S102,2020,7,16,,,,,,
Semakau Landfill,S102,2020,7,17,,,,,,
Semakau Landfill,S102,2020,7,18,,,,,,
Semakau Landfill,S102,2020,7,19,,,,,,
Semakau Landfill,S102,2020,7,20,,,,,,
Semakau Landfill,S102,2020,7,21,,,,,,
Semakau Landfill,S102,2020,7,22,,,,,,
Semakau Landfill,S102,2020,7,23,,,,,,
Semakau Landfill,S102,2020,7,24,,,,,,
Semakau Landfill,S102,2020,7,25,,,,,,
Semakau Landfill,S102,2020,7,26,,,,,,
Semakau Landfill,S102,2020,7,27,,,,,,
Semakau Landfill,S102,2020,7,28,,,,,,
Semakau Landfill,S102,2020,7,29,,,,,,
Semakau Landfill,S102,2020,7,30,,,,,,
Semakau Landfill,S102,2020,7,31,,,,,,
Semakau Landfill,S102,2020,8,1,,,,,,
Semakau Landfill,S102,2020,8,2,,,,,,
Semakau Landfill,S102,2020,8,3,,,,,,
Semakau Landfill,S102,2020,8,4,,,,,,
Semakau Landfill,S102,2020,8,5,,,,,,
Semakau Landfill,S102,2020,8,6,,,,,,
Semakau Landfill,S102,2020,8,7,,,,,,
Semakau Landfill,S102,2020,8,8,,,,,,
Semakau Landfill,S102,2020,8,9,,,,,,
Semakau Landfill,S102,2020,8,10,,,,,,
Semakau Landfill,S102,2020,8,11,,,,,,
Semakau Landfill,S102,2020,8,12,,,,,,
Semakau Landfill,S102,2020,8,13,,,,,,
Semakau Landfill,S102,2020,8,14,,,,,,
Semakau Landfill,S102,2020,8,15,0.0,,,,,
Semakau Landfill,S102,2020,8,16,3.5,,,,,
Semakau Landfill,S102,2020,8,17,8.0,,,,,
Semakau Landfill,S102,2020,8,18,0.0,,,,,
Semakau Landfill,S102,2020,8,19,0.0,,,,,
Semakau Landfill,S102,2020,8,20,4.0,,,,,
Semakau Landfill,S102,2020,8,21,0.0,,,,,
Semakau Landfill,S102,2020,8,22,1.0,,,,,
Semakau Landfill,S102,2020,8,23,40.5,,,,,
Semakau Landfill,S102,2020,8,24,0.0,,,,,
Semakau Landfill,S102,2020,8,25,0.5,,,,,
Semakau Landfill,S102,2020,8,26,0.5,,,,,
Semakau Landfill,S102,2020,8,27,0.0,,,,,
Semakau Landfill,S102,2020,8,28,0.0,,,,,
Semakau Landfill,S102,2020,8,29,2.5,,,,,
Semakau Landfill,S102,2020,8,30,1.5,,,,,
Semakau Landfill,S102,2020,8,31,0.0,,,,,
Semakau Landfill,S102,2020,9,1,1.0,,,,,
Semakau Landfill,S102,2020,9,2,0.0,,,,,
Semakau Landfill,S102,2020,9,3,9.5,,,,,
Semakau Landfill,S102,2020,9,4,0.0,,,,,
Semakau Landfill,S102,2020,9,5,53.5,,,,,
Semakau Landfill,S102,2020,9,6,2.5,,,,,
Semakau Landfill,S102,2020,9,7,0.0,,,,,
Semakau Landfill,S102,2020,9,8,6.0,,,,,
Semakau Landfill,S102,2020,9,9,0.0,,,,,
Semakau Landfill,S102,2020,9,10,53.5,,,,,
Semakau Landfill,S102,2020,9,11,9.5,,,,,
Semakau Landfill,S102,2020,9,12,10.5,,,,,
Semakau Landfill,S102,2020,9,13,33.0,,,,,
Semakau Landfill,S102,2020,9,14,21.0,,,,,
Semakau Landfill,S102,2020,9,15,0.0,,,,,
Semakau Landfill,S102,2020,9,16,8.5,,,,,
Semakau Landfill,S102,2020,9,17,1.5,,,,,
Semakau Landfill,S102,2020,9,18,0.0,,,,,
Semakau Landfill,S102,2020,9,19,0.5,,,,,
Semakau Landfill,S102,2020,9,20,0.0,,,,,
Semakau Landfill,S102,2020,9,21,24.5,,,,,
Semakau Landfill,S102,2020,9,22,0.0,,,,,
Semakau Landfill,S102,2020,9,23,0.0,,,,,
Semakau Landfill,S102,2020,9,24,4.5,,,,,
Semakau Landfill,S102,2020,9,25,0.0,,,,,
Semakau Landfill,S102,2020,9,26,56.5,,,,,
Semakau Landfill,S102,2020,9,27,2.0,,,,,
Semakau Landfill,S102,2020,9,28,0.0,,,,,
Semakau Landfill,S102,2020,9,29,1.5,,,,,
Semakau Landfill,S102,2020,9,30,2.5,,,,,
Semakau Landfill,S102,2020,10,1,3.5,,,,,
Semakau Landfill,S102,2020,10,2,3.5,,,,,
Semakau Landfill,S102,2020,10,3,4.5,,,,,
Semakau Landfill,S102,2020,10,4,0.0,,,,,
Semakau Landfill,S102,2020,10,5,0.0,,,,,
Semakau Landfill,S102,2020,10,6,0.0,,,,,
Semakau Landfill,S102,2020,10,7,4.5,,,,,
Semakau Landfill,S102,2020,10,8,47.5,,,,,
Semakau Landfill,S102,2020,10,9,0.0,,,,,
Semakau Landfill,S102,2020,10,10,,,,,,
Semakau Landfill,S102,2020,10,11,,,,,,
Semakau Landfill,S102,2020,10,12,,,,,,
Semakau Landfill,S102,2020,10,13,,,,,,
Semakau Landfill,S102,2020,10,14,,,,,,
Semakau Landfill,S102,2020,10,15,,,,,,
Semakau Landfill,S102,2020,10,16,,,,,,
Semakau Landfill,S102,2020,10,17,,,,,,
Semakau Landfill,S102,2020,10,18,,,,,,
Semakau Landfill,S102,2020,10,19,,,,,,
Semakau Landfill,S102,2020,10,20,,,,,,
Semakau Landfill,S102,2020,10,21,,,,,,
Semakau Landfill,S102,2020,10,22,,,,,,
Semakau Landfill,S102,2020,10,23,,,,,,
Semakau Landfill,S102,2020,10,24,,,,,,
Semakau Landfill,S102,2020,10,25,,,,,,
Semakau Landfill,S102,2020,10,26,,,,,,
Semakau Landfill,S102,2020,10,27,,,,,,
Semakau Landfill,S102,2020,10,28,,,,,,
Semakau Landfill,S102,2020,10,29,,,,,,
Semakau Landfill,S102,2020,10,30,,,,,,
Semakau Landfill,S102,2020,10,31,,,,,,
Semakau Landfill,S102,2020,11,1,,,,,,
Semakau Landfill,S102,2020,11,2,,,,,,
Semakau Landfill,S102,2020,11,3,,,,,,
Semakau Landfill,S102,2020,11,4,,,,,,
Semakau Landfill,S102,2020,11,5,,,,,,
Semakau Landfill,S102,2020,11,6,,,,,,
Semakau Landfill,S102,2020,11,7,,,,,,
Semakau Landfill,S102,2020,11,8,,,,,,
Semakau Landfill,S102,2020,11,9,,,,,,
Semakau Landfill,S102,2020,11,10,,,,,,
Semakau Landfill,S102,2020,11,11,,,,,,
Semakau Landfill,S102,2020,11,12,,,,,,
Semakau Landfill,S102,2020,11,13,,,,,,
Semakau Landfill,S102,2020,11,14,,,,,,
Semakau Landfill,S102,2020,11,15,,,,,,
Semakau Landfill,S102,2020,11,16,,,,,,
Semakau Landfill,S102,2020,11,17,,,,,,
Semakau Landfill,S102,2020,11,18,,,,,,
Semakau Landfill,S102,2020,11,19,,,,,,
Semakau Landfill,S102,2020,11,20,,,,,,
Semakau Landfill,S102,2020,11,21,,,,,,
Semakau Landfill,S102,2020,11,22,,,,,,
Semakau Landfill,S102,2020,11,23,,,,,,
Semakau Landfill,S102,2020,11,24,,,,,,
Semakau Landfill,S102,2020,11,25,,,,,,
Semakau Landfill,S102,2020,11,26,,,,,,
Semakau Landfill,S102,2020,11,27,,,,,,
Semakau Landfill,S102,2020,11,28,,,,,,
Semakau Landfill,S102,2020,11,29,,,,,,
Semakau Landfill,S102,2020,11,30,,,,,,
