station,station_id,year,month,day,rainfall_mm,temp_mean_c,temp_max_c,temp_min_c,wind_mean_kmh,wind_max_kmh
Woodlands Avenue 9,S104,2013,1,1,0.2,27.0,32.0,23.6,7.2,28.8
Woodlands Avenue 9,S104,2013,1,2,27.6,26.3,30.8,23.2,7.2,35.3
Woodlands Avenue 9,S104,2013,1,3,1.6,26.6,31.4,24.8,8.3,27.7
Woodlands Avenue 9,S104,2013,1,4,0.0,27.0,30.9,24.5,10.0,28.1
Woodlands Avenue 9,S104,2013,1,5,0.0,27.1,30.2,25.0,9.4,29.9
Woodlands Avenue 9,S104,2013,1,6,0.0,28.1,33.0,24.5,8.5,33.5
Woodlands Avenue 9,S104,2013,1,7,0.0,29.1,33.4,25.4,10.7,50.8
Woodlands Avenue 9,S104,2013,1,8,33.4,26.6,31.7,21.9,9.1,73.1
Woodlands Avenue 9,S104,2013,1,9,14.0,26.4,31.5,22.5,8.3,40.3
Woodlands Avenue 9,S104,2013,1,10,0.0,26.8,30.5,24.4,9.0,26.6
Woodlands Avenue 9,S104,2013,1,11,0.0,27.4,30.8,25.7,12.6,36.0
Woodlands Avenue 9,S104,2013,1,12,2.6,27.3,32.5,25.3,9.8,29.9
Woodlands Avenue 9,S104,2013,1,13,8.4,26.4,30.9,24.3,7.6,47.5
Woodlands Avenue 9,S104,2013,1,14,3.8,26.9,31.0,24.8,10.7,32.0
Woodlands Avenue 9,S104,2013,1,15,5.0,26.8,30.4,24.8,11.7,37.8
Woodlands Avenue 9,S104,2013,1,16,1.8,26.7,29.4,25.3,12.2,35.3
Woodlands Avenue 9,S104,2013,1,17,0.0,27.0,30.7,24.6,14.0,35.3
Woodlands Avenue 9,S104,2013,1,18,62.6,26.5,32.4,23.7,12.0,41.4
Woodlands Avenue 9,S104,2013,1,19,30.4,23.7,24.5,22.9,9.0,28.4
Woodlands Avenue 9,S104,2013,1,20,8.0,24.5,26.1,23.7,7.3,27.7
Woodlands Avenue 9,S104,2013,1,21,1.4,26.5,30.3,24.0,10.2,35.3
Woodlands Avenue 9,S104,2013,1,22,1.0,25.6,27.7,23.8,10.2,33.1
Woodlands Avenue 9,S104,2013,1,23,0.0,26.9,30.5,24.5,11.2,36.7
Woodlands Avenue 9,S104,2013,1,24,0.0,26.8,30.1,25.1,11.2,41.0
Woodlands Avenue 9,S104,2013,1,25,0.0,26.8,30.6,24.4,11.5,34.9
Woodlands Avenue 9,S104,2013,1,26,0.0,27.0,30.9,24.5,12.6,34.9
Woodlands Avenue 9,S104,2013,1,27,0.0,26.8,30.8,24.4,12.4,36.7
Woodlands Avenue 9,S104,2013,1,28,0.2,26.8,30.5,24.7,11.1,31.7
Woodlands Avenue 9,S104,2013,1,29,0.0,26.9,30.5,24.4,13.5,43.6
Woodlands Avenue 9,S104,2013,1,30,0.0,27.1,31.0,24.2,13.1,37.4
Woodlands Avenue 9,S104,2013,1,31,0.0,27.3,31.2,24.7,13.2,37.8
Woodlands Avenue 9,S104,2013,2,1,0.0,27.4,30.6,25.2,14.6,41.8
Woodlands Avenue 9,S104,2013,2,2,0.0,27.8,32.1,24.8,13.2,39.2
Woodlands Avenue 9,S104,2013,2,3,39.6,25.6,27.4,24.4,9.5,38.5
Woodlands Avenue 9,S104,2013,2,4,1.0,26.4,28.9,24.2,9.4,29.2
Woodlands Avenue 9,S104,2013,2,5,5.6,25.8,29.0,23.4,7.9,32.4
Woodlands Avenue 9,S104,2013,2,6,6.2,25.5,29.2,24.0,7.0,27.4
Woodlands Avenue 9,S104,2013,2,7,4.4,26.3,30.6,23.9,8.1,33.5
Woodlands Avenue 9,S104,2013,2,8,33.6,25.5,29.5,24.0,5.4,29.2
Woodlands Avenue 9,S104,2013,2,9,28.6,26.0,32.5,23.8,7.0,34.6
Woodlands Avenue 9,S104,2013,2,10,21.6,24.5,25.4,23.3,9.6,35.3
Woodlands Avenue 9,S104,2013,2,11,0.8,24.8,28.4,23.5,7.3,31.0
Woodlands Avenue 9,S104,2013,2,12,28.2,25.5,29.0,23.7,9.6,37.4
Woodlands Avenue 9,S104,2013,2,13,0.8,26.5,30.2,24.5,10.4,38.2
Woodlands Avenue 9,S104,2013,2,14,29.8,24.8,27.5,23.4,6.8,31.3
Woodlands Avenue 9,S104,2013,2,15,9.0,25.4,29.8,23.7,8.5,46.8
Woodlands Avenue 9,S104,2013,2,16,2.0,25.7,30.4,24.4,7.4,38.9
Woodlands Avenue 9,S104,2013,2,17,1.0,24.7,25.7,23.9,7.5,28.8
Woodlands Avenue 9,S104,2013,2,18,15.0,26.0,31.1,24.3,7.7,26.6
Woodlands Avenue 9,S104,2013,2,19,0.4,25.8,27.8,24.7,8.7,27.7
Woodlands Avenue 9,S104,2013,2,20,0.6,27.0,32.0,24.5,8.5,25.2
Woodlands Avenue 9,S104,2013,2,21,0.2,26.8,29.6,24.9,9.0,24.5
Woodlands Avenue 9,S104,2013,2,22,0.0,27.3,32.1,24.5,12.5,35.6
Woodlands Avenue 9,S104,2013,2,23,0.0,27.5,31.6,24.1,12.2,36.4
Woodlands Avenue 9,S104,2013,2,24,0.0,27.3,30.0,24.8,12.2,38.5
Woodlands Avenue 9,S104,2013,2,25,65.8,26.9,32.0,23.9,8.2,44.6
Woodlands Avenue 9,S104,2013,2,26,19.6,26.8,33.0,24.6,7.4,36.4
Woodlands Avenue 9,S104,2013,2,27,5.2,27.2,31.9,24.5,7.6,25.2
Woodlands Avenue 9,S104,2013,2,28,0.0,27.6,33.9,25.1,7.4,33.8
Woodlands Avenue 9,S104,2013,3,1,0.0,28.1,34.1,25.3,8.6,30.6
Woodlands Avenue 9,S104,2013,3,2,21.2,27.8,32.3,24.7,9.2,41.4
Woodlands Avenue 9,S104,2013,3,3,0.0,27.6,31.1,25.2,13.5,40.3
Woodlands Avenue 9,S104,2013,3,4,0.0,27.6,31.4,24.9,13.5,46.4
Woodlands Avenue 9,S104,2013,3,5,0.2,27.3,30.9,25.0,11.6,46.8
Woodlands Avenue 9,S104,2013,3,6,0.2,27.2,30.5,25.1,11.6,34.9
Woodlands Avenue 9,S104,2013,3,7,0.0,27.6,32.5,24.9,12.4,37.4
Woodlands Avenue 9,S104,2013,3,8,0.0,27.8,31.3,25.5,13.2,42.5
Woodlands Avenue 9,S104,2013,3,9,3.0,26.9,31.3,24.7,10.0,40.7
Woodlands Avenue 9,S104,2013,3,10,11.6,27.1,33.4,24.5,7.7,28.1
Woodlands Avenue 9,S104,2013,3,11,0.0,27.5,32.9,25.1,10.5,37.1
Woodlands Avenue 9,S104,2013,3,12,0.0,27.9,33.8,24.7,10.2,31.0
Woodlands Avenue 9,S104,2013,3,13,19.0,27.4,34.4,23.1,8.3,60.5
Woodlands Avenue 9,S104,2013,3,14,0.0,27.5,33.1,25.5,8.7,33.1
Woodlands Avenue 9,S104,2013,3,15,0.0,28.3,32.8,24.9,11.0,37.4
Woodlands Avenue 9,S104,2013,3,16,0.0,28.3,32.4,25.5,11.7,36.4
Woodlands Avenue 9,S104,2013,3,17,16.0,26.9,32.0,25.2,8.4,45.7
Woodlands Avenue 9,S104,2013,3,18,0.0,28.3,34.3,25.2,10.6,30.2
Woodlands Avenue 9,S104,2013,3,19,0.0,28.4,33.5,25.7,11.0,32.8
Woodlands Avenue 9,S104,2013,3,20,0.0,28.9,33.8,26.0,9.6,27.7
Woodlands Avenue 9,S104,2013,3,21,0.2,28.7,33.0,27.4,8.9,33.8
Woodlands Avenue 9,S104,2013,3,22,18.6,27.9,32.9,24.5,8.8,30.6
Woodlands Avenue 9,S104,2013,3,23,5.8,28.0,33.0,25.6,7.0,42.1
Woodlands Avenue 9,S104,2013,3,24,50.0,27.9,36.2,22.9,7.0,60.5
Woodlands Avenue 9,S104,2013,3,25,0.4,27.8,33.7,24.7,6.4,38.2
Woodlands Avenue 9,S104,2013,3,26,10.4,28.1,34.0,24.9,6.3,35.3
Woodlands Avenue 9,S104,2013,3,27,0.0,29.0,32.2,26.3,6.2,29.5
Woodlands Avenue 9,S104,2013,3,28,16.4,28.1,32.9,25.4,5.8,37.4
Woodlands Avenue 9,S104,2013,3,29,36.2,27.7,34.6,24.0,5.6,27.7
Woodlands Avenue 9,S104,2013,3,30,49.2,28.1,34.9,24.1,5.6,55.1
Woodlands Avenue 9,S104,2013,3,31,10.4,28.4,34.7,25.3,6.1,37.1
Woodlands Avenue 9,S104,2013,4,1,21.0,27.9,34.5,23.6,6.3,42.1
Woodlands Avenue 9,S104,2013,4,2,10.6,28.5,33.5,25.4,5.5,28.1
Woodlands Avenue 9,S104,2013,4,3,10.8,28.1,34.1,24.4,6.3,31.7
Woodlands Avenue 9,S104,2013,4,4,4.4,27.5,32.1,25.2,6.3,28.8
Woodlands Avenue 9,S104,2013,4,5,0.0,28.8,32.7,25.7,8.7,30.6
Woodlands Avenue 9,S104,2013,4,6,1.0,27.9,30.1,25.9,12.6,65.2
Woodlands Avenue 9,S104,2013,4,7,0.0,28.1,30.1,26.0,12.7,45.0
Woodlands Avenue 9,S104,2013,4,8,0.8,28.2,32.5,25.7,6.3,38.2
Woodlands Avenue 9,S104,2013,4,9,0.0,28.0,32.3,25.9,5.2,22.0
Woodlands Avenue 9,S104,2013,4,10,0.0,28.6,33.3,26.2,6.6,32.8
Woodlands Avenue 9,S104,2013,4,11,0.0,27.3,30.3,24.6,6.8,21.2
Woodlands Avenue 9,S104,2013,4,12,0.0,29.0,35.1,25.6,7.6,26.6
Woodlands Avenue 9,S104,2013,4,13,3.4,29.5,35.0,26.1,6.9,41.8
Woodlands Avenue 9,S104,2013,4,14,0.8,26.2,29.2,22.6,6.9,61.9
Woodlands Avenue 9,S104,2013,4,15,0.0,29.3,35.1,25.4,8.3,28.1
Woodlands Avenue 9,S104,2013,4,16,5.0,29.9,35.2,26.9,7.7,31.0
Woodlands Avenue 9,S104,2013,4,17,0.4,28.2,31.0,25.0,11.1,42.5
Woodlands Avenue 9,S104,2013,4,18,1.2,30.0,33.6,27.1,9.2,36.4
Woodlands Avenue 9,S104,2013,4,19,0.0,27.2,30.6,25.0,6.7,24.1
Woodlands Avenue 9,S104,2013,4,20,0.0,29.6,34.3,26.4,6.2,26.3
Woodlands Avenue 9,S104,2013,4,21,17.8,26.2,33.4,23.7,6.8,60.8
Woodlands Avenue 9,S104,2013,4,22,11.4,27.8,35.1,23.6,6.2,28.1
Woodlands Avenue 9,S104,2013,4,23,0.2,27.5,32.3,25.1,5.8,35.6
Woodlands Avenue 9,S104,2013,4,24,16.0,27.6,34.2,24.2,5.0,31.7
Woodlands Avenue 9,S104,2013,4,25,20.8,27.8,31.8,25.1,6.4,21.2
Woodlands Avenue 9,S104,2013,4,26,0.8,27.3,31.5,23.6,5.5,47.5
Woodlands Avenue 9,S104,2013,4,27,27.6,27.6,33.8,23.4,4.8,52.2
Woodlands Avenue 9,S104,2013,4,28,40.4,25.9,27.3,23.5,4.6,26.6
Woodlands Avenue 9,S104,2013,4,29,16.2,27.7,32.3,24.9,5.5,23.8
Woodlands Avenue 9,S104,2013,4,30,0.0,28.9,33.9,25.5,5.3,29.9
Woodlands Avenue 9,S104,2013,5,1,0.8,28.1,30.9,26.2,4.6,25.2
Woodlands Avenue 9,S104,2013,5,2,7.2,27.9,32.0,25.0,5.9,43.6
Woodlands Avenue 9,S104,2013,5,3,0.4,27.9,30.8,25.9,4.7,31.0
Woodlands Avenue 9,S104,2013,5,4,0.2,28.8,32.6,25.9,7.2,28.1
Woodlands Avenue 9,S104,2013,5,5,8.4,27.4,30.6,25.5,4.3,22.3
Woodlands Avenue 9,S104,2013,5,6,5.4,27.6,33.3,25.4,5.3,35.6
Woodlands Avenue 9,S104,2013,5,7,68.6,26.8,32.7,22.8,5.6,44.3
Woodlands Avenue 9,S104,2013,5,8,1.0,27.3,31.9,25.1,5.6,33.5
Woodlands Avenue 9,S104,2013,5,9,0.4,27.9,33.5,24.9,6.4,38.5
Woodlands Avenue 9,S104,2013,5,10,7.0,27.9,33.3,25.0,6.1,28.1
Woodlands Avenue 9,S104,2013,5,11,0.0,28.2,32.0,25.8,6.2,24.1
Woodlands Avenue 9,S104,2013,5,12,0.0,30.2,34.9,27.3,6.3,27.0
Woodlands Avenue 9,S104,2013,5,13,0.0,30.5,35.2,27.9,6.9,24.5
Woodlands Avenue 9,S104,2013,5,14,0.6,28.7,32.7,24.7,6.1,39.6
Woodlands Avenue 9,S104,2013,5,15,13.4,28.8,34.0,25.3,6.4,27.7
Woodlands Avenue 9,S104,2013,5,16,0.4,27.3,32.3,23.1,7.6,53.6
Woodlands Avenue 9,S104,2013,5,17,0.0,29.1,33.8,26.0,5.9,21.2
Woodlands Avenue 9,S104,2013,5,18,0.0,28.1,31.4,26.1,5.7,29.2
Woodlands Avenue 9,S104,2013,5,19,0.0,29.2,34.2,25.4,5.8,24.5
Woodlands Avenue 9,S104,2013,5,20,0.0,28.8,33.2,26.6,6.1,27.4
Woodlands Avenue 9,S104,2013,5,21,9.0,27.5,34.6,24.2,6.7,42.5
Woodlands Avenue 9,S104,2013,5,22,19.6,27.3,31.7,24.2,5.2,27.7
Woodlands Avenue 9,S104,2013,5,23,10.8,28.2,32.7,24.7,4.4,34.9
Woodlands Avenue 9,S104,2013,5,24,4.4,26.7,28.7,24.1,5.5,31.3
Woodlands Avenue 9,S104,2013,5,25,0.0,28.8,34.5,26.1,7.0,38.5
Woodlands Avenue 9,S104,2013,5,26,14.6,27.1,32.7,24.3,6.6,31.3
Woodlands Avenue 9,S104,2013,5,27,0.0,28.6,35.1,24.7,5.9,22.0
Woodlands Avenue 9,S104,2013,5,28,0.0,28.3,32.7,25.6,7.5,44.3
Woodlands Avenue 9,S104,2013,5,29,0.2,27.0,28.5,26.0,6.2,22.0
Woodlands Avenue 9,S104,2013,5,30,0.8,26.8,31.7,23.9,8.3,40.0
Woodlands Avenue 9,S104,2013,5,31,28.4,27.6,33.4,24.4,5.8,38.5
Woodlands Avenue 9,S104,2013,6,1,14.0,28.2,35.1,24.4,5.2,56.5
Woodlands Avenue 9,S104,2013,6,2,4.2,29.0,34.6,25.8,6.5,46.1
Woodlands Avenue 9,S104,2013,6,3,1.0,28.6,33.5,26.6,6.9,34.2
Woodlands Avenue 9,S104,2013,6,4,0.2,27.9,33.2,25.2,6.9,29.9
Woodlands Avenue 9,S104,2013,6,5,5.6,27.0,34.7,24.0,6.5,41.0
Woodlands Avenue 9,S104,2013,6,6,13.8,28.0,33.9,24.3,7.2,18.0
Woodlands Avenue 9,S104,2013,6,7,12.2,27.9,34.9,24.7,6.3,53.6
Woodlands Avenue 9,S104,2013,6,8,0.0,28.2,33.5,25.0,6.4,46.1
Woodlands Avenue 9,S104,2013,6,9,0.0,27.7,30.3,25.2,8.4,37.4
Woodlands Avenue 9,S104,2013,6,10,5.0,28.7,31.7,25.6,9.9,35.6
Woodlands Avenue 9,S104,2013,6,11,0.0,29.1,31.8,24.5,10.0,47.9
Woodlands Avenue 9,S104,2013,6,12,0.0,29.5,32.1,27.8,11.4,51.8
Woodlands Avenue 9,S104,2013,6,13,0.0,30.0,33.0,27.4,8.1,36.0
Woodlands Avenue 9,S104,2013,6,14,0.0,30.2,32.6,28.0,8.1,34.9
Woodlands Avenue 9,S104,2013,6,15,0.0,30.3,33.4,27.8,6.7,34.9
Woodlands Avenue 9,S104,2013,6,16,2.8,30.3,33.5,26.9,7.8,35.6
Woodlands Avenue 9,S104,2013,6,17,0.0,28.8,31.5,26.2,8.6,35.3
Woodlands Avenue 9,S104,2013,6,18,0.0,30.0,33.2,27.6,8.9,41.8
Woodlands Avenue 9,S104,2013,6,19,0.0,30.2,33.3,27.8,9.9,46.8
Woodlands Avenue 9,S104,2013,6,20,0.0,29.6,32.5,26.4,8.9,37.8
Woodlands Avenue 9,S104,2013,6,21,0.0,29.7,32.3,27.5,9.3,39.2
Woodlands Avenue 9,S104,2013,6,22,0.0,30.2,33.6,27.6,7.4,30.6
Woodlands Avenue 9,S104,2013,6,23,0.0,30.6,34.2,27.2,4.7,21.6
Woodlands Avenue 9,S104,2013,6,24,0.0,30.2,34.6,28.5,8.2,28.1
Woodlands Avenue 9,S104,2013,6,25,2.4,28.6,33.3,24.3,7.8,54.7
Woodlands Avenue 9,S104,2013,6,26,1.0,27.3,29.8,25.1,5.9,31.3
Woodlands Avenue 9,S104,2013,6,27,0.0,28.9,32.6,26.3,7.3,30.2
Woodlands Avenue 9,S104,2013,6,28,0.0,29.1,32.5,26.8,6.0,26.6
Woodlands Avenue 9,S104,2013,6,29,0.0,29.4,32.8,26.6,6.4,28.1
Woodlands Avenue 9,S104,2013,6,30,12.8,27.0,29.2,23.4,5.9,37.4
Woodlands Avenue 9,S104,2013,7,1,0.0,28.0,30.7,26.0,7.8,40.3
Woodlands Avenue 9,S104,2013,7,2,0.4,27.8,30.9,26.5,6.5,32.8
Woodlands Avenue 9,S104,2013,7,3,0.0,28.4,32.2,25.2,7.4,24.8
Woodlands Avenue 9,S104,2013,7,4,1.0,26.9,30.5,24.6,7.1,47.9
Woodlands Avenue 9,S104,2013,7,5,0.0,27.2,30.9,24.7,8.0,24.5
Woodlands Avenue 9,S104,2013,7,6,0.0,29.1,32.9,26.8,6.4,29.9
Woodlands Avenue 9,S104,2013,7,7,0.0,29.4,33.0,25.8,6.5,34.2
Woodlands Avenue 9,S104,2013,7,8,27.8,28.7,32.8,24.4,7.4,31.3
Woodlands Avenue 9,S104,2013,7,9,8.8,26.4,28.3,24.6,7.4,32.0
Woodlands Avenue 9,S104,2013,7,10,0.0,28.6,32.3,25.7,7.4,28.1
Woodlands Avenue 9,S104,2013,7,11,16.4,27.2,32.1,23.5,5.3,49.0
Woodlands Avenue 9,S104,2013,7,12,1.0,27.0,30.9,25.1,7.9,40.3
Woodlands Avenue 9,S104,2013,7,13,0.0,27.3,29.5,24.8,7.2,28.4
Woodlands Avenue 9,S104,2013,7,14,0.4,27.4,29.1,24.5,6.9,37.8
Woodlands Avenue 9,S104,2013,7,15,0.0,26.9,31.2,24.1,7.7,28.8
Woodlands Avenue 9,S104,2013,7,16,0.0,27.8,32.0,25.7,5.0,32.0
Woodlands Avenue 9,S104,2013,7,17,6.0,26.6,31.1,25.0,5.2,27.0
Woodlands Avenue 9,S104,2013,7,18,2.8,26.3,28.1,24.4,5.7,23.0
Woodlands Avenue 9,S104,2013,7,19,0.0,28.1,32.1,25.5,4.9,28.1
Woodlands Avenue 9,S104,2013,7,20,0.0,29.1,33.0,26.1,6.2,30.6
Woodlands Avenue 9,S104,2013,7,21,0.0,29.4,33.0,26.6,6.2,32.0
Woodlands Avenue 9,S104,2013,7,22,0.0,29.0,32.2,26.3,8.0,37.1
Woodlands Avenue 9,S104,2013,7,23,0.0,29.6,33.0,27.1,7.6,29.2
Woodlands Avenue 9,S104,2013,7,24,0.0,29.3,33.7,25.5,7.4,27.7
Woodlands Avenue 9,S104,2013,7,25,0.0,28.0,32.1,25.6,6.4,27.4
Woodlands Avenue 9,S104,2013,7,26,8.8,26.6,31.5,24.4,6.5,28.1
Woodlands Avenue 9,S104,2013,7,27,0.0,25.8,27.8,24.4,6.4,37.8
Woodlands Avenue 9,S104,2013,7,28,0.0,28.7,33.3,24.9,5.0,23.0
Woodlands Avenue 9,S104,2013,7,29,6.0,27.6,30.0,24.9,5.0,46.8
Woodlands Avenue 9,S104,2013,7,30,0.0,27.6,31.8,25.9,6.2,27.0
Woodlands Avenue 9,S104,2013,7,31,12.4,28.3,32.3,25.0,6.7,27.7
Woodlands Avenue 9,S104,2013,8,1,1.6,26.9,30.2,22.1,6.5,53.6
Woodlands Avenue 9,S104,2013,8,2,0.2,27.2,29.9,24.9,6.4,36.0
Woodlands Avenue 9,S104,2013,8,3,0.0,29.2,33.1,26.6,7.1,31.7
Woodlands Avenue 9,S104,2013,8,4,0.0,28.6,32.0,26.7,6.3,27.4
Woodlands Avenue 9,S104,2013,8,5,34.0,26.7,29.1,22.9,8.9,42.5
Woodlands Avenue 9,S104,2013,8,6,0.0,28.1,31.1,25.3,6.0,29.2
Woodlands Avenue 9,S104,2013,8,7,0.8,28.4,31.3,25.9,6.9,36.7
Woodlands Avenue 9,S104,2013,8,8,0.2,27.0,28.6,23.5,8.0,46.4
Woodlands Avenue 9,S104,2013,8,9,17.2,27.2,32.1,24.0,7.5,40.3
Woodlands Avenue 9,S104,2013,8,10,23.2,27.2,32.1,23.1,8.3,45.0
Woodlands Avenue 9,S104,2013,8,11,14.8,26.4,31.3,22.1,5.7,55.1
Woodlands Avenue 9,S104,2013,8,12,4.6,27.5,32.5,22.8,6.5,52.9
Woodlands Avenue 9,S104,2013,8,13,0.8,26.4,28.6,23.5,6.0,38.5
Woodlands Avenue 9,S104,2013,8,14,3.6,27.3,29.4,25.3,5.2,29.9
Woodlands Avenue 9,S104,2013,8,15,0.0,28.7,32.4,26.6,6.9,26.3
Woodlands Avenue 9,S104,2013,8,16,0.0,28.4,31.8,25.5,6.3,29.5
Woodlands Avenue 9,S104,2013,8,17,11.8,27.5,31.7,24.7,5.9,34.2
Woodlands Avenue 9,S104,2013,8,18,0.8,28.2,33.0,25.3,5.7,28.4
Woodlands Avenue 9,S104,2013,8,19,0.0,27.8,32.5,24.7,6.1,33.1
Woodlands Avenue 9,S104,2013,8,20,15.6,26.8,30.1,23.9,5.1,28.4
Woodlands Avenue 9,S104,2013,8,21,0.0,28.4,31.9,25.6,6.5,34.6
Woodlands Avenue 9,S104,2013,8,22,9.2,28.4,32.3,23.5,6.8,41.4
Woodlands Avenue 9,S104,2013,8,23,0.0,28.6,32.1,25.2,7.3,32.4
Woodlands Avenue 9,S104,2013,8,24,0.0,29.3,33.2,26.2,7.3,30.6
Woodlands Avenue 9,S104,2013,8,25,0.0,29.2,32.5,26.9,9.1,36.0
Woodlands Avenue 9,S104,2013,8,26,25.4,27.4,31.1,24.1,7.8,35.6
Woodlands Avenue 9,S104,2013,8,27,0.0,28.8,33.2,26.3,6.8,23.4
Woodlands Avenue 9,S104,2013,8,28,6.4,27.3,32.8,24.3,7.0,43.2
Woodlands Avenue 9,S104,2013,8,29,5.8,26.1,30.1,24.6,6.2,31.0
Woodlands Avenue 9,S104,2013,8,30,0.2,26.9,31.5,24.0,5.6,45.0
Woodlands Avenue 9,S104,2013,8,31,0.0,28.2,33.6,24.8,7.1,29.5
Woodlands Avenue 9,S104,2013,9,1,2.2,27.0,30.3,25.2,6.7,31.0
Woodlands Avenue 9,S104,2013,9,2,39.2,26.7,32.0,23.4,6.1,36.0
Woodlands Avenue 9,S104,2013,9,3,26.8,26.3,29.7,23.3,4.3,26.3
Woodlands Avenue 9,S104,2013,9,4,2.0,26.2,29.6,24.2,4.8,19.8
Woodlands Avenue 9,S104,2013,9,5,12.8,25.7,27.7,24.6,6.2,28.4
Woodlands Avenue 9,S104,2013,9,6,43.6,26.1,29.8,22.6,7.0,46.1
Woodlands Avenue 9,S104,2013,9,7,8.6,25.7,29.4,21.9,8.3,47.9
Woodlands Avenue 9,S104,2013,9,8,0.2,26.1,30.1,22.6,7.1,33.1
Woodlands Avenue 9,S104,2013,9,9,19.6,25.9,30.2,23.3,7.5,40.7
Woodlands Avenue 9,S104,2013,9,10,4.6,25.5,27.2,23.3,9.6,43.6
Woodlands Avenue 9,S104,2013,9,11,0.2,27.9,31.7,24.1,7.1,27.7
Woodlands Avenue 9,S104,2013,9,12,0.0,28.4,32.0,23.9,8.1,33.8
Woodlands Avenue 9,S104,2013,9,13,0.0,28.1,31.2,25.9,5.1,23.8
Woodlands Avenue 9,S104,2013,9,14,0.0,28.6,31.8,26.0,5.1,33.1
Woodlands Avenue 9,S104,2013,9,15,23.4,25.2,27.4,23.1,7.6,34.9
Woodlands Avenue 9,S104,2013,9,16,0.0,27.7,32.0,24.3,5.4,20.5
Woodlands Avenue 9,S104,2013,9,17,2.0,26.8,30.7,25.1,6.0,33.5
Woodlands Avenue 9,S104,2013,9,18,0.0,28.8,32.1,26.2,4.8,21.2
Woodlands Avenue 9,S104,2013,9,19,0.0,28.9,33.4,26.6,6.3,35.3
Woodlands Avenue 9,S104,2013,9,20,0.0,29.4,33.1,26.5,6.4,25.9
Woodlands Avenue 9,S104,2013,9,21,0.0,29.4,32.3,27.4,7.1,35.3
Woodlands Avenue 9,S104,2013,9,22,0.0,29.5,33.3,27.1,6.9,34.6
Woodlands Avenue 9,S104,2013,9,23,0.0,29.5,33.4,26.6,7.4,26.6
Woodlands Avenue 9,S104,2013,9,24,0.0,29.7,33.9,27.2,7.8,32.0
Woodlands Avenue 9,S104,2013,9,25,10.4,27.0,29.2,21.9,6.4,65.5
Woodlands Avenue 9,S104,2013,9,26,22.4,25.8,29.8,22.4,6.1,54.4
Woodlands Avenue 9,S104,2013,9,27,0.0,28.3,31.2,25.7,6.2,28.1
Woodlands Avenue 9,S104,2013,9,28,6.0,27.8,31.0,25.9,6.1,32.0
Woodlands Avenue 9,S104,2013,9,29,0.6,27.3,31.1,23.1,7.4,36.4
Woodlands Avenue 9,S104,2013,9,30,0.0,28.1,31.0,25.4,6.3,31.7
Woodlands Avenue 9,S104,2013,10,1,0.0,29.3,33.2,26.7,7.7,32.8
Woodlands Avenue 9,S104,2013,10,2,9.2,26.8,29.9,23.9,8.5,42.8
Woodlands Avenue 9,S104,2013,10,3,47.6,26.9,32.5,22.4,5.8,42.8
Woodlands Avenue 9,S104,2013,10,4,1.8,27.9,32.6,24.5,6.3,23.8
Woodlands Avenue 9,S104,2013,10,5,4.8,28.0,31.6,23.2,7.9,40.7
Woodlands Avenue 9,S104,2013,10,6,7.2,27.9,32.5,22.6,10.0,59.0
Woodlands Avenue 9,S104,2013,10,7,0.4,27.7,31.5,23.0,8.9,45.0
Woodlands Avenue 9,S104,2013,10,8,7.4,29.3,33.6,25.0,6.3,41.4
Woodlands Avenue 9,S104,2013,10,9,0.0,28.0,33.4,23.5,7.9,52.6
Woodlands Avenue 9,S104,2013,10,10,0.8,27.5,33.4,24.2,7.3,30.6
Woodlands Avenue 9,S104,2013,10,11,0.6,27.1,30.2,24.9,5.2,24.8
Woodlands Avenue 9,S104,2013,10,12,0.0,27.8,30.9,26.3,8.4,32.0
Woodlands Avenue 9,S104,2013,10,13,14.2,27.8,31.2,26.0,9.8,43.6
Woodlands Avenue 9,S104,2013,10,14,0.8,26.9,30.0,23.8,8.1,34.6
Woodlands Avenue 9,S104,2013,10,15,0.2,27.5,30.3,24.9,6.2,28.4
Woodlands Avenue 9,S104,2013,10,16,0.0,29.2,33.2,25.9,6.1,26.6
Woodlands Avenue 9,S104,2013,10,17,0.0,28.8,32.7,25.9,10.3,34.6
Woodlands Avenue 9,S104,2013,10,18,3.4,28.2,31.3,24.6,9.6,34.2
Woodlands Avenue 9,S104,2013,10,19,0.0,27.2,32.2,25.0,4.8,31.3
Woodlands Avenue 9,S104,2013,10,20,0.8,26.5,31.7,24.3,8.5,32.0
Woodlands Avenue 9,S104,2013,10,21,9.0,27.2,29.9,24.9,7.4,27.7
Woodlands Avenue 9,S104,2013,10,22,0.0,26.8,30.8,23.7,7.8,31.7
Woodlands Avenue 9,S104,2013,10,23,0.0,27.3,31.6,24.3,8.0,33.8
Woodlands Avenue 9,S104,2013,10,24,0.0,27.0,33.5,25.0,5.9,25.2
Woodlands Avenue 9,S104,2013,10,25,0.0,27.9,32.8,24.7,7.2,31.0
Woodlands Avenue 9,S104,2013,10,26,0.0,27.0,32.2,24.1,8.5,45.0
Woodlands Avenue 9,S104,2013,10,27,6.8,26.1,32.7,23.7,7.3,32.0
Woodlands Avenue 9,S104,2013,10,28,60.8,26.3,33.4,22.8,6.0,31.0
Woodlands Avenue 9,S104,2013,10,29,0.0,27.2,31.5,24.6,6.4,26.3
Woodlands Avenue 9,S104,2013,10,30,9.4,26.6,31.6,23.9,5.1,40.7
Woodlands Avenue 9,S104,2013,10,31,17.0,26.6,33.8,23.8,5.0,34.9
Woodlands Avenue 9,S104,2013,11,1,74.2,26.7,32.7,22.4,5.4,56.2
Woodlands Avenue 9,S104,2013,11,2,0.0,26.7,30.8,25.0,5.7,24.1
Woodlands Avenue 9,S104,2013,11,3,0.0,26.7,33.2,24.7,6.5,37.1
Woodlands Avenue 9,S104,2013,11,4,7.4,26.7,31.9,24.8,6.6,31.0
Woodlands Avenue 9,S104,2013,11,5,34.0,27.0,33.8,24.2,6.7,30.6
Woodlands Avenue 9,S104,2013,11,6,0.2,26.9,30.1,23.4,8.3,35.6
Woodlands Avenue 9,S104,2013,11,7,0.0,28.1,32.3,24.9,8.4,28.8
Woodlands Avenue 9,S104,2013,11,8,0.2,27.2,32.1,24.9,7.9,35.3
Woodlands Avenue 9,S104,2013,11,9,15.6,26.4,31.6,24.8,5.2,32.8
Woodlands Avenue 9,S104,2013,11,10,14.2,26.9,30.4,23.4,5.2,43.2
Woodlands Avenue 9,S104,2013,11,11,3.4,27.0,30.1,23.8,6.9,41.0
Woodlands Avenue 9,S104,2013,11,12,4.0,25.4,27.9,23.6,5.9,28.8
Woodlands Avenue 9,S104,2013,11,13,42.8,27.0,34.8,24.1,5.7,37.4
Woodlands Avenue 9,S104,2013,11,14,0.2,26.6,30.1,23.1,5.4,38.9
Woodlands Avenue 9,S104,2013,11,15,1.6,26.4,31.3,24.2,6.6,32.0
Woodlands Avenue 9,S104,2013,11,16,0.8,27.1,31.1,24.4,6.2,28.4
Woodlands Avenue 9,S104,2013,11,17,1.2,25.7,27.2,24.8,8.4,31.3
Woodlands Avenue 9,S104,2013,11,18,0.0,26.7,30.4,24.6,8.8,43.9
Woodlands Avenue 9,S104,2013,11,19,1.0,27.2,31.8,25.1,5.9,31.0
Woodlands Avenue 9,S104,2013,11,20,6.0,27.3,29.9,24.3,10.2,45.0
Woodlands Avenue 9,S104,2013,11,21,11.2,27.9,31.2,24.2,10.6,43.6
Woodlands Avenue 9,S104,2013,11,22,34.8,27.3,31.3,23.9,6.5,23.0
Woodlands Avenue 9,S104,2013,11,23,1.0,26.6,30.7,22.3,7.1,41.0
Woodlands Avenue 9,S104,2013,11,24,0.0,27.6,32.3,25.3,6.3,24.8
Woodlands Avenue 9,S104,2013,11,25,9.0,26.7,32.5,23.6,6.8,44.6
Woodlands Avenue 9,S104,2013,11,26,0.4,26.9,30.0,25.2,7.1,24.5
Woodlands Avenue 9,S104,2013,11,27,41.2,27.9,34.0,23.7,5.7,32.8
Woodlands Avenue 9,S104,2013,11,28,0.4,26.6,31.5,24.9,6.9,27.7
Woodlands Avenue 9,S104,2013,11,29,0.8,27.2,31.8,24.8,6.9,28.4
Woodlands Avenue 9,S104,2013,11,30,11.0,26.6,32.4,24.8,7.2,30.6
Woodlands Avenue 9,S104,2013,12,1,44.0,25.6,27.5,24.4,8.0,24.1
Woodlands Avenue 9,S104,2013,12,2,9.4,24.5,25.2,24.0,8.4,25.6
Woodlands Avenue 9,S104,2013,12,3,48.8,25.2,30.7,23.5,6.6,25.6
Woodlands Avenue 9,S104,2013,12,4,0.0,25.4,27.8,23.7,9.8,32.8
Woodlands Avenue 9,S104,2013,12,5,1.2,26.3,31.3,24.2,7.1,24.8
Woodlands Avenue 9,S104,2013,12,6,44.2,24.8,30.0,23.3,7.4,31.7
Woodlands Avenue 9,S104,2013,12,7,0.0,26.7,32.3,23.0,6.3,27.7
Woodlands Avenue 9,S104,2013,12,8,20.4,24.9,28.5,23.6,9.2,25.2
Woodlands Avenue 9,S104,2013,12,9,0.0,26.8,32.8,24.1,6.6,29.2
Woodlands Avenue 9,S104,2013,12,10,2.0,26.9,31.7,24.8,5.5,23.8
Woodlands Avenue 9,S104,2013,12,11,8.8,27.0,30.9,24.7,8.5,32.0
Woodlands Avenue 9,S104,2013,12,12,3.4,26.9,30.8,25.1,9.3,36.4
Woodlands Avenue 9,S104,2013,12,13,0.0,27.4,31.8,24.9,10.2,29.9
Woodlands Avenue 9,S104,2013,12,14,0.6,27.2,31.9,24.9,8.5,33.5
Woodlands Avenue 9,S104,2013,12,15,6.6,26.5,32.7,23.0,7.2,36.4
Woodlands Avenue 9,S104,2013,12,16,0.0,28.0,32.5,24.4,8.6,37.4
Woodlands Avenue 9,S104,2013,12,17,0.2,27.9,32.9,24.8,7.3,35.3
Woodlands Avenue 9,S104,2013,12,18,57.8,26.7,33.3,21.7,9.4,48.6
Woodlands Avenue 9,S104,2013,12,19,0.0,25.6,28.8,23.0,10.4,43.9
Woodlands Avenue 9,S104,2013,12,20,3.8,25.1,27.4,23.5,7.6,28.8
Woodlands Avenue 9,S104,2013,12,21,0.0,25.9,29.2,23.5,9.7,28.8
Woodlands Avenue 9,S104,2013,12,22,0.0,26.5,30.7,24.0,11.5,33.8
Woodlands Avenue 9,S104,2013,12,23,2.2,25.3,27.4,23.9,12.7,31.7
Woodlands Avenue 9,S104,2013,12,24,0.6,26.7,29.2,25.3,12.0,40.0
Woodlands Avenue 9,S104,2013,12,25,0.0,27.0,30.0,25.2,10.8,44.3
Woodlands Avenue 9,S104,2013,12,26,15.4,26.3,30.5,23.8,10.5,33.5
Woodlands Avenue 9,S104,2013,12,27,0.2,26.6,29.5,24.7,11.5,39.6
Woodlands Avenue 9,S104,2013,12,28,0.4,26.0,29.3,24.6,12.6,41.0
Woodlands Avenue 9,S104,2013,12,29,0.0,25.8,27.9,24.3,11.1,35.3
Woodlands Avenue 9,S104,2013,12,30,0.4,26.2,29.1,24.2,11.4,35.6
Woodlands Avenue 9,S104,2013,12,31,1.0,25.4,27.4,24.6,11.9,38.2
Woodlands Avenue 9,S104,2014,1,1,0.0,26.3,28.8,24.3,10.8,34.2
Woodlands Avenue 9,S104,2014,1,2,0.0,26.9,30.7,24.6,11.5,38.2
Woodlands Avenue 9,S104,2014,1,3,4.6,26.5,29.5,24.9,9.7,34.2
Woodlands Avenue 9,S104,2014,1,4,3.8,26.4,31.2,24.7,8.1,32.8
Woodlands Avenue 9,S104,2014,1,5,3.6,24.6,25.3,23.6,8.4,27.0
Woodlands Avenue 9,S104,2014,1,6,80.0,25.0,27.2,23.1,6.2,29.5
Woodlands Avenue 9,S104,2014,1,7,2.0,26.5,30.6,24.3,8.0,27.4
Woodlands Avenue 9,S104,2014,1,8,0.0,26.9,30.8,24.4,11.7,34.6
Woodlands Avenue 9,S104,2014,1,9,2.6,25.4,27.5,23.9,6.0,27.4
Woodlands Avenue 9,S104,2014,1,10,0.0,26.9,31.9,24.1,6.0,27.4
Woodlands Avenue 9,S104,2014,1,11,1.8,26.5,30.9,23.6,12.8,37.4
Woodlands Avenue 9,S104,2014,1,12,0.2,25.9,28.3,24.4,11.7,39.2
Woodlands Avenue 9,S104,2014,1,13,0.0,26.4,29.3,24.5,14.8,43.2
Woodlands Avenue 9,S104,2014,1,14,0.2,26.1,29.6,23.9,13.3,44.3
Woodlands Avenue 9,S104,2014,1,15,0.0,25.4,28.2,23.9,12.8,44.3
Woodlands Avenue 9,S104,2014,1,16,0.0,25.6,28.4,23.5,13.9,39.6
Woodlands Avenue 9,S104,2014,1,17,0.0,25.6,28.6,23.5,14.3,41.8
Woodlands Avenue 9,S104,2014,1,18,0.0,25.6,28.5,23.5,14.0,42.5
Woodlands Avenue 9,S104,2014,1,19,0.0,25.6,29.0,23.5,13.2,39.6
Woodlands Avenue 9,S104,2014,1,20,0.0,25.6,29.2,23.7,14.2,37.4
Woodlands Avenue 9,S104,2014,1,21,0.0,25.5,28.7,23.4,14.0,39.6
Woodlands Avenue 9,S104,2014,1,22,0.0,25.0,27.9,23.0,13.5,40.3
Woodlands Avenue 9,S104,2014,1,23,0.0,25.2,28.7,23.1,13.0,41.8
Woodlands Avenue 9,S104,2014,1,24,0.0,25.2,28.3,23.0,12.6,35.3
Woodlands Avenue 9,S104,2014,1,25,0.0,25.2,28.7,23.1,12.4,38.5
Woodlands Avenue 9,S104,2014,1,26,0.0,25.2,29.3,22.5,11.3,37.1
Woodlands Avenue 9,S104,2014,1,27,0.0,25.2,28.7,22.6,13.5,39.2
Woodlands Avenue 9,S104,2014,1,28,0.0,26.1,29.7,24.1,14.0,40.7
Woodlands Avenue 9,S104,2014,1,29,0.0,26.0,30.0,23.4,14.5,46.4
Woodlands Avenue 9,S104,2014,1,30,0.0,25.5,30.3,22.6,13.2,53.6
Woodlands Avenue 9,S104,2014,1,31,0.0,25.8,30.6,22.4,13.8,36.4
Woodlands Avenue 9,S104,2014,2,1,0.0,25.7,32.4,21.8,10.9,33.1
Woodlands Avenue 9,S104,2014,2,2,0.0,25.4,30.5,22.5,10.2,31.0
Woodlands Avenue 9,S104,2014,2,3,0.0,25.9,31.7,23.0,10.8,29.9
Woodlands Avenue 9,S104,2014,2,4,0.0,26.2,31.8,22.4,10.6,32.4
Woodlands Avenue 9,S104,2014,2,5,0.0,25.9,32.0,22.5,11.6,35.6
Woodlands Avenue 9,S104,2014,2,6,0.0,26.2,31.7,23.0,10.5,35.3
Woodlands Avenue 9,S104,2014,2,7,0.0,26.3,31.5,23.6,10.1,27.0
Woodlands Avenue 9,S104,2014,2,8,15.8,26.3,31.7,23.8,9.4,32.0
Woodlands Avenue 9,S104,2014,2,9,0.0,27.0,32.6,24.2,7.9,29.2
Woodlands Avenue 9,S104,2014,2,10,0.0,27.6,33.4,24.3,8.4,27.7
Woodlands Avenue 9,S104,2014,2,11,0.0,27.2,31.7,24.7,11.1,33.1
Woodlands Avenue 9,S104,2014,2,12,0.0,27.1,32.5,24.1,12.1,37.8
Woodlands Avenue 9,S104,2014,2,13,0.0,27.5,32.6,24.9,12.5,40.7
Woodlands Avenue 9,S104,2014,2,14,0.0,27.0,30.9,24.7,12.8,37.1
Woodlands Avenue 9,S104,2014,2,15,0.0,27.1,31.0,24.7,14.4,41.0
Woodlands Avenue 9,S104,2014,2,16,0.0,26.9,30.9,24.7,12.9,38.5
Woodlands Avenue 9,S104,2014,2,17,0.0,27.0,30.7,24.9,14.6,36.4
Woodlands Avenue 9,S104,2014,2,18,0.0,27.4,32.2,24.8,13.0,34.6
Woodlands Avenue 9,S104,2014,2,19,0.0,27.1,32.0,24.5,12.0,35.3
Woodlands Avenue 9,S104,2014,2,20,0.0,27.1,31.3,24.7,15.2,42.5
Woodlands Avenue 9,S104,2014,2,21,0.0,26.9,29.8,24.9,15.7,43.2
Woodlands Avenue 9,S104,2014,2,22,0.0,27.5,32.4,24.5,14.8,51.1
Woodlands Avenue 9,S104,2014,2,23,0.0,26.7,31.3,24.0,12.5,44.3
Woodlands Avenue 9,S104,2014,2,24,0.0,26.7,31.4,23.7,13.8,40.0
Woodlands Avenue 9,S104,2014,2,25,0.0,26.4,31.0,23.4,11.9,37.8
Woodlands Avenue 9,S104,2014,2,26,0.0,26.8,31.2,23.7,13.3,41.0
Woodlands Avenue 9,S104,2014,2,27,0.0,27.3,32.4,24.1,13.6,44.3
Woodlands Avenue 9,S104,2014,2,28,0.0,27.1,31.5,24.1,13.8,40.7
Woodlands Avenue 9,S104,2014,3,1,0.0,27.0,31.5,24.6,12.4,40.3
Woodlands Avenue 9,S104,2014,3,2,0.0,27.5,33.9,24.1,10.2,31.0
Woodlands Avenue 9,S104,2014,3,3,0.0,27.3,33.2,24.4,10.8,38.5
Woodlands Avenue 9,S104,2014,3,4,0.0,27.5,33.3,24.2,10.6,33.1
Woodlands Avenue 9,S104,2014,3,5,0.0,27.4,33.9,23.9,11.4,40.7
Woodlands Avenue 9,S104,2014,3,6,0.0,26.9,31.9,23.5,11.5,38.2
Woodlands Avenue 9,S104,2014,3,7,0.0,27.2,32.1,23.9,12.1,36.7
Woodlands Avenue 9,S104,2014,3,8,0.0,27.4,32.8,24.5,11.9,37.8
Woodlands Avenue 9,S104,2014,3,9,0.0,27.0,32.6,23.6,13.0,40.0
Woodlands Avenue 9,S104,2014,3,10,0.0,27.2,31.4,24.2,13.8,42.1
Woodlands Avenue 9,S104,2014,3,11,0.0,27.6,33.3,24.0,13.9,42.5
Woodlands Avenue 9,S104,2014,3,12,0.0,27.7,33.4,24.7,13.1,36.7
Woodlands Avenue 9,S104,2014,3,13,0.0,28.0,33.8,24.6,11.9,38.2
Woodlands Avenue 9,S104,2014,3,14,0.0,28.2,33.5,25.1,11.6,40.7
Woodlands Avenue 9,S104,2014,3,15,0.0,28.0,31.8,25.6,14.0,43.6
Woodlands Avenue 9,S104,2014,3,16,25.4,25.4,27.0,23.6,7.8,44.3
Woodlands Avenue 9,S104,2014,3,17,29.6,25.7,28.0,23.8,8.2,35.6
Woodlands Avenue 9,S104,2014,3,18,21.2,26.1,30.1,24.5,7.2,38.2
Woodlands Avenue 9,S104,2014,3,19,21.8,25.9,31.2,24.2,6.6,29.9
Woodlands Avenue 9,S104,2014,3,20,2.4,26.5,31.4,25.0,7.0,32.0
Woodlands Avenue 9,S104,2014,3,21,5.0,27.3,33.1,24.8,6.9,34.6
Woodlands Avenue 9,S104,2014,3,22,0.0,27.0,31.0,24.3,11.4,34.2
Woodlands Avenue 9,S104,2014,3,23,0.0,27.4,32.2,24.1,12.2,43.6
Woodlands Avenue 9,S104,2014,3,24,0.0,27.6,32.2,24.7,11.8,36.7
Woodlands Avenue 9,S104,2014,3,25,0.0,27.9,32.6,25.0,12.8,43.2
Woodlands Avenue 9,S104,2014,3,26,0.0,28.2,32.7,25.4,12.0,35.6
Woodlands Avenue 9,S104,2014,3,27,0.0,28.6,33.8,25.4,10.3,35.3
Woodlands Avenue 9,S104,2014,3,28,10.0,28.3,34.0,25.6,9.6,32.8
Woodlands Avenue 9,S104,2014,3,29,4.6,27.7,32.6,24.8,7.6,45.7
Woodlands Avenue 9,S104,2014,3,30,0.0,28.0,32.7,25.6,7.3,31.3
Woodlands Avenue 9,S104,2014,3,31,0.0,28.5,32.9,25.8,8.9,31.3
Woodlands Avenue 9,S104,2014,4,1,3.0,28.1,33.1,25.7,6.7,22.7
Woodlands Avenue 9,S104,2014,4,2,0.2,28.3,31.9,25.9,7.0,22.0
Woodlands Avenue 9,S104,2014,4,3,0.0,29.0,33.8,26.5,8.9,36.4
Woodlands Avenue 9,S104,2014,4,4,0.0,28.0,34.0,25.5,6.4,30.6
Woodlands Avenue 9,S104,2014,4,5,3.0,26.3,28.1,24.2,7.3,27.4
Woodlands Avenue 9,S104,2014,4,6,2.0,28.0,31.8,25.2,8.6,32.4
Woodlands Avenue 9,S104,2014,4,7,0.0,28.8,34.5,24.9,7.9,22.7
Woodlands Avenue 9,S104,2014,4,8,10.8,27.7,33.8,25.0,7.4,36.7
Woodlands Avenue 9,S104,2014,4,9,10.4,27.5,34.2,24.4,6.6,34.6
Woodlands Avenue 9,S104,2014,4,10,0.8,27.4,30.9,25.3,6.8,21.2
Woodlands Avenue 9,S104,2014,4,11,44.2,27.3,33.7,22.4,6.9,38.2
Woodlands Avenue 9,S104,2014,4,12,2.4,26.6,30.0,23.8,6.0,36.0
Woodlands Avenue 9,S104,2014,4,13,12.2,28.3,34.5,25.3,5.5,34.6
Woodlands Avenue 9,S104,2014,4,14,60.4,27.6,35.8,23.0,6.1,47.9
Woodlands Avenue 9,S104,2014,4,15,0.0,28.4,34.7,24.9,7.3,36.0
Woodlands Avenue 9,S104,2014,4,16,6.6,28.1,33.6,25.2,5.8,37.1
Woodlands Avenue 9,S104,2014,4,17,13.0,27.8,32.4,24.8,5.8,29.9
Woodlands Avenue 9,S104,2014,4,18,0.2,27.2,30.1,26.2,5.4,31.0
Woodlands Avenue 9,S104,2014,4,19,0.0,28.7,33.7,25.3,6.7,25.6
Woodlands Avenue 9,S104,2014,4,20,11.8,27.6,30.5,24.6,6.7,41.4
Woodlands Avenue 9,S104,2014,4,21,5.8,26.5,29.3,25.4,6.0,27.4
Woodlands Avenue 9,S104,2014,4,22,0.2,27.3,34.9,24.8,5.7,30.6
Woodlands Avenue 9,S104,2014,4,23,2.0,27.8,33.5,24.8,5.6,40.7
Woodlands Avenue 9,S104,2014,4,24,9.4,28.0,33.8,24.6,7.4,40.0
Woodlands Avenue 9,S104,2014,4,25,49.2,27.8,34.5,24.0,5.5,34.6
Woodlands Avenue 9,S104,2014,4,26,1.8,27.9,34.9,25.6,5.6,28.8
Woodlands Avenue 9,S104,2014,4,27,0.0,28.0,33.2,25.5,6.5,28.8
Woodlands Avenue 9,S104,2014,4,28,0.2,28.5,32.3,25.5,6.9,26.3
Woodlands Avenue 9,S104,2014,4,29,0.0,28.2,31.6,25.8,7.3,34.9
Woodlands Avenue 9,S104,2014,4,30,11.8,27.8,32.7,25.7,5.4,20.5
Woodlands Avenue 9,S104,2014,5,1,0.2,28.0,31.0,24.5,6.6,44.3
Woodlands Avenue 9,S104,2014,5,2,0.0,29.5,33.2,26.3,5.5,22.0
Woodlands Avenue 9,S104,2014,5,3,38.6,28.6,34.7,25.5,7.7,37.4
Woodlands Avenue 9,S104,2014,5,4,0.0,28.9,33.3,26.2,6.8,29.9
Woodlands Avenue 9,S104,2014,5,5,4.4,28.9,33.6,26.6,7.0,30.2
Woodlands Avenue 9,S104,2014,5,6,0.0,29.5,33.8,26.5,7.9,28.8
Woodlands Avenue 9,S104,2014,5,7,3.4,28.0,34.2,25.2,7.2,39.2
Woodlands Avenue 9,S104,2014,5,8,46.0,27.2,32.7,23.0,5.6,43.2
Woodlands Avenue 9,S104,2014,5,9,21.8,28.1,32.2,25.8,6.4,37.8
Woodlands Avenue 9,S104,2014,5,10,0.0,29.6,34.9,26.9,5.8,21.6
Woodlands Avenue 9,S104,2014,5,11,36.4,27.7,33.7,24.2,5.7,31.7
Woodlands Avenue 9,S104,2014,5,12,0.8,27.9,32.0,25.5,4.7,28.4
Woodlands Avenue 9,S104,2014,5,13,0.0,28.6,33.0,25.3,6.6,30.6
Woodlands Avenue 9,S104,2014,5,14,12.2,27.7,30.6,24.5,8.9,38.2
Woodlands Avenue 9,S104,2014,5,15,0.0,29.3,33.4,26.7,5.5,27.0
Woodlands Avenue 9,S104,2014,5,16,13.0,28.3,31.3,23.3,6.1,46.4
Woodlands Avenue 9,S104,2014,5,17,11.0,28.1,31.4,24.9,6.2,35.3
Woodlands Avenue 9,S104,2014,5,18,4.6,26.6,29.0,24.5,4.3,38.2
Woodlands Avenue 9,S104,2014,5,19,29.4,27.1,30.2,22.7,6.3,43.9
Woodlands Avenue 9,S104,2014,5,20,5.0,27.2,33.2,23.6,5.4,27.0
Woodlands Avenue 9,S104,2014,5,21,11.2,27.6,32.7,25.0,6.2,37.8
Woodlands Avenue 9,S104,2014,5,22,0.0,28.8,32.7,25.7,5.6,24.1
Woodlands Avenue 9,S104,2014,5,23,1.8,27.0,30.6,24.2,6.0,31.0
Woodlands Avenue 9,S104,2014,5,24,0.0,28.4,33.3,24.7,7.4,33.5
Woodlands Avenue 9,S104,2014,5,25,16.6,28.8,33.6,26.3,5.5,28.1
Woodlands Avenue 9,S104,2014,5,26,23.0,27.4,31.1,25.2,5.7,21.6
Woodlands Avenue 9,S104,2014,5,27,0.0,27.7,30.7,25.6,7.3,31.3
Woodlands Avenue 9,S104,2014,5,28,10.2,28.5,33.0,24.6,6.0,31.3
Woodlands Avenue 9,S104,2014,5,29,1.2,28.7,33.0,25.0,5.2,21.6
Woodlands Avenue 9,S104,2014,5,30,10.2,27.7,31.6,26.0,6.8,31.3
Woodlands Avenue 9,S104,2014,5,31,0.0,29.0,32.3,26.0,6.2,30.6
Woodlands Avenue 9,S104,2014,6,1,23.8,28.3,31.7,25.6,5.6,32.0
Woodlands Avenue 9,S104,2014,6,2,10.2,28.4,31.2,25.8,4.2,24.8
Woodlands Avenue 9,S104,2014,6,3,0.0,29.3,31.8,26.7,5.0,20.5
Woodlands Avenue 9,S104,2014,6,4,4.0,27.5,29.0,26.4,5.7,25.9
Woodlands Avenue 9,S104,2014,6,5,7.2,26.6,30.0,24.4,7.8,36.0
Woodlands Avenue 9,S104,2014,6,6,41.8,27.1,32.0,24.1,5.8,46.4
Woodlands Avenue 9,S104,2014,6,7,0.4,28.5,32.3,25.3,6.2,29.9
Woodlands Avenue 9,S104,2014,6,8,0.0,30.2,34.1,27.3,6.1,25.2
Woodlands Avenue 9,S104,2014,6,9,16.8,29.1,34.5,24.0,5.5,53.3
Woodlands Avenue 9,S104,2014,6,10,0.4,28.8,34.0,25.9,6.1,25.9
Woodlands Avenue 9,S104,2014,6,11,0.0,30.0,33.7,27.8,5.9,34.2
Woodlands Avenue 9,S104,2014,6,12,5.2,28.7,32.6,23.6,7.3,60.5
Woodlands Avenue 9,S104,2014,6,13,0.0,30.0,33.4,27.7,5.9,23.4
Woodlands Avenue 9,S104,2014,6,14,18.0,27.4,29.4,22.9,5.1,58.7
Woodlands Avenue 9,S104,2014,6,15,0.0,29.2,32.4,26.3,5.8,26.3
Woodlands Avenue 9,S104,2014,6,16,0.0,30.0,33.5,27.9,7.0,33.8
Woodlands Avenue 9,S104,2014,6,17,0.0,30.4,33.8,28.2,7.2,22.7
Woodlands Avenue 9,S104,2014,6,18,10.6,28.6,32.9,23.3,8.0,47.9
Woodlands Avenue 9,S104,2014,6,19,2.6,29.2,33.9,24.8,6.8,40.7
Woodlands Avenue 9,S104,2014,6,20,0.0,30.4,33.9,28.1,6.7,25.6
Woodlands Avenue 9,S104,2014,6,21,0.0,30.8,34.3,28.3,6.7,30.6
Woodlands Avenue 9,S104,2014,6,22,0.0,29.9,33.3,27.3,7.5,28.8
Woodlands Avenue 9,S104,2014,6,23,0.0,29.7,32.2,27.7,6.7,36.7
Woodlands Avenue 9,S104,2014,6,24,1.2,29.3,33.2,25.3,5.6,24.5
Woodlands Avenue 9,S104,2014,6,25,27.6,28.5,32.0,22.6,7.9,58.3
Woodlands Avenue 9,S104,2014,6,26,0.0,29.5,32.8,27.1,6.1,32.8
Woodlands Avenue 9,S104,2014,6,27,0.0,27.4,29.7,25.3,7.6,37.4
Woodlands Avenue 9,S104,2014,6,28,0.0,28.9,32.8,26.5,5.4,23.0
Woodlands Avenue 9,S104,2014,6,29,3.6,28.6,31.5,25.8,5.2,29.2
Woodlands Avenue 9,S104,2014,6,30,22.6,27.2,30.5,23.0,6.3,38.5
Woodlands Avenue 9,S104,2014,7,1,1.2,28.0,33.3,25.1,5.4,33.8
Woodlands Avenue 9,S104,2014,7,2,0.0,28.7,32.0,25.2,6.0,27.7
Woodlands Avenue 9,S104,2014,7,3,0.2,28.5,31.6,25.8,5.5,25.2
Woodlands Avenue 9,S104,2014,7,4,0.0,28.6,30.9,27.4,4.9,33.5
Woodlands Avenue 9,S104,2014,7,5,34.4,27.1,29.9,23.6,6.1,38.9
Woodlands Avenue 9,S104,2014,7,6,0.0,28.4,31.2,26.2,5.0,29.5
Woodlands Avenue 9,S104,2014,7,7,53.8,28.0,32.0,23.2,7.9,43.6
Woodlands Avenue 9,S104,2014,7,8,18.2,27.7,31.0,22.9,7.4,41.4
Woodlands Avenue 9,S104,2014,7,9,28.8,27.2,29.2,22.9,6.5,32.0
Woodlands Avenue 9,S104,2014,7,10,1.0,28.4,33.1,26.5,6.1,23.0
Woodlands Avenue 9,S104,2014,7,11,15.8,27.2,31.7,24.8,5.9,33.1
Woodlands Avenue 9,S104,2014,7,12,0.0,27.1,30.2,24.2,8.3,34.2
Woodlands Avenue 9,S104,2014,7,13,0.0,29.1,33.4,26.3,6.7,29.5
Woodlands Avenue 9,S104,2014,7,14,0.0,30.0,33.9,27.6,6.5,25.6
Woodlands Avenue 9,S104,2014,7,15,0.0,29.8,32.1,28.3,7.3,24.5
Woodlands Avenue 9,S104,2014,7,16,0.0,29.2,33.4,26.7,7.1,26.3
Woodlands Avenue 9,S104,2014,7,17,0.0,27.7,30.3,25.1,6.4,28.4
Woodlands Avenue 9,S104,2014,7,18,0.0,29.3,32.0,27.2,6.4,27.0
Woodlands Avenue 9,S104,2014,7,19,0.0,29.1,32.3,27.7,6.1,42.8
Woodlands Avenue 9,S104,2014,7,20,0.0,29.4,33.9,26.3,5.8,28.1
Woodlands Avenue 9,S104,2014,7,21,0.0,29.5,32.3,27.3,7.0,27.4
Woodlands Avenue 9,S104,2014,7,22,0.0,29.5,32.6,27.5,7.8,37.4
Woodlands Avenue 9,S104,2014,7,23,2.4,29.6,32.2,27.4,6.6,40.0
Woodlands Avenue 9,S104,2014,7,24,0.0,29.5,32.7,27.4,6.5,26.6
Woodlands Avenue 9,S104,2014,7,25,0.0,30.0,33.4,27.5,7.4,28.4
Woodlands Avenue 9,S104,2014,7,26,0.0,30.2,33.8,27.7,7.7,29.2
Woodlands Avenue 9,S104,2014,7,27,31.2,28.1,31.9,22.0,6.8,62.6
Woodlands Avenue 9,S104,2014,7,28,0.0,28.9,32.5,26.4,5.9,31.7
Woodlands Avenue 9,S104,2014,7,29,13.6,27.2,30.3,23.1,6.6,54.0
Woodlands Avenue 9,S104,2014,7,30,37.0,27.0,32.4,24.5,5.7,50.4
Woodlands Avenue 9,S104,2014,7,31,0.2,27.4,29.7,24.8,6.1,30.6
Woodlands Avenue 9,S104,2014,8,1,0.6,28.5,31.8,26.5,6.6,23.4
Woodlands Avenue 9,S104,2014,8,2,6.4,28.7,32.2,24.8,7.2,45.0
Woodlands Avenue 9,S104,2014,8,3,0.0,28.7,31.7,25.3,6.7,28.8
Woodlands Avenue 9,S104,2014,8,4,0.0,29.2,32.3,26.9,6.8,31.7
Woodlands Avenue 9,S104,2014,8,5,1.2,26.5,28.6,23.6,8.1,49.0
Woodlands Avenue 9,S104,2014,8,6,12.0,27.3,30.3,23.6,5.1,33.8
Woodlands Avenue 9,S104,2014,8,7,0.0,27.4,30.9,25.7,6.1,30.6
Woodlands Avenue 9,S104,2014,8,8,0.6,27.8,30.9,25.7,5.4,24.5
Woodlands Avenue 9,S104,2014,8,9,0.0,28.7,32.2,26.5,9.3,39.2
Woodlands Avenue 9,S104,2014,8,10,13.4,27.3,31.6,24.4,5.8,42.1
Woodlands Avenue 9,S104,2014,8,11,35.6,27.3,31.1,23.5,4.9,38.9
Woodlands Avenue 9,S104,2014,8,12,0.0,27.2,30.6,24.5,5.4,33.5
Woodlands Avenue 9,S104,2014,8,13,0.0,26.4,28.9,24.6,5.7,22.7
Woodlands Avenue 9,S104,2014,8,14,2.6,26.8,29.5,25.4,6.0,31.7
Woodlands Avenue 9,S104,2014,8,15,,,,,,
Woodlands Avenue 9,S104,2014,8,16,,,,,,
Woodlands Avenue 9,S104,2014,8,17,,,,,,
Woodlands Avenue 9,S104,2014,8,18,,,,,,
Woodlands Avenue 9,S104,2014,8,19,,,,,,
Woodlands Avenue 9,S104,2014,8,20,,,,,,
Woodlands Avenue 9,S104,2014,8,21,,,,,,
Woodlands Avenue 9,S104,2014,8,22,,,,,,
Woodlands Avenue 9,S104,2014,8,23,,,,,,
Woodlands Avenue 9,S104,2014,8,24,,,,,,
Woodlands Avenue 9,S104,2014,8,25,,,,,,
Woodlands Avenue 9,S104,2014,8,26,,,,,,
Woodlands Avenue 9,S104,2014,8,27,,,,,,
Woodlands Avenue 9,S104,2014,8,28,,,,,,
Woodlands Avenue 9,S104,2014,8,29,,,,,,
Woodlands Avenue 9,S104,2014,8,30,,,,,,
Woodlands Avenue 9,S104,2014,8,31,,,,,,
Woodlands Avenue 9,S104,2014,10,1,,,,,,
Woodlands Avenue 9,S104,2014,10,2,,,,,,
Woodlands Avenue 9,S104,2014,10,3,,,,,,
Woodlands Avenue 9,S104,2014,10,4,,,,,,
Woodlands Avenue 9,S104,2014,10,5,,,,,,
Woodlands Avenue 9,S104,2014,10,6,,,,,,
Woodlands Avenue 9,S104,2014,10,7,,,,,,
Woodlands Avenue 9,S104,2014,10,8,,,,,,
Woodlands Avenue 9,S104,2014,10,9,,,,,,
Woodlands Avenue 9,S104,2014,10,10,,,,,,
Woodlands Avenue 9,S104,2014,10,11,,,,,,
Woodlands Avenue 9,S104,2014,10,12,,,,,,
Woodlands Avenue 9,S104,2014,10,13,,,,,,
Woodlands Avenue 9,S104,2014,10,14,,,,,,
Woodlands Avenue 9,S104,2014,10,15,,,,,,
Woodlands Avenue 9,S104,2014,10,16,1.4,,32.5,26.2,7.2,27.7
Woodlands Avenue 9,S104,2014,10,17,41.8,27.5,32.6,24.1,6.4,38.5
Woodlands Avenue 9,S104,2014,10,18,0.2,26.8,31.6,25.2,6.9,42.1
Woodlands Avenue 9,S104,2014,10,19,1.6,28.1,33.6,24.4,5.3,24.8
Woodlands Avenue 9,S104,2014,10,20,0.0,28.3,33.0,25.4,5.7,26.6
Woodlands Avenue 9,S104,2014,10,21,,,,,,
Woodlands Avenue 9,S104,2014,10,22,0.0,26.1,28.3,24.6,3.7,15.8
Woodlands Avenue 9,S104,2014,10,23,0.0,28.1,32.4,25.2,6.7,26.3
Woodlands Avenue 9,S104,2014,10,24,0.0,29.3,34.3,25.4,6.0,25.6
Woodlands Avenue 9,S104,2014,10,25,0.0,29.4,34.2,26.0,7.2,28.1
Woodlands Avenue 9,S104,2014,10,26,0.0,29.0,33.3,26.9,8.7,38.9
Woodlands Avenue 9,S104,2014,10,27,0.0,27.1,31.7,24.3,6.9,49.0
Woodlands Avenue 9,S104,2014,10,28,0.0,27.7,32.8,25.0,5.8,36.0
Woodlands Avenue 9,S104,2014,10,29,0.0,29.0,34.2,25.6,7.7,31.3
Woodlands Avenue 9,S104,2014,10,30,0.0,28.0,33.4,25.7,6.3,25.2
Woodlands Avenue 9,S104,2014,10,31,0.0,27.3,33.9,24.0,5.7,37.4
Woodlands Avenue 9,S104,2014,11,1,0.0,28.1,31.9,25.6,7.3,23.4
Woodlands Avenue 9,S104,2014,11,2,0.0,29.2,33.2,26.0,5.6,23.8
Woodlands Avenue 9,S104,2014,11,3,0.0,29.8,33.6,25.9,5.3,24.8
Woodlands Avenue 9,S104,2014,11,4,0.0,29.7,33.8,26.5,8.2,29.2
Woodlands Avenue 9,S104,2014,11,5,0.0,27.6,34.5,23.6,6.9,30.2
Woodlands Avenue 9,S104,2014,11,6,0.0,26.1,31.4,23.4,8.1,50.0
Woodlands Avenue 9,S104,2014,11,7,0.0,26.6,31.6,24.2,7.8,37.8
Woodlands Avenue 9,S104,2014,11,8,0.0,27.1,31.6,24.0,7.4,28.4
Woodlands Avenue 9,S104,2014,11,9,0.0,27.5,31.4,23.8,6.2,39.2
Woodlands Avenue 9,S104,2014,11,10,0.0,27.3,30.7,25.5,6.5,31.7
Woodlands Avenue 9,S104,2014,11,11,6.5,26.3,31.2,24.6,5.6,24.1
Woodlands Avenue 9,S104,2014,11,12,31.8,26.6,33.2,23.4,4.6,41.4
Woodlands Avenue 9,S104,2014,11,13,58.2,27.0,33.7,23.0,6.5,79.9
Woodlands Avenue 9,S104,2014,11,14,0.4,27.0,31.1,24.5,8.9,34.6
Woodlands Avenue 9,S104,2014,11,15,26.6,26.9,33.0,24.4,6.2,33.1
Woodlands Avenue 9,S104,2014,11,16,1.2,26.2,30.8,25.0,5.6,31.0
Woodlands Avenue 9,S104,2014,11,17,17.8,26.1,31.7,24.8,7.5,44.3
Woodlands Avenue 9,S104,2014,11,18,3.0,25.6,27.1,24.8,5.9,17.3
Woodlands Avenue 9,S104,2014,11,19,0.0,27.3,32.9,24.9,8.2,36.0
Woodlands Avenue 9,S104,2014,11,20,10.8,26.9,31.6,25.2,7.7,28.4
Woodlands Avenue 9,S104,2014,11,21,1.0,27.2,32.5,25.3,6.1,33.8
Woodlands Avenue 9,S104,2014,11,22,6.4,27.5,33.5,25.5,5.4,36.7
Woodlands Avenue 9,S104,2014,11,23,2.6,27.0,33.0,25.6,5.5,36.0
Woodlands Avenue 9,S104,2014,11,24,1.0,27.6,32.6,24.9,6.6,36.4
Woodlands Avenue 9,S104,2014,11,25,29.6,27.4,32.5,24.2,6.4,42.5
Woodlands Avenue 9,S104,2014,11,26,33.2,27.1,33.1,24.2,7.8,71.3
Woodlands Avenue 9,S104,2014,11,27,0.0,27.5,31.2,25.2,7.9,31.0
Woodlands Avenue 9,S104,2014,11,28,0.0,27.9,31.5,26.0,7.4,29.9
Woodlands Avenue 9,S104,2014,11,29,5.8,25.8,31.3,24.6,6.5,37.4
Woodlands Avenue 9,S104,2014,11,30,0.0,27.6,31.2,24.6,5.6,22.3
Woodlands Avenue 9,S104,2014,12,1,7.2,26.3,28.7,23.6,5.9,26.3
Woodlands Avenue 9,S104,2014,12,2,0.0,27.7,31.7,25.3,6.1,26.6
Woodlands Avenue 9,S104,2014,12,3,0.0,28.6,32.1,25.4,8.0,28.8
Woodlands Avenue 9,S104,2014,12,4,45.2,25.8,27.9,23.4,6.8,48.6
Woodlands Avenue 9,S104,2014,12,5,0.0,28.4,34.5,24.7,7.0,24.5
Woodlands Avenue 9,S104,2014,12,6,9.6,26.8,29.5,23.6,8.5,53.3
Woodlands Avenue 9,S104,2014,12,7,2.0,26.8,33.3,24.5,7.7,38.2
Woodlands Avenue 9,S104,2014,12,8,0.2,27.0,30.1,24.9,8.4,28.8
Woodlands Avenue 9,S104,2014,12,9,0.0,27.6,31.3,24.9,10.9,37.8
Woodlands Avenue 9,S104,2014,12,10,0.0,27.8,32.2,25.5,11.4,33.8
Woodlands Avenue 9,S104,2014,12,11,33.6,27.0,31.4,23.9,9.5,41.4
Woodlands Avenue 9,S104,2014,12,12,0.0,28.0,31.7,25.3,11.6,38.5
Woodlands Avenue 9,S104,2014,12,13,11.8,27.2,30.5,24.0,9.6,37.8
Woodlands Avenue 9,S104,2014,12,14,0.0,28.1,32.0,25.4,8.9,29.9
Woodlands Avenue 9,S104,2014,12,15,0.2,27.5,31.0,25.2,10.0,29.5
Woodlands Avenue 9,S104,2014,12,16,1.8,26.5,29.1,24.8,7.3,20.2
Woodlands Avenue 9,S104,2014,12,17,27.0,26.1,30.8,23.6,5.9,32.0
Woodlands Avenue 9,S104,2014,12,18,10.8,27.2,32.1,24.0,10.1,38.9
Woodlands Avenue 9,S104,2014,12,19,28.2,25.2,25.8,24.5,7.8,24.8
Woodlands Avenue 9,S104,2014,12,20,0.0,26.8,32.9,24.9,7.9,41.0
Woodlands Avenue 9,S104,2014,12,21,0.0,26.9,31.2,25.2,8.5,38.9
Woodlands Avenue 9,S104,2014,12,22,0.0,26.7,30.8,24.4,7.3,24.1
Woodlands Avenue 9,S104,2014,12,23,0.0,26.1,28.3,24.7,8.6,29.9
Woodlands Avenue 9,S104,2014,12,24,0.4,26.6,32.4,24.8,7.6,27.4
Woodlands Avenue 9,S104,2014,12,25,0.0,27.2,31.9,25.6,5.0,24.1
Woodlands Avenue 9,S104,2014,12,26,25.0,25.2,28.1,23.7,7.4,31.3
Woodlands Avenue 9,S104,2014,12,27,19.4,25.8,31.0,23.8,7.2,29.2
Woodlands Avenue 9,S104,2014,12,28,1.8,26.0,29.7,24.3,10.5,35.6
Woodlands Avenue 9,S104,2014,12,29,1.0,25.2,28.2,24.1,13.3,50.0
Woodlands Avenue 9,S104,2014,12,30,0.0,24.8,26.0,23.9,12.1,45.7
Woodlands Avenue 9,S104,2014,12,31,0.0,25.9,28.1,24.4,11.2,36.7
Woodlands Avenue 9,S104,2015,1,1,0.0,25.8,27.2,24.7,11.5,32.8
Woodlands Avenue 9,S104,2015,1,2,0.0,26.6,29.5,24.7,13.9,38.2
Woodlands Avenue 9,S104,2015,1,3,0.0,26.8,30.3,24.2,13.2,36.4
Woodlands Avenue 9,S104,2015,1,4,0.0,27.1,31.1,24.6,12.1,34.2
Woodlands Avenue 9,S104,2015,1,5,0.0,27.5,31.8,24.5,9.9,30.2
Woodlands Avenue 9,S104,2015,1,6,41.8,26.7,32.2,24.3,8.8,36.7
Woodlands Avenue 9,S104,2015,1,7,7.8,26.0,30.7,24.8,8.1,27.4
Woodlands Avenue 9,S104,2015,1,8,6.4,25.8,30.0,24.3,8.0,33.8
Woodlands Avenue 9,S104,2015,1,9,0.6,24.6,26.2,23.7,9.9,29.9
Woodlands Avenue 9,S104,2015,1,10,1.6,25.9,32.8,23.5,9.9,27.4
Woodlands Avenue 9,S104,2015,1,11,0.4,26.5,29.8,24.6,11.2,35.6
Woodlands Avenue 9,S104,2015,1,12,0.0,27.3,30.6,25.3,16.4,41.8
Woodlands Avenue 9,S104,2015,1,13,0.0,27.1,31.2,24.6,15.9,41.4
Woodlands Avenue 9,S104,2015,1,14,0.0,27.0,30.9,24.6,16.0,44.6
Woodlands Avenue 9,S104,2015,1,15,0.0,27.0,31.0,24.7,15.5,42.5
Woodlands Avenue 9,S104,2015,1,16,0.0,26.4,30.4,23.6,13.8,39.2
Woodlands Avenue 9,S104,2015,1,17,0.0,26.5,30.9,23.5,14.1,37.1
Woodlands Avenue 9,S104,2015,1,18,0.0,26.4,30.1,24.0,15.0,42.5
Woodlands Avenue 9,S104,2015,1,19,0.0,26.3,30.5,23.7,14.6,38.9
Woodlands Avenue 9,S104,2015,1,20,0.0,26.2,29.9,23.6,14.4,41.0
Woodlands Avenue 9,S104,2015,1,21,16.0,26.1,30.2,24.2,12.8,40.3
Woodlands Avenue 9,S104,2015,1,22,0.0,26.4,29.3,24.3,14.5,40.7
Woodlands Avenue 9,S104,2015,1,23,0.0,26.1,29.4,23.7,14.7,44.3
Woodlands Avenue 9,S104,2015,1,24,0.0,26.2,29.9,24.4,12.7,37.1
Woodlands Avenue 9,S104,2015,1,25,0.0,26.2,29.8,24.0,12.9,36.4
Woodlands Avenue 9,S104,2015,1,26,0.0,26.5,30.5,24.2,13.5,37.4
Woodlands Avenue 9,S104,2015,1,27,0.0,26.8,30.8,23.9,13.2,34.6
Woodlands Avenue 9,S104,2015,1,28,1.8,26.5,31.8,23.5,10.6,32.4
Woodlands Avenue 9,S104,2015,1,29,0.0,26.2,28.9,24.5,13.1,31.7
Woodlands Avenue 9,S104,2015,1,30,0.0,26.5,30.1,24.5,12.9,39.6
Woodlands Avenue 9,S104,2015,1,31,0.0,26.9,31.3,24.6,15.7,43.6
Woodlands Avenue 9,S104,2015,2,1,0.0,26.2,30.4,23.4,13.9,48.6
Woodlands Avenue 9,S104,2015,2,2,0.0,25.9,28.4,23.9,10.9,41.8
Woodlands Avenue 9,S104,2015,2,3,0.0,25.8,28.8,24.0,12.3,34.9
Woodlands Avenue 9,S104,2015,2,4,7.0,25.1,27.1,23.1,11.5,34.2
Woodlands Avenue 9,S104,2015,2,5,0.0,26.3,29.8,24.5,16.5,50.4
Woodlands Avenue 9,S104,2015,2,6,14.0,25.7,29.3,23.6,14.8,48.6
Woodlands Avenue 9,S104,2015,2,7,0.0,26.0,29.3,24.0,15.5,48.6
Woodlands Avenue 9,S104,2015,2,8,0.0,25.9,29.4,23.5,15.9,42.1
Woodlands Avenue 9,S104,2015,2,9,0.0,26.2,29.7,24.3,17.2,50.8
Woodlands Avenue 9,S104,2015,2,10,0.0,,,,,
Woodlands Avenue 9,S104,2015,2,11,0.0,,,,,
Woodlands Avenue 9,S104,2015,2,12,0.0,,,,,
Woodlands Avenue 9,S104,2015,2,13,0.0,,,,13.7,
Woodlands Avenue 9,S104,2015,2,14,0.0,26.1,30.2,23.3,14.0,37.8
Woodlands Avenue 9,S104,2015,2,15,0.0,26.7,32.2,23.5,12.9,33.8
Woodlands Avenue 9,S104,2015,2,16,0.0,27.1,32.0,23.9,14.7,39.2
Woodlands Avenue 9,S104,2015,2,17,0.0,27.0,31.3,24.5,15.6,38.9
Woodlands Avenue 9,S104,2015,2,18,0.0,27.2,31.8,23.9,12.5,40.3
Woodlands Avenue 9,S104,2015,2,19,1.4,26.4,31.7,23.4,13.3,42.5
Woodlands Avenue 9,S104,2015,2,20,0.0,27.0,31.6,24.5,14.7,37.1
Woodlands Avenue 9,S104,2015,2,21,0.0,26.8,31.4,24.1,13.6,34.2
Woodlands Avenue 9,S104,2015,2,22,0.0,26.7,31.1,24.0,13.5,37.4
Woodlands Avenue 9,S104,2015,2,23,42.6,26.8,34.1,23.6,10.4,38.9
Woodlands Avenue 9,S104,2015,2,24,0.2,26.9,29.6,24.7,12.9,35.3
Woodlands Avenue 9,S104,2015,2,25,0.0,27.3,32.7,24.7,11.7,38.2
Woodlands Avenue 9,S104,2015,2,26,0.0,27.0,30.8,24.6,12.3,33.1
Woodlands Avenue 9,S104,2015,2,27,0.0,27.4,32.3,24.4,14.5,40.3
Woodlands Avenue 9,S104,2015,2,28,0.0,27.8,32.8,24.7,14.4,38.5
Woodlands Avenue 9,S104,2015,3,1,0.0,28.0,32.8,25.0,12.6,38.9
Woodlands Avenue 9,S104,2015,3,2,0.0,27.5,32.3,24.8,10.7,41.4
Woodlands Avenue 9,S104,2015,3,3,0.0,27.8,32.1,25.3,10.7,36.4
Woodlands Avenue 9,S104,2015,3,4,0.2,27.5,33.5,25.5,10.2,34.2
Woodlands Avenue 9,S104,2015,3,5,0.0,27.6,33.2,24.6,10.6,34.6
Woodlands Avenue 9,S104,2015,3,6,0.0,27.7,32.5,24.4,9.4,29.9
Woodlands Avenue 9,S104,2015,3,7,0.0,28.0,32.4,25.0,13.0,36.0
Woodlands Avenue 9,S104,2015,3,8,0.0,27.8,33.5,25.3,8.8,36.4
Woodlands Avenue 9,S104,2015,3,9,3.2,27.1,31.3,25.1,11.5,43.6
Woodlands Avenue 9,S104,2015,3,10,0.0,27.5,31.9,24.4,11.6,46.1
Woodlands Avenue 9,S104,2015,3,11,8.4,25.4,26.9,24.3,10.1,34.6
Woodlands Avenue 9,S104,2015,3,12,0.0,27.1,30.9,24.9,10.8,36.4
Woodlands Avenue 9,S104,2015,3,13,0.0,27.2,32.2,24.4,12.2,33.8
Woodlands Avenue 9,S104,2015,3,14,0.0,27.4,32.9,24.4,10.9,30.6
Woodlands Avenue 9,S104,2015,3,15,0.0,27.4,31.0,24.9,11.6,31.0
Woodlands Avenue 9,S104,2015,3,16,1.6,27.3,33.9,25.6,8.5,31.0
Woodlands Avenue 9,S104,2015,3,17,2.6,28.0,33.3,25.5,11.0,27.4
Woodlands Avenue 9,S104,2015,3,18,0.0,28.3,34.5,25.9,11.7,35.6
Woodlands Avenue 9,S104,2015,3,19,26.6,28.0,33.9,26.2,10.7,33.8
Woodlands Avenue 9,S104,2015,3,20,0.2,28.3,33.1,24.7,8.5,38.2
Woodlands Avenue 9,S104,2015,3,21,16.4,27.9,35.0,24.9,8.6,45.4
Woodlands Avenue 9,S104,2015,3,22,37.4,26.9,32.6,23.1,8.3,57.6
Woodlands Avenue 9,S104,2015,3,23,0.0,28.0,33.9,25.2,11.1,33.5
Woodlands Avenue 9,S104,2015,3,24,0.0,27.9,31.0,25.9,12.8,35.6
Woodlands Avenue 9,S104,2015,3,25,0.0,28.4,32.7,26.1,15.8,45.7
Woodlands Avenue 9,S104,2015,3,26,0.0,28.4,31.9,26.1,15.7,46.4
Woodlands Avenue 9,S104,2015,3,27,0.0,28.4,32.2,26.0,14.7,42.1
Woodlands Avenue 9,S104,2015,3,28,3.0,27.6,30.2,26.2,11.7,42.8
Woodlands Avenue 9,S104,2015,3,29,4.8,26.7,29.6,25.0,8.8,42.8
Woodlands Avenue 9,S104,2015,3,30,0.0,28.2,32.5,25.6,11.8,36.0
Woodlands Avenue 9,S104,2015,3,31,34.2,27.3,32.9,24.8,7.4,38.5
Woodlands Avenue 9,S104,2015,4,1,8.2,26.8,32.3,24.8,5.8,29.9
Woodlands Avenue 9,S104,2015,4,2,26.4,26.6,32.2,23.9,6.5,40.3
Woodlands Avenue 9,S104,2015,4,3,38.0,27.5,31.4,22.3,5.3,45.4
Woodlands Avenue 9,S104,2015,4,4,64.4,27.9,34.0,24.8,7.1,35.6
Woodlands Avenue 9,S104,2015,4,5,5.0,27.3,30.4,24.6,5.5,24.5
Woodlands Avenue 9,S104,2015,4,6,0.0,28.4,34.8,26.2,7.3,29.9
Woodlands Avenue 9,S104,2015,4,7,0.6,28.5,32.5,26.1,10.8,33.1
Woodlands Avenue 9,S104,2015,4,8,0.0,28.9,33.3,25.9,11.5,32.8
Woodlands Avenue 9,S104,2015,4,9,0.0,28.6,32.0,26.2,12.7,37.4
Woodlands Avenue 9,S104,2015,4,10,0.0,29.0,33.0,26.7,12.4,36.7
Woodlands Avenue 9,S104,2015,4,11,34.0,27.2,31.8,22.8,7.0,28.4
Woodlands Avenue 9,S104,2015,4,12,16.4,27.3,33.1,24.0,7.7,39.2
Woodlands Avenue 9,S104,2015,4,13,0.0,28.7,33.4,25.8,11.0,35.3
Woodlands Avenue 9,S104,2015,4,14,0.0,28.7,33.4,25.7,11.8,36.0
Woodlands Avenue 9,S104,2015,4,15,0.0,28.6,32.2,26.0,11.8,32.0
Woodlands Avenue 9,S104,2015,4,16,0.0,29.0,32.8,26.6,13.2,36.4
Woodlands Avenue 9,S104,2015,4,17,0.0,29.0,32.9,26.3,11.3,32.0
Woodlands Avenue 9,S104,2015,4,18,0.0,29.2,33.5,26.9,7.1,31.3
Woodlands Avenue 9,S104,2015,4,19,0.8,28.0,34.2,25.3,6.8,37.8
Woodlands Avenue 9,S104,2015,4,20,1.0,28.0,33.8,25.7,5.5,28.4
Woodlands Avenue 9,S104,2015,4,21,1.0,27.6,34.4,24.4,7.2,43.9
Woodlands Avenue 9,S104,2015,4,22,14.4,27.6,32.7,24.7,6.7,38.9
Woodlands Avenue 9,S104,2015,4,23,0.0,27.8,33.5,25.8,5.8,41.8
Woodlands Avenue 9,S104,2015,4,24,15.6,27.2,33.6,24.3,6.3,55.1
Woodlands Avenue 9,S104,2015,4,25,23.6,26.9,31.6,23.7,7.5,42.5
Woodlands Avenue 9,S104,2015,4,26,18.0,27.5,31.8,24.5,8.3,41.4
Woodlands Avenue 9,S104,2015,4,27,0.6,27.3,32.1,25.4,5.3,36.0
Woodlands Avenue 9,S104,2015,4,28,20.0,27.7,33.8,24.5,6.4,34.6
Woodlands Avenue 9,S104,2015,4,29,0.0,28.1,33.5,25.5,6.1,26.6
Woodlands Avenue 9,S104,2015,4,30,31.4,27.3,31.8,23.0,6.6,63.4
Woodlands Avenue 9,S104,2015,5,1,0.2,27.6,31.7,25.5,5.1,28.1
Woodlands Avenue 9,S104,2015,5,2,7.6,27.7,29.8,25.2,6.6,32.8
Woodlands Avenue 9,S104,2015,5,3,87.2,26.8,29.5,23.6,5.7,38.9
Woodlands Avenue 9,S104,2015,5,4,0.0,27.4,32.6,25.1,5.2,34.2
Woodlands Avenue 9,S104,2015,5,5,0.0,28.5,33.5,25.1,5.8,24.5
Woodlands Avenue 9,S104,2015,5,6,0.0,28.8,33.8,26.5,6.3,25.6
Woodlands Avenue 9,S104,2015,5,7,8.0,28.3,31.6,26.5,6.3,30.2
Woodlands Avenue 9,S104,2015,5,8,4.4,28.3,31.4,26.5,6.1,34.2
Woodlands Avenue 9,S104,2015,5,9,0.0,29.2,33.1,26.2,6.5,30.2
Woodlands Avenue 9,S104,2015,5,10,0.0,29.2,33.8,27.4,6.9,26.6
Woodlands Avenue 9,S104,2015,5,11,0.0,29.9,33.4,27.3,9.3,27.0
Woodlands Avenue 9,S104,2015,5,12,18.0,28.9,32.1,25.3,7.0,36.0
Woodlands Avenue 9,S104,2015,5,13,8.8,28.0,31.1,26.0,5.9,33.8
Woodlands Avenue 9,S104,2015,5,14,1.2,28.2,33.5,25.2,6.7,36.0
Woodlands Avenue 9,S104,2015,5,15,0.4,27.0,29.7,26.0,4.3,27.0
Woodlands Avenue 9,S104,2015,5,16,13.6,28.0,31.9,25.8,4.8,28.8
Woodlands Avenue 9,S104,2015,5,17,8.0,28.5,33.9,25.8,6.2,34.9
Woodlands Avenue 9,S104,2015,5,18,33.0,27.9,31.7,25.2,4.7,33.8
Woodlands Avenue 9,S104,2015,5,19,2.2,28.6,34.0,26.2,5.5,29.2
Woodlands Avenue 9,S104,2015,5,20,38.0,27.5,31.7,25.4,6.0,37.1
Woodlands Avenue 9,S104,2015,5,21,0.4,28.9,33.3,25.7,6.3,26.3
Woodlands Avenue 9,S104,2015,5,22,0.8,28.8,32.7,27.1,5.6,30.6
Woodlands Avenue 9,S104,2015,5,23,5.0,26.8,28.3,25.2,6.1,30.6
Woodlands Avenue 9,S104,2015,5,24,0.0,28.9,33.4,26.3,5.8,23.4
Woodlands Avenue 9,S104,2015,5,25,18.4,27.9,31.7,25.9,5.0,23.0
Woodlands Avenue 9,S104,2015,5,26,5.8,27.8,32.9,24.9,6.6,28.8
Woodlands Avenue 9,S104,2015,5,27,0.0,28.2,32.6,24.9,6.0,30.2
Woodlands Avenue 9,S104,2015,5,28,0.0,28.9,32.4,26.1,5.5,20.9
Woodlands Avenue 9,S104,2015,5,29,0.4,29.8,33.4,27.0,6.8,31.0
Woodlands Avenue 9,S104,2015,5,30,0.0,30.0,34.3,27.2,8.8,34.9
Woodlands Avenue 9,S104,2015,5,31,0.0,29.1,33.1,26.1,5.5,32.8
Woodlands Avenue 9,S104,2015,6,1,0.0,28.9,34.2,26.0,5.6,22.3
Woodlands Avenue 9,S104,2015,6,2,5.2,28.6,35.1,25.4,8.2,36.7
Woodlands Avenue 9,S104,2015,6,3,0.0,28.8,33.1,25.0,6.4,21.6
Woodlands Avenue 9,S104,2015,6,4,0.6,28.8,33.5,26.4,6.6,24.5
Woodlands Avenue 9,S104,2015,6,5,0.0,28.4,34.8,25.8,4.8,28.4
Woodlands Avenue 9,S104,2015,6,6,6.6,27.5,32.3,25.1,5.2,37.8
Woodlands Avenue 9,S104,2015,6,7,2.8,27.7,30.8,25.7,4.3,19.1
Woodlands Avenue 9,S104,2015,6,8,0.0,28.3,31.0,26.1,5.3,28.4
Woodlands Avenue 9,S104,2015,6,9,0.0,27.5,29.8,25.8,8.3,31.7
Woodlands Avenue 9,S104,2015,6,10,0.2,29.0,32.4,26.8,6.0,23.4
Woodlands Avenue 9,S104,2015,6,11,5.4,27.9,32.6,25.3,5.5,40.0
Woodlands Avenue 9,S104,2015,6,12,11.8,26.4,28.7,24.4,5.1,47.2
Woodlands Avenue 9,S104,2015,6,13,0.0,28.0,31.7,25.8,6.2,20.5
Woodlands Avenue 9,S104,2015,6,14,10.4,26.3,28.1,24.2,8.2,42.8
Woodlands Avenue 9,S104,2015,6,15,0.0,27.9,31.1,25.7,4.7,28.4
Woodlands Avenue 9,S104,2015,6,16,13.4,26.9,29.7,23.4,4.9,40.0
Woodlands Avenue 9,S104,2015,6,17,5.6,27.5,30.7,25.2,5.2,32.0
Woodlands Avenue 9,S104,2015,6,18,0.0,29.2,32.9,26.6,6.2,22.7
Woodlands Avenue 9,S104,2015,6,19,0.0,29.2,32.0,27.1,6.9,28.4
Woodlands Avenue 9,S104,2015,6,20,0.0,29.7,33.2,27.3,6.9,27.0
Woodlands Avenue 9,S104,2015,6,21,0.0,30.0,33.8,27.9,6.9,27.4
Woodlands Avenue 9,S104,2015,6,22,0.0,30.1,33.5,27.7,7.0,25.2
Woodlands Avenue 9,S104,2015,6,23,0.0,29.9,33.3,27.9,7.4,30.2
Woodlands Avenue 9,S104,2015,6,24,0.0,29.8,32.9,27.6,7.6,32.4
Woodlands Avenue 9,S104,2015,6,25,0.0,29.7,32.6,27.6,7.4,26.3
Woodlands Avenue 9,S104,2015,6,26,0.0,29.7,33.1,27.6,8.1,26.3
Woodlands Avenue 9,S104,2015,6,27,0.0,29.9,33.4,27.3,7.5,25.2
Woodlands Avenue 9,S104,2015,6,28,0.0,29.9,33.2,27.8,7.7,29.5
Woodlands Avenue 9,S104,2015,6,29,0.0,30.0,33.8,27.2,6.3,25.9
Woodlands Avenue 9,S104,2015,6,30,0.0,30.1,34.0,26.8,6.4,23.8
Woodlands Avenue 9,S104,2015,7,1,0.2,28.2,30.0,24.1,6.0,43.2
Woodlands Avenue 9,S104,2015,7,2,4.0,28.9,32.2,26.7,5.8,31.0
Woodlands Avenue 9,S104,2015,7,3,0.0,29.2,32.4,27.1,7.3,28.1
Woodlands Avenue 9,S104,2015,7,4,16.2,27.4,29.1,23.5,6.9,54.0
Woodlands Avenue 9,S104,2015,7,5,0.0,29.4,33.6,26.7,7.0,28.4
Woodlands Avenue 9,S104,2015,7,6,0.0,29.3,32.2,27.3,7.4,28.1
Woodlands Avenue 9,S104,2015,7,7,0.0,29.3,31.9,27.5,7.2,25.6
Woodlands Avenue 9,S104,2015,7,8,4.4,28.5,32.3,23.8,6.2,58.0
Woodlands Avenue 9,S104,2015,7,9,0.0,29.2,32.4,26.6,7.2,40.3
Woodlands Avenue 9,S104,2015,7,10,0.6,28.9,31.2,25.5,7.1,37.4
Woodlands Avenue 9,S104,2015,7,11,0.2,29.3,32.8,26.5,6.4,31.3
Woodlands Avenue 9,S104,2015,7,12,0.0,29.4,33.2,27.3,7.5,26.3
Woodlands Avenue 9,S104,2015,7,13,0.0,29.2,31.5,27.8,7.7,27.0
Woodlands Avenue 9,S104,2015,7,14,27.6,28.2,32.1,22.8,7.9,55.1
Woodlands Avenue 9,S104,2015,7,15,0.0,29.2,32.5,27.3,5.9,21.2
Woodlands Avenue 9,S104,2015,7,16,0.2,28.9,32.6,27.2,6.9,36.4
Woodlands Avenue 9,S104,2015,7,17,16.4,28.2,31.7,24.8,7.2,45.7
Woodlands Avenue 9,S104,2015,7,18,6.4,29.3,32.8,26.7,8.5,34.2
Woodlands Avenue 9,S104,2015,7,19,0.0,29.6,32.8,27.4,6.8,29.9
Woodlands Avenue 9,S104,2015,7,20,0.0,29.5,33.2,27.3,7.5,36.0
Woodlands Avenue 9,S104,2015,7,21,4.0,29.0,33.9,26.3,7.7,32.0
Woodlands Avenue 9,S104,2015,7,22,0.0,29.5,33.7,26.2,10.3,32.8
Woodlands Avenue 9,S104,2015,7,23,0.0,29.0,32.8,27.6,9.6,31.0
Woodlands Avenue 9,S104,2015,7,24,0.4,28.5,33.5,25.3,8.0,43.9
Woodlands Avenue 9,S104,2015,7,25,0.0,29.6,34.1,25.7,7.1,28.8
Woodlands Avenue 9,S104,2015,7,26,13.4,28.3,32.0,24.8,6.8,52.9
Woodlands Avenue 9,S104,2015,7,27,0.0,28.4,31.8,25.2,7.0,37.8
Woodlands Avenue 9,S104,2015,7,28,40.4,28.0,31.3,24.0,8.7,37.8
Woodlands Avenue 9,S104,2015,7,29,0.0,29.0,32.6,26.9,10.4,33.5
Woodlands Avenue 9,S104,2015,7,30,2.6,28.0,32.8,25.8,5.3,31.3
Woodlands Avenue 9,S104,2015,7,31,39.2,26.5,32.1,23.2,5.5,39.6
Woodlands Avenue 9,S104,2015,8,1,1.6,26.7,30.3,23.5,7.5,26.3
Woodlands Avenue 9,S104,2015,8,2,0.0,28.9,33.1,25.6,6.3,29.5
Woodlands Avenue 9,S104,2015,8,3,6.2,26.3,28.5,23.9,6.4,35.6
Woodlands Avenue 9,S104,2015,8,4,10.8,27.1,30.8,24.1,5.5,26.3
Woodlands Avenue 9,S104,2015,8,5,0.0,28.4,32.0,26.6,6.2,25.6
Woodlands Avenue 9,S104,2015,8,6,15.0,26.9,30.3,24.4,5.9,42.5
Woodlands Avenue 9,S104,2015,8,7,7.0,27.0,30.0,24.2,5.1,37.8
Woodlands Avenue 9,S104,2015,8,8,0.2,28.0,31.3,25.1,5.7,23.8
Woodlands Avenue 9,S104,2015,8,9,10.4,27.3,30.8,23.2,7.3,63.4
Woodlands Avenue 9,S104,2015,8,10,0.0,28.9,31.9,26.6,8.6,34.2
Woodlands Avenue 9,S104,2015,8,11,12.4,27.9,31.8,26.1,6.4,43.9
Woodlands Avenue 9,S104,2015,8,12,0.8,26.6,27.9,25.1,6.4,26.6
Woodlands Avenue 9,S104,2015,8,13,0.0,28.4,32.7,25.9,8.0,37.1
Woodlands Avenue 9,S104,2015,8,14,0.0,29.0,32.4,26.6,7.7,31.7
Woodlands Avenue 9,S104,2015,8,15,0.0,29.1,32.8,27.2,9.7,33.8
Woodlands Avenue 9,S104,2015,8,16,0.0,28.8,32.3,27.3,8.4,44.3
Woodlands Avenue 9,S104,2015,8,17,0.8,28.7,31.6,26.5,7.0,42.5
Woodlands Avenue 9,S104,2015,8,18,0.0,29.2,32.9,26.8,7.8,29.5
Woodlands Avenue 9,S104,2015,8,19,0.0,29.3,32.8,26.8,6.7,28.4
Woodlands Avenue 9,S104,2015,8,20,0.0,29.4,32.4,27.2,6.0,32.8
Woodlands Avenue 9,S104,2015,8,21,16.8,28.2,31.4,24.9,6.9,29.2
Woodlands Avenue 9,S104,2015,8,22,0.0,28.9,32.4,26.6,6.4,33.5
Woodlands Avenue 9,S104,2015,8,23,0.0,29.0,32.6,27.2,10.0,33.1
Woodlands Avenue 9,S104,2015,8,24,0.0,28.9,31.6,27.4,7.7,27.7
Woodlands Avenue 9,S104,2015,8,25,1.0,27.7,31.2,25.7,6.4,36.7
Woodlands Avenue 9,S104,2015,8,26,0.0,28.3,32.2,25.9,6.4,26.6
Woodlands Avenue 9,S104,2015,8,27,0.0,28.6,32.6,25.4,9.6,29.9
Woodlands Avenue 9,S104,2015,8,28,0.0,29.0,32.8,26.2,10.2,32.8
Woodlands Avenue 9,S104,2015,8,29,0.0,29.7,33.4,27.8,10.1,32.8
Woodlands Avenue 9,S104,2015,8,30,0.0,29.4,32.6,27.1,7.9,32.4
Woodlands Avenue 9,S104,2015,8,31,0.0,29.3,32.9,27.2,10.0,37.8
Woodlands Avenue 9,S104,2015,9,1,0.0,29.3,33.0,26.8,7.0,28.4
Woodlands Avenue 9,S104,2015,9,2,0.0,29.2,33.2,26.9,8.9,32.4
Woodlands Avenue 9,S104,2015,9,3,2.4,28.9,32.3,27.3,10.1,37.1
Woodlands Avenue 9,S104,2015,9,4,5.0,28.3,31.5,25.9,6.6,38.9
Woodlands Avenue 9,S104,2015,9,5,0.0,28.9,33.9,25.3,5.8,26.3
Woodlands Avenue 9,S104,2015,9,6,0.0,29.4,33.0,26.8,6.1,25.6
Woodlands Avenue 9,S104,2015,9,7,0.0,29.0,32.6,26.2,6.2,24.8
Woodlands Avenue 9,S104,2015,9,8,0.0,28.9,32.3,26.8,6.7,29.5
Woodlands Avenue 9,S104,2015,9,9,41.0,26.2,30.0,22.8,6.2,52.6
Woodlands Avenue 9,S104,2015,9,10,0.0,27.3,30.6,24.0,5.2,24.8
Woodlands Avenue 9,S104,2015,9,11,0.0,28.8,33.1,25.2,7.4,27.4
Woodlands Avenue 9,S104,2015,9,12,0.0,28.8,32.0,26.6,6.5,28.1
Woodlands Avenue 9,S104,2015,9,13,0.0,29.2,32.8,26.9,5.8,21.6
Woodlands Avenue 9,S104,2015,9,14,0.0,28.7,31.6,27.2,6.5,24.8
Woodlands Avenue 9,S104,2015,9,15,5.6,26.4,29.5,24.4,5.7,45.0
Woodlands Avenue 9,S104,2015,9,16,4.8,27.1,30.3,24.7,6.1,34.6
Woodlands Avenue 9,S104,2015,9,17,0.0,28.8,32.1,26.7,5.8,26.6
Woodlands Avenue 9,S104,2015,9,18,0.0,28.9,32.0,27.3,11.5,29.9
Woodlands Avenue 9,S104,2015,9,19,0.0,28.9,32.5,27.1,11.9,35.6
Woodlands Avenue 9,S104,2015,9,20,13.0,28.6,33.3,26.2,6.6,29.9
Woodlands Avenue 9,S104,2015,9,21,72.2,27.9,33.0,23.1,5.6,40.0
Woodlands Avenue 9,S104,2015,9,22,0.0,28.2,32.3,25.0,6.5,31.0
Woodlands Avenue 9,S104,2015,9,23,0.0,28.3,30.9,26.3,7.8,29.2
Woodlands Avenue 9,S104,2015,9,24,0.0,28.3,32.2,25.7,6.0,25.2
Woodlands Avenue 9,S104,2015,9,25,0.0,28.9,32.5,26.4,5.7,25.6
Woodlands Avenue 9,S104,2015,9,26,0.0,29.0,33.4,25.5,7.0,27.4
Woodlands Avenue 9,S104,2015,9,27,0.0,29.2,33.3,26.3,5.2,22.7
Woodlands Avenue 9,S104,2015,9,28,3.6,27.6,30.7,24.3,6.1,36.0
Woodlands Avenue 9,S104,2015,9,29,0.0,28.2,31.7,24.9,5.7,26.3
Woodlands Avenue 9,S104,2015,9,30,9.8,27.8,32.3,24.0,6.5,42.1
Woodlands Avenue 9,S104,2015,10,1,0.0,28.3,33.0,25.5,6.3,29.5
Woodlands Avenue 9,S104,2015,10,2,14.2,27.3,32.3,23.7,7.1,37.1
Woodlands Avenue 9,S104,2015,10,3,0.0,28.4,31.7,25.5,5.6,21.6
Woodlands Avenue 9,S104,2015,10,4,0.0,29.0,32.3,26.6,6.6,29.2
Woodlands Avenue 9,S104,2015,10,5,0.0,28.0,31.3,26.2,5.3,32.0
Woodlands Avenue 9,S104,2015,10,6,0.0,27.7,32.5,25.6,6.7,23.8
Woodlands Avenue 9,S104,2015,10,7,13.4,27.6,32.3,24.9,5.7,34.6
Woodlands Avenue 9,S104,2015,10,8,0.2,27.7,33.5,25.3,5.2,31.3
Woodlands Avenue 9,S104,2015,10,9,0.0,29.0,33.8,24.8,5.4,22.3
Woodlands Avenue 9,S104,2015,10,10,0.0,29.3,33.6,25.7,5.5,24.1
Woodlands Avenue 9,S104,2015,10,11,0.0,29.7,33.9,27.0,8.4,24.5
Woodlands Avenue 9,S104,2015,10,12,0.0,29.4,34.2,26.9,6.9,31.0
Woodlands Avenue 9,S104,2015,10,13,0.0,28.9,34.0,25.8,7.8,38.5
Woodlands Avenue 9,S104,2015,10,14,0.0,28.7,33.1,26.5,7.4,36.4
Woodlands Avenue 9,S104,2015,10,15,0.0,29.2,33.7,25.9,7.1,23.8
Woodlands Avenue 9,S104,2015,10,16,0.0,29.1,33.2,25.9,7.1,23.4
Woodlands Avenue 9,S104,2015,10,17,0.0,29.5,33.6,26.6,6.4,24.5
Woodlands Avenue 9,S104,2015,10,18,0.0,29.4,32.7,26.4,5.7,22.0
Woodlands Avenue 9,S104,2015,10,19,0.0,29.7,33.4,26.4,5.8,25.6
Woodlands Avenue 9,S104,2015,10,20,0.0,29.4,33.3,26.1,6.3,27.0
Woodlands Avenue 9,S104,2015,10,21,0.0,29.3,33.0,25.4,8.7,33.1
Woodlands Avenue 9,S104,2015,10,22,0.0,29.6,33.5,27.2,6.8,24.1
Woodlands Avenue 9,S104,2015,10,23,0.0,29.7,33.9,27.7,8.7,27.0
Woodlands Avenue 9,S104,2015,10,24,9.8,28.7,31.7,25.4,8.4,38.2
Woodlands Avenue 9,S104,2015,10,25,0.0,28.2,31.5,26.2,5.8,25.6
Woodlands Avenue 9,S104,2015,10,26,0.0,28.9,34.0,26.7,7.7,23.8
Woodlands Avenue 9,S104,2015,10,27,0.0,28.4,33.1,25.6,6.1,28.4
Woodlands Avenue 9,S104,2015,10,28,17.0,26.5,30.8,22.2,8.8,55.8
Woodlands Avenue 9,S104,2015,10,29,0.0,28.3,32.6,24.6,10.0,32.8
Woodlands Avenue 9,S104,2015,10,30,30.8,27.3,33.9,23.5,6.0,27.7
Woodlands Avenue 9,S104,2015,10,31,0.2,26.9,31.6,25.2,6.2,23.0
Woodlands Avenue 9,S104,2015,11,1,13.8,26.9,33.6,24.5,5.4,38.9
Woodlands Avenue 9,S104,2015,11,2,18.8,26.5,32.8,23.8,7.3,25.6
Woodlands Avenue 9,S104,2015,11,3,6.4,27.4,34.1,24.7,6.6,45.4
Woodlands Avenue 9,S104,2015,11,4,0.0,27.4,32.4,25.0,6.3,26.3
Woodlands Avenue 9,S104,2015,11,5,0.0,28.4,32.6,25.3,6.4,23.8
Woodlands Avenue 9,S104,2015,11,6,0.0,28.5,32.5,26.5,7.2,26.6
Woodlands Avenue 9,S104,2015,11,7,33.8,27.3,32.6,23.2,6.8,48.6
Woodlands Avenue 9,S104,2015,11,8,5.8,26.8,31.6,24.7,4.6,21.6
Woodlands Avenue 9,S104,2015,11,9,0.4,27.8,31.7,24.5,6.0,21.6
Woodlands Avenue 9,S104,2015,11,10,0.4,27.7,33.9,25.7,6.3,27.0
Woodlands Avenue 9,S104,2015,11,11,27.4,26.5,33.1,24.3,6.0,47.2
Woodlands Avenue 9,S104,2015,11,12,19.6,27.0,32.2,24.9,6.8,39.6
Woodlands Avenue 9,S104,2015,11,13,0.2,27.1,30.2,25.1,5.7,26.3
Woodlands Avenue 9,S104,2015,11,14,0.0,28.5,33.1,25.4,8.6,33.8
Woodlands Avenue 9,S104,2015,11,15,6.2,27.3,30.3,24.4,5.9,37.4
Woodlands Avenue 9,S104,2015,11,16,38.8,25.6,30.1,23.1,6.4,35.3
Woodlands Avenue 9,S104,2015,11,17,16.4,26.8,32.0,23.2,6.8,27.4
Woodlands Avenue 9,S104,2015,11,18,0.0,28.1,32.3,25.2,9.6,31.3
Woodlands Avenue 9,S104,2015,11,19,1.2,28.0,32.8,24.9,6.4,45.0
Woodlands Avenue 9,S104,2015,11,20,12.6,26.6,31.3,24.8,5.6,40.0
Woodlands Avenue 9,S104,2015,11,21,38.8,26.6,32.3,23.9,5.4,31.0
Woodlands Avenue 9,S104,2015,11,22,0.0,27.8,31.2,25.1,5.9,27.0
Woodlands Avenue 9,S104,2015,11,23,0.2,28.2,34.0,25.6,6.7,26.6
Woodlands Avenue 9,S104,2015,11,24,44.4,26.2,29.7,24.0,5.2,35.3
Woodlands Avenue 9,S104,2015,11,25,0.8,26.9,32.4,24.7,5.7,32.8
Woodlands Avenue 9,S104,2015,11,26,11.8,26.3,30.7,24.4,9.3,32.8
Woodlands Avenue 9,S104,2015,11,27,8.4,26.8,30.5,24.5,6.8,20.2
Woodlands Avenue 9,S104,2015,11,28,1.8,28.0,34.2,25.2,7.0,34.2
Woodlands Avenue 9,S104,2015,11,29,1.0,28.0,32.9,24.9,7.5,30.2
Woodlands Avenue 9,S104,2015,11,30,42.2,27.0,31.4,24.3,6.9,29.5
Woodlands Avenue 9,S104,2015,12,1,27.2,26.0,31.1,23.4,7.6,50.0
Woodlands Avenue 9,S104,2015,12,2,0.0,26.9,31.9,25.1,6.8,32.0
Woodlands Avenue 9,S104,2015,12,3,0.0,28.2,32.6,25.3,8.7,33.1
Woodlands Avenue 9,S104,2015,12,4,15.0,28.0,32.9,25.6,6.6,36.4
Woodlands Avenue 9,S104,2015,12,5,48.2,27.0,32.8,23.8,6.8,34.9
Woodlands Avenue 9,S104,2015,12,6,2.6,27.1,31.8,25.3,7.4,40.7
Woodlands Avenue 9,S104,2015,12,7,0.0,28.1,31.9,25.0,11.7,37.1
Woodlands Avenue 9,S104,2015,12,8,16.8,27.4,32.4,24.5,5.7,55.4
Woodlands Avenue 9,S104,2015,12,9,2.4,27.7,32.4,24.6,7.4,27.0
Woodlands Avenue 9,S104,2015,12,10,22.6,27.3,33.7,24.1,7.1,34.2
Woodlands Avenue 9,S104,2015,12,11,5.2,27.0,30.7,24.7,5.0,32.4
Woodlands Avenue 9,S104,2015,12,12,42.6,26.4,32.1,24.6,6.1,40.7
Woodlands Avenue 9,S104,2015,12,13,14.2,25.3,29.1,23.7,6.8,23.8
Woodlands Avenue 9,S104,2015,12,14,15.8,26.7,31.3,23.8,5.3,33.5
Woodlands Avenue 9,S104,2015,12,15,0.0,27.1,29.4,25.4,7.4,24.8
Woodlands Avenue 9,S104,2015,12,16,1.0,27.3,29.7,23.8,8.4,51.5
Woodlands Avenue 9,S104,2015,12,17,0.0,27.2,29.6,25.7,11.1,47.5
Woodlands Avenue 9,S104,2015,12,18,3.4,27.1,29.7,23.8,11.8,56.5
Woodlands Avenue 9,S104,2015,12,19,0.0,28.0,32.0,25.0,11.9,36.7
Woodlands Avenue 9,S104,2015,12,20,0.0,28.2,31.9,24.9,8.4,33.1
Woodlands Avenue 9,S104,2015,12,21,0.2,28.6,33.5,25.8,7.4,29.2
Woodlands Avenue 9,S104,2015,12,22,0.0,28.9,33.4,26.1,8.1,32.0
Woodlands Avenue 9,S104,2015,12,23,9.4,28.1,32.4,23.3,8.3,37.8
Woodlands Avenue 9,S104,2015,12,24,13.0,26.4,28.1,24.3,7.6,29.9
Woodlands Avenue 9,S104,2015,12,25,6.0,27.4,31.0,24.8,11.4,51.1
Woodlands Avenue 9,S104,2015,12,26,0.0,28.0,31.9,25.7,12.5,43.9
Woodlands Avenue 9,S104,2015,12,27,0.0,28.0,31.3,25.2,11.0,34.6
Woodlands Avenue 9,S104,2015,12,28,2.8,28.0,32.0,25.7,10.3,39.2
Woodlands Avenue 9,S104,2015,12,29,21.2,25.7,28.3,23.7,11.7,43.6
Woodlands Avenue 9,S104,2015,12,30,0.0,27.7,31.6,25.2,14.9,44.6
Woodlands Avenue 9,S104,2015,12,31,0.8,26.7,30.1,25.2,11.4,42.5
Woodlands Avenue 9,S104,2016,1,1,10.4,26.6,28.5,24.5,10.1,41.8
Woodlands Avenue 9,S104,2016,1,2,13.0,25.7,27.9,23.1,7.9,49.3
Woodlands Avenue 9,S104,2016,1,3,0.2,25.8,26.7,25.3,7.9,28.4
Woodlands Avenue 9,S104,2016,1,4,0.4,27.6,31.1,25.2,11.2,34.2
Woodlands Avenue 9,S104,2016,1,5,0.0,28.3,31.9,25.8,12.6,34.6
Woodlands Avenue 9,S104,2016,1,6,0.4,28.2,31.7,26.2,12.6,37.4
Woodlands Avenue 9,S104,2016,1,7,0.0,28.2,32.4,25.7,14.0,37.4
Woodlands Avenue 9,S104,2016,1,8,0.0,28.1,31.9,25.6,13.0,43.9
Woodlands Avenue 9,S104,2016,1,9,0.0,28.2,32.3,25.7,12.6,39.2
Woodlands Avenue 9,S104,2016,1,10,0.0,28.4,32.7,26.1,11.2,36.4
Woodlands Avenue 9,S104,2016,1,11,33.8,28.0,32.2,24.4,8.6,29.2
Woodlands Avenue 9,S104,2016,1,12,0.0,28.5,32.1,26.0,12.6,35.3
Woodlands Avenue 9,S104,2016,1,13,0.0,28.4,32.5,26.3,12.2,36.4
Woodlands Avenue 9,S104,2016,1,14,1.6,28.3,31.4,26.4,10.1,29.9
Woodlands Avenue 9,S104,2016,1,15,16.6,27.2,30.3,24.8,5.8,20.5
Woodlands Avenue 9,S104,2016,1,16,2.0,27.2,32.7,25.2,5.4,31.7
Woodlands Avenue 9,S104,2016,1,17,20.8,26.7,31.2,23.8,6.5,38.9
Woodlands Avenue 9,S104,2016,1,18,14.0,27.9,34.4,25.0,6.1,26.3
Woodlands Avenue 9,S104,2016,1,19,0.0,28.2,31.5,26.1,10.8,35.3
Woodlands Avenue 9,S104,2016,1,20,0.4,28.2,31.5,26.0,7.9,31.7
Woodlands Avenue 9,S104,2016,1,21,0.4,27.9,30.3,26.5,10.4,32.8
Woodlands Avenue 9,S104,2016,1,22,28.2,27.6,31.4,26.1,8.3,33.5
Woodlands Avenue 9,S104,2016,1,23,6.6,27.8,32.3,25.7,11.5,43.6
Woodlands Avenue 9,S104,2016,1,24,0.0,28.4,31.9,26.0,15.8,51.8
Woodlands Avenue 9,S104,2016,1,25,5.0,27.4,31.3,25.3,14.0,64.4
Woodlands Avenue 9,S104,2016,1,26,7.4,27.1,29.5,25.1,11.9,40.7
Woodlands Avenue 9,S104,2016,1,27,0.2,28.2,31.4,25.7,13.0,40.7
Woodlands Avenue 9,S104,2016,1,28,5.4,27.6,32.6,25.0,9.7,30.2
Woodlands Avenue 9,S104,2016,1,29,0.0,27.7,31.5,25.0,10.1,39.6
Woodlands Avenue 9,S104,2016,1,30,0.0,28.4,33.0,25.9,11.5,33.8
Woodlands Avenue 9,S104,2016,1,31,7.6,28.0,31.8,25.9,10.4,38.5
Woodlands Avenue 9,S104,2016,2,1,0.0,28.5,32.4,25.7,14.0,43.2
Woodlands Avenue 9,S104,2016,2,2,6.6,27.4,30.8,24.3,11.5,40.7
Woodlands Avenue 9,S104,2016,2,3,0.0,28.2,32.6,25.6,10.1,36.7
Woodlands Avenue 9,S104,2016,2,4,4.2,27.4,30.5,26.0,8.6,27.0
Woodlands Avenue 9,S104,2016,2,5,3.0,27.6,31.6,25.7,6.8,25.2
Woodlands Avenue 9,S104,2016,2,6,2.6,28.0,31.4,26.1,14.8,44.6
Woodlands Avenue 9,S104,2016,2,7,33.6,26.4,28.1,24.0,18.0,56.2
Woodlands Avenue 9,S104,2016,2,8,0.0,26.8,28.3,25.9,16.6,52.2
Woodlands Avenue 9,S104,2016,2,9,0.0,26.5,28.5,25.2,9.7,27.7
Woodlands Avenue 9,S104,2016,2,10,7.6,26.2,28.0,24.7,12.2,35.3
Woodlands Avenue 9,S104,2016,2,11,0.0,26.9,29.7,24.9,11.2,28.8
Woodlands Avenue 9,S104,2016,2,12,6.2,27.2,31.7,23.6,10.4,40.3
Woodlands Avenue 9,S104,2016,2,13,0.2,28.1,31.8,26.1,14.0,40.3
Woodlands Avenue 9,S104,2016,2,14,41.2,27.1,32.6,24.8,9.4,42.5
Woodlands Avenue 9,S104,2016,2,15,0.0,28.3,32.2,25.6,11.9,34.9
Woodlands Avenue 9,S104,2016,2,16,0.0,28.0,31.4,26.1,16.2,52.2
Woodlands Avenue 9,S104,2016,2,17,0.0,27.6,30.9,25.3,14.8,50.4
Woodlands Avenue 9,S104,2016,2,18,0.0,27.3,30.8,24.6,10.4,45.7
Woodlands Avenue 9,S104,2016,2,19,69.0,24.7,26.7,23.5,7.2,32.8
Woodlands Avenue 9,S104,2016,2,20,1.4,26.1,28.4,24.2,10.4,38.2
Woodlands Avenue 9,S104,2016,2,21,0.0,27.1,31.5,24.6,12.6,42.5
Woodlands Avenue 9,S104,2016,2,22,0.0,27.5,31.3,24.9,13.0,38.5
Woodlands Avenue 9,S104,2016,2,23,0.0,27.4,30.7,25.2,12.6,36.7
Woodlands Avenue 9,S104,2016,2,24,13.4,25.7,29.1,24.0,11.2,34.9
Woodlands Avenue 9,S104,2016,2,25,0.2,27.3,31.0,24.8,18.0,58.0
Woodlands Avenue 9,S104,2016,2,26,0.0,27.6,31.1,25.1,15.1,43.2
Woodlands Avenue 9,S104,2016,2,27,0.0,27.8,31.9,25.1,13.7,43.2
Woodlands Avenue 9,S104,2016,2,28,0.0,27.9,31.4,25.7,15.8,46.8
Woodlands Avenue 9,S104,2016,2,29,0.2,28.1,31.4,26.1,16.9,47.2
Woodlands Avenue 9,S104,2016,3,1,0.0,27.9,31.8,25.7,16.2,44.3
Woodlands Avenue 9,S104,2016,3,2,0.0,27.8,31.1,25.5,17.3,48.6
Woodlands Avenue 9,S104,2016,3,3,0.0,27.8,32.0,25.6,16.2,52.9
Woodlands Avenue 9,S104,2016,3,4,0.6,27.6,30.7,25.8,13.3,37.1
Woodlands Avenue 9,S104,2016,3,5,0.0,28.1,32.3,25.8,12.2,39.2
Woodlands Avenue 9,S104,2016,3,6,0.0,28.6,33.0,26.5,14.0,38.5
Woodlands Avenue 9,S104,2016,3,7,9.4,27.8,31.6,26.0,12.6,37.1
Woodlands Avenue 9,S104,2016,3,8,8.2,27.5,31.7,25.4,8.6,31.3
Woodlands Avenue 9,S104,2016,3,9,0.0,28.9,33.2,26.3,11.2,31.0
Woodlands Avenue 9,S104,2016,3,10,4.0,28.0,34.1,26.3,7.6,26.6
Woodlands Avenue 9,S104,2016,3,11,0.0,28.8,33.8,26.2,12.2,37.4
Woodlands Avenue 9,S104,2016,3,12,0.0,28.5,32.2,25.7,12.2,34.6
Woodlands Avenue 9,S104,2016,3,13,2.2,28.2,32.9,25.2,10.4,35.6
Woodlands Avenue 9,S104,2016,3,14,0.4,28.6,33.9,26.3,9.4,36.4
Woodlands Avenue 9,S104,2016,3,15,0.0,28.6,32.6,26.2,10.8,34.9
Woodlands Avenue 9,S104,2016,3,16,0.0,28.4,34.0,25.1,8.6,26.6
Woodlands Avenue 9,S104,2016,3,17,0.0,28.6,34.4,25.5,11.5,31.7
Woodlands Avenue 9,S104,2016,3,18,0.0,28.7,33.9,25.9,10.4,32.4
Woodlands Avenue 9,S104,2016,3,19,0.0,28.6,33.7,25.6,11.9,33.1
Woodlands Avenue 9,S104,2016,3,20,0.4,28.5,32.5,26.2,9.4,27.0
Woodlands Avenue 9,S104,2016,3,21,16.0,28.4,35.0,24.3,8.6,39.2
Woodlands Avenue 9,S104,2016,3,22,0.2,28.2,31.6,26.8,8.6,41.8
Woodlands Avenue 9,S104,2016,3,23,0.0,28.8,33.5,26.0,9.0,31.3
Woodlands Avenue 9,S104,2016,3,24,0.0,29.0,33.0,26.7,11.9,32.4
Woodlands Avenue 9,S104,2016,3,25,13.4,28.0,34.5,24.3,7.9,40.7
Woodlands Avenue 9,S104,2016,3,26,0.0,28.4,31.5,26.0,13.3,40.7
Woodlands Avenue 9,S104,2016,3,27,0.0,28.7,32.4,26.7,14.0,44.3
Woodlands Avenue 9,S104,2016,3,28,0.0,28.9,32.5,26.6,16.6,44.3
Woodlands Avenue 9,S104,2016,3,29,0.0,28.7,32.5,26.3,13.7,42.5
Woodlands Avenue 9,S104,2016,3,30,0.0,28.6,32.9,26.0,14.4,37.8
Woodlands Avenue 9,S104,2016,3,31,0.0,28.7,32.6,26.1,13.3,33.8
Woodlands Avenue 9,S104,2016,4,1,0.0,29.1,33.9,26.4,13.3,38.5
Woodlands Avenue 9,S104,2016,4,2,0.0,29.2,33.9,26.1,13.0,41.4
Woodlands Avenue 9,S104,2016,4,3,5.2,28.4,33.2,25.2,9.0,28.1
Woodlands Avenue 9,S104,2016,4,4,0.2,29.1,33.0,26.8,11.2,36.4
Woodlands Avenue 9,S104,2016,4,5,0.0,28.7,32.0,26.7,10.4,33.8
Woodlands Avenue 9,S104,2016,4,6,0.0,29.2,34.0,26.2,10.1,32.4
Woodlands Avenue 9,S104,2016,4,7,0.0,29.1,34.7,25.6,8.6,30.6
Woodlands Avenue 9,S104,2016,4,8,0.0,29.5,35.3,26.5,9.7,28.8
Woodlands Avenue 9,S104,2016,4,9,14.0,27.9,32.9,25.3,7.2,33.1
Woodlands Avenue 9,S104,2016,4,10,0.0,29.1,35.2,25.2,9.7,31.3
Woodlands Avenue 9,S104,2016,4,11,0.0,29.6,33.6,27.2,7.6,31.0
Woodlands Avenue 9,S104,2016,4,12,0.6,29.7,34.0,27.0,8.3,36.0
Woodlands Avenue 9,S104,2016,4,13,0.0,29.7,34.3,25.9,8.3,42.1
Woodlands Avenue 9,S104,2016,4,14,0.0,29.8,33.1,27.7,6.1,24.1
Woodlands Avenue 9,S104,2016,4,15,2.4,29.1,32.2,26.3,5.8,23.8
Woodlands Avenue 9,S104,2016,4,16,28.0,29.4,36.3,25.8,6.5,32.8
Woodlands Avenue 9,S104,2016,4,17,11.0,29.3,34.7,25.2,8.3,43.6
Woodlands Avenue 9,S104,2016,4,18,0.2,29.8,35.1,26.2,7.9,26.3
Woodlands Avenue 9,S104,2016,4,19,0.0,30.2,33.8,27.2,13.0,36.0
Woodlands Avenue 9,S104,2016,4,20,0.0,29.4,34.2,27.4,8.3,31.3
Woodlands Avenue 9,S104,2016,4,21,0.0,29.9,33.8,27.0,11.9,33.5
Woodlands Avenue 9,S104,2016,4,22,0.0,29.2,33.7,27.4,8.3,31.7
Woodlands Avenue 9,S104,2016,4,23,1.0,28.7,32.1,27.3,7.2,33.8
Woodlands Avenue 9,S104,2016,4,24,1.4,29.2,33.0,26.7,5.0,23.8
Woodlands Avenue 9,S104,2016,4,25,16.4,28.5,33.2,24.0,5.4,33.8
Woodlands Avenue 9,S104,2016,4,26,2.6,28.6,33.4,26.6,5.0,33.8
Woodlands Avenue 9,S104,2016,4,27,3.6,28.3,34.3,26.3,5.4,32.4
Woodlands Avenue 9,S104,2016,4,28,19.6,28.2,33.4,25.5,6.1,31.3
Woodlands Avenue 9,S104,2016,4,29,9.0,28.0,34.4,25.2,5.4,28.1
Woodlands Avenue 9,S104,2016,4,30,1.2,27.9,35.5,25.2,5.8,40.3
Woodlands Avenue 9,S104,2016,5,1,1.4,29.2,33.7,25.6,6.8,27.4
Woodlands Avenue 9,S104,2016,5,2,7.4,28.3,32.8,26.0,6.1,33.1
Woodlands Avenue 9,S104,2016,5,3,0.0,29.7,34.9,25.5,6.8,28.8
Woodlands Avenue 9,S104,2016,5,4,0.0,30.3,34.6,26.9,10.1,29.5
Woodlands Avenue 9,S104,2016,5,5,15.8,28.9,34.0,25.0,6.5,43.2
Woodlands Avenue 9,S104,2016,5,6,0.0,28.9,35.5,26.6,6.1,41.0
Woodlands Avenue 9,S104,2016,5,7,4.2,28.4,34.3,25.8,5.4,37.8
Woodlands Avenue 9,S104,2016,5,8,0.0,28.8,33.5,26.0,5.4,22.7
Woodlands Avenue 9,S104,2016,5,9,0.0,29.1,33.7,26.0,6.5,50.8
Woodlands Avenue 9,S104,2016,5,10,0.0,29.6,34.2,26.7,7.6,29.5
Woodlands Avenue 9,S104,2016,5,11,29.2,28.6,34.6,24.5,5.8,50.8
Woodlands Avenue 9,S104,2016,5,12,0.2,28.3,33.0,26.6,5.4,25.6
Woodlands Avenue 9,S104,2016,5,13,3.2,28.0,31.1,25.3,5.8,35.3
Woodlands Avenue 9,S104,2016,5,14,16.2,27.3,32.8,24.6,5.0,25.6
Woodlands Avenue 9,S104,2016,5,15,6.6,28.1,34.4,26.0,5.8,25.9
Woodlands Avenue 9,S104,2016,5,16,2.4,28.0,32.5,25.5,7.2,39.6
Woodlands Avenue 9,S104,2016,5,17,3.2,28.6,34.5,26.6,5.4,32.0
Woodlands Avenue 9,S104,2016,5,18,51.0,27.2,31.2,24.8,6.5,34.9
Woodlands Avenue 9,S104,2016,5,19,2.8,28.0,32.5,25.5,5.8,22.0
Woodlands Avenue 9,S104,2016,5,20,0.2,29.2,32.7,26.8,5.4,21.2
Woodlands Avenue 9,S104,2016,5,21,0.2,28.2,30.7,25.0,10.1,40.0
Woodlands Avenue 9,S104,2016,5,22,18.6,28.2,33.7,24.6,8.3,58.0
Woodlands Avenue 9,S104,2016,5,23,0.0,29.8,35.5,25.5,5.8,28.8
Woodlands Avenue 9,S104,2016,5,24,2.2,29.6,32.4,26.3,6.8,39.6
Woodlands Avenue 9,S104,2016,5,25,20.0,29.8,35.0,25.1,6.1,33.1
Woodlands Avenue 9,S104,2016,5,26,2.4,28.6,31.8,26.2,6.8,32.8
Woodlands Avenue 9,S104,2016,5,27,0.0,30.0,33.1,27.9,6.5,30.6
Woodlands Avenue 9,S104,2016,5,28,23.6,28.6,32.5,23.7,5.8,48.2
Woodlands Avenue 9,S104,2016,5,29,0.0,29.8,33.9,26.8,6.1,22.0
Woodlands Avenue 9,S104,2016,5,30,0.2,28.4,33.2,25.5,7.2,47.2
Woodlands Avenue 9,S104,2016,5,31,0.0,28.9,33.5,25.5,7.2,31.3
Woodlands Avenue 9,S104,2016,6,1,0.6,27.3,29.8,24.9,7.2,38.9
Woodlands Avenue 9,S104,2016,6,2,7.0,27.3,32.6,25.0,4.7,44.3
Woodlands Avenue 9,S104,2016,6,3,4.6,26.9,33.3,24.3,5.4,31.7
Woodlands Avenue 9,S104,2016,6,4,0.4,26.4,27.3,25.1,5.4,34.6
Woodlands Avenue 9,S104,2016,6,5,0.0,28.4,33.2,25.2,5.0,20.2
Woodlands Avenue 9,S104,2016,6,6,0.0,29.4,33.9,27.2,5.8,36.4
Woodlands Avenue 9,S104,2016,6,7,0.0,28.9,33.7,26.4,6.1,28.8
Woodlands Avenue 9,S104,2016,6,8,17.8,27.2,30.5,22.6,5.0,42.8
Woodlands Avenue 9,S104,2016,6,9,17.2,28.0,31.8,24.6,5.0,33.5
Woodlands Avenue 9,S104,2016,6,10,0.0,28.3,32.1,25.6,5.4,22.7
Woodlands Avenue 9,S104,2016,6,11,9.8,27.6,31.7,26.4,5.0,24.1
Woodlands Avenue 9,S104,2016,6,12,0.0,28.4,32.6,26.0,5.0,28.8
Woodlands Avenue 9,S104,2016,6,13,0.0,28.3,31.1,26.2,5.8,25.6
Woodlands Avenue 9,S104,2016,6,14,1.2,28.0,30.0,26.4,5.4,25.9
Woodlands Avenue 9,S104,2016,6,15,10.2,27.4,29.9,24.1,6.1,36.7
Woodlands Avenue 9,S104,2016,6,16,7.2,27.6,31.3,25.8,4.7,34.6
Woodlands Avenue 9,S104,2016,6,17,7.8,25.9,29.1,24.3,9.0,46.4
Woodlands Avenue 9,S104,2016,6,18,0.2,27.1,30.7,25.1,6.1,22.0
Woodlands Avenue 9,S104,2016,6,19,0.0,27.5,30.9,25.2,5.0,13.7
Woodlands Avenue 9,S104,2016,6,20,0.0,28.3,31.1,25.9,7.2,33.5
Woodlands Avenue 9,S104,2016,6,21,0.0,28.6,31.6,26.2,5.4,27.0
Woodlands Avenue 9,S104,2016,6,22,1.6,26.9,31.0,24.9,5.8,22.3
Woodlands Avenue 9,S104,2016,6,23,0.0,29.2,32.7,26.0,5.4,24.8
Woodlands Avenue 9,S104,2016,6,24,28.8,26.9,29.8,22.8,6.1,54.0
Woodlands Avenue 9,S104,2016,6,25,0.2,29.2,33.4,26.4,6.5,23.8
Woodlands Avenue 9,S104,2016,6,26,1.2,28.2,31.0,26.3,5.4,33.1
Woodlands Avenue 9,S104,2016,6,27,0.0,28.9,32.1,27.6,5.8,25.9
Woodlands Avenue 9,S104,2016,6,28,0.0,29.8,33.3,26.9,7.2,27.7
Woodlands Avenue 9,S104,2016,6,29,0.0,30.5,34.3,26.9,6.1,31.3
Woodlands Avenue 9,S104,2016,6,30,0.0,30.3,33.7,28.4,7.9,28.1
Woodlands Avenue 9,S104,2016,7,1,0.0,29.7,34.1,26.0,8.3,35.3
Woodlands Avenue 9,S104,2016,7,2,0.0,30.4,34.3,28.1,7.2,24.1
Woodlands Avenue 9,S104,2016,7,3,0.0,30.6,34.7,28.4,7.9,24.5
Woodlands Avenue 9,S104,2016,7,4,0.0,30.5,34.4,28.2,7.6,25.6
Woodlands Avenue 9,S104,2016,7,5,0.0,30.5,34.4,27.3,7.2,29.2
Woodlands Avenue 9,S104,2016,7,6,0.0,29.3,32.7,25.0,6.5,38.2
Woodlands Avenue 9,S104,2016,7,7,4.4,29.5,32.5,26.7,6.5,34.6
Woodlands Avenue 9,S104,2016,7,8,53.8,28.1,31.0,22.3,6.5,49.0
Woodlands Avenue 9,S104,2016,7,9,0.0,29.7,33.6,26.3,6.5,26.6
Woodlands Avenue 9,S104,2016,7,10,0.0,29.6,33.6,26.9,5.8,31.3
Woodlands Avenue 9,S104,2016,7,11,1.2,27.9,31.0,25.2,6.5,37.4
Woodlands Avenue 9,S104,2016,7,12,0.0,30.2,34.6,27.3,5.4,24.8
Woodlands Avenue 9,S104,2016,7,13,23.6,27.6,29.4,23.6,6.1,51.5
Woodlands Avenue 9,S104,2016,7,14,2.8,26.9,30.5,24.1,5.4,44.6
Woodlands Avenue 9,S104,2016,7,15,76.4,26.4,31.2,23.4,5.8,47.2
Woodlands Avenue 9,S104,2016,7,16,0.0,28.1,32.9,25.0,6.5,34.2
Woodlands Avenue 9,S104,2016,7,17,0.8,27.4,34.7,25.4,5.0,35.6
Woodlands Avenue 9,S104,2016,7,18,0.8,27.6,31.4,25.0,6.5,31.3
Woodlands Avenue 9,S104,2016,7,19,6.8,27.4,31.3,23.2,11.5,44.3
Woodlands Avenue 9,S104,2016,7,20,27.0,27.0,29.5,22.5,6.5,47.2
Woodlands Avenue 9,S104,2016,7,21,3.8,27.6,31.6,24.8,5.8,31.0
Woodlands Avenue 9,S104,2016,7,22,3.8,25.9,27.5,24.8,6.1,32.0
Woodlands Avenue 9,S104,2016,7,23,0.2,27.0,32.2,24.4,6.1,33.5
Woodlands Avenue 9,S104,2016,7,24,3.0,26.7,31.3,24.8,5.0,27.0
Woodlands Avenue 9,S104,2016,7,25,0.6,27.3,30.0,25.4,6.1,27.4
Woodlands Avenue 9,S104,2016,7,26,9.0,26.2,28.5,22.9,5.0,44.6
Woodlands Avenue 9,S104,2016,7,27,0.0,28.3,33.1,24.7,5.4,21.6
Woodlands Avenue 9,S104,2016,7,28,35.6,26.9,31.0,22.2,6.1,51.1
Woodlands Avenue 9,S104,2016,7,29,0.0,28.5,32.2,25.5,6.1,30.2
Woodlands Avenue 9,S104,2016,7,30,0.0,29.0,32.6,26.2,4.7,22.0
Woodlands Avenue 9,S104,2016,7,31,3.0,27.7,33.1,25.6,6.1,35.3
Woodlands Avenue 9,S104,2016,8,1,0.0,27.2,30.6,25.0,7.9,33.5
Woodlands Avenue 9,S104,2016,8,2,0.0,29.1,32.3,26.9,9.0,32.0
Woodlands Avenue 9,S104,2016,8,3,1.6,27.5,30.8,21.9,7.2,65.2
Woodlands Avenue 9,S104,2016,8,4,0.0,28.6,31.5,26.8,7.6,30.6
Woodlands Avenue 9,S104,2016,8,5,0.0,29.6,33.3,27.7,6.1,22.7
Woodlands Avenue 9,S104,2016,8,6,0.0,28.5,32.0,26.0,6.5,28.8
Woodlands Avenue 9,S104,2016,8,7,0.0,29.2,32.8,26.4,6.1,29.2
Woodlands Avenue 9,S104,2016,8,8,0.0,29.5,32.5,27.6,7.2,24.8
Woodlands Avenue 9,S104,2016,8,9,0.0,29.4,33.2,26.1,7.6,32.8
Woodlands Avenue 9,S104,2016,8,10,0.0,29.9,33.0,27.4,6.8,31.3
Woodlands Avenue 9,S104,2016,8,11,27.2,28.5,31.1,24.9,6.5,33.8
Woodlands Avenue 9,S104,2016,8,12,18.2,28.4,31.2,24.3,5.4,42.1
Woodlands Avenue 9,S104,2016,8,13,0.8,29.1,32.2,26.8,6.5,32.8
Woodlands Avenue 9,S104,2016,8,14,1.2,28.9,32.4,25.0,9.4,38.9
Woodlands Avenue 9,S104,2016,8,15,1.4,29.4,33.2,26.8,7.2,32.4
Woodlands Avenue 9,S104,2016,8,16,0.0,29.4,32.8,25.4,7.2,33.1
Woodlands Avenue 9,S104,2016,8,17,26.4,28.2,32.8,24.8,6.8,35.6
Woodlands Avenue 9,S104,2016,8,18,0.0,29.8,33.2,26.5,6.8,30.2
Woodlands Avenue 9,S104,2016,8,19,6.8,28.4,32.3,23.2,7.2,52.9
Woodlands Avenue 9,S104,2016,8,20,6.0,29.6,33.7,25.8,6.5,30.2
Woodlands Avenue 9,S104,2016,8,21,20.2,27.9,30.6,22.7,6.1,52.9
Woodlands Avenue 9,S104,2016,8,22,0.0,28.8,31.6,27.1,5.4,24.8
Woodlands Avenue 9,S104,2016,8,23,0.0,29.2,31.4,26.7,5.4,29.5
Woodlands Avenue 9,S104,2016,8,24,25.6,27.6,31.0,23.7,9.0,55.4
Woodlands Avenue 9,S104,2016,8,25,0.0,29.2,32.4,26.8,8.3,33.1
Woodlands Avenue 9,S104,2016,8,26,0.0,29.1,32.2,26.3,10.4,51.8
Woodlands Avenue 9,S104,2016,8,27,0.0,29.6,32.5,27.8,7.6,34.6
Woodlands Avenue 9,S104,2016,8,28,24.8,28.4,32.1,24.1,5.8,39.2
Woodlands Avenue 9,S104,2016,8,29,0.0,29.2,33.5,25.8,7.6,25.6
Woodlands Avenue 9,S104,2016,8,30,3.2,27.3,29.6,25.1,5.4,34.9
Woodlands Avenue 9,S104,2016,8,31,0.0,27.8,32.2,25.7,5.4,32.8
Woodlands Avenue 9,S104,2016,9,1,16.0,26.4,31.0,24.6,5.0,26.6
Woodlands Avenue 9,S104,2016,9,2,0.0,28.3,32.8,24.0,5.8,25.9
Woodlands Avenue 9,S104,2016,9,3,0.0,29.2,34.1,25.8,5.8,23.8
Woodlands Avenue 9,S104,2016,9,4,0.0,28.3,33.0,26.4,6.1,34.9
Woodlands Avenue 9,S104,2016,9,5,0.0,28.0,30.8,25.4,7.6,33.8
Woodlands Avenue 9,S104,2016,9,6,0.0,29.2,32.6,26.4,8.3,31.7
Woodlands Avenue 9,S104,2016,9,7,20.8,27.4,29.3,22.9,7.9,45.7
Woodlands Avenue 9,S104,2016,9,8,0.0,29.3,32.4,27.5,6.5,28.8
Woodlands Avenue 9,S104,2016,9,9,8.0,26.8,33.3,23.7,6.8,44.6
Woodlands Avenue 9,S104,2016,9,10,2.0,27.1,31.4,23.1,5.4,31.7
Woodlands Avenue 9,S104,2016,9,11,9.2,28.7,32.9,22.8,6.8,53.3
Woodlands Avenue 9,S104,2016,9,12,0.2,25.9,27.8,24.9,6.5,45.7
Woodlands Avenue 9,S104,2016,9,13,0.0,28.9,33.5,25.1,6.1,24.5
Woodlands Avenue 9,S104,2016,9,14,7.2,26.8,30.4,23.4,6.5,38.9
Woodlands Avenue 9,S104,2016,9,15,0.0,29.4,33.5,25.6,5.0,24.1
Woodlands Avenue 9,S104,2016,9,16,13.2,28.1,32.1,22.7,9.0,59.8
Woodlands Avenue 9,S104,2016,9,17,0.0,28.6,32.3,25.1,7.2,39.6
Woodlands Avenue 9,S104,2016,9,18,2.8,28.3,32.7,23.4,7.9,39.6
Woodlands Avenue 9,S104,2016,9,19,1.8,28.4,30.7,25.9,8.6,36.0
Woodlands Avenue 9,S104,2016,9,20,2.0,28.0,31.5,24.0,11.5,50.0
Woodlands Avenue 9,S104,2016,9,21,2.2,27.6,32.5,24.3,9.0,43.2
Woodlands Avenue 9,S104,2016,9,22,0.0,28.1,32.1,25.6,7.6,29.5
Woodlands Avenue 9,S104,2016,9,23,0.0,28.5,33.3,25.9,7.9,31.3
Woodlands Avenue 9,S104,2016,9,24,0.0,29.2,34.5,25.6,8.3,28.4
Woodlands Avenue 9,S104,2016,9,25,0.2,28.6,32.5,24.9,6.8,42.1
Woodlands Avenue 9,S104,2016,9,26,0.0,28.5,33.3,25.9,7.9,38.5
Woodlands Avenue 9,S104,2016,9,27,0.0,28.5,31.4,26.1,6.1,20.2
Woodlands Avenue 9,S104,2016,9,28,0.0,29.4,33.8,26.0,9.4,31.0
Woodlands Avenue 9,S104,2016,9,29,0.0,28.9,32.5,26.0,8.6,34.9
Woodlands Avenue 9,S104,2016,9,30,8.2,27.9,34.0,24.4,8.3,54.7
Woodlands Avenue 9,S104,2016,10,1,0.0,27.7,31.3,25.0,7.6,38.9
Woodlands Avenue 9,S104,2016,10,2,0.0,29.7,32.9,27.1,8.3,30.2
Woodlands Avenue 9,S104,2016,10,3,4.2,27.7,30.4,23.5,7.9,43.6
Woodlands Avenue 9,S104,2016,10,4,6.2,28.1,33.8,25.1,6.5,44.6
Woodlands Avenue 9,S104,2016,10,5,0.0,28.3,31.8,25.4,7.6,30.6
Woodlands Avenue 9,S104,2016,10,6,1.0,28.3,30.6,25.5,6.1,29.5
Woodlands Avenue 9,S104,2016,10,7,67.8,25.6,28.4,23.0,6.1,40.7
Woodlands Avenue 9,S104,2016,10,8,0.0,28.1,32.0,24.9,7.2,32.4
Woodlands Avenue 9,S104,2016,10,9,0.0,28.9,32.3,26.0,5.8,24.1
Woodlands Avenue 9,S104,2016,10,10,0.0,29.1,32.5,26.4,9.4,37.1
Woodlands Avenue 9,S104,2016,10,11,0.0,29.8,33.2,27.5,11.5,39.2
Woodlands Avenue 9,S104,2016,10,12,0.0,29.1,32.3,26.9,11.9,43.9
Woodlands Avenue 9,S104,2016,10,13,0.0,28.7,30.5,27.3,10.8,41.0
Woodlands Avenue 9,S104,2016,10,14,0.8,28.2,31.1,24.9,10.4,37.1
Woodlands Avenue 9,S104,2016,10,15,0.0,29.5,33.1,26.3,9.7,41.4
Woodlands Avenue 9,S104,2016,10,16,1.8,28.1,30.9,25.4,12.2,49.7
Woodlands Avenue 9,S104,2016,10,17,0.4,28.6,30.9,26.8,9.7,33.5
Woodlands Avenue 9,S104,2016,10,18,3.8,29.4,33.5,24.8,7.2,33.5
Woodlands Avenue 9,S104,2016,10,19,30.4,27.6,30.4,22.2,7.6,56.5
Woodlands Avenue 9,S104,2016,10,20,0.0,29.3,33.2,26.3,5.8,31.7
Woodlands Avenue 9,S104,2016,10,21,3.2,28.6,33.3,24.5,6.1,32.0
Woodlands Avenue 9,S104,2016,10,22,1.6,27.9,30.0,25.3,6.8,33.8
Woodlands Avenue 9,S104,2016,10,23,0.0,28.2,31.4,26.3,6.5,28.8
Woodlands Avenue 9,S104,2016,10,24,1.4,27.1,29.8,25.2,6.5,30.2
Woodlands Avenue 9,S104,2016,10,25,52.4,26.9,33.4,22.3,7.2,49.0
Woodlands Avenue 9,S104,2016,10,26,0.6,27.2,31.6,24.0,7.6,29.5
Woodlands Avenue 9,S104,2016,10,27,48.8,25.3,30.5,22.7,6.5,37.8
Woodlands Avenue 9,S104,2016,10,28,3.6,26.6,32.3,24.2,4.3,28.4
Woodlands Avenue 9,S104,2016,10,29,17.2,26.7,30.3,23.5,7.2,39.2
Woodlands Avenue 9,S104,2016,10,30,0.6,27.0,30.5,24.4,5.4,33.1
Woodlands Avenue 9,S104,2016,10,31,0.0,28.3,31.7,25.2,7.2,27.0
Woodlands Avenue 9,S104,2016,11,1,20.2,27.2,31.3,23.8,6.8,41.8
Woodlands Avenue 9,S104,2016,11,2,23.4,27.4,30.8,22.1,7.9,58.0
Woodlands Avenue 9,S104,2016,11,3,13.8,27.2,30.3,24.6,9.0,28.8
Woodlands Avenue 9,S104,2016,11,4,0.8,27.7,30.4,25.8,6.5,24.8
Woodlands Avenue 9,S104,2016,11,5,2.4,26.7,28.0,25.5,7.2,29.2
Woodlands Avenue 9,S104,2016,11,6,1.0,28.1,31.7,25.0,8.6,28.1
Woodlands Avenue 9,S104,2016,11,7,1.4,26.8,29.0,25.5,6.5,30.6
Woodlands Avenue 9,S104,2016,11,8,0.0,28.9,34.0,25.2,6.1,21.6
Woodlands Avenue 9,S104,2016,11,9,1.4,28.3,31.5,24.5,7.6,31.0
Woodlands Avenue 9,S104,2016,11,10,2.8,27.5,31.7,24.9,7.2,32.8
Woodlands Avenue 9,S104,2016,11,11,8.8,26.2,30.9,24.6,5.0,40.7
Woodlands Avenue 9,S104,2016,11,12,10.8,26.9,32.9,24.4,5.8,33.5
Woodlands Avenue 9,S104,2016,11,13,4.6,27.2,32.0,25.2,6.5,33.5
Woodlands Avenue 9,S104,2016,11,14,32.2,25.0,26.5,23.3,6.8,41.8
Woodlands Avenue 9,S104,2016,11,15,1.4,27.0,32.0,24.2,7.6,37.1
Woodlands Avenue 9,S104,2016,11,16,0.4,26.8,29.9,23.9,6.5,49.7
Woodlands Avenue 9,S104,2016,11,17,0.2,,32.9,25.2,6.1,22.7
Woodlands Avenue 9,S104,2016,11,18,15.4,26.9,33.3,24.3,5.8,32.0
Woodlands Avenue 9,S104,2016,11,19,0.4,27.6,31.6,25.3,5.4,21.6
Woodlands Avenue 9,S104,2016,11,20,0.0,,31.9,25.7,5.8,26.3
Woodlands Avenue 9,S104,2016,11,21,1.6,27.8,30.6,25.5,9.0,31.3
Woodlands Avenue 9,S104,2016,11,22,1.0,27.6,29.1,25.3,5.0,29.9
Woodlands Avenue 9,S104,2016,11,23,6.2,,31.2,24.5,6.1,33.1
Woodlands Avenue 9,S104,2016,11,24,0.0,27.4,32.7,25.3,7.2,34.9
Woodlands Avenue 9,S104,2016,11,25,8.6,27.5,33.6,24.8,6.1,36.4
Woodlands Avenue 9,S104,2016,11,26,1.4,27.2,31.2,25.5,5.4,28.4
Woodlands Avenue 9,S104,2016,11,27,0.2,27.1,29.7,24.6,9.7,32.4
Woodlands Avenue 9,S104,2016,11,28,0.0,27.3,29.6,25.7,9.7,33.5
Woodlands Avenue 9,S104,2016,11,29,0.2,26.0,27.7,24.6,9.0,32.4
Woodlands Avenue 9,S104,2016,11,30,0.0,27.7,30.9,24.6,10.8,35.3
Woodlands Avenue 9,S104,2016,12,1,13.2,25.4,27.3,24.4,7.9,24.5
Woodlands Avenue 9,S104,2016,12,2,0.8,27.0,31.3,24.3,8.6,32.0
Woodlands Avenue 9,S104,2016,12,3,0.0,,29.9,25.8,5.4,21.2
Woodlands Avenue 9,S104,2016,12,4,0.0,29.2,34.1,25.7,6.8,25.9
Woodlands Avenue 9,S104,2016,12,5,10.2,28.7,33.7,23.3,8.6,27.7
Woodlands Avenue 9,S104,2016,12,6,0.2,28.4,34.2,23.6,6.8,33.8
Woodlands Avenue 9,S104,2016,12,7,1.4,28.1,32.7,26.3,9.0,28.8
Woodlands Avenue 9,S104,2016,12,8,1.4,28.3,32.0,25.8,8.3,27.7
Woodlands Avenue 9,S104,2016,12,9,6.4,26.8,30.5,25.2,7.2,38.9
Woodlands Avenue 9,S104,2016,12,10,10.6,27.2,29.8,24.3,7.9,32.8
Woodlands Avenue 9,S104,2016,12,11,2.6,25.5,29.0,23.6,9.4,44.6
Woodlands Avenue 9,S104,2016,12,12,0.0,27.9,30.9,25.1,12.6,40.7
Woodlands Avenue 9,S104,2016,12,13,1.2,27.6,31.4,24.3,9.0,37.4
Woodlands Avenue 9,S104,2016,12,14,0.2,27.9,32.3,25.2,7.6,33.8
Woodlands Avenue 9,S104,2016,12,15,0.0,28.5,31.9,26.1,8.3,33.5
Woodlands Avenue 9,S104,2016,12,16,0.0,28.6,32.8,26.1,8.6,29.5
Woodlands Avenue 9,S104,2016,12,17,1.8,26.8,31.8,24.6,9.0,36.7
Woodlands Avenue 9,S104,2016,12,18,15.4,26.6,31.0,22.8,7.9,37.4
Woodlands Avenue 9,S104,2016,12,19,0.8,27.5,31.7,25.0,10.8,36.7
Woodlands Avenue 9,S104,2016,12,20,0.0,28.0,31.8,25.2,14.8,46.1
Woodlands Avenue 9,S104,2016,12,21,3.4,28.1,31.8,25.6,10.4,38.2
Woodlands Avenue 9,S104,2016,12,22,15.6,26.6,32.3,23.7,6.5,34.2
Woodlands Avenue 9,S104,2016,12,23,50.0,26.9,31.5,22.8,7.2,30.6
Woodlands Avenue 9,S104,2016,12,24,16.8,26.3,32.5,23.7,9.0,37.8
Woodlands Avenue 9,S104,2016,12,25,28.8,26.4,31.9,23.0,10.1,39.6
Woodlands Avenue 9,S104,2016,12,26,0.0,26.3,30.0,23.9,10.1,28.4
Woodlands Avenue 9,S104,2016,12,27,1.0,25.7,29.0,24.0,10.1,41.8
Woodlands Avenue 9,S104,2016,12,28,3.6,25.2,27.6,23.2,11.5,40.0
Woodlands Avenue 9,S104,2016,12,29,0.0,27.2,30.6,25.1,9.7,34.2
Woodlands Avenue 9,S104,2016,12,30,0.6,26.8,32.0,24.9,12.2,46.8
Woodlands Avenue 9,S104,2016,12,31,0.0,26.5,29.6,24.5,7.9,40.7
Woodlands Avenue 9,S104,2017,1,1,3.0,26.8,30.0,24.7,11.2,40.7
Woodlands Avenue 9,S104,2017,1,2,47.2,26.1,30.5,24.1,6.1,32.0
Woodlands Avenue 9,S104,2017,1,3,0.6,26.3,30.6,24.5,7.6,27.4
Woodlands Avenue 9,S104,2017,1,4,2.6,26.6,30.2,23.5,9.0,33.5
Woodlands Avenue 9,S104,2017,1,5,1.2,27.7,31.4,24.4,8.6,33.5
Woodlands Avenue 9,S104,2017,1,6,0.0,28.6,33.4,25.9,8.6,31.0
Woodlands Avenue 9,S104,2017,1,7,0.0,29.6,34.1,26.5,7.9,29.2
Woodlands Avenue 9,S104,2017,1,8,0.0,29.5,34.1,26.1,8.6,31.3
Woodlands Avenue 9,S104,2017,1,9,0.0,28.9,34.7,26.7,11.2,29.9
Woodlands Avenue 9,S104,2017,1,10,6.0,27.8,33.0,26.0,10.4,34.9
Woodlands Avenue 9,S104,2017,1,11,3.2,27.1,32.7,24.3,9.0,37.1
Woodlands Avenue 9,S104,2017,1,12,0.2,28.0,31.7,24.9,7.9,32.0
Woodlands Avenue 9,S104,2017,1,13,0.0,27.6,32.3,25.8,8.6,27.0
Woodlands Avenue 9,S104,2017,1,14,0.0,28.0,31.4,25.2,7.2,23.0
Woodlands Avenue 9,S104,2017,1,15,4.0,27.7,32.0,25.6,8.3,39.6
Woodlands Avenue 9,S104,2017,1,16,0.0,27.7,32.3,25.0,7.6,26.6
Woodlands Avenue 9,S104,2017,1,17,0.0,28.0,33.0,25.6,6.8,24.5
Woodlands Avenue 9,S104,2017,1,18,32.8,26.3,32.6,24.1,8.3,32.0
Woodlands Avenue 9,S104,2017,1,19,25.4,26.4,32.7,24.1,6.5,30.6
Woodlands Avenue 9,S104,2017,1,20,6.8,26.3,30.4,23.4,7.9,34.9
Woodlands Avenue 9,S104,2017,1,21,49.4,26.1,30.0,22.7,9.4,44.6
Woodlands Avenue 9,S104,2017,1,22,1.6,26.2,30.1,23.9,12.6,43.9
Woodlands Avenue 9,S104,2017,1,23,57.6,24.9,27.6,23.6,7.9,39.6
Woodlands Avenue 9,S104,2017,1,24,18.8,23.9,24.8,23.2,8.3,26.6
Woodlands Avenue 9,S104,2017,1,25,2.8,25.8,28.9,22.7,8.6,32.8
Woodlands Avenue 9,S104,2017,1,26,13.4,26.6,30.5,23.5,10.1,37.1
Woodlands Avenue 9,S104,2017,1,27,0.8,26.9,30.4,25.2,14.4,50.8
Woodlands Avenue 9,S104,2017,1,28,3.2,25.9,29.1,24.5,11.5,42.1
Woodlands Avenue 9,S104,2017,1,29,0.0,26.3,28.3,24.5,10.4,30.6
Woodlands Avenue 9,S104,2017,1,30,14.2,25.6,28.3,23.4,9.4,48.2
Woodlands Avenue 9,S104,2017,1,31,0.0,26.6,30.4,24.9,11.5,33.1
Woodlands Avenue 9,S104,2017,2,1,0.0,,30.6,24.7,10.1,30.2
Woodlands Avenue 9,S104,2017,2,2,0.2,27.3,31.1,25.3,6.5,24.1
Woodlands Avenue 9,S104,2017,2,3,25.6,27.4,33.1,23.4,9.7,43.6
Woodlands Avenue 9,S104,2017,2,4,14.4,26.8,32.0,23.7,8.6,44.3
Woodlands Avenue 9,S104,2017,2,5,0.0,27.3,32.6,24.9,9.7,27.4
Woodlands Avenue 9,S104,2017,2,6,0.0,27.6,33.4,25.1,9.4,33.1
Woodlands Avenue 9,S104,2017,2,7,22.2,26.0,30.5,23.2,8.3,33.1
Woodlands Avenue 9,S104,2017,2,8,18.4,26.6,32.0,24.1,7.2,31.3
Woodlands Avenue 9,S104,2017,2,9,0.0,,30.9,25.3,9.0,28.1
Woodlands Avenue 9,S104,2017,2,10,0.0,27.4,31.4,25.0,14.8,38.9
Woodlands Avenue 9,S104,2017,2,11,0.6,,30.7,25.0,17.3,49.0
Woodlands Avenue 9,S104,2017,2,12,2.4,26.1,29.2,24.3,16.2,59.4
Woodlands Avenue 9,S104,2017,2,13,1.4,26.0,29.0,23.8,14.8,57.2
Woodlands Avenue 9,S104,2017,2,14,2.0,26.1,29.2,23.3,18.7,56.2
Woodlands Avenue 9,S104,2017,2,15,5.4,25.1,28.7,22.6,14.8,44.6
Woodlands Avenue 9,S104,2017,2,16,0.0,26.2,29.4,24.2,15.1,44.3
Woodlands Avenue 9,S104,2017,2,17,0.0,26.8,30.5,24.4,14.0,42.1
Woodlands Avenue 9,S104,2017,2,18,0.0,26.7,30.6,24.6,15.5,40.7
Woodlands Avenue 9,S104,2017,2,19,0.8,27.2,30.6,25.0,13.7,39.6
Woodlands Avenue 9,S104,2017,2,20,0.0,27.3,31.2,25.1,13.0,41.0
Woodlands Avenue 9,S104,2017,2,21,7.4,26.7,31.5,24.8,8.6,28.1
Woodlands Avenue 9,S104,2017,2,22,0.0,,31.2,25.3,10.1,38.9
Woodlands Avenue 9,S104,2017,2,23,20.8,26.6,32.4,23.6,7.2,32.0
Woodlands Avenue 9,S104,2017,2,24,19.8,24.7,27.4,23.6,6.8,37.4
Woodlands Avenue 9,S104,2017,2,25,0.0,26.6,31.5,23.6,8.3,37.1
Woodlands Avenue 9,S104,2017,2,26,0.0,27.5,31.4,25.2,10.8,38.5
Woodlands Avenue 9,S104,2017,2,27,0.0,27.2,30.2,25.3,14.4,50.0
Woodlands Avenue 9,S104,2017,2,28,12.4,,29.1,24.2,11.9,54.4
Woodlands Avenue 9,S104,2017,3,1,29.6,24.8,27.4,23.3,9.4,38.2
Woodlands Avenue 9,S104,2017,3,2,0.2,,29.9,24.4,13.7,46.1
Woodlands Avenue 9,S104,2017,3,3,6.8,25.7,27.9,23.7,11.5,47.2
Woodlands Avenue 9,S104,2017,3,4,29.6,25.3,28.1,23.5,7.6,31.3
Woodlands Avenue 9,S104,2017,3,5,0.8,26.8,30.6,24.3,9.7,30.2
Woodlands Avenue 9,S104,2017,3,6,4.0,26.9,32.3,24.5,8.3,31.7
Woodlands Avenue 9,S104,2017,3,7,10.4,27.1,32.7,24.7,7.2,28.1
Woodlands Avenue 9,S104,2017,3,8,0.2,27.1,31.0,24.5,13.3,38.9
Woodlands Avenue 9,S104,2017,3,9,0.0,27.1,31.4,24.5,14.8,36.0
Woodlands Avenue 9,S104,2017,3,10,0.0,26.9,30.5,24.4,14.4,34.6
Woodlands Avenue 9,S104,2017,3,11,0.0,27.2,31.8,24.8,11.5,47.5
Woodlands Avenue 9,S104,2017,3,12,41.8,26.5,30.4,23.4,6.8,25.9
Woodlands Avenue 9,S104,2017,3,13,0.0,28.2,34.4,25.2,7.6,26.3
Woodlands Avenue 9,S104,2017,3,14,4.4,27.0,30.7,23.7,8.3,35.6
Woodlands Avenue 9,S104,2017,3,15,0.0,29.2,34.8,25.5,6.8,26.6
Woodlands Avenue 9,S104,2017,3,16,20.4,,32.7,23.4,10.4,30.6
Woodlands Avenue 9,S104,2017,3,17,2.2,26.7,32.6,24.2,6.8,36.7
Woodlands Avenue 9,S104,2017,3,18,0.0,,31.9,25.1,6.8,24.8
Woodlands Avenue 9,S104,2017,3,19,24.0,27.8,34.0,23.9,6.5,40.3
Woodlands Avenue 9,S104,2017,3,20,13.0,,29.1,24.1,6.8,34.2
Woodlands Avenue 9,S104,2017,3,21,0.0,28.1,34.0,25.1,8.3,34.2
Woodlands Avenue 9,S104,2017,3,22,5.4,27.5,33.4,24.5,9.0,58.3
Woodlands Avenue 9,S104,2017,3,23,0.0,28.6,33.5,25.7,10.8,34.2
Woodlands Avenue 9,S104,2017,3,24,2.4,28.5,32.7,26.4,8.3,25.2
Woodlands Avenue 9,S104,2017,3,25,46.4,27.1,32.9,23.8,7.6,41.0
Woodlands Avenue 9,S104,2017,3,26,0.0,28.6,33.4,25.5,10.8,39.6
Woodlands Avenue 9,S104,2017,3,27,0.0,28.6,31.7,26.1,10.1,31.7
Woodlands Avenue 9,S104,2017,3,28,2.8,26.2,28.7,24.2,7.6,29.2
Woodlands Avenue 9,S104,2017,3,29,9.2,26.5,31.6,25.1,4.7,26.6
Woodlands Avenue 9,S104,2017,3,30,7.2,25.3,30.7,23.7,6.1,37.8
Woodlands Avenue 9,S104,2017,3,31,0.6,27.2,33.2,24.9,4.7,21.6
Woodlands Avenue 9,S104,2017,4,1,5.2,26.7,31.7,24.5,5.8,31.7
Woodlands Avenue 9,S104,2017,4,2,0.0,27.4,31.6,25.0,8.3,32.0
Woodlands Avenue 9,S104,2017,4,3,1.6,26.9,28.7,24.8,6.8,25.6
Woodlands Avenue 9,S104,2017,4,4,11.2,28.2,31.9,23.3,8.6,39.6
Woodlands Avenue 9,S104,2017,4,5,0.0,28.4,31.6,25.4,10.1,36.0
Woodlands Avenue 9,S104,2017,4,6,3.2,28.6,32.5,26.8,7.6,27.7
Woodlands Avenue 9,S104,2017,4,7,3.6,27.7,33.0,23.9,8.3,48.6
Woodlands Avenue 9,S104,2017,4,8,9.0,26.8,28.9,24.4,6.1,36.7
Woodlands Avenue 9,S104,2017,4,9,0.0,27.6,34.5,24.9,5.8,26.3
Woodlands Avenue 9,S104,2017,4,10,0.0,28.0,32.4,25.3,6.1,25.9
Woodlands Avenue 9,S104,2017,4,11,0.0,28.6,33.3,25.8,7.2,31.3
Woodlands Avenue 9,S104,2017,4,12,0.2,28.5,31.8,25.5,5.4,22.0
Woodlands Avenue 9,S104,2017,4,13,35.2,26.8,30.6,23.3,5.8,33.1
Woodlands Avenue 9,S104,2017,4,14,0.8,26.9,31.6,24.5,6.5,27.4
Woodlands Avenue 9,S104,2017,4,15,0.2,27.9,31.8,25.5,8.6,40.0
Woodlands Avenue 9,S104,2017,4,16,0.2,28.1,34.5,25.3,6.1,28.8
Woodlands Avenue 9,S104,2017,4,17,4.8,28.3,32.2,23.8,7.6,53.6
Woodlands Avenue 9,S104,2017,4,18,39.8,26.7,32.5,24.0,6.8,30.2
Woodlands Avenue 9,S104,2017,4,19,10.8,27.5,33.8,24.1,5.0,31.3
Woodlands Avenue 9,S104,2017,4,20,2.0,27.7,32.5,25.4,5.0,33.8
Woodlands Avenue 9,S104,2017,4,21,14.8,27.4,31.5,23.6,7.9,38.9
Woodlands Avenue 9,S104,2017,4,22,0.0,27.9,30.2,25.3,6.5,26.6
Woodlands Avenue 9,S104,2017,4,23,0.0,28.1,32.0,26.0,5.4,23.4
Woodlands Avenue 9,S104,2017,4,24,15.8,26.7,32.3,24.5,5.8,28.1
Woodlands Avenue 9,S104,2017,4,25,10.4,26.5,32.0,24.8,5.0,26.3
Woodlands Avenue 9,S104,2017,4,26,41.6,27.1,30.7,24.3,6.1,27.0
Woodlands Avenue 9,S104,2017,4,27,0.0,27.7,33.0,24.8,7.9,32.0
Woodlands Avenue 9,S104,2017,4,28,,,,,,
Woodlands Avenue 9,S104,2017,4,29,,,,,,
Woodlands Avenue 9,S104,2017,4,30,27.6,28.5,33.8,25.7,5.8,35.3
Woodlands Avenue 9,S104,2017,5,1,0.0,28.9,33.7,26.0,5.0,22.3
Woodlands Avenue 9,S104,2017,5,2,,,,,,
Woodlands Avenue 9,S104,2017,5,3,,,,,,
Woodlands Avenue 9,S104,2017,5,4,0.0,28.7,32.0,26.7,5.0,23.8
Woodlands Avenue 9,S104,2017,5,5,,,,,,
Woodlands Avenue 9,S104,2017,5,6,,,,,,
Woodlands Avenue 9,S104,2017,5,7,0.2,27.7,30.9,25.9,6.1,31.0
Woodlands Avenue 9,S104,2017,5,8,0.0,28.4,31.7,25.6,6.8,24.1
Woodlands Avenue 9,S104,2017,5,9,,,,,,
Woodlands Avenue 9,S104,2017,5,10,,,,,,
Woodlands Avenue 9,S104,2017,5,11,0.0,28.1,31.8,25.3,6.1,21.6
Woodlands Avenue 9,S104,2017,5,12,0.0,28.6,31.5,26.0,6.5,36.0
Woodlands Avenue 9,S104,2017,5,13,,,,,,
Woodlands Avenue 9,S104,2017,5,14,4.8,,,,7.6,25.2
Woodlands Avenue 9,S104,2017,5,15,12.4,28.1,31.5,24.9,6.1,44.6
Woodlands Avenue 9,S104,2017,5,16,1.8,28.9,32.8,27.0,5.8,33.8
Woodlands Avenue 9,S104,2017,5,17,,,,,,
Woodlands Avenue 9,S104,2017,5,18,0.0,,,,7.9,40.0
Woodlands Avenue 9,S104,2017,5,19,0.2,29.6,32.9,27.9,5.8,25.9
Woodlands Avenue 9,S104,2017,5,20,0.0,29.9,34.1,28.0,5.4,28.4
Woodlands Avenue 9,S104,2017,5,21,,,,,,
Woodlands Avenue 9,S104,2017,5,22,,,,,,
Woodlands Avenue 9,S104,2017,5,23,1.6,,33.5,27.2,6.5,31.3
Woodlands Avenue 9,S104,2017,5,24,29.0,26.4,29.2,23.3,6.5,46.1
Woodlands Avenue 9,S104,2017,5,25,0.0,28.1,32.1,25.1,6.8,32.8
Woodlands Avenue 9,S104,2017,5,26,,,,,,
Woodlands Avenue 9,S104,2017,5,27,1.2,27.5,32.9,25.5,5.8,43.9
Woodlands Avenue 9,S104,2017,5,28,0.0,28.9,31.8,26.0,5.8,20.9
Woodlands Avenue 9,S104,2017,5,29,2.6,,,,6.5,32.8
Woodlands Avenue 9,S104,2017,5,30,12.0,26.6,30.2,23.2,6.5,44.6
Woodlands Avenue 9,S104,2017,5,31,42.0,28.1,34.7,23.0,6.8,53.3
Woodlands Avenue 9,S104,2017,6,1,6.2,,,,6.1,20.5
Woodlands Avenue 9,S104,2017,6,2,0.0,29.3,33.0,27.2,5.4,18.4
Woodlands Avenue 9,S104,2017,6,3,0.0,30.1,34.3,27.6,6.1,26.3
Woodlands Avenue 9,S104,2017,6,4,0.0,30.4,34.1,28.0,6.8,26.3
Woodlands Avenue 9,S104,2017,6,5,0.0,,,,6.1,23.0
Woodlands Avenue 9,S104,2017,6,6,0.0,29.9,32.9,28.3,6.5,25.6
Woodlands Avenue 9,S104,2017,6,7,0.4,29.8,34.4,26.8,6.5,24.1
Woodlands Avenue 9,S104,2017,6,8,5.2,29.1,33.6,27.0,8.6,29.2
Woodlands Avenue 9,S104,2017,6,9,0.0,,,,6.5,23.0
Woodlands Avenue 9,S104,2017,6,10,11.4,28.4,33.8,24.8,6.1,30.2
Woodlands Avenue 9,S104,2017,6,11,0.0,28.2,32.5,24.8,6.1,26.6
Woodlands Avenue 9,S104,2017,6,12,0.0,,,,6.1,19.8
Woodlands Avenue 9,S104,2017,6,13,0.0,29.0,33.3,25.7,7.6,34.2
Woodlands Avenue 9,S104,2017,6,14,0.2,27.4,32.3,24.8,7.2,41.0
Woodlands Avenue 9,S104,2017,6,15,0.0,,,,5.8,13.3
Woodlands Avenue 9,S104,2017,6,16,0.0,,,,6.8,27.4
Woodlands Avenue 9,S104,2017,6,17,0.0,29.0,34.2,25.7,6.1,23.0
Woodlands Avenue 9,S104,2017,6,18,24.0,26.8,29.9,23.0,7.6,54.0
Woodlands Avenue 9,S104,2017,6,19,0.0,,,,6.5,27.0
Woodlands Avenue 9,S104,2017,6,20,0.0,29.1,32.8,25.8,6.1,28.4
Woodlands Avenue 9,S104,2017,6,21,0.0,28.5,32.1,27.1,5.4,22.3
Woodlands Avenue 9,S104,2017,6,22,0.0,,,,4.3,11.5
Woodlands Avenue 9,S104,2017,6,23,1.2,,,,9.7,67.3
Woodlands Avenue 9,S104,2017,6,24,0.0,28.8,32.3,26.0,6.1,22.3
Woodlands Avenue 9,S104,2017,6,25,7.6,27.4,30.2,24.0,4.7,41.8
Woodlands Avenue 9,S104,2017,6,26,,,,,,
Woodlands Avenue 9,S104,2017,6,27,,,,,,
Woodlands Avenue 9,S104,2017,6,28,14.8,27.0,32.9,24.2,5.4,35.3
Woodlands Avenue 9,S104,2017,6,29,,,,,,
Woodlands Avenue 9,S104,2017,6,30,0.0,,,,6.1,20.9
Woodlands Avenue 9,S104,2017,7,1,0.0,29.3,32.6,26.9,6.5,28.8
Woodlands Avenue 9,S104,2017,7,2,,,,,,
Woodlands Avenue 9,S104,2017,7,3,,,,,,
Woodlands Avenue 9,S104,2017,7,4,0.0,28.7,32.2,25.8,6.1,27.4
Woodlands Avenue 9,S104,2017,7,5,,,,,,
Woodlands Avenue 9,S104,2017,7,6,0.0,,,,7.6,32.0
Woodlands Avenue 9,S104,2017,7,7,0.0,28.9,31.9,26.6,6.8,29.5
Woodlands Avenue 9,S104,2017,7,8,3.4,28.3,31.5,24.8,6.8,33.1
Woodlands Avenue 9,S104,2017,7,9,,,,,,
Woodlands Avenue 9,S104,2017,7,10,0.6,,,,6.1,27.0
Woodlands Avenue 9,S104,2017,7,11,0.6,27.7,29.9,25.7,8.3,32.0
Woodlands Avenue 9,S104,2017,7,12,6.8,26.1,28.1,23.2,7.2,47.5
Woodlands Avenue 9,S104,2017,7,13,6.0,27.5,31.4,24.7,5.8,28.8
Woodlands Avenue 9,S104,2017,7,14,35.0,26.1,28.3,22.9,5.0,54.4
Woodlands Avenue 9,S104,2017,7,15,0.2,27.4,31.7,24.4,6.5,28.4
Woodlands Avenue 9,S104,2017,7,16,0.0,28.5,32.4,26.3,9.0,40.3
Woodlands Avenue 9,S104,2017,7,17,0.0,28.8,32.1,26.4,7.6,36.0
Woodlands Avenue 9,S104,2017,7,18,0.0,28.7,31.3,27.0,6.8,28.4
Woodlands Avenue 9,S104,2017,7,19,0.0,28.9,32.2,26.5,6.1,21.6
Woodlands Avenue 9,S104,2017,7,20,0.4,28.5,31.6,26.9,6.1,25.2
Woodlands Avenue 9,S104,2017,7,21,0.0,29.5,33.1,27.2,7.2,25.9
Woodlands Avenue 9,S104,2017,7,22,0.0,29.8,33.8,27.5,7.6,24.1
Woodlands Avenue 9,S104,2017,7,23,0.0,,,,7.6,27.4
Woodlands Avenue 9,S104,2017,7,24,,,,,,
Woodlands Avenue 9,S104,2017,7,25,,,,,,
Woodlands Avenue 9,S104,2017,7,26,,,,,,
Woodlands Avenue 9,S104,2017,7,27,,,,,,
Woodlands Avenue 9,S104,2017,7,28,,,,,,
Woodlands Avenue 9,S104,2017,7,29,,,,,,
Woodlands Avenue 9,S104,2017,7,30,,,,,,
Woodlands Avenue 9,S104,2017,7,31,,,,,,
Woodlands Avenue 9,S104,2017,8,1,,29.5,33.0,25.2,7.2,56.9
Woodlands Avenue 9,S104,2017,8,2,,29.5,32.4,28.0,9.0,33.8
Woodlands Avenue 9,S104,2017,8,3,,29.2,32.3,27.0,8.3,37.8
Woodlands Avenue 9,S104,2017,8,4,,29.4,33.1,27.1,7.9,29.2
Woodlands Avenue 9,S104,2017,8,5,,29.5,33.0,27.4,8.6,31.3
Woodlands Avenue 9,S104,2017,8,6,,28.8,33.7,25.7,7.6,33.5
Woodlands Avenue 9,S104,2017,8,7,,28.4,31.1,25.7,6.8,29.9
Woodlands Avenue 9,S104,2017,8,8,,27.2,29.8,24.1,7.2,34.9
Woodlands Avenue 9,S104,2017,8,9,,27.2,30.9,24.7,6.8,28.4
Woodlands Avenue 9,S104,2017,8,10,,28.7,32.2,25.5,6.1,33.1
Woodlands Avenue 9,S104,2017,8,11,30.8,26.6,29.3,23.3,5.0,33.5
Woodlands Avenue 9,S104,2017,8,12,5.0,26.3,28.9,24.3,6.5,29.5
Woodlands Avenue 9,S104,2017,8,13,0.0,26.9,28.7,25.0,7.2,23.8
Woodlands Avenue 9,S104,2017,8,14,0.0,28.2,32.0,25.5,6.1,27.4
Woodlands Avenue 9,S104,2017,8,15,11.2,26.2,27.5,23.0,6.5,33.5
Woodlands Avenue 9,S104,2017,8,16,0.0,28.2,32.6,25.5,5.4,24.1
Woodlands Avenue 9,S104,2017,8,17,66.2,26.9,31.4,23.0,8.3,38.2
Woodlands Avenue 9,S104,2017,8,18,3.8,27.2,31.2,24.4,7.2,35.6
Woodlands Avenue 9,S104,2017,8,19,0.0,28.3,32.8,26.3,8.3,42.8
Woodlands Avenue 9,S104,2017,8,20,0.0,29.2,32.6,26.9,7.6,29.5
Woodlands Avenue 9,S104,2017,8,21,14.6,28.1,32.8,25.2,6.8,32.4
Woodlands Avenue 9,S104,2017,8,22,0.0,27.3,29.4,25.0,6.8,29.9
Woodlands Avenue 9,S104,2017,8,23,0.0,29.0,32.5,26.0,6.5,29.5
Woodlands Avenue 9,S104,2017,8,24,0.0,28.6,32.0,26.0,6.5,36.4
Woodlands Avenue 9,S104,2017,8,25,0.0,28.1,31.5,25.5,6.8,29.5
Woodlands Avenue 9,S104,2017,8,26,0.0,28.6,32.0,26.2,6.1,27.4
Woodlands Avenue 9,S104,2017,8,27,0.0,27.5,31.5,25.0,6.8,32.8
Woodlands Avenue 9,S104,2017,8,28,0.0,28.0,31.8,26.1,5.8,24.8
Woodlands Avenue 9,S104,2017,8,29,0.2,26.7,29.4,25.0,5.8,22.3
Woodlands Avenue 9,S104,2017,8,30,0.4,27.3,32.5,25.3,6.5,34.9
Woodlands Avenue 9,S104,2017,8,31,0.4,28.6,32.8,25.2,7.9,29.5
Woodlands Avenue 9,S104,2017,9,1,1.2,29.4,33.1,27.2,8.3,32.0
Woodlands Avenue 9,S104,2017,9,2,0.0,28.8,34.3,25.8,9.0,31.3
Woodlands Avenue 9,S104,2017,9,3,0.0,29.2,32.1,27.4,11.2,36.7
Woodlands Avenue 9,S104,2017,9,4,0.0,28.9,32.7,25.5,6.1,31.7
Woodlands Avenue 9,S104,2017,9,5,0.8,28.7,32.2,26.1,7.6,33.5
Woodlands Avenue 9,S104,2017,9,6,9.8,26.8,29.6,24.0,5.4,28.4
Woodlands Avenue 9,S104,2017,9,7,0.0,28.4,32.5,25.5,5.8,25.2
Woodlands Avenue 9,S104,2017,9,8,37.4,27.2,32.4,23.5,6.5,49.7
Woodlands Avenue 9,S104,2017,9,9,0.2,28.0,32.0,26.0,4.3,35.6
Woodlands Avenue 9,S104,2017,9,10,1.4,27.2,31.1,25.2,5.8,47.5
Woodlands Avenue 9,S104,2017,9,11,16.4,26.2,29.9,23.0,6.1,34.2
Woodlands Avenue 9,S104,2017,9,12,0.0,28.8,33.8,25.2,6.1,25.6
Woodlands Avenue 9,S104,2017,9,13,0.0,29.3,33.6,25.5,6.8,26.6
Woodlands Avenue 9,S104,2017,9,14,7.4,27.9,31.2,25.7,5.0,33.8
Woodlands Avenue 9,S104,2017,9,15,4.4,26.8,28.7,25.1,5.0,31.0
Woodlands Avenue 9,S104,2017,9,16,0.6,27.0,30.1,24.3,7.9,33.8
Woodlands Avenue 9,S104,2017,9,17,1.6,28.7,33.6,26.7,7.9,40.7
Woodlands Avenue 9,S104,2017,9,18,21.2,26.3,31.7,22.1,5.4,60.8
Woodlands Avenue 9,S104,2017,9,19,14.2,26.1,30.2,24.0,5.8,28.4
Woodlands Avenue 9,S104,2017,9,20,5.6,26.8,30.0,23.9,8.3,46.1
Woodlands Avenue 9,S104,2017,9,21,7.6,26.8,30.7,23.5,6.1,39.6
Woodlands Avenue 9,S104,2017,9,22,3.8,28.4,31.8,24.8,5.8,32.0
Woodlands Avenue 9,S104,2017,9,23,1.0,28.8,32.9,25.3,5.8,28.4
Woodlands Avenue 9,S104,2017,9,24,0.2,28.7,32.6,24.9,5.8,36.7
Woodlands Avenue 9,S104,2017,9,25,3.2,28.3,32.7,24.1,6.5,49.3
Woodlands Avenue 9,S104,2017,9,26,7.4,26.8,32.6,23.7,5.8,47.5
Woodlands Avenue 9,S104,2017,9,27,0.0,27.4,30.6,24.4,6.1,34.2
Woodlands Avenue 9,S104,2017,9,28,0.4,28.0,31.2,25.3,5.0,28.1
Woodlands Avenue 9,S104,2017,9,29,14.4,26.9,29.7,23.0,6.5,51.8
Woodlands Avenue 9,S104,2017,9,30,0.0,27.5,30.7,25.5,9.0,33.8
Woodlands Avenue 9,S104,2017,10,1,11.2,26.6,30.0,25.3,6.1,29.5
Woodlands Avenue 9,S104,2017,10,2,0.0,27.5,31.4,24.8,6.8,32.4
Woodlands Avenue 9,S104,2017,10,3,0.2,27.2,32.1,25.6,6.1,29.9
Woodlands Avenue 9,S104,2017,10,4,8.8,25.6,27.6,22.9,5.8,38.5
Woodlands Avenue 9,S104,2017,10,5,2.4,26.8,30.8,24.3,5.0,25.6
Woodlands Avenue 9,S104,2017,10,6,23.2,27.2,32.8,24.5,5.4,29.9
Woodlands Avenue 9,S104,2017,10,7,11.4,27.3,33.2,24.1,6.5,42.8
Woodlands Avenue 9,S104,2017,10,8,5.2,27.1,32.0,24.6,6.1,31.3
Woodlands Avenue 9,S104,2017,10,9,4.0,27.9,32.1,24.0,8.3,33.1
Woodlands Avenue 9,S104,2017,10,10,1.4,28.0,32.3,24.0,6.8,28.1
Woodlands Avenue 9,S104,2017,10,11,10.4,28.3,32.1,23.7,8.3,41.4
Woodlands Avenue 9,S104,2017,10,12,1.2,27.2,29.4,24.7,5.8,29.9
Woodlands Avenue 9,S104,2017,10,13,1.8,27.0,30.6,24.4,7.6,35.6
Woodlands Avenue 9,S104,2017,10,14,0.0,29.2,33.3,26.4,7.2,25.2
Woodlands Avenue 9,S104,2017,10,15,0.0,29.6,33.5,26.9,7.2,29.9
Woodlands Avenue 9,S104,2017,10,16,2.2,28.8,32.3,24.0,7.2,45.4
Woodlands Avenue 9,S104,2017,10,17,0.0,30.3,34.1,27.6,6.1,28.8
Woodlands Avenue 9,S104,2017,10,18,0.0,30.3,34.8,26.8,8.3,29.2
Woodlands Avenue 9,S104,2017,10,19,0.0,29.6,33.3,27.0,7.6,29.2
Woodlands Avenue 9,S104,2017,10,20,0.0,29.5,33.8,26.2,7.2,26.3
Woodlands Avenue 9,S104,2017,10,21,0.0,29.7,33.8,26.9,7.6,31.7
Woodlands Avenue 9,S104,2017,10,22,0.0,29.1,32.0,27.0,7.2,28.4
Woodlands Avenue 9,S104,2017,10,23,0.0,28.3,31.2,26.7,6.1,24.5
Woodlands Avenue 9,S104,2017,10,24,1.8,27.4,31.4,25.9,6.1,22.3
Woodlands Avenue 9,S104,2017,10,25,6.2,27.7,35.3,25.3,6.8,34.9
Woodlands Avenue 9,S104,2017,10,26,0.2,27.7,32.9,25.8,6.1,23.0
Woodlands Avenue 9,S104,2017,10,27,0.0,27.6,31.3,25.6,6.1,23.8
Woodlands Avenue 9,S104,2017,10,28,0.0,28.4,33.4,25.5,9.0,34.2
Woodlands Avenue 9,S104,2017,10,29,14.6,26.4,32.0,24.3,6.5,39.2
Woodlands Avenue 9,S104,2017,10,30,5.2,26.5,29.1,24.7,6.1,23.8
Woodlands Avenue 9,S104,2017,10,31,3.4,26.1,28.2,23.2,6.1,53.3
Woodlands Avenue 9,S104,2017,11,1,0.0,27.4,31.9,25.3,6.1,28.1
Woodlands Avenue 9,S104,2017,11,2,0.0,27.5,30.4,25.3,6.5,31.0
Woodlands Avenue 9,S104,2017,11,3,22.8,27.6,32.1,23.7,7.6,38.9
Woodlands Avenue 9,S104,2017,11,4,7.6,27.1,32.8,23.9,6.5,44.6
Woodlands Avenue 9,S104,2017,11,5,16.6,27.9,32.5,24.6,5.8,20.9
Woodlands Avenue 9,S104,2017,11,6,54.8,26.2,30.1,22.7,6.1,24.1
Woodlands Avenue 9,S104,2017,11,7,4.0,26.6,30.8,24.8,6.1,23.8
Woodlands Avenue 9,S104,2017,11,8,2.8,26.7,30.3,23.9,10.4,33.5
Woodlands Avenue 9,S104,2017,11,9,62.2,26.4,31.8,23.2,7.2,29.2
Woodlands Avenue 9,S104,2017,11,10,56.8,26.0,31.4,23.4,5.8,31.7
Woodlands Avenue 9,S104,2017,11,11,20.4,25.7,29.7,24.4,4.7,38.2
Woodlands Avenue 9,S104,2017,11,12,0.8,27.2,30.3,25.1,7.6,34.9
Woodlands Avenue 9,S104,2017,11,13,12.0,27.4,33.8,25.0,6.1,42.8
Woodlands Avenue 9,S104,2017,11,14,55.2,25.9,27.1,23.3,6.5,29.2
Woodlands Avenue 9,S104,2017,11,15,0.0,26.9,31.6,24.8,6.8,29.5
Woodlands Avenue 9,S104,2017,11,16,16.2,27.8,33.0,25.0,6.5,31.3
Woodlands Avenue 9,S104,2017,11,17,0.2,27.5,31.7,24.2,6.5,44.3
Woodlands Avenue 9,S104,2017,11,18,58.0,27.6,34.5,23.2,5.0,40.3
Woodlands Avenue 9,S104,2017,11,19,0.0,28.2,31.7,26.1,7.2,28.4
Woodlands Avenue 9,S104,2017,11,20,,,,,,
Woodlands Avenue 9,S104,2017,11,21,,,,,,
Woodlands Avenue 9,S104,2017,11,22,,,,,,
Woodlands Avenue 9,S104,2017,11,23,,,,,,
Woodlands Avenue 9,S104,2017,11,24,,,,,,
Woodlands Avenue 9,S104,2017,11,25,,,,,,
Woodlands Avenue 9,S104,2017,11,26,,,,,,
Woodlands Avenue 9,S104,2017,11,27,,,,,,
Woodlands Avenue 9,S104,2017,11,28,,,,,,
Woodlands Avenue 9,S104,2017,11,29,,,,,,
Woodlands Avenue 9,S104,2017,11,30,,,,,,
Woodlands Avenue 9,S104,2017,12,1,,,,,,
Woodlands Avenue 9,S104,2017,12,2,,,,,,
Woodlands Avenue 9,S104,2017,12,3,,,,,,
Woodlands Avenue 9,S104,2017,12,4,,,,,,
Woodlands Avenue 9,S104,2017,12,5,,,,,,
Woodlands Avenue 9,S104,2017,12,6,,,,,,
Woodlands Avenue 9,S104,2017,12,7,,,,,,
Woodlands Avenue 9,S104,2017,12,8,,,,,,
Woodlands Avenue 9,S104,2017,12,9,,,,,,
Woodlands Avenue 9,S104,2017,12,10,,,,,,
Woodlands Avenue 9,S104,2017,12,11,,,,,,
Woodlands Avenue 9,S104,2017,12,12,,,,,,
Woodlands Avenue 9,S104,2017,12,13,,,,,,
Woodlands Avenue 9,S104,2017,12,14,,,,,,
Woodlands Avenue 9,S104,2017,12,15,,,,,,
Woodlands Avenue 9,S104,2017,12,16,,,,,,
Woodlands Avenue 9,S104,2017,12,17,,,,,,
Woodlands Avenue 9,S104,2017,12,18,,,,,,
Woodlands Avenue 9,S104,2017,12,19,,,,,,
Woodlands Avenue 9,S104,2017,12,20,,,,,,
Woodlands Avenue 9,S104,2017,12,21,,,,,,
Woodlands Avenue 9,S104,2017,12,22,,,,,,
Woodlands Avenue 9,S104,2017,12,23,,,,,,
Woodlands Avenue 9,S104,2017,12,24,,,,,,
Woodlands Avenue 9,S104,2017,12,25,,,,,,
Woodlands Avenue 9,S104,2017,12,26,,,,,,
Woodlands Avenue 9,S104,2017,12,27,,,,,,
Woodlands Avenue 9,S104,2017,12,28,,,,,,
Woodlands Avenue 9,S104,2017,12,29,,,,,,
Woodlands Avenue 9,S104,2017,12,30,,,,,,
Woodlands Avenue 9,S104,2017,12,31,,,,,,
Woodlands Avenue 9,S104,2018,1,1,,,,,,
Woodlands Avenue 9,S104,2018,1,2,,,,,,
Woodlands Avenue 9,S104,2018,1,3,,,,,,
Woodlands Avenue 9,S104,2018,1,4,,,,,,
Woodlands Avenue 9,S104,2018,1,5,5.0,25.9,28.2,24.8,5.8,18.0
Woodlands Avenue 9,S104,2018,1,6,0.0,27.1,31.2,24.6,6.8,23.0
Woodlands Avenue 9,S104,2018,1,7,2.4,26.6,32.1,24.2,9.0,28.8
Woodlands Avenue 9,S104,2018,1,8,48.0,26.3,31.6,22.6,6.8,22.3
Woodlands Avenue 9,S104,2018,1,9,7.2,26.9,32.1,25.1,8.6,32.4
Woodlands Avenue 9,S104,2018,1,10,22.2,24.4,26.3,23.1,8.6,29.2
Woodlands Avenue 9,S104,2018,1,11,14.4,23.4,25.4,21.7,10.8,40.0
Woodlands Avenue 9,S104,2018,1,12,8.6,22.5,23.4,21.7,11.5,33.5
Woodlands Avenue 9,S104,2018,1,13,15.6,22.7,23.4,22.0,9.4,24.8
Woodlands Avenue 9,S104,2018,1,14,5.8,23.1,24.8,21.2,11.5,38.2
Woodlands Avenue 9,S104,2018,1,15,0.6,24.5,27.3,22.6,10.8,33.8
Woodlands Avenue 9,S104,2018,1,16,0.0,25.9,29.1,23.3,11.5,28.4
Woodlands Avenue 9,S104,2018,1,17,0.0,27.0,31.0,24.6,13.3,35.6
Woodlands Avenue 9,S104,2018,1,18,0.0,27.0,31.1,24.5,13.7,35.3
Woodlands Avenue 9,S104,2018,1,19,5.6,26.7,33.4,24.1,9.0,37.4
Woodlands Avenue 9,S104,2018,1,20,6.8,26.3,33.2,24.7,6.8,32.4
Woodlands Avenue 9,S104,2018,1,21,1.6,27.6,33.6,24.2,9.4,28.4
Woodlands Avenue 9,S104,2018,1,22,0.0,27.7,31.9,25.1,8.3,35.6
Woodlands Avenue 9,S104,2018,1,23,20.0,26.7,30.0,24.1,8.3,36.0
Woodlands Avenue 9,S104,2018,1,24,5.4,26.6,31.6,23.5,7.6,34.6
Woodlands Avenue 9,S104,2018,1,25,12.0,26.7,31.6,24.1,7.9,29.5
Woodlands Avenue 9,S104,2018,1,26,0.4,26.4,31.3,24.8,8.3,34.6
Woodlands Avenue 9,S104,2018,1,27,0.0,27.5,33.1,24.8,9.0,28.1
Woodlands Avenue 9,S104,2018,1,28,28.0,26.6,33.0,23.0,9.0,44.6
Woodlands Avenue 9,S104,2018,1,29,0.0,27.5,32.3,24.1,9.7,34.6
Woodlands Avenue 9,S104,2018,1,30,8.4,27.7,34.7,25.4,9.4,44.3
Woodlands Avenue 9,S104,2018,1,31,5.6,27.7,33.1,23.9,12.2,32.4
Woodlands Avenue 9,S104,2018,2,1,3.8,28.0,31.8,25.8,15.8,42.5
Woodlands Avenue 9,S104,2018,2,2,5.8,25.2,26.5,23.9,12.6,36.4
Woodlands Avenue 9,S104,2018,2,3,0.2,26.8,30.5,24.3,15.8,49.7
Woodlands Avenue 9,S104,2018,2,4,1.4,26.0,29.3,24.5,15.8,55.4
Woodlands Avenue 9,S104,2018,2,5,0.0,26.4,30.0,24.5,17.6,54.0
Woodlands Avenue 9,S104,2018,2,6,0.0,26.1,29.8,23.9,16.2,41.8
Woodlands Avenue 9,S104,2018,2,7,0.0,25.4,27.9,23.9,14.0,42.5
Woodlands Avenue 9,S104,2018,2,8,0.0,25.9,29.3,23.5,14.8,40.0
Woodlands Avenue 9,S104,2018,2,9,0.0,26.1,30.9,23.3,16.9,47.9
Woodlands Avenue 9,S104,2018,2,10,0.0,26.0,30.7,23.1,14.4,36.7
Woodlands Avenue 9,S104,2018,2,11,0.0,26.5,31.2,23.6,14.8,39.2
Woodlands Avenue 9,S104,2018,2,12,0.0,26.8,31.2,23.9,17.6,45.7
Woodlands Avenue 9,S104,2018,2,13,0.0,26.8,31.7,24.2,15.1,42.1
Woodlands Avenue 9,S104,2018,2,14,0.0,26.5,30.6,24.1,15.1,41.4
Woodlands Avenue 9,S104,2018,2,15,1.8,27.2,32.9,24.3,10.1,33.1
Woodlands Avenue 9,S104,2018,2,16,0.0,27.5,33.0,24.4,9.7,28.8
Woodlands Avenue 9,S104,2018,2,17,1.2,27.2,33.4,24.2,10.8,33.8
Woodlands Avenue 9,S104,2018,2,18,0.0,27.3,33.6,24.8,11.5,33.8
Woodlands Avenue 9,S104,2018,2,19,0.0,27.1,32.0,23.9,15.5,41.4
Woodlands Avenue 9,S104,2018,2,20,0.0,27.3,31.9,24.5,14.0,37.8
Woodlands Avenue 9,S104,2018,2,21,0.0,27.4,31.3,24.9,14.8,40.3
Woodlands Avenue 9,S104,2018,2,22,0.0,27.7,33.8,24.5,13.0,42.5
Woodlands Avenue 9,S104,2018,2,23,12.4,26.4,31.5,23.3,10.1,40.7
Woodlands Avenue 9,S104,2018,2,24,3.4,25.1,26.9,23.8,10.4,33.5
Woodlands Avenue 9,S104,2018,2,25,0.0,26.8,30.4,24.6,12.6,33.1
Woodlands Avenue 9,S104,2018,2,26,0.0,27.1,30.4,25.1,15.5,42.5
Woodlands Avenue 9,S104,2018,2,27,0.0,27.1,31.3,24.7,13.3,41.4
Woodlands Avenue 9,S104,2018,2,28,49.6,27.4,33.4,23.5,10.8,43.2
Woodlands Avenue 9,S104,2018,3,1,0.0,27.6,32.0,25.1,11.5,35.6
Woodlands Avenue 9,S104,2018,3,2,19.2,27.1,32.7,24.6,8.3,29.2
Woodlands Avenue 9,S104,2018,3,3,3.0,27.2,32.1,25.6,9.7,33.5
Woodlands Avenue 9,S104,2018,3,4,4.8,27.4,34.8,24.6,6.1,25.6
Woodlands Avenue 9,S104,2018,3,5,0.0,28.1,33.1,25.5,13.7,39.2
Woodlands Avenue 9,S104,2018,3,6,0.0,28.5,35.6,25.1,7.2,36.7
Woodlands Avenue 9,S104,2018,3,7,8.6,26.1,28.5,24.1,8.6,39.6
Woodlands Avenue 9,S104,2018,3,8,0.0,26.6,29.3,24.8,10.4,35.6
Woodlands Avenue 9,S104,2018,3,9,0.0,27.9,31.7,25.1,16.2,47.5
Woodlands Avenue 9,S104,2018,3,10,9.0,26.8,29.7,24.6,16.9,58.3
Woodlands Avenue 9,S104,2018,3,11,0.0,27.2,30.7,24.8,15.5,44.3
Woodlands Avenue 9,S104,2018,3,12,0.0,27.5,30.7,25.2,13.3,40.3
Woodlands Avenue 9,S104,2018,3,13,0.0,27.7,31.5,25.5,12.2,41.0
Woodlands Avenue 9,S104,2018,3,14,0.0,28.1,33.2,25.4,11.2,36.0
Woodlands Avenue 9,S104,2018,3,15,0.0,28.5,34.8,25.2,9.7,27.4
Woodlands Avenue 9,S104,2018,3,16,0.0,28.2,33.0,26.4,13.0,33.8
Woodlands Avenue 9,S104,2018,3,17,0.0,28.4,33.6,25.9,12.2,35.3
Woodlands Avenue 9,S104,2018,3,18,0.0,28.1,32.1,25.7,14.0,41.4
Woodlands Avenue 9,S104,2018,3,19,0.6,28.4,33.6,25.7,11.5,32.8
Woodlands Avenue 9,S104,2018,3,20,0.0,28.1,33.5,26.0,10.4,32.8
Woodlands Avenue 9,S104,2018,3,21,0.0,27.9,32.6,25.6,8.3,37.4
Woodlands Avenue 9,S104,2018,3,22,0.0,28.5,33.1,26.2,16.2,41.8
Woodlands Avenue 9,S104,2018,3,23,0.0,28.4,32.7,25.9,15.1,38.2
Woodlands Avenue 9,S104,2018,3,24,0.0,27.9,32.2,24.9,12.6,41.0
Woodlands Avenue 9,S104,2018,3,25,2.4,26.6,30.3,24.6,8.3,29.9
Woodlands Avenue 9,S104,2018,3,26,0.0,27.5,32.3,25.5,10.4,42.1
Woodlands Avenue 9,S104,2018,3,27,3.0,25.1,27.3,23.5,10.8,36.7
Woodlands Avenue 9,S104,2018,3,28,11.6,26.4,33.3,23.0,7.2,40.0
Woodlands Avenue 9,S104,2018,3,29,2.6,26.5,30.8,24.3,6.8,27.7
Woodlands Avenue 9,S104,2018,3,30,9.0,26.1,32.1,22.4,6.1,32.8
Woodlands Avenue 9,S104,2018,3,31,0.0,27.5,33.6,24.7,8.3,36.0
Woodlands Avenue 9,S104,2018,4,1,32.2,27.0,32.3,22.6,9.0,27.0
Woodlands Avenue 9,S104,2018,4,2,0.2,28.1,32.5,25.5,9.7,34.6
Woodlands Avenue 9,S104,2018,4,3,0.0,28.3,32.5,25.9,11.9,36.4
Woodlands Avenue 9,S104,2018,4,4,0.0,28.2,32.7,25.8,12.2,33.1
Woodlands Avenue 9,S104,2018,4,5,0.0,28.1,33.4,25.3,11.5,31.0
Woodlands Avenue 9,S104,2018,4,6,0.0,28.1,33.3,25.2,10.1,34.6
Woodlands Avenue 9,S104,2018,4,7,2.8,27.6,32.8,25.5,11.5,37.1
Woodlands Avenue 9,S104,2018,4,8,0.0,27.9,31.4,26.0,14.8,38.9
Woodlands Avenue 9,S104,2018,4,9,0.0,28.3,31.9,26.1,16.6,46.8
Woodlands Avenue 9,S104,2018,4,10,0.0,28.5,32.9,26.0,9.7,31.7
Woodlands Avenue 9,S104,2018,4,11,0.0,28.9,33.2,25.8,11.9,35.6
Woodlands Avenue 9,S104,2018,4,12,0.0,29.1,33.6,26.5,10.8,32.8
Woodlands Avenue 9,S104,2018,4,13,0.0,29.1,33.3,26.7,13.7,43.2
Woodlands Avenue 9,S104,2018,4,14,28.6,27.4,30.9,24.3,6.5,32.0
Woodlands Avenue 9,S104,2018,4,15,15.6,26.7,32.7,24.4,6.8,36.4
Woodlands Avenue 9,S104,2018,4,16,2.6,26.0,30.1,24.9,6.5,30.6
Woodlands Avenue 9,S104,2018,4,17,0.2,27.3,33.1,25.0,6.5,25.9
Woodlands Avenue 9,S104,2018,4,18,0.0,28.5,32.5,25.7,11.9,36.4
Woodlands Avenue 9,S104,2018,4,19,1.2,27.7,32.5,25.6,7.9,43.2
Woodlands Avenue 9,S104,2018,4,20,27.6,27.1,32.1,24.0,8.6,33.5
Woodlands Avenue 9,S104,2018,4,21,13.4,26.6,32.4,24.5,5.8,31.0
Woodlands Avenue 9,S104,2018,4,22,12.0,27.4,33.8,25.0,5.8,34.2
Woodlands Avenue 9,S104,2018,4,23,1.0,26.9,32.9,24.3,6.1,36.0
Woodlands Avenue 9,S104,2018,4,24,0.8,28.0,31.3,25.1,6.5,22.7
Woodlands Avenue 9,S104,2018,4,25,0.0,29.5,33.2,26.1,7.6,27.7
Woodlands Avenue 9,S104,2018,4,26,30.0,28.6,33.9,24.0,8.3,51.8
Woodlands Avenue 9,S104,2018,4,27,15.8,26.4,33.2,22.9,6.8,43.2
Woodlands Avenue 9,S104,2018,4,28,54.2,27.1,34.8,22.0,6.1,56.5
Woodlands Avenue 9,S104,2018,4,29,0.0,29.2,33.6,24.8,6.5,32.0
Woodlands Avenue 9,S104,2018,4,30,6.4,28.3,33.5,24.5,9.0,39.6
Woodlands Avenue 9,S104,2018,5,1,6.6,26.1,28.3,25.3,5.4,22.0
Woodlands Avenue 9,S104,2018,5,2,0.4,27.5,34.8,24.4,5.4,59.4
Woodlands Avenue 9,S104,2018,5,3,3.2,27.7,34.3,25.1,5.4,43.6
Woodlands Avenue 9,S104,2018,5,4,3.0,28.4,35.1,25.5,5.4,21.2
Woodlands Avenue 9,S104,2018,5,5,18.0,27.2,31.2,25.1,5.8,37.8
Woodlands Avenue 9,S104,2018,5,6,0.0,28.7,33.8,25.6,6.5,29.9
Woodlands Avenue 9,S104,2018,5,7,0.0,29.5,33.9,25.9,6.5,30.2
Woodlands Avenue 9,S104,2018,5,8,0.0,30.1,34.1,26.8,7.6,27.4
Woodlands Avenue 9,S104,2018,5,9,0.0,30.2,34.5,28.2,11.2,32.0
Woodlands Avenue 9,S104,2018,5,10,0.0,29.5,33.1,27.1,8.6,42.1
Woodlands Avenue 9,S104,2018,5,11,3.0,29.1,32.9,27.3,7.2,23.8
Woodlands Avenue 9,S104,2018,5,12,21.0,29.1,34.2,25.3,7.9,29.2
Woodlands Avenue 9,S104,2018,5,13,2.2,27.9,31.5,25.1,5.0,21.2
Woodlands Avenue 9,S104,2018,5,14,0.0,28.9,33.3,26.5,5.4,24.1
Woodlands Avenue 9,S104,2018,5,15,8.2,28.1,32.3,26.4,4.3,23.8
Woodlands Avenue 9,S104,2018,5,16,89.4,26.7,32.8,22.7,5.4,60.5
Woodlands Avenue 9,S104,2018,5,17,20.2,27.7,31.9,24.4,4.3,32.0
Woodlands Avenue 9,S104,2018,5,18,43.6,27.1,32.7,23.2,6.1,25.6
Woodlands Avenue 9,S104,2018,5,19,0.2,27.1,33.5,25.0,5.0,27.7
Woodlands Avenue 9,S104,2018,5,20,0.8,26.7,30.1,25.1,4.7,18.7
Woodlands Avenue 9,S104,2018,5,21,0.0,28.0,32.1,25.9,4.7,22.7
Woodlands Avenue 9,S104,2018,5,22,0.0,28.0,33.3,26.0,5.8,28.1
Woodlands Avenue 9,S104,2018,5,23,3.4,27.1,30.6,24.5,7.6,40.3
Woodlands Avenue 9,S104,2018,5,24,1.0,28.2,34.4,24.0,10.1,35.3
Woodlands Avenue 9,S104,2018,5,25,0.0,28.9,34.1,25.8,7.6,32.8
Woodlands Avenue 9,S104,2018,5,26,13.4,27.7,32.6,24.5,6.1,25.9
Woodlands Avenue 9,S104,2018,5,27,1.4,27.4,32.3,25.2,6.1,25.9
Woodlands Avenue 9,S104,2018,5,28,2.2,27.5,30.0,25.4,5.8,30.2
Woodlands Avenue 9,S104,2018,5,29,7.6,28.1,32.7,24.7,5.8,28.1
Woodlands Avenue 9,S104,2018,5,30,0.0,27.5,32.0,25.8,5.0,21.6
Woodlands Avenue 9,S104,2018,5,31,0.0,27.8,31.2,25.8,5.4,27.7
Woodlands Avenue 9,S104,2018,6,1,13.8,27.5,31.0,24.4,5.4,37.1
Woodlands Avenue 9,S104,2018,6,2,40.8,27.0,31.3,22.2,5.8,43.6
Woodlands Avenue 9,S104,2018,6,3,0.0,28.7,32.4,26.2,5.4,24.8
Woodlands Avenue 9,S104,2018,6,4,0.0,29.8,33.5,26.7,5.4,28.1
Woodlands Avenue 9,S104,2018,6,5,0.0,29.8,33.9,25.1,6.5,25.2
Woodlands Avenue 9,S104,2018,6,6,0.0,30.1,34.0,26.7,6.1,22.3
Woodlands Avenue 9,S104,2018,6,7,0.0,30.3,34.1,28.4,6.5,26.6
Woodlands Avenue 9,S104,2018,6,8,0.0,28.9,32.6,24.7,7.6,52.9
Woodlands Avenue 9,S104,2018,6,9,0.0,29.5,33.0,26.5,5.4,25.2
Woodlands Avenue 9,S104,2018,6,10,0.0,29.5,32.1,27.9,6.5,22.7
Woodlands Avenue 9,S104,2018,6,11,0.0,30.1,33.7,28.1,7.2,31.7
Woodlands Avenue 9,S104,2018,6,12,0.0,29.7,32.3,28.3,6.1,28.1
Woodlands Avenue 9,S104,2018,6,13,4.2,27.9,31.3,24.8,6.1,38.5
Woodlands Avenue 9,S104,2018,6,14,0.8,28.1,31.8,25.8,4.7,36.4
Woodlands Avenue 9,S104,2018,6,15,0.8,26.9,28.4,23.7,5.4,42.8
Woodlands Avenue 9,S104,2018,6,16,0.0,28.9,33.0,25.8,6.1,27.0
Woodlands Avenue 9,S104,2018,6,17,0.0,29.7,32.9,27.6,5.8,26.6
Woodlands Avenue 9,S104,2018,6,18,2.0,28.1,30.8,25.0,5.4,34.9
Woodlands Avenue 9,S104,2018,6,19,3.4,27.4,30.2,23.7,7.9,61.6
Woodlands Avenue 9,S104,2018,6,20,3.6,26.6,30.2,24.3,5.0,38.9
Woodlands Avenue 9,S104,2018,6,21,3.4,27.1,32.4,25.1,5.8,29.9
Woodlands Avenue 9,S104,2018,6,22,24.4,27.7,32.8,25.0,5.4,27.4
Woodlands Avenue 9,S104,2018,6,23,3.4,26.3,29.9,24.5,6.1,26.6
Woodlands Avenue 9,S104,2018,6,24,0.0,26.6,30.1,24.1,7.9,32.4
Woodlands Avenue 9,S104,2018,6,25,3.0,26.7,30.4,23.4,6.5,30.2
Woodlands Avenue 9,S104,2018,6,26,3.0,26.5,27.9,24.5,3.2,16.2
Woodlands Avenue 9,S104,2018,6,27,46.6,25.1,26.9,22.4,5.8,33.8
Woodlands Avenue 9,S104,2018,6,28,0.0,27.5,31.5,24.5,5.0,25.9
Woodlands Avenue 9,S104,2018,6,29,8.6,25.7,26.8,23.2,4.3,30.2
Woodlands Avenue 9,S104,2018,6,30,0.0,27.8,30.3,25.2,5.0,23.0
Woodlands Avenue 9,S104,2018,7,1,35.0,25.8,27.7,21.6,5.4,46.8
Woodlands Avenue 9,S104,2018,7,2,0.8,27.0,31.2,24.7,4.0,20.2
Woodlands Avenue 9,S104,2018,7,3,5.2,27.3,31.0,22.7,5.8,47.2
Woodlands Avenue 9,S104,2018,7,4,0.6,28.3,32.2,25.3,5.0,21.6
Woodlands Avenue 9,S104,2018,7,5,0.0,28.8,32.3,26.3,6.1,30.6
Woodlands Avenue 9,S104,2018,7,6,0.0,28.7,32.6,26.6,7.2,28.4
Woodlands Avenue 9,S104,2018,7,7,0.0,28.5,32.1,26.0,7.2,31.0
Woodlands Avenue 9,S104,2018,7,8,0.0,28.7,32.1,26.5,6.1,31.0
Woodlands Avenue 9,S104,2018,7,9,1.2,28.6,32.2,25.2,5.8,29.5
Woodlands Avenue 9,S104,2018,7,10,13.0,26.7,28.5,22.8,9.4,50.8
Woodlands Avenue 9,S104,2018,7,11,0.0,28.1,31.5,26.3,5.0,22.0
Woodlands Avenue 9,S104,2018,7,12,0.0,29.2,34.4,27.2,6.1,23.0
Woodlands Avenue 9,S104,2018,7,13,0.0,29.0,31.8,26.9,7.2,25.2
Woodlands Avenue 9,S104,2018,7,14,10.2,27.5,30.6,21.9,6.1,45.7
Woodlands Avenue 9,S104,2018,7,15,4.2,27.5,31.2,22.6,6.1,47.9
Woodlands Avenue 9,S104,2018,7,16,0.0,29.0,32.8,26.7,6.8,33.5
Woodlands Avenue 9,S104,2018,7,17,0.0,28.9,31.7,26.9,7.2,25.2
Woodlands Avenue 9,S104,2018,7,18,0.0,29.0,32.1,27.2,7.9,29.5
Woodlands Avenue 9,S104,2018,7,19,19.0,28.3,31.7,23.7,6.8,51.5
Woodlands Avenue 9,S104,2018,7,20,8.0,29.0,33.0,25.5,5.4,24.5
Woodlands Avenue 9,S104,2018,7,21,12.8,28.7,32.0,24.6,5.4,35.3
Woodlands Avenue 9,S104,2018,7,22,1.6,28.2,32.0,26.8,4.7,33.5
Woodlands Avenue 9,S104,2018,7,23,0.0,29.4,33.7,26.2,6.8,31.7
Woodlands Avenue 9,S104,2018,7,24,0.0,29.7,33.8,27.4,8.6,29.2
Woodlands Avenue 9,S104,2018,7,25,0.8,27.4,30.1,24.3,7.2,32.8
Woodlands Avenue 9,S104,2018,7,26,0.0,28.8,33.6,25.5,6.8,28.4
Woodlands Avenue 9,S104,2018,7,27,0.0,29.3,33.4,27.0,7.2,26.3
Woodlands Avenue 9,S104,2018,7,28,0.0,29.8,33.6,27.2,7.2,26.3
Woodlands Avenue 9,S104,2018,7,29,0.0,29.2,32.9,27.3,6.8,35.3
Woodlands Avenue 9,S104,2018,7,30,8.0,26.6,28.4,24.4,7.2,42.1
Woodlands Avenue 9,S104,2018,7,31,0.0,27.8,31.7,26.3,5.4,25.2
Woodlands Avenue 9,S104,2018,8,1,0.8,26.3,27.5,25.3,6.8,26.3
Woodlands Avenue 9,S104,2018,8,2,0.0,28.0,32.2,25.8,6.1,27.4
Woodlands Avenue 9,S104,2018,8,3,0.0,28.6,32.0,25.5,7.6,30.6
Woodlands Avenue 9,S104,2018,8,4,0.4,28.0,32.7,25.1,8.3,28.4
Woodlands Avenue 9,S104,2018,8,5,0.0,27.9,29.8,26.4,6.1,24.8
Woodlands Avenue 9,S104,2018,8,6,0.0,28.4,31.6,26.6,6.5,36.7
Woodlands Avenue 9,S104,2018,8,7,0.0,28.4,31.1,26.8,6.8,31.3
Woodlands Avenue 9,S104,2018,8,8,9.8,26.5,30.1,21.5,7.2,65.9
Woodlands Avenue 9,S104,2018,8,9,0.0,28.7,32.2,26.2,5.4,25.6
Woodlands Avenue 9,S104,2018,8,10,0.0,29.2,32.4,26.9,6.5,29.5
Woodlands Avenue 9,S104,2018,8,11,0.0,29.4,33.8,26.8,6.8,27.7
Woodlands Avenue 9,S104,2018,8,12,0.0,29.5,33.6,26.7,6.1,27.0
Woodlands Avenue 9,S104,2018,8,13,0.0,29.8,33.7,27.2,7.6,31.3
Woodlands Avenue 9,S104,2018,8,14,0.0,29.7,33.5,27.7,7.9,30.6
Woodlands Avenue 9,S104,2018,8,15,0.0,29.8,33.6,27.8,9.4,34.6
Woodlands Avenue 9,S104,2018,8,16,0.0,29.4,33.0,27.1,7.2,24.5
Woodlands Avenue 9,S104,2018,8,17,2.6,28.3,30.9,25.1,7.6,33.1
Woodlands Avenue 9,S104,2018,8,18,2.2,28.9,32.6,25.0,7.9,33.1
Woodlands Avenue 9,S104,2018,8,19,0.0,29.4,33.3,27.5,10.1,39.2
Woodlands Avenue 9,S104,2018,8,20,0.0,29.4,32.6,27.3,8.6,35.3
Woodlands Avenue 9,S104,2018,8,21,0.0,29.4,33.2,27.1,7.6,31.0
Woodlands Avenue 9,S104,2018,8,22,27.6,26.7,29.3,23.8,5.0,30.6
Woodlands Avenue 9,S104,2018,8,23,0.6,28.6,33.5,25.7,6.1,28.4
Woodlands Avenue 9,S104,2018,8,24,8.8,26.7,28.8,24.1,5.0,26.3
Woodlands Avenue 9,S104,2018,8,25,0.0,27.9,32.7,24.8,6.5,35.6
Woodlands Avenue 9,S104,2018,8,26,0.0,29.3,33.7,26.3,6.1,26.3
Woodlands Avenue 9,S104,2018,8,27,0.0,29.2,33.4,25.6,8.6,30.2
Woodlands Avenue 9,S104,2018,8,28,3.8,27.5,31.0,24.1,5.8,29.9
Woodlands Avenue 9,S104,2018,8,29,0.0,27.9,31.6,25.2,5.8,22.3
Woodlands Avenue 9,S104,2018,8,30,0.0,28.6,32.4,25.2,6.8,29.9
Woodlands Avenue 9,S104,2018,8,31,14.6,27.1,31.9,23.1,7.6,37.8
Woodlands Avenue 9,S104,2018,9,1,5.0,26.9,33.2,23.8,5.4,35.3
Woodlands Avenue 9,S104,2018,9,2,1.0,26.9,29.4,24.7,4.7,19.4
Woodlands Avenue 9,S104,2018,9,3,0.0,27.7,31.0,24.7,5.8,36.7
Woodlands Avenue 9,S104,2018,9,4,22.6,25.7,27.7,21.9,5.4,54.0
Woodlands Avenue 9,S104,2018,9,5,0.0,27.2,31.5,24.3,5.0,28.8
Woodlands Avenue 9,S104,2018,9,6,0.0,27.8,32.6,25.0,5.8,24.5
Woodlands Avenue 9,S104,2018,9,7,7.6,26.4,30.1,24.4,4.3,30.6
Woodlands Avenue 9,S104,2018,9,8,6.4,26.6,30.2,23.6,5.4,29.9
Woodlands Avenue 9,S104,2018,9,9,5.4,27.5,31.0,24.9,4.7,40.0
Woodlands Avenue 9,S104,2018,9,10,0.6,27.1,31.5,25.3,5.8,31.7
Woodlands Avenue 9,S104,2018,9,11,0.2,26.5,30.1,24.6,5.8,28.4
Woodlands Avenue 9,S104,2018,9,12,0.0,27.8,31.4,22.6,6.1,30.2
Woodlands Avenue 9,S104,2018,9,13,0.0,29.3,33.1,26.0,5.4,28.8
Woodlands Avenue 9,S104,2018,9,14,0.0,29.2,32.9,26.7,7.2,36.7
Woodlands Avenue 9,S104,2018,9,15,0.0,28.8,31.8,27.3,6.1,23.8
Woodlands Avenue 9,S104,2018,9,16,0.0,28.4,31.1,27.1,6.5,25.9
Woodlands Avenue 9,S104,2018,9,17,0.0,28.8,32.4,25.7,6.8,33.8
Woodlands Avenue 9,S104,2018,9,18,0.0,27.5,30.8,24.6,6.5,29.9
Woodlands Avenue 9,S104,2018,9,19,17.8,26.4,32.5,23.1,6.8,31.7
Woodlands Avenue 9,S104,2018,9,20,15.4,26.3,32.0,22.3,6.5,45.7
Woodlands Avenue 9,S104,2018,9,21,37.0,25.8,31.4,22.0,5.0,52.2
Woodlands Avenue 9,S104,2018,9,22,0.2,26.8,31.2,24.7,6.1,30.2
Woodlands Avenue 9,S104,2018,9,23,0.0,28.9,33.9,24.4,6.5,27.4
Woodlands Avenue 9,S104,2018,9,24,0.0,29.4,34.0,25.5,7.2,27.0
Woodlands Avenue 9,S104,2018,9,25,0.0,29.3,34.1,26.1,8.3,27.0
Woodlands Avenue 9,S104,2018,9,26,61.2,28.2,33.2,23.0,7.9,27.4
Woodlands Avenue 9,S104,2018,9,27,0.0,29.2,33.8,25.5,6.1,25.6
Woodlands Avenue 9,S104,2018,9,28,0.0,29.7,33.6,26.7,7.2,29.9
Woodlands Avenue 9,S104,2018,9,29,0.0,29.7,35.2,27.1,8.3,32.4
Woodlands Avenue 9,S104,2018,9,30,0.2,29.2,33.1,27.3,9.4,33.5
Woodlands Avenue 9,S104,2018,10,1,0.0,29.5,33.5,27.3,9.4,33.1
Woodlands Avenue 9,S104,2018,10,2,0.0,29.9,34.3,26.9,6.8,25.6
Woodlands Avenue 9,S104,2018,10,3,0.0,29.4,34.3,26.5,6.5,31.3
Woodlands Avenue 9,S104,2018,10,4,0.0,30.0,34.1,27.9,9.0,37.8
Woodlands Avenue 9,S104,2018,10,5,0.0,29.9,34.1,26.4,7.9,33.1
Woodlands Avenue 9,S104,2018,10,6,14.6,27.7,33.1,24.7,7.9,33.1
Woodlands Avenue 9,S104,2018,10,7,17.8,26.5,30.5,23.6,7.6,30.2
Woodlands Avenue 9,S104,2018,10,8,28.2,26.2,31.6,23.9,5.4,34.9
Woodlands Avenue 9,S104,2018,10,9,10.0,25.9,30.4,24.2,4.7,24.1
Woodlands Avenue 9,S104,2018,10,10,43.2,25.9,31.7,23.4,5.4,27.7
Woodlands Avenue 9,S104,2018,10,11,60.6,26.3,32.2,23.1,6.8,35.3
Woodlands Avenue 9,S104,2018,10,12,6.0,26.5,30.0,24.4,7.9,31.7
Woodlands Avenue 9,S104,2018,10,13,0.6,26.7,29.2,24.6,5.0,18.4
Woodlands Avenue 9,S104,2018,10,14,11.6,25.5,27.1,23.7,5.8,39.6
Woodlands Avenue 9,S104,2018,10,15,0.0,28.1,33.5,24.9,6.5,30.6
Woodlands Avenue 9,S104,2018,10,16,0.0,27.2,33.2,25.1,6.1,41.0
Woodlands Avenue 9,S104,2018,10,17,0.0,27.2,30.7,25.0,5.8,23.8
Woodlands Avenue 9,S104,2018,10,18,0.0,26.4,28.6,23.2,8.3,40.7
Woodlands Avenue 9,S104,2018,10,19,2.0,27.8,31.7,24.1,7.9,32.0
Woodlands Avenue 9,S104,2018,10,20,0.0,29.0,33.4,26.4,6.5,25.2
Woodlands Avenue 9,S104,2018,10,21,0.0,28.5,33.6,25.8,6.5,32.4
Woodlands Avenue 9,S104,2018,10,22,0.8,28.3,35.4,24.5,7.6,38.2
Woodlands Avenue 9,S104,2018,10,23,9.6,26.9,33.3,23.6,6.5,54.7
Woodlands Avenue 9,S104,2018,10,24,0.0,26.9,32.0,25.2,7.9,30.2
Woodlands Avenue 9,S104,2018,10,25,8.4,26.8,31.3,24.3,5.8,31.0
Woodlands Avenue 9,S104,2018,10,26,20.2,27.6,34.3,24.0,5.8,51.5
Woodlands Avenue 9,S104,2018,10,27,0.4,27.4,31.4,24.9,6.1,31.0
Woodlands Avenue 9,S104,2018,10,28,10.8,26.7,32.5,23.9,6.1,39.2
Woodlands Avenue 9,S104,2018,10,29,4.8,26.9,33.2,24.5,5.8,38.5
Woodlands Avenue 9,S104,2018,10,30,4.0,27.1,33.1,25.2,6.5,28.1
Woodlands Avenue 9,S104,2018,10,31,0.2,27.0,30.5,24.8,9.4,34.2
Woodlands Avenue 9,S104,2018,11,1,2.0,26.4,29.1,24.8,9.4,41.8
Woodlands Avenue 9,S104,2018,11,2,2.2,26.5,29.2,24.4,8.3,42.1
Woodlands Avenue 9,S104,2018,11,3,5.8,26.6,31.0,25.1,5.0,25.2
Woodlands Avenue 9,S104,2018,11,4,4.4,27.1,32.2,25.0,7.2,33.1
Woodlands Avenue 9,S104,2018,11,5,3.2,27.0,33.0,25.0,5.4,24.5
Woodlands Avenue 9,S104,2018,11,6,6.6,26.6,33.0,23.7,7.6,38.2
Woodlands Avenue 9,S104,2018,11,7,0.2,28.0,32.7,24.7,7.2,27.7
Woodlands Avenue 9,S104,2018,11,8,10.4,27.5,33.5,24.1,8.6,34.2
Woodlands Avenue 9,S104,2018,11,9,16.8,26.8,29.8,24.4,6.5,26.6
Woodlands Avenue 9,S104,2018,11,10,8.4,27.4,34.0,24.9,5.8,37.1
Woodlands Avenue 9,S104,2018,11,11,9.7,26.3,31.9,23.7,6.1,47.2
Woodlands Avenue 9,S104,2018,11,12,59.2,27.2,33.6,23.6,6.5,47.5
Woodlands Avenue 9,S104,2018,11,13,14.2,26.9,31.0,23.6,6.5,24.5
Woodlands Avenue 9,S104,2018,11,14,10.0,27.4,31.1,23.9,5.8,20.5
Woodlands Avenue 9,S104,2018,11,15,15.0,26.0,30.5,23.3,6.5,40.3
Woodlands Avenue 9,S104,2018,11,16,0.2,27.9,33.0,24.5,5.8,22.3
Woodlands Avenue 9,S104,2018,11,17,11.2,27.3,31.3,22.0,6.8,61.2
Woodlands Avenue 9,S104,2018,11,18,0.4,26.9,32.0,24.1,6.5,26.3
Woodlands Avenue 9,S104,2018,11,19,14.6,26.7,32.6,23.8,6.5,31.3
Woodlands Avenue 9,S104,2018,11,20,0.6,27.4,31.6,23.7,6.5,30.2
Woodlands Avenue 9,S104,2018,11,21,40.0,26.3,29.6,22.7,7.6,49.7
Woodlands Avenue 9,S104,2018,11,22,49.0,26.6,30.1,22.9,6.1,30.6
Woodlands Avenue 9,S104,2018,11,23,1.0,27.7,31.6,25.1,8.6,34.2
Woodlands Avenue 9,S104,2018,11,24,0.2,27.9,32.2,24.6,7.6,26.3
Woodlands Avenue 9,S104,2018,11,25,11.2,28.1,31.0,23.0,6.5,43.9
Woodlands Avenue 9,S104,2018,11,26,1.6,27.9,32.1,24.7,7.9,26.6
Woodlands Avenue 9,S104,2018,11,27,2.8,26.8,28.6,24.3,7.6,32.4
Woodlands Avenue 9,S104,2018,11,28,2.8,27.5,31.1,25.7,8.6,30.2
Woodlands Avenue 9,S104,2018,11,29,3.6,27.6,31.6,25.3,7.9,47.2
Woodlands Avenue 9,S104,2018,11,30,0.4,27.3,30.1,25.4,9.7,31.0
Woodlands Avenue 9,S104,2018,12,1,49.2,26.4,31.1,23.6,9.7,43.9
Woodlands Avenue 9,S104,2018,12,2,2.2,26.4,32.0,24.5,9.7,50.8
Woodlands Avenue 9,S104,2018,12,3,5.6,26.4,30.4,24.7,5.8,23.8
Woodlands Avenue 9,S104,2018,12,4,1.6,27.9,33.4,24.7,8.3,29.2
Woodlands Avenue 9,S104,2018,12,5,29.0,26.8,31.7,23.7,7.6,39.6
Woodlands Avenue 9,S104,2018,12,6,0.8,26.5,30.8,25.1,6.5,23.8
Woodlands Avenue 9,S104,2018,12,7,11.0,26.9,31.8,24.8,6.1,24.1
Woodlands Avenue 9,S104,2018,12,8,15.6,26.6,32.7,23.8,6.1,48.2
Woodlands Avenue 9,S104,2018,12,9,0.0,27.8,32.8,25.3,7.6,33.5
Woodlands Avenue 9,S104,2018,12,10,6.4,27.3,32.6,24.8,7.2,33.5
Woodlands Avenue 9,S104,2018,12,11,35.8,25.9,32.3,24.0,7.9,37.1
Woodlands Avenue 9,S104,2018,12,12,4.2,26.5,31.0,24.8,6.5,43.6
Woodlands Avenue 9,S104,2018,12,13,0.0,26.0,29.1,25.0,9.0,32.4
Woodlands Avenue 9,S104,2018,12,14,0.0,26.6,29.2,24.6,9.7,32.0
Woodlands Avenue 9,S104,2018,12,15,25.6,26.3,32.4,24.0,6.1,25.2
Woodlands Avenue 9,S104,2018,12,16,11.8,26.5,32.4,24.0,7.2,40.7
Woodlands Avenue 9,S104,2018,12,17,1.4,27.2,31.6,24.5,6.5,22.0
Woodlands Avenue 9,S104,2018,12,18,0.4,27.8,31.8,25.3,9.0,29.9
Woodlands Avenue 9,S104,2018,12,19,5.4,27.6,33.4,25.8,8.6,32.8
Woodlands Avenue 9,S104,2018,12,20,2.4,27.6,34.2,25.1,11.9,33.1
Woodlands Avenue 9,S104,2018,12,21,0.0,27.6,32.1,25.3,12.2,52.2
Woodlands Avenue 9,S104,2018,12,22,0.0,28.0,32.2,25.4,12.6,37.8
Woodlands Avenue 9,S104,2018,12,23,0.0,28.0,33.3,25.3,6.8,28.8
Woodlands Avenue 9,S104,2018,12,24,0.2,28.4,33.6,25.6,8.6,34.6
Woodlands Avenue 9,S104,2018,12,25,0.0,28.2,32.0,26.2,7.9,42.8
Woodlands Avenue 9,S104,2018,12,26,0.6,27.8,32.0,23.6,10.8,43.6
Woodlands Avenue 9,S104,2018,12,27,0.0,27.3,30.2,25.2,8.6,31.7
Woodlands Avenue 9,S104,2018,12,28,0.0,28.8,32.4,26.1,10.4,33.5
Woodlands Avenue 9,S104,2018,12,29,0.2,27.6,30.3,24.5,7.2,29.9
Woodlands Avenue 9,S104,2018,12,30,0.2,28.4,33.8,26.0,9.7,31.3
Woodlands Avenue 9,S104,2018,12,31,36.2,27.0,31.5,23.8,10.8,51.1
Woodlands Avenue 9,S104,2019,1,1,0.0,28.0,33.1,24.8,9.0,48.2
Woodlands Avenue 9,S104,2019,1,2,0.0,28.4,32.1,25.8,11.5,35.6
Woodlands Avenue 9,S104,2019,1,3,0.0,28.7,31.2,26.6,16.2,51.1
Woodlands Avenue 9,S104,2019,1,4,0.0,29.0,31.8,26.9,13.0,38.5
Woodlands Avenue 9,S104,2019,1,5,0.2,28.0,33.0,26.4,9.4,29.2
Woodlands Avenue 9,S104,2019,1,6,0.0,28.1,31.6,26.0,15.8,45.7
Woodlands Avenue 9,S104,2019,1,7,0.0,28.2,31.9,26.1,18.7,45.7
Woodlands Avenue 9,S104,2019,1,8,0.0,27.7,31.2,25.6,14.0,37.1
Woodlands Avenue 9,S104,2019,1,9,0.0,27.9,31.6,25.8,16.9,46.8
Woodlands Avenue 9,S104,2019,1,10,0.0,28.2,32.0,25.8,17.6,47.5
Woodlands Avenue 9,S104,2019,1,11,0.8,27.8,31.4,25.2,16.2,43.9
Woodlands Avenue 9,S104,2019,1,12,2.0,28.1,33.2,25.2,13.0,36.0
Woodlands Avenue 9,S104,2019,1,13,9.0,27.1,31.9,25.3,11.5,43.6
Woodlands Avenue 9,S104,2019,1,14,0.4,27.4,31.9,25.1,13.7,39.2
Woodlands Avenue 9,S104,2019,1,15,0.0,28.0,32.0,25.2,11.5,32.0
Woodlands Avenue 9,S104,2019,1,16,0.0,27.8,31.4,25.2,14.0,40.7
Woodlands Avenue 9,S104,2019,1,17,45.8,25.8,30.9,24.0,10.8,39.6
Woodlands Avenue 9,S104,2019,1,18,44.4,25.6,28.2,23.1,13.3,41.8
Woodlands Avenue 9,S104,2019,1,19,0.0,27.1,30.8,24.5,13.7,44.3
Woodlands Avenue 9,S104,2019,1,20,0.0,27.7,32.1,25.0,15.1,43.6
Woodlands Avenue 9,S104,2019,1,21,2.8,27.7,31.8,25.5,14.8,45.0
Woodlands Avenue 9,S104,2019,1,22,0.0,27.3,30.4,25.2,14.8,44.6
Woodlands Avenue 9,S104,2019,1,23,0.0,27.5,31.1,25.4,19.8,58.7
Woodlands Avenue 9,S104,2019,1,24,0.6,26.9,30.4,25.1,16.6,49.0
Woodlands Avenue 9,S104,2019,1,25,0.0,26.7,29.7,24.7,15.8,45.4
Woodlands Avenue 9,S104,2019,1,26,0.0,26.6,29.8,24.6,16.2,45.0
Woodlands Avenue 9,S104,2019,1,27,0.2,27.3,31.5,25.3,19.1,46.8
Woodlands Avenue 9,S104,2019,1,28,0.4,26.2,28.6,24.6,15.8,48.6
Woodlands Avenue 9,S104,2019,1,29,0.2,27.3,31.5,25.1,18.7,50.4
Woodlands Avenue 9,S104,2019,1,30,0.0,27.4,31.2,25.2,17.3,46.4
Woodlands Avenue 9,S104,2019,1,31,0.0,27.1,31.0,25.2,14.4,41.8
Woodlands Avenue 9,S104,2019,2,1,0.0,27.7,32.0,25.0,17.3,45.0
Woodlands Avenue 9,S104,2019,2,2,0.0,27.6,31.3,25.4,16.9,41.8
Woodlands Avenue 9,S104,2019,2,3,0.0,27.8,33.0,25.4,16.9,46.1
Woodlands Avenue 9,S104,2019,2,4,1.0,27.9,33.1,25.4,13.0,50.0
Woodlands Avenue 9,S104,2019,2,5,0.0,27.7,32.2,25.1,13.3,43.9
Woodlands Avenue 9,S104,2019,2,6,0.0,27.4,32.6,24.5,14.4,39.2
Woodlands Avenue 9,S104,2019,2,7,4.0,27.3,33.5,24.8,13.7,42.8
Woodlands Avenue 9,S104,2019,2,8,0.0,28.1,33.8,25.0,12.6,36.0
Woodlands Avenue 9,S104,2019,2,9,0.0,28.4,34.8,25.4,13.0,41.8
Woodlands Avenue 9,S104,2019,2,10,0.0,28.0,32.7,25.6,16.2,46.8
Woodlands Avenue 9,S104,2019,2,11,0.0,27.3,31.8,24.7,16.6,46.1
Woodlands Avenue 9,S104,2019,2,12,0.0,28.1,33.3,24.6,15.1,42.1
Woodlands Avenue 9,S104,2019,2,13,0.0,28.0,31.7,25.8,18.4,43.9
Woodlands Avenue 9,S104,2019,2,14,0.0,28.2,32.3,26.3,19.8,49.0
Woodlands Avenue 9,S104,2019,2,15,0.0,27.6,31.9,25.4,16.9,45.4
Woodlands Avenue 9,S104,2019,2,16,0.0,27.6,32.9,24.5,15.5,39.2
Woodlands Avenue 9,S104,2019,2,17,32.4,26.8,33.4,23.6,10.1,33.1
Woodlands Avenue 9,S104,2019,2,18,15.4,26.4,30.4,21.4,9.4,32.4
Woodlands Avenue 9,S104,2019,2,19,38.6,27.3,32.1,24.1,10.8,34.6
Woodlands Avenue 9,S104,2019,2,20,22.8,27.5,31.2,23.5,10.8,44.3
Woodlands Avenue 9,S104,2019,2,21,0.0,28.0,32.3,25.1,18.0,45.0
Woodlands Avenue 9,S104,2019,2,22,0.0,28.0,33.5,25.0,14.4,40.7
Woodlands Avenue 9,S104,2019,2,23,0.0,27.9,32.7,25.3,14.0,35.6
Woodlands Avenue 9,S104,2019,2,24,0.0,27.6,32.4,24.7,13.3,38.5
Woodlands Avenue 9,S104,2019,2,25,0.0,28.1,33.3,25.3,15.1,38.5
Woodlands Avenue 9,S104,2019,2,26,0.0,28.0,31.7,26.0,18.7,48.6
Woodlands Avenue 9,S104,2019,2,27,0.0,27.7,32.5,25.8,18.4,47.2
Woodlands Avenue 9,S104,2019,2,28,0.0,27.8,31.7,25.8,16.2,46.1
Woodlands Avenue 9,S104,2019,3,1,0.0,28.0,31.8,25.5,16.9,47.9
Woodlands Avenue 9,S104,2019,3,2,0.0,27.9,34.1,25.3,15.1,38.9
Woodlands Avenue 9,S104,2019,3,3,0.0,27.5,34.3,24.5,13.7,36.0
Woodlands Avenue 9,S104,2019,3,4,43.0,27.5,33.8,23.8,11.9,35.6
Woodlands Avenue 9,S104,2019,3,5,2.4,28.1,34.1,25.0,11.2,37.8
Woodlands Avenue 9,S104,2019,3,6,0.0,28.0,31.4,26.2,13.0,43.9
Woodlands Avenue 9,S104,2019,3,7,1.6,28.6,33.3,26.7,9.4,38.9
Woodlands Avenue 9,S104,2019,3,8,0.0,28.7,33.9,26.4,12.2,33.1
Woodlands Avenue 9,S104,2019,3,9,0.0,28.7,35.1,26.3,12.6,33.1
Woodlands Avenue 9,S104,2019,3,10,1.6,29.0,34.7,26.2,11.2,32.0
Woodlands Avenue 9,S104,2019,3,11,33.6,26.4,32.6,21.5,7.9,48.6
Woodlands Avenue 9,S104,2019,3,12,1.6,28.1,33.8,24.5,9.0,36.0
Woodlands Avenue 9,S104,2019,3,13,0.0,28.9,34.3,26.0,13.0,33.8
Woodlands Avenue 9,S104,2019,3,14,0.0,28.5,33.6,25.2,14.8,39.2
Woodlands Avenue 9,S104,2019,3,15,0.0,28.4,33.6,25.6,12.2,41.4
Woodlands Avenue 9,S104,2019,3,16,0.0,28.0,33.1,24.8,13.7,36.7
Woodlands Avenue 9,S104,2019,3,17,0.0,28.4,33.4,25.4,14.8,39.2
Woodlands Avenue 9,S104,2019,3,18,0.0,28.4,33.8,24.8,14.8,38.5
Woodlands Avenue 9,S104,2019,3,19,0.0,28.6,34.0,25.5,14.4,40.0
Woodlands Avenue 9,S104,2019,3,20,0.0,28.8,32.5,26.3,14.0,37.8
Woodlands Avenue 9,S104,2019,3,21,70.6,27.6,33.9,22.1,11.5,50.0
Woodlands Avenue 9,S104,2019,3,22,0.0,28.6,35.2,24.8,7.6,32.4
Woodlands Avenue 9,S104,2019,3,23,2.0,29.2,35.4,26.4,9.0,29.9
Woodlands Avenue 9,S104,2019,3,24,4.4,28.3,35.2,25.3,9.0,49.0
Woodlands Avenue 9,S104,2019,3,25,0.0,28.5,34.3,26.1,10.8,37.4
Woodlands Avenue 9,S104,2019,3,26,0.0,29.1,32.8,26.4,16.6,39.6
Woodlands Avenue 9,S104,2019,3,27,0.0,29.3,33.7,26.2,15.8,41.4
Woodlands Avenue 9,S104,2019,3,28,48.6,27.3,33.4,21.5,9.0,46.4
Woodlands Avenue 9,S104,2019,3,29,0.0,28.8,33.2,24.9,7.9,24.5
Woodlands Avenue 9,S104,2019,3,30,0.4,27.9,33.3,23.3,6.8,49.7
Woodlands Avenue 9,S104,2019,3,31,0.0,28.5,32.0,26.5,6.8,22.3
Woodlands Avenue 9,S104,2019,4,1,1.4,27.5,32.1,24.6,7.6,31.7
Woodlands Avenue 9,S104,2019,4,2,0.0,27.8,33.3,26.1,7.9,38.5
Woodlands Avenue 9,S104,2019,4,3,17.4,26.8,32.3,22.2,7.9,45.7
Woodlands Avenue 9,S104,2019,4,4,0.0,28.6,34.3,25.7,12.6,36.0
Woodlands Avenue 9,S104,2019,4,5,0.0,28.4,34.2,26.3,11.2,38.2
Woodlands Avenue 9,S104,2019,4,6,0.0,28.7,34.4,25.5,13.0,43.2
Woodlands Avenue 9,S104,2019,4,7,0.0,29.2,36.0,25.7,11.2,33.5
Woodlands Avenue 9,S104,2019,4,8,0.0,28.9,33.4,26.5,13.7,38.5
Woodlands Avenue 9,S104,2019,4,9,0.6,28.5,33.3,26.7,10.8,33.8
Woodlands Avenue 9,S104,2019,4,10,31.8,27.9,33.1,23.8,9.0,45.4
Woodlands Avenue 9,S104,2019,4,11,0.6,27.7,32.4,25.8,6.8,22.0
Woodlands Avenue 9,S104,2019,4,12,0.6,28.4,33.6,26.0,6.1,26.3
Woodlands Avenue 9,S104,2019,4,13,0.0,29.7,34.3,26.6,6.1,29.5
Woodlands Avenue 9,S104,2019,4,14,26.2,27.8,31.2,23.6,7.9,32.8
Woodlands Avenue 9,S104,2019,4,15,0.0,29.4,35.8,25.5,8.3,39.6
Woodlands Avenue 9,S104,2019,4,16,0.0,29.8,35.0,27.2,9.4,27.4
Woodlands Avenue 9,S104,2019,4,17,0.0,30.1,34.6,27.0,8.3,28.4
Woodlands Avenue 9,S104,2019,4,18,0.4,29.9,34.7,27.2,9.7,32.8
Woodlands Avenue 9,S104,2019,4,19,4.0,28.8,35.0,25.1,8.6,48.2
Woodlands Avenue 9,S104,2019,4,20,1.0,27.6,32.0,26.2,6.5,27.0
Woodlands Avenue 9,S104,2019,4,21,1.6,29.0,34.1,25.7,6.5,26.3
Woodlands Avenue 9,S104,2019,4,22,0.0,28.8,33.3,26.9,6.5,22.7
Woodlands Avenue 9,S104,2019,4,23,7.0,27.4,32.2,25.0,6.8,32.8
Woodlands Avenue 9,S104,2019,4,24,0.8,28.3,32.6,25.7,5.8,33.8
Woodlands Avenue 9,S104,2019,4,25,45.0,28.0,32.0,24.9,6.1,32.4
Woodlands Avenue 9,S104,2019,4,26,45.2,25.8,28.5,23.5,7.2,36.7
Woodlands Avenue 9,S104,2019,4,27,1.6,27.2,31.0,24.7,5.8,25.9
Woodlands Avenue 9,S104,2019,4,28,0.2,29.3,35.3,25.7,8.3,31.3
Woodlands Avenue 9,S104,2019,4,29,2.8,28.3,34.7,24.9,10.4,36.0
Woodlands Avenue 9,S104,2019,4,30,0.0,28.1,32.3,25.2,7.6,25.9
Woodlands Avenue 9,S104,2019,5,1,0.0,29.4,34.1,26.5,8.6,29.2
Woodlands Avenue 9,S104,2019,5,2,4.8,29.0,34.5,26.8,7.9,26.3
Woodlands Avenue 9,S104,2019,5,3,0.0,29.4,33.5,27.0,8.6,27.7
Woodlands Avenue 9,S104,2019,5,4,0.0,28.9,31.8,26.9,5.8,29.9
Woodlands Avenue 9,S104,2019,5,5,0.0,28.2,31.4,26.1,10.4,34.9
Woodlands Avenue 9,S104,2019,5,6,0.0,29.6,32.9,27.5,10.4,39.6
Woodlands Avenue 9,S104,2019,5,7,0.0,30.1,33.1,27.8,8.3,33.5
Woodlands Avenue 9,S104,2019,5,8,36.4,26.9,30.0,23.7,6.8,48.2
Woodlands Avenue 9,S104,2019,5,9,0.0,29.2,32.1,27.0,7.9,36.7
Woodlands Avenue 9,S104,2019,5,10,1.2,29.5,33.0,24.7,7.6,47.5
Woodlands Avenue 9,S104,2019,5,11,0.0,29.2,32.1,27.1,6.5,28.1
Woodlands Avenue 9,S104,2019,5,12,2.6,29.1,34.0,26.2,6.8,38.5
Woodlands Avenue 9,S104,2019,5,13,0.2,28.1,32.8,26.3,7.2,35.6
Woodlands Avenue 9,S104,2019,5,14,23.4,28.3,33.4,25.1,7.6,41.4
Woodlands Avenue 9,S104,2019,5,15,41.0,28.0,34.2,25.4,7.2,37.1
Woodlands Avenue 9,S104,2019,5,16,1.2,28.1,31.2,25.6,6.1,38.9
Woodlands Avenue 9,S104,2019,5,17,0.8,27.7,30.6,24.8,7.6,24.8
Woodlands Avenue 9,S104,2019,5,18,0.0,29.1,32.7,26.2,6.1,27.4
Woodlands Avenue 9,S104,2019,5,19,1.4,27.6,29.5,23.8,5.8,35.6
Woodlands Avenue 9,S104,2019,5,20,0.6,28.6,32.8,26.0,5.8,23.8
Woodlands Avenue 9,S104,2019,5,21,0.0,27.7,33.0,25.6,7.6,30.2
Woodlands Avenue 9,S104,2019,5,22,13.2,27.3,31.5,24.4,6.5,34.9
Woodlands Avenue 9,S104,2019,5,23,0.0,28.9,33.4,25.2,5.8,25.2
Woodlands Avenue 9,S104,2019,5,24,0.0,30.0,34.7,26.1,6.5,24.1
Woodlands Avenue 9,S104,2019,5,25,0.0,29.4,33.1,26.8,6.5,28.1
Woodlands Avenue 9,S104,2019,5,26,0.0,30.0,34.5,27.5,6.1,32.0
Woodlands Avenue 9,S104,2019,5,27,0.0,29.7,33.6,26.8,9.7,41.8
Woodlands Avenue 9,S104,2019,5,28,0.0,30.1,33.1,27.9,10.8,41.8
Woodlands Avenue 9,S104,2019,5,29,15.4,29.0,33.6,25.0,6.5,41.4
Woodlands Avenue 9,S104,2019,5,30,2.0,27.7,32.4,25.8,5.4,42.8
Woodlands Avenue 9,S104,2019,5,31,0.2,28.3,32.7,26.4,6.1,26.3
Woodlands Avenue 9,S104,2019,6,1,1.8,27.4,31.3,25.6,6.8,32.8
Woodlands Avenue 9,S104,2019,6,2,3.6,27.9,33.5,24.0,6.8,29.9
Woodlands Avenue 9,S104,2019,6,3,17.8,26.6,30.1,24.2,6.1,38.9
Woodlands Avenue 9,S104,2019,6,4,0.2,27.5,31.3,24.9,7.6,22.0
Woodlands Avenue 9,S104,2019,6,5,0.0,28.3,32.3,26.1,7.2,25.2
Woodlands Avenue 9,S104,2019,6,6,8.0,26.8,28.0,24.9,8.3,26.3
Woodlands Avenue 9,S104,2019,6,7,10.4,26.0,27.5,24.3,7.2,31.3
Woodlands Avenue 9,S104,2019,6,8,3.0,27.3,30.7,24.9,6.5,23.8
Woodlands Avenue 9,S104,2019,6,9,5.6,27.9,31.2,24.6,6.5,23.0
Woodlands Avenue 9,S104,2019,6,10,0.0,29.4,33.0,26.5,6.8,27.7
Woodlands Avenue 9,S104,2019,6,11,12.8,28.9,33.8,25.4,7.9,32.4
Woodlands Avenue 9,S104,2019,6,12,5.0,26.8,29.7,24.2,7.2,31.3
Woodlands Avenue 9,S104,2019,6,13,0.2,28.3,31.1,26.9,6.5,26.6
Woodlands Avenue 9,S104,2019,6,14,0.8,29.3,33.2,26.7,6.5,27.0
Woodlands Avenue 9,S104,2019,6,15,4.6,28.2,32.3,25.2,8.3,29.9
Woodlands Avenue 9,S104,2019,6,16,0.0,29.3,33.4,26.8,6.5,25.2
Woodlands Avenue 9,S104,2019,6,17,3.0,28.5,32.9,26.0,7.2,32.4
Woodlands Avenue 9,S104,2019,6,18,2.6,27.1,29.3,25.8,6.8,22.3
Woodlands Avenue 9,S104,2019,6,19,3.4,27.6,29.4,25.4,7.2,31.7
Woodlands Avenue 9,S104,2019,6,20,12.2,27.8,31.6,26.0,7.6,26.6
Woodlands Avenue 9,S104,2019,6,21,0.2,27.9,32.6,25.1,6.8,19.1
Woodlands Avenue 9,S104,2019,6,22,36.4,26.2,31.4,22.5,6.8,55.1
Woodlands Avenue 9,S104,2019,6,23,0.2,28.6,32.3,25.4,6.8,33.5
Woodlands Avenue 9,S104,2019,6,24,0.0,29.1,33.5,27.6,7.9,27.4
Woodlands Avenue 9,S104,2019,6,25,0.0,29.7,33.3,27.4,8.6,30.6
Woodlands Avenue 9,S104,2019,6,26,0.2,28.5,31.4,26.1,7.6,38.9
Woodlands Avenue 9,S104,2019,6,27,0.0,29.1,32.8,25.6,7.2,26.3
Woodlands Avenue 9,S104,2019,6,28,0.0,29.8,33.4,27.4,8.3,30.6
Woodlands Avenue 9,S104,2019,6,29,0.6,28.9,33.4,26.8,9.0,33.5
Woodlands Avenue 9,S104,2019,6,30,0.0,28.9,32.0,26.4,7.2,28.1
Woodlands Avenue 9,S104,2019,7,1,0.0,29.5,32.8,27.5,7.6,35.3
Woodlands Avenue 9,S104,2019,7,2,0.0,29.6,34.0,27.5,6.8,27.7
Woodlands Avenue 9,S104,2019,7,3,11.0,27.8,31.6,22.4,8.6,48.6
Woodlands Avenue 9,S104,2019,7,4,0.0,28.8,33.5,26.1,8.6,24.5
Woodlands Avenue 9,S104,2019,7,5,0.0,29.5,33.5,27.4,9.4,34.6
Woodlands Avenue 9,S104,2019,7,6,29.8,28.8,34.1,24.7,8.6,52.6
Woodlands Avenue 9,S104,2019,7,7,1.8,27.9,32.6,25.8,7.6,29.9
Woodlands Avenue 9,S104,2019,7,8,19.0,27.5,32.0,22.7,7.2,33.1
Woodlands Avenue 9,S104,2019,7,9,14.2,27.0,30.5,22.8,6.1,34.2
Woodlands Avenue 9,S104,2019,7,10,0.0,29.1,32.8,27.0,13.3,34.9
Woodlands Avenue 9,S104,2019,7,11,0.0,29.5,33.3,27.1,10.8,31.3
Woodlands Avenue 9,S104,2019,7,12,0.0,29.3,33.1,26.8,7.9,29.9
Woodlands Avenue 9,S104,2019,7,13,0.0,29.6,33.5,27.4,9.0,33.5
Woodlands Avenue 9,S104,2019,7,14,0.0,29.7,33.1,27.7,8.6,28.4
Woodlands Avenue 9,S104,2019,7,15,0.0,27.0,28.7,23.6,7.9,46.1
Woodlands Avenue 9,S104,2019,7,16,3.6,28.1,31.1,26.1,7.6,29.5
Woodlands Avenue 9,S104,2019,7,17,0.0,28.9,31.7,27.0,8.3,33.8
Woodlands Avenue 9,S104,2019,7,18,0.0,29.0,32.4,26.8,9.0,33.8
Woodlands Avenue 9,S104,2019,7,19,0.0,29.1,32.4,26.7,7.9,32.0
Woodlands Avenue 9,S104,2019,7,20,0.0,29.4,33.2,27.2,8.3,27.0
Woodlands Avenue 9,S104,2019,7,21,12.6,28.0,33.3,25.9,6.8,27.4
Woodlands Avenue 9,S104,2019,7,22,30.0,27.2,32.9,22.8,7.6,28.8
Woodlands Avenue 9,S104,2019,7,23,19.4,26.7,31.1,23.1,8.6,38.9
Woodlands Avenue 9,S104,2019,7,24,0.0,27.9,31.2,25.4,7.9,28.8
Woodlands Avenue 9,S104,2019,7,25,0.0,29.0,32.4,27.1,6.8,24.5
Woodlands Avenue 9,S104,2019,7,26,0.0,29.0,33.6,25.4,7.6,27.0
Woodlands Avenue 9,S104,2019,7,27,0.0,28.8,33.8,26.3,9.4,32.8
Woodlands Avenue 9,S104,2019,7,28,0.0,28.8,33.1,25.5,9.4,28.1
Woodlands Avenue 9,S104,2019,7,29,0.0,29.7,33.4,27.0,8.6,31.0
Woodlands Avenue 9,S104,2019,7,30,0.0,29.3,32.9,27.3,8.3,27.0
Woodlands Avenue 9,S104,2019,7,31,0.0,29.3,32.5,27.2,8.6,33.8
Woodlands Avenue 9,S104,2019,8,1,0.0,29.1,32.5,26.6,8.3,29.2
Woodlands Avenue 9,S104,2019,8,2,0.0,29.2,32.9,26.0,9.0,30.2
Woodlands Avenue 9,S104,2019,8,3,0.0,29.5,33.3,27.0,9.0,30.6
Woodlands Avenue 9,S104,2019,8,4,0.0,28.9,32.3,26.9,8.3,30.2
Woodlands Avenue 9,S104,2019,8,5,0.0,28.9,31.8,26.9,8.3,31.3
Woodlands Avenue 9,S104,2019,8,6,0.0,28.9,32.7,27.4,7.9,29.2
Woodlands Avenue 9,S104,2019,8,7,0.0,28.8,32.5,26.7,7.9,28.1
Woodlands Avenue 9,S104,2019,8,8,0.0,28.9,32.4,26.8,8.3,32.0
Woodlands Avenue 9,S104,2019,8,9,0.0,28.7,32.3,26.7,7.9,29.9
Woodlands Avenue 9,S104,2019,8,10,0.0,29.0,32.0,26.9,9.0,29.5
Woodlands Avenue 9,S104,2019,8,11,0.0,29.4,33.1,26.9,8.3,28.1
Woodlands Avenue 9,S104,2019,8,12,0.0,29.7,33.3,27.2,10.1,38.2
Woodlands Avenue 9,S104,2019,8,13,0.0,29.5,33.1,27.4,9.4,31.0
Woodlands Avenue 9,S104,2019,8,14,1.0,29.0,33.1,27.2,9.4,31.0
Woodlands Avenue 9,S104,2019,8,15,0.0,28.9,32.3,25.7,8.6,36.4
Woodlands Avenue 9,S104,2019,8,16,0.0,29.8,33.8,27.2,8.3,30.6
Woodlands Avenue 9,S104,2019,8,17,0.4,29.0,33.1,25.9,10.8,37.4
Woodlands Avenue 9,S104,2019,8,18,0.0,29.5,33.9,27.7,12.6,34.6
Woodlands Avenue 9,S104,2019,8,19,0.0,29.4,33.6,26.7,8.3,30.2
Woodlands Avenue 9,S104,2019,8,20,0.0,29.4,33.4,27.5,12.2,39.6
Woodlands Avenue 9,S104,2019,8,21,0.0,29.7,34.0,27.4,10.4,33.8
Woodlands Avenue 9,S104,2019,8,22,0.0,29.6,33.2,27.4,10.4,32.8
Woodlands Avenue 9,S104,2019,8,23,0.0,29.5,33.6,27.4,11.2,37.8
Woodlands Avenue 9,S104,2019,8,24,0.0,29.6,33.5,27.0,10.1,30.2
Woodlands Avenue 9,S104,2019,8,25,0.0,28.1,32.4,25.4,9.7,38.9
Woodlands Avenue 9,S104,2019,8,26,38.0,27.0,33.1,23.7,10.1,27.0
Woodlands Avenue 9,S104,2019,8,27,0.0,27.1,31.1,24.7,9.4,35.6
Woodlands Avenue 9,S104,2019,8,28,0.0,26.6,28.4,25.3,8.3,24.5
Woodlands Avenue 9,S104,2019,8,29,0.0,28.7,32.4,26.2,8.6,37.4
Woodlands Avenue 9,S104,2019,8,30,17.4,27.8,31.2,21.7,8.6,52.2
Woodlands Avenue 9,S104,2019,8,31,0.0,28.9,33.0,26.4,8.6,35.3
Woodlands Avenue 9,S104,2019,9,1,0.0,29.4,34.0,26.2,8.6,26.3
Woodlands Avenue 9,S104,2019,9,2,0.0,29.6,33.3,27.2,10.4,30.6
Woodlands Avenue 9,S104,2019,9,3,0.0,29.7,33.2,27.3,10.8,31.3
Woodlands Avenue 9,S104,2019,9,4,1.6,28.8,33.0,24.5,8.6,31.0
Woodlands Avenue 9,S104,2019,9,5,0.0,29.3,33.5,27.0,10.4,29.5
Woodlands Avenue 9,S104,2019,9,6,0.0,29.5,33.4,26.4,10.1,29.5
Woodlands Avenue 9,S104,2019,9,7,0.0,29.5,34.2,27.1,11.2,38.5
Woodlands Avenue 9,S104,2019,9,8,0.0,29.5,33.7,26.8,10.1,32.0
Woodlands Avenue 9,S104,2019,9,9,0.0,29.6,33.4,27.1,9.7,29.5
Woodlands Avenue 9,S104,2019,9,10,0.0,29.4,33.5,27.2,11.5,29.2
Woodlands Avenue 9,S104,2019,9,11,0.0,29.6,34.4,27.0,10.4,31.7
Woodlands Avenue 9,S104,2019,9,12,0.0,29.3,34.8,25.9,10.1,33.5
Woodlands Avenue 9,S104,2019,9,13,0.0,29.3,33.6,26.0,8.3,25.2
Woodlands Avenue 9,S104,2019,9,14,3.6,27.9,29.6,25.2,7.2,28.8
Woodlands Avenue 9,S104,2019,9,15,0.0,28.8,32.4,26.7,8.6,28.4
Woodlands Avenue 9,S104,2019,9,16,0.0,29.1,32.8,26.3,7.9,24.1
Woodlands Avenue 9,S104,2019,9,17,0.0,29.3,33.4,26.7,7.6,30.2
Woodlands Avenue 9,S104,2019,9,18,0.0,29.4,33.5,27.4,10.8,36.0
Woodlands Avenue 9,S104,2019,9,19,0.0,29.3,33.2,27.3,12.2,34.9
Woodlands Avenue 9,S104,2019,9,20,0.0,29.0,32.8,27.1,10.1,27.4
Woodlands Avenue 9,S104,2019,9,21,0.0,29.4,34.5,26.5,11.9,35.6
Woodlands Avenue 9,S104,2019,9,22,0.0,29.2,33.5,26.5,15.1,39.6
Woodlands Avenue 9,S104,2019,9,23,0.0,28.6,31.3,27.0,14.8,36.7
Woodlands Avenue 9,S104,2019,9,24,0.0,29.1,33.7,25.9,16.6,45.0
Woodlands Avenue 9,S104,2019,9,25,52.6,26.4,30.6,23.4,9.7,28.1
Woodlands Avenue 9,S104,2019,9,26,0.0,28.2,33.4,24.9,9.4,24.8
Woodlands Avenue 9,S104,2019,9,27,8.8,28.0,33.5,26.3,10.8,31.3
Woodlands Avenue 9,S104,2019,9,28,0.0,28.5,33.6,25.2,9.4,25.6
Woodlands Avenue 9,S104,2019,9,29,36.2,27.0,32.7,22.4,9.4,41.8
Woodlands Avenue 9,S104,2019,9,30,11.0,26.5,30.3,23.8,7.6,26.6
Woodlands Avenue 9,S104,2019,10,1,1.4,26.9,31.9,24.9,8.6,38.9
Woodlands Avenue 9,S104,2019,10,2,3.4,26.2,32.8,23.2,10.8,32.0
Woodlands Avenue 9,S104,2019,10,3,0.0,27.1,32.0,23.2,10.4,27.4
Woodlands Avenue 9,S104,2019,10,4,14.0,27.6,32.4,23.4,9.7,34.9
Woodlands Avenue 9,S104,2019,10,5,3.4,27.8,33.4,24.0,9.7,38.2
Woodlands Avenue 9,S104,2019,10,6,0.6,27.6,34.5,24.0,11.5,47.9
Woodlands Avenue 9,S104,2019,10,7,3.6,26.7,31.6,24.2,10.4,49.3
Woodlands Avenue 9,S104,2019,10,8,3.2,27.0,33.2,24.5,9.4,42.5
Woodlands Avenue 9,S104,2019,10,9,2.2,27.1,32.1,24.7,10.1,36.4
Woodlands Avenue 9,S104,2019,10,10,16.4,27.0,32.4,24.5,9.4,23.0
Woodlands Avenue 9,S104,2019,10,11,0.0,28.5,34.4,24.5,11.9,38.2
Woodlands Avenue 9,S104,2019,10,12,0.6,27.8,32.7,25.4,10.8,50.0
Woodlands Avenue 9,S104,2019,10,13,2.2,27.9,33.7,24.9,10.8,40.0
Woodlands Avenue 9,S104,2019,10,14,0.0,28.4,34.5,25.5,11.5,46.1
Woodlands Avenue 9,S104,2019,10,15,0.0,28.3,33.6,25.3,10.4,34.9
Woodlands Avenue 9,S104,2019,10,16,54.2,28.2,34.2,24.0,12.2,37.8
Woodlands Avenue 9,S104,2019,10,17,16.6,27.4,33.7,23.8,9.4,53.3
Woodlands Avenue 9,S104,2019,10,18,5.8,27.2,31.7,25.1,8.3,30.6
Woodlands Avenue 9,S104,2019,10,19,0.0,28.1,32.2,25.6,11.5,43.2
Woodlands Avenue 9,S104,2019,10,20,0.0,28.5,32.2,25.5,10.8,34.2
Woodlands Avenue 9,S104,2019,10,21,30.2,27.4,32.7,24.1,7.9,27.7
Woodlands Avenue 9,S104,2019,10,22,19.6,25.7,27.4,23.8,7.9,24.8
Woodlands Avenue 9,S104,2019,10,23,6.6,26.9,34.1,24.1,7.6,45.0
Woodlands Avenue 9,S104,2019,10,24,0.2,27.8,32.8,24.9,10.1,48.6
Woodlands Avenue 9,S104,2019,10,25,0.0,28.4,33.8,25.6,11.5,32.8
Woodlands Avenue 9,S104,2019,10,26,2.4,26.9,32.8,25.2,7.9,37.8
Woodlands Avenue 9,S104,2019,10,27,9.0,26.7,34.6,23.4,8.6,47.2
Woodlands Avenue 9,S104,2019,10,28,1.4,26.3,31.3,24.1,9.7,27.7
Woodlands Avenue 9,S104,2019,10,29,0.0,28.1,33.4,24.9,9.0,25.6
Woodlands Avenue 9,S104,2019,10,30,7.0,27.4,33.2,25.1,9.4,39.2
Woodlands Avenue 9,S104,2019,10,31,13.6,27.2,31.6,23.4,7.9,35.6
Woodlands Avenue 9,S104,2019,11,1,0.0,28.0,32.4,24.5,9.4,39.2
Woodlands Avenue 9,S104,2019,11,2,8.8,28.6,33.4,25.5,9.4,28.1
Woodlands Avenue 9,S104,2019,11,3,17.2,27.4,31.0,22.9,8.6,35.3
Woodlands Avenue 9,S104,2019,11,4,0.4,28.7,33.6,25.7,8.3,22.3
Woodlands Avenue 9,S104,2019,11,5,0.0,28.4,32.3,26.2,9.0,25.2
Woodlands Avenue 9,S104,2019,11,6,0.0,29.2,33.7,26.1,9.0,29.2
Woodlands Avenue 9,S104,2019,11,7,0.0,30.0,34.7,26.4,9.4,33.8
Woodlands Avenue 9,S104,2019,11,8,5.0,27.2,31.3,23.1,12.2,63.4
Woodlands Avenue 9,S104,2019,11,9,0.0,28.3,33.0,25.6,11.9,31.0
Woodlands Avenue 9,S104,2019,11,10,0.0,28.7,33.9,24.8,8.6,40.7
Woodlands Avenue 9,S104,2019,11,11,7.0,28.4,31.5,24.8,9.4,34.2
Woodlands Avenue 9,S104,2019,11,12,0.0,27.4,32.6,25.3,9.7,32.4
Woodlands Avenue 9,S104,2019,11,13,29.6,28.0,34.2,24.4,9.7,45.7
Woodlands Avenue 9,S104,2019,11,14,0.0,27.2,30.2,25.4,16.6,40.3
Woodlands Avenue 9,S104,2019,11,15,0.0,26.8,29.5,25.7,11.5,36.0
Woodlands Avenue 9,S104,2019,11,16,24.0,27.1,33.5,23.4,10.1,41.4
Woodlands Avenue 9,S104,2019,11,17,0.0,28.6,34.9,25.0,12.2,39.2
Woodlands Avenue 9,S104,2019,11,18,17.8,28.2,35.8,24.3,10.8,47.2
Woodlands Avenue 9,S104,2019,11,19,0.0,27.6,32.6,25.6,13.3,44.6
Woodlands Avenue 9,S104,2019,11,20,5.4,26.1,29.4,24.5,12.2,48.6
Woodlands Avenue 9,S104,2019,11,21,0.0,26.3,28.8,24.8,14.4,34.6
Woodlands Avenue 9,S104,2019,11,22,1.2,26.3,32.0,24.8,13.0,42.1
Woodlands Avenue 9,S104,2019,11,23,2.4,26.2,31.4,24.3,13.3,50.4
Woodlands Avenue 9,S104,2019,11,24,15.6,26.4,33.5,24.6,9.7,29.2
Woodlands Avenue 9,S104,2019,11,25,6.8,27.5,34.6,24.6,9.4,41.4
Woodlands Avenue 9,S104,2019,11,26,1.8,27.9,32.9,25.4,16.6,47.2
Woodlands Avenue 9,S104,2019,11,27,0.2,27.2,32.7,25.5,13.0,41.8
Woodlands Avenue 9,S104,2019,11,28,58.0,27.3,31.0,24.1,14.4,53.3
Woodlands Avenue 9,S104,2019,11,29,30.8,26.4,32.2,23.8,10.4,41.4
Woodlands Avenue 9,S104,2019,11,30,10.0,26.8,32.9,24.8,11.9,46.4
Woodlands Avenue 9,S104,2019,12,1,18.6,27.5,34.3,24.9,10.1,36.0
Woodlands Avenue 9,S104,2019,12,2,65.0,25.9,31.1,21.4,13.0,40.7
Woodlands Avenue 9,S104,2019,12,3,0.0,27.1,30.1,24.9,20.9,55.4
Woodlands Avenue 9,S104,2019,12,4,0.0,27.5,30.8,25.4,24.1,61.2
Woodlands Avenue 9,S104,2019,12,5,0.0,27.1,29.9,25.5,20.5,46.4
Woodlands Avenue 9,S104,2019,12,6,0.0,27.7,31.3,25.4,24.1,54.4
Woodlands Avenue 9,S104,2019,12,7,0.0,27.3,29.2,25.8,24.5,58.7
Woodlands Avenue 9,S104,2019,12,8,0.0,26.4,28.2,25.6,18.4,52.9
Woodlands Avenue 9,S104,2019,12,9,37.0,24.4,25.9,23.4,17.3,45.0
Woodlands Avenue 9,S104,2019,12,10,3.0,25.6,27.0,24.6,12.6,35.3
Woodlands Avenue 9,S104,2019,12,11,45.2,23.9,25.5,23.1,15.5,51.5
Woodlands Avenue 9,S104,2019,12,12,4.2,26.6,31.2,23.1,21.6,47.5
Woodlands Avenue 9,S104,2019,12,13,35.2,24.7,27.9,22.7,13.0,51.5
Woodlands Avenue 9,S104,2019,12,14,39.8,24.0,26.2,22.9,8.3,23.0
Woodlands Avenue 9,S104,2019,12,15,18.4,23.9,25.3,23.3,9.4,23.0
Woodlands Avenue 9,S104,2019,12,16,0.0,25.9,30.3,22.7,14.4,33.5
Woodlands Avenue 9,S104,2019,12,17,4.6,25.4,28.1,24.4,9.7,36.7
Woodlands Avenue 9,S104,2019,12,18,6.6,26.0,31.6,23.7,11.2,37.8
Woodlands Avenue 9,S104,2019,12,19,0.0,26.6,31.2,24.3,14.8,46.8
Woodlands Avenue 9,S104,2019,12,20,1.6,26.8,30.2,25.0,19.8,47.5
Woodlands Avenue 9,S104,2019,12,21,2.2,26.6,30.1,25.1,18.7,42.1
Woodlands Avenue 9,S104,2019,12,22,0.0,26.7,30.1,24.8,18.4,40.7
Woodlands Avenue 9,S104,2019,12,23,13.4,26.9,31.9,24.7,15.1,39.6
Woodlands Avenue 9,S104,2019,12,24,6.8,26.9,31.1,24.9,19.4,49.7
Woodlands Avenue 9,S104,2019,12,25,0.0,27.1,31.9,24.8,17.3,42.1
Woodlands Avenue 9,S104,2019,12,26,0.0,27.0,30.4,24.8,18.7,38.9
Woodlands Avenue 9,S104,2019,12,27,0.0,27.3,31.8,24.8,20.2,45.7
Woodlands Avenue 9,S104,2019,12,28,0.0,26.9,30.5,24.9,21.6,46.4
Woodlands Avenue 9,S104,2019,12,29,0.2,27.2,30.3,25.2,22.0,48.2
Woodlands Avenue 9,S104,2019,12,30,0.0,27.6,32.5,24.8,19.8,42.8
Woodlands Avenue 9,S104,2019,12,31,0.0,27.6,32.2,24.9,21.2,47.2
Woodlands Avenue 9,S104,2020,1,1,0.0,27.5,31.1,25.4,22.0,56.5
Woodlands Avenue 9,S104,2020,1,2,0.0,27.4,30.3,25.0,20.2,57.6
Woodlands Avenue 9,S104,2020,1,3,0.2,27.5,30.4,25.7,22.7,52.2
Woodlands Avenue 9,S104,2020,1,4,7.0,26.7,30.3,25.2,20.9,58.7
Woodlands Avenue 9,S104,2020,1,5,0.0,27.6,31.6,25.1,22.3,45.4
Woodlands Avenue 9,S104,2020,1,6,4.8,26.0,30.7,23.8,18.0,51.5
Woodlands Avenue 9,S104,2020,1,7,2.0,25.9,29.6,23.3,18.7,54.7
Woodlands Avenue 9,S104,2020,1,8,1.2,27.2,30.8,25.0,20.9,50.0
Woodlands Avenue 9,S104,2020,1,9,0.0,27.5,31.3,25.6,22.3,52.2
Woodlands Avenue 9,S104,2020,1,10,0.4,26.9,30.3,25.1,16.2,43.9
Woodlands Avenue 9,S104,2020,1,11,0.0,27.3,30.1,25.1,15.1,35.6
Woodlands Avenue 9,S104,2020,1,12,0.0,27.7,32.4,25.1,15.1,38.5
Woodlands Avenue 9,S104,2020,1,13,0.0,27.2,31.7,24.3,19.1,43.6
Woodlands Avenue 9,S104,2020,1,14,0.0,27.2,31.8,24.6,20.9,45.0
Woodlands Avenue 9,S104,2020,1,15,1.0,27.2,30.5,25.2,19.8,49.0
Woodlands Avenue 9,S104,2020,1,16,0.2,27.5,31.6,25.9,17.3,38.9
Woodlands Avenue 9,S104,2020,1,17,0.0,27.8,32.4,24.8,19.8,42.8
Woodlands Avenue 9,S104,2020,1,18,0.2,27.7,32.1,25.4,19.1,43.9
Woodlands Avenue 9,S104,2020,1,19,0.0,28.0,32.6,25.6,22.0,47.9
Woodlands Avenue 9,S104,2020,1,20,0.0,27.6,31.5,25.8,22.0,55.1
Woodlands Avenue 9,S104,2020,1,21,24.6,25.9,27.6,24.1,19.4,50.0
Woodlands Avenue 9,S104,2020,1,22,0.0,27.6,31.6,25.0,23.0,49.7
Woodlands Avenue 9,S104,2020,1,23,0.0,27.7,31.9,25.2,19.8,46.1
Woodlands Avenue 9,S104,2020,1,24,0.0,27.6,31.3,25.0,21.2,47.5
Woodlands Avenue 9,S104,2020,1,25,0.0,27.6,32.7,24.4,19.4,41.0
Woodlands Avenue 9,S104,2020,1,26,0.0,28.1,33.7,24.8,17.3,41.0
Woodlands Avenue 9,S104,2020,1,27,39.8,27.4,33.3,23.8,16.2,35.3
Woodlands Avenue 9,S104,2020,1,28,0.0,28.2,33.0,25.7,16.9,38.9
Woodlands Avenue 9,S104,2020,1,29,54.2,26.0,29.3,23.3,12.6,52.2
Woodlands Avenue 9,S104,2020,1,30,0.0,26.9,31.8,23.4,17.6,44.6
Woodlands Avenue 9,S104,2020,1,31,0.0,27.9,31.9,25.7,22.3,52.2
Woodlands Avenue 9,S104,2020,2,1,0.0,27.7,30.7,25.9,24.5,60.5
Woodlands Avenue 9,S104,2020,2,2,0.0,27.2,30.9,25.5,25.2,61.6
Woodlands Avenue 9,S104,2020,2,3,0.0,27.4,31.6,24.6,22.0,49.7
Woodlands Avenue 9,S104,2020,2,4,0.0,27.1,31.4,24.4,20.2,49.7
Woodlands Avenue 9,S104,2020,2,5,0.0,27.4,32.1,24.7,20.5,46.4
Woodlands Avenue 9,S104,2020,2,6,0.0,27.8,31.5,25.4,23.0,48.6
Woodlands Avenue 9,S104,2020,2,7,0.0,27.5,31.1,25.1,23.4,50.0
Woodlands Avenue 9,S104,2020,2,8,0.0,27.3,30.9,24.3,19.1,42.5
Woodlands Avenue 9,S104,2020,2,9,32.4,25.9,29.4,23.1,14.4,46.8
Woodlands Avenue 9,S104,2020,2,10,6.8,26.6,32.9,23.3,13.0,37.8
Woodlands Avenue 9,S104,2020,2,11,18.4,26.5,28.9,25.0,16.2,39.2
Woodlands Avenue 9,S104,2020,2,12,3.2,27.5,31.7,25.0,17.3,40.7
Woodlands Avenue 9,S104,2020,2,13,0.0,28.0,32.3,25.6,20.5,42.1
Woodlands Avenue 9,S104,2020,2,14,0.0,28.0,32.6,25.4,20.2,41.8
Woodlands Avenue 9,S104,2020,2,15,0.0,28.4,34.8,24.7,14.0,31.7
Woodlands Avenue 9,S104,2020,2,16,4.6,27.5,35.5,24.7,12.6,34.2
Woodlands Avenue 9,S104,2020,2,17,0.0,28.1,33.2,25.5,19.1,48.2
Woodlands Avenue 9,S104,2020,2,18,1.0,26.4,29.4,23.9,20.9,53.3
Woodlands Avenue 9,S104,2020,2,19,0.0,27.6,32.0,25.6,23.0,55.8
Woodlands Avenue 9,S104,2020,2,20,1.0,27.4,31.6,25.0,25.2,59.8
Woodlands Avenue 9,S104,2020,2,21,4.8,26.6,29.7,24.0,21.6,65.9
Woodlands Avenue 9,S104,2020,2,22,0.0,27.5,30.6,25.5,25.2,60.5
Woodlands Avenue 9,S104,2020,2,23,0.0,27.5,31.0,25.1,25.6,59.8
Woodlands Avenue 9,S104,2020,2,24,0.2,26.8,29.7,25.6,24.1,69.8
Woodlands Avenue 9,S104,2020,2,25,0.0,27.7,31.6,25.2,23.0,50.8
Woodlands Avenue 9,S104,2020,2,26,0.0,27.9,32.4,25.1,22.3,49.0
Woodlands Avenue 9,S104,2020,2,27,0.0,28.1,32.8,25.3,21.6,47.2
Woodlands Avenue 9,S104,2020,2,28,0.0,28.0,32.3,25.4,22.0,47.5
Woodlands Avenue 9,S104,2020,2,29,0.0,27.8,32.5,24.9,22.3,45.7
Woodlands Avenue 9,S104,2020,3,1,0.0,27.9,32.7,24.8,20.2,51.1
Woodlands Avenue 9,S104,2020,3,2,0.0,28.0,32.8,24.9,19.1,43.9
Woodlands Avenue 9,S104,2020,3,3,0.0,28.0,32.1,25.4,21.6,47.5
Woodlands Avenue 9,S104,2020,3,4,0.6,28.3,33.1,25.8,18.4,41.4
Woodlands Avenue 9,S104,2020,3,5,1.6,27.1,29.9,25.0,17.6,39.6
Woodlands Avenue 9,S104,2020,3,6,0.0,27.5,31.7,25.1,13.3,38.2
Woodlands Avenue 9,S104,2020,3,7,5.2,27.8,33.7,25.9,16.2,57.2
Woodlands Avenue 9,S104,2020,3,8,16.4,27.9,33.6,25.6,12.6,31.0
Woodlands Avenue 9,S104,2020,3,9,0.2,28.8,36.0,25.5,12.2,31.3
Woodlands Avenue 9,S104,2020,3,10,0.0,29.2,35.7,26.3,15.5,37.4
Woodlands Avenue 9,S104,2020,3,11,16.0,28.6,34.7,24.2,15.5,54.7
Woodlands Avenue 9,S104,2020,3,12,0.0,28.5,33.3,25.6,19.4,49.0
Woodlands Avenue 9,S104,2020,3,13,0.0,29.3,36.0,25.8,16.9,41.4
Woodlands Avenue 9,S104,2020,3,14,0.0,28.9,33.5,26.5,18.7,41.8
Woodlands Avenue 9,S104,2020,3,15,0.0,28.9,33.1,26.7,21.6,46.1
Woodlands Avenue 9,S104,2020,3,16,0.0,28.5,32.7,26.6,22.3,61.2
Woodlands Avenue 9,S104,2020,3,17,0.0,28.5,32.4,25.9,20.9,50.4
Woodlands Avenue 9,S104,2020,3,18,5.4,27.9,32.0,25.5,18.7,44.6
Woodlands Avenue 9,S104,2020,3,19,0.0,28.3,33.9,25.7,16.2,41.0
Woodlands Avenue 9,S104,2020,3,20,0.0,28.1,32.8,26.0,17.6,41.0
Woodlands Avenue 9,S104,2020,3,21,45.2,27.5,32.0,24.1,16.9,39.2
Woodlands Avenue 9,S104,2020,3,22,26.8,27.3,33.8,23.6,13.0,53.6
Woodlands Avenue 9,S104,2020,3,23,19.4,26.5,30.4,24.0,11.9,32.8
Woodlands Avenue 9,S104,2020,3,24,0.2,28.2,33.6,24.7,17.3,47.5
Woodlands Avenue 9,S104,2020,3,25,0.0,28.4,32.0,25.8,14.4,38.2
Woodlands Avenue 9,S104,2020,3,26,0.0,29.0,33.6,26.0,17.6,39.2
Woodlands Avenue 9,S104,2020,3,27,30.6,28.1,34.6,23.8,14.8,44.3
Woodlands Avenue 9,S104,2020,3,28,14.2,28.8,34.9,25.8,14.0,36.4
Woodlands Avenue 9,S104,2020,3,29,0.0,28.9,33.9,26.3,18.7,37.8
Woodlands Avenue 9,S104,2020,3,30,0.2,28.9,34.8,25.9,15.1,35.6
Woodlands Avenue 9,S104,2020,3,31,0.0,29.4,35.0,26.6,16.2,39.6
Woodlands Avenue 9,S104,2020,4,1,0.4,,,,13.7,34.6
Woodlands Avenue 9,S104,2020,4,2,5.0,,,,15.4,51.1
Woodlands Avenue 9,S104,2020,4,3,8.6,,,,14.4,41.5
Woodlands Avenue 9,S104,2020,4,4,0.0,,,,16.1,40.7
Woodlands Avenue 9,S104,2020,4,5,0.0,,,,13.4,46.9
Woodlands Avenue 9,S104,2020,4,6,0.0,,,,11.2,35.6
Woodlands Avenue 9,S104,2020,4,7,30.0,,,,,33.2
Woodlands Avenue 9,S104,2020,4,8,33.6,,,,12.1,35.6
Woodlands Avenue 9,S104,2020,4,9,0.2,,,,15.3,44.6
Woodlands Avenue 9,S104,2020,4,10,0.0,,,,14.3,37.8
Woodlands Avenue 9,S104,2020,4,11,0.4,,,,16.3,39.6
Woodlands Avenue 9,S104,2020,4,12,0.0,,,,16.2,36.3
Woodlands Avenue 9,S104,2020,4,13,27.6,,,,14.2,51.5
Woodlands Avenue 9,S104,2020,4,14,0.0,,,,19.0,44.6
Woodlands Avenue 9,S104,2020,4,15,0.0,,,,18.1,45.4
Woodlands Avenue 9,S104,2020,4,16,0.0,,,,18.5,41.9
Woodlands Avenue 9,S104,2020,4,17,0.0,,,,15.7,37.0
Woodlands Avenue 9,S104,2020,4,18,0.0,,,,16.4,43.5
Woodlands Avenue 9,S104,2020,4,19,0.0,,,,16.4,36.7
Woodlands Avenue 9,S104,2020,4,20,0.0,,,,17.9,37.0
Woodlands Avenue 9,S104,2020,4,21,63.2,,,,14.1,46.1
Woodlands Avenue 9,S104,2020,4,22,1.0,,,,15.1,45.7
Woodlands Avenue 9,S104,2020,4,23,12.6,,,,11.5,41.9
Woodlands Avenue 9,S104,2020,4,24,4.0,,,,9.6,36.3
Woodlands Avenue 9,S104,2020,4,25,2.4,,,,10.3,37.4
Woodlands Avenue 9,S104,2020,4,26,2.2,,,,11.0,35.6
Woodlands Avenue 9,S104,2020,4,27,0.0,,,,11.2,42.0
Woodlands Avenue 9,S104,2020,4,28,,,,,10.9,25.9
Woodlands Avenue 9,S104,2020,4,29,,,,,11.0,42.0
Woodlands Avenue 9,S104,2020,4,30,9.2,,,,11.5,30.6
Woodlands Avenue 9,S104,2020,5,1,8.6,,,,9.7,41.5
Woodlands Avenue 9,S104,2020,5,2,0.0,,,,11.7,32.8
Woodlands Avenue 9,S104,2020,5,3,6.0,,,,9.8,26.3
Woodlands Avenue 9,S104,2020,5,4,0.2,,,,13.0,29.8
Woodlands Avenue 9,S104,2020,5,5,3.0,,,,12.2,45.0
Woodlands Avenue 9,S104,2020,5,6,0.2,,,,7.9,37.4
Woodlands Avenue 9,S104,2020,5,7,0.0,,,,10.3,35.0
Woodlands Avenue 9,S104,2020,5,8,8.4,,,,9.2,29.8
Woodlands Avenue 9,S104,2020,5,9,1.6,,,,7.9,25.9
Woodlands Avenue 9,S104,2020,5,10,0.2,,,,12.4,37.8
Woodlands Avenue 9,S104,2020,5,11,1.2,,,,11.0,35.9
Woodlands Avenue 9,S104,2020,5,12,0.0,,,,12.6,37.8
Woodlands Avenue 9,S104,2020,5,13,2.4,,,,10.8,38.2
Woodlands Avenue 9,S104,2020,5,14,0.0,,,,12.4,35.6
Woodlands Avenue 9,S104,2020,5,15,0.0,,,,9.9,32.4
Woodlands Avenue 9,S104,2020,5,16,10.8,,,,9.4,38.9
Woodlands Avenue 9,S104,2020,5,17,46.0,,,,9.3,39.6
Woodlands Avenue 9,S104,2020,5,18,0.0,,,,7.6,23.7
Woodlands Avenue 9,S104,2020,5,19,0.0,,,,10.5,36.7
Woodlands Avenue 9,S104,2020,5,20,,,,,9.9,45.7
Woodlands Avenue 9,S104,2020,5,21,0.2,,,,10.5,42.0
Woodlands Avenue 9,S104,2020,5,22,40.0,,,,10.9,35.0
Woodlands Avenue 9,S104,2020,5,23,0.2,,,,9.4,25.9
Woodlands Avenue 9,S104,2020,5,24,0.0,,,,12.1,42.0
Woodlands Avenue 9,S104,2020,5,25,13.6,,,,10.9,34.3
Woodlands Avenue 9,S104,2020,5,26,2.2,,,,9.6,30.6
Woodlands Avenue 9,S104,2020,5,27,1.8,,,,10.7,41.1
Woodlands Avenue 9,S104,2020,5,28,0.6,,,,11.0,35.2
Woodlands Avenue 9,S104,2020,5,29,3.8,,,,9.6,39.6
Woodlands Avenue 9,S104,2020,5,30,6.0,,,,10.1,45.0
Woodlands Avenue 9,S104,2020,5,31,0.0,,,,11.1,29.1
Woodlands Avenue 9,S104,2020,6,1,10.0,,,,11.1,38.9
Woodlands Avenue 9,S104,2020,6,2,19.4,,,,9.7,32.4
Woodlands Avenue 9,S104,2020,6,3,0.0,,,,11.6,35.6
Woodlands Avenue 9,S104,2020,6,4,13.8,,,,8.4,51.5
Woodlands Avenue 9,S104,2020,6,5,9.8,,,,8.0,33.2
Woodlands Avenue 9,S104,2020,6,6,3.2,,,,8.5,25.2
Woodlands Avenue 9,S104,2020,6,7,0.0,,,,10.6,24.4
Woodlands Avenue 9,S104,2020,6,8,0.0,,,,10.9,34.3
Woodlands Avenue 9,S104,2020,6,9,0.0,,,,10.0,29.8
Woodlands Avenue 9,S104,2020,6,10,0.0,,,,12.1,39.3
Woodlands Avenue 9,S104,2020,6,11,1.2,,,,12.1,37.0
Woodlands Avenue 9,S104,2020,6,12,1.6,,,,9.3,34.6
Woodlands Avenue 9,S104,2020,6,13,7.4,,,,9.0,29.4
Woodlands Avenue 9,S104,2020,6,14,1.2,,,,8.2,33.9
Woodlands Avenue 9,S104,2020,6,15,0.2,,,,9.7,42.8
Woodlands Avenue 9,S104,2020,6,16,4.6,,,,12.7,35.2
Woodlands Avenue 9,S104,2020,6,17,11.2,,,,9.3,27.8
Woodlands Avenue 9,S104,2020,6,18,1.4,,,,8.9,23.7
Woodlands Avenue 9,S104,2020,6,19,2.0,,,,7.8,24.1
Woodlands Avenue 9,S104,2020,6,20,13.0,,,,8.3,32.8
Woodlands Avenue 9,S104,2020,6,21,0.0,,,,8.2,29.4
Woodlands Avenue 9,S104,2020,6,22,0.0,,,,8.5,27.8
Woodlands Avenue 9,S104,2020,6,23,16.8,,,,8.6,34.3
Woodlands Avenue 9,S104,2020,6,24,6.8,,,,9.5,41.1
Woodlands Avenue 9,S104,2020,6,25,0.0,,,,9.1,25.6
Woodlands Avenue 9,S104,2020,6,26,0.0,,,,10.0,28.5
Woodlands Avenue 9,S104,2020,6,27,3.8,,,,10.9,37.8
Woodlands Avenue 9,S104,2020,6,28,0.2,,,,9.3,43.9
Woodlands Avenue 9,S104,2020,6,29,0.4,,,,8.7,36.3
Woodlands Avenue 9,S104,2020,6,30,7.2,,,,10.8,43.2
Woodlands Avenue 9,S104,2020,7,1,5.6,,,,8.2,34.3
Woodlands Avenue 9,S104,2020,7,2,0.0,,,,9.6,34.6
Woodlands Avenue 9,S104,2020,7,3,0.0,,,,9.1,32.8
Woodlands Avenue 9,S104,2020,7,4,0.2,,,,11.0,40.0
Woodlands Avenue 9,S104,2020,7,5,2.6,,,,11.6,53.7
Woodlands Avenue 9,S104,2020,7,6,2.0,,,,11.8,36.7
Woodlands Avenue 9,S104,2020,7,7,9.0,,,,9.5,30.6
Woodlands Avenue 9,S104,2020,7,8,4.0,,,,8.7,23.7
Woodlands Avenue 9,S104,2020,7,9,11.6,,,,9.2,35.9
Woodlands Avenue 9,S104,2020,7,10,0.0,,,,10.4,31.7
Woodlands Avenue 9,S104,2020,7,11,0.4,,,,10.7,28.5
Woodlands Avenue 9,S104,2020,7,12,5.0,,,,8.8,25.6
Woodlands Avenue 9,S104,2020,7,13,23.0,,,,11.1,39.3
Woodlands Avenue 9,S104,2020,7,14,0.2,,,,10.2,32.0
Woodlands Avenue 9,S104,2020,7,15,11.6,,,,8.7,25.9
Woodlands Avenue 9,S104,2020,7,16,3.8,,,,11.0,40.7
Woodlands Avenue 9,S104,2020,7,17,0.0,,,,9.6,25.9
Woodlands Avenue 9,S104,2020,7,18,7.4,,,,12.1,34.3
Woodlands Avenue 9,S104,2020,7,19,0.0,,,,9.7,27.8
Woodlands Avenue 9,S104,2020,7,20,0.0,,,,13.2,39.6
Woodlands Avenue 9,S104,2020,7,21,0.0,,,,11.7,38.2
Woodlands Avenue 9,S104,2020,7,22,19.0,,,,9.8,25.6
Woodlands Avenue 9,S104,2020,7,23,2.2,,,,9.0,36.3
Woodlands Avenue 9,S104,2020,7,24,9.0,,,,11.0,42.8
Woodlands Avenue 9,S104,2020,7,25,5.0,,,,10.9,31.7
Woodlands Avenue 9,S104,2020,7,26,17.2,,,,10.8,45.4
Woodlands Avenue 9,S104,2020,7,27,40.6,,,,10.3,43.5
Woodlands Avenue 9,S104,2020,7,28,0.2,,,,9.7,27.4
Woodlands Avenue 9,S104,2020,7,29,9.4,,,,9.9,22.0
Woodlands Avenue 9,S104,2020,7,30,0.0,,,,10.4,26.3
Woodlands Avenue 9,S104,2020,7,31,26.0,,,,9.6,39.3
Woodlands Avenue 9,S104,2020,8,1,1.0,,,,8.8,34.3
Woodlands Avenue 9,S104,2020,8,2,0.0,,,,8.4,25.9
Woodlands Avenue 9,S104,2020,8,3,0.0,,,,9.2,28.2
Woodlands Avenue 9,S104,2020,8,4,1.0,,,,9.9,59.4
Woodlands Avenue 9,S104,2020,8,5,0.0,,,,8.3,28.2
Woodlands Avenue 9,S104,2020,8,6,0.0,,,,8.2,25.6
Woodlands Avenue 9,S104,2020,8,7,0.0,,,,9.6,29.1
Woodlands Avenue 9,S104,2020,8,8,0.0,,,,9.2,27.8
Woodlands Avenue 9,S104,2020,8,9,0.0,,,,9.3,29.8
Woodlands Avenue 9,S104,2020,8,10,0.0,,,,10.0,28.9
Woodlands Avenue 9,S104,2020,8,11,0.0,,,,9.6,31.7
Woodlands Avenue 9,S104,2020,8,12,12.6,,,,12.5,40.7
Woodlands Avenue 9,S104,2020,8,13,31.4,,,,8.0,24.8
Woodlands Avenue 9,S104,2020,8,14,9.0,,,,13.0,41.1
Woodlands Avenue 9,S104,2020,8,15,18.2,,,,10.4,33.2
Woodlands Avenue 9,S104,2020,8,16,0.2,,,,8.6,29.8
Woodlands Avenue 9,S104,2020,8,17,1.8,,,,9.8,37.4
Woodlands Avenue 9,S104,2020,8,18,0.6,,,,8.5,25.2
Woodlands Avenue 9,S104,2020,8,19,0.6,,,,9.8,31.7
Woodlands Avenue 9,S104,2020,8,20,0.0,,,,11.6,42.4
Woodlands Avenue 9,S104,2020,8,21,0.0,,,,11.1,32.0
Woodlands Avenue 9,S104,2020,8,22,12.6,,,,10.8,38.5
Woodlands Avenue 9,S104,2020,8,23,20.8,,,,11.0,43.9
Woodlands Avenue 9,S104,2020,8,24,0.0,,,,14.3,35.2
Woodlands Avenue 9,S104,2020,8,25,0.0,,,,11.1,29.8
Woodlands Avenue 9,S104,2020,8,26,0.6,,,,8.6,32.8
Woodlands Avenue 9,S104,2020,8,27,0.0,,,,8.8,31.3
Woodlands Avenue 9,S104,2020,8,28,0.0,,,,8.7,29.8
Woodlands Avenue 9,S104,2020,8,29,0.8,,,,10.8,28.5
Woodlands Avenue 9,S104,2020,8,30,0.0,,,,9.6,32.0
Woodlands Avenue 9,S104,2020,8,31,0.0,,,,9.5,31.7
Woodlands Avenue 9,S104,2020,9,1,1.4,,,,10.3,37.4
Woodlands Avenue 9,S104,2020,9,2,2.4,,,,11.4,33.9
Woodlands Avenue 9,S104,2020,9,3,6.8,,,,9.8,25.9
Woodlands Avenue 9,S104,2020,9,4,5.0,,,,10.3,31.3
Woodlands Avenue 9,S104,2020,9,5,13.4,,,,8.3,31.3
Woodlands Avenue 9,S104,2020,9,6,12.4,,,,10.9,41.5
Woodlands Avenue 9,S104,2020,9,7,0.0,,,,12.9,42.4
Woodlands Avenue 9,S104,2020,9,8,0.2,,,,12.2,34.6
Woodlands Avenue 9,S104,2020,9,9,0.4,,,,10.3,28.5
Woodlands Avenue 9,S104,2020,9,10,0.4,,,,10.5,36.3
Woodlands Avenue 9,S104,2020,9,11,4.2,,,,9.1,33.2
Woodlands Avenue 9,S104,2020,9,12,8.2,,,,9.6,26.3
Woodlands Avenue 9,S104,2020,9,13,18.0,,,,11.2,35.2
Woodlands Avenue 9,S104,2020,9,14,19.4,,,,10.5,35.6
Woodlands Avenue 9,S104,2020,9,15,0.0,,,,8.9,23.0
Woodlands Avenue 9,S104,2020,9,16,10.8,,,,9.4,63.0
Woodlands Avenue 9,S104,2020,9,17,0.0,,,,10.8,32.4
Woodlands Avenue 9,S104,2020,9,18,0.0,,,,9.9,34.3
Woodlands Avenue 9,S104,2020,9,19,31.8,,,,8.5,42.0
Woodlands Avenue 9,S104,2020,9,20,0.8,,,,12.7,39.3
Woodlands Avenue 9,S104,2020,9,21,1.8,,,,10.9,30.6
Woodlands Avenue 9,S104,2020,9,22,0.2,,,,11.3,32.4
Woodlands Avenue 9,S104,2020,9,23,0.0,,,,10.1,25.6
Woodlands Avenue 9,S104,2020,9,24,2.6,,,,11.2,47.8
Woodlands Avenue 9,S104,2020,9,25,15.4,,,,12.4,41.1
Woodlands Avenue 9,S104,2020,9,26,49.4,,,,8.3,42.4
Woodlands Avenue 9,S104,2020,9,27,8.6,,,,8.1,25.2
Woodlands Avenue 9,S104,2020,9,28,0.0,,,,9.2,33.9
Woodlands Avenue 9,S104,2020,9,29,3.4,,,,9.3,29.8
Woodlands Avenue 9,S104,2020,9,30,35.8,,,,11.0,41.1
Woodlands Avenue 9,S104,2020,10,1,8.0,,,,9.9,32.4
Woodlands Avenue 9,S104,2020,10,2,0.0,,,,10.4,36.7
Woodlands Avenue 9,S104,2020,10,3,7.2,,,,9.6,35.2
Woodlands Avenue 9,S104,2020,10,4,0.0,,,,8.4,18.7
Woodlands Avenue 9,S104,2020,10,5,0.0,,,,8.7,25.6
Woodlands Avenue 9,S104,2020,10,6,0.0,,,,9.8,29.1
Woodlands Avenue 9,S104,2020,10,7,9.6,,,,10.4,51.9
Woodlands Avenue 9,S104,2020,10,8,20.2,,,,10.8,68.3
Woodlands Avenue 9,S104,2020,10,9,0.0,,,,8.3,23.0
Woodlands Avenue 9,S104,2020,10,10,6.2,,,,8.8,55.0
Woodlands Avenue 9,S104,2020,10,11,4.8,,,,8.8,37.0
Woodlands Avenue 9,S104,2020,10,12,0.0,,,,9.1,31.3
Woodlands Avenue 9,S104,2020,10,13,0.0,,,,8.3,27.4
Woodlands Avenue 9,S104,2020,10,14,3.4,,,,8.3,41.1
Woodlands Avenue 9,S104,2020,10,15,12.6,,,,8.4,47.6
Woodlands Avenue 9,S104,2020,10,16,1.0,,,,8.5,50.0
Woodlands Avenue 9,S104,2020,10,17,0.0,,,,9.6,31.3
Woodlands Avenue 9,S104,2020,10,18,14.0,,,,11.0,41.9
Woodlands Avenue 9,S104,2020,10,19,0.0,,,,9.5,32.0
Woodlands Avenue 9,S104,2020,10,20,3.4,,,,13.2,31.3
Woodlands Avenue 9,S104,2020,10,21,2.8,,,,12.1,40.7
Woodlands Avenue 9,S104,2020,10,22,5.8,,,,10.5,37.4
Woodlands Avenue 9,S104,2020,10,23,0.0,,,,10.1,28.2
Woodlands Avenue 9,S104,2020,10,24,0.2,,,,10.3,24.8
Woodlands Avenue 9,S104,2020,10,25,1.4,,,,11.0,37.4
Woodlands Avenue 9,S104,2020,10,26,1.6,,,,9.3,43.2
Woodlands Avenue 9,S104,2020,10,27,0.0,,,,10.0,38.5
Woodlands Avenue 9,S104,2020,10,28,2.6,,,,8.8,29.8
Woodlands Avenue 9,S104,2020,10,29,0.0,,,,11.0,29.8
Woodlands Avenue 9,S104,2020,10,30,0.0,,,,12.1,30.2
Woodlands Avenue 9,S104,2020,10,31,37.2,,,,13.8,42.8
Woodlands Avenue 9,S104,2020,11,1,0.0,,,,11.3,35.0
Woodlands Avenue 9,S104,2020,11,2,10.2,,,,13.0,50.0
Woodlands Avenue 9,S104,2020,11,3,0.6,,,,12.1,33.9
Woodlands Avenue 9,S104,2020,11,4,18.2,,,,12.0,48.2
Woodlands Avenue 9,S104,2020,11,5,0.0,,,,11.7,26.7
Woodlands Avenue 9,S104,2020,11,6,0.0,,,,11.1,31.3
Woodlands Avenue 9,S104,2020,11,7,47.0,,,,13.1,40.0
Woodlands Avenue 9,S104,2020,11,8,15.6,,,,11.0,34.3
Woodlands Avenue 9,S104,2020,11,9,0.0,,,,11.8,35.2
Woodlands Avenue 9,S104,2020,11,10,1.2,,,,11.0,22.4
Woodlands Avenue 9,S104,2020,11,11,0.0,,,,11.0,31.7
Woodlands Avenue 9,S104,2020,11,12,0.0,,,,16.2,39.3
Woodlands Avenue 9,S104,2020,11,13,0.0,,,,18.0,41.5
Woodlands Avenue 9,S104,2020,11,14,38.4,,,,15.1,53.7
Woodlands Avenue 9,S104,2020,11,15,92.6,,,,15.6,51.5
Woodlands Avenue 9,S104,2020,11,16,4.2,,,,16.7,59.4
Woodlands Avenue 9,S104,2020,11,17,8.6,,,,14.2,34.3
Woodlands Avenue 9,S104,2020,11,18,0.0,,,,11.3,35.6
Woodlands Avenue 9,S104,2020,11,19,6.2,,,,11.6,39.3
Woodlands Avenue 9,S104,2020,11,20,2.4,,,,10.6,51.9
Woodlands Avenue 9,S104,2020,11,21,38.8,,,,11.3,43.2
Woodlands Avenue 9,S104,2020,11,22,25.0,,,,10.8,70.2
Woodlands Avenue 9,S104,2020,11,23,0.2,,,,11.8,35.9
Woodlands Avenue 9,S104,2020,11,24,0.0,,,,11.7,30.2
Woodlands Avenue 9,S104,2020,11,25,0.4,,,,14.3,30.6
Woodlands Avenue 9,S104,2020,11,26,1.8,,,,13.7,29.8
Woodlands Avenue 9,S104,2020,11,27,0.0,,,,16.4,35.0
Woodlands Avenue 9,S104,2020,11,28,4.6,,,,11.9,43.5
Woodlands Avenue 9,S104,2020,11,29,0.0,,,,13.5,34.6
Woodlands Avenue 9,S104,2020,11,30,0.0,,,,14.1,27.4
