station,station_id,year,month,day,rainfall_mm,temp_mean_c,temp_max_c,temp_min_c,wind_mean_kmh,wind_max_kmh
Scotts Road,S111,2013,1,1,4.2,26.6,31.7,23.3,4.7,32.0
Scotts Road,S111,2013,1,2,2.0,25.9,30.2,23.1,6.2,41.4
Scotts Road,S111,2013,1,3,0.2,26.5,31.6,24.4,5.4,27.4
Scotts Road,S111,2013,1,4,6.2,26.8,31.3,24.6,6.7,30.6
Scotts Road,S111,2013,1,5,0.0,27.3,30.6,24.9,6.3,30.2
Scotts Road,S111,2013,1,6,0.0,28.1,32.8,25.2,5.0,28.4
Scotts Road,S111,2013,1,7,0.0,28.8,33.0,25.3,9.0,47.2
Scotts Road,S111,2013,1,8,9.0,26.6,31.8,22.4,8.1,55.8
Scotts Road,S111,2013,1,9,5.0,26.1,30.5,23.4,6.8,44.3
Scotts Road,S111,2013,1,10,0.2,26.4,30.0,24.2,6.4,33.8
Scotts Road,S111,2013,1,11,10.2,26.9,31.0,23.9,7.5,38.9
Scotts Road,S111,2013,1,12,92.4,26.8,31.7,22.3,6.2,52.6
Scotts Road,S111,2013,1,13,0.4,26.3,30.6,24.8,5.0,38.2
Scotts Road,S111,2013,1,14,9.0,26.7,30.9,25.0,7.2,31.7
Scotts Road,S111,2013,1,15,11.2,26.6,30.1,24.0,7.8,47.9
Scotts Road,S111,2013,1,16,0.8,26.7,29.3,25.4,8.0,36.7
Scotts Road,S111,2013,1,17,0.0,27.0,31.0,24.8,9.4,44.6
Scotts Road,S111,2013,1,18,51.2,26.8,32.2,23.9,7.9,41.0
Scotts Road,S111,2013,1,19,28.0,23.2,24.2,22.3,6.8,34.6
Scotts Road,S111,2013,1,20,1.6,23.8,25.2,23.2,5.6,34.6
Scotts Road,S111,2013,1,21,2.4,26.3,30.4,23.6,6.8,33.1
Scotts Road,S111,2013,1,22,0.8,25.6,27.8,23.8,6.1,33.5
Scotts Road,S111,2013,1,23,0.0,26.9,30.8,24.4,6.8,33.1
Scotts Road,S111,2013,1,24,3.4,27.0,30.4,25.3,7.0,33.8
Scotts Road,S111,2013,1,25,0.0,26.9,30.6,24.5,7.5,36.0
Scotts Road,S111,2013,1,26,0.0,27.3,31.0,25.0,7.7,35.6
Scotts Road,S111,2013,1,27,0.0,27.2,31.2,25.1,7.1,38.2
Scotts Road,S111,2013,1,28,0.0,27.3,30.7,25.2,7.8,37.4
Scotts Road,S111,2013,1,29,0.0,27.1,30.6,25.0,8.8,37.4
Scotts Road,S111,2013,1,30,0.0,27.4,31.4,24.9,8.4,37.8
Scotts Road,S111,2013,1,31,0.0,27.5,30.8,25.3,8.7,37.8
Scotts Road,S111,2013,2,1,0.0,27.7,30.9,25.8,8.9,39.2
Scotts Road,S111,2013,2,2,0.0,28.0,32.6,25.5,9.2,45.0
Scotts Road,S111,2013,2,3,30.4,25.9,28.3,24.2,5.6,44.3
Scotts Road,S111,2013,2,4,0.6,26.5,29.0,24.2,5.8,29.9
Scotts Road,S111,2013,2,5,24.6,25.9,29.4,22.5,5.1,31.7
Scotts Road,S111,2013,2,6,13.6,25.5,29.1,24.0,4.4,33.5
Scotts Road,S111,2013,2,7,42.2,26.2,31.3,23.5,4.9,36.0
Scotts Road,S111,2013,2,8,47.8,25.4,29.0,23.0,4.2,33.5
Scotts Road,S111,2013,2,9,46.4,26.2,31.8,23.0,5.1,34.9
Scotts Road,S111,2013,2,10,16.4,24.4,25.7,22.7,6.1,35.3
Scotts Road,S111,2013,2,11,0.6,25.5,29.2,23.7,5.3,34.2
Scotts Road,S111,2013,2,12,4.8,25.8,28.4,24.0,6.1,33.8
Scotts Road,S111,2013,2,13,0.6,26.7,30.2,24.4,6.4,38.2
Scotts Road,S111,2013,2,14,50.6,24.6,27.5,23.1,4.7,34.2
Scotts Road,S111,2013,2,15,48.4,25.1,29.7,22.1,6.1,41.0
Scotts Road,S111,2013,2,16,6.6,25.3,30.4,24.0,5.1,34.2
Scotts Road,S111,2013,2,17,0.0,24.7,26.0,23.2,5.2,29.9
Scotts Road,S111,2013,2,18,10.8,26.2,31.2,24.0,5.8,31.0
Scotts Road,S111,2013,2,19,0.6,25.8,27.5,24.8,6.1,27.7
Scotts Road,S111,2013,2,20,0.0,27.0,31.5,24.5,5.9,30.2
Scotts Road,S111,2013,2,21,20.4,26.3,29.7,23.0,5.5,32.8
Scotts Road,S111,2013,2,22,0.0,27.3,32.3,24.3,8.2,34.6
Scotts Road,S111,2013,2,23,0.0,27.7,32.0,24.2,8.6,38.9
Scotts Road,S111,2013,2,24,0.0,27.7,30.8,24.9,7.1,38.5
Scotts Road,S111,2013,2,25,8.6,26.8,31.1,23.9,5.8,36.0
Scotts Road,S111,2013,2,26,5.6,26.5,32.3,24.6,6.0,29.9
Scotts Road,S111,2013,2,27,0.0,27.0,32.0,24.5,5.5,26.6
Scotts Road,S111,2013,2,28,0.0,27.6,33.1,25.0,5.7,24.5
Scotts Road,S111,2013,3,1,0.4,28.0,32.7,25.4,6.6,29.5
Scotts Road,S111,2013,3,2,24.0,27.9,33.7,24.9,6.5,40.3
Scotts Road,S111,2013,3,3,0.0,27.8,31.0,25.8,8.9,40.0
Scotts Road,S111,2013,3,4,0.2,27.8,31.2,25.3,8.6,47.5
Scotts Road,S111,2013,3,5,0.8,27.3,30.6,25.1,7.5,42.5
Scotts Road,S111,2013,3,6,0.2,27.5,30.8,25.4,6.9,31.7
Scotts Road,S111,2013,3,7,0.0,27.9,32.0,25.5,7.5,35.6
Scotts Road,S111,2013,3,8,0.0,28.0,31.6,25.9,8.8,39.2
Scotts Road,S111,2013,3,9,40.8,27.1,31.8,23.5,6.0,38.2
Scotts Road,S111,2013,3,10,1.2,27.3,33.2,24.8,5.4,32.4
Scotts Road,S111,2013,3,11,0.0,27.7,32.3,25.6,6.2,32.8
Scotts Road,S111,2013,3,12,0.0,27.6,31.5,25.1,7.4,32.8
Scotts Road,S111,2013,3,13,6.0,27.5,31.5,24.9,6.0,33.5
Scotts Road,S111,2013,3,14,28.8,27.3,33.1,24.3,5.8,37.4
Scotts Road,S111,2013,3,15,0.0,28.0,32.3,25.6,7.2,32.0
Scotts Road,S111,2013,3,16,0.0,28.2,31.8,25.6,7.4,32.0
Scotts Road,S111,2013,3,17,11.4,27.2,30.2,24.5,5.6,38.9
Scotts Road,S111,2013,3,18,0.0,28.2,34.3,25.7,6.9,30.2
Scotts Road,S111,2013,3,19,0.0,28.6,35.4,26.0,7.2,31.0
Scotts Road,S111,2013,3,20,0.0,28.6,32.1,26.1,7.6,23.8
Scotts Road,S111,2013,3,21,0.0,28.8,32.7,27.1,9.4,33.1
Scotts Road,S111,2013,3,22,10.6,28.3,32.3,25.4,7.9,32.0
Scotts Road,S111,2013,3,23,8.0,28.0,31.7,25.4,6.2,33.8
Scotts Road,S111,2013,3,24,0.0,28.6,33.2,26.7,5.9,28.1
Scotts Road,S111,2013,3,25,30.2,28.5,31.8,25.6,6.0,32.0
Scotts Road,S111,2013,3,26,2.6,27.8,31.7,22.9,5.6,39.6
Scotts Road,S111,2013,3,27,5.4,28.6,31.8,26.9,4.1,26.6
Scotts Road,S111,2013,3,28,0.0,28.5,31.1,27.2,6.8,30.2
Scotts Road,S111,2013,3,29,20.2,27.9,31.9,25.9,4.0,23.4
Scotts Road,S111,2013,3,30,0.4,28.5,33.9,26.2,4.6,24.1
Scotts Road,S111,2013,3,31,28.4,28.4,33.6,24.3,5.2,34.9
Scotts Road,S111,2013,4,1,0.0,28.5,33.1,25.6,4.7,37.4
Scotts Road,S111,2013,4,2,0.2,28.7,32.9,26.4,4.2,28.4
Scotts Road,S111,2013,4,3,7.0,28.3,33.0,25.3,4.6,25.6
Scotts Road,S111,2013,4,4,1.4,27.9,31.9,25.5,4.9,30.6
Scotts Road,S111,2013,4,5,0.0,29.0,32.8,24.9,6.8,32.0
Scotts Road,S111,2013,4,6,26.2,27.3,29.1,24.0,9.8,60.5
Scotts Road,S111,2013,4,7,0.0,27.6,29.6,25.5,9.6,47.2
Scotts Road,S111,2013,4,8,6.6,28.0,31.7,24.8,5.2,37.8
Scotts Road,S111,2013,4,9,13.2,27.9,32.3,24.6,4.0,43.9
Scotts Road,S111,2013,4,10,0.2,28.4,32.5,26.7,4.5,32.0
Scotts Road,S111,2013,4,11,0.0,27.3,30.1,25.2,4.7,23.0
Scotts Road,S111,2013,4,12,0.0,28.7,33.5,25.7,6.4,31.7
Scotts Road,S111,2013,4,13,21.6,29.4,34.5,25.0,6.0,43.2
Scotts Road,S111,2013,4,14,0.4,26.3,28.4,21.9,5.0,54.7
Scotts Road,S111,2013,4,15,0.0,29.2,33.4,25.7,5.9,29.5
Scotts Road,S111,2013,4,16,75.0,29.5,34.2,27.2,5.9,28.4
Scotts Road,S111,2013,4,17,0.8,28.1,30.9,22.8,8.1,48.2
Scotts Road,S111,2013,4,18,1.8,29.9,33.1,27.4,7.0,35.3
Scotts Road,S111,2013,4,19,11.2,27.2,29.5,23.7,5.1,36.4
Scotts Road,S111,2013,4,20,0.0,29.2,32.5,26.9,6.9,29.2
Scotts Road,S111,2013,4,21,28.0,26.9,33.2,22.6,7.6,68.4
Scotts Road,S111,2013,4,22,0.0,28.2,34.1,23.9,6.3,30.6
Scotts Road,S111,2013,4,23,6.0,28.0,31.2,26.2,5.0,27.0
Scotts Road,S111,2013,4,24,0.0,28.4,33.3,26.1,6.0,29.5
Scotts Road,S111,2013,4,25,15.0,28.8,32.3,26.1,5.6,29.2
Scotts Road,S111,2013,4,26,0.6,26.8,29.4,23.2,4.0,42.8
Scotts Road,S111,2013,4,27,0.2,28.1,32.5,26.5,4.5,23.0
Scotts Road,S111,2013,4,28,3.2,26.4,27.5,24.2,5.2,27.7
Scotts Road,S111,2013,4,29,0.0,28.2,32.3,25.7,7.0,36.0
Scotts Road,S111,2013,4,30,0.0,29.2,33.4,26.8,7.1,38.5
Scotts Road,S111,2013,5,1,0.0,28.5,30.9,27.7,5.6,28.4
Scotts Road,S111,2013,5,2,5.4,28.4,31.4,26.2,5.9,29.2
Scotts Road,S111,2013,5,3,12.0,28.0,30.1,26.3,5.5,23.4
Scotts Road,S111,2013,5,4,0.2,28.6,31.3,26.0,7.9,32.4
Scotts Road,S111,2013,5,5,0.0,27.9,30.6,25.8,5.8,31.0
Scotts Road,S111,2013,5,6,0.0,28.2,31.5,25.8,3.7,25.9
Scotts Road,S111,2013,5,7,39.6,27.1,32.7,23.1,4.6,45.0
Scotts Road,S111,2013,5,8,0.0,27.5,30.4,25.6,4.6,29.2
Scotts Road,S111,2013,5,9,1.6,27.7,32.3,25.1,6.0,42.5
Scotts Road,S111,2013,5,10,5.6,28.2,32.2,24.8,7.6,40.3
Scotts Road,S111,2013,5,11,0.0,28.0,31.3,26.6,8.0,36.7
Scotts Road,S111,2013,5,12,0.0,29.6,34.1,27.8,8.4,32.0
Scotts Road,S111,2013,5,13,0.0,29.9,33.2,28.1,9.6,28.4
Scotts Road,S111,2013,5,14,0.0,29.2,32.7,27.3,5.7,28.1
Scotts Road,S111,2013,5,15,23.4,29.3,33.3,26.3,7.1,35.3
Scotts Road,S111,2013,5,16,3.8,27.0,31.5,23.0,9.3,48.2
Scotts Road,S111,2013,5,17,0.0,30.2,34.1,27.4,5.1,23.0
Scotts Road,S111,2013,5,18,0.0,28.1,30.5,26.9,5.8,43.9
Scotts Road,S111,2013,5,19,0.0,29.5,33.1,26.3,5.7,26.6
Scotts Road,S111,2013,5,20,0.0,29.0,31.5,26.7,6.1,27.7
Scotts Road,S111,2013,5,21,0.0,28.6,32.3,26.2,4.7,22.3
Scotts Road,S111,2013,5,22,0.0,28.1,31.3,26.2,5.4,31.3
Scotts Road,S111,2013,5,23,0.2,29.0,32.6,26.7,6.2,26.3
Scotts Road,S111,2013,5,24,2.0,27.2,29.4,24.2,4.6,37.1
Scotts Road,S111,2013,5,25,0.0,28.7,33.6,26.2,5.7,34.9
Scotts Road,S111,2013,5,26,43.0,27.5,32.2,24.3,3.8,42.1
Scotts Road,S111,2013,5,27,0.0,28.7,33.3,26.0,5.5,24.5
Scotts Road,S111,2013,5,28,0.0,28.6,32.5,26.0,5.1,32.8
Scotts Road,S111,2013,5,29,0.6,27.0,28.4,26.1,4.9,18.7
Scotts Road,S111,2013,5,30,0.0,27.0,31.4,24.5,5.8,44.6
Scotts Road,S111,2013,5,31,13.6,27.3,32.8,24.7,5.6,39.2
Scotts Road,S111,2013,6,1,1.8,28.0,32.9,25.1,4.9,36.4
Scotts Road,S111,2013,6,2,0.2,28.8,32.8,25.8,4.7,31.0
Scotts Road,S111,2013,6,3,0.0,28.6,32.9,27.1,5.2,22.7
Scotts Road,S111,2013,6,4,1.0,27.9,32.1,26.2,4.9,29.9
Scotts Road,S111,2013,6,5,9.4,27.2,32.5,23.8,5.6,26.6
Scotts Road,S111,2013,6,6,2.6,28.2,33.8,24.8,5.4,24.8
Scotts Road,S111,2013,6,7,1.8,28.1,33.1,24.7,5.4,37.1
Scotts Road,S111,2013,6,8,10.8,28.3,32.3,25.3,5.6,30.6
Scotts Road,S111,2013,6,9,16.2,27.5,29.1,23.5,6.3,39.2
Scotts Road,S111,2013,6,10,2.0,28.4,31.5,23.9,6.2,29.2
Scotts Road,S111,2013,6,11,0.0,29.1,31.5,25.8,7.7,35.3
Scotts Road,S111,2013,6,12,0.0,29.7,31.9,28.4,7.5,40.3
Scotts Road,S111,2013,6,13,0.0,29.9,32.7,28.0,6.2,36.4
Scotts Road,S111,2013,6,14,0.0,30.2,32.4,28.6,6.0,34.9
Scotts Road,S111,2013,6,15,0.0,30.1,33.3,28.3,6.7,31.3
Scotts Road,S111,2013,6,16,4.2,29.9,33.5,25.5,7.2,38.9
Scotts Road,S111,2013,6,17,0.0,29.1,32.1,26.4,6.8,29.5
Scotts Road,S111,2013,6,18,0.0,30.1,33.3,27.8,6.6,35.6
Scotts Road,S111,2013,6,19,0.0,30.6,33.2,28.6,7.3,39.2
Scotts Road,S111,2013,6,20,0.0,30.0,32.9,27.6,8.3,37.8
Scotts Road,S111,2013,6,21,0.0,29.8,33.2,27.4,6.9,27.7
Scotts Road,S111,2013,6,22,0.0,30.4,33.4,28.4,6.1,31.3
Scotts Road,S111,2013,6,23,0.0,30.1,33.3,28.6,6.3,28.4
Scotts Road,S111,2013,6,24,0.0,30.1,33.8,28.3,10.1,33.1
Scotts Road,S111,2013,6,25,5.8,29.1,33.5,25.0,8.0,47.2
Scotts Road,S111,2013,6,26,14.0,27.8,29.9,24.0,5.1,44.6
Scotts Road,S111,2013,6,27,0.0,28.9,32.4,26.4,6.1,28.4
Scotts Road,S111,2013,6,28,7.4,28.8,31.8,25.9,4.2,27.4
Scotts Road,S111,2013,6,29,0.0,29.2,32.1,27.4,5.2,30.2
Scotts Road,S111,2013,6,30,0.2,27.3,29.1,24.3,5.1,31.3
Scotts Road,S111,2013,7,1,0.0,28.5,31.1,26.7,6.8,40.0
Scotts Road,S111,2013,7,2,6.8,27.5,29.8,26.0,7.0,38.5
Scotts Road,S111,2013,7,3,0.0,27.9,30.9,25.3,8.0,29.2
Scotts Road,S111,2013,7,4,10.6,27.1,29.6,23.2,5.7,45.4
Scotts Road,S111,2013,7,5,0.0,26.8,29.5,24.0,6.9,24.1
Scotts Road,S111,2013,7,6,0.0,28.5,30.8,27.1,8.7,37.8
Scotts Road,S111,2013,7,7,0.0,28.9,31.7,27.4,8.8,40.0
Scotts Road,S111,2013,7,8,42.2,28.5,32.2,27.5,9.0,40.0
Scotts Road,S111,2013,7,9,42.6,25.9,27.8,22.3,7.9,49.3
Scotts Road,S111,2013,7,10,0.0,27.8,31.3,25.7,8.6,28.8
Scotts Road,S111,2013,7,11,4.8,27.3,29.7,24.3,4.6,35.3
Scotts Road,S111,2013,7,12,0.0,27.7,30.8,26.5,5.4,31.3
Scotts Road,S111,2013,7,13,1.4,27.4,29.4,25.4,5.8,31.0
Scotts Road,S111,2013,7,14,11.4,26.8,28.7,23.8,4.7,41.4
Scotts Road,S111,2013,7,15,0.0,26.9,31.5,24.1,8.6,41.0
Scotts Road,S111,2013,7,16,0.0,28.1,32.1,26.4,6.0,33.5
Scotts Road,S111,2013,7,17,4.8,26.8,30.0,24.6,6.0,40.0
Scotts Road,S111,2013,7,18,1.2,26.5,27.1,26.1,9.2,38.9
Scotts Road,S111,2013,7,19,0.0,27.9,30.6,26.4,7.4,31.7
Scotts Road,S111,2013,7,20,0.0,28.6,31.2,26.8,7.2,31.7
Scotts Road,S111,2013,7,21,0.0,28.7,32.7,27.1,7.2,33.1
Scotts Road,S111,2013,7,22,0.0,28.7,32.0,26.7,8.4,34.2
Scotts Road,S111,2013,7,23,0.0,28.9,31.9,27.3,10.2,34.9
Scotts Road,S111,2013,7,24,0.2,29.2,32.6,27.5,9.9,36.4
Scotts Road,S111,2013,7,25,0.0,28.1,31.0,26.5,9.2,34.9
Scotts Road,S111,2013,7,26,0.0,27.6,30.9,26.1,5.8,37.4
Scotts Road,S111,2013,7,27,9.0,25.8,26.9,23.2,5.3,43.6
Scotts Road,S111,2013,7,28,0.0,28.1,31.7,25.3,6.0,31.0
Scotts Road,S111,2013,7,29,0.0,27.4,29.5,25.4,6.7,39.6
Scotts Road,S111,2013,7,30,0.0,28.1,30.8,26.3,7.9,42.1
Scotts Road,S111,2013,7,31,6.8,28.1,30.7,26.8,9.1,34.2
Scotts Road,S111,2013,8,1,9.8,26.9,29.3,22.1,8.7,53.3
Scotts Road,S111,2013,8,2,0.0,26.8,29.4,24.7,8.7,37.4
Scotts Road,S111,2013,8,3,0.0,28.6,32.5,26.8,8.9,33.5
Scotts Road,S111,2013,8,4,6.4,27.9,29.9,24.9,8.6,50.0
Scotts Road,S111,2013,8,5,27.2,26.4,28.6,22.7,9.5,42.1
Scotts Road,S111,2013,8,6,1.6,28.2,31.2,25.9,6.4,36.7
Scotts Road,S111,2013,8,7,3.0,27.8,31.1,25.3,7.9,38.5
Scotts Road,S111,2013,8,8,0.2,26.8,28.1,23.4,9.7,42.5
Scotts Road,S111,2013,8,9,1.0,27.7,32.1,26.1,8.7,29.2
Scotts Road,S111,2013,8,10,49.0,27.0,30.2,23.1,8.2,48.6
Scotts Road,S111,2013,8,11,11.2,26.5,30.7,21.7,6.2,45.0
Scotts Road,S111,2013,8,12,17.8,27.0,30.4,22.4,8.1,51.1
Scotts Road,S111,2013,8,13,1.4,26.2,27.7,21.2,8.6,49.7
Scotts Road,S111,2013,8,14,4.4,27.3,29.0,25.6,7.9,44.3
Scotts Road,S111,2013,8,15,0.0,28.3,30.9,26.7,9.5,32.0
Scotts Road,S111,2013,8,16,0.0,28.0,30.7,26.6,8.6,32.8
Scotts Road,S111,2013,8,17,2.0,27.8,31.9,25.6,7.0,28.4
Scotts Road,S111,2013,8,18,0.0,27.8,31.4,26.5,7.5,29.5
Scotts Road,S111,2013,8,19,0.4,28.2,31.9,26.2,7.9,48.2
Scotts Road,S111,2013,8,20,0.0,27.4,30.8,25.7,6.2,39.2
Scotts Road,S111,2013,8,21,0.0,27.9,30.3,26.6,9.4,31.7
Scotts Road,S111,2013,8,22,0.0,28.5,31.7,26.4,9.6,34.6
Scotts Road,S111,2013,8,23,0.0,28.4,31.1,27.1,9.7,35.3
Scotts Road,S111,2013,8,24,0.0,28.6,32.2,27.0,10.4,40.3
Scotts Road,S111,2013,8,25,0.0,28.4,31.7,27.1,11.7,45.4
Scotts Road,S111,2013,8,26,43.2,27.3,29.8,22.9,9.9,45.0
Scotts Road,S111,2013,8,27,0.0,28.2,31.4,26.8,9.7,33.1
Scotts Road,S111,2013,8,28,2.4,27.6,31.7,26.1,8.2,48.6
Scotts Road,S111,2013,8,29,4.2,27.5,30.2,25.4,6.7,41.8
Scotts Road,S111,2013,8,30,0.0,27.7,30.9,25.0,7.0,37.1
Scotts Road,S111,2013,8,31,0.0,28.5,32.1,26.8,10.6,31.7
Scotts Road,S111,2013,9,1,4.0,27.6,31.2,26.1,7.6,29.5
Scotts Road,S111,2013,9,2,10.0,26.7,31.0,24.5,5.2,33.8
Scotts Road,S111,2013,9,3,55.8,26.8,30.6,24.7,5.0,27.7
Scotts Road,S111,2013,9,4,16.8,25.9,29.8,22.9,5.9,25.6
Scotts Road,S111,2013,9,5,74.4,25.5,26.6,22.5,7.1,40.7
Scotts Road,S111,2013,9,6,32.0,25.7,28.8,22.8,7.1,43.6
Scotts Road,S111,2013,9,7,53.2,25.2,27.6,21.9,7.3,38.5
Scotts Road,S111,2013,9,8,0.6,26.2,30.3,22.2,5.9,34.2
Scotts Road,S111,2013,9,9,18.2,26.3,28.9,25.4,5.5,39.2
Scotts Road,S111,2013,9,10,9.2,25.4,26.7,22.8,8.2,43.9
Scotts Road,S111,2013,9,11,0.0,27.3,31.0,23.6,7.3,31.0
Scotts Road,S111,2013,9,12,0.0,28.2,30.6,26.0,10.3,34.2
Scotts Road,S111,2013,9,13,0.0,27.9,30.4,27.1,8.6,40.3
Scotts Road,S111,2013,9,14,0.2,28.1,31.1,26.7,7.8,35.3
Scotts Road,S111,2013,9,15,13.0,25.8,28.0,23.3,6.1,45.4
Scotts Road,S111,2013,9,16,0.0,27.7,30.8,24.7,6.9,27.4
Scotts Road,S111,2013,9,17,5.4,27.2,29.1,25.3,8.7,33.5
Scotts Road,S111,2013,9,18,0.0,28.2,32.0,26.5,7.6,29.9
Scotts Road,S111,2013,9,19,0.0,28.6,32.1,26.8,8.3,39.2
Scotts Road,S111,2013,9,20,0.0,28.8,32.2,26.9,9.7,37.4
Scotts Road,S111,2013,9,21,0.0,28.7,31.3,27.4,9.3,40.7
Scotts Road,S111,2013,9,22,0.0,28.9,31.7,27.2,9.9,41.8
Scotts Road,S111,2013,9,23,0.0,28.8,32.5,26.7,9.8,30.6
Scotts Road,S111,2013,9,24,0.0,29.0,32.2,27.0,10.5,39.2
Scotts Road,S111,2013,9,25,16.0,27.6,29.4,23.3,7.6,47.2
Scotts Road,S111,2013,9,26,5.8,26.5,29.9,22.7,6.1,52.2
Scotts Road,S111,2013,9,27,0.0,28.0,30.7,26.5,7.4,32.8
Scotts Road,S111,2013,9,28,24.6,28.4,32.7,26.5,5.5,27.4
Scotts Road,S111,2013,9,29,6.4,27.3,30.9,22.6,5.9,47.5
Scotts Road,S111,2013,9,30,0.2,27.2,29.4,24.0,7.6,35.6
Scotts Road,S111,2013,10,1,8.2,28.7,31.6,26.8,9.5,32.0
Scotts Road,S111,2013,10,2,1.6,26.4,28.0,22.6,7.7,37.1
Scotts Road,S111,2013,10,3,0.0,27.5,31.3,25.6,5.5,27.0
Scotts Road,S111,2013,10,4,4.8,27.9,31.1,25.4,7.0,30.6
Scotts Road,S111,2013,10,5,5.0,27.6,31.6,22.7,7.3,41.4
Scotts Road,S111,2013,10,6,0.4,27.8,31.4,23.1,8.2,52.2
Scotts Road,S111,2013,10,7,0.2,28.0,32.4,22.9,7.6,41.4
Scotts Road,S111,2013,10,8,22.0,29.1,33.5,25.5,7.0,47.2
Scotts Road,S111,2013,10,9,0.0,28.1,32.8,22.6,8.1,48.2
Scotts Road,S111,2013,10,10,23.2,28.0,32.2,23.7,8.3,33.5
Scotts Road,S111,2013,10,11,1.0,26.6,29.3,24.8,5.2,26.3
Scotts Road,S111,2013,10,12,18.6,27.0,29.2,22.4,6.3,52.6
Scotts Road,S111,2013,10,13,21.6,27.9,30.5,26.3,7.3,30.6
Scotts Road,S111,2013,10,14,16.2,27.3,29.9,24.6,7.1,37.1
Scotts Road,S111,2013,10,15,4.8,27.2,30.9,23.3,7.5,32.8
Scotts Road,S111,2013,10,16,0.0,28.8,32.8,27.1,9.3,36.7
Scotts Road,S111,2013,10,17,0.0,29.1,32.3,27.2,9.1,32.0
Scotts Road,S111,2013,10,18,54.4,28.6,32.2,23.5,6.7,36.0
Scotts Road,S111,2013,10,19,46.6,26.8,31.1,23.6,4.0,29.9
Scotts Road,S111,2013,10,20,50.8,26.3,31.2,22.6,6.3,52.9
Scotts Road,S111,2013,10,21,33.4,26.7,29.2,24.7,6.0,29.9
Scotts Road,S111,2013,10,22,0.0,26.9,31.5,23.4,6.1,30.2
Scotts Road,S111,2013,10,23,0.0,27.7,31.7,24.0,5.8,31.0
Scotts Road,S111,2013,10,24,0.0,27.4,30.2,25.4,5.2,29.9
Scotts Road,S111,2013,10,25,0.0,28.5,32.6,26.2,6.5,31.0
Scotts Road,S111,2013,10,26,0.6,27.8,32.2,24.9,6.8,42.1
Scotts Road,S111,2013,10,27,0.2,27.1,31.9,25.0,5.1,37.1
Scotts Road,S111,2013,10,28,14.0,26.4,31.4,23.5,4.7,32.0
Scotts Road,S111,2013,10,29,0.0,27.4,31.4,25.4,5.0,32.8
Scotts Road,S111,2013,10,30,4.0,26.7,30.6,25.1,4.1,42.5
Scotts Road,S111,2013,10,31,40.0,26.8,32.2,23.6,3.9,30.2
Scotts Road,S111,2013,11,1,3.4,26.7,30.7,23.7,5.1,37.8
Scotts Road,S111,2013,11,2,0.0,26.9,29.9,25.4,3.9,24.5
Scotts Road,S111,2013,11,3,4.4,27.3,31.6,25.0,4.6,34.2
Scotts Road,S111,2013,11,4,23.2,26.6,31.7,24.7,4.7,32.4
Scotts Road,S111,2013,11,5,16.8,27.0,32.6,24.2,5.2,32.4
Scotts Road,S111,2013,11,6,0.0,26.5,29.8,21.9,6.5,45.0
Scotts Road,S111,2013,11,7,0.0,28.0,31.6,24.7,6.8,31.7
Scotts Road,S111,2013,11,8,0.0,28.1,31.8,26.2,5.4,35.6
Scotts Road,S111,2013,11,9,15.0,27.0,30.0,25.3,3.8,22.7
Scotts Road,S111,2013,11,10,2.2,26.9,30.2,23.0,4.5,43.2
Scotts Road,S111,2013,11,11,18.4,27.1,30.3,24.4,5.6,41.4
Scotts Road,S111,2013,11,12,5.4,25.5,27.7,23.5,4.0,27.4
Scotts Road,S111,2013,11,13,11.6,27.4,32.7,24.7,4.7,31.0
Scotts Road,S111,2013,11,14,0.4,26.4,29.9,23.0,4.7,20.9
Scotts Road,S111,2013,11,15,0.2,26.6,30.4,24.9,4.4,27.7
Scotts Road,S111,2013,11,16,13.0,27.3,32.5,25.1,4.4,45.7
Scotts Road,S111,2013,11,17,0.4,25.8,27.4,24.4,5.9,33.1
Scotts Road,S111,2013,11,18,0.4,26.8,30.7,24.8,5.3,39.2
Scotts Road,S111,2013,11,19,1.4,27.2,31.8,24.7,4.8,20.5
Scotts Road,S111,2013,11,20,7.8,27.0,30.1,23.4,8.1,33.1
Scotts Road,S111,2013,11,21,0.2,28.0,32.1,24.5,8.3,40.0
Scotts Road,S111,2013,11,22,44.6,27.9,31.9,24.2,5.6,37.8
Scotts Road,S111,2013,11,23,0.6,26.9,30.8,22.2,5.3,32.4
Scotts Road,S111,2013,11,24,7.6,27.5,31.3,25.6,4.0,28.1
Scotts Road,S111,2013,11,25,10.6,27.0,31.5,23.8,4.7,36.0
Scotts Road,S111,2013,11,26,0.8,26.8,31.1,25.0,5.7,21.2
Scotts Road,S111,2013,11,27,2.0,27.8,33.7,25.5,4.8,24.1
Scotts Road,S111,2013,11,28,1.8,26.9,31.1,24.1,5.4,30.6
Scotts Road,S111,2013,11,29,22.6,27.0,31.4,24.6,4.9,39.2
Scotts Road,S111,2013,11,30,49.6,26.3,32.0,23.5,5.1,32.8
Scotts Road,S111,2013,12,1,26.0,25.8,28.5,24.4,5.5,25.9
Scotts Road,S111,2013,12,2,7.2,24.3,24.9,23.7,7.5,25.2
Scotts Road,S111,2013,12,3,37.6,25.2,30.6,23.2,5.4,21.6
Scotts Road,S111,2013,12,4,0.0,25.3,27.9,23.3,7.2,34.2
Scotts Road,S111,2013,12,5,0.0,26.6,31.0,24.3,5.0,23.0
Scotts Road,S111,2013,12,6,9.6,25.1,29.0,23.4,5.0,35.3
Scotts Road,S111,2013,12,7,0.0,26.9,31.9,23.7,4.3,28.1
Scotts Road,S111,2013,12,8,21.2,24.9,28.4,23.7,5.6,26.3
Scotts Road,S111,2013,12,9,0.0,26.7,31.8,23.9,5.0,26.3
Scotts Road,S111,2013,12,10,0.0,27.4,31.6,25.4,3.9,19.8
Scotts Road,S111,2013,12,11,13.0,27.0,31.7,25.0,5.3,26.3
Scotts Road,S111,2013,12,12,7.2,27.1,31.9,25.3,5.2,29.5
Scotts Road,S111,2013,12,13,0.0,27.6,32.4,25.2,6.5,28.4
Scotts Road,S111,2013,12,14,2.0,27.2,31.9,24.8,5.2,26.3
Scotts Road,S111,2013,12,15,8.6,26.6,31.4,23.8,4.8,32.0
Scotts Road,S111,2013,12,16,0.0,28.1,32.7,24.7,6.4,34.9
Scotts Road,S111,2013,12,17,0.0,28.1,32.2,26.1,4.9,28.4
Scotts Road,S111,2013,12,18,44.4,26.4,32.1,20.9,7.0,45.7
Scotts Road,S111,2013,12,19,0.2,25.7,28.7,23.0,6.9,45.7
Scotts Road,S111,2013,12,20,9.6,25.1,27.2,23.8,5.5,35.3
Scotts Road,S111,2013,12,21,0.0,26.0,30.9,23.6,6.6,33.5
Scotts Road,S111,2013,12,22,0.0,26.6,30.8,24.1,7.2,33.5
Scotts Road,S111,2013,12,23,0.8,25.4,27.1,24.0,8.6,38.9
Scotts Road,S111,2013,12,24,0.0,26.8,30.2,25.1,8.1,40.7
Scotts Road,S111,2013,12,25,0.0,26.9,30.5,25.1,7.0,40.7
Scotts Road,S111,2013,12,26,,26.2,30.5,23.7,6.7,36.4
Scotts Road,S111,2013,12,27,,,,,,
Scotts Road,S111,2013,12,28,,,,,,
Scotts Road,S111,2013,12,29,,,,,,
Scotts Road,S111,2013,12,30,,,,,,
Scotts Road,S111,2013,12,31,0.0,,27.3,24.8,8.3,48.6
Scotts Road,S111,2014,1,1,0.0,26.4,29.0,24.4,7.4,40.3
Scotts Road,S111,2014,1,2,0.0,27.1,30.6,25.0,7.1,35.6
Scotts Road,S111,2014,1,3,0.8,26.7,30.5,25.1,6.7,37.8
Scotts Road,S111,2014,1,4,23.8,26.5,31.9,24.2,4.8,34.9
Scotts Road,S111,2014,1,5,5.6,24.7,25.9,23.5,5.9,31.0
Scotts Road,S111,2014,1,6,26.8,25.0,26.4,23.6,4.6,32.0
Scotts Road,S111,2014,1,7,0.0,26.5,30.2,24.2,5.2,25.2
Scotts Road,S111,2014,1,8,0.0,27.1,32.0,24.7,6.9,34.9
Scotts Road,S111,2014,1,9,2.0,25.8,28.9,24.1,4.4,30.6
Scotts Road,S111,2014,1,10,0.0,27.1,32.1,24.0,4.3,27.4
Scotts Road,S111,2014,1,11,3.2,26.7,31.6,23.9,7.8,45.0
Scotts Road,S111,2014,1,12,0.2,26.0,28.5,24.9,8.0,40.3
Scotts Road,S111,2014,1,13,0.0,26.6,29.4,24.8,9.5,41.8
Scotts Road,S111,2014,1,14,0.0,26.4,29.7,24.5,8.3,40.7
Scotts Road,S111,2014,1,15,0.0,25.7,28.1,24.4,8.5,37.4
Scotts Road,S111,2014,1,16,0.0,25.8,28.7,24.0,9.0,39.6
Scotts Road,S111,2014,1,17,0.0,25.8,28.9,23.7,10.1,44.3
Scotts Road,S111,2014,1,18,0.0,25.7,28.4,24.0,9.7,43.6
Scotts Road,S111,2014,1,19,0.0,25.7,29.0,23.6,8.8,41.8
Scotts Road,S111,2014,1,20,0.0,25.7,29.6,23.8,9.3,44.3
Scotts Road,S111,2014,1,21,0.0,25.6,29.0,23.7,9.0,41.4
Scotts Road,S111,2014,1,22,0.0,25.3,28.6,23.4,9.3,43.2
Scotts Road,S111,2014,1,23,0.0,25.5,29.1,23.5,8.7,38.9
Scotts Road,S111,2014,1,24,0.0,25.4,28.3,23.5,9.3,42.8
Scotts Road,S111,2014,1,25,0.0,25.5,29.1,23.8,8.2,32.8
Scotts Road,S111,2014,1,26,0.0,25.4,29.5,23.3,7.8,38.9
Scotts Road,S111,2014,1,27,0.0,25.5,29.1,23.3,9.3,41.0
Scotts Road,S111,2014,1,28,0.0,26.1,29.5,24.2,9.4,44.3
Scotts Road,S111,2014,1,29,0.0,26.2,29.9,23.9,9.4,44.6
Scotts Road,S111,2014,1,30,0.0,25.8,30.1,23.3,8.7,39.6
Scotts Road,S111,2014,1,31,0.0,26.0,30.3,23.5,9.2,39.6
Scotts Road,S111,2014,2,1,0.0,26.1,32.8,23.0,7.7,38.2
Scotts Road,S111,2014,2,2,0.0,25.7,30.3,23.4,7.2,33.1
Scotts Road,S111,2014,2,3,0.0,26.1,31.0,23.6,7.0,29.5
Scotts Road,S111,2014,2,4,0.0,26.4,31.2,23.6,7.4,31.0
Scotts Road,S111,2014,2,5,0.0,26.2,31.6,23.3,7.4,32.0
Scotts Road,S111,2014,2,6,0.0,26.5,31.8,23.5,7.2,33.1
Scotts Road,S111,2014,2,7,0.0,26.5,31.5,24.1,6.8,31.3
Scotts Road,S111,2014,2,8,0.0,26.6,31.4,24.4,6.3,31.3
Scotts Road,S111,2014,2,9,0.4,27.0,31.7,24.7,6.8,30.2
Scotts Road,S111,2014,2,10,0.0,27.5,32.2,24.6,6.2,30.6
Scotts Road,S111,2014,2,11,0.0,27.5,32.2,25.0,6.2,34.6
Scotts Road,S111,2014,2,12,0.0,27.3,32.4,24.6,8.3,38.2
Scotts Road,S111,2014,2,13,0.0,27.6,33.1,25.4,8.5,39.6
Scotts Road,S111,2014,2,14,0.0,27.3,31.0,25.2,8.3,38.9
Scotts Road,S111,2014,2,15,0.0,27.3,30.8,25.0,9.2,39.6
Scotts Road,S111,2014,2,16,0.0,27.3,31.2,25.2,8.4,39.2
Scotts Road,S111,2014,2,17,0.0,27.2,31.1,25.2,8.6,36.4
Scotts Road,S111,2014,2,18,0.0,27.5,32.4,25.2,7.7,31.3
Scotts Road,S111,2014,2,19,0.0,27.3,31.8,25.0,7.8,34.6
Scotts Road,S111,2014,2,20,0.0,27.4,31.6,25.1,9.4,45.7
Scotts Road,S111,2014,2,21,0.0,27.1,30.1,25.5,9.4,40.7
Scotts Road,S111,2014,2,22,0.0,27.6,32.0,24.8,10.6,44.6
Scotts Road,S111,2014,2,23,0.0,27.0,30.8,24.5,8.1,44.6
Scotts Road,S111,2014,2,24,0.0,26.7,31.3,24.4,8.8,38.9
Scotts Road,S111,2014,2,25,0.0,26.8,31.1,24.1,7.7,37.1
Scotts Road,S111,2014,2,26,0.0,27.0,31.4,24.4,8.4,37.8
Scotts Road,S111,2014,2,27,0.0,27.3,31.8,24.6,9.2,41.0
Scotts Road,S111,2014,2,28,0.0,27.1,31.4,25.0,9.4,40.0
Scotts Road,S111,2014,3,1,0.0,27.2,31.9,25.2,8.1,38.9
Scotts Road,S111,2014,3,2,0.0,27.7,33.8,24.7,7.0,30.6
Scotts Road,S111,2014,3,3,0.0,27.4,32.5,25.0,6.9,36.7
Scotts Road,S111,2014,3,4,0.0,27.3,32.0,25.1,8.2,36.7
Scotts Road,S111,2014,3,5,0.0,27.6,34.2,24.5,7.7,39.2
Scotts Road,S111,2014,3,6,0.0,27.0,31.0,24.3,8.1,38.2
Scotts Road,S111,2014,3,7,0.0,27.3,31.5,24.7,7.7,33.1
Scotts Road,S111,2014,3,8,0.0,27.6,32.9,25.2,7.9,37.8
Scotts Road,S111,2014,3,9,0.0,27.3,31.5,24.6,8.6,42.1
Scotts Road,S111,2014,3,10,0.0,27.3,31.6,25.1,8.6,43.6
Scotts Road,S111,2014,3,11,0.0,27.8,32.9,24.9,8.9,40.7
Scotts Road,S111,2014,3,12,0.0,27.7,32.6,25.2,9.1,38.2
Scotts Road,S111,2014,3,13,0.0,28.1,34.1,25.1,7.4,35.3
Scotts Road,S111,2014,3,14,0.0,28.4,33.2,25.3,7.4,37.8
Scotts Road,S111,2014,3,15,3.8,27.7,30.7,26.0,9.1,38.5
Scotts Road,S111,2014,3,16,25.4,25.7,27.2,23.8,5.7,45.7
Scotts Road,S111,2014,3,17,11.0,25.9,27.8,24.7,5.1,29.2
Scotts Road,S111,2014,3,18,15.8,26.3,29.8,24.9,5.2,35.6
Scotts Road,S111,2014,3,19,0.0,26.5,30.4,24.6,4.8,33.1
Scotts Road,S111,2014,3,20,42.2,26.8,32.2,24.3,4.5,25.2
Scotts Road,S111,2014,3,21,1.6,27.1,31.6,24.9,5.5,24.8
Scotts Road,S111,2014,3,22,0.0,27.3,30.2,25.1,6.4,34.6
Scotts Road,S111,2014,3,23,0.0,27.6,32.0,24.7,7.6,36.4
Scotts Road,S111,2014,3,24,0.0,27.9,32.2,25.1,7.3,34.2
Scotts Road,S111,2014,3,25,0.0,28.1,32.8,25.5,8.3,34.9
Scotts Road,S111,2014,3,26,0.0,28.3,32.0,25.9,6.4,32.0
Scotts Road,S111,2014,3,27,0.0,28.4,32.3,25.8,7.2,32.8
Scotts Road,S111,2014,3,28,0.0,28.4,32.2,26.2,8.5,37.8
Scotts Road,S111,2014,3,29,0.0,28.1,32.7,26.4,5.9,28.1
Scotts Road,S111,2014,3,30,0.0,28.4,32.6,26.2,7.0,26.3
Scotts Road,S111,2014,3,31,0.0,28.8,33.7,26.9,8.6,37.4
Scotts Road,S111,2014,4,1,0.2,28.3,32.3,26.5,5.6,27.7
Scotts Road,S111,2014,4,2,0.0,28.8,33.2,26.9,7.0,31.3
Scotts Road,S111,2014,4,3,0.0,29.1,34.1,27.2,10.4,50.4
Scotts Road,S111,2014,4,4,1.8,28.1,31.4,25.9,5.0,22.3
Scotts Road,S111,2014,4,5,72.4,26.1,28.1,23.9,5.3,33.1
Scotts Road,S111,2014,4,6,0.6,28.2,32.2,25.0,5.7,29.9
Scotts Road,S111,2014,4,7,0.0,28.6,33.8,25.8,5.8,36.4
Scotts Road,S111,2014,4,8,0.4,28.0,32.5,25.4,5.6,31.3
Scotts Road,S111,2014,4,9,0.0,27.9,32.5,25.1,5.1,32.0
Scotts Road,S111,2014,4,10,0.0,28.0,32.7,26.2,4.5,34.2
Scotts Road,S111,2014,4,11,1.4,27.7,32.0,24.9,4.7,32.8
Scotts Road,S111,2014,4,12,2.2,26.8,30.0,23.3,5.1,39.6
Scotts Road,S111,2014,4,13,1.2,28.0,31.9,25.2,6.1,25.2
Scotts Road,S111,2014,4,14,60.0,28.0,32.3,23.4,5.4,30.2
Scotts Road,S111,2014,4,15,0.0,28.3,31.6,25.7,5.4,30.2
Scotts Road,S111,2014,4,16,0.0,28.5,32.2,26.4,4.7,24.8
Scotts Road,S111,2014,4,17,17.2,28.3,32.3,26.1,5.3,28.4
Scotts Road,S111,2014,4,18,72.2,27.4,29.9,24.8,6.6,41.8
Scotts Road,S111,2014,4,19,0.0,28.8,33.6,25.8,6.2,27.0
Scotts Road,S111,2014,4,20,0.0,28.0,30.1,26.3,7.0,45.0
Scotts Road,S111,2014,4,21,3.8,26.7,28.7,25.3,4.8,36.0
Scotts Road,S111,2014,4,22,0.0,28.0,33.4,25.4,4.1,27.7
Scotts Road,S111,2014,4,23,4.2,28.1,32.4,25.7,5.2,39.2
Scotts Road,S111,2014,4,24,0.6,28.2,33.7,25.5,6.7,29.9
Scotts Road,S111,2014,4,25,0.0,28.3,33.7,25.8,4.7,27.0
Scotts Road,S111,2014,4,26,2.8,28.6,32.0,27.1,4.2,24.5
Scotts Road,S111,2014,4,27,2.8,28.5,31.7,24.5,5.3,38.9
Scotts Road,S111,2014,4,28,15.6,28.4,32.6,24.8,5.1,31.7
Scotts Road,S111,2014,4,29,38.0,28.4,31.9,24.7,4.6,35.3
Scotts Road,S111,2014,4,30,0.0,28.3,31.3,26.5,5.6,22.0
Scotts Road,S111,2014,5,1,0.0,28.0,30.7,24.4,6.2,29.9
Scotts Road,S111,2014,5,2,0.0,29.4,32.2,27.5,6.8,27.4
Scotts Road,S111,2014,5,3,0.0,29.4,33.4,28.1,9.1,36.4
Scotts Road,S111,2014,5,4,0.0,29.4,33.0,27.6,6.9,34.2
Scotts Road,S111,2014,5,5,0.4,29.2,32.6,27.0,8.4,40.7
Scotts Road,S111,2014,5,6,0.0,29.3,32.9,27.4,7.7,33.5
Scotts Road,S111,2014,5,7,30.2,27.9,33.1,24.6,4.5,34.9
Scotts Road,S111,2014,5,8,0.2,27.4,30.5,25.0,4.3,30.6
Scotts Road,S111,2014,5,9,0.4,28.7,32.2,26.7,5.8,22.7
Scotts Road,S111,2014,5,10,0.0,29.7,32.6,28.0,7.8,27.0
Scotts Road,S111,2014,5,11,0.0,29.0,33.1,26.7,4.8,28.4
Scotts Road,S111,2014,5,12,0.0,28.3,30.8,27.0,5.0,32.4
Scotts Road,S111,2014,5,13,0.0,29.3,33.1,26.1,5.3,30.2
Scotts Road,S111,2014,5,14,6.6,27.9,29.3,24.8,6.8,40.0
Scotts Road,S111,2014,5,15,5.4,29.0,32.5,26.8,6.8,31.3
Scotts Road,S111,2014,5,16,19.4,28.4,31.4,23.4,6.9,46.8
Scotts Road,S111,2014,5,17,10.6,28.2,30.5,26.3,7.3,37.1
Scotts Road,S111,2014,5,18,84.4,26.4,28.8,23.6,5.3,49.3
Scotts Road,S111,2014,5,19,25.8,26.9,30.5,23.7,6.8,30.6
Scotts Road,S111,2014,5,20,3.8,27.5,31.3,23.8,5.7,25.9
Scotts Road,S111,2014,5,21,0.0,28.0,32.2,26.2,4.9,30.2
Scotts Road,S111,2014,5,22,0.0,28.8,31.9,26.6,7.4,31.3
Scotts Road,S111,2014,5,23,4.0,27.2,30.8,24.7,5.5,37.1
Scotts Road,S111,2014,5,24,0.0,28.1,31.6,25.7,8.0,41.8
Scotts Road,S111,2014,5,25,0.0,29.2,32.2,27.2,7.5,31.3
Scotts Road,S111,2014,5,26,0.0,28.6,31.7,27.2,5.7,25.2
Scotts Road,S111,2014,5,27,0.2,27.7,30.2,25.9,6.1,28.4
Scotts Road,S111,2014,5,28,2.2,28.6,33.3,26.1,7.6,32.0
Scotts Road,S111,2014,5,29,3.0,29.0,32.7,26.1,4.4,27.4
Scotts Road,S111,2014,5,30,29.8,27.4,30.7,25.0,5.6,30.6
Scotts Road,S111,2014,5,31,1.4,28.4,30.9,25.9,8.4,32.0
Scotts Road,S111,2014,6,1,6.0,28.1,30.8,25.9,6.4,35.3
Scotts Road,S111,2014,6,2,0.0,28.7,31.5,27.5,6.5,42.1
Scotts Road,S111,2014,6,3,0.0,29.0,31.4,27.6,8.6,34.6
Scotts Road,S111,2014,6,4,7.4,27.8,28.8,25.9,6.8,29.5
Scotts Road,S111,2014,6,5,5.0,26.9,28.4,24.9,7.4,43.2
Scotts Road,S111,2014,6,6,17.2,27.2,29.8,25.1,7.5,40.0
Scotts Road,S111,2014,6,7,0.0,28.8,31.2,27.2,8.3,32.0
Scotts Road,S111,2014,6,8,0.0,29.5,32.7,27.7,8.4,31.7
Scotts Road,S111,2014,6,9,0.0,29.4,33.5,27.8,7.9,28.1
Scotts Road,S111,2014,6,10,1.0,29.6,33.4,27.7,7.9,41.0
Scotts Road,S111,2014,6,11,0.0,29.7,32.9,28.0,7.9,31.3
Scotts Road,S111,2014,6,12,13.4,28.8,32.7,23.0,9.5,70.6
Scotts Road,S111,2014,6,13,0.0,29.5,32.2,28.0,7.7,27.7
Scotts Road,S111,2014,6,14,6.6,27.4,29.7,23.3,6.1,42.1
Scotts Road,S111,2014,6,15,23.2,28.9,31.1,25.5,8.0,38.5
Scotts Road,S111,2014,6,16,0.0,29.6,32.3,28.1,9.4,35.6
Scotts Road,S111,2014,6,17,0.0,29.8,32.7,28.1,9.7,33.8
Scotts Road,S111,2014,6,18,8.0,28.4,31.7,23.4,8.8,38.9
Scotts Road,S111,2014,6,19,3.0,28.7,32.5,24.4,7.9,40.0
Scotts Road,S111,2014,6,20,0.0,29.7,32.9,28.3,9.6,31.0
Scotts Road,S111,2014,6,21,0.0,30.2,33.6,28.4,8.4,34.9
Scotts Road,S111,2014,6,22,11.2,29.4,32.5,27.0,7.6,29.5
Scotts Road,S111,2014,6,23,0.0,29.6,32.4,28.0,6.3,32.8
Scotts Road,S111,2014,6,24,0.6,29.3,32.6,25.1,6.7,29.9
Scotts Road,S111,2014,6,25,0.0,28.1,31.0,24.0,8.3,33.1
Scotts Road,S111,2014,6,26,0.0,29.0,31.5,27.8,8.9,36.7
Scotts Road,S111,2014,6,27,0.0,27.2,28.7,24.8,8.5,41.8
Scotts Road,S111,2014,6,28,0.0,28.4,31.3,26.9,6.8,22.7
Scotts Road,S111,2014,6,29,0.0,28.8,31.9,25.4,6.1,31.3
Scotts Road,S111,2014,6,30,22.4,26.9,29.1,23.9,7.1,40.0
Scotts Road,S111,2014,7,1,0.0,28.4,32.5,26.7,6.3,31.7
Scotts Road,S111,2014,7,2,0.0,28.7,31.1,27.3,7.4,34.9
Scotts Road,S111,2014,7,3,0.2,28.3,30.7,26.2,6.6,36.7
Scotts Road,S111,2014,7,4,1.0,28.2,30.3,26.4,6.9,33.5
Scotts Road,S111,2014,7,5,3.6,27.5,29.5,24.0,6.2,43.2
Scotts Road,S111,2014,7,6,0.0,28.6,31.0,27.4,7.2,45.0
Scotts Road,S111,2014,7,7,10.8,28.2,30.9,23.3,7.2,33.5
Scotts Road,S111,2014,7,8,7.4,27.6,30.4,23.3,7.5,51.5
Scotts Road,S111,2014,7,9,49.0,27.0,28.2,22.8,8.8,59.0
Scotts Road,S111,2014,7,10,0.8,28.4,31.5,27.1,9.2,31.0
Scotts Road,S111,2014,7,11,2.4,28.1,30.5,26.4,6.0,25.9
Scotts Road,S111,2014,7,12,0.2,27.3,30.1,24.3,5.9,33.5
Scotts Road,S111,2014,7,13,0.0,28.5,31.8,26.4,10.5,33.1
Scotts Road,S111,2014,7,14,0.0,29.5,32.6,27.9,8.7,32.0
Scotts Road,S111,2014,7,15,0.0,29.1,32.3,28.1,10.0,28.8
Scotts Road,S111,2014,7,16,0.0,29.2,33.1,27.6,9.1,29.9
Scotts Road,S111,2014,7,17,16.4,27.8,30.0,23.0,8.4,44.6
Scotts Road,S111,2014,7,18,0.0,28.8,32.5,27.4,8.8,37.8
Scotts Road,S111,2014,7,19,0.0,28.7,31.4,26.9,8.4,38.9
Scotts Road,S111,2014,7,20,0.0,29.0,32.0,27.4,8.4,36.0
Scotts Road,S111,2014,7,21,0.0,29.0,31.9,27.7,10.7,37.4
Scotts Road,S111,2014,7,22,0.0,29.1,31.1,27.7,11.1,40.7
Scotts Road,S111,2014,7,23,0.0,29.2,31.8,27.8,9.8,35.3
Scotts Road,S111,2014,7,24,0.0,29.1,31.2,27.6,9.4,35.3
Scotts Road,S111,2014,7,25,0.0,29.3,32.7,27.5,10.0,37.1
Scotts Road,S111,2014,7,26,0.0,29.5,32.5,27.8,10.1,33.5
Scotts Road,S111,2014,7,27,21.8,28.0,31.3,23.0,8.8,48.2
Scotts Road,S111,2014,7,28,0.0,28.7,31.1,27.6,8.7,41.4
Scotts Road,S111,2014,7,29,88.4,27.3,30.2,22.9,8.4,37.8
Scotts Road,S111,2014,7,30,19.6,27.4,29.9,24.3,7.6,52.2
Scotts Road,S111,2014,7,31,0.2,27.3,28.6,25.2,9.5,47.5
Scotts Road,S111,2014,8,1,0.0,28.3,30.8,26.9,9.4,31.7
Scotts Road,S111,2014,8,2,12.0,28.4,30.9,24.2,9.1,42.5
Scotts Road,S111,2014,8,3,1.6,28.1,30.4,25.2,8.7,40.0
Scotts Road,S111,2014,8,4,0.0,28.4,30.6,27.4,8.8,31.3
Scotts Road,S111,2014,8,5,6.4,26.2,28.3,23.0,9.2,43.6
Scotts Road,S111,2014,8,6,8.0,27.1,30.2,24.0,7.8,41.0
Scotts Road,S111,2014,8,7,2.2,27.1,30.3,24.8,8.5,44.3
Scotts Road,S111,2014,8,8,0.0,27.4,29.3,26.4,8.3,33.1
Scotts Road,S111,2014,8,9,0.0,28.4,31.7,26.7,10.8,39.6
Scotts Road,S111,2014,8,10,0.0,27.9,30.6,26.7,9.0,36.4
Scotts Road,S111,2014,8,11,0.0,27.5,30.4,26.4,8.2,30.6
Scotts Road,S111,2014,8,12,7.4,26.6,28.1,23.6,6.5,28.4
Scotts Road,S111,2014,8,13,1.0,26.1,27.0,24.6,6.7,27.7
Scotts Road,S111,2014,8,14,3.8,26.6,29.0,25.3,8.9,35.6
Scotts Road,S111,2014,8,15,28.0,26.2,27.1,23.3,5.6,36.7
Scotts Road,S111,2014,8,16,0.0,27.9,30.6,26.3,8.8,32.0
Scotts Road,S111,2014,8,17,0.0,28.1,30.7,27.0,9.7,31.3
Scotts Road,S111,2014,8,18,0.0,28.2,31.5,26.8,10.5,33.5
Scotts Road,S111,2014,8,19,40.2,27.7,31.3,23.7,8.0,35.6
Scotts Road,S111,2014,8,20,0.2,27.7,31.5,26.3,7.4,35.6
Scotts Road,S111,2014,8,21,22.4,27.4,30.6,23.8,7.5,39.6
Scotts Road,S111,2014,8,22,0.0,28.1,31.2,26.5,11.3,50.4
Scotts Road,S111,2014,8,23,0.0,28.2,31.4,26.8,10.2,37.1
Scotts Road,S111,2014,8,24,0.8,27.3,29.5,26.0,5.7,29.2
Scotts Road,S111,2014,8,25,5.2,26.8,29.7,24.0,5.8,57.6
Scotts Road,S111,2014,8,26,11.8,26.6,30.0,22.9,5.9,42.1
Scotts Road,S111,2014,8,27,18.4,26.6,29.6,22.8,6.9,33.5
Scotts Road,S111,2014,8,28,52.0,26.0,28.7,22.0,6.6,43.2
Scotts Road,S111,2014,8,29,20.4,26.7,29.4,23.8,6.3,33.1
Scotts Road,S111,2014,8,30,0.2,27.4,30.7,25.1,7.7,29.2
Scotts Road,S111,2014,8,31,3.6,28.0,30.2,26.1,9.9,33.5
Scotts Road,S111,2014,9,1,0.0,28.9,32.4,26.7,11.5,34.6
Scotts Road,S111,2014,9,2,0.0,28.4,31.5,26.5,9.8,35.3
Scotts Road,S111,2014,9,3,36.4,26.6,31.3,22.1,5.1,39.6
Scotts Road,S111,2014,9,4,0.0,28.2,32.1,25.2,5.9,26.3
Scotts Road,S111,2014,9,5,0.2,27.8,30.8,24.3,6.9,40.0
Scotts Road,S111,2014,9,6,0.0,26.9,29.1,23.9,11.2,52.9
Scotts Road,S111,2014,9,7,0.0,28.3,31.6,26.4,5.8,25.6
Scotts Road,S111,2014,9,8,0.0,28.9,32.9,26.7,8.0,32.0
Scotts Road,S111,2014,9,9,0.0,28.3,31.5,26.7,8.4,33.8
Scotts Road,S111,2014,9,10,0.0,28.7,31.5,27.2,9.7,36.0
Scotts Road,S111,2014,9,11,31.6,27.2,31.0,23.3,8.9,41.0
Scotts Road,S111,2014,9,12,0.0,28.0,31.0,25.6,9.0,35.6
Scotts Road,S111,2014,9,13,0.0,28.7,31.9,27.1,9.6,39.2
Scotts Road,S111,2014,9,14,0.0,28.7,31.0,27.3,9.2,38.5
Scotts Road,S111,2014,9,15,0.0,28.8,32.0,27.5,10.0,43.9
Scotts Road,S111,2014,9,16,0.0,28.7,30.9,27.2,11.4,37.1
Scotts Road,S111,2014,9,17,0.0,28.5,32.8,26.4,10.8,40.0
Scotts Road,S111,2014,9,18,0.0,28.6,31.9,27.2,11.0,41.4
Scotts Road,S111,2014,9,19,0.0,28.8,31.6,27.4,9.3,38.2
Scotts Road,S111,2014,9,20,10.4,27.5,32.7,25.3,7.6,47.9
Scotts Road,S111,2014,9,21,4.0,27.6,30.6,25.2,7.8,34.2
Scotts Road,S111,2014,9,22,0.0,28.7,32.5,26.9,10.3,41.4
Scotts Road,S111,2014,9,23,0.0,28.7,32.0,26.8,10.1,30.6
Scotts Road,S111,2014,9,24,3.2,28.4,31.8,25.3,10.4,48.6
Scotts Road,S111,2014,9,25,10.4,26.6,30.0,24.0,7.1,42.5
Scotts Road,S111,2014,9,26,0.0,28.3,32.4,26.0,5.9,31.7
Scotts Road,S111,2014,9,27,0.0,28.9,33.3,27.1,9.7,34.9
Scotts Road,S111,2014,9,28,0.0,28.8,32.2,26.9,10.3,28.1
Scotts Road,S111,2014,9,29,0.0,28.8,32.6,27.0,9.4,27.4
Scotts Road,S111,2014,9,30,0.0,29.1,32.6,27.2,8.3,29.2
Scotts Road,S111,2014,10,1,0.0,29.0,33.0,26.9,9.2,36.0
Scotts Road,S111,2014,10,2,0.0,28.7,32.0,27.0,8.6,24.5
Scotts Road,S111,2014,10,3,0.0,28.9,32.2,26.9,9.6,32.8
Scotts Road,S111,2014,10,4,19.0,27.0,29.2,23.1,8.6,32.8
Scotts Road,S111,2014,10,5,0.0,26.6,29.3,24.3,9.3,37.1
Scotts Road,S111,2014,10,6,0.0,27.9,31.6,25.1,7.6,29.9
Scotts Road,S111,2014,10,7,0.0,28.8,31.9,27.2,10.4,34.9
Scotts Road,S111,2014,10,8,0.0,28.9,32.2,27.2,8.2,30.6
Scotts Road,S111,2014,10,9,0.0,28.8,31.3,27.3,10.3,34.9
Scotts Road,S111,2014,10,10,0.0,29.3,33.2,27.7,10.5,29.2
Scotts Road,S111,2014,10,11,0.0,28.6,32.3,27.3,6.8,30.6
Scotts Road,S111,2014,10,12,0.6,28.2,32.4,25.5,5.1,24.8
Scotts Road,S111,2014,10,13,0.0,29.1,33.4,26.4,5.5,26.3
Scotts Road,S111,2014,10,14,1.8,28.2,32.9,24.6,4.3,33.8
Scotts Road,S111,2014,10,15,0.0,28.2,30.6,25.9,5.8,27.4
Scotts Road,S111,2014,10,16,7.0,27.9,30.2,26.3,5.8,28.8
Scotts Road,S111,2014,10,17,9.6,28.3,31.8,26.0,5.6,29.2
Scotts Road,S111,2014,10,18,44.6,26.6,29.4,24.8,5.2,28.1
Scotts Road,S111,2014,10,19,0.0,27.7,32.4,24.7,5.6,38.5
Scotts Road,S111,2014,10,20,0.0,28.8,32.7,26.3,6.8,37.4
Scotts Road,S111,2014,10,21,1.0,27.0,31.7,24.9,4.6,29.9
Scotts Road,S111,2014,10,22,4.2,26.1,27.8,24.8,4.1,18.0
Scotts Road,S111,2014,10,23,0.0,28.4,32.1,25.5,4.7,25.9
Scotts Road,S111,2014,10,24,0.0,29.0,32.9,26.2,6.2,29.2
Scotts Road,S111,2014,10,25,0.0,29.3,32.8,26.7,7.8,31.0
Scotts Road,S111,2014,10,26,0.0,29.4,34.4,27.6,9.8,38.5
Scotts Road,S111,2014,10,27,37.8,27.6,31.5,24.0,5.8,45.0
Scotts Road,S111,2014,10,28,9.0,28.1,32.0,25.4,4.1,27.4
Scotts Road,S111,2014,10,29,1.0,29.1,33.3,26.7,7.3,34.9
Scotts Road,S111,2014,10,30,6.0,28.4,31.5,26.3,4.2,31.0
Scotts Road,S111,2014,10,31,0.2,27.8,32.1,25.4,4.4,36.0
Scotts Road,S111,2014,11,1,2.2,28.0,31.2,26.1,5.2,24.8
Scotts Road,S111,2014,11,2,0.0,28.8,31.6,26.6,6.7,28.1
Scotts Road,S111,2014,11,3,0.0,29.4,32.1,27.6,7.4,29.2
Scotts Road,S111,2014,11,4,0.0,29.8,33.1,27.7,8.1,29.2
Scotts Road,S111,2014,11,5,13.8,27.9,33.4,25.2,5.2,37.4
Scotts Road,S111,2014,11,6,5.4,26.3,30.2,23.8,5.2,33.5
Scotts Road,S111,2014,11,7,20.2,26.7,30.5,24.4,5.3,28.8
Scotts Road,S111,2014,11,8,73.2,27.1,31.7,23.1,8.1,33.1
Scotts Road,S111,2014,11,9,7.8,27.2,30.3,23.7,6.0,55.1
Scotts Road,S111,2014,11,10,0.4,27.4,30.2,24.5,5.8,36.4
Scotts Road,S111,2014,11,11,9.2,26.5,30.4,23.9,4.0,46.8
Scotts Road,S111,2014,11,12,5.0,27.1,32.3,24.1,3.9,38.9
Scotts Road,S111,2014,11,13,0.2,27.1,32.7,25.1,4.7,31.7
Scotts Road,S111,2014,11,14,0.2,27.3,31.6,23.8,6.9,33.5
Scotts Road,S111,2014,11,15,1.8,26.9,32.5,24.8,4.7,33.8
Scotts Road,S111,2014,11,16,3.6,26.5,30.7,25.3,4.3,28.8
Scotts Road,S111,2014,11,17,4.0,26.4,29.8,24.5,4.7,34.6
Scotts Road,S111,2014,11,18,6.6,25.3,26.3,24.2,4.5,15.8
Scotts Road,S111,2014,11,19,0.0,27.7,32.6,25.2,4.9,25.2
Scotts Road,S111,2014,11,20,24.2,27.0,30.6,25.3,4.3,27.0
Scotts Road,S111,2014,11,21,1.6,27.3,30.4,25.1,4.3,21.6
Scotts Road,S111,2014,11,22,1.2,28.2,31.9,26.4,4.9,28.4
Scotts Road,S111,2014,11,23,22.6,27.3,32.2,24.6,3.6,33.8
Scotts Road,S111,2014,11,24,69.4,26.8,30.3,23.8,4.8,41.8
Scotts Road,S111,2014,11,25,14.0,27.3,31.9,24.9,4.1,25.9
Scotts Road,S111,2014,11,26,12.6,27.1,32.0,24.2,4.9,25.2
Scotts Road,S111,2014,11,27,0.0,27.4,31.5,25.5,5.2,33.5
Scotts Road,S111,2014,11,28,0.4,28.1,31.7,26.3,4.7,29.2
Scotts Road,S111,2014,11,29,4.0,26.4,30.5,24.6,5.2,31.0
Scotts Road,S111,2014,11,30,0.2,27.7,31.0,24.9,4.3,26.3
Scotts Road,S111,2014,12,1,6.8,26.4,29.3,23.6,4.9,45.4
Scotts Road,S111,2014,12,2,0.0,28.0,31.3,25.5,4.4,25.2
Scotts Road,S111,2014,12,3,0.0,28.9,32.9,26.0,5.2,28.1
Scotts Road,S111,2014,12,4,23.6,26.0,28.2,23.4,5.4,38.5
Scotts Road,S111,2014,12,5,0.0,28.1,32.9,25.0,5.3,24.8
Scotts Road,S111,2014,12,6,6.8,26.9,29.6,23.4,5.9,45.4
Scotts Road,S111,2014,12,7,37.6,26.9,32.8,23.2,5.5,37.1
Scotts Road,S111,2014,12,8,18.2,26.6,30.2,24.4,5.0,31.0
Scotts Road,S111,2014,12,9,0.0,27.7,31.0,25.0,6.2,31.3
Scotts Road,S111,2014,12,10,0.0,28.2,32.4,25.9,6.9,37.8
Scotts Road,S111,2014,12,11,7.6,27.4,32.1,24.2,6.0,29.2
Scotts Road,S111,2014,12,12,0.0,28.1,32.4,25.8,6.1,30.2
Scotts Road,S111,2014,12,13,45.4,27.5,31.0,23.4,6.0,38.5
Scotts Road,S111,2014,12,14,3.0,28.0,32.1,25.0,4.8,29.9
Scotts Road,S111,2014,12,15,0.0,27.9,31.5,25.1,6.0,33.8
Scotts Road,S111,2014,12,16,1.0,26.6,28.9,25.1,5.2,25.2
Scotts Road,S111,2014,12,17,27.0,26.2,29.8,23.2,4.4,30.6
Scotts Road,S111,2014,12,18,9.6,27.6,32.2,25.4,5.9,36.0
Scotts Road,S111,2014,12,19,33.6,24.8,26.2,23.7,6.3,34.6
Scotts Road,S111,2014,12,20,15.0,26.9,32.5,24.5,5.5,30.6
Scotts Road,S111,2014,12,21,18.8,26.9,32.5,24.9,4.8,30.2
Scotts Road,S111,2014,12,22,0.2,26.6,30.5,25.0,5.0,19.8
Scotts Road,S111,2014,12,23,8.6,26.0,28.2,24.5,5.4,27.4
Scotts Road,S111,2014,12,24,4.4,26.3,30.7,24.2,5.6,29.2
Scotts Road,S111,2014,12,25,0.2,27.1,31.4,24.8,4.7,24.1
Scotts Road,S111,2014,12,26,67.6,24.7,28.2,23.0,5.6,33.8
Scotts Road,S111,2014,12,27,40.6,25.5,30.9,23.5,4.8,31.3
Scotts Road,S111,2014,12,28,2.4,25.9,29.4,23.7,6.1,30.6
Scotts Road,S111,2014,12,29,4.6,25.0,27.6,23.4,9.9,42.5
Scotts Road,S111,2014,12,30,0.0,24.8,26.1,23.7,8.4,40.3
Scotts Road,S111,2014,12,31,0.0,26.2,28.6,24.6,7.6,39.6
Scotts Road,S111,2015,1,1,0.2,25.7,27.1,24.5,6.0,34.2
Scotts Road,S111,2015,1,2,0.0,26.6,29.6,24.6,8.0,41.4
Scotts Road,S111,2015,1,3,0.4,26.9,31.6,24.3,7.8,38.2
Scotts Road,S111,2015,1,4,0.0,27.3,31.8,24.5,7.9,34.6
Scotts Road,S111,2015,1,5,0.0,27.6,32.2,24.4,6.5,31.0
Scotts Road,S111,2015,1,6,52.2,26.5,32.2,23.7,6.3,38.2
Scotts Road,S111,2015,1,7,11.2,26.2,30.3,24.3,5.8,33.1
Scotts Road,S111,2015,1,8,43.2,25.6,30.5,23.8,5.5,25.6
Scotts Road,S111,2015,1,9,1.0,24.5,26.8,23.5,5.8,28.8
Scotts Road,S111,2015,1,10,0.4,26.1,31.4,23.3,6.1,32.8
Scotts Road,S111,2015,1,11,5.4,26.4,29.6,24.5,6.0,26.3
Scotts Road,S111,2015,1,12,3.6,27.1,31.0,25.2,8.5,43.2
Scotts Road,S111,2015,1,13,0.0,27.2,31.1,24.7,9.8,40.3
Scotts Road,S111,2015,1,14,0.0,27.2,30.8,25.1,8.3,37.1
Scotts Road,S111,2015,1,15,0.0,27.1,31.4,24.8,8.9,38.2
Scotts Road,S111,2015,1,16,0.0,26.9,31.4,23.7,8.3,37.1
Scotts Road,S111,2015,1,17,0.0,26.8,31.3,23.7,8.6,39.2
Scotts Road,S111,2015,1,18,0.0,26.6,30.6,24.2,8.9,38.5
Scotts Road,S111,2015,1,19,0.0,26.6,30.6,24.4,8.7,38.5
Scotts Road,S111,2015,1,20,0.0,26.5,29.8,24.5,8.5,40.0
Scotts Road,S111,2015,1,21,2.8,26.0,30.4,24.3,7.2,39.2
Scotts Road,S111,2015,1,22,0.0,26.6,30.2,24.7,8.5,38.2
Scotts Road,S111,2015,1,23,0.0,26.3,29.5,24.2,8.2,39.6
Scotts Road,S111,2015,1,24,0.0,26.5,30.8,24.8,6.8,31.3
Scotts Road,S111,2015,1,25,0.0,26.6,30.9,24.6,7.2,29.2
Scotts Road,S111,2015,1,26,0.0,26.7,30.5,24.8,7.4,34.2
Scotts Road,S111,2015,1,27,0.0,27.1,31.7,24.4,7.4,33.1
Scotts Road,S111,2015,1,28,2.0,26.8,32.0,23.9,6.1,31.3
Scotts Road,S111,2015,1,29,0.2,26.5,29.1,25.0,7.2,34.6
Scotts Road,S111,2015,1,30,0.0,26.8,31.1,24.7,6.9,35.6
Scotts Road,S111,2015,1,31,0.0,27.0,31.0,24.9,8.9,44.3
Scotts Road,S111,2015,2,1,0.0,26.2,30.0,23.8,8.1,47.2
Scotts Road,S111,2015,2,2,3.2,25.8,28.2,24.0,6.8,39.6
Scotts Road,S111,2015,2,3,0.0,25.9,29.4,24.3,7.8,36.4
Scotts Road,S111,2015,2,4,9.0,25.2,27.4,23.2,6.8,33.8
Scotts Road,S111,2015,2,5,0.0,26.4,29.7,24.5,9.4,47.2
Scotts Road,S111,2015,2,6,8.6,25.7,28.8,23.3,7.9,41.8
Scotts Road,S111,2015,2,7,0.0,26.3,29.7,24.4,8.6,43.2
Scotts Road,S111,2015,2,8,0.0,26.4,29.9,24.2,9.1,39.6
Scotts Road,S111,2015,2,9,0.0,26.4,29.7,24.5,10.4,44.6
Scotts Road,S111,2015,2,10,0.0,,,,,
Scotts Road,S111,2015,2,11,0.0,,,,,
Scotts Road,S111,2015,2,12,0.0,,,,,
Scotts Road,S111,2015,2,13,0.0,,,,7.6,
Scotts Road,S111,2015,2,14,0.0,26.4,30.2,23.9,7.6,32.0
Scotts Road,S111,2015,2,15,0.0,26.8,31.8,24.2,7.9,32.8
Scotts Road,S111,2015,2,16,0.0,27.3,32.1,24.6,8.4,36.4
Scotts Road,S111,2015,2,17,0.0,27.3,31.5,24.9,7.8,36.0
Scotts Road,S111,2015,2,18,0.0,27.6,32.3,24.8,7.6,33.8
Scotts Road,S111,2015,2,19,28.6,26.2,31.2,22.3,7.5,40.0
Scotts Road,S111,2015,2,20,0.0,27.2,31.3,25.1,8.3,32.0
Scotts Road,S111,2015,2,21,0.0,27.0,31.5,24.7,7.8,35.3
Scotts Road,S111,2015,2,22,0.0,27.1,31.0,24.6,7.5,31.7
Scotts Road,S111,2015,2,23,32.2,26.9,32.9,24.5,7.4,41.8
Scotts Road,S111,2015,2,24,0.0,27.0,29.7,24.9,6.9,35.6
Scotts Road,S111,2015,2,25,0.0,27.2,31.2,24.8,8.1,34.9
Scotts Road,S111,2015,2,26,0.0,27.2,31.2,24.9,7.5,29.2
Scotts Road,S111,2015,2,27,0.0,27.7,32.4,20.8,7.9,39.6
Scotts Road,S111,2015,2,28,0.0,28.1,32.6,25.3,8.1,35.6
Scotts Road,S111,2015,3,1,0.0,28.2,32.5,25.5,7.7,34.2
Scotts Road,S111,2015,3,2,0.0,27.2,33.6,24.4,6.5,38.5
Scotts Road,S111,2015,3,3,0.0,27.9,32.3,25.5,6.7,33.5
Scotts Road,S111,2015,3,4,0.0,27.8,32.0,25.9,6.1,34.9
Scotts Road,S111,2015,3,5,0.0,27.9,33.9,25.2,6.0,34.2
Scotts Road,S111,2015,3,6,0.0,27.6,32.0,24.9,6.4,26.6
Scotts Road,S111,2015,3,7,0.0,28.0,32.5,25.4,7.3,33.5
Scotts Road,S111,2015,3,8,1.6,27.8,33.1,25.2,5.8,29.2
Scotts Road,S111,2015,3,9,0.2,27.6,32.0,25.4,6.4,34.6
Scotts Road,S111,2015,3,10,0.0,27.6,32.3,24.6,7.1,40.7
Scotts Road,S111,2015,3,11,10.2,25.6,27.6,24.0,6.2,38.2
Scotts Road,S111,2015,3,12,0.0,27.1,31.0,24.7,6.6,37.1
Scotts Road,S111,2015,3,13,0.0,27.4,32.8,24.9,7.1,32.0
Scotts Road,S111,2015,3,14,13.6,27.4,31.7,24.5,6.9,32.0
Scotts Road,S111,2015,3,15,0.0,27.3,32.1,25.3,6.3,29.2
Scotts Road,S111,2015,3,16,0.0,27.7,32.8,25.7,5.7,25.9
Scotts Road,S111,2015,3,17,0.8,27.8,31.9,26.1,7.8,31.0
Scotts Road,S111,2015,3,18,0.0,27.9,32.0,25.8,7.3,28.1
Scotts Road,S111,2015,3,19,11.4,27.6,31.4,25.1,7.2,34.9
Scotts Road,S111,2015,3,20,0.0,28.2,32.5,25.7,6.7,27.0
Scotts Road,S111,2015,3,21,19.2,27.8,32.9,23.8,7.4,38.9
Scotts Road,S111,2015,3,22,55.0,27.0,32.7,21.9,5.6,41.0
Scotts Road,S111,2015,3,23,0.2,28.0,32.0,25.7,7.9,31.3
Scotts Road,S111,2015,3,24,0.0,28.1,31.3,26.1,6.8,28.8
Scotts Road,S111,2015,3,25,0.0,28.4,32.1,26.6,8.9,41.0
Scotts Road,S111,2015,3,26,0.0,28.5,32.3,26.5,8.2,40.7
Scotts Road,S111,2015,3,27,0.0,28.6,31.5,26.5,8.3,39.2
Scotts Road,S111,2015,3,28,1.0,28.1,30.5,26.3,6.1,34.2
Scotts Road,S111,2015,3,29,32.2,26.6,28.1,22.5,5.5,43.9
Scotts Road,S111,2015,3,30,0.2,28.1,31.9,25.6,7.4,34.2
Scotts Road,S111,2015,3,31,0.0,28.1,31.8,26.1,5.7,36.7
Scotts Road,S111,2015,4,1,0.0,27.1,32.1,25.1,4.3,31.0
Scotts Road,S111,2015,4,2,38.6,26.7,31.9,23.2,5.2,52.2
Scotts Road,S111,2015,4,3,0.0,27.4,30.9,25.3,5.0,32.8
Scotts Road,S111,2015,4,4,0.0,28.8,33.5,26.4,8.4,30.6
Scotts Road,S111,2015,4,5,0.4,28.1,32.0,26.9,4.8,23.8
Scotts Road,S111,2015,4,6,3.0,28.3,33.0,26.4,5.9,32.8
Scotts Road,S111,2015,4,7,3.4,28.7,32.9,26.4,6.3,32.4
Scotts Road,S111,2015,4,8,0.0,28.9,32.6,26.1,6.9,32.4
Scotts Road,S111,2015,4,9,0.0,28.9,32.7,26.9,7.2,37.4
Scotts Road,S111,2015,4,10,1.4,28.7,32.2,26.6,7.9,33.1
Scotts Road,S111,2015,4,11,0.0,28.2,32.1,26.3,4.6,23.8
Scotts Road,S111,2015,4,12,13.0,28.2,32.8,25.0,5.4,35.3
Scotts Road,S111,2015,4,13,0.0,28.7,33.4,26.5,6.6,34.2
Scotts Road,S111,2015,4,14,0.0,28.8,32.5,26.4,7.9,35.3
Scotts Road,S111,2015,4,15,0.0,28.7,32.0,26.5,7.5,30.6
Scotts Road,S111,2015,4,16,0.0,29.2,32.9,26.9,8.3,35.3
Scotts Road,S111,2015,4,17,3.8,29.2,32.6,27.2,7.7,38.5
Scotts Road,S111,2015,4,18,0.0,29.0,32.7,27.1,5.3,28.8
Scotts Road,S111,2015,4,19,1.2,28.2,33.1,24.5,5.3,36.0
Scotts Road,S111,2015,4,20,0.0,29.2,32.8,27.1,5.3,28.1
Scotts Road,S111,2015,4,21,0.4,28.3,33.1,25.2,5.1,29.9
Scotts Road,S111,2015,4,22,3.0,27.8,32.7,25.1,5.8,30.2
Scotts Road,S111,2015,4,23,0.4,27.8,32.0,26.2,4.5,36.0
Scotts Road,S111,2015,4,24,12.2,27.2,33.2,23.4,5.6,31.0
Scotts Road,S111,2015,4,25,17.8,27.3,31.9,23.6,5.1,38.5
Scotts Road,S111,2015,4,26,3.4,27.4,32.1,25.0,5.0,38.2
Scotts Road,S111,2015,4,27,20.4,27.2,30.6,23.1,3.9,41.4
Scotts Road,S111,2015,4,28,24.4,27.3,32.0,22.7,5.3,37.1
Scotts Road,S111,2015,4,29,0.0,28.4,33.0,25.8,3.5,22.0
Scotts Road,S111,2015,4,30,5.4,27.2,31.4,24.3,4.9,32.8
Scotts Road,S111,2015,5,1,0.0,28.0,32.5,25.5,4.5,25.9
Scotts Road,S111,2015,5,2,4.4,27.7,31.1,24.6,4.4,25.6
Scotts Road,S111,2015,5,3,46.0,26.4,29.5,23.9,6.0,45.0
Scotts Road,S111,2015,5,4,0.0,28.0,31.9,26.5,5.5,30.6
Scotts Road,S111,2015,5,5,0.0,29.0,32.5,25.8,5.9,27.0
Scotts Road,S111,2015,5,6,3.4,28.8,32.8,25.1,5.9,35.3
Scotts Road,S111,2015,5,7,0.0,28.9,32.4,28.0,8.7,26.6
Scotts Road,S111,2015,5,8,28.6,28.5,31.9,24.4,8.4,45.0
Scotts Road,S111,2015,5,9,0.0,28.7,31.8,26.6,8.7,32.0
Scotts Road,S111,2015,5,10,0.0,29.1,33.7,27.8,9.4,29.2
Scotts Road,S111,2015,5,11,0.0,29.6,32.9,27.8,11.1,33.1
Scotts Road,S111,2015,5,12,0.0,29.1,32.2,27.9,9.8,43.2
Scotts Road,S111,2015,5,13,0.0,29.1,32.5,27.8,7.3,29.5
Scotts Road,S111,2015,5,14,0.2,28.8,34.1,26.4,7.6,32.4
Scotts Road,S111,2015,5,15,46.2,26.9,29.4,23.8,4.5,28.4
Scotts Road,S111,2015,5,16,0.0,28.1,30.3,27.0,7.5,25.6
Scotts Road,S111,2015,5,17,0.0,29.1,32.6,27.2,7.2,34.9
Scotts Road,S111,2015,5,18,6.2,28.6,32.4,25.6,5.6,27.4
Scotts Road,S111,2015,5,19,0.0,29.2,32.9,27.8,8.5,33.8
Scotts Road,S111,2015,5,20,0.4,28.6,30.6,26.9,8.3,35.6
Scotts Road,S111,2015,5,21,0.0,29.0,31.8,27.0,8.1,29.9
Scotts Road,S111,2015,5,22,0.0,28.5,30.7,27.9,8.5,28.8
Scotts Road,S111,2015,5,23,21.6,26.6,28.3,24.6,5.2,34.9
Scotts Road,S111,2015,5,24,0.0,28.3,31.8,26.2,6.1,27.7
Scotts Road,S111,2015,5,25,0.0,28.5,32.1,27.7,7.4,41.8
Scotts Road,S111,2015,5,26,12.8,28.4,31.8,25.3,7.7,34.6
Scotts Road,S111,2015,5,27,0.0,28.1,30.8,25.6,7.4,29.9
Scotts Road,S111,2015,5,28,0.0,28.8,31.7,26.3,7.0,28.8
Scotts Road,S111,2015,5,29,0.0,29.3,32.5,28.1,9.9,35.6
Scotts Road,S111,2015,5,30,0.0,29.5,33.6,28.0,10.7,34.6
Scotts Road,S111,2015,5,31,0.0,29.3,33.6,27.0,7.7,32.4
Scotts Road,S111,2015,6,1,0.0,29.4,33.3,27.3,6.9,25.9
Scotts Road,S111,2015,6,2,0.0,28.9,33.5,25.9,8.8,36.4
Scotts Road,S111,2015,6,3,0.0,28.5,31.9,25.6,8.1,28.8
Scotts Road,S111,2015,6,4,0.0,28.9,33.0,27.2,7.9,27.0
Scotts Road,S111,2015,6,5,0.0,28.8,33.1,26.3,6.3,31.0
Scotts Road,S111,2015,6,6,5.4,28.2,31.8,26.6,3.8,31.3
Scotts Road,S111,2015,6,7,5.8,28.0,31.0,25.1,6.1,26.3
Scotts Road,S111,2015,6,8,12.6,27.8,29.4,24.9,5.9,31.0
Scotts Road,S111,2015,6,9,0.0,27.8,30.6,25.8,5.0,27.0
Scotts Road,S111,2015,6,10,0.0,28.7,32.1,26.7,6.5,32.0
Scotts Road,S111,2015,6,11,1.4,28.3,31.9,26.7,6.7,33.8
Scotts Road,S111,2015,6,12,12.4,26.8,29.6,24.1,6.1,33.5
Scotts Road,S111,2015,6,13,0.0,27.6,30.2,25.3,5.5,25.9
Scotts Road,S111,2015,6,14,3.2,26.3,28.0,24.2,7.6,37.4
Scotts Road,S111,2015,6,15,0.0,27.7,29.6,25.7,7.2,32.0
Scotts Road,S111,2015,6,16,0.6,27.2,29.1,23.5,7.2,46.1
Scotts Road,S111,2015,6,17,0.0,28.0,30.6,26.9,7.6,38.5
Scotts Road,S111,2015,6,18,0.0,28.9,32.1,27.2,9.9,27.4
Scotts Road,S111,2015,6,19,0.0,28.9,31.0,27.6,10.6,36.7
Scotts Road,S111,2015,6,20,0.0,29.2,31.4,27.7,9.8,37.4
Scotts Road,S111,2015,6,21,0.0,29.4,32.1,28.1,10.2,37.1
Scotts Road,S111,2015,6,22,0.0,29.4,32.4,27.8,10.0,39.2
Scotts Road,S111,2015,6,23,0.0,29.4,32.1,27.9,9.9,39.6
Scotts Road,S111,2015,6,24,0.0,29.1,31.8,27.7,11.1,35.3
Scotts Road,S111,2015,6,25,0.0,29.2,32.3,27.8,10.4,31.7
Scotts Road,S111,2015,6,26,0.0,29.1,32.0,27.6,10.6,31.0
Scotts Road,S111,2015,6,27,0.0,29.0,31.5,27.5,11.1,35.3
Scotts Road,S111,2015,6,28,0.0,29.1,31.4,27.7,10.4,36.0
Scotts Road,S111,2015,6,29,0.0,29.4,32.5,27.8,9.2,29.9
Scotts Road,S111,2015,6,30,0.0,29.3,32.3,27.6,9.2,32.0
Scotts Road,S111,2015,7,1,1.8,28.0,29.8,23.7,7.6,32.4
Scotts Road,S111,2015,7,2,0.0,28.8,31.0,27.5,9.1,39.2
Scotts Road,S111,2015,7,3,0.0,28.8,31.8,27.4,10.8,42.1
Scotts Road,S111,2015,7,4,23.4,26.9,29.0,22.3,8.4,47.2
Scotts Road,S111,2015,7,5,0.0,28.7,31.5,27.3,9.4,37.4
Scotts Road,S111,2015,7,6,1.0,28.7,31.3,27.5,10.5,32.8
Scotts Road,S111,2015,7,7,0.0,28.8,30.7,27.5,10.3,36.7
Scotts Road,S111,2015,7,8,9.8,28.5,31.3,25.8,8.0,41.4
Scotts Road,S111,2015,7,9,1.2,29.0,32.0,26.6,6.2,29.5
Scotts Road,S111,2015,7,10,16.8,28.2,29.9,24.4,9.0,45.0
Scotts Road,S111,2015,7,11,0.0,28.9,31.8,27.5,9.7,37.4
Scotts Road,S111,2015,7,12,0.0,28.9,32.0,27.6,9.5,32.0
Scotts Road,S111,2015,7,13,2.6,28.7,30.3,27.6,11.2,42.5
Scotts Road,S111,2015,7,14,0.0,28.1,30.2,25.5,12.7,52.6
Scotts Road,S111,2015,7,15,0.0,28.8,32.0,27.6,9.2,30.6
Scotts Road,S111,2015,7,16,0.0,28.9,32.5,27.6,9.8,40.0
Scotts Road,S111,2015,7,17,14.4,28.7,31.6,25.6,10.1,42.8
Scotts Road,S111,2015,7,18,0.0,29.1,31.8,27.8,10.8,34.9
Scotts Road,S111,2015,7,19,0.0,29.1,32.4,27.8,10.0,34.6
Scotts Road,S111,2015,7,20,0.0,28.9,32.4,27.5,9.6,35.3
Scotts Road,S111,2015,7,21,0.0,29.2,32.5,27.6,9.9,34.2
Scotts Road,S111,2015,7,22,0.0,29.4,32.7,27.6,12.6,37.1
Scotts Road,S111,2015,7,23,0.0,28.8,31.0,27.5,11.4,36.0
Scotts Road,S111,2015,7,24,0.0,28.6,32.5,27.1,8.8,39.6
Scotts Road,S111,2015,7,25,0.0,29.1,32.3,27.1,9.5,33.8
Scotts Road,S111,2015,7,26,0.2,28.1,31.3,25.1,8.7,53.6
Scotts Road,S111,2015,7,27,0.2,28.4,31.0,27.0,9.9,47.9
Scotts Road,S111,2015,7,28,1.8,28.0,30.9,25.9,11.0,40.7
Scotts Road,S111,2015,7,29,0.0,28.7,32.5,26.8,13.8,40.7
Scotts Road,S111,2015,7,30,0.0,28.5,31.7,27.3,9.1,37.1
Scotts Road,S111,2015,7,31,1.4,27.2,30.7,24.7,6.8,47.2
Scotts Road,S111,2015,8,1,0.4,26.5,29.6,24.3,6.6,37.4
Scotts Road,S111,2015,8,2,3.2,28.1,31.2,26.1,8.4,34.6
Scotts Road,S111,2015,8,3,30.4,25.9,27.9,22.4,8.3,45.4
Scotts Road,S111,2015,8,4,31.2,26.6,29.6,23.2,5.6,32.4
Scotts Road,S111,2015,8,5,0.0,28.2,31.5,26.7,8.6,30.2
Scotts Road,S111,2015,8,6,10.2,26.7,29.3,22.8,8.0,35.6
Scotts Road,S111,2015,8,7,49.8,26.8,28.9,24.5,8.1,41.8
Scotts Road,S111,2015,8,8,42.8,27.6,29.9,23.2,7.9,49.7
Scotts Road,S111,2015,8,9,10.0,27.0,31.0,22.0,8.8,51.8
Scotts Road,S111,2015,8,10,2.2,28.1,31.3,26.5,10.6,34.6
Scotts Road,S111,2015,8,11,0.6,28.2,31.1,27.3,8.9,36.4
Scotts Road,S111,2015,8,12,3.6,26.2,27.8,24.4,6.7,28.8
Scotts Road,S111,2015,8,13,0.0,27.9,31.5,25.7,8.3,38.5
Scotts Road,S111,2015,8,14,0.0,28.8,31.9,27.0,9.3,26.6
Scotts Road,S111,2015,8,15,0.0,28.6,32.2,27.0,11.7,38.9
Scotts Road,S111,2015,8,16,1.0,28.3,31.3,26.3,9.6,43.9
Scotts Road,S111,2015,8,17,7.6,27.9,29.6,23.5,9.6,50.8
Scotts Road,S111,2015,8,18,0.0,28.5,31.9,26.7,11.1,36.7
Scotts Road,S111,2015,8,19,0.0,28.5,31.4,26.8,9.7,33.5
Scotts Road,S111,2015,8,20,0.0,28.7,32.0,27.1,8.6,33.1
Scotts Road,S111,2015,8,21,4.6,28.1,30.9,24.3,7.5,31.0
Scotts Road,S111,2015,8,22,0.0,28.4,31.4,27.1,10.4,36.7
Scotts Road,S111,2015,8,23,0.0,28.4,31.3,27.1,11.8,36.4
Scotts Road,S111,2015,8,24,0.0,28.3,31.0,27.2,11.5,36.7
Scotts Road,S111,2015,8,25,22.4,27.6,29.5,24.0,8.8,40.0
Scotts Road,S111,2015,8,26,0.2,28.3,31.1,25.6,9.6,41.4
Scotts Road,S111,2015,8,27,0.0,28.6,31.7,26.1,10.8,38.5
Scotts Road,S111,2015,8,28,0.0,28.6,32.1,27.0,11.1,38.5
Scotts Road,S111,2015,8,29,0.0,29.0,32.4,27.4,11.9,34.2
Scotts Road,S111,2015,8,30,0.0,28.7,31.6,27.3,11.9,41.4
Scotts Road,S111,2015,8,31,0.0,28.6,31.6,27.2,11.4,37.4
Scotts Road,S111,2015,9,1,0.0,28.6,31.5,27.0,10.0,35.3
Scotts Road,S111,2015,9,2,0.0,28.6,32.0,26.9,11.4,34.6
Scotts Road,S111,2015,9,3,2.0,28.4,31.1,26.7,12.2,35.3
Scotts Road,S111,2015,9,4,0.0,28.5,32.5,27.3,10.8,32.8
Scotts Road,S111,2015,9,5,0.0,28.8,32.3,27.1,10.0,30.2
Scotts Road,S111,2015,9,6,0.0,28.6,32.1,26.8,9.0,31.7
Scotts Road,S111,2015,9,7,0.0,28.4,31.6,26.8,9.0,29.2
Scotts Road,S111,2015,9,8,0.0,28.4,31.0,26.9,10.2,31.3
Scotts Road,S111,2015,9,9,0.0,26.6,30.0,24.5,6.6,36.0
Scotts Road,S111,2015,9,10,0.0,27.4,30.0,25.0,5.7,29.5
Scotts Road,S111,2015,9,11,0.0,28.4,32.1,26.5,10.0,30.2
Scotts Road,S111,2015,9,12,0.0,28.1,31.0,26.7,10.2,35.3
Scotts Road,S111,2015,9,13,0.0,28.5,31.7,27.1,7.9,25.9
Scotts Road,S111,2015,9,14,0.6,28.1,30.8,27.0,9.4,37.4
Scotts Road,S111,2015,9,15,60.0,26.3,29.1,23.8,6.0,34.6
Scotts Road,S111,2015,9,16,15.0,27.0,29.3,25.0,8.8,40.3
Scotts Road,S111,2015,9,17,0.0,28.3,30.9,26.9,9.5,32.0
Scotts Road,S111,2015,9,18,0.0,28.5,30.9,27.2,12.3,34.6
Scotts Road,S111,2015,9,19,0.0,28.7,31.5,27.0,10.1,32.8
Scotts Road,S111,2015,9,20,0.0,29.1,32.7,27.1,6.3,31.3
Scotts Road,S111,2015,9,21,1.4,28.5,30.8,27.4,7.6,35.6
Scotts Road,S111,2015,9,22,1.0,28.4,31.0,26.9,8.6,46.1
Scotts Road,S111,2015,9,23,0.0,28.5,31.0,27.0,6.0,30.2
Scotts Road,S111,2015,9,24,0.0,28.3,31.4,26.3,4.7,25.6
Scotts Road,S111,2015,9,25,0.0,28.4,31.2,26.9,8.0,28.8
Scotts Road,S111,2015,9,26,0.0,28.5,32.0,26.8,8.4,33.5
Scotts Road,S111,2015,9,27,0.0,28.6,32.3,27.0,7.6,29.5
Scotts Road,S111,2015,9,28,65.0,27.4,31.3,23.2,6.0,40.7
Scotts Road,S111,2015,9,29,0.0,28.0,31.3,25.5,6.4,31.3
Scotts Road,S111,2015,9,30,6.2,28.1,31.9,25.1,7.1,41.4
Scotts Road,S111,2015,10,1,0.0,28.5,32.8,27.2,8.5,30.2
Scotts Road,S111,2015,10,2,9.4,27.3,31.4,23.5,6.3,50.8
Scotts Road,S111,2015,10,3,0.0,27.9,30.6,25.8,6.7,27.4
Scotts Road,S111,2015,10,4,0.0,28.6,31.6,26.8,9.3,33.5
Scotts Road,S111,2015,10,5,0.2,28.2,30.9,27.3,5.7,20.5
Scotts Road,S111,2015,10,6,30.4,27.7,31.4,23.9,6.5,38.5
Scotts Road,S111,2015,10,7,12.4,27.9,31.7,23.6,5.4,33.5
Scotts Road,S111,2015,10,8,0.0,28.1,32.7,26.0,4.7,29.9
Scotts Road,S111,2015,10,9,0.0,28.9,33.2,27.0,7.7,27.7
Scotts Road,S111,2015,10,10,0.0,28.7,31.9,27.0,8.2,26.6
Scotts Road,S111,2015,10,11,0.0,29.1,34.2,26.9,9.4,27.0
Scotts Road,S111,2015,10,12,0.0,29.1,33.8,27.1,8.1,28.8
Scotts Road,S111,2015,10,13,0.0,29.0,34.2,27.1,9.6,38.2
Scotts Road,S111,2015,10,14,0.0,29.0,33.0,27.1,9.3,28.1
Scotts Road,S111,2015,10,15,0.0,29.4,33.3,27.4,9.3,27.7
Scotts Road,S111,2015,10,16,0.0,28.8,32.3,27.1,9.4,25.9
Scotts Road,S111,2015,10,17,0.0,28.9,32.8,27.3,9.0,28.8
Scotts Road,S111,2015,10,18,0.0,28.9,31.6,27.3,8.5,27.4
Scotts Road,S111,2015,10,19,0.0,28.9,32.1,27.3,9.3,34.6
Scotts Road,S111,2015,10,20,0.0,28.9,32.1,27.2,9.9,33.1
Scotts Road,S111,2015,10,21,0.0,29.0,32.3,27.0,11.5,34.6
Scotts Road,S111,2015,10,22,0.0,28.9,32.5,27.1,10.1,29.2
Scotts Road,S111,2015,10,23,0.0,29.0,32.3,27.3,10.4,33.8
Scotts Road,S111,2015,10,24,4.2,28.4,31.2,26.9,10.1,33.8
Scotts Road,S111,2015,10,25,1.4,28.6,32.1,26.7,5.4,23.8
Scotts Road,S111,2015,10,26,0.0,29.1,33.6,27.0,6.7,24.5
Scotts Road,S111,2015,10,27,0.2,28.6,33.1,26.1,5.4,30.6
Scotts Road,S111,2015,10,28,19.8,26.5,31.5,21.8,6.8,59.0
Scotts Road,S111,2015,10,29,0.0,28.3,31.7,24.8,6.1,29.2
Scotts Road,S111,2015,10,30,8.8,27.0,30.7,24.1,3.7,36.0
Scotts Road,S111,2015,10,31,0.8,27.1,32.3,25.2,3.9,21.6
Scotts Road,S111,2015,11,1,0.2,27.3,32.4,24.9,4.0,17.6
Scotts Road,S111,2015,11,2,16.4,26.8,32.5,23.8,4.6,37.4
Scotts Road,S111,2015,11,3,0.0,27.9,31.6,25.1,5.5,26.3
Scotts Road,S111,2015,11,4,1.2,27.9,31.6,25.3,4.3,24.1
Scotts Road,S111,2015,11,5,0.0,28.5,32.4,25.8,4.4,26.3
Scotts Road,S111,2015,11,6,0.0,28.5,32.3,26.5,6.0,28.8
Scotts Road,S111,2015,11,7,14.8,27.0,31.6,23.0,5.4,32.8
Scotts Road,S111,2015,11,8,5.6,27.2,29.7,25.5,3.5,21.2
Scotts Road,S111,2015,11,9,18.6,27.4,30.8,24.7,4.2,19.4
Scotts Road,S111,2015,11,10,8.4,27.7,32.6,26.0,3.7,22.3
Scotts Road,S111,2015,11,11,4.0,26.5,31.6,24.8,4.5,32.0
Scotts Road,S111,2015,11,12,0.0,27.8,31.9,25.2,5.6,26.3
Scotts Road,S111,2015,11,13,2.0,27.8,32.2,26.4,3.5,18.0
Scotts Road,S111,2015,11,14,0.0,28.6,31.7,25.9,7.1,38.2
Scotts Road,S111,2015,11,15,0.0,28.0,31.1,26.7,4.0,28.1
Scotts Road,S111,2015,11,16,23.2,25.5,27.9,23.8,5.2,30.2
Scotts Road,S111,2015,11,17,33.8,26.8,31.8,22.8,4.7,22.0
Scotts Road,S111,2015,11,18,0.0,28.6,32.3,26.1,6.5,32.8
Scotts Road,S111,2015,11,19,0.0,28.5,31.2,26.6,5.0,28.4
Scotts Road,S111,2015,11,20,2.4,27.0,32.2,25.1,4.2,34.2
Scotts Road,S111,2015,11,21,0.0,27.2,32.4,25.2,4.5,25.9
Scotts Road,S111,2015,11,22,0.2,27.7,30.9,25.3,4.8,25.9
Scotts Road,S111,2015,11,23,0.0,28.8,34.3,26.0,5.8,29.9
Scotts Road,S111,2015,11,24,47.2,26.3,29.4,23.9,3.6,25.9
Scotts Road,S111,2015,11,25,3.2,26.8,31.5,25.0,4.7,32.8
Scotts Road,S111,2015,11,26,24.4,26.1,30.8,24.1,5.6,28.1
Scotts Road,S111,2015,11,27,0.0,27.3,32.8,24.3,4.5,20.9
Scotts Road,S111,2015,11,28,0.0,28.3,33.6,25.4,5.6,36.4
Scotts Road,S111,2015,11,29,0.6,28.4,32.1,25.3,5.3,35.3
Scotts Road,S111,2015,11,30,12.2,27.2,31.9,24.8,4.8,24.5
Scotts Road,S111,2015,12,1,26.6,26.4,32.5,23.4,5.2,41.0
Scotts Road,S111,2015,12,2,18.0,26.7,32.2,25.0,4.4,22.0
Scotts Road,S111,2015,12,3,0.0,28.2,32.6,25.8,4.3,28.8
Scotts Road,S111,2015,12,4,0.0,28.1,31.4,26.3,4.8,30.6
Scotts Road,S111,2015,12,5,40.4,27.5,32.7,23.5,4.5,37.4
Scotts Road,S111,2015,12,6,10.8,27.0,32.0,25.2,4.9,36.0
Scotts Road,S111,2015,12,7,0.0,28.3,32.4,25.3,6.4,33.5
Scotts Road,S111,2015,12,8,49.4,27.6,31.4,24.3,3.9,27.7
Scotts Road,S111,2015,12,9,1.6,27.7,32.1,24.2,6.0,28.4
Scotts Road,S111,2015,12,10,45.4,27.6,33.1,22.9,5.4,31.7
Scotts Road,S111,2015,12,11,76.6,26.7,30.2,22.4,3.9,42.1
Scotts Road,S111,2015,12,12,11.4,26.5,31.1,25.0,5.2,25.2
Scotts Road,S111,2015,12,13,20.0,25.1,28.3,24.0,5.2,32.0
Scotts Road,S111,2015,12,14,0.8,27.2,31.3,23.9,4.3,22.0
Scotts Road,S111,2015,12,15,0.0,26.9,29.0,25.1,6.4,22.3
Scotts Road,S111,2015,12,16,0.4,27.2,29.7,25.5,5.9,39.2
Scotts Road,S111,2015,12,17,0.0,27.4,30.0,25.8,6.6,41.8
Scotts Road,S111,2015,12,18,0.6,27.2,30.6,25.3,7.2,40.7
Scotts Road,S111,2015,12,19,0.0,28.3,32.5,25.7,7.1,38.5
Scotts Road,S111,2015,12,20,0.0,28.2,31.9,25.2,6.5,31.3
Scotts Road,S111,2015,12,21,0.0,,,,5.6,26.3
Scotts Road,S111,2015,12,22,0.2,28.9,32.3,26.1,4.5,28.8
Scotts Road,S111,2015,12,23,2.6,28.0,31.6,23.0,5.8,47.9
Scotts Road,S111,2015,12,24,24.0,26.4,29.2,22.8,4.6,36.4
Scotts Road,S111,2015,12,25,0.0,27.6,31.3,25.2,6.1,37.4
Scotts Road,S111,2015,12,26,0.0,28.2,31.6,25.9,6.7,35.3
Scotts Road,S111,2015,12,27,0.0,28.1,31.3,25.7,6.4,32.4
Scotts Road,S111,2015,12,28,4.8,27.5,31.4,25.7,6.2,33.5
Scotts Road,S111,2015,12,29,10.0,26.1,28.5,23.6,7.0,39.2
Scotts Road,S111,2015,12,30,0.0,27.8,31.5,25.5,7.9,43.9
Scotts Road,S111,2015,12,31,16.8,26.2,30.1,24.5,7.1,47.2
Scotts Road,S111,2016,1,1,0.8,26.5,28.4,24.3,6.1,35.6
Scotts Road,S111,2016,1,2,22.4,25.3,27.3,22.8,6.1,49.3
Scotts Road,S111,2016,1,3,1.4,25.6,26.6,24.8,5.4,33.5
Scotts Road,S111,2016,1,4,7.4,27.3,30.7,25.1,5.8,32.4
Scotts Road,S111,2016,1,5,0.0,28.2,31.8,26.0,6.8,31.3
Scotts Road,S111,2016,1,6,1.4,28.2,31.5,26.4,6.5,32.0
Scotts Road,S111,2016,1,7,0.0,28.4,32.5,26.3,7.6,34.6
Scotts Road,S111,2016,1,8,0.0,28.1,32.4,25.8,7.2,39.2
Scotts Road,S111,2016,1,9,6.4,28.3,32.5,25.5,7.2,40.0
Scotts Road,S111,2016,1,10,0.0,28.5,32.5,26.3,6.5,31.7
Scotts Road,S111,2016,1,11,15.0,27.8,32.2,25.4,4.7,31.7
Scotts Road,S111,2016,1,12,0.0,28.4,32.0,26.4,6.5,32.4
Scotts Road,S111,2016,1,13,0.0,28.7,31.8,26.6,6.8,33.8
Scotts Road,S111,2016,1,14,8.6,28.2,33.3,26.2,5.8,31.3
Scotts Road,S111,2016,1,15,19.8,27.5,31.6,24.8,4.3,24.5
Scotts Road,S111,2016,1,16,11.8,27.2,31.4,25.6,4.0,19.1
Scotts Road,S111,2016,1,17,22.8,27.4,32.4,24.3,4.0,33.1
Scotts Road,S111,2016,1,18,13.8,27.7,33.5,25.4,5.4,32.0
Scotts Road,S111,2016,1,19,4.6,27.9,30.6,26.2,5.4,41.8
Scotts Road,S111,2016,1,20,8.6,27.4,31.0,25.2,5.8,35.6
Scotts Road,S111,2016,1,21,0.2,27.9,30.7,26.6,5.4,31.7
Scotts Road,S111,2016,1,22,20.8,27.4,31.4,25.1,5.0,45.0
Scotts Road,S111,2016,1,23,1.0,27.5,32.4,25.9,6.8,37.4
Scotts Road,S111,2016,1,24,0.6,28.2,32.2,26.2,8.3,45.0
Scotts Road,S111,2016,1,25,10.8,27.6,30.8,25.2,7.6,43.2
Scotts Road,S111,2016,1,26,3.8,27.1,29.7,25.2,6.5,38.5
Scotts Road,S111,2016,1,27,0.0,28.3,31.8,26.0,7.2,36.7
Scotts Road,S111,2016,1,28,0.4,27.8,32.1,25.6,5.8,31.3
Scotts Road,S111,2016,1,29,2.8,27.5,31.2,25.2,5.4,32.4
Scotts Road,S111,2016,1,30,0.0,28.5,33.0,26.0,6.5,29.5
Scotts Road,S111,2016,1,31,5.0,27.7,32.5,25.9,6.5,34.6
Scotts Road,S111,2016,2,1,0.0,28.5,32.6,25.9,8.3,45.0
Scotts Road,S111,2016,2,2,2.4,27.3,31.0,24.3,6.5,38.9
Scotts Road,S111,2016,2,3,0.0,28.1,32.1,25.2,6.1,30.2
Scotts Road,S111,2016,2,4,12.0,27.3,30.5,25.2,5.4,29.9
Scotts Road,S111,2016,2,5,29.2,27.2,31.1,25.4,5.0,35.3
Scotts Road,S111,2016,2,6,16.0,27.8,31.8,25.8,7.6,42.8
Scotts Road,S111,2016,2,7,31.8,26.2,27.7,23.5,9.7,47.2
Scotts Road,S111,2016,2,8,0.2,26.8,28.4,25.6,8.6,41.4
Scotts Road,S111,2016,2,9,0.0,26.2,28.6,24.9,6.5,26.3
Scotts Road,S111,2016,2,10,0.6,26.1,28.3,24.8,6.8,33.8
Scotts Road,S111,2016,2,11,0.0,27.0,30.3,24.9,6.1,35.3
Scotts Road,S111,2016,2,12,12.4,27.3,31.9,22.4,6.1,41.0
Scotts Road,S111,2016,2,13,0.0,27.9,31.0,25.9,7.9,38.2
Scotts Road,S111,2016,2,14,7.6,27.5,30.4,25.6,6.1,30.2
Scotts Road,S111,2016,2,15,0.0,28.3,32.1,26.2,6.5,33.5
Scotts Road,S111,2016,2,16,0.0,28.1,31.2,26.2,9.7,44.6
Scotts Road,S111,2016,2,17,0.0,27.8,31.0,25.9,8.6,39.2
Scotts Road,S111,2016,2,18,0.2,27.5,30.7,25.0,6.1,38.5
Scotts Road,S111,2016,2,19,92.0,24.4,26.9,23.2,5.0,33.5
Scotts Road,S111,2016,2,20,0.8,25.8,28.2,24.0,6.1,36.7
Scotts Road,S111,2016,2,21,0.0,26.9,30.6,24.4,7.2,37.8
Scotts Road,S111,2016,2,22,0.0,27.7,31.8,25.0,7.2,33.1
Scotts Road,S111,2016,2,23,0.0,27.8,31.6,25.6,7.6,41.8
Scotts Road,S111,2016,2,24,9.2,25.9,29.3,23.3,6.5,45.0
Scotts Road,S111,2016,2,25,0.0,27.2,30.8,24.6,9.4,52.6
Scotts Road,S111,2016,2,26,0.0,27.8,31.4,25.7,9.0,40.0
Scotts Road,S111,2016,2,27,0.0,28.0,32.0,25.2,7.9,38.2
Scotts Road,S111,2016,2,28,0.0,27.9,31.3,25.8,9.4,40.0
Scotts Road,S111,2016,2,29,0.0,28.1,31.3,26.2,10.1,49.3
Scotts Road,S111,2016,3,1,0.0,28.0,31.9,25.7,8.6,42.5
Scotts Road,S111,2016,3,2,0.0,27.9,31.3,25.8,9.4,45.7
Scotts Road,S111,2016,3,3,0.0,27.9,31.3,26.1,9.4,46.4
Scotts Road,S111,2016,3,4,0.0,27.7,31.0,26.1,7.6,38.2
Scotts Road,S111,2016,3,5,0.2,28.0,31.4,26.0,7.2,37.1
Scotts Road,S111,2016,3,6,0.0,28.6,32.8,26.6,7.2,31.7
Scotts Road,S111,2016,3,7,0.6,28.0,31.5,26.3,7.2,34.9
Scotts Road,S111,2016,3,8,51.6,27.1,30.1,24.2,6.1,29.2
Scotts Road,S111,2016,3,9,0.0,28.5,32.4,26.2,7.6,28.8
Scotts Road,S111,2016,3,10,22.4,28.0,32.5,25.2,6.1,26.6
Scotts Road,S111,2016,3,11,0.0,28.6,32.8,26.4,6.8,37.4
Scotts Road,S111,2016,3,12,0.0,28.6,32.4,25.9,6.8,32.4
Scotts Road,S111,2016,3,13,37.4,27.6,31.9,24.1,6.5,37.8
Scotts Road,S111,2016,3,14,0.2,28.3,32.2,26.5,6.1,27.4
Scotts Road,S111,2016,3,15,0.0,28.7,34.2,26.5,6.1,36.0
Scotts Road,S111,2016,3,16,0.0,28.1,32.9,25.7,6.5,28.1
Scotts Road,S111,2016,3,17,0.0,28.6,33.8,25.9,6.8,35.6
Scotts Road,S111,2016,3,18,0.0,28.3,33.8,26.1,7.9,34.9
Scotts Road,S111,2016,3,19,0.0,28.4,32.5,26.2,7.9,31.3
Scotts Road,S111,2016,3,20,0.6,28.5,32.1,26.6,5.4,24.8
Scotts Road,S111,2016,3,21,4.4,28.4,32.8,26.6,5.8,25.9
Scotts Road,S111,2016,3,22,0.2,28.4,31.2,26.9,5.4,36.4
Scotts Road,S111,2016,3,23,0.0,28.7,32.7,26.3,6.1,27.7
Scotts Road,S111,2016,3,24,0.0,28.6,32.2,26.7,8.3,33.8
Scotts Road,S111,2016,3,25,1.4,28.5,33.0,26.2,5.4,27.4
Scotts Road,S111,2016,3,26,0.0,28.7,31.7,26.6,7.2,34.6
Scotts Road,S111,2016,3,27,0.0,29.0,32.3,27.2,7.9,41.4
Scotts Road,S111,2016,3,28,0.0,28.9,32.2,26.8,8.6,38.9
Scotts Road,S111,2016,3,29,0.0,28.8,32.6,26.9,7.6,36.7
Scotts Road,S111,2016,3,30,0.0,28.7,32.3,26.4,7.6,36.7
Scotts Road,S111,2016,3,31,0.0,28.9,32.5,26.5,7.2,35.6
Scotts Road,S111,2016,4,1,0.0,29.2,33.8,26.6,6.8,33.5
Scotts Road,S111,2016,4,2,0.0,29.1,32.9,26.7,7.9,37.4
Scotts Road,S111,2016,4,3,0.6,28.3,33.0,26.0,6.5,31.0
Scotts Road,S111,2016,4,4,1.4,28.6,32.0,26.5,6.8,28.8
Scotts Road,S111,2016,4,5,2.8,28.3,31.1,26.2,7.2,37.8
Scotts Road,S111,2016,4,6,0.0,28.7,31.7,26.4,7.2,34.2
Scotts Road,S111,2016,4,7,0.0,28.8,34.3,25.9,6.8,28.4
Scotts Road,S111,2016,4,8,0.0,29.2,33.9,26.9,6.8,27.7
Scotts Road,S111,2016,4,9,14.6,27.7,32.6,24.6,4.7,39.2
Scotts Road,S111,2016,4,10,0.0,28.9,33.2,26.0,6.8,33.1
Scotts Road,S111,2016,4,11,3.4,29.2,31.6,27.7,4.0,29.2
Scotts Road,S111,2016,4,12,1.4,29.4,33.0,26.7,5.8,36.4
Scotts Road,S111,2016,4,13,25.4,29.6,33.4,25.1,6.1,29.9
Scotts Road,S111,2016,4,14,0.2,29.7,33.7,27.9,6.1,30.2
Scotts Road,S111,2016,4,15,1.6,28.6,30.9,25.8,6.5,45.4
Scotts Road,S111,2016,4,16,0.0,29.3,33.9,27.0,6.5,24.8
Scotts Road,S111,2016,4,17,2.4,29.1,33.4,24.9,9.0,40.3
Scotts Road,S111,2016,4,18,0.0,29.7,33.4,26.7,6.8,31.7
Scotts Road,S111,2016,4,19,0.0,30.2,34.4,27.8,7.6,34.2
Scotts Road,S111,2016,4,20,19.6,28.7,33.4,25.0,5.4,47.9
Scotts Road,S111,2016,4,21,0.0,29.7,34.0,27.1,6.5,33.8
Scotts Road,S111,2016,4,22,40.0,28.5,32.1,24.5,8.3,36.7
Scotts Road,S111,2016,4,23,8.4,28.6,30.7,26.4,6.8,29.9
Scotts Road,S111,2016,4,24,0.0,28.9,31.8,27.2,6.1,28.8
Scotts Road,S111,2016,4,25,25.2,28.5,33.1,25.6,5.0,28.4
Scotts Road,S111,2016,4,26,0.6,28.7,31.7,26.6,6.5,29.9
Scotts Road,S111,2016,4,27,6.6,28.9,31.6,26.4,5.8,29.9
Scotts Road,S111,2016,4,28,1.4,29.1,32.5,27.5,6.5,34.6
Scotts Road,S111,2016,4,29,4.6,28.3,32.5,24.5,5.0,32.4
Scotts Road,S111,2016,4,30,0.8,27.7,32.1,25.4,4.7,25.2
Scotts Road,S111,2016,5,1,0.0,29.3,32.8,26.3,6.5,28.4
Scotts Road,S111,2016,5,2,0.0,29.1,33.3,27.3,7.2,25.9
Scotts Road,S111,2016,5,3,0.0,29.8,34.5,27.3,7.9,34.2
Scotts Road,S111,2016,5,4,0.0,30.1,32.5,28.2,8.6,31.3
Scotts Road,S111,2016,5,5,1.4,29.0,33.4,26.1,4.7,40.0
Scotts Road,S111,2016,5,6,0.0,29.3,33.0,27.1,5.4,25.2
Scotts Road,S111,2016,5,7,0.0,29.1,33.7,27.1,5.8,33.5
Scotts Road,S111,2016,5,8,0.0,28.9,32.4,26.3,5.0,28.1
Scotts Road,S111,2016,5,9,1.0,29.1,33.3,27.1,6.1,27.7
Scotts Road,S111,2016,5,10,0.0,29.7,32.1,28.0,7.9,33.8
Scotts Road,S111,2016,5,11,32.2,28.7,33.5,24.5,4.3,41.4
Scotts Road,S111,2016,5,12,0.0,29.0,32.5,27.6,6.8,33.8
Scotts Road,S111,2016,5,13,9.4,28.3,32.1,24.9,4.7,40.3
Scotts Road,S111,2016,5,14,39.0,27.0,31.0,24.2,4.3,27.0
Scotts Road,S111,2016,5,15,4.8,27.9,32.3,25.9,5.8,32.0
Scotts Road,S111,2016,5,16,2.6,28.1,32.3,25.5,5.8,46.1
Scotts Road,S111,2016,5,17,3.8,28.8,32.1,26.9,5.0,31.0
Scotts Road,S111,2016,5,18,2.2,28.0,32.6,25.7,6.5,28.1
Scotts Road,S111,2016,5,19,0.2,28.2,32.4,25.7,6.5,30.6
Scotts Road,S111,2016,5,20,0.0,29.8,33.2,27.7,5.0,22.7
Scotts Road,S111,2016,5,21,4.6,28.1,30.2,24.7,8.3,48.2
Scotts Road,S111,2016,5,22,40.2,27.8,32.4,24.0,6.5,54.4
Scotts Road,S111,2016,5,23,0.0,29.5,33.9,25.7,6.8,32.0
Scotts Road,S111,2016,5,24,0.0,29.3,31.7,27.2,8.3,36.0
Scotts Road,S111,2016,5,25,8.0,29.5,32.7,25.0,8.3,28.1
Scotts Road,S111,2016,5,26,0.2,28.1,31.3,25.2,8.6,41.4
Scotts Road,S111,2016,5,27,0.0,29.4,32.1,28.2,10.1,34.9
Scotts Road,S111,2016,5,28,2.8,28.6,31.6,25.6,7.2,35.6
Scotts Road,S111,2016,5,29,0.2,29.4,33.2,27.4,4.7,28.4
Scotts Road,S111,2016,5,30,3.8,27.8,32.5,25.0,6.5,48.6
Scotts Road,S111,2016,5,31,0.0,29.1,33.3,25.4,5.0,25.6
Scotts Road,S111,2016,6,1,43.4,27.4,30.8,23.5,5.4,36.4
Scotts Road,S111,2016,6,2,2.6,27.9,32.4,25.6,4.7,37.1
Scotts Road,S111,2016,6,3,0.0,28.3,31.1,26.0,5.8,28.8
Scotts Road,S111,2016,6,4,1.8,26.6,27.7,25.5,4.3,31.7
Scotts Road,S111,2016,6,5,0.0,28.1,32.0,25.8,5.8,25.2
Scotts Road,S111,2016,6,6,5.6,29.3,32.9,26.7,7.6,29.9
Scotts Road,S111,2016,6,7,0.8,29.4,33.2,27.1,6.8,32.0
Scotts Road,S111,2016,6,8,12.4,27.4,29.9,23.4,4.7,38.9
Scotts Road,S111,2016,6,9,2.6,28.4,32.9,25.9,4.7,40.0
Scotts Road,S111,2016,6,10,4.8,28.1,31.7,25.9,5.8,32.8
Scotts Road,S111,2016,6,11,2.0,27.8,30.2,26.2,9.4,34.9
Scotts Road,S111,2016,6,12,2.0,28.3,31.8,26.0,7.9,33.5
Scotts Road,S111,2016,6,13,0.2,28.5,31.3,26.2,6.1,30.6
Scotts Road,S111,2016,6,14,0.0,28.4,31.6,26.7,6.8,44.3
Scotts Road,S111,2016,6,15,1.2,28.0,30.5,24.6,6.1,32.0
Scotts Road,S111,2016,6,16,4.4,28.0,29.8,25.1,6.8,39.6
Scotts Road,S111,2016,6,17,25.2,26.2,30.2,22.5,6.8,37.4
Scotts Road,S111,2016,6,18,0.4,26.9,29.6,25.4,4.7,26.3
Scotts Road,S111,2016,6,19,0.0,27.2,29.6,24.9,4.0,14.0
Scotts Road,S111,2016,6,20,0.0,28.1,31.3,26.0,5.0,28.1
Scotts Road,S111,2016,6,21,0.0,29.0,31.8,27.5,4.3,29.5
Scotts Road,S111,2016,6,22,7.6,27.0,30.7,23.6,6.8,48.2
Scotts Road,S111,2016,6,23,0.0,28.8,31.2,26.8,8.6,31.7
Scotts Road,S111,2016,6,24,35.2,26.3,28.8,22.3,7.2,40.3
Scotts Road,S111,2016,6,25,0.0,28.6,32.4,26.9,9.4,33.5
Scotts Road,S111,2016,6,26,0.0,28.6,31.3,27.4,8.3,38.2
Scotts Road,S111,2016,6,27,0.0,28.5,30.4,27.5,9.0,30.6
Scotts Road,S111,2016,6,28,0.0,29.1,33.5,27.0,7.6,26.6
Scotts Road,S111,2016,6,29,0.0,30.2,33.5,27.9,6.8,30.2
Scotts Road,S111,2016,6,30,0.0,29.7,33.8,28.0,9.0,28.8
Scotts Road,S111,2016,7,1,0.0,29.5,32.1,28.1,10.8,28.1
Scotts Road,S111,2016,7,2,0.0,29.4,32.8,27.8,10.1,28.4
Scotts Road,S111,2016,7,3,0.0,29.6,32.9,28.0,10.4,28.1
Scotts Road,S111,2016,7,4,0.0,29.6,33.2,27.8,10.4,28.4
Scotts Road,S111,2016,7,5,0.0,29.5,33.0,27.9,10.1,31.3
Scotts Road,S111,2016,7,6,1.2,28.5,32.0,25.0,7.9,34.6
Scotts Road,S111,2016,7,7,2.2,29.0,31.8,27.1,7.9,36.7
Scotts Road,S111,2016,7,8,11.4,28.1,30.7,23.2,7.9,37.8
Scotts Road,S111,2016,7,9,0.0,29.2,32.7,27.5,10.1,33.5
Scotts Road,S111,2016,7,10,0.0,29.3,32.4,28.0,8.3,32.0
Scotts Road,S111,2016,7,11,21.8,27.5,29.6,23.6,7.2,41.8
Scotts Road,S111,2016,7,12,0.0,29.4,33.0,27.4,8.3,30.6
Scotts Road,S111,2016,7,13,1.6,27.4,29.7,24.4,6.5,47.9
Scotts Road,S111,2016,7,14,1.2,26.8,28.8,24.0,6.1,40.7
Scotts Road,S111,2016,7,15,2.2,26.7,30.2,24.3,5.0,29.5
Scotts Road,S111,2016,7,16,0.0,28.2,31.8,25.9,4.7,25.6
Scotts Road,S111,2016,7,17,13.8,27.0,31.8,24.3,4.3,29.9
Scotts Road,S111,2016,7,18,0.8,27.1,31.0,25.4,5.0,28.4
Scotts Road,S111,2016,7,19,3.2,27.1,30.9,23.3,7.6,34.2
Scotts Road,S111,2016,7,20,40.0,26.6,29.8,22.9,5.0,38.9
Scotts Road,S111,2016,7,21,28.0,26.7,30.4,22.7,5.0,33.5
Scotts Road,S111,2016,7,22,8.0,25.6,27.5,23.7,4.7,30.2
Scotts Road,S111,2016,7,23,9.2,26.6,30.8,23.8,6.8,33.1
Scotts Road,S111,2016,7,24,10.8,26.6,29.6,23.8,5.4,40.3
Scotts Road,S111,2016,7,25,0.2,26.9,28.4,25.4,5.8,25.6
Scotts Road,S111,2016,7,26,2.2,26.0,28.9,22.2,4.7,41.0
Scotts Road,S111,2016,7,27,0.0,28.1,32.4,25.1,6.1,27.0
Scotts Road,S111,2016,7,28,7.4,27.7,30.3,23.4,6.5,54.4
Scotts Road,S111,2016,7,29,0.0,28.3,31.3,25.9,7.2,32.0
Scotts Road,S111,2016,7,30,0.0,28.5,30.7,27.2,6.5,27.4
Scotts Road,S111,2016,7,31,0.2,27.8,31.6,25.7,5.8,42.5
Scotts Road,S111,2016,8,1,0.0,27.4,29.9,25.7,6.5,32.4
Scotts Road,S111,2016,8,2,0.0,28.6,31.8,26.7,8.6,43.2
Scotts Road,S111,2016,8,3,11.8,27.0,29.8,21.6,9.0,51.5
Scotts Road,S111,2016,8,4,0.0,27.7,29.6,26.5,10.4,36.7
Scotts Road,S111,2016,8,5,0.0,28.9,32.0,27.5,8.6,32.8
Scotts Road,S111,2016,8,6,6.8,28.1,31.7,24.5,7.2,28.1
Scotts Road,S111,2016,8,7,0.0,28.8,31.5,27.0,9.4,37.1
Scotts Road,S111,2016,8,8,0.0,29.1,32.1,27.3,7.9,27.7
Scotts Road,S111,2016,8,9,0.0,29.0,32.0,26.8,7.2,32.0
Scotts Road,S111,2016,8,10,0.0,29.2,32.2,27.5,8.6,31.7
Scotts Road,S111,2016,8,11,0.0,28.7,30.6,27.4,8.6,50.8
Scotts Road,S111,2016,8,12,0.4,,,,8.3,42.8
Scotts Road,S111,2016,8,13,,,,,,
Scotts Road,S111,2016,8,14,,,,,,
Scotts Road,S111,2016,8,15,,,,,,
Scotts Road,S111,2016,8,16,,,,,,
Scotts Road,S111,2016,8,17,,,,,,
Scotts Road,S111,2016,8,18,,,,,,
Scotts Road,S111,2016,8,19,,,,,,
Scotts Road,S111,2016,8,20,,,,,,
Scotts Road,S111,2016,8,21,,,,,,
Scotts Road,S111,2016,8,22,,,,,,
Scotts Road,S111,2016,8,23,,,,,,
Scotts Road,S111,2016,8,24,,,,,,
Scotts Road,S111,2016,8,25,,,,,,
Scotts Road,S111,2016,8,26,,,,,,
Scotts Road,S111,2016,8,27,,,,,,
Scotts Road,S111,2016,8,28,,,,,,
Scotts Road,S111,2016,8,29,,,,,,
Scotts Road,S111,2016,8,30,,,,,,
Scotts Road,S111,2016,8,31,,,,,,
Scotts Road,S111,2016,12,1,5.8,25.1,27.0,24.0,7.6,22.7
Scotts Road,S111,2016,12,2,3.8,26.5,30.5,23.7,6.5,32.4
Scotts Road,S111,2016,12,3,6.2,27.0,29.9,23.6,4.0,21.6
Scotts Road,S111,2016,12,4,1.0,28.5,32.9,25.8,6.8,24.8
Scotts Road,S111,2016,12,5,6.4,28.6,33.7,26.3,6.8,29.5
Scotts Road,S111,2016,12,6,0.4,28.6,34.0,25.8,4.7,32.0
Scotts Road,S111,2016,12,7,0.0,28.3,32.7,26.5,5.4,30.2
Scotts Road,S111,2016,12,8,0.0,28.5,31.9,25.7,6.5,32.8
Scotts Road,S111,2016,12,9,17.6,26.4,30.6,23.8,5.0,42.1
Scotts Road,S111,2016,12,10,0.0,27.1,29.6,24.7,5.4,23.8
Scotts Road,S111,2016,12,11,2.2,25.6,28.6,23.7,9.7,30.6
Scotts Road,S111,2016,12,12,0.0,27.2,30.2,24.9,11.9,45.7
Scotts Road,S111,2016,12,13,0.2,27.6,31.4,24.6,6.5,42.1
Scotts Road,S111,2016,12,14,0.0,28.2,32.2,25.5,6.5,32.4
Scotts Road,S111,2016,12,15,0.0,28.4,31.4,26.0,7.6,31.3
Scotts Road,S111,2016,12,16,0.0,28.9,33.8,26.9,4.7,25.9
Scotts Road,S111,2016,12,17,8.4,27.0,31.3,25.4,5.4,31.7
Scotts Road,S111,2016,12,18,16.8,26.2,31.5,22.6,5.8,36.7
Scotts Road,S111,2016,12,19,1.4,27.2,31.4,24.4,10.1,37.4
Scotts Road,S111,2016,12,20,0.0,27.2,30.8,24.5,13.0,45.7
Scotts Road,S111,2016,12,21,0.0,28.2,32.0,25.7,10.4,45.0
Scotts Road,S111,2016,12,22,14.8,26.5,31.5,24.1,4.7,39.2
Scotts Road,S111,2016,12,23,10.8,26.7,30.7,23.5,4.3,28.1
Scotts Road,S111,2016,12,24,62.4,26.2,31.9,23.3,5.8,39.6
Scotts Road,S111,2016,12,25,6.4,26.2,32.2,23.8,6.1,30.2
Scotts Road,S111,2016,12,26,0.0,26.2,30.1,23.9,6.5,29.5
Scotts Road,S111,2016,12,27,1.4,25.9,30.0,24.2,6.1,29.9
Scotts Road,S111,2016,12,28,2.6,25.2,27.6,23.1,6.5,33.8
Scotts Road,S111,2016,12,29,0.0,27.2,30.6,25.0,5.8,34.6
Scotts Road,S111,2016,12,30,8.8,26.6,31.5,24.5,6.5,44.6
Scotts Road,S111,2016,12,31,0.0,26.2,29.4,24.0,5.4,26.6
Scotts Road,S111,2017,1,1,33.2,26.5,30.3,24.6,5.8,37.4
Scotts Road,S111,2017,1,2,17.8,25.9,29.7,24.5,4.0,24.5
Scotts Road,S111,2017,1,3,6.8,26.1,29.7,24.7,4.7,26.6
Scotts Road,S111,2017,1,4,1.6,26.4,29.7,23.3,5.8,31.0
Scotts Road,S111,2017,1,5,1.4,27.4,31.1,23.8,7.6,33.5
Scotts Road,S111,2017,1,6,0.0,28.4,32.5,25.8,5.0,27.4
Scotts Road,S111,2017,1,7,0.0,29.5,33.2,26.7,6.1,26.3
Scotts Road,S111,2017,1,8,0.0,29.2,33.6,26.8,6.8,30.6
Scotts Road,S111,2017,1,9,0.0,28.5,33.0,26.5,6.8,25.9
Scotts Road,S111,2017,1,10,0.0,28.0,32.4,26.3,6.5,38.2
Scotts Road,S111,2017,1,11,0.0,27.6,32.0,24.8,6.1,32.0
Scotts Road,S111,2017,1,12,0.0,28.0,31.3,25.4,5.4,30.2
Scotts Road,S111,2017,1,13,0.0,28.0,32.6,26.1,4.7,30.2
Scotts Road,S111,2017,1,14,0.0,27.9,31.2,25.5,4.0,21.6
Scotts Road,S111,2017,1,15,0.0,28.2,32.5,25.8,5.4,32.4
Scotts Road,S111,2017,1,16,0.0,27.7,31.3,25.1,6.5,31.3
Scotts Road,S111,2017,1,17,0.0,27.8,31.4,25.9,4.7,28.8
Scotts Road,S111,2017,1,18,9.4,26.4,32.1,23.9,4.7,34.9
Scotts Road,S111,2017,1,19,36.6,26.3,31.5,23.8,4.7,37.4
Scotts Road,S111,2017,1,20,1.8,25.8,28.9,23.4,5.4,27.4
Scotts Road,S111,2017,1,21,21.8,26.4,30.9,23.3,5.4,37.8
Scotts Road,S111,2017,1,22,15.0,26.0,29.2,23.8,7.2,42.5
Scotts Road,S111,2017,1,23,86.2,24.6,27.0,22.5,5.8,49.0
Scotts Road,S111,2017,1,24,12.2,23.3,23.8,22.9,9.4,35.6
Scotts Road,S111,2017,1,25,1.6,25.2,28.6,22.4,6.5,40.7
Scotts Road,S111,2017,1,26,0.2,26.7,30.7,23.7,6.1,33.5
Scotts Road,S111,2017,1,27,0.8,26.8,30.4,25.0,8.3,39.2
Scotts Road,S111,2017,1,28,0.0,25.9,29.0,24.3,7.2,41.0
Scotts Road,S111,2017,1,29,0.0,25.9,28.0,24.2,6.5,29.9
Scotts Road,S111,2017,1,30,3.6,25.5,28.4,24.0,5.8,29.9
Scotts Road,S111,2017,1,31,0.0,26.6,29.9,24.8,6.5,31.0
Scotts Road,S111,2017,2,1,0.0,26.9,30.7,24.6,5.0,32.4
Scotts Road,S111,2017,2,2,2.8,26.8,31.8,25.1,5.4,26.3
Scotts Road,S111,2017,2,3,15.6,27.1,33.1,24.0,6.5,33.1
Scotts Road,S111,2017,2,4,0.4,26.8,32.1,25.0,5.0,29.2
Scotts Road,S111,2017,2,5,0.0,27.2,31.9,24.9,5.8,27.0
Scotts Road,S111,2017,2,6,0.0,27.6,32.7,25.1,6.1,29.2
Scotts Road,S111,2017,2,7,1.2,26.3,30.3,23.5,5.0,26.6
Scotts Road,S111,2017,2,8,62.6,26.1,31.1,22.6,5.4,31.7
Scotts Road,S111,2017,2,9,0.0,27.4,32.2,25.1,5.0,27.4
Scotts Road,S111,2017,2,10,0.0,27.4,31.4,24.9,7.9,40.0
Scotts Road,S111,2017,2,11,0.0,26.9,30.3,25.2,9.4,50.4
Scotts Road,S111,2017,2,12,0.0,26.0,29.5,24.7,9.0,48.6
Scotts Road,S111,2017,2,13,1.4,26.1,28.8,24.1,8.6,42.8
Scotts Road,S111,2017,2,14,0.0,26.1,29.7,24.3,9.7,49.0
Scotts Road,S111,2017,2,15,7.8,25.1,28.3,22.5,7.9,41.4
Scotts Road,S111,2017,2,16,0.0,26.2,29.4,24.3,8.3,39.6
Scotts Road,S111,2017,2,17,0.0,26.7,30.6,24.4,7.9,40.7
Scotts Road,S111,2017,2,18,0.0,26.6,29.3,24.8,7.6,36.4
Scotts Road,S111,2017,2,19,0.0,27.3,30.7,25.1,7.9,34.2
Scotts Road,S111,2017,2,20,0.0,27.4,31.0,25.2,7.2,33.8
Scotts Road,S111,2017,2,21,3.0,27.0,31.9,25.1,5.8,29.5
Scotts Road,S111,2017,2,22,0.0,27.3,31.7,24.9,5.4,32.8
Scotts Road,S111,2017,2,23,3.2,26.8,31.3,24.8,5.0,36.7
Scotts Road,S111,2017,2,24,15.4,24.6,26.3,23.3,5.0,28.1
Scotts Road,S111,2017,2,25,1.4,26.4,31.3,23.5,4.7,28.8
Scotts Road,S111,2017,2,26,0.0,27.1,30.7,25.1,5.8,32.4
Scotts Road,S111,2017,2,27,0.0,27.1,30.0,24.8,7.6,41.8
Scotts Road,S111,2017,2,28,8.6,26.8,29.7,25.3,7.2,45.7
Scotts Road,S111,2017,3,1,28.0,24.7,27.3,23.2,5.8,39.2
Scotts Road,S111,2017,3,2,0.4,26.5,30.1,24.3,7.9,36.4
Scotts Road,S111,2017,3,3,12.2,25.9,28.2,23.6,6.5,39.6
Scotts Road,S111,2017,3,4,2.6,25.3,27.9,23.6,4.7,26.6
Scotts Road,S111,2017,3,5,3.6,26.4,30.8,24.5,5.8,33.1
Scotts Road,S111,2017,3,6,20.2,26.4,32.5,23.9,5.8,36.4
Scotts Road,S111,2017,3,7,0.0,26.6,31.0,24.7,5.8,24.5
Scotts Road,S111,2017,3,8,0.0,27.0,31.2,24.8,7.6,32.0
Scotts Road,S111,2017,3,9,0.0,27.0,31.3,24.7,7.2,33.1
Scotts Road,S111,2017,3,10,0.0,27.0,31.2,24.9,7.2,37.1
Scotts Road,S111,2017,3,11,8.6,26.9,31.9,24.5,5.8,30.6
Scotts Road,S111,2017,3,12,3.8,26.3,31.3,23.3,4.7,25.9
Scotts Road,S111,2017,3,13,11.4,27.4,31.4,25.4,5.4,26.3
Scotts Road,S111,2017,3,14,0.2,26.5,29.7,24.6,7.9,36.0
Scotts Road,S111,2017,3,15,0.0,28.5,33.5,25.4,5.8,25.6
Scotts Road,S111,2017,3,16,0.0,27.9,31.4,26.2,9.4,37.1
Scotts Road,S111,2017,3,17,21.8,26.9,31.2,24.1,4.0,19.8
Scotts Road,S111,2017,3,18,0.0,27.9,30.9,25.8,6.8,36.4
Scotts Road,S111,2017,3,19,0.0,27.9,31.0,25.6,5.0,28.4
Scotts Road,S111,2017,3,20,3.4,26.3,28.6,24.1,6.1,39.2
Scotts Road,S111,2017,3,21,7.8,27.8,33.4,24.9,6.5,36.0
Scotts Road,S111,2017,3,22,27.4,27.2,32.3,23.4,5.8,41.0
Scotts Road,S111,2017,3,23,0.2,28.5,33.0,26.0,6.8,28.4
Scotts Road,S111,2017,3,24,0.0,28.0,30.9,26.1,6.5,30.6
Scotts Road,S111,2017,3,25,41.6,27.4,32.7,24.7,5.0,36.0
Scotts Road,S111,2017,3,26,0.2,28.6,33.0,25.9,6.5,30.6
Scotts Road,S111,2017,3,27,1.2,28.6,32.2,26.4,6.1,29.9
Scotts Road,S111,2017,3,28,5.0,26.8,28.3,25.3,4.0,28.8
Scotts Road,S111,2017,3,29,8.4,26.5,32.1,25.2,3.6,31.7
Scotts Road,S111,2017,3,30,9.6,25.4,30.0,23.8,4.0,33.1
Scotts Road,S111,2017,3,31,0.4,26.9,31.1,24.9,3.2,31.7
Scotts Road,S111,2017,4,1,11.0,26.4,31.0,24.4,4.0,47.2
Scotts Road,S111,2017,4,2,0.0,27.3,31.7,25.1,6.5,30.6
Scotts Road,S111,2017,4,3,10.4,26.9,28.9,23.7,6.1,31.0
Scotts Road,S111,2017,4,4,3.0,27.9,31.7,24.2,6.5,36.0
Scotts Road,S111,2017,4,5,4.2,28.1,31.1,25.0,7.9,34.2
Scotts Road,S111,2017,4,6,0.0,28.6,32.1,26.9,6.5,28.8
Scotts Road,S111,2017,4,7,22.6,27.6,32.7,22.8,5.4,42.1
Scotts Road,S111,2017,4,8,2.4,26.8,28.4,24.0,4.3,36.7
Scotts Road,S111,2017,4,9,7.2,27.5,32.5,25.1,4.0,34.9
Scotts Road,S111,2017,4,10,0.0,27.3,30.3,25.5,5.4,32.0
Scotts Road,S111,2017,4,11,,,,,,
Scotts Road,S111,2017,4,12,,,,,,
Scotts Road,S111,2017,4,13,,,,,,
Scotts Road,S111,2017,4,14,,,,,,
Scotts Road,S111,2017,4,15,,,,,,
Scotts Road,S111,2017,4,16,,,,,,
Scotts Road,S111,2017,4,17,,,,,,
Scotts Road,S111,2017,4,18,,,,,,
Scotts Road,S111,2017,4,19,,,,,,
Scotts Road,S111,2017,4,20,,,,,,
Scotts Road,S111,2017,4,21,,,,,,
Scotts Road,S111,2017,4,22,,,,,,
Scotts Road,S111,2017,4,23,,,,,,
Scotts Road,S111,2017,4,24,,,,,,
Scotts Road,S111,2017,4,25,5.6,26.2,30.6,24.1,3.6,23.8
Scotts Road,S111,2017,4,26,,,,,,
Scotts Road,S111,2017,4,27,,,,,,
Scotts Road,S111,2017,4,28,,,,,,
Scotts Road,S111,2017,4,29,,,,,,
Scotts Road,S111,2017,4,30,,,,,,
Scotts Road,S111,2017,5,1,,,,,,
Scotts Road,S111,2017,5,2,,,,,,
Scotts Road,S111,2017,5,3,,,,,,
Scotts Road,S111,2017,5,4,,,,,,
Scotts Road,S111,2017,5,5,,,,,,
Scotts Road,S111,2017,5,6,3.8,28.1,31.6,25.0,5.8,36.0
Scotts Road,S111,2017,5,7,0.0,28.2,30.8,25.9,4.3,30.2
Scotts Road,S111,2017,5,8,0.0,28.3,32.1,25.6,6.5,37.1
Scotts Road,S111,2017,5,9,0.0,29.3,33.0,26.9,8.6,37.4
Scotts Road,S111,2017,5,10,3.6,27.4,29.9,25.6,5.4,31.0
Scotts Road,S111,2017,5,11,0.0,27.7,31.1,25.0,7.9,29.2
Scotts Road,S111,2017,5,12,52.6,27.4,29.8,24.4,5.8,27.0
Scotts Road,S111,2017,5,13,0.2,28.3,31.1,27.1,7.2,35.6
Scotts Road,S111,2017,5,14,0.0,29.0,33.7,27.4,9.4,30.6
Scotts Road,S111,2017,5,15,8.4,27.7,30.8,25.3,7.6,36.4
Scotts Road,S111,2017,5,16,0.4,28.3,31.8,26.9,8.6,37.1
Scotts Road,S111,2017,5,17,0.0,29.6,33.7,27.8,10.1,31.3
Scotts Road,S111,2017,5,18,0.4,28.8,32.5,25.6,9.7,37.4
Scotts Road,S111,2017,5,19,0.0,28.8,31.5,27.5,8.3,41.4
Scotts Road,S111,2017,5,20,0.0,29.4,32.6,28.1,7.9,32.8
Scotts Road,S111,2017,5,21,5.0,28.2,31.8,25.1,9.0,47.2
Scotts Road,S111,2017,5,22,24.8,27.8,30.9,22.9,8.6,37.4
Scotts Road,S111,2017,5,23,0.0,29.1,32.6,26.7,9.0,34.2
Scotts Road,S111,2017,5,24,31.8,26.0,28.8,22.8,7.6,41.4
Scotts Road,S111,2017,5,25,0.2,27.8,31.4,25.3,7.2,32.4
Scotts Road,S111,2017,5,26,26.6,26.8,31.4,23.6,7.9,54.7
Scotts Road,S111,2017,5,27,0.2,28.2,31.9,25.7,6.8,30.2
Scotts Road,S111,2017,5,28,0.0,28.7,31.0,27.6,9.0,27.4
Scotts Road,S111,2017,5,29,0.2,29.0,32.4,27.8,9.4,30.6
Scotts Road,S111,2017,5,30,34.2,26.4,28.7,23.1,5.4,43.2
Scotts Road,S111,2017,5,31,25.8,28.1,33.2,24.0,5.8,37.1
Scotts Road,S111,2017,6,1,6.8,27.4,31.8,24.0,6.8,29.5
Scotts Road,S111,2017,6,2,0.0,28.7,33.4,27.3,7.9,25.2
Scotts Road,S111,2017,6,3,0.0,29.4,33.2,27.6,8.3,32.4
Scotts Road,S111,2017,6,4,0.0,29.7,33.0,28.0,9.7,36.7
Scotts Road,S111,2017,6,5,0.0,29.5,32.4,27.9,9.0,30.6
Scotts Road,S111,2017,6,6,0.0,29.4,33.2,27.9,9.0,32.4
Scotts Road,S111,2017,6,7,0.0,29.4,33.6,27.6,9.7,31.0
Scotts Road,S111,2017,6,8,0.2,29.2,33.2,27.8,11.5,31.3
Scotts Road,S111,2017,6,9,0.0,29.4,33.1,27.7,10.1,31.3
Scotts Road,S111,2017,6,10,13.2,28.1,32.8,24.0,8.3,44.3
Scotts Road,S111,2017,6,11,0.0,27.6,31.1,24.9,7.9,36.4
Scotts Road,S111,2017,6,12,0.0,29.0,32.6,27.5,7.9,27.7
Scotts Road,S111,2017,6,13,0.0,29.1,32.6,26.9,9.0,32.4
Scotts Road,S111,2017,6,14,27.2,27.7,31.1,23.3,6.5,43.9
Scotts Road,S111,2017,6,15,0.0,29.0,33.4,26.5,6.8,30.6
Scotts Road,S111,2017,6,16,0.2,28.4,30.9,25.7,6.5,29.2
Scotts Road,S111,2017,6,17,0.0,29.1,33.1,26.8,7.2,27.4
Scotts Road,S111,2017,6,18,29.0,26.6,29.9,23.1,6.5,65.5
Scotts Road,S111,2017,6,19,0.0,27.6,30.6,24.3,9.0,36.0
Scotts Road,S111,2017,6,20,0.0,29.0,32.8,26.2,5.8,26.3
Scotts Road,S111,2017,6,21,0.0,28.5,31.1,27.0,7.9,30.2
Scotts Road,S111,2017,6,22,0.0,28.7,31.2,27.5,7.2,29.2
Scotts Road,S111,2017,6,23,23.6,26.6,29.0,21.8,6.8,67.7
Scotts Road,S111,2017,6,24,0.0,28.3,31.2,25.9,6.5,27.0
Scotts Road,S111,2017,6,25,25.4,27.1,28.9,23.2,5.0,45.4
Scotts Road,S111,2017,6,26,0.0,,,,4.7,22.0
Scotts Road,S111,2017,6,27,,,,,,
Scotts Road,S111,2017,6,28,,,,,,
Scotts Road,S111,2017,6,29,,,,,,
Scotts Road,S111,2017,6,30,,,,,,
Scotts Road,S111,2017,7,1,,,,,,
Scotts Road,S111,2017,7,2,,,,,,
Scotts Road,S111,2017,7,3,,,,,,
Scotts Road,S111,2017,7,4,,,,,,
Scotts Road,S111,2017,7,5,,,,,,
Scotts Road,S111,2017,7,6,,,,,,
Scotts Road,S111,2017,7,7,,,,,,
Scotts Road,S111,2017,7,8,,,,,,
Scotts Road,S111,2017,7,9,,,,,,
Scotts Road,S111,2017,7,10,,,,,,
Scotts Road,S111,2017,7,11,,,,,,
Scotts Road,S111,2017,7,12,,,,,,
Scotts Road,S111,2017,7,13,,,,,,
Scotts Road,S111,2017,7,14,,,,,,
Scotts Road,S111,2017,7,15,,,,,,
Scotts Road,S111,2017,7,16,,,,,,
Scotts Road,S111,2017,7,17,,,,,,
Scotts Road,S111,2017,7,18,,,,,,
Scotts Road,S111,2017,7,19,,,,,,
Scotts Road,S111,2017,7,20,,,,,,
Scotts Road,S111,2017,7,21,,,,,,
Scotts Road,S111,2017,7,22,,,,,,
Scotts Road,S111,2017,7,23,,,,,,
Scotts Road,S111,2017,7,24,,,,,,
Scotts Road,S111,2017,7,25,,,,,,
Scotts Road,S111,2017,7,26,,,,,,
Scotts Road,S111,2017,7,27,,,,,,
Scotts Road,S111,2017,7,28,,,,,,
Scotts Road,S111,2017,7,29,,,,,,
Scotts Road,S111,2017,7,30,,,,,,
Scotts Road,S111,2017,7,31,,,,,,
Scotts Road,S111,2017,8,1,,,,,,
Scotts Road,S111,2017,8,2,,,,,,
Scotts Road,S111,2017,8,3,,,,,,
Scotts Road,S111,2017,8,4,0.0,,,,13.3,41.8
Scotts Road,S111,2017,8,5,0.6,28.6,31.5,27.1,11.9,36.4
Scotts Road,S111,2017,8,6,11.6,28.1,32.4,25.0,9.4,39.2
Scotts Road,S111,2017,8,7,0.2,27.9,29.5,27.0,9.4,37.4
Scotts Road,S111,2017,8,8,1.0,27.2,30.1,25.6,7.9,46.4
Scotts Road,S111,2017,8,9,1.4,27.1,30.2,24.5,8.6,42.5
Scotts Road,S111,2017,8,10,0.0,28.1,31.3,26.1,6.5,32.4
Scotts Road,S111,2017,8,11,43.6,26.5,28.3,22.5,5.4,43.9
Scotts Road,S111,2017,8,12,3.2,26.0,29.4,23.8,5.0,37.8
Scotts Road,S111,2017,8,13,1.2,26.6,28.6,25.4,6.1,24.8
Scotts Road,S111,2017,8,14,0.0,27.7,30.5,25.9,7.9,35.3
Scotts Road,S111,2017,8,15,1.6,26.6,28.5,23.5,6.1,42.1
Scotts Road,S111,2017,8,16,0.0,27.8,32.0,25.8,6.5,25.6
Scotts Road,S111,2017,8,17,27.8,26.6,31.3,23.0,10.1,40.3
Scotts Road,S111,2017,8,18,24.5,27.3,30.9,24.8,7.9,33.5
Scotts Road,S111,2017,8,19,17.5,27.9,32.5,25.5,10.4,40.0
Scotts Road,S111,2017,8,20,0.5,28.3,31.5,26.9,10.4,30.2
Scotts Road,S111,2017,8,21,4.5,28.3,32.3,25.7,8.6,39.2
Scotts Road,S111,2017,8,22,0.0,27.0,28.8,25.4,10.1,36.0
Scotts Road,S111,2017,8,23,0.0,28.3,31.6,27.0,10.1,44.6
Scotts Road,S111,2017,8,24,0.0,28.4,31.0,27.1,9.4,36.7
Scotts Road,S111,2017,8,25,0.0,28.0,30.8,25.9,9.4,36.7
Scotts Road,S111,2017,8,26,0.0,28.4,32.4,26.8,9.4,32.0
Scotts Road,S111,2017,8,27,20.8,27.0,30.2,23.3,9.0,51.8
Scotts Road,S111,2017,8,28,2.6,27.8,30.2,25.5,7.9,32.4
Scotts Road,S111,2017,8,29,0.6,26.6,29.7,24.7,6.1,31.3
Scotts Road,S111,2017,8,30,0.0,27.7,31.6,25.6,5.8,26.3
Scotts Road,S111,2017,8,31,0.0,28.6,32.3,27.0,10.1,34.9
Scotts Road,S111,2017,9,1,0.0,28.4,31.2,26.9,10.8,32.0
Scotts Road,S111,2017,9,2,0.0,28.8,32.6,27.0,11.2,35.6
Scotts Road,S111,2017,9,3,0.0,28.6,31.6,27.1,13.0,40.0
Scotts Road,S111,2017,9,4,0.0,28.4,31.6,27.1,8.3,32.8
Scotts Road,S111,2017,9,5,8.4,28.2,31.0,24.9,9.0,40.0
Scotts Road,S111,2017,9,6,11.4,26.8,28.9,24.5,6.5,47.2
Scotts Road,S111,2017,9,7,0.2,28.1,32.6,25.5,6.8,27.7
Scotts Road,S111,2017,9,8,0.2,27.6,31.9,25.6,9.0,38.5
Scotts Road,S111,2017,9,9,1.6,27.7,32.4,24.4,5.8,34.9
Scotts Road,S111,2017,9,10,4.2,27.6,30.4,25.2,6.1,47.2
Scotts Road,S111,2017,9,11,15.0,26.6,30.5,23.4,4.7,33.5
Scotts Road,S111,2017,9,12,0.0,28.6,32.5,25.9,6.5,24.1
Scotts Road,S111,2017,9,13,0.0,29.0,33.2,27.3,9.0,28.4
Scotts Road,S111,2017,9,14,0.0,28.2,31.2,27.2,8.3,32.0
Scotts Road,S111,2017,9,15,26.0,27.2,29.2,24.1,5.0,45.0
Scotts Road,S111,2017,9,16,10.0,27.1,30.4,23.7,7.2,30.6
Scotts Road,S111,2017,9,17,4.6,28.1,33.0,24.4,10.1,43.2
Scotts Road,S111,2017,9,18,,26.7,31.3,23.0,6.5,30.6
Scotts Road,S111,2017,9,19,,26.1,31.0,24.4,5.0,24.5
Scotts Road,S111,2017,9,20,,26.7,30.5,23.7,7.6,57.6
Scotts Road,S111,2017,9,21,8.4,26.3,30.0,23.3,6.5,45.4
Scotts Road,S111,2017,9,22,0.4,28.5,32.4,26.8,7.9,40.7
Scotts Road,S111,2017,9,23,5.0,28.6,32.4,26.2,9.0,37.8
Scotts Road,S111,2017,9,24,7.2,27.6,31.3,23.4,7.6,39.2
Scotts Road,S111,2017,9,25,0.0,28.8,32.1,27.1,7.9,28.8
Scotts Road,S111,2017,9,26,14.4,27.4,32.1,23.0,5.8,36.0
Scotts Road,S111,2017,9,27,0.2,27.6,32.1,25.4,4.0,27.0
Scotts Road,S111,2017,9,28,0.0,28.6,32.9,26.6,5.0,26.6
Scotts Road,S111,2017,9,29,11.6,27.4,30.8,23.3,5.0,40.0
Scotts Road,S111,2017,9,30,0.2,27.4,29.8,25.4,6.1,38.2
Scotts Road,S111,2017,10,1,7.4,26.9,29.6,25.0,4.7,41.4
Scotts Road,S111,2017,10,2,0.0,27.7,32.3,24.4,5.0,29.5
Scotts Road,S111,2017,10,3,9.2,27.4,31.9,25.6,4.3,32.0
Scotts Road,S111,2017,10,4,1.4,25.7,28.2,23.5,6.5,29.9
Scotts Road,S111,2017,10,5,0.2,27.4,32.1,24.5,5.8,24.1
Scotts Road,S111,2017,10,6,29.0,28.0,32.6,24.4,5.8,29.5
Scotts Road,S111,2017,10,7,10.2,27.3,33.2,24.6,5.0,34.2
Scotts Road,S111,2017,10,8,24.4,26.8,31.4,24.3,5.4,27.0
Scotts Road,S111,2017,10,9,18.6,27.8,32.5,24.1,6.5,30.6
Scotts Road,S111,2017,10,10,8.8,27.4,31.5,24.1,7.6,32.4
Scotts Road,S111,2017,10,11,4.8,27.8,32.3,22.8,6.5,35.6
Scotts Road,S111,2017,10,12,39.4,26.8,29.0,23.2,5.4,29.5
Scotts Road,S111,2017,10,13,1.2,27.0,30.9,23.9,5.0,30.6
Scotts Road,S111,2017,10,14,0.0,29.1,32.3,26.8,5.8,29.5
Scotts Road,S111,2017,10,15,0.0,30.0,34.2,27.2,4.3,24.1
Scotts Road,S111,2017,10,16,0.0,28.6,32.4,26.2,6.1,38.2
Scotts Road,S111,2017,10,17,0.0,29.9,34.2,27.4,6.8,28.1
Scotts Road,S111,2017,10,18,0.0,30.2,34.3,27.6,6.1,29.9
Scotts Road,S111,2017,10,19,0.0,30.0,33.3,27.7,4.7,22.3
Scotts Road,S111,2017,10,20,0.0,29.8,33.9,27.1,5.0,27.4
Scotts Road,S111,2017,10,21,18.4,29.4,34.0,24.7,5.4,32.8
Scotts Road,S111,2017,10,22,0.0,28.5,31.0,26.4,6.8,33.8
Scotts Road,S111,2017,10,23,1.4,28.3,30.9,25.1,5.0,28.8
Scotts Road,S111,2017,10,24,0.0,28.0,30.4,26.7,4.0,25.6
Scotts Road,S111,2017,10,25,0.8,28.1,33.7,25.7,4.0,34.2
Scotts Road,S111,2017,10,26,0.0,28.0,31.9,26.2,5.4,31.7
Scotts Road,S111,2017,10,27,8.6,27.5,30.1,25.4,4.0,21.2
Scotts Road,S111,2017,10,28,0.0,28.6,33.1,25.6,6.5,37.1
Scotts Road,S111,2017,10,29,1.0,26.8,31.0,25.5,4.3,25.9
Scotts Road,S111,2017,10,30,59.4,26.4,29.2,24.0,4.7,33.5
Scotts Road,S111,2017,10,31,0.8,25.9,27.7,23.3,5.0,41.8
Scotts Road,S111,2017,11,1,0.2,27.6,32.3,25.2,3.6,22.0
Scotts Road,S111,2017,11,2,0.0,27.8,31.5,26.0,4.3,27.7
Scotts Road,S111,2017,11,3,6.8,27.7,31.9,24.3,6.5,42.5
Scotts Road,S111,2017,11,4,5.6,26.9,31.6,24.1,5.8,41.0
Scotts Road,S111,2017,11,5,1.2,28.0,32.2,24.6,6.8,36.7
Scotts Road,S111,2017,11,6,51.4,27.1,31.7,22.5,4.0,37.4
Scotts Road,S111,2017,11,7,3.2,26.7,29.1,25.2,3.2,23.8
Scotts Road,S111,2017,11,8,3.8,26.6,29.8,23.5,7.2,28.1
Scotts Road,S111,2017,11,9,25.0,26.5,32.9,23.5,5.8,43.2
Scotts Road,S111,2017,11,10,7.0,25.8,31.7,23.5,4.7,26.3
Scotts Road,S111,2017,11,11,11.4,26.0,28.7,24.6,3.6,32.4
Scotts Road,S111,2017,11,12,14.8,27.1,30.7,25.1,5.0,28.1
Scotts Road,S111,2017,11,13,2.0,27.6,33.4,24.4,5.8,40.7
Scotts Road,S111,2017,11,14,53.8,25.4,27.5,22.7,5.8,27.7
Scotts Road,S111,2017,11,15,0.0,27.3,31.3,24.8,5.0,27.4
Scotts Road,S111,2017,11,16,0.0,28.4,33.9,25.8,4.7,29.9
Scotts Road,S111,2017,11,17,13.4,26.9,30.1,23.4,6.1,43.6
Scotts Road,S111,2017,11,18,0.2,27.7,32.7,25.5,5.0,45.4
Scotts Road,S111,2017,11,19,0.0,28.3,32.0,26.1,4.3,22.7
Scotts Road,S111,2017,11,20,1.0,27.4,30.8,25.9,5.0,24.5
Scotts Road,S111,2017,11,21,3.6,26.0,28.3,23.2,4.0,42.5
Scotts Road,S111,2017,11,22,31.6,27.1,33.1,23.3,4.3,46.1
Scotts Road,S111,2017,11,23,4.2,26.2,30.2,24.0,4.7,28.4
Scotts Road,S111,2017,11,24,0.8,26.0,30.3,23.9,6.5,32.4
Scotts Road,S111,2017,11,25,39.4,26.6,32.9,24.5,5.8,32.4
Scotts Road,S111,2017,11,26,1.0,26.4,30.9,25.1,5.4,29.5
Scotts Road,S111,2017,11,27,,,,,,
Scotts Road,S111,2017,11,28,0.8,,,,9.0,30.6
Scotts Road,S111,2017,11,29,2.8,26.6,29.5,24.3,11.2,40.0
Scotts Road,S111,2017,11,30,0.6,27.3,30.2,24.7,13.7,47.5
Scotts Road,S111,2017,12,1,0.0,28.4,34.0,25.1,6.1,29.5
Scotts Road,S111,2017,12,2,0.0,29.1,34.0,25.5,5.0,28.8
Scotts Road,S111,2017,12,3,0.0,28.9,32.9,26.7,4.7,22.7
Scotts Road,S111,2017,12,4,1.4,27.9,33.6,26.2,4.3,26.3
Scotts Road,S111,2017,12,5,0.6,28.3,32.7,25.9,5.0,25.9
Scotts Road,S111,2017,12,6,4.6,28.2,34.3,24.7,5.4,24.1
Scotts Road,S111,2017,12,7,1.6,27.2,32.0,25.0,5.0,23.8
Scotts Road,S111,2017,12,8,0.0,26.7,29.8,25.1,7.2,36.0
Scotts Road,S111,2017,12,9,0.0,25.8,27.8,24.4,5.8,35.6
Scotts Road,S111,2017,12,10,4.4,27.3,33.5,25.0,5.8,37.4
Scotts Road,S111,2017,12,11,8.4,26.8,32.7,24.8,5.4,29.9
Scotts Road,S111,2017,12,12,7.8,26.0,31.1,23.9,5.0,27.4
Scotts Road,S111,2017,12,13,5.0,26.5,32.3,24.0,4.7,23.4
Scotts Road,S111,2017,12,14,0.2,27.4,31.9,25.0,5.0,27.0
Scotts Road,S111,2017,12,15,20.2,26.9,32.6,24.0,5.0,28.1
Scotts Road,S111,2017,12,16,21.8,27.1,30.7,23.9,5.4,42.8
Scotts Road,S111,2017,12,17,0.0,27.4,32.5,24.8,7.9,49.3
Scotts Road,S111,2017,12,18,0.0,27.4,31.0,25.5,8.6,44.3
Scotts Road,S111,2017,12,19,0.8,26.2,30.5,24.5,7.9,41.4
Scotts Road,S111,2017,12,20,0.0,26.8,31.4,24.5,7.9,40.7
Scotts Road,S111,2017,12,21,0.0,27.5,32.1,25.0,7.9,38.5
Scotts Road,S111,2017,12,22,21.0,27.3,33.0,23.6,6.5,36.0
Scotts Road,S111,2017,12,23,11.2,26.9,31.1,23.0,7.9,34.2
Scotts Road,S111,2017,12,24,0.0,26.1,28.0,24.9,7.6,31.3
Scotts Road,S111,2017,12,25,7.0,26.9,32.3,24.4,5.4,31.0
Scotts Road,S111,2017,12,26,5.2,26.9,32.2,23.4,5.0,27.7
Scotts Road,S111,2017,12,27,3.4,26.6,31.6,23.6,4.7,30.6
Scotts Road,S111,2017,12,28,6.8,26.8,32.4,24.4,5.4,28.8
Scotts Road,S111,2017,12,29,0.2,27.6,31.5,25.6,7.2,38.5
Scotts Road,S111,2017,12,30,23.8,26.4,29.6,24.4,6.5,37.4
Scotts Road,S111,2017,12,31,66.6,24.5,25.5,23.6,5.8,34.9
Scotts Road,S111,2018,1,1,40.6,24.4,27.1,23.1,4.7,29.2
Scotts Road,S111,2018,1,2,29.4,,27.9,23.2,4.7,25.2
Scotts Road,S111,2018,1,3,45.2,,,,4.7,21.2
Scotts Road,S111,2018,1,4,0.2,26.1,29.4,24.4,5.0,24.5
Scotts Road,S111,2018,1,5,,,,,,
Scotts Road,S111,2018,1,6,0.0,,,,2.2,10.8
Scotts Road,S111,2018,1,7,2.2,,,,9.0,30.2
Scotts Road,S111,2018,1,8,42.0,26.7,32.1,23.1,4.0,18.7
Scotts Road,S111,2018,1,9,44.6,26.5,33.2,23.3,5.8,36.4
Scotts Road,S111,2018,1,10,17.0,24.1,25.9,22.7,5.4,29.9
Scotts Road,S111,2018,1,11,,,,,,
Scotts Road,S111,2018,1,12,,,,,,
Scotts Road,S111,2018,1,13,11.2,22.2,22.8,21.7,9.0,29.2
Scotts Road,S111,2018,1,14,,,,,,
Scotts Road,S111,2018,1,15,0.6,24.2,26.9,22.3,7.9,28.4
Scotts Road,S111,2018,1,16,0.0,25.9,29.8,22.9,6.5,32.0
Scotts Road,S111,2018,1,17,0.0,27.1,32.4,24.5,6.8,34.6
Scotts Road,S111,2018,1,18,0.0,27.2,32.2,24.6,6.8,40.3
Scotts Road,S111,2018,1,19,27.6,26.4,32.8,23.9,5.4,30.2
Scotts Road,S111,2018,1,20,21.6,26.1,31.4,24.0,4.7,27.4
Scotts Road,S111,2018,1,21,0.0,27.3,33.0,24.1,6.5,26.6
Scotts Road,S111,2018,1,22,0.0,27.7,32.3,25.2,5.8,30.2
Scotts Road,S111,2018,1,23,7.8,26.6,30.6,24.8,5.4,30.6
Scotts Road,S111,2018,1,24,25.4,26.1,30.8,23.4,5.0,31.7
Scotts Road,S111,2018,1,25,0.6,26.3,30.6,23.6,5.4,28.8
Scotts Road,S111,2018,1,26,26.8,25.9,31.8,23.3,5.0,28.8
Scotts Road,S111,2018,1,27,0.0,27.2,31.8,24.4,5.4,27.0
Scotts Road,S111,2018,1,28,10.8,26.5,32.9,24.3,5.0,32.8
Scotts Road,S111,2018,1,29,0.0,27.3,32.6,23.9,7.2,31.7
Scotts Road,S111,2018,1,30,2.4,27.5,33.5,25.2,6.1,33.5
Scotts Road,S111,2018,1,31,4.4,27.2,32.4,24.7,6.5,29.5
Scotts Road,S111,2018,2,1,2.6,27.7,32.0,25.5,7.9,45.7
Scotts Road,S111,2018,2,2,1.4,25.4,27.1,24.0,6.5,40.3
Scotts Road,S111,2018,2,3,1.0,26.8,30.6,24.2,8.3,41.4
Scotts Road,S111,2018,2,4,0.8,26.4,29.5,24.8,8.3,42.8
Scotts Road,S111,2018,2,5,0.0,26.5,30.1,24.7,9.0,45.7
Scotts Road,S111,2018,2,6,0.0,26.1,30.4,24.2,9.0,43.6
Scotts Road,S111,2018,2,7,0.0,25.6,28.3,24.2,8.3,38.2
Scotts Road,S111,2018,2,8,0.0,26.1,30.5,23.9,8.3,40.0
Scotts Road,S111,2018,2,9,0.0,26.4,31.4,23.9,7.9,36.4
Scotts Road,S111,2018,2,10,0.0,26.6,31.0,23.6,7.6,36.4
Scotts Road,S111,2018,2,11,0.0,26.8,31.3,24.2,7.9,37.4
Scotts Road,S111,2018,2,12,0.0,27.1,31.8,24.4,9.4,41.4
Scotts Road,S111,2018,2,13,0.0,26.9,31.8,24.4,7.2,35.3
Scotts Road,S111,2018,2,14,0.0,26.7,31.5,24.2,7.6,36.7
Scotts Road,S111,2018,2,15,0.0,27.2,32.4,24.5,6.5,25.6
Scotts Road,S111,2018,2,16,0.0,27.2,32.3,24.8,6.1,23.8
Scotts Road,S111,2018,2,17,0.0,27.1,32.9,24.7,7.2,29.2
Scotts Road,S111,2018,2,18,0.0,27.5,33.8,25.2,6.1,31.0
Scotts Road,S111,2018,2,19,0.0,27.2,31.5,24.6,7.6,38.9
Scotts Road,S111,2018,2,20,0.0,27.5,32.9,24.9,7.6,33.5
Scotts Road,S111,2018,2,21,0.0,27.7,33.1,25.1,7.2,33.5
Scotts Road,S111,2018,2,22,0.0,27.9,33.7,25.1,6.8,41.4
Scotts Road,S111,2018,2,23,9.8,26.2,30.4,23.5,6.1,33.8
Scotts Road,S111,2018,2,24,0.0,25.6,28.9,24.3,6.1,34.9
Scotts Road,S111,2018,2,25,0.0,26.7,30.0,24.7,6.5,31.7
Scotts Road,S111,2018,2,26,0.0,27.1,30.4,25.3,7.2,36.4
Scotts Road,S111,2018,2,27,0.0,27.2,31.9,25.1,7.2,31.0
Scotts Road,S111,2018,2,28,0.8,27.4,33.2,25.3,6.5,30.2
Scotts Road,S111,2018,3,1,0.0,27.6,32.6,25.1,5.8,28.4
Scotts Road,S111,2018,3,2,28.0,27.2,31.9,23.5,5.4,23.8
Scotts Road,S111,2018,3,3,0.0,27.6,32.7,25.6,6.1,28.4
Scotts Road,S111,2018,3,4,32.8,27.1,32.2,24.3,5.0,27.0
Scotts Road,S111,2018,3,5,0.0,28.3,33.1,25.8,6.5,31.0
Scotts Road,S111,2018,3,6,0.0,28.4,33.4,25.5,5.8,29.9
Scotts Road,S111,2018,3,7,5.2,26.1,28.3,24.3,5.4,37.8
Scotts Road,S111,2018,3,8,0.0,26.6,29.6,24.7,6.1,32.4
Scotts Road,S111,2018,3,9,0.0,28.0,32.0,25.4,7.2,38.5
Scotts Road,S111,2018,3,10,2.4,27.0,29.5,24.9,8.3,46.8
Scotts Road,S111,2018,3,11,0.0,27.4,31.3,25.1,7.2,36.0
Scotts Road,S111,2018,3,12,6.6,27.1,30.5,24.2,6.5,38.9
Scotts Road,S111,2018,3,13,0.0,27.7,31.9,25.5,6.5,34.9
Scotts Road,S111,2018,3,14,0.0,28.1,33.1,25.4,5.8,31.0
Scotts Road,S111,2018,3,15,0.0,28.4,33.6,25.7,6.1,24.1
Scotts Road,S111,2018,3,16,2.4,27.8,31.4,25.3,7.2,58.7
Scotts Road,S111,2018,3,17,0.0,28.3,34.3,25.9,7.2,28.8
Scotts Road,S111,2018,3,18,0.0,28.2,33.1,26.1,7.2,36.0
Scotts Road,S111,2018,3,19,1.8,28.3,33.4,26.0,6.5,31.3
Scotts Road,S111,2018,3,20,25.6,27.6,32.3,22.0,7.6,36.4
Scotts Road,S111,2018,3,21,0.0,27.9,32.8,25.3,5.0,25.9
Scotts Road,S111,2018,3,22,0.0,28.4,32.7,26.2,7.9,36.7
Scotts Road,S111,2018,3,23,0.0,28.3,32.2,26.1,6.8,31.7
Scotts Road,S111,2018,3,24,28.6,27.4,31.9,22.7,6.5,40.7
Scotts Road,S111,2018,3,25,1.6,26.8,30.1,24.6,4.3,25.6
Scotts Road,S111,2018,3,26,1.8,27.2,32.1,24.8,4.7,30.6
Scotts Road,S111,2018,3,27,3.4,24.9,26.7,23.2,6.1,40.7
Scotts Road,S111,2018,3,28,1.2,26.7,32.3,24.3,4.3,29.9
Scotts Road,S111,2018,3,29,0.0,26.7,29.7,25.3,5.0,23.4
Scotts Road,S111,2018,3,30,1.4,26.9,33.4,22.5,4.3,51.1
Scotts Road,S111,2018,3,31,0.0,28.3,33.0,25.4,5.4,29.5
Scotts Road,S111,2018,4,1,11.0,27.4,33.3,24.2,5.4,42.8
Scotts Road,S111,2018,4,2,4.4,28.2,33.8,25.5,5.0,29.9
Scotts Road,S111,2018,4,3,0.0,28.3,33.8,26.3,6.5,27.4
Scotts Road,S111,2018,4,4,0.0,28.1,31.9,25.9,7.9,31.3
Scotts Road,S111,2018,4,5,0.0,28.1,33.7,25.9,7.2,29.5
Scotts Road,S111,2018,4,6,0.0,28.2,32.6,25.8,6.5,29.2
Scotts Road,S111,2018,4,7,27.4,27.1,32.5,24.3,6.5,32.4
Scotts Road,S111,2018,4,8,3.2,27.8,32.4,26.2,6.8,34.2
Scotts Road,S111,2018,4,9,0.0,28.3,32.0,26.5,7.6,39.6
Scotts Road,S111,2018,4,10,0.0,28.3,31.8,25.8,8.3,39.6
Scotts Road,S111,2018,4,11,0.0,28.6,32.2,26.5,7.6,33.1
Scotts Road,S111,2018,4,12,0.2,29.0,33.3,26.6,6.1,33.8
Scotts Road,S111,2018,4,13,0.0,29.1,33.3,27.0,6.8,40.3
Scotts Road,S111,2018,4,14,34.4,27.5,33.6,23.9,4.3,40.0
Scotts Road,S111,2018,4,15,20.4,26.7,32.5,24.2,4.7,29.2
Scotts Road,S111,2018,4,16,0.6,26.2,28.5,25.2,4.3,32.0
Scotts Road,S111,2018,4,17,0.0,27.6,33.5,25.1,4.0,31.3
Scotts Road,S111,2018,4,18,0.0,28.4,32.8,26.0,5.8,29.5
Scotts Road,S111,2018,4,19,2.8,27.4,33.0,25.3,4.7,33.1
Scotts Road,S111,2018,4,20,13.6,27.1,33.0,23.8,5.0,41.4
Scotts Road,S111,2018,4,21,0.0,27.3,31.9,25.2,4.3,26.3
Scotts Road,S111,2018,4,22,0.4,28.0,32.3,26.0,4.7,32.8
Scotts Road,S111,2018,4,23,65.8,27.1,33.7,23.7,4.0,30.6
Scotts Road,S111,2018,4,24,4.4,27.7,31.1,24.8,5.4,25.6
Scotts Road,S111,2018,4,25,0.0,29.5,32.7,26.4,6.1,26.6
Scotts Road,S111,2018,4,26,0.2,28.7,34.2,26.4,6.1,38.9
Scotts Road,S111,2018,4,27,20.6,26.5,30.9,23.2,5.0,33.5
Scotts Road,S111,2018,4,28,0.0,28.1,32.6,24.8,6.1,31.3
Scotts Road,S111,2018,4,29,0.0,29.3,32.2,27.4,9.4,31.3
Scotts Road,S111,2018,4,30,0.0,29.1,32.8,27.8,10.1,43.6
Scotts Road,S111,2018,5,1,13.0,26.8,28.6,24.6,4.0,52.2
Scotts Road,S111,2018,5,2,2.8,27.9,33.9,24.8,4.0,28.1
Scotts Road,S111,2018,5,3,8.0,28.4,33.1,24.2,4.7,31.0
Scotts Road,S111,2018,5,4,0.8,28.7,33.6,25.8,5.0,25.6
Scotts Road,S111,2018,5,5,0.0,28.6,31.6,26.1,6.8,29.2
Scotts Road,S111,2018,5,6,0.0,29.1,32.4,27.7,8.3,27.7
Scotts Road,S111,2018,5,7,0.0,29.0,32.4,26.3,7.2,32.8
Scotts Road,S111,2018,5,8,0.0,29.4,33.4,27.6,10.8,32.0
Scotts Road,S111,2018,5,9,0.0,29.6,33.4,28.0,13.3,44.3
Scotts Road,S111,2018,5,10,0.0,29.2,32.3,27.8,10.4,41.8
Scotts Road,S111,2018,5,11,0.0,29.3,34.2,28.0,7.9,28.4
Scotts Road,S111,2018,5,12,0.0,29.4,34.8,28.0,9.0,34.6
Scotts Road,S111,2018,5,13,4.4,28.0,30.7,26.0,6.8,28.1
Scotts Road,S111,2018,5,14,3.6,28.2,31.8,24.8,7.2,28.1
Scotts Road,S111,2018,5,15,7.0,28.3,33.0,26.2,6.1,31.3
Scotts Road,S111,2018,5,16,0.4,27.2,31.4,25.0,5.4,33.1
Scotts Road,S111,2018,5,17,0.0,28.5,31.8,26.2,4.7,25.6
Scotts Road,S111,2018,5,18,2.2,28.2,32.6,25.0,5.0,33.5
Scotts Road,S111,2018,5,19,48.4,27.1,33.3,24.2,4.0,41.0
Scotts Road,S111,2018,5,20,17.2,26.4,30.7,23.2,4.3,28.8
Scotts Road,S111,2018,5,21,0.0,28.2,31.8,25.9,5.0,23.8
Scotts Road,S111,2018,5,22,1.6,28.3,31.5,26.9,5.8,28.1
Scotts Road,S111,2018,5,23,11.0,27.0,29.7,24.1,4.7,41.4
Scotts Road,S111,2018,5,24,0.2,28.1,32.7,23.8,7.6,34.2
Scotts Road,S111,2018,5,25,7.2,28.6,32.9,25.9,6.1,38.2
Scotts Road,S111,2018,5,26,69.6,26.9,31.9,23.8,4.7,37.1
Scotts Road,S111,2018,5,27,2.0,27.1,31.2,25.1,5.0,25.2
Scotts Road,S111,2018,5,28,6.4,27.1,29.4,24.2,6.1,34.2
Scotts Road,S111,2018,5,29,0.2,27.8,33.5,25.6,5.0,26.3
Scotts Road,S111,2018,5,30,7.2,27.5,32.6,24.6,4.7,31.0
Scotts Road,S111,2018,5,31,1.4,27.4,31.3,24.3,4.7,31.3
Scotts Road,S111,2018,6,1,34.6,27.5,31.4,23.3,4.7,32.4
Scotts Road,S111,2018,6,2,28.0,27.0,32.3,22.5,4.0,58.3
Scotts Road,S111,2018,6,3,0.0,28.9,33.4,26.1,5.4,28.8
Scotts Road,S111,2018,6,4,0.0,29.1,33.0,25.0,7.6,43.9
Scotts Road,S111,2018,6,5,0.0,29.3,32.5,27.7,9.4,35.6
Scotts Road,S111,2018,6,6,0.0,29.6,33.1,27.8,10.1,28.4
Scotts Road,S111,2018,6,7,0.0,29.7,33.2,28.0,9.7,31.0
Scotts Road,S111,2018,6,8,41.4,28.6,31.6,22.4,7.9,49.7
Scotts Road,S111,2018,6,9,0.0,29.1,32.6,27.7,7.2,24.1
Scotts Road,S111,2018,6,10,0.0,29.2,31.6,27.8,10.1,35.3
Scotts Road,S111,2018,6,11,0.0,29.4,32.6,28.1,10.8,37.8
Scotts Road,S111,2018,6,12,0.0,29.2,31.7,28.0,9.0,34.9
Scotts Road,S111,2018,6,13,1.8,28.3,32.3,26.4,7.6,30.6
Scotts Road,S111,2018,6,14,0.0,28.7,31.9,27.3,6.8,34.2
Scotts Road,S111,2018,6,15,2.2,26.8,28.5,23.2,6.5,47.9
Scotts Road,S111,2018,6,16,0.0,28.7,32.4,26.5,8.6,36.7
Scotts Road,S111,2018,6,17,0.0,29.1,32.9,27.9,8.6,31.0
Scotts Road,S111,2018,6,18,19.0,28.0,30.0,23.5,7.9,33.1
Scotts Road,S111,2018,6,19,16.2,27.1,29.7,22.8,10.4,43.2
Scotts Road,S111,2018,6,20,9.4,26.7,29.0,23.1,6.5,34.2
Scotts Road,S111,2018,6,21,0.0,27.7,30.9,25.4,5.0,28.4
Scotts Road,S111,2018,6,22,6.8,27.8,31.2,25.6,6.8,47.2
Scotts Road,S111,2018,6,23,2.4,26.9,28.9,25.1,6.5,33.1
Scotts Road,S111,2018,6,24,6.2,26.1,28.6,23.3,7.2,28.4
Scotts Road,S111,2018,6,25,4.0,26.0,28.5,22.9,7.9,37.1
Scotts Road,S111,2018,6,26,29.8,26.2,27.5,22.6,6.8,28.8
Scotts Road,S111,2018,6,27,3.6,25.6,27.2,23.8,6.5,38.5
Scotts Road,S111,2018,6,28,0.0,27.7,31.2,25.6,7.6,33.1
Scotts Road,S111,2018,6,29,34.2,25.7,27.1,22.5,5.8,36.0
Scotts Road,S111,2018,6,30,0.0,27.4,30.0,25.9,8.6,26.6
Scotts Road,S111,2018,7,1,0.6,26.7,29.5,25.5,7.2,37.1
Scotts Road,S111,2018,7,2,1.2,27.1,31.0,25.4,6.5,27.7
Scotts Road,S111,2018,7,3,0.6,27.2,29.8,24.1,6.8,29.2
Scotts Road,S111,2018,7,4,0.0,28.3,31.8,26.5,8.3,28.4
Scotts Road,S111,2018,7,5,0.0,28.3,32.1,26.6,9.7,33.5
Scotts Road,S111,2018,7,6,0.0,28.1,31.0,26.9,10.4,33.1
Scotts Road,S111,2018,7,7,0.0,28.1,31.7,26.5,9.7,32.0
Scotts Road,S111,2018,7,8,0.0,28.2,30.9,26.8,9.4,36.0
Scotts Road,S111,2018,7,9,1.2,28.2,31.5,25.1,9.4,38.9
Scotts Road,S111,2018,7,10,11.0,26.3,28.1,22.6,8.6,38.9
Scotts Road,S111,2018,7,11,0.0,27.8,30.8,26.2,7.6,29.5
Scotts Road,S111,2018,7,12,0.0,28.6,33.9,27.2,9.0,28.1
Scotts Road,S111,2018,7,13,0.0,28.3,30.9,26.9,10.8,41.8
Scotts Road,S111,2018,7,14,0.0,28.2,31.0,25.8,9.4,38.2
Scotts Road,S111,2018,7,15,17.4,26.8,30.6,21.3,9.0,47.5
Scotts Road,S111,2018,7,16,0.0,28.3,31.5,26.7,10.1,35.6
Scotts Road,S111,2018,7,17,0.0,28.3,30.6,26.8,10.4,42.5
Scotts Road,S111,2018,7,18,0.0,28.5,31.1,27.1,10.8,42.5
Scotts Road,S111,2018,7,19,14.2,27.8,30.6,23.3,9.0,36.0
Scotts Road,S111,2018,7,20,9.2,28.4,31.3,25.2,7.9,31.3
Scotts Road,S111,2018,7,21,3.0,28.1,30.6,25.4,6.5,28.8
Scotts Road,S111,2018,7,22,0.2,28.6,32.1,27.3,8.3,31.7
Scotts Road,S111,2018,7,23,0.0,29.0,33.2,27.3,10.1,31.7
Scotts Road,S111,2018,7,24,0.0,28.9,33.2,27.1,11.2,37.1
Scotts Road,S111,2018,7,25,0.6,27.0,31.0,24.5,7.2,49.0
Scotts Road,S111,2018,7,26,0.0,28.1,33.5,25.8,8.6,31.3
Scotts Road,S111,2018,7,27,0.0,28.7,32.5,26.8,10.4,36.0
Scotts Road,S111,2018,7,28,0.0,28.9,32.7,27.0,10.4,32.0
Scotts Road,S111,2018,7,29,0.0,28.6,32.2,27.2,9.0,34.6
Scotts Road,S111,2018,7,30,8.4,26.3,27.7,23.1,8.6,38.5
Scotts Road,S111,2018,7,31,0.0,27.1,32.0,25.7,5.8,33.8
Scotts Road,S111,2018,8,1,1.2,25.9,26.9,24.5,6.5,28.4
Scotts Road,S111,2018,8,2,0.0,27.3,31.8,25.7,9.7,36.0
Scotts Road,S111,2018,8,3,0.0,28.1,31.5,26.1,9.7,35.6
Scotts Road,S111,2018,8,4,0.0,27.8,30.7,26.7,10.1,29.9
Scotts Road,S111,2018,8,5,12.6,27.6,29.5,25.9,9.4,38.5
Scotts Road,S111,2018,8,6,0.0,28.0,30.7,26.7,10.1,36.0
Scotts Road,S111,2018,8,7,0.0,27.7,29.9,26.3,10.4,35.3
Scotts Road,S111,2018,8,8,2.2,26.5,28.7,21.8,8.6,61.2
Scotts Road,S111,2018,8,9,0.0,28.0,31.1,26.8,8.6,33.5
Scotts Road,S111,2018,8,10,0.0,28.5,31.1,26.9,9.4,31.3
Scotts Road,S111,2018,8,11,0.0,28.7,32.9,26.9,9.4,36.4
Scotts Road,S111,2018,8,12,0.0,28.8,32.6,26.7,9.4,33.1
Scotts Road,S111,2018,8,13,0.0,29.0,32.8,26.9,10.1,34.2
Scotts Road,S111,2018,8,14,0.2,28.7,31.8,27.3,11.5,40.3
Scotts Road,S111,2018,8,15,0.0,28.9,32.7,27.4,11.5,37.4
Scotts Road,S111,2018,8,16,0.0,28.7,32.7,27.0,10.8,40.7
Scotts Road,S111,2018,8,17,13.4,27.8,29.4,22.5,10.8,39.2
Scotts Road,S111,2018,8,18,0.0,28.3,31.5,26.0,11.9,40.0
Scotts Road,S111,2018,8,19,0.0,28.7,32.0,27.2,12.6,36.4
Scotts Road,S111,2018,8,20,0.0,28.7,32.4,27.1,10.8,35.6
Scotts Road,S111,2018,8,21,0.0,28.6,31.7,27.0,11.9,37.4
Scotts Road,S111,2018,8,22,30.6,27.1,28.8,23.8,6.5,40.7
Scotts Road,S111,2018,8,23,0.2,28.4,31.5,26.2,5.8,26.6
Scotts Road,S111,2018,8,24,6.0,26.8,29.7,22.9,7.2,61.2
Scotts Road,S111,2018,8,25,0.0,27.1,30.9,24.9,7.9,48.2
Scotts Road,S111,2018,8,26,0.0,28.5,32.0,26.5,8.6,32.4
Scotts Road,S111,2018,8,27,0.0,28.7,32.1,26.9,11.2,35.6
Scotts Road,S111,2018,8,28,0.0,28.5,31.8,27.1,7.9,31.7
Scotts Road,S111,2018,8,29,0.0,27.9,30.1,26.3,7.2,30.6
Scotts Road,S111,2018,8,30,0.0,28.1,31.4,25.2,8.3,37.4
Scotts Road,S111,2018,8,31,21.2,27.2,32.5,23.0,8.6,64.8
Scotts Road,S111,2018,9,1,0.0,27.9,33.4,24.8,5.0,20.2
Scotts Road,S111,2018,9,2,10.4,26.9,28.3,23.7,4.7,36.7
Scotts Road,S111,2018,9,3,0.2,27.2,30.3,24.2,9.7,57.2
Scotts Road,S111,2018,9,4,29.4,25.7,27.7,22.0,4.7,34.9
Scotts Road,S111,2018,9,5,0.0,27.1,29.9,24.5,6.8,27.7
Scotts Road,S111,2018,9,6,0.0,28.1,32.5,26.2,6.5,32.8
Scotts Road,S111,2018,9,7,57.0,26.2,28.2,24.2,4.7,29.2
Scotts Road,S111,2018,9,8,71.0,26.1,29.1,21.5,7.9,54.4
Scotts Road,S111,2018,9,9,16.0,27.1,29.6,23.7,7.2,42.1
Scotts Road,S111,2018,9,10,3.8,26.8,30.1,24.5,7.2,35.6
Scotts Road,S111,2018,9,11,1.4,26.2,29.8,24.8,5.4,36.0
Scotts Road,S111,2018,9,12,0.0,27.0,29.8,25.0,8.6,37.1
Scotts Road,S111,2018,9,13,0.0,28.7,32.5,26.5,8.6,36.0
Scotts Road,S111,2018,9,14,0.0,28.6,32.1,26.6,10.4,40.3
Scotts Road,S111,2018,9,15,0.0,28.2,31.0,27.0,9.7,34.9
Scotts Road,S111,2018,9,16,0.0,28.0,30.6,26.9,10.1,38.9
Scotts Road,S111,2018,9,17,0.0,28.4,31.7,26.8,10.4,37.1
Scotts Road,S111,2018,9,18,2.0,27.4,32.2,25.1,6.8,32.8
Scotts Road,S111,2018,9,19,43.4,26.5,32.2,23.0,6.5,35.6
Scotts Road,S111,2018,9,20,9.6,26.2,30.1,21.8,5.4,39.6
Scotts Road,S111,2018,9,21,7.0,25.7,30.2,22.5,5.8,32.4
Scotts Road,S111,2018,9,22,0.8,27.2,31.7,25.1,7.6,28.1
Scotts Road,S111,2018,9,23,0.0,28.6,32.6,25.6,7.9,29.5
Scotts Road,S111,2018,9,24,0.0,28.7,32.7,26.5,9.4,27.4
Scotts Road,S111,2018,9,25,0.0,28.8,34.1,26.9,9.0,27.0
Scotts Road,S111,2018,9,26,0.0,28.4,32.7,26.8,9.4,31.7
Scotts Road,S111,2018,9,27,0.0,28.9,33.4,26.8,9.0,28.8
Scotts Road,S111,2018,9,28,0.0,29.0,33.1,27.0,9.4,29.2
Scotts Road,S111,2018,9,29,0.0,28.9,33.1,26.9,10.4,35.6
Scotts Road,S111,2018,9,30,0.0,28.8,33.5,26.9,11.9,37.8
Scotts Road,S111,2018,10,1,0.0,28.9,33.2,27.0,11.5,37.4
Scotts Road,S111,2018,10,2,0.0,29.0,32.9,26.9,9.4,29.9
Scotts Road,S111,2018,10,3,0.0,29.0,33.4,26.9,7.6,31.7
Scotts Road,S111,2018,10,4,0.0,29.4,33.4,27.5,11.5,37.4
Scotts Road,S111,2018,10,5,0.0,29.3,34.5,27.3,9.7,32.8
Scotts Road,S111,2018,10,6,0.4,27.9,33.2,26.9,7.6,46.1
Scotts Road,S111,2018,10,7,0.0,27.6,31.1,26.2,5.4,32.4
Scotts Road,S111,2018,10,8,6.6,26.8,30.7,24.0,4.0,31.0
Scotts Road,S111,2018,10,9,25.0,25.9,29.4,23.5,4.3,21.2
Scotts Road,S111,2018,10,10,30.0,25.7,31.2,23.7,4.7,31.7
Scotts Road,S111,2018,10,11,30.6,26.3,32.7,23.3,4.3,25.9
Scotts Road,S111,2018,10,12,6.4,26.2,30.1,24.0,5.8,27.0
Scotts Road,S111,2018,10,13,11.0,26.1,28.7,23.0,5.0,44.6
Scotts Road,S111,2018,10,14,6.4,25.0,26.0,23.9,4.3,27.4
Scotts Road,S111,2018,10,15,0.0,27.9,32.1,24.6,6.1,28.4
Scotts Road,S111,2018,10,16,0.0,27.5,33.6,25.6,5.0,41.4
Scotts Road,S111,2018,10,17,0.0,27.1,30.6,25.3,5.4,23.0
Scotts Road,S111,2018,10,18,3.0,26.3,28.9,23.0,6.5,24.8
Scotts Road,S111,2018,10,19,13.4,27.8,32.0,23.1,5.4,36.7
Scotts Road,S111,2018,10,20,0.0,28.7,32.3,26.6,7.2,25.9
Scotts Road,S111,2018,10,21,0.0,28.9,33.3,27.3,8.3,32.4
Scotts Road,S111,2018,10,22,0.0,28.8,33.5,25.2,7.9,33.5
Scotts Road,S111,2018,10,23,15.0,27.1,32.4,22.4,5.0,30.6
Scotts Road,S111,2018,10,24,1.6,27.0,31.1,25.1,5.0,31.3
Scotts Road,S111,2018,10,25,5.6,27.3,30.4,24.9,3.6,27.7
Scotts Road,S111,2018,10,26,0.0,28.2,33.5,25.5,5.0,32.0
Scotts Road,S111,2018,10,27,0.0,27.6,31.6,25.6,5.0,29.5
Scotts Road,S111,2018,10,28,7.0,27.0,31.8,24.7,3.6,32.8
Scotts Road,S111,2018,10,29,5.4,27.5,34.0,24.3,5.0,29.5
Scotts Road,S111,2018,10,30,21.2,26.9,34.2,25.1,5.0,31.7
Scotts Road,S111,2018,10,31,0.0,27.2,32.4,24.9,5.0,27.7
Scotts Road,S111,2018,11,1,2.6,26.2,28.3,24.6,5.0,31.3
Scotts Road,S111,2018,11,2,0.8,26.8,32.3,25.2,5.8,41.4
Scotts Road,S111,2018,11,3,1.4,27.0,31.4,24.9,4.3,23.4
Scotts Road,S111,2018,11,4,30.8,27.0,32.5,23.6,5.0,29.2
Scotts Road,S111,2018,11,5,0.0,27.1,33.0,25.3,5.0,25.6
Scotts Road,S111,2018,11,6,1.8,26.9,33.1,23.9,5.8,28.4
Scotts Road,S111,2018,11,7,22.0,27.7,33.3,23.8,5.0,33.1
Scotts Road,S111,2018,11,8,20.8,27.9,33.2,23.4,6.1,32.8
Scotts Road,S111,2018,11,9,17.6,26.6,28.1,24.2,3.2,21.2
Scotts Road,S111,2018,11,10,2.2,27.2,32.3,24.4,4.3,33.8
Scotts Road,S111,2018,11,11,62.8,26.3,32.4,22.7,4.3,27.0
Scotts Road,S111,2018,11,12,22.0,27.2,33.3,24.3,4.7,27.0
Scotts Road,S111,2018,11,13,0.6,26.8,30.3,24.1,4.3,20.5
Scotts Road,S111,2018,11,14,70.0,27.2,31.2,23.8,5.0,38.2
Scotts Road,S111,2018,11,15,7.2,25.9,30.7,23.5,5.8,58.3
Scotts Road,S111,2018,11,16,0.0,28.1,32.7,24.7,4.7,27.4
Scotts Road,S111,2018,11,17,18.0,27.2,30.6,22.0,6.1,72.7
Scotts Road,S111,2018,11,18,4.4,26.3,29.3,23.6,5.0,29.5
Scotts Road,S111,2018,11,19,10.8,26.7,33.7,24.2,4.7,27.4
Scotts Road,S111,2018,11,20,1.4,27.7,31.8,24.3,4.7,29.2
Scotts Road,S111,2018,11,21,22.0,25.9,29.7,22.7,6.8,46.1
Scotts Road,S111,2018,11,22,1.8,26.8,30.0,23.2,4.0,33.5
Scotts Road,S111,2018,11,23,13.6,27.4,33.0,24.9,4.3,24.5
Scotts Road,S111,2018,11,24,0.0,28.3,33.0,24.9,5.0,26.3
Scotts Road,S111,2018,11,25,20.0,27.7,31.2,24.1,3.6,26.3
Scotts Road,S111,2018,11,26,13.2,28.2,33.0,22.3,5.0,39.6
Scotts Road,S111,2018,11,27,34.6,26.4,29.4,22.9,6.1,49.0
Scotts Road,S111,2018,11,28,0.6,27.8,32.8,25.5,4.3,27.4
Scotts Road,S111,2018,11,29,7.0,27.5,31.5,25.8,4.3,35.6
Scotts Road,S111,2018,11,30,3.0,27.2,31.0,25.1,5.0,24.1
Scotts Road,S111,2018,12,1,21.2,26.5,31.1,24.1,5.8,41.8
Scotts Road,S111,2018,12,2,7.4,26.3,33.7,24.4,5.8,28.4
Scotts Road,S111,2018,12,3,11.6,26.2,30.6,24.4,4.3,22.3
Scotts Road,S111,2018,12,4,0.0,27.8,33.9,24.8,5.4,27.0
Scotts Road,S111,2018,12,5,16.2,27.0,31.9,24.0,4.7,38.5
Scotts Road,S111,2018,12,6,10.8,26.4,32.0,24.6,4.0,20.9
Scotts Road,S111,2018,12,7,2.4,26.8,31.6,24.7,4.3,21.6
Scotts Road,S111,2018,12,8,6.8,26.9,32.2,23.9,4.7,28.4
Scotts Road,S111,2018,12,9,0.4,27.9,33.0,25.5,4.0,28.4
Scotts Road,S111,2018,12,10,3.0,27.2,32.2,25.1,4.0,29.9
Scotts Road,S111,2018,12,11,13.2,25.9,31.1,23.8,4.7,34.2
Scotts Road,S111,2018,12,12,37.2,26.0,31.7,23.5,5.0,31.0
Scotts Road,S111,2018,12,13,0.0,26.0,28.4,24.7,5.4,28.1
Scotts Road,S111,2018,12,14,0.0,26.6,30.6,24.3,5.4,36.0
Scotts Road,S111,2018,12,15,56.2,26.3,32.3,22.8,4.7,28.4
Scotts Road,S111,2018,12,16,18.0,26.4,33.1,23.7,4.3,31.0
Scotts Road,S111,2018,12,17,0.0,27.1,31.4,24.7,5.8,38.5
Scotts Road,S111,2018,12,18,0.0,28.0,31.5,25.6,6.5,30.6
Scotts Road,S111,2018,12,19,7.6,27.9,33.9,25.6,4.3,24.1
Scotts Road,S111,2018,12,20,0.6,27.7,33.1,25.1,5.8,29.2
Scotts Road,S111,2018,12,21,3.2,27.6,33.1,25.4,6.5,43.2
Scotts Road,S111,2018,12,22,0.6,27.7,33.9,25.3,5.8,28.8
Scotts Road,S111,2018,12,23,0.0,27.9,34.7,25.1,4.3,26.6
Scotts Road,S111,2018,12,24,0.0,28.4,32.7,25.7,5.4,29.2
Scotts Road,S111,2018,12,25,0.0,28.5,31.4,26.2,5.8,29.9
Scotts Road,S111,2018,12,26,9.4,27.7,31.4,22.6,9.7,37.4
Scotts Road,S111,2018,12,27,0.0,27.1,29.9,25.2,7.6,33.8
Scotts Road,S111,2018,12,28,0.0,28.7,32.3,26.2,8.3,37.4
Scotts Road,S111,2018,12,29,0.0,27.6,30.1,25.1,6.1,22.7
Scotts Road,S111,2018,12,30,1.2,28.2,34.2,25.9,5.8,31.0
Scotts Road,S111,2018,12,31,32.8,26.6,30.9,23.6,6.5,42.5
Scotts Road,S111,2019,1,1,0.2,27.9,34.3,24.9,6.1,32.4
Scotts Road,S111,2019,1,2,0.0,28.2,32.3,25.6,10.1,39.2
Scotts Road,S111,2019,1,3,0.0,28.3,31.2,26.0,13.0,51.1
Scotts Road,S111,2019,1,4,0.0,28.6,31.8,25.9,9.7,34.6
Scotts Road,S111,2019,1,5,0.8,28.0,32.0,26.5,5.8,32.4
Scotts Road,S111,2019,1,6,0.0,28.3,32.6,26.2,7.2,38.2
Scotts Road,S111,2019,1,7,0.0,28.4,32.4,26.4,7.9,38.2
Scotts Road,S111,2019,1,8,8.2,27.6,31.6,26.0,6.1,39.2
Scotts Road,S111,2019,1,9,0.0,28.0,31.4,26.1,7.2,34.6
Scotts Road,S111,2019,1,10,0.0,28.3,32.3,26.0,7.9,38.9
Scotts Road,S111,2019,1,11,0.0,27.9,32.3,25.3,7.2,34.6
Scotts Road,S111,2019,1,12,43.6,27.8,33.5,23.8,6.1,28.4
Scotts Road,S111,2019,1,13,8.2,27.6,33.1,25.3,6.5,37.8
Scotts Road,S111,2019,1,14,0.0,27.7,32.7,25.7,6.8,33.8
Scotts Road,S111,2019,1,15,0.4,27.8,32.4,24.9,6.1,28.8
Scotts Road,S111,2019,1,16,0.0,27.9,32.0,24.9,6.8,32.4
Scotts Road,S111,2019,1,17,12.6,26.3,31.7,24.0,5.8,36.7
Scotts Road,S111,2019,1,18,49.0,25.2,27.8,22.5,7.2,37.4
Scotts Road,S111,2019,1,19,0.0,26.9,30.8,24.5,7.2,35.6
Scotts Road,S111,2019,1,20,0.0,27.7,32.4,25.1,7.9,41.0
Scotts Road,S111,2019,1,21,4.0,27.4,31.9,25.3,7.2,40.0
Scotts Road,S111,2019,1,22,0.0,27.2,30.8,25.0,9.0,42.8
Scotts Road,S111,2019,1,23,0.0,27.6,31.3,25.4,9.4,43.9
Scotts Road,S111,2019,1,24,0.0,27.2,30.5,25.7,7.9,35.6
Scotts Road,S111,2019,1,25,0.0,26.9,30.0,25.2,7.6,37.4
Scotts Road,S111,2019,1,26,0.0,26.9,30.5,25.1,9.0,38.5
Scotts Road,S111,2019,1,27,0.0,27.3,31.1,25.4,9.0,40.3
Scotts Road,S111,2019,1,28,0.4,26.3,28.7,24.9,7.2,41.4
Scotts Road,S111,2019,1,29,0.0,27.4,31.9,25.3,8.3,41.4
Scotts Road,S111,2019,1,30,0.0,27.6,31.1,25.6,7.6,34.9
Scotts Road,S111,2019,1,31,0.0,27.3,32.0,25.3,6.5,34.2
Scotts Road,S111,2019,2,1,0.0,27.8,32.2,25.3,7.9,34.6
Scotts Road,S111,2019,2,2,0.0,27.8,32.1,25.9,7.2,31.0
Scotts Road,S111,2019,2,3,0.0,28.0,31.4,25.8,7.2,38.2
Scotts Road,S111,2019,2,4,0.4,27.9,34.3,25.6,6.1,30.2
Scotts Road,S111,2019,2,5,0.0,27.7,33.6,24.8,6.1,33.5
Scotts Road,S111,2019,2,6,0.0,27.8,32.4,24.8,6.8,32.0
Scotts Road,S111,2019,2,7,1.2,27.6,34.3,25.2,6.1,28.8
Scotts Road,S111,2019,2,8,0.0,28.0,34.2,25.4,6.8,32.4
Scotts Road,S111,2019,2,9,0.0,28.4,34.3,25.8,7.6,37.8
Scotts Road,S111,2019,2,10,0.0,28.2,33.0,25.9,7.6,32.8
Scotts Road,S111,2019,2,11,0.0,27.6,32.6,24.9,7.9,35.6
Scotts Road,S111,2019,2,12,0.0,28.5,33.6,25.1,6.5,32.4
Scotts Road,S111,2019,2,13,0.2,28.1,32.6,26.1,7.9,39.6
Scotts Road,S111,2019,2,14,0.0,28.1,31.9,26.5,9.0,41.0
Scotts Road,S111,2019,2,15,0.0,27.6,32.1,25.8,7.2,35.3
Scotts Road,S111,2019,2,16,0.0,28.0,33.7,25.2,7.2,30.2
Scotts Road,S111,2019,2,17,6.4,27.0,34.4,24.1,6.1,37.4
Scotts Road,S111,2019,2,18,5.6,26.6,31.3,22.2,4.7,37.4
Scotts Road,S111,2019,2,19,5.2,27.6,32.5,25.8,7.2,32.4
Scotts Road,S111,2019,2,20,0.0,27.9,31.6,25.9,5.8,28.4
Scotts Road,S111,2019,2,21,0.0,28.1,32.2,25.6,7.9,38.5
Scotts Road,S111,2019,2,22,0.0,28.5,33.8,25.6,7.2,33.1
Scotts Road,S111,2019,2,23,0.0,27.9,32.3,25.7,6.8,33.1
Scotts Road,S111,2019,2,24,0.0,27.7,33.2,25.4,6.5,33.1
Scotts Road,S111,2019,2,25,0.0,28.3,32.3,25.7,7.9,36.4
Scotts Road,S111,2019,2,26,0.0,27.9,31.1,26.0,8.6,39.6
Scotts Road,S111,2019,2,27,0.0,27.7,32.1,26.2,7.9,42.5
Scotts Road,S111,2019,2,28,0.0,27.9,31.3,25.8,6.5,35.3
Scotts Road,S111,2019,3,1,0.0,28.0,32.4,26.0,7.2,37.8
Scotts Road,S111,2019,3,2,0.0,28.1,33.8,25.7,7.2,32.4
Scotts Road,S111,2019,3,3,0.0,27.8,33.3,25.0,6.8,34.9
Scotts Road,S111,2019,3,4,0.2,27.8,34.3,24.9,6.1,29.2
Scotts Road,S111,2019,3,5,0.0,28.5,33.3,25.4,6.1,27.0
Scotts Road,S111,2019,3,6,0.0,28.3,33.1,26.7,6.1,29.2
Scotts Road,S111,2019,3,7,0.0,28.8,33.1,26.9,7.2,40.3
Scotts Road,S111,2019,3,8,0.0,28.7,32.5,26.6,7.9,33.5
Scotts Road,S111,2019,3,9,0.0,28.8,33.4,26.5,8.3,35.3
Scotts Road,S111,2019,3,10,0.0,28.4,32.6,26.6,9.4,39.2
Scotts Road,S111,2019,3,11,16.4,27.0,33.2,22.0,5.8,37.4
Scotts Road,S111,2019,3,12,2.4,28.4,33.6,24.3,6.1,30.6
Scotts Road,S111,2019,3,13,0.0,29.0,34.3,26.4,5.8,28.4
Scotts Road,S111,2019,3,14,0.0,28.7,33.3,26.2,6.1,30.2
Scotts Road,S111,2019,3,15,0.0,28.4,34.4,25.1,6.1,33.8
Scotts Road,S111,2019,3,16,0.0,28.2,32.8,24.8,6.5,37.8
Scotts Road,S111,2019,3,17,0.0,28.6,33.4,25.9,6.8,30.6
Scotts Road,S111,2019,3,18,0.0,28.7,33.6,25.3,6.5,32.4
Scotts Road,S111,2019,3,19,0.0,28.5,33.9,26.3,7.6,32.0
Scotts Road,S111,2019,3,20,0.0,29.0,33.6,26.6,6.5,33.1
Scotts Road,S111,2019,3,21,39.0,27.5,34.4,23.8,7.2,37.1
Scotts Road,S111,2019,3,22,0.0,28.4,34.9,25.1,5.8,29.5
Scotts Road,S111,2019,3,23,5.0,28.7,33.7,26.3,5.8,38.2
Scotts Road,S111,2019,3,24,0.2,28.7,34.8,25.8,5.0,27.0
Scotts Road,S111,2019,3,25,6.6,28.4,33.6,24.1,5.8,34.6
Scotts Road,S111,2019,3,26,0.0,29.1,33.1,27.0,7.9,40.3
Scotts Road,S111,2019,3,27,0.0,29.5,34.1,26.7,7.2,33.5
Scotts Road,S111,2019,3,28,0.2,27.9,33.0,24.9,5.8,38.9
Scotts Road,S111,2019,3,29,0.0,29.0,33.5,25.4,6.5,32.0
Scotts Road,S111,2019,3,30,0.0,27.6,31.6,24.2,5.0,36.4
Scotts Road,S111,2019,3,31,0.0,28.4,31.4,26.2,6.1,33.8
Scotts Road,S111,2019,4,1,50.6,26.3,29.6,23.6,4.7,38.5
Scotts Road,S111,2019,4,2,0.2,27.9,31.6,26.1,5.0,25.6
Scotts Road,S111,2019,4,3,27.0,26.9,31.9,21.9,4.7,59.8
Scotts Road,S111,2019,4,4,41.8,28.1,34.7,24.6,6.1,30.6
Scotts Road,S111,2019,4,5,4.6,28.1,33.8,25.0,5.4,38.2
Scotts Road,S111,2019,4,6,0.0,28.1,32.7,25.6,8.3,36.4
Scotts Road,S111,2019,4,7,0.0,28.7,32.6,26.2,7.6,32.0
Scotts Road,S111,2019,4,8,0.0,28.9,33.7,26.4,6.5,31.3
Scotts Road,S111,2019,4,9,9.2,28.8,33.8,26.3,5.0,28.4
Scotts Road,S111,2019,4,10,1.4,28.3,33.5,26.5,4.0,30.2
Scotts Road,S111,2019,4,11,4.2,27.6,30.7,25.9,4.3,22.0
Scotts Road,S111,2019,4,12,0.0,28.8,32.9,25.9,4.7,30.6
Scotts Road,S111,2019,4,13,0.0,29.0,33.7,26.4,7.6,32.4
Scotts Road,S111,2019,4,14,0.0,28.5,32.3,26.9,8.3,35.3
Scotts Road,S111,2019,4,15,0.0,29.4,34.3,26.5,6.5,37.1
Scotts Road,S111,2019,4,16,0.0,29.8,33.8,27.7,9.0,29.2
Scotts Road,S111,2019,4,17,0.0,29.7,33.0,27.1,8.6,35.3
Scotts Road,S111,2019,4,18,0.0,29.6,32.8,27.6,7.2,33.5
Scotts Road,S111,2019,4,19,0.0,29.5,35.7,26.7,5.4,33.5
Scotts Road,S111,2019,4,20,25.2,27.8,30.1,25.3,5.4,30.6
Scotts Road,S111,2019,4,21,0.0,29.1,34.9,27.1,7.9,34.9
Scotts Road,S111,2019,4,22,0.0,28.5,32.7,26.6,6.1,38.2
Scotts Road,S111,2019,4,23,27.8,27.6,33.3,24.4,4.0,32.8
Scotts Road,S111,2019,4,24,21.8,27.9,31.2,25.9,4.3,20.2
Scotts Road,S111,2019,4,25,0.0,28.3,31.9,26.4,5.0,30.2
Scotts Road,S111,2019,4,26,36.6,25.9,28.3,23.3,4.3,33.5
Scotts Road,S111,2019,4,27,14.2,27.1,31.4,24.3,5.0,26.3
Scotts Road,S111,2019,4,28,0.6,28.6,34.0,24.7,6.5,55.1
Scotts Road,S111,2019,4,29,1.2,28.9,33.7,25.6,7.9,40.7
Scotts Road,S111,2019,4,30,0.4,28.2,32.7,26.4,4.0,28.4
Scotts Road,S111,2019,5,1,0.0,29.4,32.7,27.1,4.0,26.3
Scotts Road,S111,2019,5,2,0.0,29.5,33.7,27.8,5.0,23.0
Scotts Road,S111,2019,5,3,2.2,29.5,32.9,27.1,6.1,23.8
Scotts Road,S111,2019,5,4,18.2,28.5,32.5,23.0,5.8,67.0
Scotts Road,S111,2019,5,5,0.0,28.1,31.1,26.1,7.9,32.0
Scotts Road,S111,2019,5,6,0.0,29.7,33.1,27.7,7.2,40.7
Scotts Road,S111,2019,5,7,4.0,29.9,33.5,27.6,5.8,32.0
Scotts Road,S111,2019,5,8,41.0,26.7,29.7,22.1,6.1,58.3
Scotts Road,S111,2019,5,9,0.2,29.4,33.1,27.0,5.8,27.4
Scotts Road,S111,2019,5,10,43.4,29.0,33.0,22.0,5.8,46.8
Scotts Road,S111,2019,5,11,17.8,28.7,30.8,24.3,4.3,41.4
Scotts Road,S111,2019,5,12,0.0,29.6,33.8,27.4,4.7,25.2
Scotts Road,S111,2019,5,13,1.6,28.8,31.8,27.1,6.1,38.5
Scotts Road,S111,2019,5,14,1.6,28.8,33.3,26.5,6.8,41.8
Scotts Road,S111,2019,5,15,0.6,29.1,33.0,26.2,6.1,31.3
Scotts Road,S111,2019,5,16,3.2,28.5,31.6,26.1,4.7,29.2
Scotts Road,S111,2019,5,17,7.8,27.4,30.0,24.1,6.8,40.0
Scotts Road,S111,2019,5,18,0.0,28.6,31.6,26.9,7.9,32.0
Scotts Road,S111,2019,5,19,4.6,27.2,30.1,22.8,5.8,52.6
Scotts Road,S111,2019,5,20,0.0,28.3,31.1,26.3,5.8,32.4
Scotts Road,S111,2019,5,21,1.0,28.1,31.8,26.5,6.8,35.6
Scotts Road,S111,2019,5,22,1.0,27.9,32.2,26.2,5.8,52.9
Scotts Road,S111,2019,5,23,0.0,28.8,32.2,25.8,8.6,44.3
Scotts Road,S111,2019,5,24,0.0,29.8,34.7,28.0,7.9,30.6
Scotts Road,S111,2019,5,25,0.0,29.0,32.4,27.6,8.3,41.8
Scotts Road,S111,2019,5,26,0.0,29.3,33.6,27.6,8.3,35.3
Scotts Road,S111,2019,5,27,7.0,28.9,32.8,25.6,10.4,47.5
Scotts Road,S111,2019,5,28,0.2,29.1,31.8,27.8,11.5,42.1
Scotts Road,S111,2019,5,29,0.0,29.2,33.5,27.8,7.6,28.8
Scotts Road,S111,2019,5,30,29.4,27.7,32.0,24.5,6.1,40.3
Scotts Road,S111,2019,5,31,1.6,28.5,33.1,26.2,6.8,35.3
Scotts Road,S111,2019,6,1,0.0,28.0,31.4,26.4,6.5,29.5
Scotts Road,S111,2019,6,2,48.6,28.1,33.6,23.2,5.8,34.6
Scotts Road,S111,2019,6,3,57.2,26.3,30.4,24.0,5.0,33.5
Scotts Road,S111,2019,6,4,0.2,27.5,31.4,25.2,5.8,32.8
Scotts Road,S111,2019,6,5,2.8,28.6,31.6,26.9,7.6,32.0
Scotts Road,S111,2019,6,6,18.0,26.7,28.4,24.5,6.5,39.6
Scotts Road,S111,2019,6,7,6.4,25.7,27.1,24.0,5.8,36.7
Scotts Road,S111,2019,6,8,0.4,27.0,30.1,25.1,5.4,27.4
Scotts Road,S111,2019,6,9,0.0,28.3,32.3,26.8,6.8,31.7
Scotts Road,S111,2019,6,10,4.2,28.9,32.5,27.5,8.3,32.4
Scotts Road,S111,2019,6,11,13.2,28.8,33.1,25.6,8.6,37.4
Scotts Road,S111,2019,6,12,31.0,26.4,28.2,23.6,10.1,47.2
Scotts Road,S111,2019,6,13,4.8,28.0,30.4,26.6,8.3,27.7
Scotts Road,S111,2019,6,14,0.2,28.7,31.5,26.9,8.3,33.5
Scotts Road,S111,2019,6,15,0.0,28.4,31.5,26.0,7.9,33.5
Scotts Road,S111,2019,6,16,0.0,28.8,32.4,27.5,10.1,37.8
Scotts Road,S111,2019,6,17,0.0,28.6,31.8,27.0,8.6,33.1
Scotts Road,S111,2019,6,18,3.6,27.0,29.0,25.2,6.5,34.9
Scotts Road,S111,2019,6,19,18.2,27.3,29.4,23.8,5.4,28.1
Scotts Road,S111,2019,6,20,0.0,28.4,31.4,26.8,7.9,34.2
Scotts Road,S111,2019,6,21,0.0,27.9,32.3,25.9,7.6,36.4
Scotts Road,S111,2019,6,22,7.2,26.8,29.9,23.1,7.2,42.5
Scotts Road,S111,2019,6,23,0.2,28.2,32.2,25.8,8.6,34.6
Scotts Road,S111,2019,6,24,0.0,28.6,32.1,27.0,9.0,40.0
Scotts Road,S111,2019,6,25,0.0,29.0,31.9,27.4,10.8,37.8
Scotts Road,S111,2019,6,26,21.8,27.5,31.2,23.9,7.2,34.9
Scotts Road,S111,2019,6,27,0.0,28.6,31.9,26.7,8.3,33.5
Scotts Road,S111,2019,6,28,0.0,29.0,32.6,27.5,10.8,37.8
Scotts Road,S111,2019,6,29,5.6,28.3,31.9,24.9,10.8,45.4
Scotts Road,S111,2019,6,30,0.0,28.2,30.4,26.7,9.7,46.8
Scotts Road,S111,2019,7,1,0.0,28.8,31.4,27.5,10.4,36.4
Scotts Road,S111,2019,7,2,0.0,29.1,32.6,27.6,9.4,34.2
Scotts Road,S111,2019,7,3,0.0,28.6,31.6,25.7,8.3,40.7
Scotts Road,S111,2019,7,4,0.0,28.9,32.4,27.7,10.1,33.1
Scotts Road,S111,2019,7,5,2.8,28.6,31.9,26.7,11.5,39.6
Scotts Road,S111,2019,7,6,0.0,28.8,32.7,27.3,10.4,33.5
Scotts Road,S111,2019,7,7,0.0,28.3,31.1,26.9,7.6,31.7
Scotts Road,S111,2019,7,8,1.0,28.0,31.9,24.3,7.6,42.1
Scotts Road,S111,2019,7,9,3.6,27.4,30.5,23.8,7.6,45.4
Scotts Road,S111,2019,7,10,0.0,28.5,31.6,27.0,15.5,40.3
Scotts Road,S111,2019,7,11,0.0,28.6,31.8,27.0,12.2,38.2
Scotts Road,S111,2019,7,12,0.0,28.6,32.0,26.8,10.4,37.1
Scotts Road,S111,2019,7,13,0.0,28.8,31.8,27.2,10.4,41.8
Scotts Road,S111,2019,7,14,0.0,28.8,32.7,27.4,10.8,37.4
Scotts Road,S111,2019,7,15,7.2,26.6,28.2,23.1,7.9,36.0
Scotts Road,S111,2019,7,16,0.0,28.1,30.2,26.3,10.8,39.2
Scotts Road,S111,2019,7,17,1.0,28.3,30.8,27.1,11.2,40.7
Scotts Road,S111,2019,7,18,0.0,28.4,32.4,27.0,12.6,41.4
Scotts Road,S111,2019,7,19,0.0,28.5,31.7,27.0,10.4,34.6
Scotts Road,S111,2019,7,20,0.0,28.6,33.0,26.9,9.0,27.7
Scotts Road,S111,2019,7,21,0.0,28.4,31.6,27.1,7.2,34.9
Scotts Road,S111,2019,7,22,0.0,27.8,31.3,26.5,8.3,37.4
Scotts Road,S111,2019,7,23,8.4,27.1,29.7,23.6,7.6,34.6
Scotts Road,S111,2019,7,24,16.6,27.6,30.5,22.5,10.4,49.0
Scotts Road,S111,2019,7,25,0.0,28.3,31.4,26.9,9.4,29.9
Scotts Road,S111,2019,7,26,0.0,28.4,32.4,26.5,9.7,31.7
Scotts Road,S111,2019,7,27,0.0,28.5,32.2,27.0,10.1,32.8
Scotts Road,S111,2019,7,28,0.0,28.4,31.3,26.9,11.5,37.8
Scotts Road,S111,2019,7,29,0.0,28.9,32.1,27.0,10.4,36.4
Scotts Road,S111,2019,7,30,0.0,28.6,30.8,27.0,11.2,44.6
Scotts Road,S111,2019,7,31,0.0,28.5,31.1,27.3,11.2,46.4
Scotts Road,S111,2019,8,1,0.0,28.5,31.3,26.9,10.8,45.0
Scotts Road,S111,2019,8,2,0.0,28.5,31.6,26.9,11.9,41.8
Scotts Road,S111,2019,8,3,0.0,28.7,31.9,27.0,10.8,35.3
Scotts Road,S111,2019,8,4,0.0,28.2,30.4,26.9,11.2,39.6
Scotts Road,S111,2019,8,5,1.2,28.1,30.6,26.7,10.8,40.7
Scotts Road,S111,2019,8,6,0.0,28.1,31.3,27.0,10.4,33.1
Scotts Road,S111,2019,8,7,0.0,28.3,31.5,26.7,10.1,40.3
Scotts Road,S111,2019,8,8,0.0,28.2,30.5,26.9,11.5,43.2
Scotts Road,S111,2019,8,9,0.0,28.2,31.6,26.8,10.8,52.2
Scotts Road,S111,2019,8,10,0.0,28.4,31.3,26.9,10.8,36.7
Scotts Road,S111,2019,8,11,0.0,28.5,31.3,26.9,10.4,36.7
Scotts Road,S111,2019,8,12,0.0,28.6,32.8,27.0,12.2,36.0
Scotts Road,S111,2019,8,13,0.0,28.8,32.3,27.0,11.9,36.0
Scotts Road,S111,2019,8,14,0.0,28.6,31.7,26.9,11.5,40.0
Scotts Road,S111,2019,8,15,0.0,28.6,32.0,27.0,10.1,45.0
Scotts Road,S111,2019,8,16,0.0,29.0,33.0,27.0,10.1,40.3
Scotts Road,S111,2019,8,17,5.6,28.2,32.6,24.0,11.5,50.0
Scotts Road,S111,2019,8,18,0.0,28.6,32.1,27.2,13.7,40.3
Scotts Road,S111,2019,8,19,0.0,28.5,33.4,26.6,10.4,37.1
Scotts Road,S111,2019,8,20,0.0,28.6,32.5,27.0,13.0,42.1
Scotts Road,S111,2019,8,21,0.0,28.7,32.0,27.0,12.2,40.0
Scotts Road,S111,2019,8,22,0.0,28.6,31.9,27.0,12.2,44.3
Scotts Road,S111,2019,8,23,0.0,28.7,33.1,27.1,13.0,42.1
Scotts Road,S111,2019,8,24,0.0,28.5,32.4,26.6,12.2,41.4
Scotts Road,S111,2019,8,25,0.0,28.1,31.3,26.6,9.4,35.6
Scotts Road,S111,2019,8,26,3.8,27.6,32.4,24.7,7.6,32.0
Scotts Road,S111,2019,8,27,20.0,26.7,29.8,24.1,6.5,37.8
Scotts Road,S111,2019,8,28,5.6,26.4,27.3,24.2,6.5,34.9
Scotts Road,S111,2019,8,29,0.0,28.0,31.0,26.1,11.9,41.4
Scotts Road,S111,2019,8,30,11.6,27.7,29.8,23.9,12.2,50.4
Scotts Road,S111,2019,8,31,0.0,28.2,32.2,26.5,10.4,31.3
Scotts Road,S111,2019,9,1,0.0,28.5,32.9,26.7,10.1,34.6
Scotts Road,S111,2019,9,2,0.8,28.5,31.6,26.9,10.8,39.2
Scotts Road,S111,2019,9,3,0.0,28.6,32.2,27.1,11.2,36.7
Scotts Road,S111,2019,9,4,10.0,28.0,30.9,23.4,10.1,45.4
Scotts Road,S111,2019,9,5,0.0,28.5,32.7,26.7,10.8,34.6
Scotts Road,S111,2019,9,6,0.0,28.6,32.8,26.7,10.4,30.2
Scotts Road,S111,2019,9,7,0.0,28.6,32.4,26.7,12.2,37.8
Scotts Road,S111,2019,9,8,0.0,28.7,32.7,26.7,10.8,36.7
Scotts Road,S111,2019,9,9,0.0,28.7,32.3,26.7,10.8,35.6
Scotts Road,S111,2019,9,10,0.0,28.4,31.4,26.8,13.7,37.8
Scotts Road,S111,2019,9,11,0.0,28.7,33.1,26.6,11.2,33.8
Scotts Road,S111,2019,9,12,0.0,28.4,32.9,26.6,9.7,37.1
Scotts Road,S111,2019,9,13,0.0,28.5,32.0,26.7,9.4,35.3
Scotts Road,S111,2019,9,14,0.0,27.7,29.1,26.8,9.4,37.1
Scotts Road,S111,2019,9,15,0.0,28.0,31.2,26.5,9.7,34.2
Scotts Road,S111,2019,9,16,0.0,28.2,32.4,26.2,9.4,31.7
Scotts Road,S111,2019,9,17,0.0,28.4,32.3,26.5,9.7,32.8
Scotts Road,S111,2019,9,18,0.0,28.5,32.5,27.0,12.6,38.2
Scotts Road,S111,2019,9,19,0.0,28.4,31.6,26.9,12.6,38.5
Scotts Road,S111,2019,9,20,0.0,28.1,31.9,26.7,11.9,35.6
Scotts Road,S111,2019,9,21,0.0,28.5,33.1,26.2,13.3,40.7
Scotts Road,S111,2019,9,22,0.0,28.5,32.5,26.1,14.4,40.7
Scotts Road,S111,2019,9,23,0.0,28.0,30.8,26.8,10.4,40.0
Scotts Road,S111,2019,9,24,0.0,28.8,33.4,26.4,6.8,34.9
Scotts Road,S111,2019,9,25,17.0,26.5,31.2,23.6,5.4,42.1
Scotts Road,S111,2019,9,26,0.0,27.9,33.7,24.5,6.5,29.9
Scotts Road,S111,2019,9,27,0.0,28.8,32.5,27.0,6.1,33.8
Scotts Road,S111,2019,9,28,0.0,28.7,33.0,26.2,5.8,36.4
Scotts Road,S111,2019,9,29,29.0,27.4,32.6,23.0,4.7,41.4
Scotts Road,S111,2019,9,30,9.6,26.4,29.5,23.9,5.8,33.8
Scotts Road,S111,2019,10,1,0.6,27.2,29.9,24.9,5.8,37.4
Scotts Road,S111,2019,10,2,1.6,26.6,32.0,24.1,5.4,33.1
Scotts Road,S111,2019,10,3,0.0,27.0,31.8,23.8,5.4,27.4
Scotts Road,S111,2019,10,4,0.6,27.7,32.5,25.3,6.5,28.1
Scotts Road,S111,2019,10,5,0.2,28.0,33.6,23.9,9.0,38.2
Scotts Road,S111,2019,10,6,0.0,28.2,33.2,25.9,8.3,40.3
Scotts Road,S111,2019,10,7,10.0,26.9,31.1,23.5,6.1,32.8
Scotts Road,S111,2019,10,8,0.0,27.3,32.1,25.0,4.3,32.0
Scotts Road,S111,2019,10,9,0.0,28.4,32.4,26.0,4.7,39.2
Scotts Road,S111,2019,10,10,0.0,28.1,33.2,25.5,3.6,28.1
Scotts Road,S111,2019,10,11,0.0,29.1,34.3,25.6,6.5,32.4
Scotts Road,S111,2019,10,12,0.0,29.0,34.1,27.0,5.4,30.2
Scotts Road,S111,2019,10,13,0.0,28.8,35.0,26.4,7.2,32.8
Scotts Road,S111,2019,10,14,0.0,29.0,34.7,26.0,6.5,37.4
Scotts Road,S111,2019,10,15,0.0,29.0,34.2,26.5,5.8,34.2
Scotts Road,S111,2019,10,16,0.0,29.2,33.3,26.8,5.8,29.9
Scotts Road,S111,2019,10,17,2.8,28.0,30.8,26.0,4.7,32.8
Scotts Road,S111,2019,10,18,0.0,27.5,30.3,25.5,5.8,42.8
Scotts Road,S111,2019,10,19,0.0,28.6,33.4,26.1,7.2,42.1
Scotts Road,S111,2019,10,20,0.4,28.3,33.9,26.0,6.8,36.4
Scotts Road,S111,2019,10,21,9.4,28.1,32.5,26.0,5.0,35.6
Scotts Road,S111,2019,10,22,21.2,25.6,27.5,22.7,5.4,47.9
Scotts Road,S111,2019,10,23,2.0,26.9,31.6,23.9,4.7,36.0
Scotts Road,S111,2019,10,24,0.0,28.1,34.5,25.6,5.4,28.1
Scotts Road,S111,2019,10,25,0.0,28.9,34.6,26.7,4.7,25.2
Scotts Road,S111,2019,10,26,27.2,26.9,33.3,23.1,4.0,30.6
Scotts Road,S111,2019,10,27,28.8,27.1,34.9,23.8,5.8,33.5
Scotts Road,S111,2019,10,28,0.4,26.6,30.6,24.7,4.7,25.2
Scotts Road,S111,2019,10,29,0.0,28.5,33.3,25.2,5.4,31.0
Scotts Road,S111,2019,10,30,0.0,28.2,33.0,25.8,5.4,46.1
Scotts Road,S111,2019,10,31,0.0,28.1,31.5,25.6,4.7,29.5
Scotts Road,S111,2019,11,1,0.0,27.9,32.3,24.7,8.6,48.6
Scotts Road,S111,2019,11,2,0.0,29.3,33.3,26.7,6.5,35.3
Scotts Road,S111,2019,11,3,0.0,27.6,33.2,25.2,6.5,30.6
Scotts Road,S111,2019,11,4,0.0,28.6,32.2,26.0,3.6,23.0
Scotts Road,S111,2019,11,5,21.0,27.8,30.7,23.9,4.7,33.1
Scotts Road,S111,2019,11,6,0.0,28.8,33.1,26.5,8.3,36.4
Scotts Road,S111,2019,11,7,0.0,29.6,34.8,26.7,6.8,32.0
Scotts Road,S111,2019,11,8,5.8,27.3,30.9,22.8,7.9,47.5
Scotts Road,S111,2019,11,9,0.0,28.7,34.1,26.0,5.0,28.8
Scotts Road,S111,2019,11,10,0.0,28.9,34.1,24.8,5.8,46.4
Scotts Road,S111,2019,11,11,0.0,28.7,31.5,27.4,5.4,45.7
Scotts Road,S111,2019,11,12,3.8,27.8,33.3,24.5,5.4,29.2
Scotts Road,S111,2019,11,13,0.0,28.5,32.7,25.8,4.7,27.7
Scotts Road,S111,2019,11,14,0.6,27.4,29.7,26.2,6.1,31.7
Scotts Road,S111,2019,11,15,0.0,27.3,30.7,25.2,4.7,32.4
Scotts Road,S111,2019,11,16,0.0,28.1,32.9,25.5,4.7,20.5
Scotts Road,S111,2019,11,17,0.0,29.2,34.8,25.9,6.1,30.2
Scotts Road,S111,2019,11,18,0.0,28.5,35.5,26.4,5.0,27.7
Scotts Road,S111,2019,11,19,7.2,27.6,32.8,24.5,5.0,32.4
Scotts Road,S111,2019,11,20,35.4,25.9,29.4,23.6,5.8,33.1
Scotts Road,S111,2019,11,21,0.2,26.3,30.1,24.8,5.8,28.1
Scotts Road,S111,2019,11,22,0.2,26.8,32.9,24.9,5.0,24.5
Scotts Road,S111,2019,11,23,1.4,26.2,31.0,24.3,6.1,37.1
Scotts Road,S111,2019,11,24,9.6,26.5,31.8,24.6,5.0,27.4
Scotts Road,S111,2019,11,25,0.0,27.8,33.5,24.8,5.4,27.7
Scotts Road,S111,2019,11,26,0.0,28.2,33.5,25.2,6.8,40.3
Scotts Road,S111,2019,11,27,0.2,27.9,33.8,25.7,6.5,35.6
Scotts Road,S111,2019,11,28,4.0,27.5,32.5,25.7,5.4,37.1
Scotts Road,S111,2019,11,29,64.4,26.2,31.7,23.7,7.2,41.4
Scotts Road,S111,2019,11,30,0.6,27.4,33.0,24.9,6.5,36.0
Scotts Road,S111,2019,12,1,0.2,28.1,34.7,25.2,6.5,28.8
Scotts Road,S111,2019,12,2,30.8,26.1,32.3,23.1,7.2,42.8
Scotts Road,S111,2019,12,3,0.0,27.1,30.0,25.3,9.0,45.4
Scotts Road,S111,2019,12,4,0.4,27.6,31.5,25.6,9.0,49.0
Scotts Road,S111,2019,12,5,0.0,27.3,30.8,25.8,7.9,39.6
Scotts Road,S111,2019,12,6,0.0,27.7,32.3,25.3,9.7,47.5
Scotts Road,S111,2019,12,7,0.0,27.3,29.2,25.9,9.7,47.5
Scotts Road,S111,2019,12,8,0.0,26.0,27.8,24.7,7.9,33.1
Scotts Road,S111,2019,12,9,19.6,24.5,26.5,23.2,9.7,42.1
Scotts Road,S111,2019,12,10,12.8,25.1,26.2,23.3,7.2,34.6
Scotts Road,S111,2019,12,11,28.0,23.8,25.3,22.0,9.7,39.2
Scotts Road,S111,2019,12,12,0.6,26.7,31.6,23.0,9.4,43.9
Scotts Road,S111,2019,12,13,37.4,24.8,28.5,23.0,7.2,33.5
Scotts Road,S111,2019,12,14,27.2,23.7,25.6,22.8,8.6,29.5
Scotts Road,S111,2019,12,15,43.0,23.7,24.8,23.1,8.3,27.7
Scotts Road,S111,2019,12,16,0.0,25.7,30.5,22.7,7.9,27.7
Scotts Road,S111,2019,12,17,11.8,,,,8.3,29.2
Scotts Road,S111,2019,12,18,,,,,,
Scotts Road,S111,2019,12,19,0.0,,,,7.2,28.8
Scotts Road,S111,2019,12,20,0.4,27.0,30.6,25.1,8.6,35.3
Scotts Road,S111,2019,12,21,23.2,26.3,30.9,24.7,9.4,32.8
Scotts Road,S111,2019,12,22,0.0,26.6,30.7,24.3,9.0,30.2
Scotts Road,S111,2019,12,23,21.8,26.9,33.3,24.5,8.6,36.4
Scotts Road,S111,2019,12,24,0.8,27.1,31.5,25.1,9.7,36.7
Scotts Road,S111,2019,12,25,2.8,27.1,33.0,24.9,8.6,31.0
Scotts Road,S111,2019,12,26,0.0,27.2,30.9,24.7,8.6,37.1
Scotts Road,S111,2019,12,27,0.0,27.6,32.5,25.1,9.0,35.3
Scotts Road,S111,2019,12,28,0.0,27.2,30.6,25.1,9.7,35.3
Scotts Road,S111,2019,12,29,0.0,27.5,31.7,25.3,9.7,36.4
Scotts Road,S111,2019,12,30,0.0,27.8,32.8,25.2,9.7,37.8
Scotts Road,S111,2019,12,31,0.0,27.8,33.5,25.3,10.1,40.3
Scotts Road,S111,2020,1,1,0.0,27.6,31.7,25.4,10.8,47.5
Scotts Road,S111,2020,1,2,0.0,27.4,30.7,25.4,10.1,38.2
Scotts Road,S111,2020,1,3,1.8,27.4,30.8,25.7,10.4,45.4
Scotts Road,S111,2020,1,4,1.4,26.8,30.2,25.4,10.4,47.2
Scotts Road,S111,2020,1,5,0.0,27.5,31.7,24.8,10.4,38.5
Scotts Road,S111,2020,1,6,10.2,26.3,32.2,23.6,11.9,49.7
Scotts Road,S111,2020,1,7,2.6,25.9,30.2,23.1,11.5,40.0
Scotts Road,S111,2020,1,8,1.4,27.2,31.0,25.1,10.8,37.4
Scotts Road,S111,2020,1,9,0.0,27.5,31.7,25.6,10.8,41.0
Scotts Road,S111,2020,1,10,2.0,26.6,31.1,24.9,9.7,36.4
Scotts Road,S111,2020,1,11,0.0,27.6,31.1,24.7,8.3,25.9
Scotts Road,S111,2020,1,12,5.0,27.3,33.0,25.2,9.4,34.9
Scotts Road,S111,2020,1,13,0.0,27.3,32.1,24.3,10.4,41.0
Scotts Road,S111,2020,1,14,0.0,27.4,32.1,25.0,10.8,39.6
Scotts Road,S111,2020,1,15,0.0,27.3,31.4,25.2,10.4,37.8
Scotts Road,S111,2020,1,16,1.6,27.3,32.0,25.9,10.1,36.0
Scotts Road,S111,2020,1,17,0.0,27.9,33.5,25.1,10.1,39.2
Scotts Road,S111,2020,1,18,0.4,27.5,32.5,25.3,9.7,34.2
Scotts Road,S111,2020,1,19,0.0,27.9,31.2,25.8,10.1,38.5
Scotts Road,S111,2020,1,20,0.0,27.7,31.3,26.1,9.7,41.4
Scotts Road,S111,2020,1,21,29.2,25.9,27.2,23.8,11.5,49.7
Scotts Road,S111,2020,1,22,0.0,27.7,31.3,25.4,10.8,40.0
Scotts Road,S111,2020,1,23,0.0,27.8,32.2,25.4,10.8,36.0
Scotts Road,S111,2020,1,24,0.0,27.6,32.3,25.2,11.5,41.0
Scotts Road,S111,2020,1,25,0.0,27.7,32.8,24.8,10.4,34.9
Scotts Road,S111,2020,1,26,0.0,28.1,35.4,25.2,9.7,36.0
Scotts Road,S111,2020,1,27,18.0,27.2,33.1,25.2,9.7,34.2
Scotts Road,S111,2020,1,28,0.0,28.2,31.7,26.0,10.1,29.9
Scotts Road,S111,2020,1,29,71.4,25.9,32.0,23.3,10.4,37.4
Scotts Road,S111,2020,1,30,0.2,26.9,32.4,23.3,10.4,37.4
Scotts Road,S111,2020,1,31,0.0,28.0,31.9,26.2,10.8,43.9
Scotts Road,S111,2020,2,1,0.0,27.6,31.2,26.0,11.9,46.8
Scotts Road,S111,2020,2,2,0.0,27.3,30.7,25.9,13.0,48.2
Scotts Road,S111,2020,2,3,0.0,27.6,31.9,25.2,11.5,40.7
Scotts Road,S111,2020,2,4,0.0,27.4,31.8,24.9,11.2,37.1
Scotts Road,S111,2020,2,5,0.0,27.5,32.9,25.0,11.5,38.2
Scotts Road,S111,2020,2,6,0.0,27.7,32.3,25.4,11.9,40.7
Scotts Road,S111,2020,2,7,0.0,27.6,31.8,25.4,12.6,46.8
Scotts Road,S111,2020,2,8,0.0,27.5,31.4,24.7,11.2,35.3
Scotts Road,S111,2020,2,9,4.6,25.8,29.9,23.1,13.0,37.8
Scotts Road,S111,2020,2,10,2.4,26.5,32.6,22.8,10.8,40.3
Scotts Road,S111,2020,2,11,71.6,26.1,31.0,23.5,10.1,37.8
Scotts Road,S111,2020,2,12,0.0,27.4,31.4,24.9,10.4,36.7
Scotts Road,S111,2020,2,13,0.0,28.1,33.2,26.0,10.8,34.2
Scotts Road,S111,2020,2,14,0.0,28.1,33.4,25.8,10.4,39.6
Scotts Road,S111,2020,2,15,0.0,28.3,34.6,25.2,10.1,31.7
Scotts Road,S111,2020,2,16,2.4,27.9,33.6,25.5,11.2,30.2
Scotts Road,S111,2020,2,17,0.0,28.3,34.3,25.3,10.8,38.9
Scotts Road,S111,2020,2,18,0.0,26.9,30.5,24.4,11.5,43.9
Scotts Road,S111,2020,2,19,0.4,27.7,31.8,25.9,12.6,51.5
Scotts Road,S111,2020,2,20,0.4,27.5,31.1,25.5,13.7,48.2
Scotts Road,S111,2020,2,21,14.0,26.4,29.3,23.7,13.0,53.6
Scotts Road,S111,2020,2,22,2.6,27.2,30.1,24.8,13.3,50.8
Scotts Road,S111,2020,2,23,0.0,27.6,31.2,25.7,13.7,49.7
Scotts Road,S111,2020,2,24,5.0,26.6,29.8,24.9,13.7,49.7
Scotts Road,S111,2020,2,25,0.0,27.8,32.0,25.2,12.2,39.6
Scotts Road,S111,2020,2,26,0.0,27.9,32.7,25.3,13.3,40.3
Scotts Road,S111,2020,2,27,0.0,28.1,32.6,25.6,12.6,39.2
Scotts Road,S111,2020,2,28,0.0,28.0,32.4,25.8,12.6,38.9
Scotts Road,S111,2020,2,29,0.0,27.9,32.4,25.3,12.6,43.9
Scotts Road,S111,2020,3,1,0.0,28.0,33.1,25.3,12.2,38.5
Scotts Road,S111,2020,3,2,0.0,28.1,33.3,25.1,11.9,37.4
Scotts Road,S111,2020,3,3,0.0,28.1,32.5,25.7,12.2,41.4
Scotts Road,S111,2020,3,4,0.0,28.2,33.8,26.0,11.5,41.0
Scotts Road,S111,2020,3,5,11.0,27.3,30.5,25.6,10.8,36.0
Scotts Road,S111,2020,3,6,1.6,27.5,31.4,25.1,11.9,34.6
Scotts Road,S111,2020,3,7,20.4,27.6,34.8,24.3,11.9,42.8
Scotts Road,S111,2020,3,8,0.2,28.0,33.3,25.7,11.2,32.8
Scotts Road,S111,2020,3,9,0.0,28.3,33.5,25.6,9.7,29.2
Scotts Road,S111,2020,3,10,1.0,28.6,33.7,26.2,9.4,30.2
Scotts Road,S111,2020,3,11,1.8,28.5,33.2,26.5,11.5,36.4
Scotts Road,S111,2020,3,12,0.0,28.6,33.3,26.0,11.9,39.6
Scotts Road,S111,2020,3,13,0.0,29.0,33.8,26.4,11.5,39.6
Scotts Road,S111,2020,3,14,0.0,28.8,32.9,26.6,10.1,38.2
Scotts Road,S111,2020,3,15,0.0,29.1,33.8,26.9,10.4,40.0
Scotts Road,S111,2020,3,16,0.0,28.6,32.6,26.9,11.5,45.0
Scotts Road,S111,2020,3,17,0.0,28.5,32.7,26.1,12.2,40.3
Scotts Road,S111,2020,3,18,0.4,28.3,32.7,26.1,12.2,43.9
Scotts Road,S111,2020,3,19,0.0,28.1,32.8,25.9,11.2,39.2
Scotts Road,S111,2020,3,20,0.0,27.9,32.0,26.3,10.8,37.1
Scotts Road,S111,2020,3,21,2.6,27.6,32.1,25.8,10.4,37.8
Scotts Road,S111,2020,3,22,19.2,27.6,32.1,24.3,11.2,38.9
Scotts Road,S111,2020,3,23,14.6,26.4,30.2,23.8,11.2,29.2
Scotts Road,S111,2020,3,24,0.0,28.2,32.9,25.2,10.8,43.2
Scotts Road,S111,2020,3,25,10.8,28.2,31.3,25.7,10.4,42.5
Scotts Road,S111,2020,3,26,0.6,28.9,33.0,26.5,11.2,37.8
Scotts Road,S111,2020,3,27,24.0,28.2,32.7,25.4,11.9,40.0
Scotts Road,S111,2020,3,28,0.0,28.5,33.2,25.9,10.4,32.8
Scotts Road,S111,2020,3,29,0.0,29.0,33.5,26.5,11.5,36.7
Scotts Road,S111,2020,3,30,0.0,28.9,34.2,26.3,10.4,34.6
Scotts Road,S111,2020,3,31,0.0,29.2,34.6,27.0,10.1,36.0
Scotts Road,S111,2020,4,1,0.0,,,,10.2,44.6
Scotts Road,S111,2020,4,2,3.4,,,,10.4,41.5
Scotts Road,S111,2020,4,3,14.4,,,,11.3,49.3
Scotts Road,S111,2020,4,4,0.0,,,,11.0,39.6
Scotts Road,S111,2020,4,5,0.0,,,,11.5,47.8
Scotts Road,S111,2020,4,6,35.6,,,,11.9,37.8
Scotts Road,S111,2020,4,7,21.0,,,,11.0,38.2
Scotts Road,S111,2020,4,8,0.2,,,,10.6,29.1
Scotts Road,S111,2020,4,9,0.0,,,,11.1,45.0
Scotts Road,S111,2020,4,10,0.0,,,,10.8,38.2
Scotts Road,S111,2020,4,11,0.0,,,,10.5,38.2
Scotts Road,S111,2020,4,12,5.8,,,,10.5,38.9
Scotts Road,S111,2020,4,13,15.8,,,,10.9,39.3
Scotts Road,S111,2020,4,14,0.0,,,,,
Scotts Road,S111,2020,4,15,0.0,,,,,
Scotts Road,S111,2020,4,16,0.0,,,,10.6,44.6
Scotts Road,S111,2020,4,17,0.0,,,,10.1,35.6
Scotts Road,S111,2020,4,18,0.0,,,,11.6,42.4
Scotts Road,S111,2020,4,19,0.0,,,,11.3,39.6
Scotts Road,S111,2020,4,20,0.0,,,,11.2,44.3
Scotts Road,S111,2020,4,21,4.8,,,,10.5,41.5
Scotts Road,S111,2020,4,22,0.6,,,,10.9,42.8
Scotts Road,S111,2020,4,23,19.0,,,,11.7,34.3
Scotts Road,S111,2020,4,24,28.4,,,,12.4,46.5
Scotts Road,S111,2020,4,25,2.2,,,,11.4,29.4
Scotts Road,S111,2020,4,26,21.2,,,,12.7,30.9
Scotts Road,S111,2020,4,27,12.4,,,,13.3,40.7
Scotts Road,S111,2020,4,28,0.0,,,,13.9,35.2
Scotts Road,S111,2020,4,29,25.6,,,,12.6,35.9
Scotts Road,S111,2020,4,30,49.0,,,,10.3,43.5
Scotts Road,S111,2020,5,1,12.6,,,,13.6,33.9
Scotts Road,S111,2020,5,2,0.0,,,,13.3,33.9
Scotts Road,S111,2020,5,3,7.6,,,,13.0,42.8
Scotts Road,S111,2020,5,4,7.0,,,,10.8,25.6
Scotts Road,S111,2020,5,5,0.0,,,,10.8,32.0
Scotts Road,S111,2020,5,6,,,,,,
Scotts Road,S111,2020,5,7,0.0,,,,,
Scotts Road,S111,2020,5,8,22.6,,,,12.6,44.3
Scotts Road,S111,2020,5,9,0.0,,,,10.0,34.3
Scotts Road,S111,2020,5,10,25.2,,,,9.0,44.3
Scotts Road,S111,2020,5,11,9.6,,,,8.0,40.7
Scotts Road,S111,2020,5,12,0.0,,,,8.0,54.4
Scotts Road,S111,2020,5,13,3.6,,,,11.4,40.7
Scotts Road,S111,2020,5,14,9.8,,,,9.5,36.3
Scotts Road,S111,2020,5,15,0.0,,,,9.6,30.6
Scotts Road,S111,2020,5,16,0.0,,,,7.9,32.0
Scotts Road,S111,2020,5,17,11.4,,,,10.2,42.8
Scotts Road,S111,2020,5,18,1.6,,,,11.6,29.8
Scotts Road,S111,2020,5,19,0.0,,,,8.5,32.0
Scotts Road,S111,2020,5,20,4.2,,,,11.2,38.2
Scotts Road,S111,2020,5,21,0.0,,,,11.1,41.5
Scotts Road,S111,2020,5,22,43.6,,,,9.6,46.9
Scotts Road,S111,2020,5,23,11.2,,,,10.7,35.2
Scotts Road,S111,2020,5,24,0.0,,,,8.3,25.6
Scotts Road,S111,2020,5,25,0.0,,,,7.7,35.6
Scotts Road,S111,2020,5,26,27.4,,,,11.0,33.5
Scotts Road,S111,2020,5,27,21.0,,,,9.1,32.8
Scotts Road,S111,2020,5,28,30.2,,,,8.6,31.3
Scotts Road,S111,2020,5,29,0.0,,,,8.9,35.6
Scotts Road,S111,2020,5,30,0.0,,,,8.2,27.0
Scotts Road,S111,2020,5,31,0.0,,,,8.9,31.3
Scotts Road,S111,2020,6,1,7.8,,,,9.4,42.0
Scotts Road,S111,2020,6,2,0.0,,,,,
Scotts Road,S111,2020,6,3,0.0,,,,7.4,27.8
Scotts Road,S111,2020,6,4,34.8,,,,9.1,35.6
Scotts Road,S111,2020,6,5,13.6,,,,11.7,46.9
Scotts Road,S111,2020,6,6,7.4,,,,8.3,36.3
Scotts Road,S111,2020,6,7,0.0,,,,8.1,26.3
Scotts Road,S111,2020,6,8,0.0,,,,8.0,33.2
Scotts Road,S111,2020,6,9,0.0,,,,8.2,38.2
Scotts Road,S111,2020,6,10,8.4,,,,8.7,37.0
Scotts Road,S111,2020,6,11,7.2,,,,7.6,24.4
Scotts Road,S111,2020,6,12,6.2,,,,8.1,29.8
Scotts Road,S111,2020,6,13,21.8,,,,9.7,45.4
Scotts Road,S111,2020,6,14,25.4,,,,8.6,34.3
Scotts Road,S111,2020,6,15,0.0,,,,8.0,40.7
Scotts Road,S111,2020,6,16,13.4,,,,7.3,37.4
Scotts Road,S111,2020,6,17,17.4,,,,8.1,41.9
Scotts Road,S111,2020,6,18,0.8,,,,8.1,34.3
Scotts Road,S111,2020,6,19,5.8,,,,9.2,33.2
Scotts Road,S111,2020,6,20,20.4,,,,9.6,51.1
Scotts Road,S111,2020,6,21,12.4,,,,8.8,38.9
Scotts Road,S111,2020,6,22,19.4,,,,8.4,64.4
Scotts Road,S111,2020,6,23,59.4,,,,9.3,43.9
Scotts Road,S111,2020,6,24,18.6,,,,9.8,47.2
Scotts Road,S111,2020,6,25,0.0,,,,7.5,34.3
Scotts Road,S111,2020,6,26,0.0,,,,8.2,31.3
Scotts Road,S111,2020,6,27,0.2,,,,9.7,35.9
Scotts Road,S111,2020,6,28,5.8,,,,9.1,45.0
Scotts Road,S111,2020,6,29,6.4,,,,8.7,41.1
Scotts Road,S111,2020,6,30,0.0,,,,9.6,35.0
Scotts Road,S111,2020,7,1,0.0,,,,7.4,31.3
Scotts Road,S111,2020,7,2,0.0,,,,8.8,31.7
Scotts Road,S111,2020,7,3,0.0,,,,8.3,31.3
Scotts Road,S111,2020,7,4,5.2,,,,8.7,34.3
Scotts Road,S111,2020,7,5,0.0,,,,7.4,34.3
Scotts Road,S111,2020,7,6,0.2,,,,9.4,42.0
Scotts Road,S111,2020,7,7,0.8,,,,7.2,32.8
Scotts Road,S111,2020,7,8,1.6,,,,7.3,29.4
Scotts Road,S111,2020,7,9,11.0,,,,9.6,41.5
Scotts Road,S111,2020,7,10,0.0,,,,5.9,23.3
Scotts Road,S111,2020,7,11,1.6,,,,6.6,34.6
Scotts Road,S111,2020,7,12,15.6,,,,7.9,39.6
Scotts Road,S111,2020,7,13,33.0,,,,8.9,36.3
Scotts Road,S111,2020,7,14,0.2,,,,7.4,30.6
Scotts Road,S111,2020,7,15,0.0,,,,7.7,29.8
Scotts Road,S111,2020,7,16,0.0,,,,7.1,36.7
Scotts Road,S111,2020,7,17,0.0,,,,7.2,30.2
Scotts Road,S111,2020,7,18,0.0,,,,7.2,34.3
Scotts Road,S111,2020,7,19,0.0,,,,6.2,27.0
Scotts Road,S111,2020,7,20,0.0,,,,9.9,33.5
Scotts Road,S111,2020,7,21,0.0,,,,8.5,29.1
Scotts Road,S111,2020,7,22,1.0,,,,6.2,41.5
Scotts Road,S111,2020,7,23,2.8,,,,7.7,35.9
Scotts Road,S111,2020,7,24,1.8,,,,7.1,44.3
Scotts Road,S111,2020,7,25,7.8,,,,7.4,41.1
Scotts Road,S111,2020,7,26,7.6,,,,9.2,45.0
Scotts Road,S111,2020,7,27,21.0,,,,8.8,57.2
Scotts Road,S111,2020,7,28,0.4,,,,8.8,43.2
Scotts Road,S111,2020,7,29,15.8,,,,6.6,41.5
Scotts Road,S111,2020,7,30,0.2,,,,7.7,36.3
Scotts Road,S111,2020,7,31,1.2,,,,9.1,32.4
Scotts Road,S111,2020,8,1,0.6,,,,9.1,37.0
Scotts Road,S111,2020,8,2,0.0,,,,8.5,43.5
Scotts Road,S111,2020,8,3,0.0,,,,9.5,30.2
Scotts Road,S111,2020,8,4,5.0,,,,8.2,59.8
Scotts Road,S111,2020,8,5,0.0,,,,8.4,32.4
Scotts Road,S111,2020,8,6,0.0,,,,7.5,25.9
Scotts Road,S111,2020,8,7,0.0,,,,9.2,29.4
Scotts Road,S111,2020,8,8,0.0,,,,9.3,32.0
Scotts Road,S111,2020,8,9,0.0,,,,8.8,32.0
Scotts Road,S111,2020,8,10,0.0,,,,10.5,34.6
Scotts Road,S111,2020,8,11,0.0,,,,9.0,35.2
Scotts Road,S111,2020,8,12,1.8,,,,8.1,40.4
Scotts Road,S111,2020,8,13,59.8,,,,9.3,48.2
Scotts Road,S111,2020,8,14,64.0,,,,5.8,38.9
Scotts Road,S111,2020,8,15,,,,,,
Scotts Road,S111,2020,8,16,0.0,,,,,
Scotts Road,S111,2020,8,17,64.0,,,,6.7,38.2
Scotts Road,S111,2020,8,18,1.6,,,,7.6,46.1
Scotts Road,S111,2020,8,19,2.0,,,,6.2,37.0
Scotts Road,S111,2020,8,20,1.4,,,,7.8,36.3
Scotts Road,S111,2020,8,21,0.0,,,,10.6,32.4
Scotts Road,S111,2020,8,22,0.2,,,,7.8,40.0
Scotts Road,S111,2020,8,23,12.6,,,,5.6,45.4
Scotts Road,S111,2020,8,24,0.0,,,,7.8,35.0
Scotts Road,S111,2020,8,25,1.4,,,,7.5,51.5
Scotts Road,S111,2020,8,26,14.0,,,,9.3,53.3
Scotts Road,S111,2020,8,27,0.0,,,,8.9,40.4
Scotts Road,S111,2020,8,28,0.0,,,,9.7,38.9
Scotts Road,S111,2020,8,29,8.6,,,,7.8,46.5
Scotts Road,S111,2020,8,30,0.0,,,,8.2,38.9
Scotts Road,S111,2020,8,31,0.0,,,,9.1,33.2
Scotts Road,S111,2020,9,1,0.0,,,,8.9,40.0
Scotts Road,S111,2020,9,2,0.0,,,,8.3,26.7
Scotts Road,S111,2020,9,3,3.2,,,,5.0,29.1
Scotts Road,S111,2020,9,4,11.2,,,,6.5,36.7
Scotts Road,S111,2020,9,5,32.0,,,,9.4,50.7
Scotts Road,S111,2020,9,6,8.2,,,,6.1,48.9
Scotts Road,S111,2020,9,7,0.0,,,,7.6,35.2
Scotts Road,S111,2020,9,8,0.0,,,,9.2,38.9
Scotts Road,S111,2020,9,9,0.0,,,,6.8,35.9
Scotts Road,S111,2020,9,10,20.6,,,,5.9,45.0
Scotts Road,S111,2020,9,11,19.2,,,,10.1,42.4
Scotts Road,S111,2020,9,12,12.8,,,,6.9,49.3
Scotts Road,S111,2020,9,13,,,,,,
Scotts Road,S111,2020,9,14,10.2,,,,,
Scotts Road,S111,2020,9,15,0.0,,,,,
Scotts Road,S111,2020,9,16,32.6,,,,10.7,52.2
Scotts Road,S111,2020,9,17,0.0,,,,8.1,40.0
Scotts Road,S111,2020,9,18,0.0,,,,9.1,42.0
Scotts Road,S111,2020,9,19,1.8,,,,9.4,48.5
Scotts Road,S111,2020,9,20,1.6,,,,6.8,27.0
Scotts Road,S111,2020,9,21,3.2,,,,6.6,40.4
Scotts Road,S111,2020,9,22,0.0,,,,7.9,35.0
Scotts Road,S111,2020,9,23,0.0,,,,6.6,35.0
Scotts Road,S111,2020,9,24,5.0,,,,7.7,39.3
Scotts Road,S111,2020,9,25,18.6,,,,6.1,36.3
Scotts Road,S111,2020,9,26,42.0,,,,9.8,40.0
Scotts Road,S111,2020,9,27,7.6,,,,9.9,35.0
Scotts Road,S111,2020,9,28,0.0,,,,9.1,42.8
Scotts Road,S111,2020,9,29,3.6,,,,7.8,40.4
Scotts Road,S111,2020,9,30,2.4,,,,7.9,39.6
Scotts Road,S111,2020,10,1,17.6,,,,5.1,33.2
Scotts Road,S111,2020,10,2,14.6,,,,6.8,39.3
Scotts Road,S111,2020,10,3,2.2,,,,10.9,48.5
Scotts Road,S111,2020,10,4,0.0,,,,8.0,34.3
Scotts Road,S111,2020,10,5,0.0,,,,6.6,35.2
Scotts Road,S111,2020,10,6,0.0,,,,8.8,43.9
Scotts Road,S111,2020,10,7,8.2,,,,7.1,36.7
Scotts Road,S111,2020,10,8,11.8,,,,9.1,41.1
Scotts Road,S111,2020,10,9,0.0,,,,8.5,34.6
Scotts Road,S111,2020,10,10,8.2,,,,8.7,47.2
Scotts Road,S111,2020,10,11,6.2,,,,11.8,58.3
Scotts Road,S111,2020,10,12,0.0,,,,15.3,52.6
Scotts Road,S111,2020,10,13,0.0,,,,9.6,41.1
Scotts Road,S111,2020,10,14,1.4,,,,9.0,41.5
Scotts Road,S111,2020,10,15,1.8,,,,9.9,42.8
Scotts Road,S111,2020,10,16,0.2,,,,10.1,53.0
Scotts Road,S111,2020,10,17,0.0,,,,9.2,44.6
Scotts Road,S111,2020,10,18,8.4,,,,7.8,49.6
Scotts Road,S111,2020,10,19,1.6,,,,7.7,35.2
Scotts Road,S111,2020,10,20,1.8,,,,5.4,28.9
Scotts Road,S111,2020,10,21,2.4,,,,4.7,34.6
Scotts Road,S111,2020,10,22,13.0,,,,9.6,41.1
Scotts Road,S111,2020,10,23,0.0,,,,5.0,22.4
Scotts Road,S111,2020,10,24,4.2,,,,4.7,24.4
Scotts Road,S111,2020,10,25,1.8,,,,7.4,43.5
Scotts Road,S111,2020,10,26,16.0,,,,6.6,37.0
Scotts Road,S111,2020,10,27,0.0,,,,5.2,35.6
Scotts Road,S111,2020,10,28,34.8,,,,5.7,30.6
Scotts Road,S111,2020,10,29,0.0,,,,8.5,36.7
Scotts Road,S111,2020,10,30,0.0,,,,6.6,25.2
Scotts Road,S111,2020,10,31,36.6,,,,5.7,40.0
Scotts Road,S111,2020,11,1,0.0,,,,7.2,30.6
Scotts Road,S111,2020,11,2,20.6,,,,6.1,49.3
Scotts Road,S111,2020,11,3,0.0,,,,4.8,27.4
Scotts Road,S111,2020,11,4,22.4,,,,4.7,47.2
Scotts Road,S111,2020,11,5,0.0,,,,5.4,25.9
Scotts Road,S111,2020,11,6,0.0,,,,6.3,29.1
Scotts Road,S111,2020,11,7,26.0,,,,5.6,37.8
Scotts Road,S111,2020,11,8,12.4,,,,5.7,33.9
Scotts Road,S111,2020,11,9,0.0,,,,4.9,25.2
Scotts Road,S111,2020,11,10,17.8,,,,5.3,35.2
Scotts Road,S111,2020,11,11,0.0,,,,6.5,33.2
Scotts Road,S111,2020,11,12,0.0,,,,10.7,39.6
Scotts Road,S111,2020,11,13,0.0,,,,6.7,30.2
Scotts Road,S111,2020,11,14,0.0,,,,5.3,27.8
Scotts Road,S111,2020,11,15,19.8,,,,7.8,38.5
Scotts Road,S111,2020,11,16,9.6,,,,7.5,36.3
Scotts Road,S111,2020,11,17,2.8,,,,5.2,43.5
Scotts Road,S111,2020,11,18,0.0,,,,4.8,28.5
Scotts Road,S111,2020,11,19,1.8,,,,4.3,32.4
Scotts Road,S111,2020,11,20,0.4,,,,4.7,29.8
Scotts Road,S111,2020,11,21,11.6,,,,6.7,36.3
Scotts Road,S111,2020,11,22,45.8,,,,6.5,55.7
Scotts Road,S111,2020,11,23,17.2,,,,6.0,32.4
Scotts Road,S111,2020,11,24,0.0,,,,5.2,18.7
Scotts Road,S111,2020,11,25,0.2,,,,4.8,18.7
Scotts Road,S111,2020,11,26,2.0,,,,4.0,20.6
Scotts Road,S111,2020,11,27,0.0,,,,5.5,26.7
Scotts Road,S111,2020,11,28,2.2,,,,5.2,31.3
Scotts Road,S111,2020,11,29,0.0,,,,5.2,25.6
Scotts Road,S111,2020,11,30,4.2,,,,5.3,35.6
