station,station_id,year,month,day,rainfall_mm,temp_mean_c,temp_max_c,temp_min_c,wind_mean_kmh,wind_max_kmh
Lim Chu Kang Road,S112,2013,1,1,1.0,,,,,
Lim Chu Kang Road,S112,2013,1,2,12.8,,,,,
Lim Chu Kang Road,S112,2013,1,3,0.0,,,,,
Lim Chu Kang Road,S112,2013,1,4,11.6,,,,,
Lim Chu Kang Road,S112,2013,1,5,0.0,,,,,
Lim Chu Kang Road,S112,2013,1,6,0.0,,,,,
Lim Chu Kang Road,S112,2013,1,7,0.0,,,,,
Lim Chu Kang Road,S112,2013,1,8,25.0,,,,,
Lim Chu Kang Road,S112,2013,1,9,6.6,,,,,
Lim Chu Kang Road,S112,2013,1,10,0.2,,,,,
Lim Chu Kang Road,S112,2013,1,11,0.2,,,,,
Lim Chu Kang Road,S112,2013,1,12,15.2,,,,,
Lim Chu Kang Road,S112,2013,1,13,14.2,,,,,
Lim Chu Kang Road,S112,2013,1,14,10.8,,,,,
Lim Chu Kang Road,S112,2013,1,15,14.8,,,,,
Lim Chu Kang Road,S112,2013,1,16,0.4,,,,,
Lim Chu Kang Road,S112,2013,1,17,0.0,,,,,
Lim Chu Kang Road,S112,2013,1,18,54.2,,,,,
Lim Chu Kang Road,S112,2013,1,19,24.2,,,,,
Lim Chu Kang Road,S112,2013,1,20,11.4,,,,,
Lim Chu Kang Road,S112,2013,1,21,1.4,,,,,
Lim Chu Kang Road,S112,2013,1,22,0.8,,,,,
Lim Chu Kang Road,S112,2013,1,23,0.0,,,,,
Lim Chu Kang Road,S112,2013,1,24,2.8,,,,,
Lim Chu Kang Road,S112,2013,1,25,0.0,,,,,
Lim Chu Kang Road,S112,2013,1,26,0.0,,,,,
Lim Chu Kang Road,S112,2013,1,27,0.2,,,,,
Lim Chu Kang Road,S112,2013,1,28,0.0,,,,,
Lim Chu Kang Road,S112,2013,1,29,0.0,,,,,
Lim Chu Kang Road,S112,2013,1,30,0.0,,,,,
Lim Chu Kang Road,S112,2013,1,31,0.8,,,,,
Lim Chu Kang Road,S112,2013,2,1,0.0,,,,,
Lim Chu Kang Road,S112,2013,2,2,0.2,,,,,
Lim Chu Kang Road,S112,2013,2,3,18.4,,,,,
Lim Chu Kang Road,S112,2013,2,4,1.0,,,,,
Lim Chu Kang Road,S112,2013,2,5,36.6,,,,,
Lim Chu Kang Road,S112,2013,2,6,10.2,,,,,
Lim Chu Kang Road,S112,2013,2,7,25.2,,,,,
Lim Chu Kang Road,S112,2013,2,8,30.0,,,,,
Lim Chu Kang Road,S112,2013,2,9,12.8,,,,,
Lim Chu Kang Road,S112,2013,2,10,17.0,,,,,
Lim Chu Kang Road,S112,2013,2,11,3.8,,,,,
Lim Chu Kang Road,S112,2013,2,12,1.6,,,,,
Lim Chu Kang Road,S112,2013,2,13,6.2,,,,,
Lim Chu Kang Road,S112,2013,2,14,16.8,,,,,
Lim Chu Kang Road,S112,2013,2,15,5.8,,,,,
Lim Chu Kang Road,S112,2013,2,16,5.2,,,,,
Lim Chu Kang Road,S112,2013,2,17,0.8,,,,,
Lim Chu Kang Road,S112,2013,2,18,2.8,,,,,
Lim Chu Kang Road,S112,2013,2,19,3.2,,,,,
Lim Chu Kang Road,S112,2013,2,20,0.4,,,,,
Lim Chu Kang Road,S112,2013,2,21,3.6,,,,,
Lim Chu Kang Road,S112,2013,2,22,0.0,,,,,
Lim Chu Kang Road,S112,2013,2,23,0.0,,,,,
Lim Chu Kang Road,S112,2013,2,24,0.0,,,,,
Lim Chu Kang Road,S112,2013,2,25,11.2,,,,,
Lim Chu Kang Road,S112,2013,2,26,2.2,,,,,
Lim Chu Kang Road,S112,2013,2,27,25.2,,,,,
Lim Chu Kang Road,S112,2013,2,28,0.0,,,,,
Lim Chu Kang Road,S112,2013,3,1,0.0,,,,,
Lim Chu Kang Road,S112,2013,3,2,24.4,,,,,
Lim Chu Kang Road,S112,2013,3,3,0.0,,,,,
Lim Chu Kang Road,S112,2013,3,4,0.0,,,,,
Lim Chu Kang Road,S112,2013,3,5,0.2,,,,,
Lim Chu Kang Road,S112,2013,3,6,0.0,,,,,
Lim Chu Kang Road,S112,2013,3,7,2.8,,,,,
Lim Chu Kang Road,S112,2013,3,8,3.6,,,,,
Lim Chu Kang Road,S112,2013,3,9,31.2,,,,,
Lim Chu Kang Road,S112,2013,3,10,29.0,,,,,
Lim Chu Kang Road,S112,2013,3,11,0.0,,,,,
Lim Chu Kang Road,S112,2013,3,12,0.4,,,,,
Lim Chu Kang Road,S112,2013,3,13,1.4,,,,,
Lim Chu Kang Road,S112,2013,3,14,40.0,,,,,
Lim Chu Kang Road,S112,2013,3,15,0.2,,,,,
Lim Chu Kang Road,S112,2013,3,16,0.0,,,,,
Lim Chu Kang Road,S112,2013,3,17,24.8,,,,,
Lim Chu Kang Road,S112,2013,3,18,0.0,,,,,
Lim Chu Kang Road,S112,2013,3,19,0.0,,,,,
Lim Chu Kang Road,S112,2013,3,20,0.0,,,,,
Lim Chu Kang Road,S112,2013,3,21,1.0,,,,,
Lim Chu Kang Road,S112,2013,3,22,4.2,,,,,
Lim Chu Kang Road,S112,2013,3,23,2.2,,,,,
Lim Chu Kang Road,S112,2013,3,24,5.8,,,,,
Lim Chu Kang Road,S112,2013,3,25,4.6,,,,,
Lim Chu Kang Road,S112,2013,3,26,1.6,,,,,
Lim Chu Kang Road,S112,2013,3,27,0.0,,,,,
Lim Chu Kang Road,S112,2013,3,28,109.0,,,,,
Lim Chu Kang Road,S112,2013,3,29,19.2,,,,,
Lim Chu Kang Road,S112,2013,3,30,6.4,,,,,
Lim Chu Kang Road,S112,2013,3,31,1.2,,,,,
Lim Chu Kang Road,S112,2013,4,1,32.2,,,,,
Lim Chu Kang Road,S112,2013,4,2,4.8,,,,,
Lim Chu Kang Road,S112,2013,4,3,47.6,,,,,
Lim Chu Kang Road,S112,2013,4,4,1.8,,,,,
Lim Chu Kang Road,S112,2013,4,5,0.6,,,,,
Lim Chu Kang Road,S112,2013,4,6,0.6,,,,,
Lim Chu Kang Road,S112,2013,4,7,0.0,,,,,
Lim Chu Kang Road,S112,2013,4,8,21.2,,,,,
Lim Chu Kang Road,S112,2013,4,9,0.0,,,,,
Lim Chu Kang Road,S112,2013,4,10,0.0,,,,,
Lim Chu Kang Road,S112,2013,4,11,0.0,,,,,
Lim Chu Kang Road,S112,2013,4,12,0.0,,,,,
Lim Chu Kang Road,S112,2013,4,13,3.2,,,,,
Lim Chu Kang Road,S112,2013,4,14,0.2,,,,,
Lim Chu Kang Road,S112,2013,4,15,0.0,,,,,
Lim Chu Kang Road,S112,2013,4,16,1.8,,,,,
Lim Chu Kang Road,S112,2013,4,17,0.6,,,,,
Lim Chu Kang Road,S112,2013,4,18,0.8,,,,,
Lim Chu Kang Road,S112,2013,4,19,3.6,,,,,
Lim Chu Kang Road,S112,2013,4,20,0.0,,,,,
Lim Chu Kang Road,S112,2013,4,21,14.4,,,,,
Lim Chu Kang Road,S112,2013,4,22,3.8,,,,,
Lim Chu Kang Road,S112,2013,4,23,0.0,,,,,
Lim Chu Kang Road,S112,2013,4,24,0.2,,,,,
Lim Chu Kang Road,S112,2013,4,25,21.0,,,,,
Lim Chu Kang Road,S112,2013,4,26,0.6,,,,,
Lim Chu Kang Road,S112,2013,4,27,0.0,,,,,
Lim Chu Kang Road,S112,2013,4,28,10.0,,,,,
Lim Chu Kang Road,S112,2013,4,29,0.2,,,,,
Lim Chu Kang Road,S112,2013,4,30,0.0,,,,,
Lim Chu Kang Road,S112,2013,5,1,8.2,,,,,
Lim Chu Kang Road,S112,2013,5,2,33.4,,,,,
Lim Chu Kang Road,S112,2013,5,3,1.8,,,,,
Lim Chu Kang Road,S112,2013,5,4,0.0,,,,,
Lim Chu Kang Road,S112,2013,5,5,4.8,,,,,
Lim Chu Kang Road,S112,2013,5,6,0.8,,,,,
Lim Chu Kang Road,S112,2013,5,7,16.2,,,,,
Lim Chu Kang Road,S112,2013,5,8,1.2,,,,,
Lim Chu Kang Road,S112,2013,5,9,5.2,,,,,
Lim Chu Kang Road,S112,2013,5,10,3.6,,,,,
Lim Chu Kang Road,S112,2013,5,11,0.2,,,,,
Lim Chu Kang Road,S112,2013,5,12,0.0,,,,,
Lim Chu Kang Road,S112,2013,5,13,0.0,,,,,
Lim Chu Kang Road,S112,2013,5,14,0.4,,,,,
Lim Chu Kang Road,S112,2013,5,15,22.8,,,,,
Lim Chu Kang Road,S112,2013,5,16,0.8,,,,,
Lim Chu Kang Road,S112,2013,5,17,0.0,,,,,
Lim Chu Kang Road,S112,2013,5,18,0.0,,,,,
Lim Chu Kang Road,S112,2013,5,19,0.0,,,,,
Lim Chu Kang Road,S112,2013,5,20,24.4,,,,,
Lim Chu Kang Road,S112,2013,5,21,1.8,,,,,
Lim Chu Kang Road,S112,2013,5,22,0.8,,,,,
Lim Chu Kang Road,S112,2013,5,23,0.0,,,,,
Lim Chu Kang Road,S112,2013,5,24,1.4,,,,,
Lim Chu Kang Road,S112,2013,5,25,0.0,,,,,
Lim Chu Kang Road,S112,2013,5,26,0.2,,,,,
Lim Chu Kang Road,S112,2013,5,27,0.0,,,,,
Lim Chu Kang Road,S112,2013,5,28,0.0,,,,,
Lim Chu Kang Road,S112,2013,5,29,0.4,,,,,
Lim Chu Kang Road,S112,2013,5,30,0.2,,,,,
Lim Chu Kang Road,S112,2013,5,31,0.0,,,,,
Lim Chu Kang Road,S112,2013,6,1,18.2,,,,,
Lim Chu Kang Road,S112,2013,6,2,0.0,,,,,
Lim Chu Kang Road,S112,2013,6,3,3.8,,,,,
Lim Chu Kang Road,S112,2013,6,4,1.6,,,,,
Lim Chu Kang Road,S112,2013,6,5,45.4,,,,,
Lim Chu Kang Road,S112,2013,6,6,1.4,,,,,
Lim Chu Kang Road,S112,2013,6,7,5.8,,,,,
Lim Chu Kang Road,S112,2013,6,8,0.0,,,,,
Lim Chu Kang Road,S112,2013,6,9,0.0,,,,,
Lim Chu Kang Road,S112,2013,6,10,5.2,,,,,
Lim Chu Kang Road,S112,2013,6,11,0.0,,,,,
Lim Chu Kang Road,S112,2013,6,12,0.0,,,,,
Lim Chu Kang Road,S112,2013,6,13,0.0,,,,,
Lim Chu Kang Road,S112,2013,6,14,0.0,,,,,
Lim Chu Kang Road,S112,2013,6,15,0.0,,,,,
Lim Chu Kang Road,S112,2013,6,16,9.4,,,,,
Lim Chu Kang Road,S112,2013,6,17,0.0,,,,,
Lim Chu Kang Road,S112,2013,6,18,0.0,,,,,
Lim Chu Kang Road,S112,2013,6,19,0.0,,,,,
Lim Chu Kang Road,S112,2013,6,20,0.0,,,,,
Lim Chu Kang Road,S112,2013,6,21,0.0,,,,,
Lim Chu Kang Road,S112,2013,6,22,0.0,,,,,
Lim Chu Kang Road,S112,2013,6,23,0.0,,,,,
Lim Chu Kang Road,S112,2013,6,24,0.0,,,,,
Lim Chu Kang Road,S112,2013,6,25,27.6,,,,,
Lim Chu Kang Road,S112,2013,6,26,12.0,,,,,
Lim Chu Kang Road,S112,2013,6,27,0.0,,,,,
Lim Chu Kang Road,S112,2013,6,28,0.0,,,,,
Lim Chu Kang Road,S112,2013,6,29,0.0,,,,,
Lim Chu Kang Road,S112,2013,6,30,6.0,,,,,
Lim Chu Kang Road,S112,2013,7,1,14.0,,,,,
Lim Chu Kang Road,S112,2013,7,2,0.2,,,,,
Lim Chu Kang Road,S112,2013,7,3,0.0,,,,,
Lim Chu Kang Road,S112,2013,7,4,6.4,,,,,
Lim Chu Kang Road,S112,2013,7,5,0.0,,,,,
Lim Chu Kang Road,S112,2013,7,6,0.0,,,,,
Lim Chu Kang Road,S112,2013,7,7,0.0,,,,,
Lim Chu Kang Road,S112,2013,7,8,2.2,,,,,
Lim Chu Kang Road,S112,2013,7,9,0.4,,,,,
Lim Chu Kang Road,S112,2013,7,10,0.0,,,,,
Lim Chu Kang Road,S112,2013,7,11,1.6,,,,,
Lim Chu Kang Road,S112,2013,7,12,0.4,,,,,
Lim Chu Kang Road,S112,2013,7,13,0.0,,,,,
Lim Chu Kang Road,S112,2013,7,14,1.4,,,,,
Lim Chu Kang Road,S112,2013,7,15,0.2,,,,,
Lim Chu Kang Road,S112,2013,7,16,0.0,,,,,
Lim Chu Kang Road,S112,2013,7,17,1.8,,,,,
Lim Chu Kang Road,S112,2013,7,18,1.2,,,,,
Lim Chu Kang Road,S112,2013,7,19,0.0,,,,,
Lim Chu Kang Road,S112,2013,7,20,0.0,,,,,
Lim Chu Kang Road,S112,2013,7,21,0.0,,,,,
Lim Chu Kang Road,S112,2013,7,22,0.0,,,,,
Lim Chu Kang Road,S112,2013,7,23,0.0,,,,,
Lim Chu Kang Road,S112,2013,7,24,0.0,,,,,
Lim Chu Kang Road,S112,2013,7,25,0.0,,,,,
Lim Chu Kang Road,S112,2013,7,26,1.8,,,,,
Lim Chu Kang Road,S112,2013,7,27,0.4,,,,,
Lim Chu Kang Road,S112,2013,7,28,0.0,,,,,
Lim Chu Kang Road,S112,2013,7,29,0.0,,,,,
Lim Chu Kang Road,S112,2013,7,30,0.0,,,,,
Lim Chu Kang Road,S112,2013,7,31,2.6,,,,,
Lim Chu Kang Road,S112,2013,8,1,0.4,,,,,
Lim Chu Kang Road,S112,2013,8,2,0.2,,,,,
Lim Chu Kang Road,S112,2013,8,3,0.0,,,,,
Lim Chu Kang Road,S112,2013,8,4,0.0,,,,,
Lim Chu Kang Road,S112,2013,8,5,29.4,,,,,
Lim Chu Kang Road,S112,2013,8,6,0.2,,,,,
Lim Chu Kang Road,S112,2013,8,7,2.2,,,,,
Lim Chu Kang Road,S112,2013,8,8,0.2,,,,,
Lim Chu Kang Road,S112,2013,8,9,1.0,,,,,
Lim Chu Kang Road,S112,2013,8,10,25.2,,,,,
Lim Chu Kang Road,S112,2013,8,11,19.4,,,,,
Lim Chu Kang Road,S112,2013,8,12,14.0,,,,,
Lim Chu Kang Road,S112,2013,8,13,0.8,,,,,
Lim Chu Kang Road,S112,2013,8,14,5.6,,,,,
Lim Chu Kang Road,S112,2013,8,15,0.0,,,,,
Lim Chu Kang Road,S112,2013,8,16,0.0,,,,,
Lim Chu Kang Road,S112,2013,8,17,0.8,,,,,
Lim Chu Kang Road,S112,2013,8,18,0.6,,,,,
Lim Chu Kang Road,S112,2013,8,19,0.0,,,,,
Lim Chu Kang Road,S112,2013,8,20,0.0,,,,,
Lim Chu Kang Road,S112,2013,8,21,0.0,,,,,
Lim Chu Kang Road,S112,2013,8,22,20.2,,,,,
Lim Chu Kang Road,S112,2013,8,23,17.2,,,,,
Lim Chu Kang Road,S112,2013,8,24,0.0,,,,,
Lim Chu Kang Road,S112,2013,8,25,0.0,,,,,
Lim Chu Kang Road,S112,2013,8,26,1.6,,,,,
Lim Chu Kang Road,S112,2013,8,27,0.0,,,,,
Lim Chu Kang Road,S112,2013,8,28,6.4,,,,,
Lim Chu Kang Road,S112,2013,8,29,8.6,,,,,
Lim Chu Kang Road,S112,2013,8,30,5.0,,,,,
Lim Chu Kang Road,S112,2013,8,31,0.0,,,,,
Lim Chu Kang Road,S112,2013,9,1,0.0,,,,,
Lim Chu Kang Road,S112,2013,9,2,53.4,,,,,
Lim Chu Kang Road,S112,2013,9,3,6.6,,,,,
Lim Chu Kang Road,S112,2013,9,4,2.4,,,,,
Lim Chu Kang Road,S112,2013,9,5,11.4,,,,,
Lim Chu Kang Road,S112,2013,9,6,35.8,,,,,
Lim Chu Kang Road,S112,2013,9,7,3.4,,,,,
Lim Chu Kang Road,S112,2013,9,8,1.8,,,,,
Lim Chu Kang Road,S112,2013,9,9,1.2,,,,,
Lim Chu Kang Road,S112,2013,9,10,10.2,,,,,
Lim Chu Kang Road,S112,2013,9,11,9.6,,,,,
Lim Chu Kang Road,S112,2013,9,12,0.0,,,,,
Lim Chu Kang Road,S112,2013,9,13,0.0,,,,,
Lim Chu Kang Road,S112,2013,9,14,0.4,,,,,
Lim Chu Kang Road,S112,2013,9,15,29.8,,,,,
Lim Chu Kang Road,S112,2013,9,16,0.2,,,,,
Lim Chu Kang Road,S112,2013,9,17,0.2,,,,,
Lim Chu Kang Road,S112,2013,9,18,0.0,,,,,
Lim Chu Kang Road,S112,2013,9,19,0.0,,,,,
Lim Chu Kang Road,S112,2013,9,20,0.0,,,,,
Lim Chu Kang Road,S112,2013,9,21,0.0,,,,,
Lim Chu Kang Road,S112,2013,9,22,0.0,,,,,
Lim Chu Kang Road,S112,2013,9,23,0.0,,,,,
Lim Chu Kang Road,S112,2013,9,24,0.0,,,,,
Lim Chu Kang Road,S112,2013,9,25,30.6,,,,,
Lim Chu Kang Road,S112,2013,9,26,10.4,,,,,
Lim Chu Kang Road,S112,2013,9,27,7.8,,,,,
Lim Chu Kang Road,S112,2013,9,28,6.0,,,,,
Lim Chu Kang Road,S112,2013,9,29,0.8,,,,,
Lim Chu Kang Road,S112,2013,9,30,0.0,,,,,
Lim Chu Kang Road,S112,2013,10,1,0.0,,,,,
Lim Chu Kang Road,S112,2013,10,2,0.6,,,,,
Lim Chu Kang Road,S112,2013,10,3,2.6,,,,,
Lim Chu Kang Road,S112,2013,10,4,6.8,,,,,
Lim Chu Kang Road,S112,2013,10,5,19.8,,,,,
Lim Chu Kang Road,S112,2013,10,6,18.6,,,,,
Lim Chu Kang Road,S112,2013,10,7,0.0,,,,,
Lim Chu Kang Road,S112,2013,10,8,3.6,,,,,
Lim Chu Kang Road,S112,2013,10,9,0.0,,,,,
Lim Chu Kang Road,S112,2013,10,10,2.0,,,,,
Lim Chu Kang Road,S112,2013,10,11,0.0,,,,,
Lim Chu Kang Road,S112,2013,10,12,0.0,,,,,
Lim Chu Kang Road,S112,2013,10,13,0.8,,,,,
Lim Chu Kang Road,S112,2013,10,14,0.8,,,,,
Lim Chu Kang Road,S112,2013,10,15,3.8,,,,,
Lim Chu Kang Road,S112,2013,10,16,0.0,,,,,
Lim Chu Kang Road,S112,2013,10,17,0.0,,,,,
Lim Chu Kang Road,S112,2013,10,18,13.0,,,,,
Lim Chu Kang Road,S112,2013,10,19,16.4,,,,,
Lim Chu Kang Road,S112,2013,10,20,2.2,,,,,
Lim Chu Kang Road,S112,2013,10,21,7.4,,,,,
Lim Chu Kang Road,S112,2013,10,22,1.0,,,,,
Lim Chu Kang Road,S112,2013,10,23,0.0,,,,,
Lim Chu Kang Road,S112,2013,10,24,0.0,,,,,
Lim Chu Kang Road,S112,2013,10,25,0.0,,,,,
Lim Chu Kang Road,S112,2013,10,26,41.6,,,,,
Lim Chu Kang Road,S112,2013,10,27,5.4,,,,,
Lim Chu Kang Road,S112,2013,10,28,3.6,,,,,
Lim Chu Kang Road,S112,2013,10,29,49.2,,,,,
Lim Chu Kang Road,S112,2013,10,30,9.6,,,,,
Lim Chu Kang Road,S112,2013,10,31,26.2,,,,,
Lim Chu Kang Road,S112,2013,11,1,7.2,,,,,
Lim Chu Kang Road,S112,2013,11,2,0.0,,,,,
Lim Chu Kang Road,S112,2013,11,3,17.4,,,,,
Lim Chu Kang Road,S112,2013,11,4,0.4,,,,,
Lim Chu Kang Road,S112,2013,11,5,86.0,,,,,
Lim Chu Kang Road,S112,2013,11,6,0.4,,,,,
Lim Chu Kang Road,S112,2013,11,7,0.0,,,,,
Lim Chu Kang Road,S112,2013,11,8,0.2,,,,,
Lim Chu Kang Road,S112,2013,11,9,45.0,,,,,
Lim Chu Kang Road,S112,2013,11,10,8.4,,,,,
Lim Chu Kang Road,S112,2013,11,11,13.2,,,,,
Lim Chu Kang Road,S112,2013,11,12,2.6,,,,,
Lim Chu Kang Road,S112,2013,11,13,46.4,,,,,
Lim Chu Kang Road,S112,2013,11,14,0.2,,,,,
Lim Chu Kang Road,S112,2013,11,15,22.4,,,,,
Lim Chu Kang Road,S112,2013,11,16,1.2,,,,,
Lim Chu Kang Road,S112,2013,11,17,0.6,,,,,
Lim Chu Kang Road,S112,2013,11,18,3.0,,,,,
Lim Chu Kang Road,S112,2013,11,19,1.2,,,,,
Lim Chu Kang Road,S112,2013,11,20,6.6,,,,,
Lim Chu Kang Road,S112,2013,11,21,5.0,,,,,
Lim Chu Kang Road,S112,2013,11,22,19.9,,,,,
Lim Chu Kang Road,S112,2013,11,23,1.0,,,,,
Lim Chu Kang Road,S112,2013,11,24,2.2,,,,,
Lim Chu Kang Road,S112,2013,11,25,16.7,,,,,
Lim Chu Kang Road,S112,2013,11,26,0.8,,,,,
Lim Chu Kang Road,S112,2013,11,27,9.0,,,,,
Lim Chu Kang Road,S112,2013,11,28,0.0,,,,,
Lim Chu Kang Road,S112,2013,11,29,10.2,,,,,
Lim Chu Kang Road,S112,2013,11,30,5.0,,,,,
Lim Chu Kang Road,S112,2013,12,1,27.4,,,,,
Lim Chu Kang Road,S112,2013,12,2,7.2,,,,,
Lim Chu Kang Road,S112,2013,12,3,112.0,,,,,
Lim Chu Kang Road,S112,2013,12,4,0.0,,,,,
Lim Chu Kang Road,S112,2013,12,5,0.2,,,,,
Lim Chu Kang Road,S112,2013,12,6,11.2,,,,,
Lim Chu Kang Road,S112,2013,12,7,0.0,,,,,
Lim Chu Kang Road,S112,2013,12,8,14.2,,,,,
Lim Chu Kang Road,S112,2013,12,9,0.0,,,,,
Lim Chu Kang Road,S112,2013,12,10,4.2,,,,,
Lim Chu Kang Road,S112,2013,12,11,4.2,,,,,
Lim Chu Kang Road,S112,2013,12,12,0.0,,,,,
Lim Chu Kang Road,S112,2013,12,13,0.0,,,,,
Lim Chu Kang Road,S112,2013,12,14,5.6,,,,,
Lim Chu Kang Road,S112,2013,12,15,3.0,,,,,
Lim Chu Kang Road,S112,2013,12,16,0.2,,,,,
Lim Chu Kang Road,S112,2013,12,17,0.0,,,,,
Lim Chu Kang Road,S112,2013,12,18,52.6,,,,,
Lim Chu Kang Road,S112,2013,12,19,0.4,,,,,
Lim Chu Kang Road,S112,2013,12,20,3.8,,,,,
Lim Chu Kang Road,S112,2013,12,21,0.0,,,,,
Lim Chu Kang Road,S112,2013,12,22,0.0,,,,,
Lim Chu Kang Road,S112,2013,12,23,0.8,,,,,
Lim Chu Kang Road,S112,2013,12,24,0.0,,,,,
Lim Chu Kang Road,S112,2013,12,25,0.0,,,,,
Lim Chu Kang Road,S112,2013,12,26,0.0,,,,,
Lim Chu Kang Road,S112,2013,12,27,0.2,,,,,
Lim Chu Kang Road,S112,2013,12,28,3.6,,,,,
Lim Chu Kang Road,S112,2013,12,29,1.2,,,,,
Lim Chu Kang Road,S112,2013,12,30,2.4,,,,,
Lim Chu Kang Road,S112,2013,12,31,0.0,,,,,
Lim Chu Kang Road,S112,2014,1,1,0.0,,,,,
Lim Chu Kang Road,S112,2014,1,2,0.2,,,,,
Lim Chu Kang Road,S112,2014,1,3,0.0,,,,,
Lim Chu Kang Road,S112,2014,1,4,0.0,,,,,
Lim Chu Kang Road,S112,2014,1,5,4.8,,,,,
Lim Chu Kang Road,S112,2014,1,6,89.8,,,,,
Lim Chu Kang Road,S112,2014,1,7,0.2,,,,,
Lim Chu Kang Road,S112,2014,1,8,0.0,,,,,
Lim Chu Kang Road,S112,2014,1,9,0.2,,,,,
Lim Chu Kang Road,S112,2014,1,10,0.0,,,,,
Lim Chu Kang Road,S112,2014,1,11,0.0,,,,,
Lim Chu Kang Road,S112,2014,1,12,1.2,,,,,
Lim Chu Kang Road,S112,2014,1,13,0.0,,,,,
Lim Chu Kang Road,S112,2014,1,14,0.0,,,,,
Lim Chu Kang Road,S112,2014,1,15,0.0,,,,,
Lim Chu Kang Road,S112,2014,1,16,0.0,,,,,
Lim Chu Kang Road,S112,2014,1,17,0.0,,,,,
Lim Chu Kang Road,S112,2014,1,18,0.0,,,,,
Lim Chu Kang Road,S112,2014,1,19,0.0,,,,,
Lim Chu Kang Road,S112,2014,1,20,0.0,,,,,
Lim Chu Kang Road,S112,2014,1,21,0.0,,,,,
Lim Chu Kang Road,S112,2014,1,22,0.0,,,,,
Lim Chu Kang Road,S112,2014,1,23,0.0,,,,,
Lim Chu Kang Road,S112,2014,1,24,0.0,,,,,
Lim Chu Kang Road,S112,2014,1,25,0.0,,,,,
Lim Chu Kang Road,S112,2014,1,26,0.0,,,,,
Lim Chu Kang Road,S112,2014,1,27,0.0,,,,,
Lim Chu Kang Road,S112,2014,1,28,0.0,,,,,
Lim Chu Kang Road,S112,2014,1,29,0.0,,,,,
Lim Chu Kang Road,S112,2014,1,30,0.0,,,,,
Lim Chu Kang Road,S112,2014,1,31,0.0,,,,,
Lim Chu Kang Road,S112,2014,2,1,0.0,,,,,
Lim Chu Kang Road,S112,2014,2,2,0.0,,,,,
Lim Chu Kang Road,S112,2014,2,3,0.0,,,,,
Lim Chu Kang Road,S112,2014,2,4,0.0,,,,,
Lim Chu Kang Road,S112,2014,2,5,0.0,,,,,
Lim Chu Kang Road,S112,2014,2,6,0.0,,,,,
Lim Chu Kang Road,S112,2014,2,7,0.0,,,,,
Lim Chu Kang Road,S112,2014,2,8,0.2,,,,,
Lim Chu Kang Road,S112,2014,2,9,0.0,,,,,
Lim Chu Kang Road,S112,2014,2,10,0.0,,,,,
Lim Chu Kang Road,S112,2014,2,11,0.0,,,,,
Lim Chu Kang Road,S112,2014,2,12,0.0,,,,,
Lim Chu Kang Road,S112,2014,2,13,0.0,,,,,
Lim Chu Kang Road,S112,2014,2,14,2.6,,,,,
Lim Chu Kang Road,S112,2014,2,15,0.0,,,,,
Lim Chu Kang Road,S112,2014,2,16,29.0,,,,,
Lim Chu Kang Road,S112,2014,2,17,0.2,,,,,
Lim Chu Kang Road,S112,2014,2,18,18.8,,,,,
Lim Chu Kang Road,S112,2014,2,19,0.2,,,,,
Lim Chu Kang Road,S112,2014,2,20,0.0,,,,,
Lim Chu Kang Road,S112,2014,2,21,0.0,,,,,
Lim Chu Kang Road,S112,2014,2,22,0.0,,,,,
Lim Chu Kang Road,S112,2014,2,23,0.0,,,,,
Lim Chu Kang Road,S112,2014,2,24,0.0,,,,,
Lim Chu Kang Road,S112,2014,2,25,0.0,,,,,
Lim Chu Kang Road,S112,2014,2,26,0.0,,,,,
Lim Chu Kang Road,S112,2014,2,27,0.0,,,,,
Lim Chu Kang Road,S112,2014,2,28,0.0,,,,,
Lim Chu Kang Road,S112,2014,3,1,0.0,,,,,
Lim Chu Kang Road,S112,2014,3,2,0.0,,,,,
Lim Chu Kang Road,S112,2014,3,3,0.0,,,,,
Lim Chu Kang Road,S112,2014,3,4,0.0,,,,,
Lim Chu Kang Road,S112,2014,3,5,0.0,,,,,
Lim Chu Kang Road,S112,2014,3,6,0.0,,,,,
Lim Chu Kang Road,S112,2014,3,7,0.0,,,,,
Lim Chu Kang Road,S112,2014,3,8,0.0,,,,,
Lim Chu Kang Road,S112,2014,3,9,0.0,,,,,
Lim Chu Kang Road,S112,2014,3,10,0.0,,,,,
Lim Chu Kang Road,S112,2014,3,11,0.0,,,,,
Lim Chu Kang Road,S112,2014,3,12,0.0,,,,,
Lim Chu Kang Road,S112,2014,3,13,0.0,,,,,
Lim Chu Kang Road,S112,2014,3,14,0.0,,,,,
Lim Chu Kang Road,S112,2014,3,15,0.0,,,,,
Lim Chu Kang Road,S112,2014,3,16,27.6,,,,,
Lim Chu Kang Road,S112,2014,3,17,39.4,,,,,
Lim Chu Kang Road,S112,2014,3,18,32.0,,,,,
Lim Chu Kang Road,S112,2014,3,19,13.0,,,,,
Lim Chu Kang Road,S112,2014,3,20,1.8,,,,,
Lim Chu Kang Road,S112,2014,3,21,0.4,,,,,
Lim Chu Kang Road,S112,2014,3,22,0.0,,,,,
Lim Chu Kang Road,S112,2014,3,23,0.0,,,,,
Lim Chu Kang Road,S112,2014,3,24,0.0,,,,,
Lim Chu Kang Road,S112,2014,3,25,0.0,,,,,
Lim Chu Kang Road,S112,2014,3,26,3.8,,,,,
Lim Chu Kang Road,S112,2014,3,27,0.0,,,,,
Lim Chu Kang Road,S112,2014,3,28,12.8,,,,,
Lim Chu Kang Road,S112,2014,3,29,0.2,,,,,
Lim Chu Kang Road,S112,2014,3,30,0.0,,,,,
Lim Chu Kang Road,S112,2014,3,31,0.0,,,,,
Lim Chu Kang Road,S112,2014,4,1,0.0,,,,,
Lim Chu Kang Road,S112,2014,4,2,0.0,,,,,
Lim Chu Kang Road,S112,2014,4,3,0.2,,,,,
Lim Chu Kang Road,S112,2014,4,4,4.0,,,,,
Lim Chu Kang Road,S112,2014,4,5,4.2,,,,,
Lim Chu Kang Road,S112,2014,4,6,0.4,,,,,
Lim Chu Kang Road,S112,2014,4,7,0.0,,,,,
Lim Chu Kang Road,S112,2014,4,8,41.4,,,,,
Lim Chu Kang Road,S112,2014,4,9,0.0,,,,,
Lim Chu Kang Road,S112,2014,4,10,0.4,,,,,
Lim Chu Kang Road,S112,2014,4,11,5.6,,,,,
Lim Chu Kang Road,S112,2014,4,12,1.2,,,,,
Lim Chu Kang Road,S112,2014,4,13,3.8,,,,,
Lim Chu Kang Road,S112,2014,4,14,45.4,,,,,
Lim Chu Kang Road,S112,2014,4,15,0.0,,,,,
Lim Chu Kang Road,S112,2014,4,16,0.2,,,,,
Lim Chu Kang Road,S112,2014,4,17,5.2,,,,,
Lim Chu Kang Road,S112,2014,4,18,3.2,,,,,
Lim Chu Kang Road,S112,2014,4,19,0.0,,,,,
Lim Chu Kang Road,S112,2014,4,20,8.0,,,,,
Lim Chu Kang Road,S112,2014,4,21,5.6,,,,,
Lim Chu Kang Road,S112,2014,4,22,1.2,,,,,
Lim Chu Kang Road,S112,2014,4,23,30.4,,,,,
Lim Chu Kang Road,S112,2014,4,24,32.6,,,,,
Lim Chu Kang Road,S112,2014,4,25,4.6,,,,,
Lim Chu Kang Road,S112,2014,4,26,0.8,,,,,
Lim Chu Kang Road,S112,2014,4,27,0.0,,,,,
Lim Chu Kang Road,S112,2014,4,28,0.0,,,,,
Lim Chu Kang Road,S112,2014,4,29,0.0,,,,,
Lim Chu Kang Road,S112,2014,4,30,0.0,,,,,
Lim Chu Kang Road,S112,2014,5,1,0.0,,,,,
Lim Chu Kang Road,S112,2014,5,2,0.0,,,,,
Lim Chu Kang Road,S112,2014,5,3,78.4,,,,,
Lim Chu Kang Road,S112,2014,5,4,9.6,,,,,
Lim Chu Kang Road,S112,2014,5,5,31.2,,,,,
Lim Chu Kang Road,S112,2014,5,6,0.2,,,,,
Lim Chu Kang Road,S112,2014,5,7,9.6,,,,,
Lim Chu Kang Road,S112,2014,5,8,11.4,,,,,
Lim Chu Kang Road,S112,2014,5,9,2.0,,,,,
Lim Chu Kang Road,S112,2014,5,10,0.0,,,,,
Lim Chu Kang Road,S112,2014,5,11,2.2,,,,,
Lim Chu Kang Road,S112,2014,5,12,1.8,,,,,
Lim Chu Kang Road,S112,2014,5,13,0.0,,,,,
Lim Chu Kang Road,S112,2014,5,14,0.2,,,,,
Lim Chu Kang Road,S112,2014,5,15,0.0,,,,,
Lim Chu Kang Road,S112,2014,5,16,52.8,,,,,
Lim Chu Kang Road,S112,2014,5,17,1.0,,,,,
Lim Chu Kang Road,S112,2014,5,18,13.6,,,,,
Lim Chu Kang Road,S112,2014,5,19,25.4,,,,,
Lim Chu Kang Road,S112,2014,5,20,2.4,,,,,
Lim Chu Kang Road,S112,2014,5,21,0.0,,,,,
Lim Chu Kang Road,S112,2014,5,22,0.0,,,,,
Lim Chu Kang Road,S112,2014,5,23,12.4,,,,,
Lim Chu Kang Road,S112,2014,5,24,0.0,,,,,
Lim Chu Kang Road,S112,2014,5,25,7.0,,,,,
Lim Chu Kang Road,S112,2014,5,26,1.2,,,,,
Lim Chu Kang Road,S112,2014,5,27,0.0,,,,,
Lim Chu Kang Road,S112,2014,5,28,2.2,,,,,
Lim Chu Kang Road,S112,2014,5,29,0.6,,,,,
Lim Chu Kang Road,S112,2014,5,30,0.8,,,,,
Lim Chu Kang Road,S112,2014,5,31,0.0,,,,,
Lim Chu Kang Road,S112,2014,6,1,13.6,,,,,
Lim Chu Kang Road,S112,2014,6,2,2.4,,,,,
Lim Chu Kang Road,S112,2014,6,3,0.2,,,,,
Lim Chu Kang Road,S112,2014,6,4,6.4,,,,,
Lim Chu Kang Road,S112,2014,6,5,10.4,,,,,
Lim Chu Kang Road,S112,2014,6,6,3.4,,,,,
Lim Chu Kang Road,S112,2014,6,7,0.2,,,,,
Lim Chu Kang Road,S112,2014,6,8,0.0,,,,,
Lim Chu Kang Road,S112,2014,6,9,4.2,,,,,
Lim Chu Kang Road,S112,2014,6,10,0.2,,,,,
Lim Chu Kang Road,S112,2014,6,11,0.2,,,,,
Lim Chu Kang Road,S112,2014,6,12,4.4,,,,,
Lim Chu Kang Road,S112,2014,6,13,0.0,,,,,
Lim Chu Kang Road,S112,2014,6,14,41.4,,,,,
Lim Chu Kang Road,S112,2014,6,15,0.0,,,,,
Lim Chu Kang Road,S112,2014,6,16,0.0,,,,,
Lim Chu Kang Road,S112,2014,6,17,0.0,,,,,
Lim Chu Kang Road,S112,2014,6,18,13.8,,,,,
Lim Chu Kang Road,S112,2014,6,19,1.6,,,,,
Lim Chu Kang Road,S112,2014,6,20,0.0,,,,,
Lim Chu Kang Road,S112,2014,6,21,0.0,,,,,
Lim Chu Kang Road,S112,2014,6,22,0.0,,,,,
Lim Chu Kang Road,S112,2014,6,23,0.0,,,,,
Lim Chu Kang Road,S112,2014,6,24,0.0,,,,,
Lim Chu Kang Road,S112,2014,6,25,11.0,,,,,
Lim Chu Kang Road,S112,2014,6,26,2.6,,,,,
Lim Chu Kang Road,S112,2014,6,27,0.0,,,,,
Lim Chu Kang Road,S112,2014,6,28,0.0,,,,,
Lim Chu Kang Road,S112,2014,6,29,0.0,,,,,
Lim Chu Kang Road,S112,2014,6,30,8.2,,,,,
Lim Chu Kang Road,S112,2014,7,1,0.0,,,,,
Lim Chu Kang Road,S112,2014,7,2,0.0,,,,,
Lim Chu Kang Road,S112,2014,7,3,0.8,,,,,
Lim Chu Kang Road,S112,2014,7,4,5.4,,,,,
Lim Chu Kang Road,S112,2014,7,5,63.2,,,,,
Lim Chu Kang Road,S112,2014,7,6,0.0,,,,,
Lim Chu Kang Road,S112,2014,7,7,6.8,,,,,
Lim Chu Kang Road,S112,2014,7,8,8.4,,,,,
Lim Chu Kang Road,S112,2014,7,9,47.4,,,,,
Lim Chu Kang Road,S112,2014,7,10,0.0,,,,,
Lim Chu Kang Road,S112,2014,7,11,3.4,,,,,
Lim Chu Kang Road,S112,2014,7,12,0.0,,,,,
Lim Chu Kang Road,S112,2014,7,13,0.0,,,,,
Lim Chu Kang Road,S112,2014,7,14,0.0,,,,,
Lim Chu Kang Road,S112,2014,7,15,0.0,,,,,
Lim Chu Kang Road,S112,2014,7,16,0.0,,,,,
Lim Chu Kang Road,S112,2014,7,17,0.4,,,,,
Lim Chu Kang Road,S112,2014,7,18,0.0,,,,,
Lim Chu Kang Road,S112,2014,7,19,0.0,,,,,
Lim Chu Kang Road,S112,2014,7,20,0.0,,,,,
Lim Chu Kang Road,S112,2014,7,21,0.0,,,,,
Lim Chu Kang Road,S112,2014,7,22,0.0,,,,,
Lim Chu Kang Road,S112,2014,7,23,1.6,,,,,
Lim Chu Kang Road,S112,2014,7,24,0.0,,,,,
Lim Chu Kang Road,S112,2014,7,25,0.0,,,,,
Lim Chu Kang Road,S112,2014,7,26,0.0,,,,,
Lim Chu Kang Road,S112,2014,7,27,47.6,,,,,
Lim Chu Kang Road,S112,2014,7,28,0.0,,,,,
Lim Chu Kang Road,S112,2014,7,29,57.2,,,,,
Lim Chu Kang Road,S112,2014,7,30,35.6,,,,,
Lim Chu Kang Road,S112,2014,7,31,0.2,,,,,
Lim Chu Kang Road,S112,2014,8,1,6.0,,,,,
Lim Chu Kang Road,S112,2014,8,2,11.8,,,,,
Lim Chu Kang Road,S112,2014,8,3,0.0,,,,,
Lim Chu Kang Road,S112,2014,8,4,0.0,,,,,
Lim Chu Kang Road,S112,2014,8,5,16.0,,,,,
Lim Chu Kang Road,S112,2014,8,6,8.4,,,,,
Lim Chu Kang Road,S112,2014,8,7,6.2,,,,,
Lim Chu Kang Road,S112,2014,8,8,0.0,,,,,
Lim Chu Kang Road,S112,2014,8,9,0.0,,,,,
Lim Chu Kang Road,S112,2014,8,10,13.8,,,,,
Lim Chu Kang Road,S112,2014,8,11,5.6,,,,,
Lim Chu Kang Road,S112,2014,8,12,0.8,,,,,
Lim Chu Kang Road,S112,2014,8,13,0.6,,,,,
Lim Chu Kang Road,S112,2014,8,14,5.4,,,,,
Lim Chu Kang Road,S112,2014,8,15,55.2,,,,,
Lim Chu Kang Road,S112,2014,8,16,0.0,,,,,
Lim Chu Kang Road,S112,2014,8,17,1.0,,,,,
Lim Chu Kang Road,S112,2014,8,18,0.0,,,,,
Lim Chu Kang Road,S112,2014,8,19,9.8,,,,,
Lim Chu Kang Road,S112,2014,8,20,0.0,,,,,
Lim Chu Kang Road,S112,2014,8,21,7.2,,,,,
Lim Chu Kang Road,S112,2014,8,22,0.0,,,,,
Lim Chu Kang Road,S112,2014,8,23,11.4,,,,,
Lim Chu Kang Road,S112,2014,8,24,0.8,,,,,
Lim Chu Kang Road,S112,2014,8,25,7.2,,,,,
Lim Chu Kang Road,S112,2014,8,26,0.2,,,,,
Lim Chu Kang Road,S112,2014,8,27,17.2,,,,,
Lim Chu Kang Road,S112,2014,8,28,6.0,,,,,
Lim Chu Kang Road,S112,2014,8,29,1.8,,,,,
Lim Chu Kang Road,S112,2014,8,30,2.8,,,,,
Lim Chu Kang Road,S112,2014,8,31,14.6,,,,,
Lim Chu Kang Road,S112,2014,10,1,0.0,,,,,
Lim Chu Kang Road,S112,2014,10,2,0.0,,,,,
Lim Chu Kang Road,S112,2014,10,3,0.0,,,,,
Lim Chu Kang Road,S112,2014,10,4,0.0,,,,,
Lim Chu Kang Road,S112,2014,10,5,0.0,,,,,
Lim Chu Kang Road,S112,2014,10,6,0.0,,,,,
Lim Chu Kang Road,S112,2014,10,7,0.0,,,,,
Lim Chu Kang Road,S112,2014,10,8,0.0,,,,,
Lim Chu Kang Road,S112,2014,10,9,0.0,,,,,
Lim Chu Kang Road,S112,2014,10,10,0.0,,,,,
Lim Chu Kang Road,S112,2014,10,11,3.0,,,,,
Lim Chu Kang Road,S112,2014,10,12,0.0,,,,,
Lim Chu Kang Road,S112,2014,10,13,40.8,,,,,
Lim Chu Kang Road,S112,2014,10,14,2.8,,,,,
Lim Chu Kang Road,S112,2014,10,15,21.2,,,,,
Lim Chu Kang Road,S112,2014,10,16,5.0,,,,,
Lim Chu Kang Road,S112,2014,10,17,4.4,,,,,
Lim Chu Kang Road,S112,2014,10,18,5.2,,,,,
Lim Chu Kang Road,S112,2014,10,19,0.0,,,,,
Lim Chu Kang Road,S112,2014,10,20,30.6,,,,,
Lim Chu Kang Road,S112,2014,10,21,6.2,,,,,
Lim Chu Kang Road,S112,2014,10,22,2.8,,,,,
Lim Chu Kang Road,S112,2014,10,23,0.0,,,,,
Lim Chu Kang Road,S112,2014,10,24,0.0,,,,,
Lim Chu Kang Road,S112,2014,10,25,0.0,,,,,
Lim Chu Kang Road,S112,2014,10,26,6.0,,,,,
Lim Chu Kang Road,S112,2014,10,27,8.6,,,,,
Lim Chu Kang Road,S112,2014,10,28,0.4,,,,,
Lim Chu Kang Road,S112,2014,10,29,0.0,,,,,
Lim Chu Kang Road,S112,2014,10,30,0.0,,,,,
Lim Chu Kang Road,S112,2014,10,31,6.6,,,,,
Lim Chu Kang Road,S112,2014,11,1,0.0,,,,,
Lim Chu Kang Road,S112,2014,11,2,0.0,,,,,
Lim Chu Kang Road,S112,2014,11,3,0.0,,,,,
Lim Chu Kang Road,S112,2014,11,4,0.0,,,,,
Lim Chu Kang Road,S112,2014,11,5,13.2,,,,,
Lim Chu Kang Road,S112,2014,11,6,18.0,,,,,
Lim Chu Kang Road,S112,2014,11,7,0.0,,,,,
Lim Chu Kang Road,S112,2014,11,8,8.8,,,,,
Lim Chu Kang Road,S112,2014,11,9,21.6,,,,,
Lim Chu Kang Road,S112,2014,11,10,5.4,,,,,
Lim Chu Kang Road,S112,2014,11,11,4.4,,,,,
Lim Chu Kang Road,S112,2014,11,12,16.8,,,,,
Lim Chu Kang Road,S112,2014,11,13,2.8,,,,,
Lim Chu Kang Road,S112,2014,11,14,0.8,,,,,
Lim Chu Kang Road,S112,2014,11,15,8.4,,,,,
Lim Chu Kang Road,S112,2014,11,16,0.2,,,,,
Lim Chu Kang Road,S112,2014,11,17,17.6,,,,,
Lim Chu Kang Road,S112,2014,11,18,2.8,,,,,
Lim Chu Kang Road,S112,2014,11,19,0.0,,,,,
Lim Chu Kang Road,S112,2014,11,20,1.2,,,,,
Lim Chu Kang Road,S112,2014,11,21,0.2,,,,,
Lim Chu Kang Road,S112,2014,11,22,7.8,,,,,
Lim Chu Kang Road,S112,2014,11,23,7.0,,,,,
Lim Chu Kang Road,S112,2014,11,24,2.4,,,,,
Lim Chu Kang Road,S112,2014,11,25,0.6,,,,,
Lim Chu Kang Road,S112,2014,11,26,55.0,,,,,
Lim Chu Kang Road,S112,2014,11,27,0.0,,,,,
Lim Chu Kang Road,S112,2014,11,28,0.0,,,,,
Lim Chu Kang Road,S112,2014,11,29,10.4,,,,,
Lim Chu Kang Road,S112,2014,11,30,0.2,,,,,
Lim Chu Kang Road,S112,2014,12,1,7.4,,,,,
Lim Chu Kang Road,S112,2014,12,2,1.0,,,,,
Lim Chu Kang Road,S112,2014,12,3,0.0,,,,,
Lim Chu Kang Road,S112,2014,12,4,39.8,,,,,
Lim Chu Kang Road,S112,2014,12,5,0.0,,,,,
Lim Chu Kang Road,S112,2014,12,6,29.8,,,,,
Lim Chu Kang Road,S112,2014,12,7,37.4,,,,,
Lim Chu Kang Road,S112,2014,12,8,0.4,,,,,
Lim Chu Kang Road,S112,2014,12,9,0.4,,,,,
Lim Chu Kang Road,S112,2014,12,10,0.0,,,,,
Lim Chu Kang Road,S112,2014,12,11,28.2,,,,,
Lim Chu Kang Road,S112,2014,12,12,1.0,,,,,
Lim Chu Kang Road,S112,2014,12,13,19.2,,,,,
Lim Chu Kang Road,S112,2014,12,14,0.2,,,,,
Lim Chu Kang Road,S112,2014,12,15,0.0,,,,,
Lim Chu Kang Road,S112,2014,12,16,0.6,,,,,
Lim Chu Kang Road,S112,2014,12,17,6.0,,,,,
Lim Chu Kang Road,S112,2014,12,18,2.6,,,,,
Lim Chu Kang Road,S112,2014,12,19,25.6,,,,,
Lim Chu Kang Road,S112,2014,12,20,2.6,,,,,
Lim Chu Kang Road,S112,2014,12,21,0.0,,,,,
Lim Chu Kang Road,S112,2014,12,22,0.0,,,,,
Lim Chu Kang Road,S112,2014,12,23,0.0,,,,,
Lim Chu Kang Road,S112,2014,12,24,20.0,,,,,
Lim Chu Kang Road,S112,2014,12,25,1.8,,,,,
Lim Chu Kang Road,S112,2014,12,26,49.8,,,,,
Lim Chu Kang Road,S112,2014,12,27,5.4,,,,,
Lim Chu Kang Road,S112,2014,12,28,2.6,,,,,
Lim Chu Kang Road,S112,2014,12,29,1.2,,,,,
Lim Chu Kang Road,S112,2014,12,30,0.0,,,,,
Lim Chu Kang Road,S112,2014,12,31,0.0,,,,,
Lim Chu Kang Road,S112,2015,1,1,0.6,,,,,
Lim Chu Kang Road,S112,2015,1,2,0.0,,,,,
Lim Chu Kang Road,S112,2015,1,3,0.0,,,,,
Lim Chu Kang Road,S112,2015,1,4,0.0,,,,,
Lim Chu Kang Road,S112,2015,1,5,0.0,,,,,
Lim Chu Kang Road,S112,2015,1,6,30.6,,,,,
Lim Chu Kang Road,S112,2015,1,7,4.6,,,,,
Lim Chu Kang Road,S112,2015,1,8,10.4,,,,,
Lim Chu Kang Road,S112,2015,1,9,1.0,,,,,
Lim Chu Kang Road,S112,2015,1,10,4.8,,,,,
Lim Chu Kang Road,S112,2015,1,11,8.8,,,,,
Lim Chu Kang Road,S112,2015,1,12,0.0,,,,,
Lim Chu Kang Road,S112,2015,1,13,0.0,,,,,
Lim Chu Kang Road,S112,2015,1,14,0.0,,,,,
Lim Chu Kang Road,S112,2015,1,15,0.0,,,,,
Lim Chu Kang Road,S112,2015,1,16,0.0,,,,,
Lim Chu Kang Road,S112,2015,1,17,0.0,,,,,
Lim Chu Kang Road,S112,2015,1,18,0.0,,,,,
Lim Chu Kang Road,S112,2015,1,19,0.0,,,,,
Lim Chu Kang Road,S112,2015,1,20,0.0,,,,,
Lim Chu Kang Road,S112,2015,1,21,47.8,,,,,
Lim Chu Kang Road,S112,2015,1,22,0.2,,,,,
Lim Chu Kang Road,S112,2015,1,23,0.0,,,,,
Lim Chu Kang Road,S112,2015,1,24,0.0,,,,,
Lim Chu Kang Road,S112,2015,1,25,3.6,,,,,
Lim Chu Kang Road,S112,2015,1,26,0.0,,,,,
Lim Chu Kang Road,S112,2015,1,27,0.0,,,,,
Lim Chu Kang Road,S112,2015,1,28,3.2,,,,,
Lim Chu Kang Road,S112,2015,1,29,0.2,,,,,
Lim Chu Kang Road,S112,2015,1,30,0.0,,,,,
Lim Chu Kang Road,S112,2015,1,31,0.0,,,,,
Lim Chu Kang Road,S112,2015,2,1,0.0,,,,,
Lim Chu Kang Road,S112,2015,2,2,6.2,,,,,
Lim Chu Kang Road,S112,2015,2,3,0.0,,,,,
Lim Chu Kang Road,S112,2015,2,4,1.2,,,,,
Lim Chu Kang Road,S112,2015,2,5,0.0,,,,,
Lim Chu Kang Road,S112,2015,2,6,8.4,,,,,
Lim Chu Kang Road,S112,2015,2,7,0.0,,,,,
Lim Chu Kang Road,S112,2015,2,8,0.0,,,,,
Lim Chu Kang Road,S112,2015,2,9,0.0,,,,,
Lim Chu Kang Road,S112,2015,2,10,0.0,,,,,
Lim Chu Kang Road,S112,2015,2,11,0.0,,,,,
Lim Chu Kang Road,S112,2015,2,12,0.0,,,,,
Lim Chu Kang Road,S112,2015,2,13,0.0,,,,,
Lim Chu Kang Road,S112,2015,2,14,0.0,,,,,
Lim Chu Kang Road,S112,2015,2,15,0.0,,,,,
Lim Chu Kang Road,S112,2015,2,16,0.0,,,,,
Lim Chu Kang Road,S112,2015,2,17,0.0,,,,,
Lim Chu Kang Road,S112,2015,2,18,6.2,,,,,
Lim Chu Kang Road,S112,2015,2,19,3.2,,,,,
Lim Chu Kang Road,S112,2015,2,20,0.0,,,,,
Lim Chu Kang Road,S112,2015,2,21,0.0,,,,,
Lim Chu Kang Road,S112,2015,2,22,0.0,,,,,
Lim Chu Kang Road,S112,2015,2,23,12.4,,,,,
Lim Chu Kang Road,S112,2015,2,24,0.0,,,,,
Lim Chu Kang Road,S112,2015,2,25,0.8,,,,,
Lim Chu Kang Road,S112,2015,2,26,0.0,,,,,
Lim Chu Kang Road,S112,2015,2,27,0.0,,,,,
Lim Chu Kang Road,S112,2015,2,28,0.0,,,,,
Lim Chu Kang Road,S112,2015,3,1,0.0,,,,,
Lim Chu Kang Road,S112,2015,3,2,0.0,,,,,
Lim Chu Kang Road,S112,2015,3,3,0.0,,,,,
Lim Chu Kang Road,S112,2015,3,4,0.4,,,,,
Lim Chu Kang Road,S112,2015,3,5,,,,,,
Lim Chu Kang Road,S112,2015,3,6,0.0,,,,,
Lim Chu Kang Road,S112,2015,3,7,0.0,,,,,
Lim Chu Kang Road,S112,2015,3,8,16.2,,,,,
Lim Chu Kang Road,S112,2015,3,9,1.8,,,,,
Lim Chu Kang Road,S112,2015,3,10,0.2,,,,,
Lim Chu Kang Road,S112,2015,3,11,16.4,,,,,
Lim Chu Kang Road,S112,2015,3,12,0.0,,,,,
Lim Chu Kang Road,S112,2015,3,13,0.0,,,,,
Lim Chu Kang Road,S112,2015,3,14,58.4,,,,,
Lim Chu Kang Road,S112,2015,3,15,11.8,,,,,
Lim Chu Kang Road,S112,2015,3,16,,,,,,
Lim Chu Kang Road,S112,2015,3,17,30.4,,,,,
Lim Chu Kang Road,S112,2015,3,18,0.2,,,,,
Lim Chu Kang Road,S112,2015,3,19,0.0,,,,,
Lim Chu Kang Road,S112,2015,3,20,0.0,,,,,
Lim Chu Kang Road,S112,2015,3,21,4.8,,,,,
Lim Chu Kang Road,S112,2015,3,22,12.0,,,,,
Lim Chu Kang Road,S112,2015,3,23,5.2,,,,,
Lim Chu Kang Road,S112,2015,3,24,0.0,,,,,
Lim Chu Kang Road,S112,2015,3,25,0.0,,,,,
Lim Chu Kang Road,S112,2015,3,26,0.0,,,,,
Lim Chu Kang Road,S112,2015,3,27,0.0,,,,,
Lim Chu Kang Road,S112,2015,3,28,2.0,,,,,
Lim Chu Kang Road,S112,2015,3,29,1.2,,,,,
Lim Chu Kang Road,S112,2015,3,30,0.0,,,,,
Lim Chu Kang Road,S112,2015,3,31,10.2,,,,,
Lim Chu Kang Road,S112,2015,4,1,12.2,,,,,
Lim Chu Kang Road,S112,2015,4,2,15.8,,,,,
Lim Chu Kang Road,S112,2015,4,3,2.6,,,,,
Lim Chu Kang Road,S112,2015,4,4,3.8,,,,,
Lim Chu Kang Road,S112,2015,4,5,20.6,,,,,
Lim Chu Kang Road,S112,2015,4,6,35.8,,,,,
Lim Chu Kang Road,S112,2015,4,7,3.0,,,,,
Lim Chu Kang Road,S112,2015,4,8,0.0,,,,,
Lim Chu Kang Road,S112,2015,4,9,0.2,,,,,
Lim Chu Kang Road,S112,2015,4,10,0.2,,,,,
Lim Chu Kang Road,S112,2015,4,11,4.8,,,,,
Lim Chu Kang Road,S112,2015,4,12,0.2,,,,,
Lim Chu Kang Road,S112,2015,4,13,0.0,,,,,
Lim Chu Kang Road,S112,2015,4,14,0.0,,,,,
Lim Chu Kang Road,S112,2015,4,15,0.0,,,,,
Lim Chu Kang Road,S112,2015,4,16,0.0,,,,,
Lim Chu Kang Road,S112,2015,4,17,3.2,,,,,
Lim Chu Kang Road,S112,2015,4,18,15.0,,,,,
Lim Chu Kang Road,S112,2015,4,19,5.4,,,,,
Lim Chu Kang Road,S112,2015,4,20,0.0,,,,,
Lim Chu Kang Road,S112,2015,4,21,3.8,,,,,
Lim Chu Kang Road,S112,2015,4,22,36.6,,,,,
Lim Chu Kang Road,S112,2015,4,23,13.2,,,,,
Lim Chu Kang Road,S112,2015,4,24,7.2,,,,,
Lim Chu Kang Road,S112,2015,4,25,4.2,,,,,
Lim Chu Kang Road,S112,2015,4,26,12.8,,,,,
Lim Chu Kang Road,S112,2015,4,27,3.4,,,,,
Lim Chu Kang Road,S112,2015,4,28,9.6,,,,,
Lim Chu Kang Road,S112,2015,4,29,0.2,,,,,
Lim Chu Kang Road,S112,2015,4,30,10.8,,,,,
Lim Chu Kang Road,S112,2015,5,1,0.6,,,,,
Lim Chu Kang Road,S112,2015,5,2,,,,,,
Lim Chu Kang Road,S112,2015,5,3,,,,,,
Lim Chu Kang Road,S112,2015,5,4,,,,,,
Lim Chu Kang Road,S112,2015,5,5,,,,,,
Lim Chu Kang Road,S112,2015,5,6,,,,,,
Lim Chu Kang Road,S112,2015,5,7,0.0,,,,,
Lim Chu Kang Road,S112,2015,5,8,0.4,,,,,
Lim Chu Kang Road,S112,2015,5,9,0.0,,,,,
Lim Chu Kang Road,S112,2015,5,10,0.0,,,,,
Lim Chu Kang Road,S112,2015,5,11,0.0,,,,,
Lim Chu Kang Road,S112,2015,5,12,0.0,,,,,
Lim Chu Kang Road,S112,2015,5,13,0.2,,,,,
Lim Chu Kang Road,S112,2015,5,14,1.0,,,,,
Lim Chu Kang Road,S112,2015,5,15,3.0,,,,,
Lim Chu Kang Road,S112,2015,5,16,0.0,,,,,
Lim Chu Kang Road,S112,2015,5,17,0.4,,,,,
Lim Chu Kang Road,S112,2015,5,18,1.0,,,,,
Lim Chu Kang Road,S112,2015,5,19,3.4,,,,,
Lim Chu Kang Road,S112,2015,5,20,20.6,,,,,
Lim Chu Kang Road,S112,2015,5,21,0.0,,,,,
Lim Chu Kang Road,S112,2015,5,22,8.6,,,,,
Lim Chu Kang Road,S112,2015,5,23,5.0,,,,,
Lim Chu Kang Road,S112,2015,5,24,0.0,,,,,
Lim Chu Kang Road,S112,2015,5,25,0.0,,,,,
Lim Chu Kang Road,S112,2015,5,26,0.4,,,,,
Lim Chu Kang Road,S112,2015,5,27,0.0,,,,,
Lim Chu Kang Road,S112,2015,5,28,0.0,,,,,
Lim Chu Kang Road,S112,2015,5,29,0.0,,,,,
Lim Chu Kang Road,S112,2015,5,30,0.2,,,,,
Lim Chu Kang Road,S112,2015,5,31,9.6,,,,,
Lim Chu Kang Road,S112,2015,6,1,14.8,,,,,
Lim Chu Kang Road,S112,2015,6,2,9.6,,,,,
Lim Chu Kang Road,S112,2015,6,3,0.0,,,,,
Lim Chu Kang Road,S112,2015,6,4,23.4,,,,,
Lim Chu Kang Road,S112,2015,6,5,6.6,,,,,
Lim Chu Kang Road,S112,2015,6,6,1.2,,,,,
Lim Chu Kang Road,S112,2015,6,7,1.8,,,,,
Lim Chu Kang Road,S112,2015,6,8,2.6,,,,,
Lim Chu Kang Road,S112,2015,6,9,0.0,,,,,
Lim Chu Kang Road,S112,2015,6,10,0.0,,,,,
Lim Chu Kang Road,S112,2015,6,11,0.0,,,,,
Lim Chu Kang Road,S112,2015,6,12,24.6,,,,,
Lim Chu Kang Road,S112,2015,6,13,0.2,,,,,
Lim Chu Kang Road,S112,2015,6,14,5.6,,,,,
Lim Chu Kang Road,S112,2015,6,15,0.0,,,,,
Lim Chu Kang Road,S112,2015,6,16,12.4,,,,,
Lim Chu Kang Road,S112,2015,6,17,0.0,,,,,
Lim Chu Kang Road,S112,2015,6,18,0.0,,,,,
Lim Chu Kang Road,S112,2015,6,19,0.0,,,,,
Lim Chu Kang Road,S112,2015,6,20,0.0,,,,,
Lim Chu Kang Road,S112,2015,6,21,0.0,,,,,
Lim Chu Kang Road,S112,2015,6,22,0.0,,,,,
Lim Chu Kang Road,S112,2015,6,23,0.0,,,,,
Lim Chu Kang Road,S112,2015,6,24,5.6,,,,,
Lim Chu Kang Road,S112,2015,6,25,0.0,,,,,
Lim Chu Kang Road,S112,2015,6,26,0.0,,,,,
Lim Chu Kang Road,S112,2015,6,27,0.0,,,,,
Lim Chu Kang Road,S112,2015,6,28,0.0,,,,,
Lim Chu Kang Road,S112,2015,6,29,0.0,,,,,
Lim Chu Kang Road,S112,2015,6,30,0.0,,,,,
Lim Chu Kang Road,S112,2015,7,1,11.8,,,,,
Lim Chu Kang Road,S112,2015,7,2,0.0,,,,,
Lim Chu Kang Road,S112,2015,7,3,0.0,,,,,
Lim Chu Kang Road,S112,2015,7,4,22.2,,,,,
Lim Chu Kang Road,S112,2015,7,5,0.0,,,,,
Lim Chu Kang Road,S112,2015,7,6,0.0,,,,,
Lim Chu Kang Road,S112,2015,7,7,0.0,,,,,
Lim Chu Kang Road,S112,2015,7,8,11.8,,,,,
Lim Chu Kang Road,S112,2015,7,9,0.0,,,,,
Lim Chu Kang Road,S112,2015,7,10,0.0,,,,,
Lim Chu Kang Road,S112,2015,7,11,0.4,,,,,
Lim Chu Kang Road,S112,2015,7,12,0.0,,,,,
Lim Chu Kang Road,S112,2015,7,13,0.2,,,,,
Lim Chu Kang Road,S112,2015,7,14,37.8,,,,,
Lim Chu Kang Road,S112,2015,7,15,0.0,,,,,
Lim Chu Kang Road,S112,2015,7,16,5.6,,,,,
Lim Chu Kang Road,S112,2015,7,17,71.0,,,,,
Lim Chu Kang Road,S112,2015,7,18,0.2,,,,,
Lim Chu Kang Road,S112,2015,7,19,0.0,,,,,
Lim Chu Kang Road,S112,2015,7,20,0.0,,,,,
Lim Chu Kang Road,S112,2015,7,21,0.0,,,,,
Lim Chu Kang Road,S112,2015,7,22,0.0,,,,,
Lim Chu Kang Road,S112,2015,7,23,0.0,,,,,
Lim Chu Kang Road,S112,2015,7,24,9.8,,,,,
Lim Chu Kang Road,S112,2015,7,25,0.0,,,,,
Lim Chu Kang Road,S112,2015,7,26,1.0,,,,,
Lim Chu Kang Road,S112,2015,7,27,0.0,,,,,
Lim Chu Kang Road,S112,2015,7,28,0.4,,,,,
Lim Chu Kang Road,S112,2015,7,29,0.0,,,,,
Lim Chu Kang Road,S112,2015,7,30,12.8,,,,,
Lim Chu Kang Road,S112,2015,7,31,8.2,,,,,
Lim Chu Kang Road,S112,2015,8,1,1.4,,,,,
Lim Chu Kang Road,S112,2015,8,2,0.0,,,,,
Lim Chu Kang Road,S112,2015,8,3,8.0,,,,,
Lim Chu Kang Road,S112,2015,8,4,14.4,,,,,
Lim Chu Kang Road,S112,2015,8,5,0.0,,,,,
Lim Chu Kang Road,S112,2015,8,6,40.6,,,,,
Lim Chu Kang Road,S112,2015,8,7,17.4,,,,,
Lim Chu Kang Road,S112,2015,8,8,0.0,,,,,
Lim Chu Kang Road,S112,2015,8,9,5.8,,,,,
Lim Chu Kang Road,S112,2015,8,10,0.0,,,,,
Lim Chu Kang Road,S112,2015,8,11,20.2,,,,,
Lim Chu Kang Road,S112,2015,8,12,0.4,,,,,
Lim Chu Kang Road,S112,2015,8,13,0.6,,,,,
Lim Chu Kang Road,S112,2015,8,14,0.0,,,,,
Lim Chu Kang Road,S112,2015,8,15,0.2,,,,,
Lim Chu Kang Road,S112,2015,8,16,0.0,,,,,
Lim Chu Kang Road,S112,2015,8,17,0.0,,,,,
Lim Chu Kang Road,S112,2015,8,18,0.0,,,,,
Lim Chu Kang Road,S112,2015,8,19,0.0,,,,,
Lim Chu Kang Road,S112,2015,8,20,0.0,,,,,
Lim Chu Kang Road,S112,2015,8,21,15.6,,,,,
Lim Chu Kang Road,S112,2015,8,22,0.0,,,,,
Lim Chu Kang Road,S112,2015,8,23,0.0,,,,,
Lim Chu Kang Road,S112,2015,8,24,0.0,,,,,
Lim Chu Kang Road,S112,2015,8,25,0.0,,,,,
Lim Chu Kang Road,S112,2015,8,26,0.0,,,,,
Lim Chu Kang Road,S112,2015,8,27,0.0,,,,,
Lim Chu Kang Road,S112,2015,8,28,0.0,,,,,
Lim Chu Kang Road,S112,2015,8,29,0.0,,,,,
Lim Chu Kang Road,S112,2015,8,30,0.0,,,,,
Lim Chu Kang Road,S112,2015,8,31,0.0,,,,,
Lim Chu Kang Road,S112,2015,9,1,0.0,,,,,
Lim Chu Kang Road,S112,2015,9,2,0.0,,,,,
Lim Chu Kang Road,S112,2015,9,3,11.6,,,,,
Lim Chu Kang Road,S112,2015,9,4,12.0,,,,,
Lim Chu Kang Road,S112,2015,9,5,0.2,,,,,
Lim Chu Kang Road,S112,2015,9,6,0.0,,,,,
Lim Chu Kang Road,S112,2015,9,7,,,,,,
Lim Chu Kang Road,S112,2015,9,8,0.0,,,,,
Lim Chu Kang Road,S112,2015,9,9,30.8,,,,,
Lim Chu Kang Road,S112,2015,9,10,0.0,,,,,
Lim Chu Kang Road,S112,2015,9,11,0.0,,,,,
Lim Chu Kang Road,S112,2015,9,12,0.0,,,,,
Lim Chu Kang Road,S112,2015,9,13,0.0,,,,,
Lim Chu Kang Road,S112,2015,9,14,0.0,,,,,
Lim Chu Kang Road,S112,2015,9,15,8.8,,,,,
Lim Chu Kang Road,S112,2015,9,16,34.4,,,,,
Lim Chu Kang Road,S112,2015,9,17,0.0,,,,,
Lim Chu Kang Road,S112,2015,9,18,0.2,,,,,
Lim Chu Kang Road,S112,2015,9,19,0.0,,,,,
Lim Chu Kang Road,S112,2015,9,20,0.8,,,,,
Lim Chu Kang Road,S112,2015,9,21,8.0,,,,,
Lim Chu Kang Road,S112,2015,9,22,0.0,,,,,
Lim Chu Kang Road,S112,2015,9,23,0.0,,,,,
Lim Chu Kang Road,S112,2015,9,24,0.0,,,,,
Lim Chu Kang Road,S112,2015,9,25,0.0,,,,,
Lim Chu Kang Road,S112,2015,9,26,0.0,,,,,
Lim Chu Kang Road,S112,2015,9,27,0.0,,,,,
Lim Chu Kang Road,S112,2015,9,28,7.8,,,,,
Lim Chu Kang Road,S112,2015,9,29,0.0,,,,,
Lim Chu Kang Road,S112,2015,9,30,3.6,,,,,
Lim Chu Kang Road,S112,2015,10,1,0.0,,,,,
Lim Chu Kang Road,S112,2015,10,2,2.4,,,,,
Lim Chu Kang Road,S112,2015,10,3,0.0,,,,,
Lim Chu Kang Road,S112,2015,10,4,0.0,,,,,
Lim Chu Kang Road,S112,2015,10,5,0.0,,,,,
Lim Chu Kang Road,S112,2015,10,6,1.2,,,,,
Lim Chu Kang Road,S112,2015,10,7,0.8,,,,,
Lim Chu Kang Road,S112,2015,10,8,10.8,,,,,
Lim Chu Kang Road,S112,2015,10,9,0.0,,,,,
Lim Chu Kang Road,S112,2015,10,10,0.0,,,,,
Lim Chu Kang Road,S112,2015,10,11,0.0,,,,,
Lim Chu Kang Road,S112,2015,10,12,0.0,,,,,
Lim Chu Kang Road,S112,2015,10,13,0.0,,,,,
Lim Chu Kang Road,S112,2015,10,14,0.0,,,,,
Lim Chu Kang Road,S112,2015,10,15,0.0,,,,,
Lim Chu Kang Road,S112,2015,10,16,0.0,,,,,
Lim Chu Kang Road,S112,2015,10,17,0.0,,,,,
Lim Chu Kang Road,S112,2015,10,18,0.0,,,,,
Lim Chu Kang Road,S112,2015,10,19,0.0,,,,,
Lim Chu Kang Road,S112,2015,10,20,0.0,,,,,
Lim Chu Kang Road,S112,2015,10,21,0.0,,,,,
Lim Chu Kang Road,S112,2015,10,22,0.0,,,,,
Lim Chu Kang Road,S112,2015,10,23,0.0,,,,,
Lim Chu Kang Road,S112,2015,10,24,13.8,,,,,
Lim Chu Kang Road,S112,2015,10,25,2.0,,,,,
Lim Chu Kang Road,S112,2015,10,26,0.2,,,,,
Lim Chu Kang Road,S112,2015,10,27,0.0,,,,,
Lim Chu Kang Road,S112,2015,10,28,24.4,,,,,
Lim Chu Kang Road,S112,2015,10,29,0.0,,,,,
Lim Chu Kang Road,S112,2015,10,30,20.6,,,,,
Lim Chu Kang Road,S112,2015,10,31,7.0,,,,,
Lim Chu Kang Road,S112,2015,11,1,36.2,,,,,
Lim Chu Kang Road,S112,2015,11,2,4.0,,,,,
Lim Chu Kang Road,S112,2015,11,3,0.0,,,,,
Lim Chu Kang Road,S112,2015,11,4,0.0,,,,,
Lim Chu Kang Road,S112,2015,11,5,0.0,,,,,
Lim Chu Kang Road,S112,2015,11,6,0.0,,,,,
Lim Chu Kang Road,S112,2015,11,7,5.0,,,,,
Lim Chu Kang Road,S112,2015,11,8,0.8,,,,,
Lim Chu Kang Road,S112,2015,11,9,1.0,,,,,
Lim Chu Kang Road,S112,2015,11,10,0.0,,,,,
Lim Chu Kang Road,S112,2015,11,11,5.4,,,,,
Lim Chu Kang Road,S112,2015,11,12,25.8,,,,,
Lim Chu Kang Road,S112,2015,11,13,10.8,,,,,
Lim Chu Kang Road,S112,2015,11,14,0.0,,,,,
Lim Chu Kang Road,S112,2015,11,15,11.0,,,,,
Lim Chu Kang Road,S112,2015,11,16,34.2,,,,,
Lim Chu Kang Road,S112,2015,11,17,14.4,,,,,
Lim Chu Kang Road,S112,2015,11,18,0.0,,,,,
Lim Chu Kang Road,S112,2015,11,19,30.2,,,,,
Lim Chu Kang Road,S112,2015,11,20,9.4,,,,,
Lim Chu Kang Road,S112,2015,11,21,4.2,,,,,
Lim Chu Kang Road,S112,2015,11,22,0.0,,,,,
Lim Chu Kang Road,S112,2015,11,23,0.0,,,,,
Lim Chu Kang Road,S112,2015,11,24,21.4,,,,,
Lim Chu Kang Road,S112,2015,11,25,12.8,,,,,
Lim Chu Kang Road,S112,2015,11,26,2.0,,,,,
Lim Chu Kang Road,S112,2015,11,27,14.6,,,,,
Lim Chu Kang Road,S112,2015,11,28,17.2,,,,,
Lim Chu Kang Road,S112,2015,11,29,1.0,,,,,
Lim Chu Kang Road,S112,2015,11,30,11.0,,,,,
Lim Chu Kang Road,S112,2015,12,1,28.4,,,,,
Lim Chu Kang Road,S112,2015,12,2,1.2,,,,,
Lim Chu Kang Road,S112,2015,12,3,1.8,,,,,
Lim Chu Kang Road,S112,2015,12,4,29.6,,,,,
Lim Chu Kang Road,S112,2015,12,5,1.8,,,,,
Lim Chu Kang Road,S112,2015,12,6,8.2,,,,,
Lim Chu Kang Road,S112,2015,12,7,0.0,,,,,
Lim Chu Kang Road,S112,2015,12,8,3.6,,,,,
Lim Chu Kang Road,S112,2015,12,9,9.4,,,,,
Lim Chu Kang Road,S112,2015,12,10,2.6,,,,,
Lim Chu Kang Road,S112,2015,12,11,11.2,,,,,
Lim Chu Kang Road,S112,2015,12,12,59.2,,,,,
Lim Chu Kang Road,S112,2015,12,13,45.8,,,,,
Lim Chu Kang Road,S112,2015,12,14,1.8,,,,,
Lim Chu Kang Road,S112,2015,12,15,0.0,,,,,
Lim Chu Kang Road,S112,2015,12,16,0.0,,,,,
Lim Chu Kang Road,S112,2015,12,17,0.0,,,,,
Lim Chu Kang Road,S112,2015,12,18,4.6,,,,,
Lim Chu Kang Road,S112,2015,12,19,0.0,,,,,
Lim Chu Kang Road,S112,2015,12,20,0.0,,,,,
Lim Chu Kang Road,S112,2015,12,21,0.0,,,,,
Lim Chu Kang Road,S112,2015,12,22,0.0,,,,,
Lim Chu Kang Road,S112,2015,12,23,8.8,,,,,
Lim Chu Kang Road,S112,2015,12,24,1.2,,,,,
Lim Chu Kang Road,S112,2015,12,25,0.6,,,,,
Lim Chu Kang Road,S112,2015,12,26,0.0,,,,,
Lim Chu Kang Road,S112,2015,12,27,0.0,,,,,
Lim Chu Kang Road,S112,2015,12,28,20.4,,,,,
Lim Chu Kang Road,S112,2015,12,29,53.8,,,,,
Lim Chu Kang Road,S112,2015,12,30,0.2,,,,,
Lim Chu Kang Road,S112,2015,12,31,4.4,,,,,
Lim Chu Kang Road,S112,2016,1,1,19.6,,,,,
Lim Chu Kang Road,S112,2016,1,2,17.8,,,,,
Lim Chu Kang Road,S112,2016,1,3,1.6,,,,,
Lim Chu Kang Road,S112,2016,1,4,0.8,,,,,
Lim Chu Kang Road,S112,2016,1,5,0.0,,,,,
Lim Chu Kang Road,S112,2016,1,6,1.6,,,,,
Lim Chu Kang Road,S112,2016,1,7,0.0,,,,,
Lim Chu Kang Road,S112,2016,1,8,0.0,,,,,
Lim Chu Kang Road,S112,2016,1,9,0.0,,,,,
Lim Chu Kang Road,S112,2016,1,10,0.0,,,,,
Lim Chu Kang Road,S112,2016,1,11,13.0,,,,,
Lim Chu Kang Road,S112,2016,1,12,0.2,,,,,
Lim Chu Kang Road,S112,2016,1,13,0.0,,,,,
Lim Chu Kang Road,S112,2016,1,14,17.4,,,,,
Lim Chu Kang Road,S112,2016,1,15,7.0,,,,,
Lim Chu Kang Road,S112,2016,1,16,17.8,,,,,
Lim Chu Kang Road,S112,2016,1,17,4.4,,,,,
Lim Chu Kang Road,S112,2016,1,18,24.8,,,,,
Lim Chu Kang Road,S112,2016,1,19,4.6,,,,,
Lim Chu Kang Road,S112,2016,1,20,6.8,,,,,
Lim Chu Kang Road,S112,2016,1,21,0.2,,,,,
Lim Chu Kang Road,S112,2016,1,22,9.4,,,,,
Lim Chu Kang Road,S112,2016,1,23,2.4,,,,,
Lim Chu Kang Road,S112,2016,1,24,0.2,,,,,
Lim Chu Kang Road,S112,2016,1,25,22.8,,,,,
Lim Chu Kang Road,S112,2016,1,26,4.8,,,,,
Lim Chu Kang Road,S112,2016,1,27,0.2,,,,,
Lim Chu Kang Road,S112,2016,1,28,45.4,,,,,
Lim Chu Kang Road,S112,2016,1,29,13.6,,,,,
Lim Chu Kang Road,S112,2016,1,30,0.2,,,,,
Lim Chu Kang Road,S112,2016,1,31,0.8,,,,,
Lim Chu Kang Road,S112,2016,2,1,0.2,,,,,
Lim Chu Kang Road,S112,2016,2,2,12.4,,,,,
Lim Chu Kang Road,S112,2016,2,3,0.0,,,,,
Lim Chu Kang Road,S112,2016,2,4,8.2,,,,,
Lim Chu Kang Road,S112,2016,2,5,4.0,,,,,
Lim Chu Kang Road,S112,2016,2,6,4.0,,,,,
Lim Chu Kang Road,S112,2016,2,7,32.2,,,,,
Lim Chu Kang Road,S112,2016,2,8,0.0,,,,,
Lim Chu Kang Road,S112,2016,2,9,0.0,,,,,
Lim Chu Kang Road,S112,2016,2,10,0.8,,,,,
Lim Chu Kang Road,S112,2016,2,11,0.0,,,,,
Lim Chu Kang Road,S112,2016,2,12,24.6,,,,,
Lim Chu Kang Road,S112,2016,2,13,0.0,,,,,
Lim Chu Kang Road,S112,2016,2,14,4.8,,,,,
Lim Chu Kang Road,S112,2016,2,15,0.2,,,,,
Lim Chu Kang Road,S112,2016,2,16,0.0,,,,,
Lim Chu Kang Road,S112,2016,2,17,0.0,,,,,
Lim Chu Kang Road,S112,2016,2,18,0.8,,,,,
Lim Chu Kang Road,S112,2016,2,19,57.0,,,,,
Lim Chu Kang Road,S112,2016,2,20,19.6,,,,,
Lim Chu Kang Road,S112,2016,2,21,0.0,,,,,
Lim Chu Kang Road,S112,2016,2,22,0.0,,,,,
Lim Chu Kang Road,S112,2016,2,23,0.0,,,,,
Lim Chu Kang Road,S112,2016,2,24,6.2,,,,,
Lim Chu Kang Road,S112,2016,2,25,0.0,,,,,
Lim Chu Kang Road,S112,2016,2,26,0.0,,,,,
Lim Chu Kang Road,S112,2016,2,27,0.0,,,,,
Lim Chu Kang Road,S112,2016,2,28,0.0,,,,,
Lim Chu Kang Road,S112,2016,2,29,0.2,,,,,
Lim Chu Kang Road,S112,2016,3,1,0.0,,,,,
Lim Chu Kang Road,S112,2016,3,2,0.0,,,,,
Lim Chu Kang Road,S112,2016,3,3,0.0,,,,,
Lim Chu Kang Road,S112,2016,3,4,11.0,,,,,
Lim Chu Kang Road,S112,2016,3,5,1.4,,,,,
Lim Chu Kang Road,S112,2016,3,6,0.0,,,,,
Lim Chu Kang Road,S112,2016,3,7,1.6,,,,,
Lim Chu Kang Road,S112,2016,3,8,15.0,,,,,
Lim Chu Kang Road,S112,2016,3,9,0.2,,,,,
Lim Chu Kang Road,S112,2016,3,10,17.2,,,,,
Lim Chu Kang Road,S112,2016,3,11,0.0,,,,,
Lim Chu Kang Road,S112,2016,3,12,0.0,,,,,
Lim Chu Kang Road,S112,2016,3,13,8.8,,,,,
Lim Chu Kang Road,S112,2016,3,14,0.2,,,,,
Lim Chu Kang Road,S112,2016,3,15,0.0,,,,,
Lim Chu Kang Road,S112,2016,3,16,0.0,,,,,
Lim Chu Kang Road,S112,2016,3,17,0.0,,,,,
Lim Chu Kang Road,S112,2016,3,18,26.0,,,,,
Lim Chu Kang Road,S112,2016,3,19,0.0,,,,,
Lim Chu Kang Road,S112,2016,3,20,0.0,,,,,
Lim Chu Kang Road,S112,2016,3,21,58.2,,,,,
Lim Chu Kang Road,S112,2016,3,22,0.0,,,,,
Lim Chu Kang Road,S112,2016,3,23,0.0,,,,,
Lim Chu Kang Road,S112,2016,3,24,14.2,,,,,
Lim Chu Kang Road,S112,2016,3,25,0.0,,,,,
Lim Chu Kang Road,S112,2016,3,26,0.0,,,,,
Lim Chu Kang Road,S112,2016,3,27,0.0,,,,,
Lim Chu Kang Road,S112,2016,3,28,0.0,,,,,
Lim Chu Kang Road,S112,2016,3,29,0.0,,,,,
Lim Chu Kang Road,S112,2016,3,30,0.0,,,,,
Lim Chu Kang Road,S112,2016,3,31,0.0,,,,,
Lim Chu Kang Road,S112,2016,4,1,0.0,,,,,
Lim Chu Kang Road,S112,2016,4,2,0.0,,,,,
Lim Chu Kang Road,S112,2016,4,3,6.2,,,,,
Lim Chu Kang Road,S112,2016,4,4,4.2,,,,,
Lim Chu Kang Road,S112,2016,4,5,4.4,,,,,
Lim Chu Kang Road,S112,2016,4,6,0.0,,,,,
Lim Chu Kang Road,S112,2016,4,7,6.6,,,,,
Lim Chu Kang Road,S112,2016,4,8,23.6,,,,,
Lim Chu Kang Road,S112,2016,4,9,5.6,,,,,
Lim Chu Kang Road,S112,2016,4,10,37.6,,,,,
Lim Chu Kang Road,S112,2016,4,11,0.0,,,,,
Lim Chu Kang Road,S112,2016,4,12,14.2,,,,,
Lim Chu Kang Road,S112,2016,4,13,1.0,,,,,
Lim Chu Kang Road,S112,2016,4,14,0.6,,,,,
Lim Chu Kang Road,S112,2016,4,15,2.8,,,,,
Lim Chu Kang Road,S112,2016,4,16,15.2,,,,,
Lim Chu Kang Road,S112,2016,4,17,62.6,,,,,
Lim Chu Kang Road,S112,2016,4,18,0.0,,,,,
Lim Chu Kang Road,S112,2016,4,19,0.0,,,,,
Lim Chu Kang Road,S112,2016,4,20,52.8,,,,,
Lim Chu Kang Road,S112,2016,4,21,3.4,,,,,
Lim Chu Kang Road,S112,2016,4,22,0.2,,,,,
Lim Chu Kang Road,S112,2016,4,23,0.0,,,,,
Lim Chu Kang Road,S112,2016,4,24,0.0,,,,,
Lim Chu Kang Road,S112,2016,4,25,3.2,,,,,
Lim Chu Kang Road,S112,2016,4,26,0.0,,,,,
Lim Chu Kang Road,S112,2016,4,27,2.6,,,,,
Lim Chu Kang Road,S112,2016,4,28,17.8,,,,,
Lim Chu Kang Road,S112,2016,4,29,8.6,,,,,
Lim Chu Kang Road,S112,2016,4,30,45.2,,,,,
Lim Chu Kang Road,S112,2016,5,1,0.2,,,,,
Lim Chu Kang Road,S112,2016,5,2,18.8,,,,,
Lim Chu Kang Road,S112,2016,5,3,10.8,,,,,
Lim Chu Kang Road,S112,2016,5,4,0.2,,,,,
Lim Chu Kang Road,S112,2016,5,5,27.4,,,,,
Lim Chu Kang Road,S112,2016,5,6,34.0,,,,,
Lim Chu Kang Road,S112,2016,5,7,7.6,,,,,
Lim Chu Kang Road,S112,2016,5,8,0.0,,,,,
Lim Chu Kang Road,S112,2016,5,9,0.0,,,,,
Lim Chu Kang Road,S112,2016,5,10,0.0,,,,,
Lim Chu Kang Road,S112,2016,5,11,1.6,,,,,
Lim Chu Kang Road,S112,2016,5,12,4.8,,,,,
Lim Chu Kang Road,S112,2016,5,13,0.2,,,,,
Lim Chu Kang Road,S112,2016,5,14,20.4,,,,,
Lim Chu Kang Road,S112,2016,5,15,7.4,,,,,
Lim Chu Kang Road,S112,2016,5,16,1.2,,,,,
Lim Chu Kang Road,S112,2016,5,17,0.2,,,,,
Lim Chu Kang Road,S112,2016,5,18,26.4,,,,,
Lim Chu Kang Road,S112,2016,5,19,0.4,,,,,
Lim Chu Kang Road,S112,2016,5,20,0.0,,,,,
Lim Chu Kang Road,S112,2016,5,21,4.0,,,,,
Lim Chu Kang Road,S112,2016,5,22,19.2,,,,,
Lim Chu Kang Road,S112,2016,5,23,0.2,,,,,
Lim Chu Kang Road,S112,2016,5,24,5.4,,,,,
Lim Chu Kang Road,S112,2016,5,25,1.6,,,,,
Lim Chu Kang Road,S112,2016,5,26,0.2,,,,,
Lim Chu Kang Road,S112,2016,5,27,0.0,,,,,
Lim Chu Kang Road,S112,2016,5,28,14.2,,,,,
Lim Chu Kang Road,S112,2016,5,29,0.0,,,,,
Lim Chu Kang Road,S112,2016,5,30,0.4,,,,,
Lim Chu Kang Road,S112,2016,5,31,0.0,,,,,
Lim Chu Kang Road,S112,2016,6,1,0.6,,,,,
Lim Chu Kang Road,S112,2016,6,2,15.4,,,,,
Lim Chu Kang Road,S112,2016,6,3,0.4,,,,,
Lim Chu Kang Road,S112,2016,6,4,0.6,,,,,
Lim Chu Kang Road,S112,2016,6,5,0.0,,,,,
Lim Chu Kang Road,S112,2016,6,6,0.0,,,,,
Lim Chu Kang Road,S112,2016,6,7,3.0,,,,,
Lim Chu Kang Road,S112,2016,6,8,6.8,,,,,
Lim Chu Kang Road,S112,2016,6,9,3.4,,,,,
Lim Chu Kang Road,S112,2016,6,10,0.2,,,,,
Lim Chu Kang Road,S112,2016,6,11,1.6,,,,,
Lim Chu Kang Road,S112,2016,6,12,2.6,,,,,
Lim Chu Kang Road,S112,2016,6,13,13.8,,,,,
Lim Chu Kang Road,S112,2016,6,14,0.2,,,,,
Lim Chu Kang Road,S112,2016,6,15,11.6,,,,,
Lim Chu Kang Road,S112,2016,6,16,18.4,,,,,
Lim Chu Kang Road,S112,2016,6,17,8.6,,,,,
Lim Chu Kang Road,S112,2016,6,18,0.0,,,,,
Lim Chu Kang Road,S112,2016,6,19,0.0,,,,,
Lim Chu Kang Road,S112,2016,6,20,0.0,,,,,
Lim Chu Kang Road,S112,2016,6,21,0.0,,,,,
Lim Chu Kang Road,S112,2016,6,22,2.2,,,,,
Lim Chu Kang Road,S112,2016,6,23,0.2,,,,,
Lim Chu Kang Road,S112,2016,6,24,12.0,,,,,
Lim Chu Kang Road,S112,2016,6,25,1.4,,,,,
Lim Chu Kang Road,S112,2016,6,26,0.0,,,,,
Lim Chu Kang Road,S112,2016,6,27,0.0,,,,,
Lim Chu Kang Road,S112,2016,6,28,0.0,,,,,
Lim Chu Kang Road,S112,2016,6,29,0.0,,,,,
Lim Chu Kang Road,S112,2016,6,30,0.0,,,,,
Lim Chu Kang Road,S112,2016,7,1,0.0,,,,,
Lim Chu Kang Road,S112,2016,7,2,0.0,,,,,
Lim Chu Kang Road,S112,2016,7,3,0.0,,,,,
Lim Chu Kang Road,S112,2016,7,4,0.0,,,,,
Lim Chu Kang Road,S112,2016,7,5,0.0,,,,,
Lim Chu Kang Road,S112,2016,7,6,0.2,,,,,
Lim Chu Kang Road,S112,2016,7,7,0.0,,,,,
Lim Chu Kang Road,S112,2016,7,8,22.2,,,,,
Lim Chu Kang Road,S112,2016,7,9,0.0,,,,,
Lim Chu Kang Road,S112,2016,7,10,0.0,,,,,
Lim Chu Kang Road,S112,2016,7,11,3.4,,,,,
Lim Chu Kang Road,S112,2016,7,12,0.0,,,,,
Lim Chu Kang Road,S112,2016,7,13,21.6,,,,,
Lim Chu Kang Road,S112,2016,7,14,0.4,,,,,
Lim Chu Kang Road,S112,2016,7,15,39.0,,,,,
Lim Chu Kang Road,S112,2016,7,16,0.0,,,,,
Lim Chu Kang Road,S112,2016,7,17,25.6,,,,,
Lim Chu Kang Road,S112,2016,7,18,0.4,,,,,
Lim Chu Kang Road,S112,2016,7,19,29.2,,,,,
Lim Chu Kang Road,S112,2016,7,20,57.0,,,,,
Lim Chu Kang Road,S112,2016,7,21,6.0,,,,,
Lim Chu Kang Road,S112,2016,7,22,5.5,,,,,
Lim Chu Kang Road,S112,2016,7,23,2.0,,,,,
Lim Chu Kang Road,S112,2016,7,24,35.0,,,,,
Lim Chu Kang Road,S112,2016,7,25,1.0,,,,,
Lim Chu Kang Road,S112,2016,7,26,9.5,,,,,
Lim Chu Kang Road,S112,2016,7,27,0.0,,,,,
Lim Chu Kang Road,S112,2016,7,28,46.5,,,,,
Lim Chu Kang Road,S112,2016,7,29,0.0,,,,,
Lim Chu Kang Road,S112,2016,7,30,0.0,,,,,
Lim Chu Kang Road,S112,2016,7,31,0.0,,,,,
Lim Chu Kang Road,S112,2016,8,1,0.0,,,,,
Lim Chu Kang Road,S112,2016,8,2,0.0,,,,,
Lim Chu Kang Road,S112,2016,8,3,25.5,,,,,
Lim Chu Kang Road,S112,2016,8,4,0.0,,,,,
Lim Chu Kang Road,S112,2016,8,5,0.0,,,,,
Lim Chu Kang Road,S112,2016,8,6,0.0,,,,,
Lim Chu Kang Road,S112,2016,8,7,0.0,,,,,
Lim Chu Kang Road,S112,2016,8,8,0.0,,,,,
Lim Chu Kang Road,S112,2016,8,9,0.0,,,,,
Lim Chu Kang Road,S112,2016,8,10,0.0,,,,,
Lim Chu Kang Road,S112,2016,8,11,0.5,,,,,
Lim Chu Kang Road,S112,2016,8,12,2.5,,,,,
Lim Chu Kang Road,S112,2016,8,13,0.0,,,,,
Lim Chu Kang Road,S112,2016,8,14,1.5,,,,,
Lim Chu Kang Road,S112,2016,8,15,1.0,,,,,
Lim Chu Kang Road,S112,2016,8,16,0.0,,,,,
Lim Chu Kang Road,S112,2016,8,17,16.0,,,,,
Lim Chu Kang Road,S112,2016,8,18,0.0,,,,,
Lim Chu Kang Road,S112,2016,8,19,8.5,,,,,
Lim Chu Kang Road,S112,2016,8,20,0.0,,,,,
Lim Chu Kang Road,S112,2016,8,21,35.0,,,,,
Lim Chu Kang Road,S112,2016,8,22,0.0,,,,,
Lim Chu Kang Road,S112,2016,8,23,0.0,,,,,
Lim Chu Kang Road,S112,2016,8,24,40.8,,,,,
Lim Chu Kang Road,S112,2016,8,25,0.0,,,,,
Lim Chu Kang Road,S112,2016,8,26,0.0,,,,,
Lim Chu Kang Road,S112,2016,8,27,0.0,,,,,
Lim Chu Kang Road,S112,2016,8,28,0.0,,,,,
Lim Chu Kang Road,S112,2016,8,29,0.0,,,,,
Lim Chu Kang Road,S112,2016,8,30,4.8,,,,,
Lim Chu Kang Road,S112,2016,8,31,10.8,,,,,
Lim Chu Kang Road,S112,2016,9,1,10.4,,,,,
Lim Chu Kang Road,S112,2016,9,2,0.0,,,,,
Lim Chu Kang Road,S112,2016,9,3,0.0,,,,,
Lim Chu Kang Road,S112,2016,9,4,1.0,,,,,
Lim Chu Kang Road,S112,2016,9,5,0.0,,,,,
Lim Chu Kang Road,S112,2016,9,6,0.0,,,,,
Lim Chu Kang Road,S112,2016,9,7,44.2,,,,,
Lim Chu Kang Road,S112,2016,9,8,0.6,,,,,
Lim Chu Kang Road,S112,2016,9,9,1.6,,,,,
Lim Chu Kang Road,S112,2016,9,10,0.0,,,,,
Lim Chu Kang Road,S112,2016,9,11,31.2,,,,,
Lim Chu Kang Road,S112,2016,9,12,0.0,,,,,
Lim Chu Kang Road,S112,2016,9,13,0.0,,,,,
Lim Chu Kang Road,S112,2016,9,14,0.8,,,,,
Lim Chu Kang Road,S112,2016,9,15,0.0,,,,,
Lim Chu Kang Road,S112,2016,9,16,3.0,,,,,
Lim Chu Kang Road,S112,2016,9,17,0.2,,,,,
Lim Chu Kang Road,S112,2016,9,18,2.4,,,,,
Lim Chu Kang Road,S112,2016,9,19,2.8,,,,,
Lim Chu Kang Road,S112,2016,9,20,6.0,,,,,
Lim Chu Kang Road,S112,2016,9,21,1.2,,,,,
Lim Chu Kang Road,S112,2016,9,22,0.0,,,,,
Lim Chu Kang Road,S112,2016,9,23,0.0,,,,,
Lim Chu Kang Road,S112,2016,9,24,0.0,,,,,
Lim Chu Kang Road,S112,2016,9,25,0.0,,,,,
Lim Chu Kang Road,S112,2016,9,26,0.0,,,,,
Lim Chu Kang Road,S112,2016,9,27,3.0,,,,,
Lim Chu Kang Road,S112,2016,9,28,0.0,,,,,
Lim Chu Kang Road,S112,2016,9,29,0.0,,,,,
Lim Chu Kang Road,S112,2016,9,30,0.4,,,,,
Lim Chu Kang Road,S112,2016,10,1,0.0,,,,,
Lim Chu Kang Road,S112,2016,10,2,0.0,,,,,
Lim Chu Kang Road,S112,2016,10,3,13.0,,,,,
Lim Chu Kang Road,S112,2016,10,4,0.0,,,,,
Lim Chu Kang Road,S112,2016,10,5,0.0,,,,,
Lim Chu Kang Road,S112,2016,10,6,0.0,,,,,
Lim Chu Kang Road,S112,2016,10,7,47.2,,,,,
Lim Chu Kang Road,S112,2016,10,8,0.0,,,,,
Lim Chu Kang Road,S112,2016,10,9,0.0,,,,,
Lim Chu Kang Road,S112,2016,10,10,0.0,,,,,
Lim Chu Kang Road,S112,2016,10,11,0.0,,,,,
Lim Chu Kang Road,S112,2016,10,12,0.0,,,,,
Lim Chu Kang Road,S112,2016,10,13,0.0,,,,,
Lim Chu Kang Road,S112,2016,10,14,1.0,,,,,
Lim Chu Kang Road,S112,2016,10,15,0.0,,,,,
Lim Chu Kang Road,S112,2016,10,16,1.6,,,,,
Lim Chu Kang Road,S112,2016,10,17,1.8,,,,,
Lim Chu Kang Road,S112,2016,10,18,10.4,,,,,
Lim Chu Kang Road,S112,2016,10,19,12.8,,,,,
Lim Chu Kang Road,S112,2016,10,20,0.0,,,,,
Lim Chu Kang Road,S112,2016,10,21,0.8,,,,,
Lim Chu Kang Road,S112,2016,10,22,0.4,,,,,
Lim Chu Kang Road,S112,2016,10,23,0.0,,,,,
Lim Chu Kang Road,S112,2016,10,24,1.6,,,,,
Lim Chu Kang Road,S112,2016,10,25,27.0,,,,,
Lim Chu Kang Road,S112,2016,10,26,1.0,,,,,
Lim Chu Kang Road,S112,2016,10,27,49.8,,,,,
Lim Chu Kang Road,S112,2016,10,28,19.8,,,,,
Lim Chu Kang Road,S112,2016,10,29,6.8,,,,,
Lim Chu Kang Road,S112,2016,10,30,0.8,,,,,
Lim Chu Kang Road,S112,2016,10,31,0.8,,,,,
Lim Chu Kang Road,S112,2016,11,1,4.0,,,,,
Lim Chu Kang Road,S112,2016,11,2,16.0,,,,,
Lim Chu Kang Road,S112,2016,11,3,11.5,,,,,
Lim Chu Kang Road,S112,2016,11,4,1.0,,,,,
Lim Chu Kang Road,S112,2016,11,5,1.5,,,,,
Lim Chu Kang Road,S112,2016,11,6,1.0,,,,,
Lim Chu Kang Road,S112,2016,11,7,1.5,,,,,
Lim Chu Kang Road,S112,2016,11,8,0.0,,,,,
Lim Chu Kang Road,S112,2016,11,9,3.5,,,,,
Lim Chu Kang Road,S112,2016,11,10,,,,,,
Lim Chu Kang Road,S112,2016,11,11,,,,,,
Lim Chu Kang Road,S112,2016,11,12,,,,,,
Lim Chu Kang Road,S112,2016,11,13,,,,,,
Lim Chu Kang Road,S112,2016,11,14,,,,,,
Lim Chu Kang Road,S112,2016,11,15,,,,,,
Lim Chu Kang Road,S112,2016,11,16,6.0,,,,,
Lim Chu Kang Road,S112,2016,11,17,0.0,,,,,
Lim Chu Kang Road,S112,2016,11,18,4.6,,,,,
Lim Chu Kang Road,S112,2016,11,19,3.2,,,,,
Lim Chu Kang Road,S112,2016,11,20,0.0,,,,,
Lim Chu Kang Road,S112,2016,11,21,5.0,,,,,
Lim Chu Kang Road,S112,2016,11,22,0.2,,,,,
Lim Chu Kang Road,S112,2016,11,23,8.0,,,,,
Lim Chu Kang Road,S112,2016,11,24,0.0,,,,,
Lim Chu Kang Road,S112,2016,11,25,2.4,,,,,
Lim Chu Kang Road,S112,2016,11,26,3.6,,,,,
Lim Chu Kang Road,S112,2016,11,27,1.0,,,,,
Lim Chu Kang Road,S112,2016,11,28,0.0,,,,,
Lim Chu Kang Road,S112,2016,11,29,0.0,,,,,
Lim Chu Kang Road,S112,2016,11,30,0.0,,,,,
Lim Chu Kang Road,S112,2016,12,1,10.0,,,,,
Lim Chu Kang Road,S112,2016,12,2,2.6,,,,,
Lim Chu Kang Road,S112,2016,12,3,0.0,,,,,
Lim Chu Kang Road,S112,2016,12,4,0.0,,,,,
Lim Chu Kang Road,S112,2016,12,5,18.2,,,,,
Lim Chu Kang Road,S112,2016,12,6,0.4,,,,,
Lim Chu Kang Road,S112,2016,12,7,0.0,,,,,
Lim Chu Kang Road,S112,2016,12,8,2.6,,,,,
Lim Chu Kang Road,S112,2016,12,9,4.2,,,,,
Lim Chu Kang Road,S112,2016,12,10,8.2,,,,,
Lim Chu Kang Road,S112,2016,12,11,5.0,,,,,
Lim Chu Kang Road,S112,2016,12,12,0.0,,,,,
Lim Chu Kang Road,S112,2016,12,13,0.0,,,,,
Lim Chu Kang Road,S112,2016,12,14,0.2,,,,,
Lim Chu Kang Road,S112,2016,12,15,0.0,,,,,
Lim Chu Kang Road,S112,2016,12,16,0.0,,,,,
Lim Chu Kang Road,S112,2016,12,17,9.2,,,,,
Lim Chu Kang Road,S112,2016,12,18,5.8,,,,,
Lim Chu Kang Road,S112,2016,12,19,1.0,,,,,
Lim Chu Kang Road,S112,2016,12,20,0.4,,,,,
Lim Chu Kang Road,S112,2016,12,21,0.0,,,,,
Lim Chu Kang Road,S112,2016,12,22,10.2,,,,,
Lim Chu Kang Road,S112,2016,12,23,65.4,,,,,
Lim Chu Kang Road,S112,2016,12,24,14.0,,,,,
Lim Chu Kang Road,S112,2016,12,25,17.2,,,,,
Lim Chu Kang Road,S112,2016,12,26,0.0,,,,,
Lim Chu Kang Road,S112,2016,12,27,1.6,,,,,
Lim Chu Kang Road,S112,2016,12,28,2.8,,,,,
Lim Chu Kang Road,S112,2016,12,29,0.0,,,,,
Lim Chu Kang Road,S112,2016,12,30,0.0,,,,,
Lim Chu Kang Road,S112,2016,12,31,0.0,,,,,
Lim Chu Kang Road,S112,2017,1,1,2.0,,,,,
Lim Chu Kang Road,S112,2017,1,2,28.0,,,,,
Lim Chu Kang Road,S112,2017,1,3,0.2,,,,,
Lim Chu Kang Road,S112,2017,1,4,0.6,,,,,
Lim Chu Kang Road,S112,2017,1,5,1.2,,,,,
Lim Chu Kang Road,S112,2017,1,6,0.0,,,,,
Lim Chu Kang Road,S112,2017,1,7,0.0,,,,,
Lim Chu Kang Road,S112,2017,1,8,0.0,,,,,
Lim Chu Kang Road,S112,2017,1,9,0.0,,,,,
Lim Chu Kang Road,S112,2017,1,10,0.0,,,,,
Lim Chu Kang Road,S112,2017,1,11,2.4,,,,,
Lim Chu Kang Road,S112,2017,1,12,0.0,,,,,
Lim Chu Kang Road,S112,2017,1,13,0.0,,,,,
Lim Chu Kang Road,S112,2017,1,14,0.0,,,,,
Lim Chu Kang Road,S112,2017,1,15,0.0,,,,,
Lim Chu Kang Road,S112,2017,1,16,0.0,,,,,
Lim Chu Kang Road,S112,2017,1,17,0.0,,,,,
Lim Chu Kang Road,S112,2017,1,18,3.2,,,,,
Lim Chu Kang Road,S112,2017,1,19,35.4,,,,,
Lim Chu Kang Road,S112,2017,1,20,1.0,,,,,
Lim Chu Kang Road,S112,2017,1,21,39.0,,,,,
Lim Chu Kang Road,S112,2017,1,22,2.8,,,,,
Lim Chu Kang Road,S112,2017,1,23,51.4,,,,,
Lim Chu Kang Road,S112,2017,1,24,19.2,,,,,
Lim Chu Kang Road,S112,2017,1,25,13.0,,,,,
Lim Chu Kang Road,S112,2017,1,26,1.8,,,,,
Lim Chu Kang Road,S112,2017,1,27,3.0,,,,,
Lim Chu Kang Road,S112,2017,1,28,4.4,,,,,
Lim Chu Kang Road,S112,2017,1,29,0.0,,,,,
Lim Chu Kang Road,S112,2017,1,30,0.0,,,,,
Lim Chu Kang Road,S112,2017,1,31,0.0,,,,,
Lim Chu Kang Road,S112,2017,2,1,0.0,,,,,
Lim Chu Kang Road,S112,2017,2,2,0.0,,,,,
Lim Chu Kang Road,S112,2017,2,3,11.2,,,,,
Lim Chu Kang Road,S112,2017,2,4,10.0,,,,,
Lim Chu Kang Road,S112,2017,2,5,1.8,,,,,
Lim Chu Kang Road,S112,2017,2,6,0.0,,,,,
Lim Chu Kang Road,S112,2017,2,7,25.2,,,,,
Lim Chu Kang Road,S112,2017,2,8,,,,,,
Lim Chu Kang Road,S112,2017,2,9,,,,,,
Lim Chu Kang Road,S112,2017,2,10,,,,,,
Lim Chu Kang Road,S112,2017,2,11,,,,,,
Lim Chu Kang Road,S112,2017,2,12,,,,,,
Lim Chu Kang Road,S112,2017,2,13,,,,,,
Lim Chu Kang Road,S112,2017,2,14,,,,,,
Lim Chu Kang Road,S112,2017,2,15,,,,,,
Lim Chu Kang Road,S112,2017,2,16,,,,,,
Lim Chu Kang Road,S112,2017,2,17,,,,,,
Lim Chu Kang Road,S112,2017,2,18,,,,,,
Lim Chu Kang Road,S112,2017,2,19,,,,,,
Lim Chu Kang Road,S112,2017,2,20,,,,,,
Lim Chu Kang Road,S112,2017,2,21,4.2,,,,,
Lim Chu Kang Road,S112,2017,2,22,0.0,,,,,
Lim Chu Kang Road,S112,2017,2,23,15.8,,,,,
Lim Chu Kang Road,S112,2017,2,24,6.4,,,,,
Lim Chu Kang Road,S112,2017,2,25,0.8,,,,,
Lim Chu Kang Road,S112,2017,2,26,0.2,,,,,
Lim Chu Kang Road,S112,2017,2,27,0.2,,,,,
Lim Chu Kang Road,S112,2017,2,28,10.0,,,,,
Lim Chu Kang Road,S112,2017,4,1,,,,,,
Lim Chu Kang Road,S112,2017,4,2,,,,,,
Lim Chu Kang Road,S112,2017,4,3,,,,,,
Lim Chu Kang Road,S112,2017,4,4,,,,,,
Lim Chu Kang Road,S112,2017,4,5,,,,,,
Lim Chu Kang Road,S112,2017,4,6,,,,,,
Lim Chu Kang Road,S112,2017,4,7,,,,,,
Lim Chu Kang Road,S112,2017,4,8,,,,,,
Lim Chu Kang Road,S112,2017,4,9,,,,,,
Lim Chu Kang Road,S112,2017,4,10,,,,,,
Lim Chu Kang Road,S112,2017,4,11,,,,,,
Lim Chu Kang Road,S112,2017,4,12,,,,,,
Lim Chu Kang Road,S112,2017,4,13,,,,,,
Lim Chu Kang Road,S112,2017,4,14,,,,,,
Lim Chu Kang Road,S112,2017,4,15,,,,,,
Lim Chu Kang Road,S112,2017,4,16,,,,,,
Lim Chu Kang Road,S112,2017,4,17,,,,,,
Lim Chu Kang Road,S112,2017,4,18,,,,,,
Lim Chu Kang Road,S112,2017,4,19,,,,,,
Lim Chu Kang Road,S112,2017,4,20,,,,,,
Lim Chu Kang Road,S112,2017,4,21,7.8,,,,,
Lim Chu Kang Road,S112,2017,4,22,0.2,,,,,
Lim Chu Kang Road,S112,2017,4,23,0.8,,,,,
Lim Chu Kang Road,S112,2017,4,24,6.6,,,,,
Lim Chu Kang Road,S112,2017,4,25,1.0,,,,,
Lim Chu Kang Road,S112,2017,4,26,3.0,,,,,
Lim Chu Kang Road,S112,2017,4,27,0.6,,,,,
Lim Chu Kang Road,S112,2017,4,28,40.2,,,,,
Lim Chu Kang Road,S112,2017,4,29,0.0,,,,,
Lim Chu Kang Road,S112,2017,4,30,37.8,,,,,
Lim Chu Kang Road,S112,2017,5,1,13.2,,,,,
Lim Chu Kang Road,S112,2017,5,2,8.6,,,,,
Lim Chu Kang Road,S112,2017,5,3,,,,,,
Lim Chu Kang Road,S112,2017,5,4,,,,,,
Lim Chu Kang Road,S112,2017,5,5,,,,,,
Lim Chu Kang Road,S112,2017,5,6,,,,,,
Lim Chu Kang Road,S112,2017,5,7,,,,,,
Lim Chu Kang Road,S112,2017,5,8,,,,,,
Lim Chu Kang Road,S112,2017,5,9,,,,,,
Lim Chu Kang Road,S112,2017,5,10,,,,,,
Lim Chu Kang Road,S112,2017,5,11,,,,,,
Lim Chu Kang Road,S112,2017,5,12,,,,,,
Lim Chu Kang Road,S112,2017,5,13,,,,,,
Lim Chu Kang Road,S112,2017,5,14,,,,,,
Lim Chu Kang Road,S112,2017,5,15,,,,,,
Lim Chu Kang Road,S112,2017,5,16,,,,,,
Lim Chu Kang Road,S112,2017,5,17,,,,,,
Lim Chu Kang Road,S112,2017,5,18,,,,,,
Lim Chu Kang Road,S112,2017,5,19,,,,,,
Lim Chu Kang Road,S112,2017,5,20,,,,,,
Lim Chu Kang Road,S112,2017,5,21,,,,,,
Lim Chu Kang Road,S112,2017,5,22,,,,,,
Lim Chu Kang Road,S112,2017,5,23,,,,,,
Lim Chu Kang Road,S112,2017,5,24,,,,,,
Lim Chu Kang Road,S112,2017,5,25,,,,,,
Lim Chu Kang Road,S112,2017,5,26,,,,,,
Lim Chu Kang Road,S112,2017,5,27,,,,,,
Lim Chu Kang Road,S112,2017,5,28,,,,,,
Lim Chu Kang Road,S112,2017,5,29,,,,,,
Lim Chu Kang Road,S112,2017,5,30,,,,,,
Lim Chu Kang Road,S112,2017,5,31,,,,,,
Lim Chu Kang Road,S112,2017,6,1,,,,,,
Lim Chu Kang Road,S112,2017,6,2,0.0,,,,,
Lim Chu Kang Road,S112,2017,6,3,0.0,,,,,
Lim Chu Kang Road,S112,2017,6,4,0.0,,,,,
Lim Chu Kang Road,S112,2017,6,5,0.0,,,,,
Lim Chu Kang Road,S112,2017,6,6,0.0,,,,,
Lim Chu Kang Road,S112,2017,6,7,0.0,,,,,
Lim Chu Kang Road,S112,2017,6,8,,,,,,
Lim Chu Kang Road,S112,2017,6,9,0.0,,,,,
Lim Chu Kang Road,S112,2017,6,10,,,,,,
Lim Chu Kang Road,S112,2017,6,11,0.0,,,,,
Lim Chu Kang Road,S112,2017,6,12,0.0,,,,,
Lim Chu Kang Road,S112,2017,6,13,,,,,,
Lim Chu Kang Road,S112,2017,6,14,,,,,,
Lim Chu Kang Road,S112,2017,6,15,26.8,,,,,
Lim Chu Kang Road,S112,2017,6,16,0.0,,,,,
Lim Chu Kang Road,S112,2017,6,17,6.8,,,,,
Lim Chu Kang Road,S112,2017,6,18,15.4,,,,,
Lim Chu Kang Road,S112,2017,6,19,0.2,,,,,
Lim Chu Kang Road,S112,2017,6,20,0.0,,,,,
Lim Chu Kang Road,S112,2017,6,21,0.0,,,,,
Lim Chu Kang Road,S112,2017,6,22,0.0,,,,,
Lim Chu Kang Road,S112,2017,6,23,8.6,,,,,
Lim Chu Kang Road,S112,2017,6,24,0.0,,,,,
Lim Chu Kang Road,S112,2017,6,25,32.0,,,,,
Lim Chu Kang Road,S112,2017,6,26,0.6,,,,,
Lim Chu Kang Road,S112,2017,6,27,0.4,,,,,
Lim Chu Kang Road,S112,2017,6,28,41.8,,,,,
Lim Chu Kang Road,S112,2017,6,29,4.8,,,,,
Lim Chu Kang Road,S112,2017,6,30,0.0,,,,,
Lim Chu Kang Road,S112,2017,7,1,0.0,,,,,
Lim Chu Kang Road,S112,2017,7,2,0.0,,,,,
Lim Chu Kang Road,S112,2017,7,3,2.2,,,,,
Lim Chu Kang Road,S112,2017,7,4,0.0,,,,,
Lim Chu Kang Road,S112,2017,7,5,,,,,,
Lim Chu Kang Road,S112,2017,7,6,,,,,,
Lim Chu Kang Road,S112,2017,7,7,,,,,,
Lim Chu Kang Road,S112,2017,7,8,,,,,,
Lim Chu Kang Road,S112,2017,7,9,,,,,,
Lim Chu Kang Road,S112,2017,7,10,3.6,,,,,
Lim Chu Kang Road,S112,2017,7,11,0.2,,,,,
Lim Chu Kang Road,S112,2017,7,12,21.2,,,,,
Lim Chu Kang Road,S112,2017,7,13,13.6,,,,,
Lim Chu Kang Road,S112,2017,7,14,10.8,,,,,
Lim Chu Kang Road,S112,2017,7,15,0.6,,,,,
Lim Chu Kang Road,S112,2017,7,16,0.0,,,,,
Lim Chu Kang Road,S112,2017,7,17,0.0,,,,,
Lim Chu Kang Road,S112,2017,7,18,0.0,,,,,
Lim Chu Kang Road,S112,2017,7,19,0.0,,,,,
Lim Chu Kang Road,S112,2017,7,20,0.0,,,,,
Lim Chu Kang Road,S112,2017,7,21,0.0,,,,,
Lim Chu Kang Road,S112,2017,7,22,0.0,,,,,
Lim Chu Kang Road,S112,2017,7,23,0.0,,,,,
Lim Chu Kang Road,S112,2017,7,24,0.0,,,,,
Lim Chu Kang Road,S112,2017,7,25,0.0,,,,,
Lim Chu Kang Road,S112,2017,7,26,3.8,,,,,
Lim Chu Kang Road,S112,2017,7,27,0.0,,,,,
Lim Chu Kang Road,S112,2017,7,28,0.0,,,,,
Lim Chu Kang Road,S112,2017,7,29,0.0,,,,,
Lim Chu Kang Road,S112,2017,7,30,0.0,,,,,
Lim Chu Kang Road,S112,2017,7,31,,,,,,
Lim Chu Kang Road,S112,2017,8,1,0.0,,,,,
Lim Chu Kang Road,S112,2017,8,2,0.0,,,,,
Lim Chu Kang Road,S112,2017,8,3,0.0,,,,,
Lim Chu Kang Road,S112,2017,8,4,0.0,,,,,
Lim Chu Kang Road,S112,2017,8,5,0.0,,,,,
Lim Chu Kang Road,S112,2017,8,6,116.8,,,,,
Lim Chu Kang Road,S112,2017,8,7,0.2,,,,,
Lim Chu Kang Road,S112,2017,8,8,30.0,,,,,
Lim Chu Kang Road,S112,2017,8,9,0.2,,,,,
Lim Chu Kang Road,S112,2017,8,10,0.2,,,,,
Lim Chu Kang Road,S112,2017,8,11,38.6,,,,,
Lim Chu Kang Road,S112,2017,8,12,0.6,,,,,
Lim Chu Kang Road,S112,2017,8,13,0.2,,,,,
Lim Chu Kang Road,S112,2017,8,14,0.0,,,,,
Lim Chu Kang Road,S112,2017,8,15,31.4,,,,,
Lim Chu Kang Road,S112,2017,8,16,0.0,,,,,
Lim Chu Kang Road,S112,2017,8,17,38.8,,,,,
Lim Chu Kang Road,S112,2017,8,18,0.4,,,,,
Lim Chu Kang Road,S112,2017,8,19,1.0,,,,,
Lim Chu Kang Road,S112,2017,8,20,0.0,,,,,
Lim Chu Kang Road,S112,2017,8,21,0.2,,,,,
Lim Chu Kang Road,S112,2017,8,22,0.0,,,,,
Lim Chu Kang Road,S112,2017,8,23,0.0,,,,,
Lim Chu Kang Road,S112,2017,8,24,23.2,,,,,
Lim Chu Kang Road,S112,2017,8,25,0.0,,,,,
Lim Chu Kang Road,S112,2017,8,26,0.0,,,,,
Lim Chu Kang Road,S112,2017,8,27,,,,,,
Lim Chu Kang Road,S112,2017,8,28,,,,,,
Lim Chu Kang Road,S112,2017,8,29,0.2,,,,,
Lim Chu Kang Road,S112,2017,8,30,9.0,,,,,
Lim Chu Kang Road,S112,2017,8,31,0.2,,,,,
Lim Chu Kang Road,S112,2017,9,1,0.8,,,,,
Lim Chu Kang Road,S112,2017,9,2,0.0,,,,,
Lim Chu Kang Road,S112,2017,9,3,0.0,,,,,
Lim Chu Kang Road,S112,2017,9,4,0.0,,,,,
Lim Chu Kang Road,S112,2017,9,5,2.8,,,,,
Lim Chu Kang Road,S112,2017,9,6,13.4,,,,,
Lim Chu Kang Road,S112,2017,9,7,0.0,,,,,
Lim Chu Kang Road,S112,2017,9,8,40.0,,,,,
Lim Chu Kang Road,S112,2017,9,9,3.4,,,,,
Lim Chu Kang Road,S112,2017,9,10,5.6,,,,,
Lim Chu Kang Road,S112,2017,9,11,20.4,,,,,
Lim Chu Kang Road,S112,2017,9,12,0.0,,,,,
Lim Chu Kang Road,S112,2017,9,13,0.0,,,,,
Lim Chu Kang Road,S112,2017,9,14,2.6,,,,,
Lim Chu Kang Road,S112,2017,9,15,10.2,,,,,
Lim Chu Kang Road,S112,2017,9,16,5.8,,,,,
Lim Chu Kang Road,S112,2017,9,17,11.8,,,,,
Lim Chu Kang Road,S112,2017,9,18,15.6,,,,,
Lim Chu Kang Road,S112,2017,9,19,59.4,,,,,
Lim Chu Kang Road,S112,2017,9,20,3.4,,,,,
Lim Chu Kang Road,S112,2017,9,21,2.8,,,,,
Lim Chu Kang Road,S112,2017,9,22,3.4,,,,,
Lim Chu Kang Road,S112,2017,9,23,5.6,,,,,
Lim Chu Kang Road,S112,2017,9,24,2.8,,,,,
Lim Chu Kang Road,S112,2017,9,25,1.0,,,,,
Lim Chu Kang Road,S112,2017,9,26,6.6,,,,,
Lim Chu Kang Road,S112,2017,9,27,0.0,,,,,
Lim Chu Kang Road,S112,2017,9,28,5.8,,,,,
Lim Chu Kang Road,S112,2017,9,29,14.6,,,,,
Lim Chu Kang Road,S112,2017,9,30,4.2,,,,,
Lim Chu Kang Road,S112,2017,10,1,4.0,,,,,
Lim Chu Kang Road,S112,2017,10,2,0.0,,,,,
Lim Chu Kang Road,S112,2017,10,3,5.8,,,,,
Lim Chu Kang Road,S112,2017,10,4,14.6,,,,,
Lim Chu Kang Road,S112,2017,10,5,3.8,,,,,
Lim Chu Kang Road,S112,2017,10,6,12.2,,,,,
Lim Chu Kang Road,S112,2017,10,7,14.4,,,,,
Lim Chu Kang Road,S112,2017,10,8,27.0,,,,,
Lim Chu Kang Road,S112,2017,10,9,,,,,,
Lim Chu Kang Road,S112,2017,10,10,,,,,,
Lim Chu Kang Road,S112,2017,10,11,2.4,,,,,
Lim Chu Kang Road,S112,2017,10,12,1.0,,,,,
Lim Chu Kang Road,S112,2017,10,13,2.6,,,,,
Lim Chu Kang Road,S112,2017,10,14,0.0,,,,,
Lim Chu Kang Road,S112,2017,10,15,0.0,,,,,
Lim Chu Kang Road,S112,2017,10,16,11.2,,,,,
Lim Chu Kang Road,S112,2017,10,17,0.0,,,,,
Lim Chu Kang Road,S112,2017,10,18,0.0,,,,,
Lim Chu Kang Road,S112,2017,10,19,0.0,,,,,
Lim Chu Kang Road,S112,2017,10,20,0.0,,,,,
Lim Chu Kang Road,S112,2017,10,21,0.0,,,,,
Lim Chu Kang Road,S112,2017,10,22,0.0,,,,,
Lim Chu Kang Road,S112,2017,10,23,1.0,,,,,
Lim Chu Kang Road,S112,2017,10,24,0.0,,,,,
Lim Chu Kang Road,S112,2017,10,25,4.2,,,,,
Lim Chu Kang Road,S112,2017,10,26,0.0,,,,,
Lim Chu Kang Road,S112,2017,10,27,0.0,,,,,
Lim Chu Kang Road,S112,2017,10,28,0.0,,,,,
Lim Chu Kang Road,S112,2017,10,29,6.2,,,,,
Lim Chu Kang Road,S112,2017,10,30,25.6,,,,,
Lim Chu Kang Road,S112,2017,10,31,3.4,,,,,
Lim Chu Kang Road,S112,2017,11,1,0.0,,,,,
Lim Chu Kang Road,S112,2017,11,2,0.0,,,,,
Lim Chu Kang Road,S112,2017,11,3,9.6,,,,,
Lim Chu Kang Road,S112,2017,11,4,6.0,,,,,
Lim Chu Kang Road,S112,2017,11,5,5.0,,,,,
Lim Chu Kang Road,S112,2017,11,6,36.2,,,,,
Lim Chu Kang Road,S112,2017,11,7,0.2,,,,,
Lim Chu Kang Road,S112,2017,11,8,1.2,,,,,
Lim Chu Kang Road,S112,2017,11,9,39.6,,,,,
Lim Chu Kang Road,S112,2017,11,10,33.4,,,,,
Lim Chu Kang Road,S112,2017,11,11,11.6,,,,,
Lim Chu Kang Road,S112,2017,11,12,0.4,,,,,
Lim Chu Kang Road,S112,2017,11,13,0.8,,,,,
Lim Chu Kang Road,S112,2017,11,14,28.4,,,,,
Lim Chu Kang Road,S112,2017,11,15,0.6,,,,,
Lim Chu Kang Road,S112,2017,11,16,3.6,,,,,
Lim Chu Kang Road,S112,2017,11,17,16.8,,,,,
Lim Chu Kang Road,S112,2017,11,18,1.8,,,,,
Lim Chu Kang Road,S112,2017,11,19,0.0,,,,,
Lim Chu Kang Road,S112,2017,11,20,1.2,,,,,
Lim Chu Kang Road,S112,2017,11,21,1.6,,,,,
Lim Chu Kang Road,S112,2017,11,22,5.4,,,,,
Lim Chu Kang Road,S112,2017,11,23,23.2,,,,,
Lim Chu Kang Road,S112,2017,11,24,1.8,,,,,
Lim Chu Kang Road,S112,2017,11,25,4.8,,,,,
Lim Chu Kang Road,S112,2017,11,26,8.2,,,,,
Lim Chu Kang Road,S112,2017,11,27,0.6,,,,,
Lim Chu Kang Road,S112,2017,11,28,3.2,,,,,
Lim Chu Kang Road,S112,2017,11,29,1.4,,,,,
Lim Chu Kang Road,S112,2017,11,30,0.0,,,,,
Lim Chu Kang Road,S112,2017,12,1,0.0,,,,,
Lim Chu Kang Road,S112,2017,12,2,0.0,,,,,
Lim Chu Kang Road,S112,2017,12,3,0.0,,,,,
Lim Chu Kang Road,S112,2017,12,4,0.8,,,,,
Lim Chu Kang Road,S112,2017,12,5,0.0,,,,,
Lim Chu Kang Road,S112,2017,12,6,0.0,,,,,
Lim Chu Kang Road,S112,2017,12,7,3.2,,,,,
Lim Chu Kang Road,S112,2017,12,8,0.0,,,,,
Lim Chu Kang Road,S112,2017,12,9,0.2,,,,,
Lim Chu Kang Road,S112,2017,12,10,42.6,,,,,
Lim Chu Kang Road,S112,2017,12,11,43.0,,,,,
Lim Chu Kang Road,S112,2017,12,12,13.8,,,,,
Lim Chu Kang Road,S112,2017,12,13,12.2,,,,,
Lim Chu Kang Road,S112,2017,12,14,0.0,,,,,
Lim Chu Kang Road,S112,2017,12,15,20.6,,,,,
Lim Chu Kang Road,S112,2017,12,16,0.4,,,,,
Lim Chu Kang Road,S112,2017,12,17,0.0,,,,,
Lim Chu Kang Road,S112,2017,12,18,0.0,,,,,
Lim Chu Kang Road,S112,2017,12,19,0.2,,,,,
Lim Chu Kang Road,S112,2017,12,20,0.0,,,,,
Lim Chu Kang Road,S112,2017,12,21,0.0,,,,,
Lim Chu Kang Road,S112,2017,12,22,21.0,,,,,
Lim Chu Kang Road,S112,2017,12,23,2.2,,,,,
Lim Chu Kang Road,S112,2017,12,24,0.0,,,,,
Lim Chu Kang Road,S112,2017,12,25,2.6,,,,,
Lim Chu Kang Road,S112,2017,12,26,8.0,,,,,
Lim Chu Kang Road,S112,2017,12,27,1.8,,,,,
Lim Chu Kang Road,S112,2017,12,28,21.0,,,,,
Lim Chu Kang Road,S112,2017,12,29,1.8,,,,,
Lim Chu Kang Road,S112,2017,12,30,1.2,,,,,
Lim Chu Kang Road,S112,2017,12,31,57.2,,,,,
Lim Chu Kang Road,S112,2018,1,1,20.2,,,,,
Lim Chu Kang Road,S112,2018,1,2,2.6,,,,,
Lim Chu Kang Road,S112,2018,1,3,0.2,,,,,
Lim Chu Kang Road,S112,2018,1,4,0.0,,,,,
Lim Chu Kang Road,S112,2018,1,5,7.2,,,,,
Lim Chu Kang Road,S112,2018,1,6,0.0,,,,,
Lim Chu Kang Road,S112,2018,1,7,1.8,,,,,
Lim Chu Kang Road,S112,2018,1,8,73.0,,,,,
Lim Chu Kang Road,S112,2018,1,9,0.0,,,,,
Lim Chu Kang Road,S112,2018,1,10,18.2,,,,,
Lim Chu Kang Road,S112,2018,1,11,22.0,,,,,
Lim Chu Kang Road,S112,2018,1,12,12.2,,,,,
Lim Chu Kang Road,S112,2018,1,13,,,,,,
Lim Chu Kang Road,S112,2018,1,14,,,,,,
Lim Chu Kang Road,S112,2018,1,15,,,,,,
Lim Chu Kang Road,S112,2018,1,16,0.0,,,,,
Lim Chu Kang Road,S112,2018,1,17,0.0,,,,,
Lim Chu Kang Road,S112,2018,1,18,0.0,,,,,
Lim Chu Kang Road,S112,2018,1,19,27.8,,,,,
Lim Chu Kang Road,S112,2018,1,20,0.0,,,,,
Lim Chu Kang Road,S112,2018,1,21,0.4,,,,,
Lim Chu Kang Road,S112,2018,1,22,4.8,,,,,
Lim Chu Kang Road,S112,2018,1,23,7.2,,,,,
Lim Chu Kang Road,S112,2018,1,24,32.8,,,,,
Lim Chu Kang Road,S112,2018,1,25,1.8,,,,,
Lim Chu Kang Road,S112,2018,1,26,4.4,,,,,
Lim Chu Kang Road,S112,2018,1,27,0.0,,,,,
Lim Chu Kang Road,S112,2018,1,28,1.4,,,,,
Lim Chu Kang Road,S112,2018,1,29,0.0,,,,,
Lim Chu Kang Road,S112,2018,1,30,0.0,,,,,
Lim Chu Kang Road,S112,2018,1,31,17.8,,,,,
Lim Chu Kang Road,S112,2018,2,1,0.0,,,,,
Lim Chu Kang Road,S112,2018,2,2,8.8,,,,,
Lim Chu Kang Road,S112,2018,2,3,0.0,,,,,
Lim Chu Kang Road,S112,2018,2,4,0.0,,,,,
Lim Chu Kang Road,S112,2018,2,5,0.0,,,,,
Lim Chu Kang Road,S112,2018,2,6,0.0,,,,,
Lim Chu Kang Road,S112,2018,2,7,0.0,,,,,
Lim Chu Kang Road,S112,2018,2,8,0.0,,,,,
Lim Chu Kang Road,S112,2018,2,9,0.0,,,,,
Lim Chu Kang Road,S112,2018,2,10,0.0,,,,,
Lim Chu Kang Road,S112,2018,2,11,0.0,,,,,
Lim Chu Kang Road,S112,2018,2,12,0.0,,,,,
Lim Chu Kang Road,S112,2018,2,13,0.0,,,,,
Lim Chu Kang Road,S112,2018,2,14,0.0,,,,,
Lim Chu Kang Road,S112,2018,2,15,0.0,,,,,
Lim Chu Kang Road,S112,2018,2,16,0.0,,,,,
Lim Chu Kang Road,S112,2018,2,17,0.0,,,,,
Lim Chu Kang Road,S112,2018,2,18,0.0,,,,,
Lim Chu Kang Road,S112,2018,2,19,0.0,,,,,
Lim Chu Kang Road,S112,2018,2,20,0.0,,,,,
Lim Chu Kang Road,S112,2018,2,21,0.0,,,,,
Lim Chu Kang Road,S112,2018,2,22,0.0,,,,,
Lim Chu Kang Road,S112,2018,2,23,87.6,,,,,
Lim Chu Kang Road,S112,2018,2,24,2.6,,,,,
Lim Chu Kang Road,S112,2018,2,25,0.2,,,,,
Lim Chu Kang Road,S112,2018,2,26,0.0,,,,,
Lim Chu Kang Road,S112,2018,2,27,0.0,,,,,
Lim Chu Kang Road,S112,2018,2,28,49.0,,,,,
Lim Chu Kang Road,S112,2018,3,1,0.0,,,,,
Lim Chu Kang Road,S112,2018,3,2,0.0,,,,,
Lim Chu Kang Road,S112,2018,3,3,13.2,,,,,
Lim Chu Kang Road,S112,2018,3,4,27.2,,,,,
Lim Chu Kang Road,S112,2018,3,5,0.2,,,,,
Lim Chu Kang Road,S112,2018,3,6,33.0,,,,,
Lim Chu Kang Road,S112,2018,3,7,7.0,,,,,
Lim Chu Kang Road,S112,2018,3,8,0.0,,,,,
Lim Chu Kang Road,S112,2018,3,9,0.0,,,,,
Lim Chu Kang Road,S112,2018,3,10,26.4,,,,,
Lim Chu Kang Road,S112,2018,3,11,0.0,,,,,
Lim Chu Kang Road,S112,2018,3,12,1.2,,,,,
Lim Chu Kang Road,S112,2018,3,13,0.0,,,,,
Lim Chu Kang Road,S112,2018,3,14,0.0,,,,,
Lim Chu Kang Road,S112,2018,3,15,0.0,,,,,
Lim Chu Kang Road,S112,2018,3,16,0.0,,,,,
Lim Chu Kang Road,S112,2018,3,17,17.8,,,,,
Lim Chu Kang Road,S112,2018,3,18,0.0,,,,,
Lim Chu Kang Road,S112,2018,3,19,9.6,,,,,
Lim Chu Kang Road,S112,2018,3,20,36.0,,,,,
Lim Chu Kang Road,S112,2018,3,21,0.0,,,,,
Lim Chu Kang Road,S112,2018,3,22,0.0,,,,,
Lim Chu Kang Road,S112,2018,3,23,0.4,,,,,
Lim Chu Kang Road,S112,2018,3,24,0.0,,,,,
Lim Chu Kang Road,S112,2018,3,25,1.4,,,,,
Lim Chu Kang Road,S112,2018,3,26,29.0,,,,,
Lim Chu Kang Road,S112,2018,3,27,7.4,,,,,
Lim Chu Kang Road,S112,2018,3,28,4.0,,,,,
Lim Chu Kang Road,S112,2018,3,29,0.6,,,,,
Lim Chu Kang Road,S112,2018,3,30,18.4,,,,,
Lim Chu Kang Road,S112,2018,3,31,0.0,,,,,
Lim Chu Kang Road,S112,2018,4,1,12.4,,,,,
Lim Chu Kang Road,S112,2018,4,2,0.2,,,,,
Lim Chu Kang Road,S112,2018,4,3,0.0,,,,,
Lim Chu Kang Road,S112,2018,4,4,0.0,,,,,
Lim Chu Kang Road,S112,2018,4,5,0.0,,,,,
Lim Chu Kang Road,S112,2018,4,6,0.0,,,,,
Lim Chu Kang Road,S112,2018,4,7,45.6,,,,,
Lim Chu Kang Road,S112,2018,4,8,,,,,,
Lim Chu Kang Road,S112,2018,4,9,0.2,,,,,
Lim Chu Kang Road,S112,2018,4,10,0.0,,,,,
Lim Chu Kang Road,S112,2018,4,11,0.0,,,,,
Lim Chu Kang Road,S112,2018,4,12,0.0,,,,,
Lim Chu Kang Road,S112,2018,4,13,0.0,,,,,
Lim Chu Kang Road,S112,2018,4,14,35.8,,,,,
Lim Chu Kang Road,S112,2018,4,15,9.2,,,,,
Lim Chu Kang Road,S112,2018,4,16,27.2,,,,,
Lim Chu Kang Road,S112,2018,4,17,29.0,,,,,
Lim Chu Kang Road,S112,2018,4,18,0.0,,,,,
Lim Chu Kang Road,S112,2018,4,19,2.0,,,,,
Lim Chu Kang Road,S112,2018,4,20,64.6,,,,,
Lim Chu Kang Road,S112,2018,4,21,,,,,,
Lim Chu Kang Road,S112,2018,4,22,,,,,,
Lim Chu Kang Road,S112,2018,4,23,,,,,,
Lim Chu Kang Road,S112,2018,4,24,0.0,,,,,
Lim Chu Kang Road,S112,2018,4,25,0.0,,,,,
Lim Chu Kang Road,S112,2018,4,26,0.0,,,,,
Lim Chu Kang Road,S112,2018,4,27,74.6,,,,,
Lim Chu Kang Road,S112,2018,4,28,24.0,,,,,
Lim Chu Kang Road,S112,2018,4,29,0.0,,,,,
Lim Chu Kang Road,S112,2018,4,30,1.0,,,,,
Lim Chu Kang Road,S112,2018,5,1,9.2,,,,,
Lim Chu Kang Road,S112,2018,5,2,8.2,,,,,
Lim Chu Kang Road,S112,2018,5,3,7.8,,,,,
Lim Chu Kang Road,S112,2018,5,4,6.0,,,,,
Lim Chu Kang Road,S112,2018,5,5,7.8,,,,,
Lim Chu Kang Road,S112,2018,5,6,,,,,,
Lim Chu Kang Road,S112,2018,5,7,0.0,,,,,
Lim Chu Kang Road,S112,2018,5,8,0.0,,,,,
Lim Chu Kang Road,S112,2018,5,9,0.0,,,,,
Lim Chu Kang Road,S112,2018,5,10,0.0,,,,,
Lim Chu Kang Road,S112,2018,5,11,0.0,,,,,
Lim Chu Kang Road,S112,2018,5,12,15.6,,,,,
Lim Chu Kang Road,S112,2018,5,13,16.0,,,,,
Lim Chu Kang Road,S112,2018,5,14,2.0,,,,,
Lim Chu Kang Road,S112,2018,5,15,9.2,,,,,
Lim Chu Kang Road,S112,2018,5,16,93.6,,,,,
Lim Chu Kang Road,S112,2018,5,17,5.0,,,,,
Lim Chu Kang Road,S112,2018,5,18,42.0,,,,,
Lim Chu Kang Road,S112,2018,5,19,9.0,,,,,
Lim Chu Kang Road,S112,2018,5,20,,,,,,
Lim Chu Kang Road,S112,2018,5,21,0.2,,,,,
Lim Chu Kang Road,S112,2018,5,22,0.0,,,,,
Lim Chu Kang Road,S112,2018,5,23,2.2,,,,,
Lim Chu Kang Road,S112,2018,5,24,0.6,,,,,
Lim Chu Kang Road,S112,2018,5,25,1.8,,,,,
Lim Chu Kang Road,S112,2018,5,26,5.6,,,,,
Lim Chu Kang Road,S112,2018,5,27,6.0,,,,,
Lim Chu Kang Road,S112,2018,5,28,2.6,,,,,
Lim Chu Kang Road,S112,2018,5,29,21.4,,,,,
Lim Chu Kang Road,S112,2018,5,30,0.0,,,,,
Lim Chu Kang Road,S112,2018,5,31,0.0,,,,,
Lim Chu Kang Road,S112,2018,6,1,10.4,,,,,
Lim Chu Kang Road,S112,2018,6,2,32.8,,,,,
Lim Chu Kang Road,S112,2018,6,3,0.0,,,,,
Lim Chu Kang Road,S112,2018,6,4,0.0,,,,,
Lim Chu Kang Road,S112,2018,6,5,0.0,,,,,
Lim Chu Kang Road,S112,2018,6,6,0.0,,,,,
Lim Chu Kang Road,S112,2018,6,7,0.0,,,,,
Lim Chu Kang Road,S112,2018,6,8,0.4,,,,,
Lim Chu Kang Road,S112,2018,6,9,0.0,,,,,
Lim Chu Kang Road,S112,2018,6,10,,,,,,
Lim Chu Kang Road,S112,2018,6,11,0.0,,,,,
Lim Chu Kang Road,S112,2018,6,12,0.0,,,,,
Lim Chu Kang Road,S112,2018,6,13,29.6,,,,,
Lim Chu Kang Road,S112,2018,6,14,0.2,,,,,
Lim Chu Kang Road,S112,2018,6,15,,,,,,
Lim Chu Kang Road,S112,2018,6,16,,,,,,
Lim Chu Kang Road,S112,2018,6,17,19.6,,,,,
Lim Chu Kang Road,S112,2018,6,18,36.2,,,,,
Lim Chu Kang Road,S112,2018,6,19,0.8,,,,,
Lim Chu Kang Road,S112,2018,6,20,13.4,,,,,
Lim Chu Kang Road,S112,2018,6,21,16.6,,,,,
Lim Chu Kang Road,S112,2018,6,22,1.2,,,,,
Lim Chu Kang Road,S112,2018,6,23,14.6,,,,,
Lim Chu Kang Road,S112,2018,6,24,0.0,,,,,
Lim Chu Kang Road,S112,2018,6,25,3.6,,,,,
Lim Chu Kang Road,S112,2018,6,26,12.4,,,,,
Lim Chu Kang Road,S112,2018,6,27,20.2,,,,,
Lim Chu Kang Road,S112,2018,6,28,0.0,,,,,
Lim Chu Kang Road,S112,2018,6,29,63.4,,,,,
Lim Chu Kang Road,S112,2018,6,30,0.0,,,,,
Lim Chu Kang Road,S112,2018,7,1,18.0,,,,,
Lim Chu Kang Road,S112,2018,7,2,0.4,,,,,
Lim Chu Kang Road,S112,2018,7,3,7.0,,,,,
Lim Chu Kang Road,S112,2018,7,4,0.4,,,,,
Lim Chu Kang Road,S112,2018,7,5,0.0,,,,,
Lim Chu Kang Road,S112,2018,7,6,0.0,,,,,
Lim Chu Kang Road,S112,2018,7,7,0.0,,,,,
Lim Chu Kang Road,S112,2018,7,8,,,,,,
Lim Chu Kang Road,S112,2018,7,9,,,,,,
Lim Chu Kang Road,S112,2018,7,10,10.0,,,,,
Lim Chu Kang Road,S112,2018,7,11,0.0,,,,,
Lim Chu Kang Road,S112,2018,7,12,0.0,,,,,
Lim Chu Kang Road,S112,2018,7,13,0.0,,,,,
Lim Chu Kang Road,S112,2018,7,14,3.0,,,,,
Lim Chu Kang Road,S112,2018,7,15,3.8,,,,,
Lim Chu Kang Road,S112,2018,7,16,0.0,,,,,
Lim Chu Kang Road,S112,2018,7,17,0.0,,,,,
Lim Chu Kang Road,S112,2018,7,18,0.0,,,,,
Lim Chu Kang Road,S112,2018,7,19,4.4,,,,,
Lim Chu Kang Road,S112,2018,7,20,8.6,,,,,
Lim Chu Kang Road,S112,2018,7,21,0.0,,,,,
Lim Chu Kang Road,S112,2018,7,22,22.8,,,,,
Lim Chu Kang Road,S112,2018,7,23,0.0,,,,,
Lim Chu Kang Road,S112,2018,7,24,0.2,,,,,
Lim Chu Kang Road,S112,2018,7,25,0.0,,,,,
Lim Chu Kang Road,S112,2018,7,26,0.0,,,,,
Lim Chu Kang Road,S112,2018,7,27,0.0,,,,,
Lim Chu Kang Road,S112,2018,7,28,0.0,,,,,
Lim Chu Kang Road,S112,2018,7,29,0.2,,,,,
Lim Chu Kang Road,S112,2018,7,30,5.2,,,,,
Lim Chu Kang Road,S112,2018,7,31,0.2,,,,,
Lim Chu Kang Road,S112,2018,8,1,0.0,,,,,
Lim Chu Kang Road,S112,2018,8,2,0.0,,,,,
Lim Chu Kang Road,S112,2018,8,3,0.0,,,,,
Lim Chu Kang Road,S112,2018,8,4,0.0,,,,,
Lim Chu Kang Road,S112,2018,8,5,1.0,,,,,
Lim Chu Kang Road,S112,2018,8,6,0.0,,,,,
Lim Chu Kang Road,S112,2018,8,7,0.0,,,,,
Lim Chu Kang Road,S112,2018,8,8,4.4,,,,,
Lim Chu Kang Road,S112,2018,8,9,0.0,,,,,
Lim Chu Kang Road,S112,2018,8,10,0.0,,,,,
Lim Chu Kang Road,S112,2018,8,11,0.0,,,,,
Lim Chu Kang Road,S112,2018,8,12,0.0,,,,,
Lim Chu Kang Road,S112,2018,8,13,0.0,,,,,
Lim Chu Kang Road,S112,2018,8,14,0.0,,,,,
Lim Chu Kang Road,S112,2018,8,15,0.0,,,,,
Lim Chu Kang Road,S112,2018,8,16,0.0,,,,,
Lim Chu Kang Road,S112,2018,8,17,5.4,,,,,
Lim Chu Kang Road,S112,2018,8,18,1.8,,,,,
Lim Chu Kang Road,S112,2018,8,19,0.0,,,,,
Lim Chu Kang Road,S112,2018,8,20,0.0,,,,,
Lim Chu Kang Road,S112,2018,8,21,0.0,,,,,
Lim Chu Kang Road,S112,2018,8,22,9.8,,,,,
Lim Chu Kang Road,S112,2018,8,23,0.0,,,,,
Lim Chu Kang Road,S112,2018,8,24,2.6,,,,,
Lim Chu Kang Road,S112,2018,8,25,0.0,,,,,
Lim Chu Kang Road,S112,2018,8,26,0.0,,,,,
Lim Chu Kang Road,S112,2018,8,27,0.0,,,,,
Lim Chu Kang Road,S112,2018,8,28,13.4,,,,,
Lim Chu Kang Road,S112,2018,8,29,0.0,,,,,
Lim Chu Kang Road,S112,2018,8,30,0.0,,,,,
Lim Chu Kang Road,S112,2018,8,31,13.6,,,,,
Lim Chu Kang Road,S112,2018,9,1,0.0,,,,,
Lim Chu Kang Road,S112,2018,9,2,0.0,,,,,
Lim Chu Kang Road,S112,2018,9,3,0.0,,,,,
Lim Chu Kang Road,S112,2018,9,4,6.0,,,,,
Lim Chu Kang Road,S112,2018,9,5,0.0,,,,,
Lim Chu Kang Road,S112,2018,9,6,0.0,,,,,
Lim Chu Kang Road,S112,2018,9,7,3.6,,,,,
Lim Chu Kang Road,S112,2018,9,8,23.6,,,,,
Lim Chu Kang Road,S112,2018,9,9,0.0,,,,,
Lim Chu Kang Road,S112,2018,9,10,1.6,,,,,
Lim Chu Kang Road,S112,2018,9,11,8.8,,,,,
Lim Chu Kang Road,S112,2018,9,12,0.2,,,,,
Lim Chu Kang Road,S112,2018,9,13,0.0,,,,,
Lim Chu Kang Road,S112,2018,9,14,0.0,,,,,
Lim Chu Kang Road,S112,2018,9,15,0.0,,,,,
Lim Chu Kang Road,S112,2018,9,16,0.0,,,,,
Lim Chu Kang Road,S112,2018,9,17,0.0,,,,,
Lim Chu Kang Road,S112,2018,9,18,1.6,,,,,
Lim Chu Kang Road,S112,2018,9,19,10.2,,,,,
Lim Chu Kang Road,S112,2018,9,20,13.2,,,,,
Lim Chu Kang Road,S112,2018,9,21,28.4,,,,,
Lim Chu Kang Road,S112,2018,9,22,3.4,,,,,
Lim Chu Kang Road,S112,2018,9,23,0.0,,,,,
Lim Chu Kang Road,S112,2018,9,24,0.0,,,,,
Lim Chu Kang Road,S112,2018,9,25,0.0,,,,,
Lim Chu Kang Road,S112,2018,9,26,20.0,,,,,
Lim Chu Kang Road,S112,2018,9,27,0.0,,,,,
Lim Chu Kang Road,S112,2018,9,28,0.0,,,,,
Lim Chu Kang Road,S112,2018,9,29,0.2,,,,,
Lim Chu Kang Road,S112,2018,9,30,0.0,,,,,
Lim Chu Kang Road,S112,2018,10,1,1.0,,,,,
Lim Chu Kang Road,S112,2018,10,2,0.0,,,,,
Lim Chu Kang Road,S112,2018,10,3,0.0,,,,,
Lim Chu Kang Road,S112,2018,10,4,2.0,,,,,
Lim Chu Kang Road,S112,2018,10,5,0.0,,,,,
Lim Chu Kang Road,S112,2018,10,6,8.0,,,,,
Lim Chu Kang Road,S112,2018,10,7,3.0,,,,,
Lim Chu Kang Road,S112,2018,10,8,26.5,,,,,
Lim Chu Kang Road,S112,2018,10,9,31.0,,,,,
Lim Chu Kang Road,S112,2018,10,10,42.5,,,,,
Lim Chu Kang Road,S112,2018,10,11,56.8,,,,,
Lim Chu Kang Road,S112,2018,10,12,1.6,,,,,
Lim Chu Kang Road,S112,2018,10,13,3.6,,,,,
Lim Chu Kang Road,S112,2018,10,14,7.6,,,,,
Lim Chu Kang Road,S112,2018,10,15,0.2,,,,,
Lim Chu Kang Road,S112,2018,10,16,13.6,,,,,
Lim Chu Kang Road,S112,2018,10,17,0.0,,,,,
Lim Chu Kang Road,S112,2018,10,18,21.4,,,,,
Lim Chu Kang Road,S112,2018,10,19,0.8,,,,,
Lim Chu Kang Road,S112,2018,10,20,0.0,,,,,
Lim Chu Kang Road,S112,2018,10,21,13.4,,,,,
Lim Chu Kang Road,S112,2018,10,22,4.8,,,,,
Lim Chu Kang Road,S112,2018,10,23,31.4,,,,,
Lim Chu Kang Road,S112,2018,10,24,1.2,,,,,
Lim Chu Kang Road,S112,2018,10,25,0.2,,,,,
Lim Chu Kang Road,S112,2018,10,26,16.6,,,,,
Lim Chu Kang Road,S112,2018,10,27,23.4,,,,,
Lim Chu Kang Road,S112,2018,10,28,16.2,,,,,
Lim Chu Kang Road,S112,2018,10,29,15.2,,,,,
Lim Chu Kang Road,S112,2018,10,30,32.4,,,,,
Lim Chu Kang Road,S112,2018,10,31,0.2,,,,,
Lim Chu Kang Road,S112,2018,11,1,5.4,,,,,
Lim Chu Kang Road,S112,2018,11,2,0.2,,,,,
Lim Chu Kang Road,S112,2018,11,3,3.4,,,,,
Lim Chu Kang Road,S112,2018,11,4,22.4,,,,,
Lim Chu Kang Road,S112,2018,11,5,10.4,,,,,
Lim Chu Kang Road,S112,2018,11,6,6.0,,,,,
Lim Chu Kang Road,S112,2018,11,7,0.6,,,,,
Lim Chu Kang Road,S112,2018,11,8,32.8,,,,,
Lim Chu Kang Road,S112,2018,11,9,6.4,,,,,
Lim Chu Kang Road,S112,2018,11,10,22.2,,,,,
Lim Chu Kang Road,S112,2018,11,11,2.8,,,,,
Lim Chu Kang Road,S112,2018,11,12,3.4,,,,,
Lim Chu Kang Road,S112,2018,11,13,2.2,,,,,
Lim Chu Kang Road,S112,2018,11,14,13.0,,,,,
Lim Chu Kang Road,S112,2018,11,15,41.6,,,,,
Lim Chu Kang Road,S112,2018,11,16,0.0,,,,,
Lim Chu Kang Road,S112,2018,11,17,8.4,,,,,
Lim Chu Kang Road,S112,2018,11,18,9.8,,,,,
Lim Chu Kang Road,S112,2018,11,19,18.6,,,,,
Lim Chu Kang Road,S112,2018,11,20,1.2,,,,,
Lim Chu Kang Road,S112,2018,11,21,4.0,,,,,
Lim Chu Kang Road,S112,2018,11,22,18.6,,,,,
Lim Chu Kang Road,S112,2018,11,23,3.6,,,,,
Lim Chu Kang Road,S112,2018,11,24,2.2,,,,,
Lim Chu Kang Road,S112,2018,11,25,25.6,,,,,
Lim Chu Kang Road,S112,2018,11,26,2.2,,,,,
Lim Chu Kang Road,S112,2018,11,27,3.2,,,,,
Lim Chu Kang Road,S112,2018,11,28,0.0,,,,,
Lim Chu Kang Road,S112,2018,11,29,10.6,,,,,
Lim Chu Kang Road,S112,2018,11,30,0.0,,,,,
Lim Chu Kang Road,S112,2018,12,1,21.4,,,,,
Lim Chu Kang Road,S112,2018,12,2,27.2,,,,,
Lim Chu Kang Road,S112,2018,12,3,2.6,,,,,
Lim Chu Kang Road,S112,2018,12,4,24.0,,,,,
Lim Chu Kang Road,S112,2018,12,5,73.6,,,,,
Lim Chu Kang Road,S112,2018,12,6,0.2,,,,,
Lim Chu Kang Road,S112,2018,12,7,0.6,,,,,
Lim Chu Kang Road,S112,2018,12,8,8.2,,,,,
Lim Chu Kang Road,S112,2018,12,9,0.2,,,,,
Lim Chu Kang Road,S112,2018,12,10,1.4,,,,,
Lim Chu Kang Road,S112,2018,12,11,,,,,,
Lim Chu Kang Road,S112,2018,12,12,5.4,,,,,
Lim Chu Kang Road,S112,2018,12,13,0.0,,,,,
Lim Chu Kang Road,S112,2018,12,14,0.0,,,,,
Lim Chu Kang Road,S112,2018,12,15,8.0,,,,,
Lim Chu Kang Road,S112,2018,12,16,4.2,,,,,
Lim Chu Kang Road,S112,2018,12,17,25.2,,,,,
Lim Chu Kang Road,S112,2018,12,18,,,,,,
Lim Chu Kang Road,S112,2018,12,19,0.0,,,,,
Lim Chu Kang Road,S112,2018,12,20,10.2,,,,,
Lim Chu Kang Road,S112,2018,12,21,0.0,,,,,
Lim Chu Kang Road,S112,2018,12,22,0.0,,,,,
Lim Chu Kang Road,S112,2018,12,23,0.0,,,,,
Lim Chu Kang Road,S112,2018,12,24,0.4,,,,,
Lim Chu Kang Road,S112,2018,12,25,,,,,,
Lim Chu Kang Road,S112,2018,12,26,1.2,,,,,
Lim Chu Kang Road,S112,2018,12,27,0.0,,,,,
Lim Chu Kang Road,S112,2018,12,28,0.0,,,,,
Lim Chu Kang Road,S112,2018,12,29,3.2,,,,,
Lim Chu Kang Road,S112,2018,12,30,0.0,,,,,
Lim Chu Kang Road,S112,2018,12,31,12.4,,,,,
Lim Chu Kang Road,S112,2019,1,1,3.6,,,,,
Lim Chu Kang Road,S112,2019,1,2,0.0,,,,,
Lim Chu Kang Road,S112,2019,1,3,0.2,,,,,
Lim Chu Kang Road,S112,2019,1,4,0.0,,,,,
Lim Chu Kang Road,S112,2019,1,5,4.4,,,,,
Lim Chu Kang Road,S112,2019,1,6,0.0,,,,,
Lim Chu Kang Road,S112,2019,1,7,0.0,,,,,
Lim Chu Kang Road,S112,2019,1,8,1.0,,,,,
Lim Chu Kang Road,S112,2019,1,9,0.0,,,,,
Lim Chu Kang Road,S112,2019,1,10,0.0,,,,,
Lim Chu Kang Road,S112,2019,1,11,0.2,,,,,
Lim Chu Kang Road,S112,2019,1,12,5.0,,,,,
Lim Chu Kang Road,S112,2019,1,13,1.2,,,,,
Lim Chu Kang Road,S112,2019,1,14,0.0,,,,,
Lim Chu Kang Road,S112,2019,1,15,0.0,,,,,
Lim Chu Kang Road,S112,2019,1,16,0.0,,,,,
Lim Chu Kang Road,S112,2019,1,17,26.6,,,,,
Lim Chu Kang Road,S112,2019,1,18,36.8,,,,,
Lim Chu Kang Road,S112,2019,1,19,0.0,,,,,
Lim Chu Kang Road,S112,2019,1,20,0.8,,,,,
Lim Chu Kang Road,S112,2019,1,21,0.0,,,,,
Lim Chu Kang Road,S112,2019,1,22,0.0,,,,,
Lim Chu Kang Road,S112,2019,1,23,0.2,,,,,
Lim Chu Kang Road,S112,2019,1,24,0.0,,,,,
Lim Chu Kang Road,S112,2019,1,25,0.0,,,,,
Lim Chu Kang Road,S112,2019,1,26,0.0,,,,,
Lim Chu Kang Road,S112,2019,1,27,0.0,,,,,
Lim Chu Kang Road,S112,2019,1,28,1.2,,,,,
Lim Chu Kang Road,S112,2019,1,29,0.0,,,,,
Lim Chu Kang Road,S112,2019,1,30,0.0,,,,,
Lim Chu Kang Road,S112,2019,1,31,0.0,,,,,
Lim Chu Kang Road,S112,2019,2,1,0.0,,,,,
Lim Chu Kang Road,S112,2019,2,2,0.0,,,,,
Lim Chu Kang Road,S112,2019,2,3,0.0,,,,,
Lim Chu Kang Road,S112,2019,2,4,15.4,,,,,
Lim Chu Kang Road,S112,2019,2,5,0.0,,,,,
Lim Chu Kang Road,S112,2019,2,6,0.0,,,,,
Lim Chu Kang Road,S112,2019,2,7,0.2,,,,,
Lim Chu Kang Road,S112,2019,2,8,1.2,,,,,
Lim Chu Kang Road,S112,2019,2,9,0.0,,,,,
Lim Chu Kang Road,S112,2019,2,10,0.0,,,,,
Lim Chu Kang Road,S112,2019,2,11,0.0,,,,,
Lim Chu Kang Road,S112,2019,2,12,0.0,,,,,
Lim Chu Kang Road,S112,2019,2,13,0.0,,,,,
Lim Chu Kang Road,S112,2019,2,14,0.0,,,,,
Lim Chu Kang Road,S112,2019,2,15,0.0,,,,,
Lim Chu Kang Road,S112,2019,2,16,0.0,,,,,
Lim Chu Kang Road,S112,2019,2,17,14.2,,,,,
Lim Chu Kang Road,S112,2019,2,18,8.0,,,,,
Lim Chu Kang Road,S112,2019,2,19,18.8,,,,,
Lim Chu Kang Road,S112,2019,2,20,0.6,,,,,
Lim Chu Kang Road,S112,2019,2,21,0.0,,,,,
Lim Chu Kang Road,S112,2019,2,22,0.0,,,,,
Lim Chu Kang Road,S112,2019,2,23,0.0,,,,,
Lim Chu Kang Road,S112,2019,2,24,0.0,,,,,
Lim Chu Kang Road,S112,2019,2,25,0.0,,,,,
Lim Chu Kang Road,S112,2019,2,26,0.0,,,,,
Lim Chu Kang Road,S112,2019,2,27,0.0,,,,,
Lim Chu Kang Road,S112,2019,2,28,1.0,,,,,
Lim Chu Kang Road,S112,2019,3,1,0.0,,,,,
Lim Chu Kang Road,S112,2019,3,2,0.0,,,,,
Lim Chu Kang Road,S112,2019,3,3,0.0,,,,,
Lim Chu Kang Road,S112,2019,3,4,0.0,,,,,
Lim Chu Kang Road,S112,2019,3,5,0.0,,,,,
Lim Chu Kang Road,S112,2019,3,6,0.0,,,,,
Lim Chu Kang Road,S112,2019,3,7,1.2,,,,,
Lim Chu Kang Road,S112,2019,3,8,0.0,,,,,
Lim Chu Kang Road,S112,2019,3,9,0.0,,,,,
Lim Chu Kang Road,S112,2019,3,10,3.8,,,,,
Lim Chu Kang Road,S112,2019,3,11,94.6,,,,,
Lim Chu Kang Road,S112,2019,3,12,0.8,,,,,
Lim Chu Kang Road,S112,2019,3,13,0.0,,,,,
Lim Chu Kang Road,S112,2019,3,14,0.0,,,,,
Lim Chu Kang Road,S112,2019,3,15,0.0,,,,,
Lim Chu Kang Road,S112,2019,3,16,1.6,,,,,
Lim Chu Kang Road,S112,2019,3,17,0.0,,,,,
Lim Chu Kang Road,S112,2019,3,18,0.0,,,,,
Lim Chu Kang Road,S112,2019,3,19,0.0,,,,,
Lim Chu Kang Road,S112,2019,3,20,0.0,,,,,
Lim Chu Kang Road,S112,2019,3,21,17.4,,,,,
Lim Chu Kang Road,S112,2019,3,22,0.2,,,,,
Lim Chu Kang Road,S112,2019,3,23,0.0,,,,,
Lim Chu Kang Road,S112,2019,3,24,29.0,,,,,
Lim Chu Kang Road,S112,2019,3,25,28.4,,,,,
Lim Chu Kang Road,S112,2019,3,26,0.0,,,,,
Lim Chu Kang Road,S112,2019,3,27,0.0,,,,,
Lim Chu Kang Road,S112,2019,3,28,19.5,,,,,
Lim Chu Kang Road,S112,2019,3,29,0.0,,,,,
Lim Chu Kang Road,S112,2019,3,30,17.0,,,,,
Lim Chu Kang Road,S112,2019,3,31,0.0,,,,,
Lim Chu Kang Road,S112,2019,4,1,0.6,,,,,
Lim Chu Kang Road,S112,2019,4,2,0.0,,,,,
Lim Chu Kang Road,S112,2019,4,3,12.0,,,,,
Lim Chu Kang Road,S112,2019,4,4,16.5,,,,,
Lim Chu Kang Road,S112,2019,4,5,6.0,,,,,
Lim Chu Kang Road,S112,2019,4,6,0.0,,,,,
Lim Chu Kang Road,S112,2019,4,7,0.0,,,,,
Lim Chu Kang Road,S112,2019,4,8,3.0,,,,,
Lim Chu Kang Road,S112,2019,4,9,0.4,,,,,
Lim Chu Kang Road,S112,2019,4,10,1.0,,,,,
Lim Chu Kang Road,S112,2019,4,11,0.0,,,,,
Lim Chu Kang Road,S112,2019,4,12,0.5,,,,,
Lim Chu Kang Road,S112,2019,4,13,0.0,,,,,
Lim Chu Kang Road,S112,2019,4,14,52.5,,,,,
Lim Chu Kang Road,S112,2019,4,15,1.0,,,,,
Lim Chu Kang Road,S112,2019,4,16,4.0,,,,,
Lim Chu Kang Road,S112,2019,4,17,0.0,,,,,
Lim Chu Kang Road,S112,2019,4,18,2.0,,,,,
Lim Chu Kang Road,S112,2019,4,19,0.2,,,,,
Lim Chu Kang Road,S112,2019,4,20,21.8,,,,,
Lim Chu Kang Road,S112,2019,4,21,25.2,,,,,
Lim Chu Kang Road,S112,2019,4,22,5.6,,,,,
Lim Chu Kang Road,S112,2019,4,23,,,,,,
Lim Chu Kang Road,S112,2019,4,24,0.0,,,,,
Lim Chu Kang Road,S112,2019,4,25,16.0,,,,,
Lim Chu Kang Road,S112,2019,4,26,35.2,,,,,
Lim Chu Kang Road,S112,2019,4,27,3.0,,,,,
Lim Chu Kang Road,S112,2019,4,28,0.8,,,,,
Lim Chu Kang Road,S112,2019,4,29,8.8,,,,,
Lim Chu Kang Road,S112,2019,4,30,0.0,,,,,
Lim Chu Kang Road,S112,2019,5,1,0.0,,,,,
Lim Chu Kang Road,S112,2019,5,2,0.0,,,,,
Lim Chu Kang Road,S112,2019,5,3,0.0,,,,,
Lim Chu Kang Road,S112,2019,5,4,0.0,,,,,
Lim Chu Kang Road,S112,2019,5,5,0.0,,,,,
Lim Chu Kang Road,S112,2019,5,6,0.0,,,,,
Lim Chu Kang Road,S112,2019,5,7,0.0,,,,,
Lim Chu Kang Road,S112,2019,5,8,43.4,,,,,
Lim Chu Kang Road,S112,2019,5,9,0.0,,,,,
Lim Chu Kang Road,S112,2019,5,10,1.4,,,,,
Lim Chu Kang Road,S112,2019,5,11,0.0,,,,,
Lim Chu Kang Road,S112,2019,5,12,0.0,,,,,
Lim Chu Kang Road,S112,2019,5,13,0.4,,,,,
Lim Chu Kang Road,S112,2019,5,14,,,,,,
Lim Chu Kang Road,S112,2019,5,15,6.8,,,,,
Lim Chu Kang Road,S112,2019,5,16,2.0,,,,,
Lim Chu Kang Road,S112,2019,5,17,0.0,,,,,
Lim Chu Kang Road,S112,2019,5,18,0.0,,,,,
Lim Chu Kang Road,S112,2019,5,19,2.2,,,,,
Lim Chu Kang Road,S112,2019,5,20,0.0,,,,,
Lim Chu Kang Road,S112,2019,5,21,0.4,,,,,
Lim Chu Kang Road,S112,2019,5,22,27.6,,,,,
Lim Chu Kang Road,S112,2019,5,23,0.0,,,,,
Lim Chu Kang Road,S112,2019,5,24,0.0,,,,,
Lim Chu Kang Road,S112,2019,5,25,2.6,,,,,
Lim Chu Kang Road,S112,2019,5,26,0.0,,,,,
Lim Chu Kang Road,S112,2019,5,27,0.8,,,,,
Lim Chu Kang Road,S112,2019,5,28,4.2,,,,,
Lim Chu Kang Road,S112,2019,5,29,,,,,,
Lim Chu Kang Road,S112,2019,5,30,37.6,,,,,
Lim Chu Kang Road,S112,2019,5,31,5.6,,,,,
Lim Chu Kang Road,S112,2019,6,1,10.6,,,,,
Lim Chu Kang Road,S112,2019,6,2,,,,,,
Lim Chu Kang Road,S112,2019,6,3,,,,,,
Lim Chu Kang Road,S112,2019,6,4,0.4,,,,,
Lim Chu Kang Road,S112,2019,6,5,0.2,,,,,
Lim Chu Kang Road,S112,2019,6,6,8.0,,,,,
Lim Chu Kang Road,S112,2019,6,7,10.5,,,,,
Lim Chu Kang Road,S112,2019,6,8,3.0,,,,,
Lim Chu Kang Road,S112,2019,6,9,0.0,,,,,
Lim Chu Kang Road,S112,2019,6,10,0.0,,,,,
Lim Chu Kang Road,S112,2019,6,11,5.2,,,,,
Lim Chu Kang Road,S112,2019,6,12,35.6,,,,,
Lim Chu Kang Road,S112,2019,6,13,0.6,,,,,
Lim Chu Kang Road,S112,2019,6,14,0.4,,,,,
Lim Chu Kang Road,S112,2019,6,15,2.0,,,,,
Lim Chu Kang Road,S112,2019,6,16,0.0,,,,,
Lim Chu Kang Road,S112,2019,6,17,,,,,,
Lim Chu Kang Road,S112,2019,6,18,6.6,,,,,
Lim Chu Kang Road,S112,2019,6,19,,,,,,
Lim Chu Kang Road,S112,2019,6,20,26.2,,,,,
Lim Chu Kang Road,S112,2019,6,21,0.2,,,,,
Lim Chu Kang Road,S112,2019,6,22,37.2,,,,,
Lim Chu Kang Road,S112,2019,6,23,0.0,,,,,
Lim Chu Kang Road,S112,2019,6,24,5.4,,,,,
Lim Chu Kang Road,S112,2019,6,25,0.0,,,,,
Lim Chu Kang Road,S112,2019,6,26,0.0,,,,,
Lim Chu Kang Road,S112,2019,6,27,0.0,,,,,
Lim Chu Kang Road,S112,2019,6,28,0.0,,,,,
Lim Chu Kang Road,S112,2019,6,29,0.6,,,,,
Lim Chu Kang Road,S112,2019,6,30,1.0,,,,,
Lim Chu Kang Road,S112,2019,7,1,0.0,,,,,
Lim Chu Kang Road,S112,2019,7,2,0.0,,,,,
Lim Chu Kang Road,S112,2019,7,3,6.4,,,,,
Lim Chu Kang Road,S112,2019,7,4,2.2,,,,,
Lim Chu Kang Road,S112,2019,7,5,7.0,,,,,
Lim Chu Kang Road,S112,2019,7,6,17.0,,,,,
Lim Chu Kang Road,S112,2019,7,7,0.0,,,,,
Lim Chu Kang Road,S112,2019,7,8,48.2,,,,,
Lim Chu Kang Road,S112,2019,7,9,16.6,,,,,
Lim Chu Kang Road,S112,2019,7,10,0.0,,,,,
Lim Chu Kang Road,S112,2019,7,11,0.0,,,,,
Lim Chu Kang Road,S112,2019,7,12,0.0,,,,,
Lim Chu Kang Road,S112,2019,7,13,0.0,,,,,
Lim Chu Kang Road,S112,2019,7,14,0.0,,,,,
Lim Chu Kang Road,S112,2019,7,15,2.4,,,,,
Lim Chu Kang Road,S112,2019,7,16,5.4,,,,,
Lim Chu Kang Road,S112,2019,7,17,0.0,,,,,
Lim Chu Kang Road,S112,2019,7,18,0.0,,,,,
Lim Chu Kang Road,S112,2019,7,19,0.0,,,,,
Lim Chu Kang Road,S112,2019,7,20,0.0,,,,,
Lim Chu Kang Road,S112,2019,7,21,3.2,,,,,
Lim Chu Kang Road,S112,2019,7,22,4.0,,,,,
Lim Chu Kang Road,S112,2019,7,23,14.4,,,,,
Lim Chu Kang Road,S112,2019,7,24,0.4,,,,,
Lim Chu Kang Road,S112,2019,7,25,0.0,,,,,
Lim Chu Kang Road,S112,2019,7,26,0.0,,,,,
Lim Chu Kang Road,S112,2019,7,27,0.0,,,,,
Lim Chu Kang Road,S112,2019,7,28,0.0,,,,,
Lim Chu Kang Road,S112,2019,7,29,0.0,,,,,
Lim Chu Kang Road,S112,2019,7,30,0.0,,,,,
Lim Chu Kang Road,S112,2019,7,31,0.0,,,,,
Lim Chu Kang Road,S112,2019,8,1,0.0,,,,,
Lim Chu Kang Road,S112,2019,8,2,0.0,,,,,
Lim Chu Kang Road,S112,2019,8,3,0.0,,,,,
Lim Chu Kang Road,S112,2019,8,4,0.0,,,,,
Lim Chu Kang Road,S112,2019,8,5,0.0,,,,,
Lim Chu Kang Road,S112,2019,8,6,0.0,,,,,
Lim Chu Kang Road,S112,2019,8,7,0.0,,,,,
Lim Chu Kang Road,S112,2019,8,8,0.0,,,,,
Lim Chu Kang Road,S112,2019,8,9,0.0,,,,,
Lim Chu Kang Road,S112,2019,8,10,0.0,,,,,
Lim Chu Kang Road,S112,2019,8,11,0.0,,,,,
Lim Chu Kang Road,S112,2019,8,12,0.0,,,,,
Lim Chu Kang Road,S112,2019,8,13,0.0,,,,,
Lim Chu Kang Road,S112,2019,8,14,0.0,,,,,
Lim Chu Kang Road,S112,2019,8,15,0.0,,,,,
Lim Chu Kang Road,S112,2019,8,16,0.0,,,,,
Lim Chu Kang Road,S112,2019,8,17,0.2,,,,,
Lim Chu Kang Road,S112,2019,8,18,0.0,,,,,
Lim Chu Kang Road,S112,2019,8,19,0.0,,,,,
Lim Chu Kang Road,S112,2019,8,20,0.0,,,,,
Lim Chu Kang Road,S112,2019,8,21,0.0,,,,,
Lim Chu Kang Road,S112,2019,8,22,0.0,,,,,
Lim Chu Kang Road,S112,2019,8,23,0.0,,,,,
Lim Chu Kang Road,S112,2019,8,24,0.0,,,,,
Lim Chu Kang Road,S112,2019,8,25,2.4,,,,,
Lim Chu Kang Road,S112,2019,8,26,10.8,,,,,
Lim Chu Kang Road,S112,2019,8,27,1.0,,,,,
Lim Chu Kang Road,S112,2019,8,28,0.0,,,,,
Lim Chu Kang Road,S112,2019,8,29,0.0,,,,,
Lim Chu Kang Road,S112,2019,8,30,13.4,,,,,
Lim Chu Kang Road,S112,2019,8,31,0.0,,,,,
Lim Chu Kang Road,S112,2019,9,1,0.0,,,,,
Lim Chu Kang Road,S112,2019,9,2,0.0,,,,,
Lim Chu Kang Road,S112,2019,9,3,0.0,,,,,
Lim Chu Kang Road,S112,2019,9,4,0.6,,,,,
Lim Chu Kang Road,S112,2019,9,5,0.0,,,,,
Lim Chu Kang Road,S112,2019,9,6,0.0,,,,,
Lim Chu Kang Road,S112,2019,9,7,0.0,,,,,
Lim Chu Kang Road,S112,2019,9,8,0.0,,,,,
Lim Chu Kang Road,S112,2019,9,9,0.0,,,,,
Lim Chu Kang Road,S112,2019,9,10,0.0,,,,,
Lim Chu Kang Road,S112,2019,9,11,0.0,,,,,
Lim Chu Kang Road,S112,2019,9,12,0.0,,,,,
Lim Chu Kang Road,S112,2019,9,13,0.0,,,,,
Lim Chu Kang Road,S112,2019,9,14,,,,,,
Lim Chu Kang Road,S112,2019,9,15,,,,,,
Lim Chu Kang Road,S112,2019,9,16,0.0,,,,,
Lim Chu Kang Road,S112,2019,9,17,0.0,,,,,
Lim Chu Kang Road,S112,2019,9,18,0.0,,,,,
Lim Chu Kang Road,S112,2019,9,19,0.0,,,,,
Lim Chu Kang Road,S112,2019,9,20,0.0,,,,,
Lim Chu Kang Road,S112,2019,9,21,0.0,,,,,
Lim Chu Kang Road,S112,2019,9,22,0.0,,,,,
Lim Chu Kang Road,S112,2019,9,23,0.0,,,,,
Lim Chu Kang Road,S112,2019,9,24,0.0,,,,,
Lim Chu Kang Road,S112,2019,9,25,62.2,,,,,
Lim Chu Kang Road,S112,2019,9,26,0.0,,,,,
Lim Chu Kang Road,S112,2019,9,27,1.4,,,,,
Lim Chu Kang Road,S112,2019,9,28,0.0,,,,,
Lim Chu Kang Road,S112,2019,9,29,11.6,,,,,
Lim Chu Kang Road,S112,2019,9,30,4.4,,,,,
Lim Chu Kang Road,S112,2019,10,1,0.2,,,,,
Lim Chu Kang Road,S112,2019,10,2,2.6,,,,,
Lim Chu Kang Road,S112,2019,10,3,0.0,,,,,
Lim Chu Kang Road,S112,2019,10,4,15.8,,,,,
Lim Chu Kang Road,S112,2019,10,5,11.4,,,,,
Lim Chu Kang Road,S112,2019,10,6,0.2,,,,,
Lim Chu Kang Road,S112,2019,10,7,0.8,,,,,
Lim Chu Kang Road,S112,2019,10,8,0.2,,,,,
Lim Chu Kang Road,S112,2019,10,9,6.8,,,,,
Lim Chu Kang Road,S112,2019,10,10,,,,,,
Lim Chu Kang Road,S112,2019,10,11,0.0,,,,,
Lim Chu Kang Road,S112,2019,10,12,3.2,,,,,
Lim Chu Kang Road,S112,2019,10,13,0.0,,,,,
Lim Chu Kang Road,S112,2019,10,14,0.8,,,,,
Lim Chu Kang Road,S112,2019,10,15,8.4,,,,,
Lim Chu Kang Road,S112,2019,10,16,16.2,,,,,
Lim Chu Kang Road,S112,2019,10,17,4.6,,,,,
Lim Chu Kang Road,S112,2019,10,18,2.0,,,,,
Lim Chu Kang Road,S112,2019,10,19,6.4,,,,,
Lim Chu Kang Road,S112,2019,10,20,0.8,,,,,
Lim Chu Kang Road,S112,2019,10,21,38.6,,,,,
Lim Chu Kang Road,S112,2019,10,22,19.0,,,,,
Lim Chu Kang Road,S112,2019,10,23,3.4,,,,,
Lim Chu Kang Road,S112,2019,10,24,0.0,,,,,
Lim Chu Kang Road,S112,2019,10,25,3.0,,,,,
Lim Chu Kang Road,S112,2019,10,26,17.0,,,,,
Lim Chu Kang Road,S112,2019,10,27,2.2,,,,,
Lim Chu Kang Road,S112,2019,10,28,3.0,,,,,
Lim Chu Kang Road,S112,2019,10,29,,,,,,
Lim Chu Kang Road,S112,2019,10,30,0.0,,,,,
Lim Chu Kang Road,S112,2019,10,31,0.0,,,,,
Lim Chu Kang Road,S112,2019,11,1,0.6,,,,,
Lim Chu Kang Road,S112,2019,11,2,0.4,,,,,
Lim Chu Kang Road,S112,2019,11,3,18.8,,,,,
Lim Chu Kang Road,S112,2019,11,4,0.0,,,,,
Lim Chu Kang Road,S112,2019,11,5,0.0,,,,,
Lim Chu Kang Road,S112,2019,11,6,0.0,,,,,
Lim Chu Kang Road,S112,2019,11,7,0.0,,,,,
Lim Chu Kang Road,S112,2019,11,8,27.4,,,,,
Lim Chu Kang Road,S112,2019,11,9,0.0,,,,,
Lim Chu Kang Road,S112,2019,11,10,0.0,,,,,
Lim Chu Kang Road,S112,2019,11,11,0.4,,,,,
Lim Chu Kang Road,S112,2019,11,12,11.4,,,,,
Lim Chu Kang Road,S112,2019,11,13,10.0,,,,,
Lim Chu Kang Road,S112,2019,11,14,0.0,,,,,
Lim Chu Kang Road,S112,2019,11,15,0.0,,,,,
Lim Chu Kang Road,S112,2019,11,16,4.0,,,,,
Lim Chu Kang Road,S112,2019,11,17,0.0,,,,,
Lim Chu Kang Road,S112,2019,11,18,24.4,,,,,
Lim Chu Kang Road,S112,2019,11,19,0.0,,,,,
Lim Chu Kang Road,S112,2019,11,20,,,,,,
Lim Chu Kang Road,S112,2019,11,21,,,,,,
Lim Chu Kang Road,S112,2019,11,22,4.8,,,,,
Lim Chu Kang Road,S112,2019,11,23,23.6,,,,,
Lim Chu Kang Road,S112,2019,11,24,,,,,,
Lim Chu Kang Road,S112,2019,11,25,0.4,,,,,
Lim Chu Kang Road,S112,2019,11,26,0.8,,,,,
Lim Chu Kang Road,S112,2019,11,27,0.0,,,,,
Lim Chu Kang Road,S112,2019,11,28,17.0,,,,,
Lim Chu Kang Road,S112,2019,11,29,25.6,,,,,
Lim Chu Kang Road,S112,2019,11,30,7.4,,,,,
Lim Chu Kang Road,S112,2019,12,1,2.8,,,,,
Lim Chu Kang Road,S112,2019,12,2,39.6,,,,,
Lim Chu Kang Road,S112,2019,12,3,0.2,,,,,
Lim Chu Kang Road,S112,2019,12,4,0.0,,,,,
Lim Chu Kang Road,S112,2019,12,5,0.0,,,,,
Lim Chu Kang Road,S112,2019,12,6,0.0,,,,,
Lim Chu Kang Road,S112,2019,12,7,0.0,,,,,
Lim Chu Kang Road,S112,2019,12,8,,,,,,
Lim Chu Kang Road,S112,2019,12,9,,,,,,
Lim Chu Kang Road,S112,2019,12,10,,,,,,
Lim Chu Kang Road,S112,2019,12,11,,,,,,
Lim Chu Kang Road,S112,2019,12,12,3.0,,,,,
Lim Chu Kang Road,S112,2019,12,13,,,,,,
Lim Chu Kang Road,S112,2019,12,14,,,,,,
Lim Chu Kang Road,S112,2019,12,15,,,,,,
Lim Chu Kang Road,S112,2019,12,16,,,,,,
Lim Chu Kang Road,S112,2019,12,17,,,,,,
Lim Chu Kang Road,S112,2019,12,18,0.8,,,,,
Lim Chu Kang Road,S112,2019,12,19,0.0,,,,,
Lim Chu Kang Road,S112,2019,12,20,0.0,,,,,
Lim Chu Kang Road,S112,2019,12,21,1.6,,,,,
Lim Chu Kang Road,S112,2019,12,22,0.0,,,,,
Lim Chu Kang Road,S112,2019,12,23,0.0,,,,,
Lim Chu Kang Road,S112,2019,12,24,0.0,,,,,
Lim Chu Kang Road,S112,2019,12,25,0.8,,,,,
Lim Chu Kang Road,S112,2019,12,26,0.2,,,,,
Lim Chu Kang Road,S112,2019,12,27,0.0,,,,,
Lim Chu Kang Road,S112,2019,12,28,0.0,,,,,
Lim Chu Kang Road,S112,2019,12,29,4.2,,,,,
Lim Chu Kang Road,S112,2019,12,30,0.0,,,,,
Lim Chu Kang Road,S112,2019,12,31,0.0,,,,,
Lim Chu Kang Road,S112,2020,1,1,0.0,,,,,
Lim Chu Kang Road,S112,2020,1,2,0.6,,,,,
Lim Chu Kang Road,S112,2020,1,3,0.6,,,,,
Lim Chu Kang Road,S112,2020,1,4,0.0,,,,,
Lim Chu Kang Road,S112,2020,1,5,0.0,,,,,
Lim Chu Kang Road,S112,2020,1,6,4.2,,,,,
Lim Chu Kang Road,S112,2020,1,7,5.2,,,,,
Lim Chu Kang Road,S112,2020,1,8,0.2,,,,,
Lim Chu Kang Road,S112,2020,1,9,0.0,,,,,
Lim Chu Kang Road,S112,2020,1,10,0.8,,,,,
Lim Chu Kang Road,S112,2020,1,11,0.0,,,,,
Lim Chu Kang Road,S112,2020,1,12,0.4,,,,,
Lim Chu Kang Road,S112,2020,1,13,0.0,,,,,
Lim Chu Kang Road,S112,2020,1,14,0.0,,,,,
Lim Chu Kang Road,S112,2020,1,15,0.0,,,,,
Lim Chu Kang Road,S112,2020,1,16,5.2,,,,,
Lim Chu Kang Road,S112,2020,1,17,0.0,,,,,
Lim Chu Kang Road,S112,2020,1,18,10.2,,,,,
Lim Chu Kang Road,S112,2020,1,19,0.0,,,,,
Lim Chu Kang Road,S112,2020,1,20,1.8,,,,,
Lim Chu Kang Road,S112,2020,1,21,43.6,,,,,
Lim Chu Kang Road,S112,2020,1,22,0.0,,,,,
Lim Chu Kang Road,S112,2020,1,23,0.0,,,,,
Lim Chu Kang Road,S112,2020,1,24,0.0,,,,,
Lim Chu Kang Road,S112,2020,1,25,0.0,,,,,
Lim Chu Kang Road,S112,2020,1,26,0.6,,,,,
Lim Chu Kang Road,S112,2020,1,27,14.4,,,,,
Lim Chu Kang Road,S112,2020,1,28,0.8,,,,,
Lim Chu Kang Road,S112,2020,1,29,,,,,,
Lim Chu Kang Road,S112,2020,1,30,0.0,,,,,
Lim Chu Kang Road,S112,2020,1,31,0.2,,,,,
Lim Chu Kang Road,S112,2020,2,1,0.2,,,,,
Lim Chu Kang Road,S112,2020,2,2,0.0,,,,,
Lim Chu Kang Road,S112,2020,2,3,0.0,,,,,
Lim Chu Kang Road,S112,2020,2,4,0.0,,,,,
Lim Chu Kang Road,S112,2020,2,5,0.0,,,,,
Lim Chu Kang Road,S112,2020,2,6,0.0,,,,,
Lim Chu Kang Road,S112,2020,2,7,0.0,,,,,
Lim Chu Kang Road,S112,2020,2,8,0.0,,,,,
Lim Chu Kang Road,S112,2020,2,9,12.0,,,,,
Lim Chu Kang Road,S112,2020,2,10,13.2,,,,,
Lim Chu Kang Road,S112,2020,2,11,9.0,,,,,
Lim Chu Kang Road,S112,2020,2,12,0.2,,,,,
Lim Chu Kang Road,S112,2020,2,13,0.2,,,,,
Lim Chu Kang Road,S112,2020,2,14,0.0,,,,,
Lim Chu Kang Road,S112,2020,2,15,2.0,,,,,
Lim Chu Kang Road,S112,2020,2,16,5.2,,,,,
Lim Chu Kang Road,S112,2020,2,17,0.0,,,,,
Lim Chu Kang Road,S112,2020,2,18,0.6,,,,,
Lim Chu Kang Road,S112,2020,2,19,0.0,,,,,
Lim Chu Kang Road,S112,2020,2,20,0.0,,,,,
Lim Chu Kang Road,S112,2020,2,21,8.4,,,,,
Lim Chu Kang Road,S112,2020,2,22,,,,,,
Lim Chu Kang Road,S112,2020,2,23,0.0,,,,,
Lim Chu Kang Road,S112,2020,2,24,0.4,,,,,
Lim Chu Kang Road,S112,2020,2,25,0.0,,,,,
Lim Chu Kang Road,S112,2020,2,26,0.0,,,,,
Lim Chu Kang Road,S112,2020,2,27,0.0,,,,,
Lim Chu Kang Road,S112,2020,2,28,0.0,,,,,
Lim Chu Kang Road,S112,2020,2,29,0.0,,,,,
Lim Chu Kang Road,S112,2020,3,1,0.0,,,,,
Lim Chu Kang Road,S112,2020,3,2,0.0,,,,,
Lim Chu Kang Road,S112,2020,3,3,0.0,,,,,
Lim Chu Kang Road,S112,2020,3,4,2.8,,,,,
Lim Chu Kang Road,S112,2020,3,5,0.6,,,,,
Lim Chu Kang Road,S112,2020,3,6,0.0,,,,,
Lim Chu Kang Road,S112,2020,3,7,41.6,,,,,
Lim Chu Kang Road,S112,2020,3,8,26.6,,,,,
Lim Chu Kang Road,S112,2020,3,9,0.0,,,,,
Lim Chu Kang Road,S112,2020,3,10,0.0,,,,,
Lim Chu Kang Road,S112,2020,3,11,0.0,,,,,
Lim Chu Kang Road,S112,2020,3,12,0.0,,,,,
Lim Chu Kang Road,S112,2020,3,13,0.0,,,,,
Lim Chu Kang Road,S112,2020,3,14,0.0,,,,,
Lim Chu Kang Road,S112,2020,3,15,0.0,,,,,
Lim Chu Kang Road,S112,2020,3,16,0.0,,,,,
Lim Chu Kang Road,S112,2020,3,17,0.0,,,,,
Lim Chu Kang Road,S112,2020,3,18,11.6,,,,,
Lim Chu Kang Road,S112,2020,3,19,0.0,,,,,
Lim Chu Kang Road,S112,2020,3,20,0.0,,,,,
Lim Chu Kang Road,S112,2020,3,21,10.2,,,,,
Lim Chu Kang Road,S112,2020,3,22,50.0,,,,,
Lim Chu Kang Road,S112,2020,3,23,39.8,,,,,
Lim Chu Kang Road,S112,2020,3,24,0.0,,,,,
Lim Chu Kang Road,S112,2020,3,25,5.0,,,,,
Lim Chu Kang Road,S112,2020,3,26,0.0,,,,,
Lim Chu Kang Road,S112,2020,3,27,19.6,,,,,
Lim Chu Kang Road,S112,2020,3,28,0.0,,,,,
Lim Chu Kang Road,S112,2020,3,29,0.0,,,,,
Lim Chu Kang Road,S112,2020,3,30,5.6,,,,,
Lim Chu Kang Road,S112,2020,3,31,0.0,,,,,
Lim Chu Kang Road,S112,2020,4,1,0.0,,,,,
Lim Chu Kang Road,S112,2020,4,2,5.6,,,,,
Lim Chu Kang Road,S112,2020,4,3,29.6,,,,,
Lim Chu Kang Road,S112,2020,4,4,0.0,,,,,
Lim Chu Kang Road,S112,2020,4,5,23.4,,,,,
Lim Chu Kang Road,S112,2020,4,6,32.4,,,,,
Lim Chu Kang Road,S112,2020,4,7,35.8,,,,,
Lim Chu Kang Road,S112,2020,4,8,2.0,,,,,
Lim Chu Kang Road,S112,2020,4,9,0.0,,,,,
Lim Chu Kang Road,S112,2020,4,10,0.0,,,,,
Lim Chu Kang Road,S112,2020,4,11,0.0,,,,,
Lim Chu Kang Road,S112,2020,4,12,16.2,,,,,
Lim Chu Kang Road,S112,2020,4,13,14.6,,,,,
Lim Chu Kang Road,S112,2020,4,14,0.0,,,,,
Lim Chu Kang Road,S112,2020,4,15,0.6,,,,,
Lim Chu Kang Road,S112,2020,4,16,0.0,,,,,
Lim Chu Kang Road,S112,2020,4,17,0.0,,,,,
Lim Chu Kang Road,S112,2020,4,18,1.2,,,,,
Lim Chu Kang Road,S112,2020,4,19,0.0,,,,,
Lim Chu Kang Road,S112,2020,4,20,0.0,,,,,
Lim Chu Kang Road,S112,2020,4,21,9.4,,,,,
Lim Chu Kang Road,S112,2020,4,22,0.4,,,,,
Lim Chu Kang Road,S112,2020,4,23,0.4,,,,,
Lim Chu Kang Road,S112,2020,4,24,55.0,,,,,
Lim Chu Kang Road,S112,2020,4,25,30.4,,,,,
Lim Chu Kang Road,S112,2020,4,26,0.0,,,,,
Lim Chu Kang Road,S112,2020,4,27,2.6,,,,,
Lim Chu Kang Road,S112,2020,4,28,,,,,,
Lim Chu Kang Road,S112,2020,4,29,,,,,,
Lim Chu Kang Road,S112,2020,4,30,12.0,,,,,
Lim Chu Kang Road,S112,2020,5,1,12.4,,,,,
Lim Chu Kang Road,S112,2020,5,2,4.6,,,,,
Lim Chu Kang Road,S112,2020,5,3,10.2,,,,,
Lim Chu Kang Road,S112,2020,5,4,0.6,,,,,
Lim Chu Kang Road,S112,2020,5,5,2.4,,,,,
Lim Chu Kang Road,S112,2020,5,6,0.0,,,,,
Lim Chu Kang Road,S112,2020,5,7,0.0,,,,,
Lim Chu Kang Road,S112,2020,5,8,1.4,,,,,
Lim Chu Kang Road,S112,2020,5,9,0.0,,,,,
Lim Chu Kang Road,S112,2020,5,10,0.2,,,,,
Lim Chu Kang Road,S112,2020,5,11,4.6,,,,,
Lim Chu Kang Road,S112,2020,5,12,0.0,,,,,
Lim Chu Kang Road,S112,2020,5,13,13.0,,,,,
Lim Chu Kang Road,S112,2020,5,14,0.0,,,,,
Lim Chu Kang Road,S112,2020,5,15,0.0,,,,,
Lim Chu Kang Road,S112,2020,5,16,70.2,,,,,
Lim Chu Kang Road,S112,2020,5,17,13.4,,,,,
Lim Chu Kang Road,S112,2020,5,18,0.2,,,,,
Lim Chu Kang Road,S112,2020,5,19,0.0,,,,,
Lim Chu Kang Road,S112,2020,5,20,0.6,,,,,
Lim Chu Kang Road,S112,2020,5,21,0.8,,,,,
Lim Chu Kang Road,S112,2020,5,22,58.8,,,,,
Lim Chu Kang Road,S112,2020,5,23,0.0,,,,,
Lim Chu Kang Road,S112,2020,5,24,0.0,,,,,
Lim Chu Kang Road,S112,2020,5,25,2.6,,,,,
Lim Chu Kang Road,S112,2020,5,26,11.0,,,,,
Lim Chu Kang Road,S112,2020,5,27,0.8,,,,,
Lim Chu Kang Road,S112,2020,5,28,1.2,,,,,
Lim Chu Kang Road,S112,2020,5,29,4.8,,,,,
Lim Chu Kang Road,S112,2020,5,30,,,,,,
Lim Chu Kang Road,S112,2020,5,31,0.0,,,,,
Lim Chu Kang Road,S112,2020,6,1,4.4,,,,,
Lim Chu Kang Road,S112,2020,6,2,7.0,,,,,
Lim Chu Kang Road,S112,2020,6,3,1.4,,,,,
Lim Chu Kang Road,S112,2020,6,4,,,,,,
Lim Chu Kang Road,S112,2020,6,5,,,,,,
Lim Chu Kang Road,S112,2020,6,6,2.4,,,,,
Lim Chu Kang Road,S112,2020,6,7,0.0,,,,,
Lim Chu Kang Road,S112,2020,6,8,0.0,,,,,
Lim Chu Kang Road,S112,2020,6,9,0.0,,,,,
Lim Chu Kang Road,S112,2020,6,10,1.0,,,,,
Lim Chu Kang Road,S112,2020,6,11,0.2,,,,,
Lim Chu Kang Road,S112,2020,6,12,0.0,,,,,
Lim Chu Kang Road,S112,2020,6,13,,,,,,
Lim Chu Kang Road,S112,2020,6,14,0.0,,,,,
Lim Chu Kang Road,S112,2020,6,15,0.4,,,,,
Lim Chu Kang Road,S112,2020,6,16,0.8,,,,,
Lim Chu Kang Road,S112,2020,6,17,26.8,,,,,
Lim Chu Kang Road,S112,2020,6,18,,,,,,
Lim Chu Kang Road,S112,2020,6,19,,,,,,
Lim Chu Kang Road,S112,2020,6,20,18.0,,,,,
Lim Chu Kang Road,S112,2020,6,21,8.4,,,,,
Lim Chu Kang Road,S112,2020,6,22,0.0,,,,,
Lim Chu Kang Road,S112,2020,6,23,,,,,,
Lim Chu Kang Road,S112,2020,6,24,,,,,,
Lim Chu Kang Road,S112,2020,6,25,0.0,,,,,
Lim Chu Kang Road,S112,2020,6,26,0.0,,,,,
Lim Chu Kang Road,S112,2020,6,27,0.0,,,,,
Lim Chu Kang Road,S112,2020,6,28,0.0,,,,,
Lim Chu Kang Road,S112,2020,6,29,0.2,,,,,
Lim Chu Kang Road,S112,2020,6,30,0.0,,,,,
Lim Chu Kang Road,S112,2020,7,1,1.0,,,,,
Lim Chu Kang Road,S112,2020,7,2,0.0,,,,,
Lim Chu Kang Road,S112,2020,7,3,2.8,,,,,
Lim Chu Kang Road,S112,2020,7,4,0.2,,,,,
Lim Chu Kang Road,S112,2020,7,5,50.8,,,,,
Lim Chu Kang Road,S112,2020,7,6,10.4,,,,,
Lim Chu Kang Road,S112,2020,7,7,2.8,,,,,
Lim Chu Kang Road,S112,2020,7,8,0.0,,,,,
Lim Chu Kang Road,S112,2020,7,9,,,,,,
Lim Chu Kang Road,S112,2020,7,10,0.2,,,,,
Lim Chu Kang Road,S112,2020,7,11,0.0,,,,,
Lim Chu Kang Road,S112,2020,7,12,0.4,,,,,
Lim Chu Kang Road,S112,2020,7,13,16.2,,,,,
Lim Chu Kang Road,S112,2020,7,14,,,,,,
Lim Chu Kang Road,S112,2020,7,15,3.8,,,,,
Lim Chu Kang Road,S112,2020,7,16,35.2,,,,,
Lim Chu Kang Road,S112,2020,7,17,0.0,,,,,
Lim Chu Kang Road,S112,2020,7,18,8.0,,,,,
Lim Chu Kang Road,S112,2020,7,19,0.4,,,,,
Lim Chu Kang Road,S112,2020,7,20,0.0,,,,,
Lim Chu Kang Road,S112,2020,7,21,0.0,,,,,
Lim Chu Kang Road,S112,2020,7,22,3.4,,,,,
Lim Chu Kang Road,S112,2020,7,23,,,,,,
Lim Chu Kang Road,S112,2020,7,24,3.2,,,,,
Lim Chu Kang Road,S112,2020,7,25,15.8,,,,,
Lim Chu Kang Road,S112,2020,7,26,1.4,,,,,
Lim Chu Kang Road,S112,2020,7,27,21.6,,,,,
Lim Chu Kang Road,S112,2020,7,28,0.2,,,,,
Lim Chu Kang Road,S112,2020,7,29,14.8,,,,,
Lim Chu Kang Road,S112,2020,7,30,0.0,,,,,
Lim Chu Kang Road,S112,2020,7,31,1.8,,,,,
Lim Chu Kang Road,S112,2020,8,1,6.4,,,,,
Lim Chu Kang Road,S112,2020,8,2,0.0,,,,,
Lim Chu Kang Road,S112,2020,8,3,0.0,,,,,
Lim Chu Kang Road,S112,2020,8,4,0.6,,,,,
Lim Chu Kang Road,S112,2020,8,5,0.0,,,,,
Lim Chu Kang Road,S112,2020,8,6,0.0,,,,,
Lim Chu Kang Road,S112,2020,8,7,0.0,,,,,
Lim Chu Kang Road,S112,2020,8,8,0.0,,,,,
Lim Chu Kang Road,S112,2020,8,9,0.0,,,,,
Lim Chu Kang Road,S112,2020,8,10,0.0,,,,,
Lim Chu Kang Road,S112,2020,8,11,0.0,,,,,
Lim Chu Kang Road,S112,2020,8,12,10.6,,,,,
Lim Chu Kang Road,S112,2020,8,13,8.2,,,,,
Lim Chu Kang Road,S112,2020,8,14,38.2,,,,,
Lim Chu Kang Road,S112,2020,8,15,23.8,,,,,
Lim Chu Kang Road,S112,2020,8,16,,,,,,
Lim Chu Kang Road,S112,2020,8,17,8.4,,,,,
Lim Chu Kang Road,S112,2020,8,18,1.0,,,,,
Lim Chu Kang Road,S112,2020,8,19,1.0,,,,,
Lim Chu Kang Road,S112,2020,8,20,,,,,,
Lim Chu Kang Road,S112,2020,8,21,0.0,,,,,
Lim Chu Kang Road,S112,2020,8,22,19.0,,,,,
Lim Chu Kang Road,S112,2020,8,23,11.4,,,,,
Lim Chu Kang Road,S112,2020,8,24,0.0,,,,,
Lim Chu Kang Road,S112,2020,8,25,0.0,,,,,
Lim Chu Kang Road,S112,2020,8,26,0.0,,,,,
Lim Chu Kang Road,S112,2020,8,27,0.0,,,,,
Lim Chu Kang Road,S112,2020,8,28,5.0,,,,,
Lim Chu Kang Road,S112,2020,8,29,2.8,,,,,
Lim Chu Kang Road,S112,2020,8,30,0.2,,,,,
Lim Chu Kang Road,S112,2020,8,31,0.0,,,,,
Lim Chu Kang Road,S112,2020,9,1,0.2,,,,,
Lim Chu Kang Road,S112,2020,9,2,0.4,,,,,
Lim Chu Kang Road,S112,2020,9,3,4.6,,,,,
Lim Chu Kang Road,S112,2020,9,4,0.2,,,,,
Lim Chu Kang Road,S112,2020,9,5,25.8,,,,,
Lim Chu Kang Road,S112,2020,9,6,1.0,,,,,
Lim Chu Kang Road,S112,2020,9,7,1.0,,,,,
Lim Chu Kang Road,S112,2020,9,8,9.4,,,,,
Lim Chu Kang Road,S112,2020,9,9,2.4,,,,,
Lim Chu Kang Road,S112,2020,9,10,2.4,,,,,
Lim Chu Kang Road,S112,2020,9,11,2.4,,,,,
Lim Chu Kang Road,S112,2020,9,12,18.0,,,,,
Lim Chu Kang Road,S112,2020,9,13,18.6,,,,,
Lim Chu Kang Road,S112,2020,9,14,1.0,,,,,
Lim Chu Kang Road,S112,2020,9,15,0.0,,,,,
Lim Chu Kang Road,S112,2020,9,16,16.4,,,,,
Lim Chu Kang Road,S112,2020,9,17,0.0,,,,,
Lim Chu Kang Road,S112,2020,9,18,0.0,,,,,
Lim Chu Kang Road,S112,2020,9,19,20.6,,,,,
Lim Chu Kang Road,S112,2020,9,20,0.2,,,,,
Lim Chu Kang Road,S112,2020,9,21,1.6,,,,,
Lim Chu Kang Road,S112,2020,9,22,0.6,,,,,
Lim Chu Kang Road,S112,2020,9,23,0.0,,,,,
Lim Chu Kang Road,S112,2020,9,24,12.8,,,,,
Lim Chu Kang Road,S112,2020,9,25,11.4,,,,,
Lim Chu Kang Road,S112,2020,9,26,30.6,,,,,
Lim Chu Kang Road,S112,2020,9,27,8.4,,,,,
Lim Chu Kang Road,S112,2020,9,28,0.0,,,,,
Lim Chu Kang Road,S112,2020,9,29,0.0,,,,,
Lim Chu Kang Road,S112,2020,9,30,21.0,,,,,
Lim Chu Kang Road,S112,2020,10,1,42.4,,,,,
Lim Chu Kang Road,S112,2020,10,2,8.2,,,,,
Lim Chu Kang Road,S112,2020,10,3,7.0,,,,,
Lim Chu Kang Road,S112,2020,10,4,0.0,,,,,
Lim Chu Kang Road,S112,2020,10,5,0.0,,,,,
Lim Chu Kang Road,S112,2020,10,6,0.0,,,,,
Lim Chu Kang Road,S112,2020,10,7,16.4,,,,,
Lim Chu Kang Road,S112,2020,10,8,20.6,,,,,
Lim Chu Kang Road,S112,2020,10,9,0.0,,,,,
Lim Chu Kang Road,S112,2020,10,10,12.6,,,,,
Lim Chu Kang Road,S112,2020,10,11,9.4,,,,,
Lim Chu Kang Road,S112,2020,10,12,0.0,,,,,
Lim Chu Kang Road,S112,2020,10,13,0.0,,,,,
Lim Chu Kang Road,S112,2020,10,14,2.2,,,,,
Lim Chu Kang Road,S112,2020,10,15,6.6,,,,,
Lim Chu Kang Road,S112,2020,10,16,21.6,,,,,
Lim Chu Kang Road,S112,2020,10,17,0.0,,,,,
Lim Chu Kang Road,S112,2020,10,18,15.0,,,,,
Lim Chu Kang Road,S112,2020,10,19,0.0,,,,,
Lim Chu Kang Road,S112,2020,10,20,1.2,,,,,
Lim Chu Kang Road,S112,2020,10,21,0.6,,,,,
Lim Chu Kang Road,S112,2020,10,22,16.0,,,,,
Lim Chu Kang Road,S112,2020,10,23,0.0,,,,,
Lim Chu Kang Road,S112,2020,10,24,5.0,,,,,
Lim Chu Kang Road,S112,2020,10,25,5.6,,,,,
Lim Chu Kang Road,S112,2020,10,26,2.0,,,,,
Lim Chu Kang Road,S112,2020,10,27,0.0,,,,,
Lim Chu Kang Road,S112,2020,10,28,0.0,,,,,
Lim Chu Kang Road,S112,2020,10,29,0.2,,,,,
Lim Chu Kang Road,S112,2020,10,30,0.0,,,,,
Lim Chu Kang Road,S112,2020,10,31,38.2,,,,,
Lim Chu Kang Road,S112,2020,11,1,0.2,,,,,
Lim Chu Kang Road,S112,2020,11,2,2.6,,,,,
Lim Chu Kang Road,S112,2020,11,3,3.8,,,,,
Lim Chu Kang Road,S112,2020,11,4,23.8,,,,,
Lim Chu Kang Road,S112,2020,11,5,0.0,,,,,
Lim Chu Kang Road,S112,2020,11,6,0.0,,,,,
Lim Chu Kang Road,S112,2020,11,7,51.2,,,,,
Lim Chu Kang Road,S112,2020,11,8,21.4,,,,,
Lim Chu Kang Road,S112,2020,11,9,5.8,,,,,
Lim Chu Kang Road,S112,2020,11,10,0.0,,,,,
Lim Chu Kang Road,S112,2020,11,11,0.0,,,,,
Lim Chu Kang Road,S112,2020,11,12,0.0,,,,,
Lim Chu Kang Road,S112,2020,11,13,0.0,,,,,
Lim Chu Kang Road,S112,2020,11,14,6.6,,,,,
Lim Chu Kang Road,S112,2020,11,15,43.6,,,,,
Lim Chu Kang Road,S112,2020,11,16,2.2,,,,,
Lim Chu Kang Road,S112,2020,11,17,8.0,,,,,
Lim Chu Kang Road,S112,2020,11,18,0.0,,,,,
Lim Chu Kang Road,S112,2020,11,19,9.4,,,,,
Lim Chu Kang Road,S112,2020,11,20,11.4,,,,,
Lim Chu Kang Road,S112,2020,11,21,18.4,,,,,
Lim Chu Kang Road,S112,2020,11,22,20.0,,,,,
Lim Chu Kang Road,S112,2020,11,23,26.4,,,,,
Lim Chu Kang Road,S112,2020,11,24,0.0,,,,,
Lim Chu Kang Road,S112,2020,11,25,2.0,,,,,
Lim Chu Kang Road,S112,2020,11,26,1.4,,,,,
Lim Chu Kang Road,S112,2020,11,27,6.6,,,,,
Lim Chu Kang Road,S112,2020,11,28,7.8,,,,,
Lim Chu Kang Road,S112,2020,11,29,0.0,,,,,
Lim Chu Kang Road,S112,2020,11,30,0.0,,,,,
