station,station_id,year,month,day,rainfall_mm,temp_mean_c,temp_max_c,temp_min_c,wind_mean_kmh,wind_max_kmh
Handy Road,S118,2013,1,1,5.0,,,,,
Handy Road,S118,2013,1,2,1.8,,,,,
Handy Road,S118,2013,1,3,0.4,,,,,
Handy Road,S118,2013,1,4,4.4,,,,,
Handy Road,S118,2013,1,5,0.0,,,,,
Handy Road,S118,2013,1,6,0.0,,,,,
Handy Road,S118,2013,1,7,0.0,,,,,
Handy Road,S118,2013,1,8,9.6,,,,,
Handy Road,S118,2013,1,9,3.8,,,,,
Handy Road,S118,2013,1,10,0.2,,,,,
Handy Road,S118,2013,1,11,14.2,,,,,
Handy Road,S118,2013,1,12,43.4,,,,,
Handy Road,S118,2013,1,13,2.6,,,,,
Handy Road,S118,2013,1,14,5.0,,,,,
Handy Road,S118,2013,1,15,11.4,,,,,
Handy Road,S118,2013,1,16,0.6,,,,,
Handy Road,S118,2013,1,17,0.0,,,,,
Handy Road,S118,2013,1,18,57.2,,,,,
Handy Road,S118,2013,1,19,32.0,,,,,
Handy Road,S118,2013,1,20,1.5,,,,,
Handy Road,S118,2013,1,21,1.8,,,,,
Handy Road,S118,2013,1,22,0.8,,,,,
Handy Road,S118,2013,1,23,0.0,,,,,
Handy Road,S118,2013,1,24,3.0,,,,,
Handy Road,S118,2013,1,25,0.0,,,,,
Handy Road,S118,2013,1,26,0.0,,,,,
Handy Road,S118,2013,1,27,0.0,,,,,
Handy Road,S118,2013,1,28,0.0,,,,,
Handy Road,S118,2013,1,29,0.0,,,,,
Handy Road,S118,2013,1,30,0.0,,,,,
Handy Road,S118,2013,1,31,0.0,,,,,
Handy Road,S118,2013,2,1,0.0,,,,,
Handy Road,S118,2013,2,2,0.0,,,,,
Handy Road,S118,2013,2,3,38.8,,,,,
Handy Road,S118,2013,2,4,0.6,,,,,
Handy Road,S118,2013,2,5,18.8,,,,,
Handy Road,S118,2013,2,6,19.6,,,,,
Handy Road,S118,2013,2,7,33.0,,,,,
Handy Road,S118,2013,2,8,31.6,,,,,
Handy Road,S118,2013,2,9,27.6,,,,,
Handy Road,S118,2013,2,10,27.4,,,,,
Handy Road,S118,2013,2,11,2.0,,,,,
Handy Road,S118,2013,2,12,2.2,,,,,
Handy Road,S118,2013,2,13,0.6,,,,,
Handy Road,S118,2013,2,14,67.2,,,,,
Handy Road,S118,2013,2,15,66.4,,,,,
Handy Road,S118,2013,2,16,6.6,,,,,
Handy Road,S118,2013,2,17,0.0,,,,,
Handy Road,S118,2013,2,18,10.4,,,,,
Handy Road,S118,2013,2,19,0.4,,,,,
Handy Road,S118,2013,2,20,0.0,,,,,
Handy Road,S118,2013,2,21,18.2,,,,,
Handy Road,S118,2013,2,22,0.2,,,,,
Handy Road,S118,2013,2,23,0.0,,,,,
Handy Road,S118,2013,2,24,0.0,,,,,
Handy Road,S118,2013,2,25,12.2,,,,,
Handy Road,S118,2013,2,26,4.2,,,,,
Handy Road,S118,2013,2,27,0.0,,,,,
Handy Road,S118,2013,2,28,0.0,,,,,
Handy Road,S118,2013,3,1,0.2,,,,,
Handy Road,S118,2013,3,2,10.0,,,,,
Handy Road,S118,2013,3,3,0.0,,,,,
Handy Road,S118,2013,3,4,1.2,,,,,
Handy Road,S118,2013,3,5,2.8,,,,,
Handy Road,S118,2013,3,6,0.2,,,,,
Handy Road,S118,2013,3,7,0.0,,,,,
Handy Road,S118,2013,3,8,0.0,,,,,
Handy Road,S118,2013,3,9,30.4,,,,,
Handy Road,S118,2013,3,10,0.2,,,,,
Handy Road,S118,2013,3,11,0.0,,,,,
Handy Road,S118,2013,3,12,0.0,,,,,
Handy Road,S118,2013,3,13,0.2,,,,,
Handy Road,S118,2013,3,14,19.8,,,,,
Handy Road,S118,2013,3,15,0.0,,,,,
Handy Road,S118,2013,3,16,0.0,,,,,
Handy Road,S118,2013,3,17,36.2,,,,,
Handy Road,S118,2013,3,18,0.0,,,,,
Handy Road,S118,2013,3,19,0.0,,,,,
Handy Road,S118,2013,3,20,0.0,,,,,
Handy Road,S118,2013,3,21,0.0,,,,,
Handy Road,S118,2013,3,22,6.8,,,,,
Handy Road,S118,2013,3,23,3.8,,,,,
Handy Road,S118,2013,3,24,0.0,,,,,
Handy Road,S118,2013,3,25,19.6,,,,,
Handy Road,S118,2013,3,26,3.8,,,,,
Handy Road,S118,2013,3,27,3.6,,,,,
Handy Road,S118,2013,3,28,0.0,,,,,
Handy Road,S118,2013,3,29,7.0,,,,,
Handy Road,S118,2013,3,30,0.2,,,,,
Handy Road,S118,2013,3,31,2.2,,,,,
Handy Road,S118,2013,4,1,0.0,,,,,
Handy Road,S118,2013,4,2,0.0,,,,,
Handy Road,S118,2013,4,3,5.8,,,,,
Handy Road,S118,2013,4,4,5.4,,,,,
Handy Road,S118,2013,4,5,0.0,,,,,
Handy Road,S118,2013,4,6,32.0,,,,,
Handy Road,S118,2013,4,7,0.0,,,,,
Handy Road,S118,2013,4,8,5.8,,,,,
Handy Road,S118,2013,4,9,21.4,,,,,
Handy Road,S118,2013,4,10,0.2,,,,,
Handy Road,S118,2013,4,11,0.0,,,,,
Handy Road,S118,2013,4,12,0.0,,,,,
Handy Road,S118,2013,4,13,20.8,,,,,
Handy Road,S118,2013,4,14,0.6,,,,,
Handy Road,S118,2013,4,15,0.0,,,,,
Handy Road,S118,2013,4,16,77.8,,,,,
Handy Road,S118,2013,4,17,1.0,,,,,
Handy Road,S118,2013,4,18,1.8,,,,,
Handy Road,S118,2013,4,19,7.2,,,,,
Handy Road,S118,2013,4,20,0.0,,,,,
Handy Road,S118,2013,4,21,21.6,,,,,
Handy Road,S118,2013,4,22,0.0,,,,,
Handy Road,S118,2013,4,23,8.4,,,,,
Handy Road,S118,2013,4,24,0.0,,,,,
Handy Road,S118,2013,4,25,26.6,,,,,
Handy Road,S118,2013,4,26,0.8,,,,,
Handy Road,S118,2013,4,27,6.8,,,,,
Handy Road,S118,2013,4,28,3.0,,,,,
Handy Road,S118,2013,4,29,0.0,,,,,
Handy Road,S118,2013,4,30,0.0,,,,,
Handy Road,S118,2013,5,1,0.0,,,,,
Handy Road,S118,2013,5,2,1.0,,,,,
Handy Road,S118,2013,5,3,8.4,,,,,
Handy Road,S118,2013,5,4,3.4,,,,,
Handy Road,S118,2013,5,5,0.4,,,,,
Handy Road,S118,2013,5,6,0.0,,,,,
Handy Road,S118,2013,5,7,57.6,,,,,
Handy Road,S118,2013,5,8,0.0,,,,,
Handy Road,S118,2013,5,9,9.2,,,,,
Handy Road,S118,2013,5,10,5.2,,,,,
Handy Road,S118,2013,5,11,0.0,,,,,
Handy Road,S118,2013,5,12,0.0,,,,,
Handy Road,S118,2013,5,13,0.0,,,,,
Handy Road,S118,2013,5,14,0.0,,,,,
Handy Road,S118,2013,5,15,24.6,,,,,
Handy Road,S118,2013,5,16,4.0,,,,,
Handy Road,S118,2013,5,17,0.0,,,,,
Handy Road,S118,2013,5,18,0.0,,,,,
Handy Road,S118,2013,5,19,0.0,,,,,
Handy Road,S118,2013,5,20,0.0,,,,,
Handy Road,S118,2013,5,21,0.0,,,,,
Handy Road,S118,2013,5,22,3.8,,,,,
Handy Road,S118,2013,5,23,0.0,,,,,
Handy Road,S118,2013,5,24,2.6,,,,,
Handy Road,S118,2013,5,25,0.0,,,,,
Handy Road,S118,2013,5,26,57.6,,,,,
Handy Road,S118,2013,5,27,0.0,,,,,
Handy Road,S118,2013,5,28,0.0,,,,,
Handy Road,S118,2013,5,29,0.6,,,,,
Handy Road,S118,2013,5,30,0.0,,,,,
Handy Road,S118,2013,5,31,13.6,,,,,
Handy Road,S118,2013,6,1,0.8,,,,,
Handy Road,S118,2013,6,2,0.0,,,,,
Handy Road,S118,2013,6,3,0.0,,,,,
Handy Road,S118,2013,6,4,0.8,,,,,
Handy Road,S118,2013,6,5,18.0,,,,,
Handy Road,S118,2013,6,6,0.4,,,,,
Handy Road,S118,2013,6,7,0.0,,,,,
Handy Road,S118,2013,6,8,3.0,,,,,
Handy Road,S118,2013,6,9,13.8,,,,,
Handy Road,S118,2013,6,10,3.0,,,,,
Handy Road,S118,2013,6,11,0.0,,,,,
Handy Road,S118,2013,6,12,0.0,,,,,
Handy Road,S118,2013,6,13,0.0,,,,,
Handy Road,S118,2013,6,14,0.0,,,,,
Handy Road,S118,2013,6,15,0.0,,,,,
Handy Road,S118,2013,6,16,6.8,,,,,
Handy Road,S118,2013,6,17,0.0,,,,,
Handy Road,S118,2013,6,18,0.0,,,,,
Handy Road,S118,2013,6,19,0.0,,,,,
Handy Road,S118,2013,6,20,0.0,,,,,
Handy Road,S118,2013,6,21,0.0,,,,,
Handy Road,S118,2013,6,22,0.0,,,,,
Handy Road,S118,2013,6,23,0.0,,,,,
Handy Road,S118,2013,6,24,0.0,,,,,
Handy Road,S118,2013,6,25,2.0,,,,,
Handy Road,S118,2013,6,26,7.6,,,,,
Handy Road,S118,2013,6,27,0.0,,,,,
Handy Road,S118,2013,6,28,1.0,,,,,
Handy Road,S118,2013,6,29,0.0,,,,,
Handy Road,S118,2013,6,30,0.4,,,,,
Handy Road,S118,2013,7,1,0.0,,,,,
Handy Road,S118,2013,7,2,6.8,,,,,
Handy Road,S118,2013,7,3,0.0,,,,,
Handy Road,S118,2013,7,4,11.8,,,,,
Handy Road,S118,2013,7,5,0.0,,,,,
Handy Road,S118,2013,7,6,0.0,,,,,
Handy Road,S118,2013,7,7,0.4,,,,,
Handy Road,S118,2013,7,8,48.8,,,,,
Handy Road,S118,2013,7,9,20.8,,,,,
Handy Road,S118,2013,7,10,0.0,,,,,
Handy Road,S118,2013,7,11,3.6,,,,,
Handy Road,S118,2013,7,12,0.0,,,,,
Handy Road,S118,2013,7,13,2.4,,,,,
Handy Road,S118,2013,7,14,13.6,,,,,
Handy Road,S118,2013,7,15,0.0,,,,,
Handy Road,S118,2013,7,16,0.0,,,,,
Handy Road,S118,2013,7,17,1.6,,,,,
Handy Road,S118,2013,7,18,1.2,,,,,
Handy Road,S118,2013,7,19,0.0,,,,,
Handy Road,S118,2013,7,20,0.0,,,,,
Handy Road,S118,2013,7,21,0.0,,,,,
Handy Road,S118,2013,7,22,0.0,,,,,
Handy Road,S118,2013,7,23,0.0,,,,,
Handy Road,S118,2013,7,24,0.2,,,,,
Handy Road,S118,2013,7,25,0.0,,,,,
Handy Road,S118,2013,7,26,0.0,,,,,
Handy Road,S118,2013,7,27,14.8,,,,,
Handy Road,S118,2013,7,28,0.0,,,,,
Handy Road,S118,2013,7,29,1.0,,,,,
Handy Road,S118,2013,7,30,0.0,,,,,
Handy Road,S118,2013,7,31,10.6,,,,,
Handy Road,S118,2013,8,1,7.8,,,,,
Handy Road,S118,2013,8,2,0.2,,,,,
Handy Road,S118,2013,8,3,0.0,,,,,
Handy Road,S118,2013,8,4,3.6,,,,,
Handy Road,S118,2013,8,5,35.0,,,,,
Handy Road,S118,2013,8,6,1.4,,,,,
Handy Road,S118,2013,8,7,4.0,,,,,
Handy Road,S118,2013,8,8,0.4,,,,,
Handy Road,S118,2013,8,9,2.2,,,,,
Handy Road,S118,2013,8,10,54.8,,,,,
Handy Road,S118,2013,8,11,10.2,,,,,
Handy Road,S118,2013,8,12,27.0,,,,,
Handy Road,S118,2013,8,13,1.6,,,,,
Handy Road,S118,2013,8,14,5.0,,,,,
Handy Road,S118,2013,8,15,0.0,,,,,
Handy Road,S118,2013,8,16,0.0,,,,,
Handy Road,S118,2013,8,17,1.6,,,,,
Handy Road,S118,2013,8,18,0.0,,,,,
Handy Road,S118,2013,8,19,0.0,,,,,
Handy Road,S118,2013,8,20,0.0,,,,,
Handy Road,S118,2013,8,21,0.0,,,,,
Handy Road,S118,2013,8,22,0.0,,,,,
Handy Road,S118,2013,8,23,0.0,,,,,
Handy Road,S118,2013,8,24,0.0,,,,,
Handy Road,S118,2013,8,25,0.0,,,,,
Handy Road,S118,2013,8,26,48.8,,,,,
Handy Road,S118,2013,8,27,0.0,,,,,
Handy Road,S118,2013,8,28,1.6,,,,,
Handy Road,S118,2013,8,29,5.0,,,,,
Handy Road,S118,2013,8,30,0.0,,,,,
Handy Road,S118,2013,8,31,0.0,,,,,
Handy Road,S118,2013,9,1,5.8,,,,,
Handy Road,S118,2013,9,2,14.4,,,,,
Handy Road,S118,2013,9,3,17.6,,,,,
Handy Road,S118,2013,9,4,38.8,,,,,
Handy Road,S118,2013,9,5,76.6,,,,,
Handy Road,S118,2013,9,6,33.0,,,,,
Handy Road,S118,2013,9,7,50.2,,,,,
Handy Road,S118,2013,9,8,0.2,,,,,
Handy Road,S118,2013,9,9,30.0,,,,,
Handy Road,S118,2013,9,10,11.0,,,,,
Handy Road,S118,2013,9,11,0.2,,,,,
Handy Road,S118,2013,9,12,0.0,,,,,
Handy Road,S118,2013,9,13,0.0,,,,,
Handy Road,S118,2013,9,14,2.6,,,,,
Handy Road,S118,2013,9,15,9.8,,,,,
Handy Road,S118,2013,9,16,0.0,,,,,
Handy Road,S118,2013,9,17,1.2,,,,,
Handy Road,S118,2013,9,18,0.2,,,,,
Handy Road,S118,2013,9,19,0.0,,,,,
Handy Road,S118,2013,9,20,0.0,,,,,
Handy Road,S118,2013,9,21,0.0,,,,,
Handy Road,S118,2013,9,22,0.0,,,,,
Handy Road,S118,2013,9,23,0.0,,,,,
Handy Road,S118,2013,9,24,0.0,,,,,
Handy Road,S118,2013,9,25,25.2,,,,,
Handy Road,S118,2013,9,26,13.6,,,,,
Handy Road,S118,2013,9,27,0.0,,,,,
Handy Road,S118,2013,9,28,27.4,,,,,
Handy Road,S118,2013,9,29,22.6,,,,,
Handy Road,S118,2013,9,30,0.2,,,,,
Handy Road,S118,2013,10,1,0.6,,,,,
Handy Road,S118,2013,10,2,1.8,,,,,
Handy Road,S118,2013,10,3,0.0,,,,,
Handy Road,S118,2013,10,4,10.0,,,,,
Handy Road,S118,2013,10,5,5.4,,,,,
Handy Road,S118,2013,10,6,0.2,,,,,
Handy Road,S118,2013,10,7,0.0,,,,,
Handy Road,S118,2013,10,8,26.8,,,,,
Handy Road,S118,2013,10,9,0.0,,,,,
Handy Road,S118,2013,10,10,48.4,,,,,
Handy Road,S118,2013,10,11,1.2,,,,,
Handy Road,S118,2013,10,12,18.8,,,,,
Handy Road,S118,2013,10,13,11.8,,,,,
Handy Road,S118,2013,10,14,13.6,,,,,
Handy Road,S118,2013,10,15,6.0,,,,,
Handy Road,S118,2013,10,16,0.0,,,,,
Handy Road,S118,2013,10,17,0.0,,,,,
Handy Road,S118,2013,10,18,49.4,,,,,
Handy Road,S118,2013,10,19,28.2,,,,,
Handy Road,S118,2013,10,20,7.4,,,,,
Handy Road,S118,2013,10,21,35.8,,,,,
Handy Road,S118,2013,10,22,0.2,,,,,
Handy Road,S118,2013,10,23,0.0,,,,,
Handy Road,S118,2013,10,24,0.0,,,,,
Handy Road,S118,2013,10,25,0.0,,,,,
Handy Road,S118,2013,10,26,6.6,,,,,
Handy Road,S118,2013,10,27,0.0,,,,,
Handy Road,S118,2013,10,28,27.2,,,,,
Handy Road,S118,2013,10,29,0.4,,,,,
Handy Road,S118,2013,10,30,6.4,,,,,
Handy Road,S118,2013,10,31,44.4,,,,,
Handy Road,S118,2013,11,1,7.2,,,,,
Handy Road,S118,2013,11,2,0.6,,,,,
Handy Road,S118,2013,11,3,2.4,,,,,
Handy Road,S118,2013,11,4,30.4,,,,,
Handy Road,S118,2013,11,5,12.0,,,,,
Handy Road,S118,2013,11,6,0.0,,,,,
Handy Road,S118,2013,11,7,0.0,,,,,
Handy Road,S118,2013,11,8,0.0,,,,,
Handy Road,S118,2013,11,9,8.0,,,,,
Handy Road,S118,2013,11,10,1.8,,,,,
Handy Road,S118,2013,11,11,29.8,,,,,
Handy Road,S118,2013,11,12,4.2,,,,,
Handy Road,S118,2013,11,13,20.2,,,,,
Handy Road,S118,2013,11,14,0.2,,,,,
Handy Road,S118,2013,11,15,0.2,,,,,
Handy Road,S118,2013,11,16,13.6,,,,,
Handy Road,S118,2013,11,17,0.6,,,,,
Handy Road,S118,2013,11,18,3.4,,,,,
Handy Road,S118,2013,11,19,3.8,,,,,
Handy Road,S118,2013,11,20,10.6,,,,,
Handy Road,S118,2013,11,21,0.0,,,,,
Handy Road,S118,2013,11,22,59.6,,,,,
Handy Road,S118,2013,11,23,0.6,,,,,
Handy Road,S118,2013,11,24,16.6,,,,,
Handy Road,S118,2013,11,25,,,,,,
Handy Road,S118,2013,11,26,,,,,,
Handy Road,S118,2013,11,27,4.4,,,,,
Handy Road,S118,2013,11,28,0.8,,,,,
Handy Road,S118,2013,11,29,39.4,,,,,
Handy Road,S118,2013,11,30,44.0,,,,,
Handy Road,S118,2013,12,1,19.8,,,,,
Handy Road,S118,2013,12,2,7.4,,,,,
Handy Road,S118,2013,12,3,39.6,,,,,
Handy Road,S118,2013,12,4,0.2,,,,,
Handy Road,S118,2013,12,5,0.0,,,,,
Handy Road,S118,2013,12,6,4.2,,,,,
Handy Road,S118,2013,12,7,0.0,,,,,
Handy Road,S118,2013,12,8,22.6,,,,,
Handy Road,S118,2013,12,9,0.0,,,,,
Handy Road,S118,2013,12,10,0.0,,,,,
Handy Road,S118,2013,12,11,25.8,,,,,
Handy Road,S118,2013,12,12,2.8,,,,,
Handy Road,S118,2013,12,13,0.0,,,,,
Handy Road,S118,2013,12,14,1.6,,,,,
Handy Road,S118,2013,12,15,2.4,,,,,
Handy Road,S118,2013,12,16,0.0,,,,,
Handy Road,S118,2013,12,17,0.0,,,,,
Handy Road,S118,2013,12,18,45.2,,,,,
Handy Road,S118,2013,12,19,0.2,,,,,
Handy Road,S118,2013,12,20,9.6,,,,,
Handy Road,S118,2013,12,21,0.0,,,,,
Handy Road,S118,2013,12,22,0.0,,,,,
Handy Road,S118,2013,12,23,0.8,,,,,
Handy Road,S118,2013,12,24,0.2,,,,,
Handy Road,S118,2013,12,25,0.0,,,,,
Handy Road,S118,2013,12,26,12.2,,,,,
Handy Road,S118,2013,12,27,4.8,,,,,
Handy Road,S118,2013,12,28,1.8,,,,,
Handy Road,S118,2013,12,29,0.4,,,,,
Handy Road,S118,2013,12,30,0.4,,,,,
Handy Road,S118,2013,12,31,0.6,,,,,
Handy Road,S118,2014,1,1,0.0,,,,,
Handy Road,S118,2014,1,2,0.0,,,,,
Handy Road,S118,2014,1,3,0.4,,,,,
Handy Road,S118,2014,1,4,32.0,,,,,
Handy Road,S118,2014,1,5,7.6,,,,,
Handy Road,S118,2014,1,6,26.2,,,,,
Handy Road,S118,2014,1,7,0.0,,,,,
Handy Road,S118,2014,1,8,0.0,,,,,
Handy Road,S118,2014,1,9,2.2,,,,,
Handy Road,S118,2014,1,10,0.0,,,,,
Handy Road,S118,2014,1,11,6.4,,,,,
Handy Road,S118,2014,1,12,0.4,,,,,
Handy Road,S118,2014,1,13,0.0,,,,,
Handy Road,S118,2014,1,14,0.0,,,,,
Handy Road,S118,2014,1,15,0.0,,,,,
Handy Road,S118,2014,1,16,0.0,,,,,
Handy Road,S118,2014,1,17,0.0,,,,,
Handy Road,S118,2014,1,18,0.0,,,,,
Handy Road,S118,2014,1,19,0.0,,,,,
Handy Road,S118,2014,1,20,0.0,,,,,
Handy Road,S118,2014,1,21,0.0,,,,,
Handy Road,S118,2014,1,22,0.0,,,,,
Handy Road,S118,2014,1,23,0.0,,,,,
Handy Road,S118,2014,1,24,0.0,,,,,
Handy Road,S118,2014,1,25,0.0,,,,,
Handy Road,S118,2014,1,26,0.0,,,,,
Handy Road,S118,2014,1,27,0.0,,,,,
Handy Road,S118,2014,1,28,0.0,,,,,
Handy Road,S118,2014,1,29,0.0,,,,,
Handy Road,S118,2014,1,30,0.0,,,,,
Handy Road,S118,2014,1,31,0.0,,,,,
Handy Road,S118,2014,2,1,0.0,,,,,
Handy Road,S118,2014,2,2,0.0,,,,,
Handy Road,S118,2014,2,3,0.0,,,,,
Handy Road,S118,2014,2,4,0.0,,,,,
Handy Road,S118,2014,2,5,0.0,,,,,
Handy Road,S118,2014,2,6,0.0,,,,,
Handy Road,S118,2014,2,7,0.0,,,,,
Handy Road,S118,2014,2,8,0.6,,,,,
Handy Road,S118,2014,2,9,0.4,,,,,
Handy Road,S118,2014,2,10,0.0,,,,,
Handy Road,S118,2014,2,11,0.0,,,,,
Handy Road,S118,2014,2,12,0.0,,,,,
Handy Road,S118,2014,2,13,0.0,,,,,
Handy Road,S118,2014,2,14,0.0,,,,,
Handy Road,S118,2014,2,15,0.0,,,,,
Handy Road,S118,2014,2,16,0.0,,,,,
Handy Road,S118,2014,2,17,0.0,,,,,
Handy Road,S118,2014,2,18,0.0,,,,,
Handy Road,S118,2014,2,19,0.0,,,,,
Handy Road,S118,2014,2,20,0.0,,,,,
Handy Road,S118,2014,2,21,0.0,,,,,
Handy Road,S118,2014,2,22,0.0,,,,,
Handy Road,S118,2014,2,23,0.0,,,,,
Handy Road,S118,2014,2,24,0.0,,,,,
Handy Road,S118,2014,2,25,0.0,,,,,
Handy Road,S118,2014,2,26,0.0,,,,,
Handy Road,S118,2014,2,27,0.0,,,,,
Handy Road,S118,2014,2,28,0.0,,,,,
Handy Road,S118,2014,3,1,0.0,,,,,
Handy Road,S118,2014,3,2,0.0,,,,,
Handy Road,S118,2014,3,3,0.0,,,,,
Handy Road,S118,2014,3,4,0.0,,,,,
Handy Road,S118,2014,3,5,0.0,,,,,
Handy Road,S118,2014,3,6,0.0,,,,,
Handy Road,S118,2014,3,7,0.0,,,,,
Handy Road,S118,2014,3,8,0.0,,,,,
Handy Road,S118,2014,3,9,0.0,,,,,
Handy Road,S118,2014,3,10,0.0,,,,,
Handy Road,S118,2014,3,11,0.0,,,,,
Handy Road,S118,2014,3,12,0.0,,,,,
Handy Road,S118,2014,3,13,0.0,,,,,
Handy Road,S118,2014,3,14,0.0,,,,,
Handy Road,S118,2014,3,15,0.0,,,,,
Handy Road,S118,2014,3,16,23.4,,,,,
Handy Road,S118,2014,3,17,13.6,,,,,
Handy Road,S118,2014,3,18,36.0,,,,,
Handy Road,S118,2014,3,19,1.2,,,,,
Handy Road,S118,2014,3,20,51.2,,,,,
Handy Road,S118,2014,3,21,1.4,,,,,
Handy Road,S118,2014,3,22,0.0,,,,,
Handy Road,S118,2014,3,23,0.0,,,,,
Handy Road,S118,2014,3,24,0.0,,,,,
Handy Road,S118,2014,3,25,0.0,,,,,
Handy Road,S118,2014,3,26,0.0,,,,,
Handy Road,S118,2014,3,27,0.0,,,,,
Handy Road,S118,2014,3,28,0.0,,,,,
Handy Road,S118,2014,3,29,0.0,,,,,
Handy Road,S118,2014,3,30,0.0,,,,,
Handy Road,S118,2014,3,31,0.0,,,,,
Handy Road,S118,2014,4,1,0.0,,,,,
Handy Road,S118,2014,4,2,0.0,,,,,
Handy Road,S118,2014,4,3,0.0,,,,,
Handy Road,S118,2014,4,4,0.8,,,,,
Handy Road,S118,2014,4,5,63.4,,,,,
Handy Road,S118,2014,4,6,0.4,,,,,
Handy Road,S118,2014,4,7,0.0,,,,,
Handy Road,S118,2014,4,8,0.6,,,,,
Handy Road,S118,2014,4,9,0.0,,,,,
Handy Road,S118,2014,4,10,2.0,,,,,
Handy Road,S118,2014,4,11,1.6,,,,,
Handy Road,S118,2014,4,12,2.0,,,,,
Handy Road,S118,2014,4,13,8.0,,,,,
Handy Road,S118,2014,4,14,56.0,,,,,
Handy Road,S118,2014,4,15,0.2,,,,,
Handy Road,S118,2014,4,16,0.0,,,,,
Handy Road,S118,2014,4,17,38.2,,,,,
Handy Road,S118,2014,4,18,24.8,,,,,
Handy Road,S118,2014,4,19,0.0,,,,,
Handy Road,S118,2014,4,20,0.0,,,,,
Handy Road,S118,2014,4,21,6.4,,,,,
Handy Road,S118,2014,4,22,0.0,,,,,
Handy Road,S118,2014,4,23,22.2,,,,,
Handy Road,S118,2014,4,24,0.0,,,,,
Handy Road,S118,2014,4,25,0.0,,,,,
Handy Road,S118,2014,4,26,6.4,,,,,
Handy Road,S118,2014,4,27,15.8,,,,,
Handy Road,S118,2014,4,28,34.8,,,,,
Handy Road,S118,2014,4,29,17.8,,,,,
Handy Road,S118,2014,4,30,0.2,,,,,
Handy Road,S118,2014,5,1,0.0,,,,,
Handy Road,S118,2014,5,2,0.0,,,,,
Handy Road,S118,2014,5,3,0.0,,,,,
Handy Road,S118,2014,5,4,0.0,,,,,
Handy Road,S118,2014,5,5,0.0,,,,,
Handy Road,S118,2014,5,6,0.0,,,,,
Handy Road,S118,2014,5,7,26.8,,,,,
Handy Road,S118,2014,5,8,0.0,,,,,
Handy Road,S118,2014,5,9,0.6,,,,,
Handy Road,S118,2014,5,10,0.0,,,,,
Handy Road,S118,2014,5,11,0.0,,,,,
Handy Road,S118,2014,5,12,0.0,,,,,
Handy Road,S118,2014,5,13,0.0,,,,,
Handy Road,S118,2014,5,14,5.8,,,,,
Handy Road,S118,2014,5,15,0.2,,,,,
Handy Road,S118,2014,5,16,7.6,,,,,
Handy Road,S118,2014,5,17,11.4,,,,,
Handy Road,S118,2014,5,18,62.4,,,,,
Handy Road,S118,2014,5,19,14.8,,,,,
Handy Road,S118,2014,5,20,4.4,,,,,
Handy Road,S118,2014,5,21,0.0,,,,,
Handy Road,S118,2014,5,22,0.0,,,,,
Handy Road,S118,2014,5,23,4.0,,,,,
Handy Road,S118,2014,5,24,0.0,,,,,
Handy Road,S118,2014,5,25,0.0,,,,,
Handy Road,S118,2014,5,26,0.0,,,,,
Handy Road,S118,2014,5,27,0.8,,,,,
Handy Road,S118,2014,5,28,4.8,,,,,
Handy Road,S118,2014,5,29,4.2,,,,,
Handy Road,S118,2014,5,30,45.4,,,,,
Handy Road,S118,2014,5,31,5.2,,,,,
Handy Road,S118,2014,6,1,10.0,,,,,
Handy Road,S118,2014,6,2,0.0,,,,,
Handy Road,S118,2014,6,3,0.0,,,,,
Handy Road,S118,2014,6,4,9.2,,,,,
Handy Road,S118,2014,6,5,3.4,,,,,
Handy Road,S118,2014,6,6,12.8,,,,,
Handy Road,S118,2014,6,7,0.2,,,,,
Handy Road,S118,2014,6,8,0.0,,,,,
Handy Road,S118,2014,6,9,0.0,,,,,
Handy Road,S118,2014,6,10,0.8,,,,,
Handy Road,S118,2014,6,11,0.2,,,,,
Handy Road,S118,2014,6,12,7.6,,,,,
Handy Road,S118,2014,6,13,0.0,,,,,
Handy Road,S118,2014,6,14,9.4,,,,,
Handy Road,S118,2014,6,15,12.0,,,,,
Handy Road,S118,2014,6,16,0.0,,,,,
Handy Road,S118,2014,6,17,0.0,,,,,
Handy Road,S118,2014,6,18,10.6,,,,,
Handy Road,S118,2014,6,19,0.8,,,,,
Handy Road,S118,2014,6,20,0.0,,,,,
Handy Road,S118,2014,6,21,0.0,,,,,
Handy Road,S118,2014,6,22,6.8,,,,,
Handy Road,S118,2014,6,23,0.0,,,,,
Handy Road,S118,2014,6,24,0.6,,,,,
Handy Road,S118,2014,6,25,0.0,,,,,
Handy Road,S118,2014,6,26,0.0,,,,,
Handy Road,S118,2014,6,27,0.0,,,,,
Handy Road,S118,2014,6,28,0.0,,,,,
Handy Road,S118,2014,6,29,3.0,,,,,
Handy Road,S118,2014,6,30,24.8,,,,,
Handy Road,S118,2014,7,1,0.0,,,,,
Handy Road,S118,2014,7,2,0.0,,,,,
Handy Road,S118,2014,7,3,4.4,,,,,
Handy Road,S118,2014,7,4,0.4,,,,,
Handy Road,S118,2014,7,5,10.2,,,,,
Handy Road,S118,2014,7,6,1.0,,,,,
Handy Road,S118,2014,7,7,17.0,,,,,
Handy Road,S118,2014,7,8,10.4,,,,,
Handy Road,S118,2014,7,9,51.0,,,,,
Handy Road,S118,2014,7,10,0.2,,,,,
Handy Road,S118,2014,7,11,1.4,,,,,
Handy Road,S118,2014,7,12,0.2,,,,,
Handy Road,S118,2014,7,13,0.0,,,,,
Handy Road,S118,2014,7,14,0.0,,,,,
Handy Road,S118,2014,7,15,0.0,,,,,
Handy Road,S118,2014,7,16,0.0,,,,,
Handy Road,S118,2014,7,17,13.4,,,,,
Handy Road,S118,2014,7,18,0.0,,,,,
Handy Road,S118,2014,7,19,4.4,,,,,
Handy Road,S118,2014,7,20,0.0,,,,,
Handy Road,S118,2014,7,21,0.0,,,,,
Handy Road,S118,2014,7,22,0.0,,,,,
Handy Road,S118,2014,7,23,0.0,,,,,
Handy Road,S118,2014,7,24,0.0,,,,,
Handy Road,S118,2014,7,25,0.0,,,,,
Handy Road,S118,2014,7,26,0.0,,,,,
Handy Road,S118,2014,7,27,39.0,,,,,
Handy Road,S118,2014,7,28,0.0,,,,,
Handy Road,S118,2014,7,29,95.8,,,,,
Handy Road,S118,2014,7,30,20.2,,,,,
Handy Road,S118,2014,7,31,0.0,,,,,
Handy Road,S118,2014,8,1,0.0,,,,,
Handy Road,S118,2014,8,2,13.0,,,,,
Handy Road,S118,2014,8,3,0.0,,,,,
Handy Road,S118,2014,8,4,0.0,,,,,
Handy Road,S118,2014,8,5,2.8,,,,,
Handy Road,S118,2014,8,6,10.2,,,,,
Handy Road,S118,2014,8,7,7.8,,,,,
Handy Road,S118,2014,8,8,0.0,,,,,
Handy Road,S118,2014,8,9,0.0,,,,,
Handy Road,S118,2014,8,10,0.0,,,,,
Handy Road,S118,2014,8,11,0.0,,,,,
Handy Road,S118,2014,8,12,0.2,,,,,
Handy Road,S118,2014,8,13,1.2,,,,,
Handy Road,S118,2014,8,14,4.4,,,,,
Handy Road,S118,2014,8,15,30.0,,,,,
Handy Road,S118,2014,8,16,0.0,,,,,
Handy Road,S118,2014,8,17,0.0,,,,,
Handy Road,S118,2014,8,18,0.0,,,,,
Handy Road,S118,2014,8,19,32.6,,,,,
Handy Road,S118,2014,8,20,0.6,,,,,
Handy Road,S118,2014,8,21,22.4,,,,,
Handy Road,S118,2014,8,22,0.0,,,,,
Handy Road,S118,2014,8,23,0.0,,,,,
Handy Road,S118,2014,8,24,0.2,,,,,
Handy Road,S118,2014,8,25,8.2,,,,,
Handy Road,S118,2014,8,26,9.2,,,,,
Handy Road,S118,2014,8,27,21.8,,,,,
Handy Road,S118,2014,8,28,28.4,,,,,
Handy Road,S118,2014,8,29,9.0,,,,,
Handy Road,S118,2014,8,30,0.0,,,,,
Handy Road,S118,2014,8,31,2.8,,,,,
Handy Road,S118,2014,9,1,0.0,,,,,
Handy Road,S118,2014,9,2,0.0,,,,,
Handy Road,S118,2014,9,3,47.8,,,,,
Handy Road,S118,2014,9,4,0.0,,,,,
Handy Road,S118,2014,9,5,0.0,,,,,
Handy Road,S118,2014,9,6,0.0,,,,,
Handy Road,S118,2014,9,7,0.0,,,,,
Handy Road,S118,2014,9,8,0.0,,,,,
Handy Road,S118,2014,9,9,0.0,,,,,
Handy Road,S118,2014,9,10,0.0,,,,,
Handy Road,S118,2014,9,11,51.6,,,,,
Handy Road,S118,2014,9,12,0.0,,,,,
Handy Road,S118,2014,9,13,0.0,,,,,
Handy Road,S118,2014,9,14,0.0,,,,,
Handy Road,S118,2014,9,15,0.0,,,,,
Handy Road,S118,2014,9,16,0.0,,,,,
Handy Road,S118,2014,9,17,2.4,,,,,
Handy Road,S118,2014,9,18,0.0,,,,,
Handy Road,S118,2014,9,19,1.0,,,,,
Handy Road,S118,2014,9,20,15.4,,,,,
Handy Road,S118,2014,9,21,4.2,,,,,
Handy Road,S118,2014,9,22,0.0,,,,,
Handy Road,S118,2014,9,23,0.0,,,,,
Handy Road,S118,2014,9,24,6.8,,,,,
Handy Road,S118,2014,9,25,11.6,,,,,
Handy Road,S118,2014,9,26,0.0,,,,,
Handy Road,S118,2014,9,27,0.0,,,,,
Handy Road,S118,2014,9,28,0.0,,,,,
Handy Road,S118,2014,9,29,0.0,,,,,
Handy Road,S118,2014,9,30,0.0,,,,,
Handy Road,S118,2014,10,1,0.0,,,,,
Handy Road,S118,2014,10,2,0.0,,,,,
Handy Road,S118,2014,10,3,0.0,,,,,
Handy Road,S118,2014,10,4,25.0,,,,,
Handy Road,S118,2014,10,5,0.0,,,,,
Handy Road,S118,2014,10,6,0.0,,,,,
Handy Road,S118,2014,10,7,0.0,,,,,
Handy Road,S118,2014,10,8,0.0,,,,,
Handy Road,S118,2014,10,9,0.0,,,,,
Handy Road,S118,2014,10,10,0.0,,,,,
Handy Road,S118,2014,10,11,0.0,,,,,
Handy Road,S118,2014,10,12,0.2,,,,,
Handy Road,S118,2014,10,13,0.0,,,,,
Handy Road,S118,2014,10,14,1.2,,,,,
Handy Road,S118,2014,10,15,0.0,,,,,
Handy Road,S118,2014,10,16,12.2,,,,,
Handy Road,S118,2014,10,17,0.2,,,,,
Handy Road,S118,2014,10,18,10.4,,,,,
Handy Road,S118,2014,10,19,0.0,,,,,
Handy Road,S118,2014,10,20,0.0,,,,,
Handy Road,S118,2014,10,21,3.8,,,,,
Handy Road,S118,2014,10,22,5.0,,,,,
Handy Road,S118,2014,10,23,0.0,,,,,
Handy Road,S118,2014,10,24,0.0,,,,,
Handy Road,S118,2014,10,25,0.0,,,,,
Handy Road,S118,2014,10,26,0.0,,,,,
Handy Road,S118,2014,10,27,64.6,,,,,
Handy Road,S118,2014,10,28,1.4,,,,,
Handy Road,S118,2014,10,29,0.0,,,,,
Handy Road,S118,2014,10,30,0.0,,,,,
Handy Road,S118,2014,10,31,0.0,,,,,
Handy Road,S118,2014,11,1,5.0,,,,,
Handy Road,S118,2014,11,2,0.0,,,,,
Handy Road,S118,2014,11,3,0.0,,,,,
Handy Road,S118,2014,11,4,0.0,,,,,
Handy Road,S118,2014,11,5,20.8,,,,,
Handy Road,S118,2014,11,6,4.4,,,,,
Handy Road,S118,2014,11,7,26.6,,,,,
Handy Road,S118,2014,11,8,65.0,,,,,
Handy Road,S118,2014,11,9,10.8,,,,,
Handy Road,S118,2014,11,10,1.2,,,,,
Handy Road,S118,2014,11,11,43.4,,,,,
Handy Road,S118,2014,11,12,0.4,,,,,
Handy Road,S118,2014,11,13,0.4,,,,,
Handy Road,S118,2014,11,14,0.6,,,,,
Handy Road,S118,2014,11,15,1.4,,,,,
Handy Road,S118,2014,11,16,8.4,,,,,
Handy Road,S118,2014,11,17,4.8,,,,,
Handy Road,S118,2014,11,18,6.6,,,,,
Handy Road,S118,2014,11,19,0.0,,,,,
Handy Road,S118,2014,11,20,24.4,,,,,
Handy Road,S118,2014,11,21,3.6,,,,,
Handy Road,S118,2014,11,22,0.4,,,,,
Handy Road,S118,2014,11,23,23.4,,,,,
Handy Road,S118,2014,11,24,76.2,,,,,
Handy Road,S118,2014,11,25,8.2,,,,,
Handy Road,S118,2014,11,26,23.8,,,,,
Handy Road,S118,2014,11,27,0.0,,,,,
Handy Road,S118,2014,11,28,0.0,,,,,
Handy Road,S118,2014,11,29,1.2,,,,,
Handy Road,S118,2014,11,30,0.0,,,,,
Handy Road,S118,2014,12,1,6.8,,,,,
Handy Road,S118,2014,12,2,0.0,,,,,
Handy Road,S118,2014,12,3,0.0,,,,,
Handy Road,S118,2014,12,4,19.6,,,,,
Handy Road,S118,2014,12,5,0.0,,,,,
Handy Road,S118,2014,12,6,5.8,,,,,
Handy Road,S118,2014,12,7,38.6,,,,,
Handy Road,S118,2014,12,8,5.8,,,,,
Handy Road,S118,2014,12,9,0.2,,,,,
Handy Road,S118,2014,12,10,0.0,,,,,
Handy Road,S118,2014,12,11,23.4,,,,,
Handy Road,S118,2014,12,12,0.4,,,,,
Handy Road,S118,2014,12,13,29.6,,,,,
Handy Road,S118,2014,12,14,7.2,,,,,
Handy Road,S118,2014,12,15,0.0,,,,,
Handy Road,S118,2014,12,16,1.4,,,,,
Handy Road,S118,2014,12,17,34.6,,,,,
Handy Road,S118,2014,12,18,4.2,,,,,
Handy Road,S118,2014,12,19,40.4,,,,,
Handy Road,S118,2014,12,20,23.2,,,,,
Handy Road,S118,2014,12,21,19.6,,,,,
Handy Road,S118,2014,12,22,1.0,,,,,
Handy Road,S118,2014,12,23,1.0,,,,,
Handy Road,S118,2014,12,24,2.6,,,,,
Handy Road,S118,2014,12,25,0.2,,,,,
Handy Road,S118,2014,12,26,80.4,,,,,
Handy Road,S118,2014,12,27,43.2,,,,,
Handy Road,S118,2014,12,28,2.6,,,,,
Handy Road,S118,2014,12,29,4.6,,,,,
Handy Road,S118,2014,12,30,0.0,,,,,
Handy Road,S118,2014,12,31,0.0,,,,,
Handy Road,S118,2015,1,1,0.4,,,,,
Handy Road,S118,2015,1,2,0.0,,,,,
Handy Road,S118,2015,1,3,0.0,,,,,
Handy Road,S118,2015,1,4,0.0,,,,,
Handy Road,S118,2015,1,5,0.0,,,,,
Handy Road,S118,2015,1,6,63.8,,,,,
Handy Road,S118,2015,1,7,16.0,,,,,
Handy Road,S118,2015,1,8,39.2,,,,,
Handy Road,S118,2015,1,9,1.2,,,,,
Handy Road,S118,2015,1,10,2.0,,,,,
Handy Road,S118,2015,1,11,5.8,,,,,
Handy Road,S118,2015,1,12,2.4,,,,,
Handy Road,S118,2015,1,13,0.0,,,,,
Handy Road,S118,2015,1,14,0.0,,,,,
Handy Road,S118,2015,1,15,0.0,,,,,
Handy Road,S118,2015,1,16,0.0,,,,,
Handy Road,S118,2015,1,17,0.0,,,,,
Handy Road,S118,2015,1,18,0.0,,,,,
Handy Road,S118,2015,1,19,0.0,,,,,
Handy Road,S118,2015,1,20,0.0,,,,,
Handy Road,S118,2015,1,21,25.8,,,,,
Handy Road,S118,2015,1,22,0.0,,,,,
Handy Road,S118,2015,1,23,0.2,,,,,
Handy Road,S118,2015,1,24,0.0,,,,,
Handy Road,S118,2015,1,25,0.0,,,,,
Handy Road,S118,2015,1,26,0.0,,,,,
Handy Road,S118,2015,1,27,0.0,,,,,
Handy Road,S118,2015,1,28,0.4,,,,,
Handy Road,S118,2015,1,29,0.0,,,,,
Handy Road,S118,2015,1,30,0.0,,,,,
Handy Road,S118,2015,1,31,0.0,,,,,
Handy Road,S118,2015,2,1,0.0,,,,,
Handy Road,S118,2015,2,2,1.2,,,,,
Handy Road,S118,2015,2,3,0.0,,,,,
Handy Road,S118,2015,2,4,7.0,,,,,
Handy Road,S118,2015,2,5,0.0,,,,,
Handy Road,S118,2015,2,6,11.4,,,,,
Handy Road,S118,2015,2,7,0.0,,,,,
Handy Road,S118,2015,2,8,0.0,,,,,
Handy Road,S118,2015,2,9,0.0,,,,,
Handy Road,S118,2015,2,10,0.0,,,,,
Handy Road,S118,2015,2,11,0.0,,,,,
Handy Road,S118,2015,2,12,0.0,,,,,
Handy Road,S118,2015,2,13,0.0,,,,,
Handy Road,S118,2015,2,14,0.0,,,,,
Handy Road,S118,2015,2,15,0.0,,,,,
Handy Road,S118,2015,2,16,0.0,,,,,
Handy Road,S118,2015,2,17,0.0,,,,,
Handy Road,S118,2015,2,18,0.0,,,,,
Handy Road,S118,2015,2,19,25.4,,,,,
Handy Road,S118,2015,2,20,0.0,,,,,
Handy Road,S118,2015,2,21,0.0,,,,,
Handy Road,S118,2015,2,22,0.0,,,,,
Handy Road,S118,2015,2,23,24.0,,,,,
Handy Road,S118,2015,2,24,0.0,,,,,
Handy Road,S118,2015,2,25,0.0,,,,,
Handy Road,S118,2015,2,26,0.0,,,,,
Handy Road,S118,2015,2,27,0.0,,,,,
Handy Road,S118,2015,2,28,0.0,,,,,
Handy Road,S118,2015,3,1,0.0,,,,,
Handy Road,S118,2015,3,2,0.4,,,,,
Handy Road,S118,2015,3,3,0.0,,,,,
Handy Road,S118,2015,3,4,0.0,,,,,
Handy Road,S118,2015,3,5,0.0,,,,,
Handy Road,S118,2015,3,6,0.0,,,,,
Handy Road,S118,2015,3,7,0.0,,,,,
Handy Road,S118,2015,3,8,0.4,,,,,
Handy Road,S118,2015,3,9,0.0,,,,,
Handy Road,S118,2015,3,10,0.0,,,,,
Handy Road,S118,2015,3,11,10.0,,,,,
Handy Road,S118,2015,3,12,0.0,,,,,
Handy Road,S118,2015,3,13,0.0,,,,,
Handy Road,S118,2015,3,14,27.8,,,,,
Handy Road,S118,2015,3,15,0.0,,,,,
Handy Road,S118,2015,3,16,0.0,,,,,
Handy Road,S118,2015,3,17,1.4,,,,,
Handy Road,S118,2015,3,18,0.0,,,,,
Handy Road,S118,2015,3,19,22.0,,,,,
Handy Road,S118,2015,3,20,0.0,,,,,
Handy Road,S118,2015,3,21,8.4,,,,,
Handy Road,S118,2015,3,22,61.0,,,,,
Handy Road,S118,2015,3,23,0.2,,,,,
Handy Road,S118,2015,3,24,0.0,,,,,
Handy Road,S118,2015,3,25,0.0,,,,,
Handy Road,S118,2015,3,26,0.0,,,,,
Handy Road,S118,2015,3,27,0.0,,,,,
Handy Road,S118,2015,3,28,0.0,,,,,
Handy Road,S118,2015,3,29,42.0,,,,,
Handy Road,S118,2015,3,30,0.4,,,,,
Handy Road,S118,2015,3,31,0.0,,,,,
Handy Road,S118,2015,4,1,0.2,,,,,
Handy Road,S118,2015,4,2,50.4,,,,,
Handy Road,S118,2015,4,3,0.0,,,,,
Handy Road,S118,2015,4,4,0.0,,,,,
Handy Road,S118,2015,4,5,0.4,,,,,
Handy Road,S118,2015,4,6,5.4,,,,,
Handy Road,S118,2015,4,7,3.6,,,,,
Handy Road,S118,2015,4,8,0.0,,,,,
Handy Road,S118,2015,4,9,0.0,,,,,
Handy Road,S118,2015,4,10,1.2,,,,,
Handy Road,S118,2015,4,11,0.0,,,,,
Handy Road,S118,2015,4,12,0.8,,,,,
Handy Road,S118,2015,4,13,0.0,,,,,
Handy Road,S118,2015,4,14,0.0,,,,,
Handy Road,S118,2015,4,15,0.0,,,,,
Handy Road,S118,2015,4,16,0.0,,,,,
Handy Road,S118,2015,4,17,0.0,,,,,
Handy Road,S118,2015,4,18,0.0,,,,,
Handy Road,S118,2015,4,19,1.8,,,,,
Handy Road,S118,2015,4,20,0.0,,,,,
Handy Road,S118,2015,4,21,0.8,,,,,
Handy Road,S118,2015,4,22,11.6,,,,,
Handy Road,S118,2015,4,23,0.6,,,,,
Handy Road,S118,2015,4,24,13.6,,,,,
Handy Road,S118,2015,4,25,38.0,,,,,
Handy Road,S118,2015,4,26,7.2,,,,,
Handy Road,S118,2015,4,27,30.8,,,,,
Handy Road,S118,2015,4,28,27.6,,,,,
Handy Road,S118,2015,4,29,1.0,,,,,
Handy Road,S118,2015,4,30,5.8,,,,,
Handy Road,S118,2015,5,1,0.0,,,,,
Handy Road,S118,2015,5,2,6.8,,,,,
Handy Road,S118,2015,5,3,44.6,,,,,
Handy Road,S118,2015,5,4,0.0,,,,,
Handy Road,S118,2015,5,5,0.0,,,,,
Handy Road,S118,2015,5,6,24.8,,,,,
Handy Road,S118,2015,5,7,0.0,,,,,
Handy Road,S118,2015,5,8,5.2,,,,,
Handy Road,S118,2015,5,9,0.0,,,,,
Handy Road,S118,2015,5,10,1.8,,,,,
Handy Road,S118,2015,5,11,0.0,,,,,
Handy Road,S118,2015,5,12,0.0,,,,,
Handy Road,S118,2015,5,13,0.0,,,,,
Handy Road,S118,2015,5,14,1.4,,,,,
Handy Road,S118,2015,5,15,28.0,,,,,
Handy Road,S118,2015,5,16,0.0,,,,,
Handy Road,S118,2015,5,17,0.2,,,,,
Handy Road,S118,2015,5,18,3.4,,,,,
Handy Road,S118,2015,5,19,0.0,,,,,
Handy Road,S118,2015,5,20,6.2,,,,,
Handy Road,S118,2015,5,21,0.0,,,,,
Handy Road,S118,2015,5,22,0.0,,,,,
Handy Road,S118,2015,5,23,20.2,,,,,
Handy Road,S118,2015,5,24,0.0,,,,,
Handy Road,S118,2015,5,25,0.0,,,,,
Handy Road,S118,2015,5,26,16.8,,,,,
Handy Road,S118,2015,5,27,0.0,,,,,
Handy Road,S118,2015,5,28,0.0,,,,,
Handy Road,S118,2015,5,29,0.0,,,,,
Handy Road,S118,2015,5,30,0.0,,,,,
Handy Road,S118,2015,5,31,0.0,,,,,
Handy Road,S118,2015,6,1,0.0,,,,,
Handy Road,S118,2015,6,2,0.0,,,,,
Handy Road,S118,2015,6,3,0.0,,,,,
Handy Road,S118,2015,6,4,0.8,,,,,
Handy Road,S118,2015,6,5,0.0,,,,,
Handy Road,S118,2015,6,6,0.0,,,,,
Handy Road,S118,2015,6,7,8.2,,,,,
Handy Road,S118,2015,6,8,0.6,,,,,
Handy Road,S118,2015,6,9,0.0,,,,,
Handy Road,S118,2015,6,10,0.0,,,,,
Handy Road,S118,2015,6,11,2.0,,,,,
Handy Road,S118,2015,6,12,4.6,,,,,
Handy Road,S118,2015,6,13,0.0,,,,,
Handy Road,S118,2015,6,14,8.2,,,,,
Handy Road,S118,2015,6,15,0.0,,,,,
Handy Road,S118,2015,6,16,0.4,,,,,
Handy Road,S118,2015,6,17,0.2,,,,,
Handy Road,S118,2015,6,18,0.0,,,,,
Handy Road,S118,2015,6,19,0.0,,,,,
Handy Road,S118,2015,6,20,0.0,,,,,
Handy Road,S118,2015,6,21,0.0,,,,,
Handy Road,S118,2015,6,22,0.0,,,,,
Handy Road,S118,2015,6,23,0.0,,,,,
Handy Road,S118,2015,6,24,0.0,,,,,
Handy Road,S118,2015,6,25,0.0,,,,,
Handy Road,S118,2015,6,26,0.0,,,,,
Handy Road,S118,2015,6,27,0.0,,,,,
Handy Road,S118,2015,6,28,0.0,,,,,
Handy Road,S118,2015,6,29,0.0,,,,,
Handy Road,S118,2015,6,30,0.0,,,,,
Handy Road,S118,2015,7,1,0.8,,,,,
Handy Road,S118,2015,7,2,0.0,,,,,
Handy Road,S118,2015,7,3,0.0,,,,,
Handy Road,S118,2015,7,4,28.2,,,,,
Handy Road,S118,2015,7,5,0.0,,,,,
Handy Road,S118,2015,7,6,1.0,,,,,
Handy Road,S118,2015,7,7,0.0,,,,,
Handy Road,S118,2015,7,8,16.8,,,,,
Handy Road,S118,2015,7,9,1.0,,,,,
Handy Road,S118,2015,7,10,24.2,,,,,
Handy Road,S118,2015,7,11,0.0,,,,,
Handy Road,S118,2015,7,12,0.0,,,,,
Handy Road,S118,2015,7,13,0.2,,,,,
Handy Road,S118,2015,7,14,0.0,,,,,
Handy Road,S118,2015,7,15,0.0,,,,,
Handy Road,S118,2015,7,16,0.0,,,,,
Handy Road,S118,2015,7,17,13.0,,,,,
Handy Road,S118,2015,7,18,0.0,,,,,
Handy Road,S118,2015,7,19,0.0,,,,,
Handy Road,S118,2015,7,20,0.0,,,,,
Handy Road,S118,2015,7,21,0.0,,,,,
Handy Road,S118,2015,7,22,0.0,,,,,
Handy Road,S118,2015,7,23,0.0,,,,,
Handy Road,S118,2015,7,24,0.0,,,,,
Handy Road,S118,2015,7,25,0.0,,,,,
Handy Road,S118,2015,7,26,0.4,,,,,
Handy Road,S118,2015,7,27,0.0,,,,,
Handy Road,S118,2015,7,28,1.0,,,,,
Handy Road,S118,2015,7,29,0.0,,,,,
Handy Road,S118,2015,7,30,0.0,,,,,
Handy Road,S118,2015,7,31,1.6,,,,,
Handy Road,S118,2015,8,1,0.2,,,,,
Handy Road,S118,2015,8,2,0.6,,,,,
Handy Road,S118,2015,8,3,36.2,,,,,
Handy Road,S118,2015,8,4,22.8,,,,,
Handy Road,S118,2015,8,5,0.0,,,,,
Handy Road,S118,2015,8,6,10.4,,,,,
Handy Road,S118,2015,8,7,55.0,,,,,
Handy Road,S118,2015,8,8,40.0,,,,,
Handy Road,S118,2015,8,9,15.4,,,,,
Handy Road,S118,2015,8,10,0.4,,,,,
Handy Road,S118,2015,8,11,2.8,,,,,
Handy Road,S118,2015,8,12,4.2,,,,,
Handy Road,S118,2015,8,13,0.4,,,,,
Handy Road,S118,2015,8,14,0.0,,,,,
Handy Road,S118,2015,8,15,0.0,,,,,
Handy Road,S118,2015,8,16,0.0,,,,,
Handy Road,S118,2015,8,17,6.0,,,,,
Handy Road,S118,2015,8,18,0.0,,,,,
Handy Road,S118,2015,8,19,0.0,,,,,
Handy Road,S118,2015,8,20,0.0,,,,,
Handy Road,S118,2015,8,21,0.2,,,,,
Handy Road,S118,2015,8,22,0.0,,,,,
Handy Road,S118,2015,8,23,0.0,,,,,
Handy Road,S118,2015,8,24,0.0,,,,,
Handy Road,S118,2015,8,25,19.4,,,,,
Handy Road,S118,2015,8,26,1.6,,,,,
Handy Road,S118,2015,8,27,0.0,,,,,
Handy Road,S118,2015,8,28,0.0,,,,,
Handy Road,S118,2015,8,29,0.0,,,,,
Handy Road,S118,2015,8,30,0.0,,,,,
Handy Road,S118,2015,8,31,0.0,,,,,
Handy Road,S118,2015,9,1,0.0,,,,,
Handy Road,S118,2015,9,2,0.0,,,,,
Handy Road,S118,2015,9,3,1.0,,,,,
Handy Road,S118,2015,9,4,0.0,,,,,
Handy Road,S118,2015,9,5,0.0,,,,,
Handy Road,S118,2015,9,6,0.0,,,,,
Handy Road,S118,2015,9,7,0.0,,,,,
Handy Road,S118,2015,9,8,0.0,,,,,
Handy Road,S118,2015,9,9,0.0,,,,,
Handy Road,S118,2015,9,10,0.0,,,,,
Handy Road,S118,2015,9,11,0.0,,,,,
Handy Road,S118,2015,9,12,0.0,,,,,
Handy Road,S118,2015,9,13,0.0,,,,,
Handy Road,S118,2015,9,14,1.0,,,,,
Handy Road,S118,2015,9,15,43.2,,,,,
Handy Road,S118,2015,9,16,13.6,,,,,
Handy Road,S118,2015,9,17,0.0,,,,,
Handy Road,S118,2015,9,18,0.0,,,,,
Handy Road,S118,2015,9,19,0.0,,,,,
Handy Road,S118,2015,9,20,0.0,,,,,
Handy Road,S118,2015,9,21,0.2,,,,,
Handy Road,S118,2015,9,22,6.0,,,,,
Handy Road,S118,2015,9,23,0.0,,,,,
Handy Road,S118,2015,9,24,0.0,,,,,
Handy Road,S118,2015,9,25,0.0,,,,,
Handy Road,S118,2015,9,26,0.0,,,,,
Handy Road,S118,2015,9,27,0.0,,,,,
Handy Road,S118,2015,9,28,58.8,,,,,
Handy Road,S118,2015,9,29,0.0,,,,,
Handy Road,S118,2015,9,30,5.6,,,,,
Handy Road,S118,2015,10,1,0.0,,,,,
Handy Road,S118,2015,10,2,12.0,,,,,
Handy Road,S118,2015,10,3,0.0,,,,,
Handy Road,S118,2015,10,4,0.0,,,,,
Handy Road,S118,2015,10,5,0.0,,,,,
Handy Road,S118,2015,10,6,35.8,,,,,
Handy Road,S118,2015,10,7,19.6,,,,,
Handy Road,S118,2015,10,8,0.0,,,,,
Handy Road,S118,2015,10,9,0.0,,,,,
Handy Road,S118,2015,10,10,0.0,,,,,
Handy Road,S118,2015,10,11,0.0,,,,,
Handy Road,S118,2015,10,12,0.0,,,,,
Handy Road,S118,2015,10,13,0.0,,,,,
Handy Road,S118,2015,10,14,0.0,,,,,
Handy Road,S118,2015,10,15,0.0,,,,,
Handy Road,S118,2015,10,16,0.0,,,,,
Handy Road,S118,2015,10,17,0.0,,,,,
Handy Road,S118,2015,10,18,0.0,,,,,
Handy Road,S118,2015,10,19,0.0,,,,,
Handy Road,S118,2015,10,20,0.0,,,,,
Handy Road,S118,2015,10,21,0.0,,,,,
Handy Road,S118,2015,10,22,0.0,,,,,
Handy Road,S118,2015,10,23,0.0,,,,,
Handy Road,S118,2015,10,24,5.8,,,,,
Handy Road,S118,2015,10,25,0.0,,,,,
Handy Road,S118,2015,10,26,0.0,,,,,
Handy Road,S118,2015,10,27,0.0,,,,,
Handy Road,S118,2015,10,28,19.8,,,,,
Handy Road,S118,2015,10,29,0.0,,,,,
Handy Road,S118,2015,10,30,6.2,,,,,
Handy Road,S118,2015,10,31,0.6,,,,,
Handy Road,S118,2015,11,1,0.2,,,,,
Handy Road,S118,2015,11,2,0.8,,,,,
Handy Road,S118,2015,11,3,0.0,,,,,
Handy Road,S118,2015,11,4,0.0,,,,,
Handy Road,S118,2015,11,5,0.0,,,,,
Handy Road,S118,2015,11,6,0.0,,,,,
Handy Road,S118,2015,11,7,11.2,,,,,
Handy Road,S118,2015,11,8,0.4,,,,,
Handy Road,S118,2015,11,9,7.2,,,,,
Handy Road,S118,2015,11,10,4.0,,,,,
Handy Road,S118,2015,11,11,1.8,,,,,
Handy Road,S118,2015,11,12,0.0,,,,,
Handy Road,S118,2015,11,13,1.2,,,,,
Handy Road,S118,2015,11,14,0.0,,,,,
Handy Road,S118,2015,11,15,0.0,,,,,
Handy Road,S118,2015,11,16,35.8,,,,,
Handy Road,S118,2015,11,17,37.6,,,,,
Handy Road,S118,2015,11,18,0.0,,,,,
Handy Road,S118,2015,11,19,0.8,,,,,
Handy Road,S118,2015,11,20,9.6,,,,,
Handy Road,S118,2015,11,21,0.0,,,,,
Handy Road,S118,2015,11,22,0.6,,,,,
Handy Road,S118,2015,11,23,0.0,,,,,
Handy Road,S118,2015,11,24,40.4,,,,,
Handy Road,S118,2015,11,25,14.6,,,,,
Handy Road,S118,2015,11,26,25.8,,,,,
Handy Road,S118,2015,11,27,0.0,,,,,
Handy Road,S118,2015,11,28,0.0,,,,,
Handy Road,S118,2015,11,29,0.8,,,,,
Handy Road,S118,2015,11,30,29.2,,,,,
Handy Road,S118,2015,12,1,28.0,,,,,
Handy Road,S118,2015,12,2,7.0,,,,,
Handy Road,S118,2015,12,3,3.6,,,,,
Handy Road,S118,2015,12,4,0.0,,,,,
Handy Road,S118,2015,12,5,75.0,,,,,
Handy Road,S118,2015,12,6,14.2,,,,,
Handy Road,S118,2015,12,7,0.0,,,,,
Handy Road,S118,2015,12,8,38.6,,,,,
Handy Road,S118,2015,12,9,0.8,,,,,
Handy Road,S118,2015,12,10,51.6,,,,,
Handy Road,S118,2015,12,11,57.8,,,,,
Handy Road,S118,2015,12,12,34.6,,,,,
Handy Road,S118,2015,12,13,15.8,,,,,
Handy Road,S118,2015,12,14,0.8,,,,,
Handy Road,S118,2015,12,15,0.0,,,,,
Handy Road,S118,2015,12,16,0.8,,,,,
Handy Road,S118,2015,12,17,0.0,,,,,
Handy Road,S118,2015,12,18,2.6,,,,,
Handy Road,S118,2015,12,19,0.0,,,,,
Handy Road,S118,2015,12,20,0.0,,,,,
Handy Road,S118,2015,12,21,0.0,,,,,
Handy Road,S118,2015,12,22,1.2,,,,,
Handy Road,S118,2015,12,23,4.6,,,,,
Handy Road,S118,2015,12,24,17.0,,,,,
Handy Road,S118,2015,12,25,4.6,,,,,
Handy Road,S118,2015,12,26,0.0,,,,,
Handy Road,S118,2015,12,27,0.0,,,,,
Handy Road,S118,2015,12,28,2.0,,,,,
Handy Road,S118,2015,12,29,8.8,,,,,
Handy Road,S118,2015,12,30,0.0,,,,,
Handy Road,S118,2015,12,31,10.0,,,,,
Handy Road,S118,2016,1,1,2.4,,,,,
Handy Road,S118,2016,1,2,23.4,,,,,
Handy Road,S118,2016,1,3,2.6,,,,,
Handy Road,S118,2016,1,4,4.8,,,,,
Handy Road,S118,2016,1,5,0.0,,,,,
Handy Road,S118,2016,1,6,0.0,,,,,
Handy Road,S118,2016,1,7,0.0,,,,,
Handy Road,S118,2016,1,8,0.0,,,,,
Handy Road,S118,2016,1,9,12.6,,,,,
Handy Road,S118,2016,1,10,0.0,,,,,
Handy Road,S118,2016,1,11,12.8,,,,,
Handy Road,S118,2016,1,12,0.0,,,,,
Handy Road,S118,2016,1,13,0.0,,,,,
Handy Road,S118,2016,1,14,13.0,,,,,
Handy Road,S118,2016,1,15,36.8,,,,,
Handy Road,S118,2016,1,16,7.4,,,,,
Handy Road,S118,2016,1,17,11.4,,,,,
Handy Road,S118,2016,1,18,18.2,,,,,
Handy Road,S118,2016,1,19,2.2,,,,,
Handy Road,S118,2016,1,20,17.0,,,,,
Handy Road,S118,2016,1,21,0.4,,,,,
Handy Road,S118,2016,1,22,37.2,,,,,
Handy Road,S118,2016,1,23,7.4,,,,,
Handy Road,S118,2016,1,24,1.4,,,,,
Handy Road,S118,2016,1,25,3.4,,,,,
Handy Road,S118,2016,1,26,10.0,,,,,
Handy Road,S118,2016,1,27,0.0,,,,,
Handy Road,S118,2016,1,28,0.2,,,,,
Handy Road,S118,2016,1,29,3.4,,,,,
Handy Road,S118,2016,1,30,0.0,,,,,
Handy Road,S118,2016,1,31,2.0,,,,,
Handy Road,S118,2016,2,1,0.0,,,,,
Handy Road,S118,2016,2,2,3.2,,,,,
Handy Road,S118,2016,2,3,0.0,,,,,
Handy Road,S118,2016,2,4,8.4,,,,,
Handy Road,S118,2016,2,5,40.2,,,,,
Handy Road,S118,2016,2,6,9.4,,,,,
Handy Road,S118,2016,2,7,26.0,,,,,
Handy Road,S118,2016,2,8,0.2,,,,,
Handy Road,S118,2016,2,9,0.2,,,,,
Handy Road,S118,2016,2,10,0.0,,,,,
Handy Road,S118,2016,2,11,0.0,,,,,
Handy Road,S118,2016,2,12,15.6,,,,,
Handy Road,S118,2016,2,13,0.0,,,,,
Handy Road,S118,2016,2,14,0.2,,,,,
Handy Road,S118,2016,2,15,0.0,,,,,
Handy Road,S118,2016,2,16,0.0,,,,,
Handy Road,S118,2016,2,17,0.0,,,,,
Handy Road,S118,2016,2,18,0.0,,,,,
Handy Road,S118,2016,2,19,87.2,,,,,
Handy Road,S118,2016,2,20,7.0,,,,,
Handy Road,S118,2016,2,21,0.0,,,,,
Handy Road,S118,2016,2,22,0.0,,,,,
Handy Road,S118,2016,2,23,0.0,,,,,
Handy Road,S118,2016,2,24,9.6,,,,,
Handy Road,S118,2016,2,25,0.0,,,,,
Handy Road,S118,2016,2,26,0.0,,,,,
Handy Road,S118,2016,2,27,0.0,,,,,
Handy Road,S118,2016,2,28,0.0,,,,,
Handy Road,S118,2016,2,29,0.0,,,,,
Handy Road,S118,2016,3,1,0.0,,,,,
Handy Road,S118,2016,3,2,0.0,,,,,
Handy Road,S118,2016,3,3,0.0,,,,,
Handy Road,S118,2016,3,4,0.2,,,,,
Handy Road,S118,2016,3,5,0.0,,,,,
Handy Road,S118,2016,3,6,0.0,,,,,
Handy Road,S118,2016,3,7,0.0,,,,,
Handy Road,S118,2016,3,8,42.0,,,,,
Handy Road,S118,2016,3,9,0.0,,,,,
Handy Road,S118,2016,3,10,30.8,,,,,
Handy Road,S118,2016,3,11,0.0,,,,,
Handy Road,S118,2016,3,12,0.0,,,,,
Handy Road,S118,2016,3,13,28.8,,,,,
Handy Road,S118,2016,3,14,0.0,,,,,
Handy Road,S118,2016,3,15,0.0,,,,,
Handy Road,S118,2016,3,16,0.0,,,,,
Handy Road,S118,2016,3,17,0.0,,,,,
Handy Road,S118,2016,3,18,0.0,,,,,
Handy Road,S118,2016,3,19,0.0,,,,,
Handy Road,S118,2016,3,20,1.4,,,,,
Handy Road,S118,2016,3,21,4.8,,,,,
Handy Road,S118,2016,3,22,1.8,,,,,
Handy Road,S118,2016,3,23,0.0,,,,,
Handy Road,S118,2016,3,24,0.0,,,,,
Handy Road,S118,2016,3,25,0.0,,,,,
Handy Road,S118,2016,3,26,0.0,,,,,
Handy Road,S118,2016,3,27,0.0,,,,,
Handy Road,S118,2016,3,28,0.0,,,,,
Handy Road,S118,2016,3,29,0.0,,,,,
Handy Road,S118,2016,3,30,0.0,,,,,
Handy Road,S118,2016,3,31,0.0,,,,,
Handy Road,S118,2016,4,1,0.0,,,,,
Handy Road,S118,2016,4,2,0.0,,,,,
Handy Road,S118,2016,4,3,1.4,,,,,
Handy Road,S118,2016,4,4,0.0,,,,,
Handy Road,S118,2016,4,5,22.4,,,,,
Handy Road,S118,2016,4,6,0.0,,,,,
Handy Road,S118,2016,4,7,0.0,,,,,
Handy Road,S118,2016,4,8,0.0,,,,,
Handy Road,S118,2016,4,9,17.2,,,,,
Handy Road,S118,2016,4,10,0.0,,,,,
Handy Road,S118,2016,4,11,2.6,,,,,
Handy Road,S118,2016,4,12,5.2,,,,,
Handy Road,S118,2016,4,13,15.0,,,,,
Handy Road,S118,2016,4,14,0.2,,,,,
Handy Road,S118,2016,4,15,2.6,,,,,
Handy Road,S118,2016,4,16,0.0,,,,,
Handy Road,S118,2016,4,17,1.6,,,,,
Handy Road,S118,2016,4,18,0.0,,,,,
Handy Road,S118,2016,4,19,0.0,,,,,
Handy Road,S118,2016,4,20,26.8,,,,,
Handy Road,S118,2016,4,21,0.0,,,,,
Handy Road,S118,2016,4,22,23.6,,,,,
Handy Road,S118,2016,4,23,2.4,,,,,
Handy Road,S118,2016,4,24,0.0,,,,,
Handy Road,S118,2016,4,25,0.8,,,,,
Handy Road,S118,2016,4,26,0.8,,,,,
Handy Road,S118,2016,4,27,3.2,,,,,
Handy Road,S118,2016,4,28,0.0,,,,,
Handy Road,S118,2016,4,29,16.8,,,,,
Handy Road,S118,2016,4,30,0.0,,,,,
Handy Road,S118,2016,5,1,0.0,,,,,
Handy Road,S118,2016,5,2,0.0,,,,,
Handy Road,S118,2016,5,3,0.0,,,,,
Handy Road,S118,2016,5,4,0.0,,,,,
Handy Road,S118,2016,5,5,1.4,,,,,
Handy Road,S118,2016,5,6,0.0,,,,,
Handy Road,S118,2016,5,7,0.0,,,,,
Handy Road,S118,2016,5,8,0.2,,,,,
Handy Road,S118,2016,5,9,0.0,,,,,
Handy Road,S118,2016,5,10,0.0,,,,,
Handy Road,S118,2016,5,11,38.2,,,,,
Handy Road,S118,2016,5,12,0.0,,,,,
Handy Road,S118,2016,5,13,22.2,,,,,
Handy Road,S118,2016,5,14,34.8,,,,,
Handy Road,S118,2016,5,15,1.4,,,,,
Handy Road,S118,2016,5,16,4.2,,,,,
Handy Road,S118,2016,5,17,1.4,,,,,
Handy Road,S118,2016,5,18,7.4,,,,,
Handy Road,S118,2016,5,19,0.0,,,,,
Handy Road,S118,2016,5,20,0.0,,,,,
Handy Road,S118,2016,5,21,6.6,,,,,
Handy Road,S118,2016,5,22,38.8,,,,,
Handy Road,S118,2016,5,23,0.0,,,,,
Handy Road,S118,2016,5,24,0.0,,,,,
Handy Road,S118,2016,5,25,13.2,,,,,
Handy Road,S118,2016,5,26,0.0,,,,,
Handy Road,S118,2016,5,27,0.0,,,,,
Handy Road,S118,2016,5,28,0.4,,,,,
Handy Road,S118,2016,5,29,0.0,,,,,
Handy Road,S118,2016,5,30,2.6,,,,,
Handy Road,S118,2016,5,31,0.0,,,,,
Handy Road,S118,2016,6,1,37.2,,,,,
Handy Road,S118,2016,6,2,5.0,,,,,
Handy Road,S118,2016,6,3,0.0,,,,,
Handy Road,S118,2016,6,4,2.6,,,,,
Handy Road,S118,2016,6,5,0.0,,,,,
Handy Road,S118,2016,6,6,1.4,,,,,
Handy Road,S118,2016,6,7,5.0,,,,,
Handy Road,S118,2016,6,8,4.6,,,,,
Handy Road,S118,2016,6,9,8.2,,,,,
Handy Road,S118,2016,6,10,5.4,,,,,
Handy Road,S118,2016,6,11,3.0,,,,,
Handy Road,S118,2016,6,12,5.2,,,,,
Handy Road,S118,2016,6,13,0.0,,,,,
Handy Road,S118,2016,6,14,0.0,,,,,
Handy Road,S118,2016,6,15,1.6,,,,,
Handy Road,S118,2016,6,16,2.4,,,,,
Handy Road,S118,2016,6,17,35.0,,,,,
Handy Road,S118,2016,6,18,0.6,,,,,
Handy Road,S118,2016,6,19,0.0,,,,,
Handy Road,S118,2016,6,20,0.0,,,,,
Handy Road,S118,2016,6,21,0.0,,,,,
Handy Road,S118,2016,6,22,3.8,,,,,
Handy Road,S118,2016,6,23,0.0,,,,,
Handy Road,S118,2016,6,24,38.4,,,,,
Handy Road,S118,2016,6,25,0.0,,,,,
Handy Road,S118,2016,6,26,0.2,,,,,
Handy Road,S118,2016,6,27,0.0,,,,,
Handy Road,S118,2016,6,28,0.0,,,,,
Handy Road,S118,2016,6,29,0.0,,,,,
Handy Road,S118,2016,6,30,0.0,,,,,
Handy Road,S118,2016,7,1,0.0,,,,,
Handy Road,S118,2016,7,2,0.0,,,,,
Handy Road,S118,2016,7,3,0.0,,,,,
Handy Road,S118,2016,7,4,0.0,,,,,
Handy Road,S118,2016,7,5,0.0,,,,,
Handy Road,S118,2016,7,6,5.8,,,,,
Handy Road,S118,2016,7,7,6.2,,,,,
Handy Road,S118,2016,7,8,19.6,,,,,
Handy Road,S118,2016,7,9,0.0,,,,,
Handy Road,S118,2016,7,10,0.0,,,,,
Handy Road,S118,2016,7,11,22.2,,,,,
Handy Road,S118,2016,7,12,0.0,,,,,
Handy Road,S118,2016,7,13,2.8,,,,,
Handy Road,S118,2016,7,14,1.4,,,,,
Handy Road,S118,2016,7,15,1.2,,,,,
Handy Road,S118,2016,7,16,0.0,,,,,
Handy Road,S118,2016,7,17,17.0,,,,,
Handy Road,S118,2016,7,18,13.0,,,,,
Handy Road,S118,2016,7,19,4.4,,,,,
Handy Road,S118,2016,7,20,59.2,,,,,
Handy Road,S118,2016,7,21,21.0,,,,,
Handy Road,S118,2016,7,22,8.8,,,,,
Handy Road,S118,2016,7,23,3.0,,,,,
Handy Road,S118,2016,7,24,10.6,,,,,
Handy Road,S118,2016,7,25,0.0,,,,,
Handy Road,S118,2016,7,26,0.8,,,,,
Handy Road,S118,2016,7,27,0.0,,,,,
Handy Road,S118,2016,7,28,0.0,,,,,
Handy Road,S118,2016,7,29,0.0,,,,,
Handy Road,S118,2016,7,30,0.0,,,,,
Handy Road,S118,2016,7,31,0.0,,,,,
Handy Road,S118,2016,8,1,0.0,,,,,
Handy Road,S118,2016,8,2,0.0,,,,,
Handy Road,S118,2016,8,3,,,,,,
Handy Road,S118,2016,8,4,0.0,,,,,
Handy Road,S118,2016,8,5,0.0,,,,,
Handy Road,S118,2016,8,6,,,,,,
Handy Road,S118,2016,8,7,0.0,,,,,
Handy Road,S118,2016,8,8,0.0,,,,,
Handy Road,S118,2016,8,9,0.0,,,,,
Handy Road,S118,2016,8,10,0.0,,,,,
Handy Road,S118,2016,8,11,0.0,,,,,
Handy Road,S118,2016,8,12,,,,,,
Handy Road,S118,2016,8,13,0.0,,,,,
Handy Road,S118,2016,8,14,0.0,,,,,
Handy Road,S118,2016,8,15,0.0,,,,,
Handy Road,S118,2016,8,16,0.0,,,,,
Handy Road,S118,2016,8,17,0.0,,,,,
Handy Road,S118,2016,8,18,0.0,,,,,
Handy Road,S118,2016,8,19,,,,,,
Handy Road,S118,2016,8,20,0.0,,,,,
Handy Road,S118,2016,8,21,,,,,,
Handy Road,S118,2016,8,22,0.0,,,,,
Handy Road,S118,2016,8,23,0.0,,,,,
Handy Road,S118,2016,8,24,,,,,,
Handy Road,S118,2016,8,25,0.0,,,,,
Handy Road,S118,2016,8,26,0.0,,,,,
Handy Road,S118,2016,8,27,,,,,,
Handy Road,S118,2016,8,28,0.0,,,,,
Handy Road,S118,2016,8,29,0.0,,,,,
Handy Road,S118,2016,8,30,,,,,,
Handy Road,S118,2016,8,31,0.0,,,,,
Handy Road,S118,2016,10,1,,,,,,
Handy Road,S118,2016,10,2,,,,,,
Handy Road,S118,2016,10,3,,,,,,
Handy Road,S118,2016,10,4,,,,,,
Handy Road,S118,2016,10,5,,,,,,
Handy Road,S118,2016,10,6,,,,,,
Handy Road,S118,2016,10,7,,,,,,
Handy Road,S118,2016,10,8,,,,,,
Handy Road,S118,2016,10,9,,,,,,
Handy Road,S118,2016,10,10,,,,,,
Handy Road,S118,2016,10,11,,,,,,
Handy Road,S118,2016,10,12,,,,,,
Handy Road,S118,2016,10,13,,,,,,
Handy Road,S118,2016,10,14,,,,,,
Handy Road,S118,2016,10,15,0.0,,,,,
Handy Road,S118,2016,10,16,14.5,,,,,
Handy Road,S118,2016,10,17,0.0,,,,,
Handy Road,S118,2016,10,18,0.0,,,,,
Handy Road,S118,2016,10,19,15.5,,,,,
Handy Road,S118,2016,10,20,0.0,,,,,
Handy Road,S118,2016,10,21,7.5,,,,,
Handy Road,S118,2016,10,22,0.5,,,,,
Handy Road,S118,2016,10,23,0.5,,,,,
Handy Road,S118,2016,10,24,29.5,,,,,
Handy Road,S118,2016,10,25,16.0,,,,,
Handy Road,S118,2016,10,26,1.4,,,,,
Handy Road,S118,2016,10,27,10.8,,,,,
Handy Road,S118,2016,10,28,0.6,,,,,
Handy Road,S118,2016,10,29,35.6,,,,,
Handy Road,S118,2016,10,30,1.2,,,,,
Handy Road,S118,2016,10,31,0.0,,,,,
Handy Road,S118,2016,11,1,28.2,,,,,
Handy Road,S118,2016,11,2,15.8,,,,,
Handy Road,S118,2016,11,3,1.2,,,,,
Handy Road,S118,2016,11,4,11.8,,,,,
Handy Road,S118,2016,11,5,12.8,,,,,
Handy Road,S118,2016,11,6,0.4,,,,,
Handy Road,S118,2016,11,7,8.0,,,,,
Handy Road,S118,2016,11,8,0.2,,,,,
Handy Road,S118,2016,11,9,1.8,,,,,
Handy Road,S118,2016,11,10,12.8,,,,,
Handy Road,S118,2016,11,11,6.8,,,,,
Handy Road,S118,2016,11,12,2.0,,,,,
Handy Road,S118,2016,11,13,12.8,,,,,
Handy Road,S118,2016,11,14,23.4,,,,,
Handy Road,S118,2016,11,15,16.6,,,,,
Handy Road,S118,2016,11,16,34.6,,,,,
Handy Road,S118,2016,11,17,6.8,,,,,
Handy Road,S118,2016,11,18,0.8,,,,,
Handy Road,S118,2016,11,19,0.6,,,,,
Handy Road,S118,2016,11,20,0.0,,,,,
Handy Road,S118,2016,11,21,5.4,,,,,
Handy Road,S118,2016,11,22,0.0,,,,,
Handy Road,S118,2016,11,23,6.0,,,,,
Handy Road,S118,2016,11,24,0.0,,,,,
Handy Road,S118,2016,11,25,12.6,,,,,
Handy Road,S118,2016,11,26,50.2,,,,,
Handy Road,S118,2016,11,27,2.6,,,,,
Handy Road,S118,2016,11,28,0.0,,,,,
Handy Road,S118,2016,11,29,0.2,,,,,
Handy Road,S118,2016,11,30,0.0,,,,,
Handy Road,S118,2016,12,1,5.8,,,,,
Handy Road,S118,2016,12,2,4.0,,,,,
Handy Road,S118,2016,12,3,8.6,,,,,
Handy Road,S118,2016,12,4,1.2,,,,,
Handy Road,S118,2016,12,5,7.2,,,,,
Handy Road,S118,2016,12,6,0.6,,,,,
Handy Road,S118,2016,12,7,0.0,,,,,
Handy Road,S118,2016,12,8,0.0,,,,,
Handy Road,S118,2016,12,9,17.4,,,,,
Handy Road,S118,2016,12,10,0.0,,,,,
Handy Road,S118,2016,12,11,4.6,,,,,
Handy Road,S118,2016,12,12,0.0,,,,,
Handy Road,S118,2016,12,13,0.0,,,,,
Handy Road,S118,2016,12,14,0.0,,,,,
Handy Road,S118,2016,12,15,0.0,,,,,
Handy Road,S118,2016,12,16,0.0,,,,,
Handy Road,S118,2016,12,17,10.8,,,,,
Handy Road,S118,2016,12,18,18.0,,,,,
Handy Road,S118,2016,12,19,1.4,,,,,
Handy Road,S118,2016,12,20,0.0,,,,,
Handy Road,S118,2016,12,21,0.0,,,,,
Handy Road,S118,2016,12,22,10.2,,,,,
Handy Road,S118,2016,12,23,8.2,,,,,
Handy Road,S118,2016,12,24,48.4,,,,,
Handy Road,S118,2016,12,25,6.2,,,,,
Handy Road,S118,2016,12,26,0.0,,,,,
Handy Road,S118,2016,12,27,2.2,,,,,
Handy Road,S118,2016,12,28,2.8,,,,,
Handy Road,S118,2016,12,29,0.0,,,,,
Handy Road,S118,2016,12,30,8.2,,,,,
Handy Road,S118,2016,12,31,0.0,,,,,
Handy Road,S118,2017,1,1,37.2,,,,,
Handy Road,S118,2017,1,2,0.8,,,,,
Handy Road,S118,2017,1,3,,,,,,
Handy Road,S118,2017,1,4,2.0,,,,,
Handy Road,S118,2017,1,5,1.8,,,,,
Handy Road,S118,2017,1,6,0.0,,,,,
Handy Road,S118,2017,1,7,0.0,,,,,
Handy Road,S118,2017,1,8,0.0,,,,,
Handy Road,S118,2017,1,9,0.0,,,,,
Handy Road,S118,2017,1,10,0.0,,,,,
Handy Road,S118,2017,1,11,0.2,,,,,
Handy Road,S118,2017,1,12,0.0,,,,,
Handy Road,S118,2017,1,13,0.0,,,,,
Handy Road,S118,2017,1,14,0.0,,,,,
Handy Road,S118,2017,1,15,3.2,,,,,
Handy Road,S118,2017,1,16,0.0,,,,,
Handy Road,S118,2017,1,17,0.0,,,,,
Handy Road,S118,2017,1,18,6.6,,,,,
Handy Road,S118,2017,1,19,20.6,,,,,
Handy Road,S118,2017,1,20,,,,,,
Handy Road,S118,2017,1,21,25.2,,,,,
Handy Road,S118,2017,1,22,15.6,,,,,
Handy Road,S118,2017,1,23,97.2,,,,,
Handy Road,S118,2017,1,24,12.2,,,,,
Handy Road,S118,2017,1,25,8.6,,,,,
Handy Road,S118,2017,1,26,0.6,,,,,
Handy Road,S118,2017,1,27,0.4,,,,,
Handy Road,S118,2017,1,28,0.4,,,,,
Handy Road,S118,2017,1,29,0.0,,,,,
Handy Road,S118,2017,1,30,3.2,,,,,
Handy Road,S118,2017,1,31,0.0,,,,,
Handy Road,S118,2017,2,1,0.0,,,,,
Handy Road,S118,2017,2,2,0.8,,,,,
Handy Road,S118,2017,2,3,13.6,,,,,
Handy Road,S118,2017,2,4,0.0,,,,,
Handy Road,S118,2017,2,5,0.0,,,,,
Handy Road,S118,2017,2,6,0.0,,,,,
Handy Road,S118,2017,2,7,0.4,,,,,
Handy Road,S118,2017,2,8,96.4,,,,,
Handy Road,S118,2017,2,9,0.0,,,,,
Handy Road,S118,2017,2,10,0.0,,,,,
Handy Road,S118,2017,2,11,0.0,,,,,
Handy Road,S118,2017,2,12,2.4,,,,,
Handy Road,S118,2017,2,13,1.6,,,,,
Handy Road,S118,2017,2,14,0.2,,,,,
Handy Road,S118,2017,2,15,8.2,,,,,
Handy Road,S118,2017,2,16,0.0,,,,,
Handy Road,S118,2017,2,17,0.0,,,,,
Handy Road,S118,2017,2,18,0.0,,,,,
Handy Road,S118,2017,2,19,0.0,,,,,
Handy Road,S118,2017,2,20,0.0,,,,,
Handy Road,S118,2017,2,21,5.0,,,,,
Handy Road,S118,2017,2,22,0.0,,,,,
Handy Road,S118,2017,2,23,0.0,,,,,
Handy Road,S118,2017,2,24,15.4,,,,,
Handy Road,S118,2017,2,25,9.0,,,,,
Handy Road,S118,2017,2,26,1.4,,,,,
Handy Road,S118,2017,2,27,0.0,,,,,
Handy Road,S118,2017,2,28,3.8,,,,,
Handy Road,S118,2017,3,1,29.8,,,,,
Handy Road,S118,2017,3,2,0.2,,,,,
Handy Road,S118,2017,3,3,4.2,,,,,
Handy Road,S118,2017,3,4,3.8,,,,,
Handy Road,S118,2017,3,5,5.4,,,,,
Handy Road,S118,2017,3,6,20.6,,,,,
Handy Road,S118,2017,3,7,0.0,,,,,
Handy Road,S118,2017,3,8,0.0,,,,,
Handy Road,S118,2017,3,9,0.0,,,,,
Handy Road,S118,2017,3,10,0.0,,,,,
Handy Road,S118,2017,3,11,11.4,,,,,
Handy Road,S118,2017,3,12,9.2,,,,,
Handy Road,S118,2017,3,13,2.4,,,,,
Handy Road,S118,2017,3,14,0.0,,,,,
Handy Road,S118,2017,3,15,0.0,,,,,
Handy Road,S118,2017,3,16,0.0,,,,,
Handy Road,S118,2017,3,17,7.4,,,,,
Handy Road,S118,2017,3,18,0.0,,,,,
Handy Road,S118,2017,3,19,0.0,,,,,
Handy Road,S118,2017,3,20,4.2,,,,,
Handy Road,S118,2017,3,21,9.0,,,,,
Handy Road,S118,2017,3,22,26.4,,,,,
Handy Road,S118,2017,3,23,0.0,,,,,
Handy Road,S118,2017,3,24,9.2,,,,,
Handy Road,S118,2017,3,25,54.0,,,,,
Handy Road,S118,2017,3,26,0.0,,,,,
Handy Road,S118,2017,3,27,,,,,,
Handy Road,S118,2017,3,28,6.6,,,,,
Handy Road,S118,2017,3,29,0.0,,,,,
Handy Road,S118,2017,3,30,11.0,,,,,
Handy Road,S118,2017,3,31,0.8,,,,,
Handy Road,S118,2017,4,1,18.0,,,,,
Handy Road,S118,2017,4,2,0.0,,,,,
Handy Road,S118,2017,4,3,15.2,,,,,
Handy Road,S118,2017,4,4,5.4,,,,,
Handy Road,S118,2017,4,5,0.6,,,,,
Handy Road,S118,2017,4,6,0.0,,,,,
Handy Road,S118,2017,4,7,26.0,,,,,
Handy Road,S118,2017,4,8,2.2,,,,,
Handy Road,S118,2017,4,9,0.6,,,,,
Handy Road,S118,2017,4,10,0.0,,,,,
Handy Road,S118,2017,4,11,0.2,,,,,
Handy Road,S118,2017,4,12,26.4,,,,,
Handy Road,S118,2017,4,13,14.6,,,,,
Handy Road,S118,2017,4,14,49.6,,,,,
Handy Road,S118,2017,4,15,1.8,,,,,
Handy Road,S118,2017,4,16,1.0,,,,,
Handy Road,S118,2017,4,17,8.2,,,,,
Handy Road,S118,2017,4,18,67.4,,,,,
Handy Road,S118,2017,4,19,0.0,,,,,
Handy Road,S118,2017,4,20,1.4,,,,,
Handy Road,S118,2017,4,21,,,,,,
Handy Road,S118,2017,4,22,2.0,,,,,
Handy Road,S118,2017,4,23,0.0,,,,,
Handy Road,S118,2017,4,24,1.6,,,,,
Handy Road,S118,2017,4,25,6.0,,,,,
Handy Road,S118,2017,4,26,,,,,,
Handy Road,S118,2017,4,27,10.0,,,,,
Handy Road,S118,2017,4,28,,,,,,
Handy Road,S118,2017,4,29,,,,,,
Handy Road,S118,2017,4,30,0.0,,,,,
Handy Road,S118,2017,5,1,0.0,,,,,
Handy Road,S118,2017,5,2,10.4,,,,,
Handy Road,S118,2017,5,3,1.0,,,,,
Handy Road,S118,2017,5,4,21.6,,,,,
Handy Road,S118,2017,5,5,0.0,,,,,
Handy Road,S118,2017,5,6,,,,,,
Handy Road,S118,2017,5,7,0.0,,,,,
Handy Road,S118,2017,5,8,0.0,,,,,
Handy Road,S118,2017,5,9,0.0,,,,,
Handy Road,S118,2017,5,10,1.8,,,,,
Handy Road,S118,2017,5,11,,,,,,
Handy Road,S118,2017,5,12,47.6,,,,,
Handy Road,S118,2017,5,13,,,,,,
Handy Road,S118,2017,5,14,,,,,,
Handy Road,S118,2017,5,15,,,,,,
Handy Road,S118,2017,5,16,,,,,,
Handy Road,S118,2017,5,17,0.0,,,,,
Handy Road,S118,2017,5,18,3.8,,,,,
Handy Road,S118,2017,5,19,0.0,,,,,
Handy Road,S118,2017,5,20,0.0,,,,,
Handy Road,S118,2017,5,21,6.6,,,,,
Handy Road,S118,2017,5,22,,,,,,
Handy Road,S118,2017,5,23,0.0,,,,,
Handy Road,S118,2017,5,24,,,,,,
Handy Road,S118,2017,5,25,,,,,,
Handy Road,S118,2017,5,26,38.4,,,,,
Handy Road,S118,2017,5,27,0.0,,,,,
Handy Road,S118,2017,5,28,0.0,,,,,
Handy Road,S118,2017,5,29,0.0,,,,,
Handy Road,S118,2017,5,30,,,,,,
Handy Road,S118,2017,5,31,26.4,,,,,
Handy Road,S118,2017,6,1,6.8,,,,,
Handy Road,S118,2017,6,2,0.0,,,,,
Handy Road,S118,2017,6,3,0.0,,,,,
Handy Road,S118,2017,6,4,0.0,,,,,
Handy Road,S118,2017,6,5,0.0,,,,,
Handy Road,S118,2017,6,6,0.0,,,,,
Handy Road,S118,2017,6,7,0.0,,,,,
Handy Road,S118,2017,6,8,0.0,,,,,
Handy Road,S118,2017,6,9,0.0,,,,,
Handy Road,S118,2017,6,10,1.8,,,,,
Handy Road,S118,2017,6,11,0.0,,,,,
Handy Road,S118,2017,6,12,0.0,,,,,
Handy Road,S118,2017,6,13,0.4,,,,,
Handy Road,S118,2017,6,14,15.4,,,,,
Handy Road,S118,2017,6,15,0.0,,,,,
Handy Road,S118,2017,6,16,0.0,,,,,
Handy Road,S118,2017,6,17,0.0,,,,,
Handy Road,S118,2017,6,18,9.4,,,,,
Handy Road,S118,2017,6,19,0.0,,,,,
Handy Road,S118,2017,6,20,0.0,,,,,
Handy Road,S118,2017,6,21,0.0,,,,,
Handy Road,S118,2017,6,22,0.0,,,,,
Handy Road,S118,2017,6,23,9.0,,,,,
Handy Road,S118,2017,6,24,0.0,,,,,
Handy Road,S118,2017,6,25,,,,,,
Handy Road,S118,2017,6,26,,,,,,
Handy Road,S118,2017,6,27,,,,,,
Handy Road,S118,2017,6,28,5.0,,,,,
Handy Road,S118,2017,6,29,0.0,,,,,
Handy Road,S118,2017,6,30,0.0,,,,,
Handy Road,S118,2017,7,1,0.0,,,,,
Handy Road,S118,2017,7,2,0.0,,,,,
Handy Road,S118,2017,7,3,,,,,,
Handy Road,S118,2017,7,4,0.0,,,,,
Handy Road,S118,2017,7,5,17.4,,,,,
Handy Road,S118,2017,7,6,0.0,,,,,
Handy Road,S118,2017,7,7,0.0,,,,,
Handy Road,S118,2017,7,8,8.4,,,,,
Handy Road,S118,2017,7,9,3.2,,,,,
Handy Road,S118,2017,7,10,0.0,,,,,
Handy Road,S118,2017,7,11,20.6,,,,,
Handy Road,S118,2017,7,12,13.6,,,,,
Handy Road,S118,2017,7,13,8.2,,,,,
Handy Road,S118,2017,7,14,68.0,,,,,
Handy Road,S118,2017,7,15,,,,,,
Handy Road,S118,2017,7,16,0.2,,,,,
Handy Road,S118,2017,7,17,0.0,,,,,
Handy Road,S118,2017,7,18,0.0,,,,,
Handy Road,S118,2017,7,19,0.0,,,,,
Handy Road,S118,2017,7,20,0.0,,,,,
Handy Road,S118,2017,7,21,0.0,,,,,
Handy Road,S118,2017,7,22,0.0,,,,,
Handy Road,S118,2017,7,23,0.0,,,,,
Handy Road,S118,2017,7,24,0.0,,,,,
Handy Road,S118,2017,7,25,0.0,,,,,
Handy Road,S118,2017,7,26,5.0,,,,,
Handy Road,S118,2017,7,27,0.0,,,,,
Handy Road,S118,2017,7,28,0.0,,,,,
Handy Road,S118,2017,7,29,0.0,,,,,
Handy Road,S118,2017,7,30,0.0,,,,,
Handy Road,S118,2017,7,31,0.0,,,,,
Handy Road,S118,2017,8,1,5.2,,,,,
Handy Road,S118,2017,8,2,0.0,,,,,
Handy Road,S118,2017,8,3,0.0,,,,,
Handy Road,S118,2017,8,4,0.0,,,,,
Handy Road,S118,2017,8,5,0.0,,,,,
Handy Road,S118,2017,8,6,20.8,,,,,
Handy Road,S118,2017,8,7,0.6,,,,,
Handy Road,S118,2017,8,8,1.4,,,,,
Handy Road,S118,2017,8,9,1.0,,,,,
Handy Road,S118,2017,8,10,0.0,,,,,
Handy Road,S118,2017,8,11,41.6,,,,,
Handy Road,S118,2017,8,12,1.2,,,,,
Handy Road,S118,2017,8,13,7.8,,,,,
Handy Road,S118,2017,8,14,0.0,,,,,
Handy Road,S118,2017,8,15,1.4,,,,,
Handy Road,S118,2017,8,16,0.0,,,,,
Handy Road,S118,2017,8,17,28.4,,,,,
Handy Road,S118,2017,8,18,0.8,,,,,
Handy Road,S118,2017,8,19,0.0,,,,,
Handy Road,S118,2017,8,20,1.2,,,,,
Handy Road,S118,2017,8,21,13.2,,,,,
Handy Road,S118,2017,8,22,0.2,,,,,
Handy Road,S118,2017,8,23,0.0,,,,,
Handy Road,S118,2017,8,24,0.0,,,,,
Handy Road,S118,2017,8,25,0.0,,,,,
Handy Road,S118,2017,8,26,0.0,,,,,
Handy Road,S118,2017,8,27,15.2,,,,,
Handy Road,S118,2017,8,28,9.2,,,,,
Handy Road,S118,2017,8,29,1.0,,,,,
Handy Road,S118,2017,8,30,0.0,,,,,
Handy Road,S118,2017,8,31,0.0,,,,,
Handy Road,S118,2017,9,1,0.0,,,,,
Handy Road,S118,2017,9,2,0.0,,,,,
Handy Road,S118,2017,9,3,0.0,,,,,
Handy Road,S118,2017,9,4,0.0,,,,,
Handy Road,S118,2017,9,5,4.0,,,,,
Handy Road,S118,2017,9,6,4.6,,,,,
Handy Road,S118,2017,9,7,0.0,,,,,
Handy Road,S118,2017,9,8,0.0,,,,,
Handy Road,S118,2017,9,9,3.2,,,,,
Handy Road,S118,2017,9,10,5.8,,,,,
Handy Road,S118,2017,9,11,9.8,,,,,
Handy Road,S118,2017,9,12,0.0,,,,,
Handy Road,S118,2017,9,13,0.0,,,,,
Handy Road,S118,2017,9,14,0.0,,,,,
Handy Road,S118,2017,9,15,7.6,,,,,
Handy Road,S118,2017,9,16,15.8,,,,,
Handy Road,S118,2017,9,17,11.2,,,,,
Handy Road,S118,2017,9,18,46.6,,,,,
Handy Road,S118,2017,9,19,5.4,,,,,
Handy Road,S118,2017,9,20,10.2,,,,,
Handy Road,S118,2017,9,21,11.0,,,,,
Handy Road,S118,2017,9,22,0.0,,,,,
Handy Road,S118,2017,9,23,7.2,,,,,
Handy Road,S118,2017,9,24,8.2,,,,,
Handy Road,S118,2017,9,25,0.0,,,,,
Handy Road,S118,2017,9,26,22.8,,,,,
Handy Road,S118,2017,9,27,0.2,,,,,
Handy Road,S118,2017,9,28,0.0,,,,,
Handy Road,S118,2017,9,29,15.6,,,,,
Handy Road,S118,2017,9,30,0.8,,,,,
Handy Road,S118,2017,10,1,7.8,,,,,
Handy Road,S118,2017,10,2,0.0,,,,,
Handy Road,S118,2017,10,3,8.0,,,,,
Handy Road,S118,2017,10,4,1.2,,,,,
Handy Road,S118,2017,10,5,0.0,,,,,
Handy Road,S118,2017,10,6,0.6,,,,,
Handy Road,S118,2017,10,7,15.0,,,,,
Handy Road,S118,2017,10,8,13.0,,,,,
Handy Road,S118,2017,10,9,6.0,,,,,
Handy Road,S118,2017,10,10,11.8,,,,,
Handy Road,S118,2017,10,11,7.4,,,,,
Handy Road,S118,2017,10,12,38.4,,,,,
Handy Road,S118,2017,10,13,2.2,,,,,
Handy Road,S118,2017,10,14,0.0,,,,,
Handy Road,S118,2017,10,15,0.0,,,,,
Handy Road,S118,2017,10,16,0.0,,,,,
Handy Road,S118,2017,10,17,0.0,,,,,
Handy Road,S118,2017,10,18,0.0,,,,,
Handy Road,S118,2017,10,19,0.0,,,,,
Handy Road,S118,2017,10,20,0.0,,,,,
Handy Road,S118,2017,10,21,17.6,,,,,
Handy Road,S118,2017,10,22,0.0,,,,,
Handy Road,S118,2017,10,23,3.8,,,,,
Handy Road,S118,2017,10,24,0.4,,,,,
Handy Road,S118,2017,10,25,0.0,,,,,
Handy Road,S118,2017,10,26,3.6,,,,,
Handy Road,S118,2017,10,27,1.6,,,,,
Handy Road,S118,2017,10,28,0.0,,,,,
Handy Road,S118,2017,10,29,0.0,,,,,
Handy Road,S118,2017,10,30,87.6,,,,,
Handy Road,S118,2017,10,31,2.2,,,,,
Handy Road,S118,2017,11,1,0.0,,,,,
Handy Road,S118,2017,11,2,0.0,,,,,
Handy Road,S118,2017,11,3,6.8,,,,,
Handy Road,S118,2017,11,4,5.2,,,,,
Handy Road,S118,2017,11,5,1.0,,,,,
Handy Road,S118,2017,11,6,48.8,,,,,
Handy Road,S118,2017,11,7,15.6,,,,,
Handy Road,S118,2017,11,8,2.4,,,,,
Handy Road,S118,2017,11,9,20.2,,,,,
Handy Road,S118,2017,11,10,4.4,,,,,
Handy Road,S118,2017,11,11,0.8,,,,,
Handy Road,S118,2017,11,12,6.2,,,,,
Handy Road,S118,2017,11,13,2.6,,,,,
Handy Road,S118,2017,11,14,80.2,,,,,
Handy Road,S118,2017,11,15,0.0,,,,,
Handy Road,S118,2017,11,16,0.0,,,,,
Handy Road,S118,2017,11,17,12.0,,,,,
Handy Road,S118,2017,11,18,0.0,,,,,
Handy Road,S118,2017,11,19,0.2,,,,,
Handy Road,S118,2017,11,20,3.6,,,,,
Handy Road,S118,2017,11,21,3.4,,,,,
Handy Road,S118,2017,11,22,6.4,,,,,
Handy Road,S118,2017,11,23,4.8,,,,,
Handy Road,S118,2017,11,24,9.8,,,,,
Handy Road,S118,2017,11,25,35.6,,,,,
Handy Road,S118,2017,11,26,0.2,,,,,
Handy Road,S118,2017,11,27,2.0,,,,,
Handy Road,S118,2017,11,28,0.8,,,,,
Handy Road,S118,2017,11,29,,,,,,
Handy Road,S118,2017,11,30,,,,,,
Handy Road,S118,2017,12,1,0.0,,,,,
Handy Road,S118,2017,12,2,0.0,,,,,
Handy Road,S118,2017,12,3,0.0,,,,,
Handy Road,S118,2017,12,4,1.4,,,,,
Handy Road,S118,2017,12,5,0.0,,,,,
Handy Road,S118,2017,12,6,1.2,,,,,
Handy Road,S118,2017,12,7,1.4,,,,,
Handy Road,S118,2017,12,8,0.0,,,,,
Handy Road,S118,2017,12,9,0.0,,,,,
Handy Road,S118,2017,12,10,2.4,,,,,
Handy Road,S118,2017,12,11,16.8,,,,,
Handy Road,S118,2017,12,12,13.6,,,,,
Handy Road,S118,2017,12,13,7.8,,,,,
Handy Road,S118,2017,12,14,1.4,,,,,
Handy Road,S118,2017,12,15,16.2,,,,,
Handy Road,S118,2017,12,16,18.0,,,,,
Handy Road,S118,2017,12,17,0.0,,,,,
Handy Road,S118,2017,12,18,0.0,,,,,
Handy Road,S118,2017,12,19,2.2,,,,,
Handy Road,S118,2017,12,20,,,,,,
Handy Road,S118,2017,12,21,0.0,,,,,
Handy Road,S118,2017,12,22,16.4,,,,,
Handy Road,S118,2017,12,23,10.6,,,,,
Handy Road,S118,2017,12,24,0.0,,,,,
Handy Road,S118,2017,12,25,7.0,,,,,
Handy Road,S118,2017,12,26,3.6,,,,,
Handy Road,S118,2017,12,27,9.6,,,,,
Handy Road,S118,2017,12,28,15.0,,,,,
Handy Road,S118,2017,12,29,0.0,,,,,
Handy Road,S118,2017,12,30,23.2,,,,,
Handy Road,S118,2017,12,31,47.6,,,,,
Handy Road,S118,2018,1,1,37.4,,,,,
Handy Road,S118,2018,1,2,31.0,,,,,
Handy Road,S118,2018,1,3,32.6,,,,,
Handy Road,S118,2018,1,4,,,,,,
Handy Road,S118,2018,1,5,11.8,,,,,
Handy Road,S118,2018,1,6,0.0,,,,,
Handy Road,S118,2018,1,7,0.0,,,,,
Handy Road,S118,2018,1,8,43.4,,,,,
Handy Road,S118,2018,1,9,53.2,,,,,
Handy Road,S118,2018,1,10,17.0,,,,,
Handy Road,S118,2018,1,11,11.2,,,,,
Handy Road,S118,2018,1,12,7.4,,,,,
Handy Road,S118,2018,1,13,,,,,,
Handy Road,S118,2018,1,14,,,,,,
Handy Road,S118,2018,1,15,,,,,,
Handy Road,S118,2018,1,16,0.0,,,,,
Handy Road,S118,2018,1,17,0.0,,,,,
Handy Road,S118,2018,1,18,0.0,,,,,
Handy Road,S118,2018,1,19,22.4,,,,,
Handy Road,S118,2018,1,20,35.8,,,,,
Handy Road,S118,2018,1,21,0.0,,,,,
Handy Road,S118,2018,1,22,0.0,,,,,
Handy Road,S118,2018,1,23,7.6,,,,,
Handy Road,S118,2018,1,24,64.4,,,,,
Handy Road,S118,2018,1,25,0.6,,,,,
Handy Road,S118,2018,1,26,28.2,,,,,
Handy Road,S118,2018,1,27,0.0,,,,,
Handy Road,S118,2018,1,28,16.2,,,,,
Handy Road,S118,2018,1,29,0.0,,,,,
Handy Road,S118,2018,1,30,1.0,,,,,
Handy Road,S118,2018,1,31,6.8,,,,,
Handy Road,S118,2018,2,1,1.4,,,,,
Handy Road,S118,2018,2,2,1.6,,,,,
Handy Road,S118,2018,2,3,0.4,,,,,
Handy Road,S118,2018,2,4,0.4,,,,,
Handy Road,S118,2018,2,5,0.0,,,,,
Handy Road,S118,2018,2,6,0.0,,,,,
Handy Road,S118,2018,2,7,0.0,,,,,
Handy Road,S118,2018,2,8,0.0,,,,,
Handy Road,S118,2018,2,9,0.0,,,,,
Handy Road,S118,2018,2,10,0.0,,,,,
Handy Road,S118,2018,2,11,0.0,,,,,
Handy Road,S118,2018,2,12,0.0,,,,,
Handy Road,S118,2018,2,13,0.0,,,,,
Handy Road,S118,2018,2,14,0.0,,,,,
Handy Road,S118,2018,2,15,0.0,,,,,
Handy Road,S118,2018,2,16,0.0,,,,,
Handy Road,S118,2018,2,17,0.0,,,,,
Handy Road,S118,2018,2,18,0.0,,,,,
Handy Road,S118,2018,2,19,0.0,,,,,
Handy Road,S118,2018,2,20,0.0,,,,,
Handy Road,S118,2018,2,21,0.0,,,,,
Handy Road,S118,2018,2,22,0.0,,,,,
Handy Road,S118,2018,2,23,8.4,,,,,
Handy Road,S118,2018,2,24,0.0,,,,,
Handy Road,S118,2018,2,25,0.0,,,,,
Handy Road,S118,2018,2,26,0.0,,,,,
Handy Road,S118,2018,2,27,0.0,,,,,
Handy Road,S118,2018,2,28,0.2,,,,,
Handy Road,S118,2018,3,1,0.0,,,,,
Handy Road,S118,2018,3,2,23.2,,,,,
Handy Road,S118,2018,3,3,0.0,,,,,
Handy Road,S118,2018,3,4,21.2,,,,,
Handy Road,S118,2018,3,5,0.0,,,,,
Handy Road,S118,2018,3,6,0.0,,,,,
Handy Road,S118,2018,3,7,5.8,,,,,
Handy Road,S118,2018,3,8,0.0,,,,,
Handy Road,S118,2018,3,9,0.0,,,,,
Handy Road,S118,2018,3,10,7.8,,,,,
Handy Road,S118,2018,3,11,0.0,,,,,
Handy Road,S118,2018,3,12,5.2,,,,,
Handy Road,S118,2018,3,13,0.0,,,,,
Handy Road,S118,2018,3,14,0.0,,,,,
Handy Road,S118,2018,3,15,0.0,,,,,
Handy Road,S118,2018,3,16,0.8,,,,,
Handy Road,S118,2018,3,17,4.6,,,,,
Handy Road,S118,2018,3,18,0.0,,,,,
Handy Road,S118,2018,3,19,2.2,,,,,
Handy Road,S118,2018,3,20,16.0,,,,,
Handy Road,S118,2018,3,21,0.0,,,,,
Handy Road,S118,2018,3,22,0.0,,,,,
Handy Road,S118,2018,3,23,0.0,,,,,
Handy Road,S118,2018,3,24,33.4,,,,,
Handy Road,S118,2018,3,25,0.4,,,,,
Handy Road,S118,2018,3,26,0.4,,,,,
Handy Road,S118,2018,3,27,4.2,,,,,
Handy Road,S118,2018,3,28,0.2,,,,,
Handy Road,S118,2018,3,29,0.0,,,,,
Handy Road,S118,2018,3,30,3.6,,,,,
Handy Road,S118,2018,3,31,0.0,,,,,
Handy Road,S118,2018,4,1,9.0,,,,,
Handy Road,S118,2018,4,2,1.0,,,,,
Handy Road,S118,2018,4,3,0.0,,,,,
Handy Road,S118,2018,4,4,0.0,,,,,
Handy Road,S118,2018,4,5,0.0,,,,,
Handy Road,S118,2018,4,6,0.0,,,,,
Handy Road,S118,2018,4,7,11.4,,,,,
Handy Road,S118,2018,4,8,2.4,,,,,
Handy Road,S118,2018,4,9,0.0,,,,,
Handy Road,S118,2018,4,10,0.0,,,,,
Handy Road,S118,2018,4,11,0.0,,,,,
Handy Road,S118,2018,4,12,0.0,,,,,
Handy Road,S118,2018,4,13,0.0,,,,,
Handy Road,S118,2018,4,14,26.8,,,,,
Handy Road,S118,2018,4,15,14.4,,,,,
Handy Road,S118,2018,4,16,1.0,,,,,
Handy Road,S118,2018,4,17,0.0,,,,,
Handy Road,S118,2018,4,18,0.0,,,,,
Handy Road,S118,2018,4,19,2.8,,,,,
Handy Road,S118,2018,4,20,36.8,,,,,
Handy Road,S118,2018,4,21,0.2,,,,,
Handy Road,S118,2018,4,22,0.0,,,,,
Handy Road,S118,2018,4,23,5.4,,,,,
Handy Road,S118,2018,4,24,0.0,,,,,
Handy Road,S118,2018,4,25,0.0,,,,,
Handy Road,S118,2018,4,26,0.6,,,,,
Handy Road,S118,2018,4,27,25.6,,,,,
Handy Road,S118,2018,4,28,0.0,,,,,
Handy Road,S118,2018,4,29,0.0,,,,,
Handy Road,S118,2018,4,30,0.0,,,,,
Handy Road,S118,2018,5,1,8.8,,,,,
Handy Road,S118,2018,5,2,4.4,,,,,
Handy Road,S118,2018,5,3,6.0,,,,,
Handy Road,S118,2018,5,4,0.0,,,,,
Handy Road,S118,2018,5,5,0.0,,,,,
Handy Road,S118,2018,5,6,0.2,,,,,
Handy Road,S118,2018,5,7,0.0,,,,,
Handy Road,S118,2018,5,8,0.0,,,,,
Handy Road,S118,2018,5,9,0.0,,,,,
Handy Road,S118,2018,5,10,0.0,,,,,
Handy Road,S118,2018,5,11,0.0,,,,,
Handy Road,S118,2018,5,12,0.0,,,,,
Handy Road,S118,2018,5,13,3.0,,,,,
Handy Road,S118,2018,5,14,2.0,,,,,
Handy Road,S118,2018,5,15,6.5,,,,,
Handy Road,S118,2018,5,16,0.0,,,,,
Handy Road,S118,2018,5,17,0.0,,,,,
Handy Road,S118,2018,5,18,2.0,,,,,
Handy Road,S118,2018,5,19,58.6,,,,,
Handy Road,S118,2018,5,20,31.8,,,,,
Handy Road,S118,2018,5,21,0.0,,,,,
Handy Road,S118,2018,5,22,2.6,,,,,
Handy Road,S118,2018,5,23,3.0,,,,,
Handy Road,S118,2018,5,24,0.2,,,,,
Handy Road,S118,2018,5,25,24.0,,,,,
Handy Road,S118,2018,5,26,75.4,,,,,
Handy Road,S118,2018,5,27,1.8,,,,,
Handy Road,S118,2018,5,28,1.6,,,,,
Handy Road,S118,2018,5,29,0.6,,,,,
Handy Road,S118,2018,5,30,4.6,,,,,
Handy Road,S118,2018,5,31,2.2,,,,,
Handy Road,S118,2018,6,1,34.2,,,,,
Handy Road,S118,2018,6,2,20.2,,,,,
Handy Road,S118,2018,6,3,0.0,,,,,
Handy Road,S118,2018,6,4,2.2,,,,,
Handy Road,S118,2018,6,5,0.0,,,,,
Handy Road,S118,2018,6,6,0.0,,,,,
Handy Road,S118,2018,6,7,0.0,,,,,
Handy Road,S118,2018,6,8,22.6,,,,,
Handy Road,S118,2018,6,9,0.0,,,,,
Handy Road,S118,2018,6,10,0.0,,,,,
Handy Road,S118,2018,6,11,0.0,,,,,
Handy Road,S118,2018,6,12,0.0,,,,,
Handy Road,S118,2018,6,13,0.2,,,,,
Handy Road,S118,2018,6,14,0.0,,,,,
Handy Road,S118,2018,6,15,9.2,,,,,
Handy Road,S118,2018,6,16,0.0,,,,,
Handy Road,S118,2018,6,17,0.0,,,,,
Handy Road,S118,2018,6,18,7.6,,,,,
Handy Road,S118,2018,6,19,17.0,,,,,
Handy Road,S118,2018,6,20,11.5,,,,,
Handy Road,S118,2018,6,21,0.0,,,,,
Handy Road,S118,2018,6,22,5.5,,,,,
Handy Road,S118,2018,6,23,0.0,,,,,
Handy Road,S118,2018,6,24,11.0,,,,,
Handy Road,S118,2018,6,25,3.0,,,,,
Handy Road,S118,2018,6,26,33.5,,,,,
Handy Road,S118,2018,6,27,5.0,,,,,
Handy Road,S118,2018,6,28,0.0,,,,,
Handy Road,S118,2018,6,29,17.4,,,,,
Handy Road,S118,2018,6,30,0.0,,,,,
Handy Road,S118,2018,7,1,1.6,,,,,
Handy Road,S118,2018,7,2,1.2,,,,,
Handy Road,S118,2018,7,3,0.4,,,,,
Handy Road,S118,2018,7,4,0.0,,,,,
Handy Road,S118,2018,7,5,0.0,,,,,
Handy Road,S118,2018,7,6,0.0,,,,,
Handy Road,S118,2018,7,7,0.0,,,,,
Handy Road,S118,2018,7,8,0.0,,,,,
Handy Road,S118,2018,7,9,0.4,,,,,
Handy Road,S118,2018,7,10,3.6,,,,,
Handy Road,S118,2018,7,11,0.0,,,,,
Handy Road,S118,2018,7,12,0.0,,,,,
Handy Road,S118,2018,7,13,0.0,,,,,
Handy Road,S118,2018,7,14,0.0,,,,,
Handy Road,S118,2018,7,15,12.4,,,,,
Handy Road,S118,2018,7,16,0.0,,,,,
Handy Road,S118,2018,7,17,0.0,,,,,
Handy Road,S118,2018,7,18,0.0,,,,,
Handy Road,S118,2018,7,19,16.2,,,,,
Handy Road,S118,2018,7,20,9.4,,,,,
Handy Road,S118,2018,7,21,5.8,,,,,
Handy Road,S118,2018,7,22,0.0,,,,,
Handy Road,S118,2018,7,23,0.0,,,,,
Handy Road,S118,2018,7,24,0.0,,,,,
Handy Road,S118,2018,7,25,0.6,,,,,
Handy Road,S118,2018,7,26,0.0,,,,,
Handy Road,S118,2018,7,27,0.0,,,,,
Handy Road,S118,2018,7,28,0.0,,,,,
Handy Road,S118,2018,7,29,0.0,,,,,
Handy Road,S118,2018,7,30,7.2,,,,,
Handy Road,S118,2018,7,31,0.2,,,,,
Handy Road,S118,2018,8,1,1.2,,,,,
Handy Road,S118,2018,8,2,0.0,,,,,
Handy Road,S118,2018,8,3,0.0,,,,,
Handy Road,S118,2018,8,4,0.0,,,,,
Handy Road,S118,2018,8,5,5.0,,,,,
Handy Road,S118,2018,8,6,0.0,,,,,
Handy Road,S118,2018,8,7,0.0,,,,,
Handy Road,S118,2018,8,8,3.0,,,,,
Handy Road,S118,2018,8,9,0.0,,,,,
Handy Road,S118,2018,8,10,0.0,,,,,
Handy Road,S118,2018,8,11,0.0,,,,,
Handy Road,S118,2018,8,12,0.0,,,,,
Handy Road,S118,2018,8,13,0.0,,,,,
Handy Road,S118,2018,8,14,0.0,,,,,
Handy Road,S118,2018,8,15,0.0,,,,,
Handy Road,S118,2018,8,16,0.0,,,,,
Handy Road,S118,2018,8,17,8.4,,,,,
Handy Road,S118,2018,8,18,0.0,,,,,
Handy Road,S118,2018,8,19,0.0,,,,,
Handy Road,S118,2018,8,20,0.0,,,,,
Handy Road,S118,2018,8,21,0.0,,,,,
Handy Road,S118,2018,8,22,33.2,,,,,
Handy Road,S118,2018,8,23,0.2,,,,,
Handy Road,S118,2018,8,24,16.4,,,,,
Handy Road,S118,2018,8,25,0.2,,,,,
Handy Road,S118,2018,8,26,0.0,,,,,
Handy Road,S118,2018,8,27,0.0,,,,,
Handy Road,S118,2018,8,28,0.0,,,,,
Handy Road,S118,2018,8,29,0.0,,,,,
Handy Road,S118,2018,8,30,0.0,,,,,
Handy Road,S118,2018,8,31,4.0,,,,,
Handy Road,S118,2018,9,1,0.2,,,,,
Handy Road,S118,2018,9,2,7.6,,,,,
Handy Road,S118,2018,9,3,0.2,,,,,
Handy Road,S118,2018,9,4,34.2,,,,,
Handy Road,S118,2018,9,5,0.0,,,,,
Handy Road,S118,2018,9,6,0.0,,,,,
Handy Road,S118,2018,9,7,28.6,,,,,
Handy Road,S118,2018,9,8,71.0,,,,,
Handy Road,S118,2018,9,9,23.0,,,,,
Handy Road,S118,2018,9,10,6.2,,,,,
Handy Road,S118,2018,9,11,2.2,,,,,
Handy Road,S118,2018,9,12,0.0,,,,,
Handy Road,S118,2018,9,13,0.0,,,,,
Handy Road,S118,2018,9,14,0.0,,,,,
Handy Road,S118,2018,9,15,0.0,,,,,
Handy Road,S118,2018,9,16,0.0,,,,,
Handy Road,S118,2018,9,17,0.0,,,,,
Handy Road,S118,2018,9,18,1.2,,,,,
Handy Road,S118,2018,9,19,39.0,,,,,
Handy Road,S118,2018,9,20,6.6,,,,,
Handy Road,S118,2018,9,21,3.2,,,,,
Handy Road,S118,2018,9,22,0.6,,,,,
Handy Road,S118,2018,9,23,0.0,,,,,
Handy Road,S118,2018,9,24,0.0,,,,,
Handy Road,S118,2018,9,25,0.0,,,,,
Handy Road,S118,2018,9,26,0.0,,,,,
Handy Road,S118,2018,9,27,0.0,,,,,
Handy Road,S118,2018,9,28,0.0,,,,,
Handy Road,S118,2018,9,29,0.0,,,,,
Handy Road,S118,2018,9,30,0.0,,,,,
Handy Road,S118,2018,10,1,0.0,,,,,
Handy Road,S118,2018,10,2,0.0,,,,,
Handy Road,S118,2018,10,3,0.0,,,,,
Handy Road,S118,2018,10,4,0.0,,,,,
Handy Road,S118,2018,10,5,0.0,,,,,
Handy Road,S118,2018,10,6,0.0,,,,,
Handy Road,S118,2018,10,7,0.0,,,,,
Handy Road,S118,2018,10,8,2.6,,,,,
Handy Road,S118,2018,10,9,38.8,,,,,
Handy Road,S118,2018,10,10,20.0,,,,,
Handy Road,S118,2018,10,11,28.4,,,,,
Handy Road,S118,2018,10,12,7.6,,,,,
Handy Road,S118,2018,10,13,19.2,,,,,
Handy Road,S118,2018,10,14,12.8,,,,,
Handy Road,S118,2018,10,15,0.2,,,,,
Handy Road,S118,2018,10,16,0.0,,,,,
Handy Road,S118,2018,10,17,0.0,,,,,
Handy Road,S118,2018,10,18,3.8,,,,,
Handy Road,S118,2018,10,19,7.2,,,,,
Handy Road,S118,2018,10,20,0.0,,,,,
Handy Road,S118,2018,10,21,0.0,,,,,
Handy Road,S118,2018,10,22,0.0,,,,,
Handy Road,S118,2018,10,23,5.8,,,,,
Handy Road,S118,2018,10,24,0.2,,,,,
Handy Road,S118,2018,10,25,0.0,,,,,
Handy Road,S118,2018,10,26,0.0,,,,,
Handy Road,S118,2018,10,27,0.2,,,,,
Handy Road,S118,2018,10,28,15.6,,,,,
Handy Road,S118,2018,10,29,3.4,,,,,
Handy Road,S118,2018,10,30,24.6,,,,,
Handy Road,S118,2018,10,31,0.0,,,,,
Handy Road,S118,2018,11,1,2.4,,,,,
Handy Road,S118,2018,11,2,1.2,,,,,
Handy Road,S118,2018,11,3,0.6,,,,,
Handy Road,S118,2018,11,4,11.0,,,,,
Handy Road,S118,2018,11,5,,,,,,
Handy Road,S118,2018,11,6,4.4,,,,,
Handy Road,S118,2018,11,7,32.8,,,,,
Handy Road,S118,2018,11,8,16.6,,,,,
Handy Road,S118,2018,11,9,5.2,,,,,
Handy Road,S118,2018,11,10,7.2,,,,,
Handy Road,S118,2018,11,11,53.6,,,,,
Handy Road,S118,2018,11,12,31.4,,,,,
Handy Road,S118,2018,11,13,0.2,,,,,
Handy Road,S118,2018,11,14,86.0,,,,,
Handy Road,S118,2018,11,15,8.2,,,,,
Handy Road,S118,2018,11,16,0.0,,,,,
Handy Road,S118,2018,11,17,24.6,,,,,
Handy Road,S118,2018,11,18,6.2,,,,,
Handy Road,S118,2018,11,19,7.2,,,,,
Handy Road,S118,2018,11,20,1.0,,,,,
Handy Road,S118,2018,11,21,24.6,,,,,
Handy Road,S118,2018,11,22,,,,,,
Handy Road,S118,2018,11,23,,,,,,
Handy Road,S118,2018,11,24,0.0,,,,,
Handy Road,S118,2018,11,25,13.2,,,,,
Handy Road,S118,2018,11,26,,,,,,
Handy Road,S118,2018,11,27,36.2,,,,,
Handy Road,S118,2018,11,28,0.6,,,,,
Handy Road,S118,2018,11,29,0.0,,,,,
Handy Road,S118,2018,11,30,4.0,,,,,
Handy Road,S118,2018,12,1,17.0,,,,,
Handy Road,S118,2018,12,2,9.2,,,,,
Handy Road,S118,2018,12,3,8.0,,,,,
Handy Road,S118,2018,12,4,0.0,,,,,
Handy Road,S118,2018,12,5,8.0,,,,,
Handy Road,S118,2018,12,6,2.0,,,,,
Handy Road,S118,2018,12,7,1.0,,,,,
Handy Road,S118,2018,12,8,3.2,,,,,
Handy Road,S118,2018,12,9,0.6,,,,,
Handy Road,S118,2018,12,10,0.2,,,,,
Handy Road,S118,2018,12,11,,,,,,
Handy Road,S118,2018,12,12,41.0,,,,,
Handy Road,S118,2018,12,13,0.0,,,,,
Handy Road,S118,2018,12,14,,,,,,
Handy Road,S118,2018,12,15,28.0,,,,,
Handy Road,S118,2018,12,16,12.8,,,,,
Handy Road,S118,2018,12,17,0.0,,,,,
Handy Road,S118,2018,12,18,0.0,,,,,
Handy Road,S118,2018,12,19,10.2,,,,,
Handy Road,S118,2018,12,20,0.6,,,,,
Handy Road,S118,2018,12,21,3.2,,,,,
Handy Road,S118,2018,12,22,1.2,,,,,
Handy Road,S118,2018,12,23,0.0,,,,,
Handy Road,S118,2018,12,24,0.0,,,,,
Handy Road,S118,2018,12,25,0.0,,,,,
Handy Road,S118,2018,12,26,4.2,,,,,
Handy Road,S118,2018,12,27,0.0,,,,,
Handy Road,S118,2018,12,28,0.0,,,,,
Handy Road,S118,2018,12,29,0.0,,,,,
Handy Road,S118,2018,12,30,0.8,,,,,
Handy Road,S118,2018,12,31,50.0,,,,,
Handy Road,S118,2019,1,1,0.0,,,,,
Handy Road,S118,2019,1,2,0.0,,,,,
Handy Road,S118,2019,1,3,0.0,,,,,
Handy Road,S118,2019,1,4,0.0,,,,,
Handy Road,S118,2019,1,5,0.2,,,,,
Handy Road,S118,2019,1,6,0.0,,,,,
Handy Road,S118,2019,1,7,0.0,,,,,
Handy Road,S118,2019,1,8,15.0,,,,,
Handy Road,S118,2019,1,9,0.0,,,,,
Handy Road,S118,2019,1,10,0.0,,,,,
Handy Road,S118,2019,1,11,0.0,,,,,
Handy Road,S118,2019,1,12,38.8,,,,,
Handy Road,S118,2019,1,13,3.8,,,,,
Handy Road,S118,2019,1,14,0.0,,,,,
Handy Road,S118,2019,1,15,4.8,,,,,
Handy Road,S118,2019,1,16,0.0,,,,,
Handy Road,S118,2019,1,17,9.6,,,,,
Handy Road,S118,2019,1,18,40.4,,,,,
Handy Road,S118,2019,1,19,0.0,,,,,
Handy Road,S118,2019,1,20,0.0,,,,,
Handy Road,S118,2019,1,21,5.2,,,,,
Handy Road,S118,2019,1,22,0.0,,,,,
Handy Road,S118,2019,1,23,0.0,,,,,
Handy Road,S118,2019,1,24,0.0,,,,,
Handy Road,S118,2019,1,25,0.0,,,,,
Handy Road,S118,2019,1,26,0.0,,,,,
Handy Road,S118,2019,1,27,0.0,,,,,
Handy Road,S118,2019,1,28,0.2,,,,,
Handy Road,S118,2019,1,29,0.0,,,,,
Handy Road,S118,2019,1,30,0.0,,,,,
Handy Road,S118,2019,1,31,0.0,,,,,
Handy Road,S118,2019,2,1,0.0,,,,,
Handy Road,S118,2019,2,2,0.0,,,,,
Handy Road,S118,2019,2,3,0.0,,,,,
Handy Road,S118,2019,2,4,0.0,,,,,
Handy Road,S118,2019,2,5,0.0,,,,,
Handy Road,S118,2019,2,6,0.0,,,,,
Handy Road,S118,2019,2,7,0.0,,,,,
Handy Road,S118,2019,2,8,0.0,,,,,
Handy Road,S118,2019,2,9,0.0,,,,,
Handy Road,S118,2019,2,10,0.0,,,,,
Handy Road,S118,2019,2,11,0.0,,,,,
Handy Road,S118,2019,2,12,0.0,,,,,
Handy Road,S118,2019,2,13,0.0,,,,,
Handy Road,S118,2019,2,14,0.0,,,,,
Handy Road,S118,2019,2,15,0.0,,,,,
Handy Road,S118,2019,2,16,0.0,,,,,
Handy Road,S118,2019,2,17,3.8,,,,,
Handy Road,S118,2019,2,18,6.4,,,,,
Handy Road,S118,2019,2,19,0.0,,,,,
Handy Road,S118,2019,2,20,0.0,,,,,
Handy Road,S118,2019,2,21,0.0,,,,,
Handy Road,S118,2019,2,22,0.0,,,,,
Handy Road,S118,2019,2,23,0.0,,,,,
Handy Road,S118,2019,2,24,0.0,,,,,
Handy Road,S118,2019,2,25,0.0,,,,,
Handy Road,S118,2019,2,26,0.2,,,,,
Handy Road,S118,2019,2,27,0.0,,,,,
Handy Road,S118,2019,2,28,0.0,,,,,
Handy Road,S118,2019,3,1,0.0,,,,,
Handy Road,S118,2019,3,2,0.0,,,,,
Handy Road,S118,2019,3,3,0.0,,,,,
Handy Road,S118,2019,3,4,6.0,,,,,
Handy Road,S118,2019,3,5,0.2,,,,,
Handy Road,S118,2019,3,6,0.0,,,,,
Handy Road,S118,2019,3,7,0.0,,,,,
Handy Road,S118,2019,3,8,0.0,,,,,
Handy Road,S118,2019,3,9,0.0,,,,,
Handy Road,S118,2019,3,10,0.0,,,,,
Handy Road,S118,2019,3,11,11.6,,,,,
Handy Road,S118,2019,3,12,2.0,,,,,
Handy Road,S118,2019,3,13,0.0,,,,,
Handy Road,S118,2019,3,14,0.0,,,,,
Handy Road,S118,2019,3,15,0.0,,,,,
Handy Road,S118,2019,3,16,0.0,,,,,
Handy Road,S118,2019,3,17,0.0,,,,,
Handy Road,S118,2019,3,18,0.0,,,,,
Handy Road,S118,2019,3,19,0.0,,,,,
Handy Road,S118,2019,3,20,0.0,,,,,
Handy Road,S118,2019,3,21,23.0,,,,,
Handy Road,S118,2019,3,22,0.0,,,,,
Handy Road,S118,2019,3,23,10.0,,,,,
Handy Road,S118,2019,3,24,0.0,,,,,
Handy Road,S118,2019,3,25,0.6,,,,,
Handy Road,S118,2019,3,26,0.0,,,,,
Handy Road,S118,2019,3,27,0.0,,,,,
Handy Road,S118,2019,3,28,0.8,,,,,
Handy Road,S118,2019,3,29,0.0,,,,,
Handy Road,S118,2019,3,30,0.6,,,,,
Handy Road,S118,2019,3,31,0.0,,,,,
Handy Road,S118,2019,4,1,40.4,,,,,
Handy Road,S118,2019,4,2,0.0,,,,,
Handy Road,S118,2019,4,3,32.2,,,,,
Handy Road,S118,2019,4,4,37.6,,,,,
Handy Road,S118,2019,4,5,2.4,,,,,
Handy Road,S118,2019,4,6,0.0,,,,,
Handy Road,S118,2019,4,7,0.0,,,,,
Handy Road,S118,2019,4,8,0.0,,,,,
Handy Road,S118,2019,4,9,0.0,,,,,
Handy Road,S118,2019,4,10,3.4,,,,,
Handy Road,S118,2019,4,11,8.4,,,,,
Handy Road,S118,2019,4,12,0.0,,,,,
Handy Road,S118,2019,4,13,0.0,,,,,
Handy Road,S118,2019,4,14,0.0,,,,,
Handy Road,S118,2019,4,15,0.0,,,,,
Handy Road,S118,2019,4,16,0.0,,,,,
Handy Road,S118,2019,4,17,0.0,,,,,
Handy Road,S118,2019,4,18,0.0,,,,,
Handy Road,S118,2019,4,19,0.0,,,,,
Handy Road,S118,2019,4,20,58.4,,,,,
Handy Road,S118,2019,4,21,0.0,,,,,
Handy Road,S118,2019,4,22,1.0,,,,,
Handy Road,S118,2019,4,23,37.2,,,,,
Handy Road,S118,2019,4,24,26.0,,,,,
Handy Road,S118,2019,4,25,0.2,,,,,
Handy Road,S118,2019,4,26,38.2,,,,,
Handy Road,S118,2019,4,27,25.8,,,,,
Handy Road,S118,2019,4,28,7.0,,,,,
Handy Road,S118,2019,4,29,3.2,,,,,
Handy Road,S118,2019,4,30,0.8,,,,,
Handy Road,S118,2019,5,1,0.0,,,,,
Handy Road,S118,2019,5,2,0.0,,,,,
Handy Road,S118,2019,5,3,0.4,,,,,
Handy Road,S118,2019,5,4,32.0,,,,,
Handy Road,S118,2019,5,5,0.0,,,,,
Handy Road,S118,2019,5,6,0.0,,,,,
Handy Road,S118,2019,5,7,3.4,,,,,
Handy Road,S118,2019,5,8,62.4,,,,,
Handy Road,S118,2019,5,9,0.0,,,,,
Handy Road,S118,2019,5,10,16.8,,,,,
Handy Road,S118,2019,5,11,22.0,,,,,
Handy Road,S118,2019,5,12,0.0,,,,,
Handy Road,S118,2019,5,13,6.2,,,,,
Handy Road,S118,2019,5,14,2.6,,,,,
Handy Road,S118,2019,5,15,0.0,,,,,
Handy Road,S118,2019,5,16,0.2,,,,,
Handy Road,S118,2019,5,17,4.6,,,,,
Handy Road,S118,2019,5,18,0.4,,,,,
Handy Road,S118,2019,5,19,1.4,,,,,
Handy Road,S118,2019,5,20,0.4,,,,,
Handy Road,S118,2019,5,21,3.0,,,,,
Handy Road,S118,2019,5,22,1.4,,,,,
Handy Road,S118,2019,5,23,0.0,,,,,
Handy Road,S118,2019,5,24,0.0,,,,,
Handy Road,S118,2019,5,25,0.0,,,,,
Handy Road,S118,2019,5,26,0.0,,,,,
Handy Road,S118,2019,5,27,9.6,,,,,
Handy Road,S118,2019,5,28,0.6,,,,,
Handy Road,S118,2019,5,29,0.0,,,,,
Handy Road,S118,2019,5,30,36.4,,,,,
Handy Road,S118,2019,5,31,0.0,,,,,
Handy Road,S118,2019,6,1,0.0,,,,,
Handy Road,S118,2019,6,2,23.6,,,,,
Handy Road,S118,2019,6,3,81.4,,,,,
Handy Road,S118,2019,6,4,0.0,,,,,
Handy Road,S118,2019,6,5,8.6,,,,,
Handy Road,S118,2019,6,6,17.4,,,,,
Handy Road,S118,2019,6,7,7.0,,,,,
Handy Road,S118,2019,6,8,0.0,,,,,
Handy Road,S118,2019,6,9,0.0,,,,,
Handy Road,S118,2019,6,10,0.4,,,,,
Handy Road,S118,2019,6,11,5.6,,,,,
Handy Road,S118,2019,6,12,53.6,,,,,
Handy Road,S118,2019,6,13,8.8,,,,,
Handy Road,S118,2019,6,14,0.4,,,,,
Handy Road,S118,2019,6,15,0.0,,,,,
Handy Road,S118,2019,6,16,0.0,,,,,
Handy Road,S118,2019,6,17,0.0,,,,,
Handy Road,S118,2019,6,18,4.4,,,,,
Handy Road,S118,2019,6,19,24.2,,,,,
Handy Road,S118,2019,6,20,0.0,,,,,
Handy Road,S118,2019,6,21,0.0,,,,,
Handy Road,S118,2019,6,22,7.4,,,,,
Handy Road,S118,2019,6,23,0.0,,,,,
Handy Road,S118,2019,6,24,0.0,,,,,
Handy Road,S118,2019,6,25,0.0,,,,,
Handy Road,S118,2019,6,26,17.8,,,,,
Handy Road,S118,2019,6,27,0.0,,,,,
Handy Road,S118,2019,6,28,0.0,,,,,
Handy Road,S118,2019,6,29,6.8,,,,,
Handy Road,S118,2019,6,30,1.4,,,,,
Handy Road,S118,2019,7,1,0.0,,,,,
Handy Road,S118,2019,7,2,0.0,,,,,
Handy Road,S118,2019,7,3,0.0,,,,,
Handy Road,S118,2019,7,4,0.0,,,,,
Handy Road,S118,2019,7,5,4.2,,,,,
Handy Road,S118,2019,7,6,0.0,,,,,
Handy Road,S118,2019,7,7,0.0,,,,,
Handy Road,S118,2019,7,8,2.0,,,,,
Handy Road,S118,2019,7,9,3.0,,,,,
Handy Road,S118,2019,7,10,0.0,,,,,
Handy Road,S118,2019,7,11,0.0,,,,,
Handy Road,S118,2019,7,12,0.0,,,,,
Handy Road,S118,2019,7,13,0.0,,,,,
Handy Road,S118,2019,7,14,0.0,,,,,
Handy Road,S118,2019,7,15,6.2,,,,,
Handy Road,S118,2019,7,16,0.0,,,,,
Handy Road,S118,2019,7,17,0.0,,,,,
Handy Road,S118,2019,7,18,0.0,,,,,
Handy Road,S118,2019,7,19,0.0,,,,,
Handy Road,S118,2019,7,20,0.0,,,,,
Handy Road,S118,2019,7,21,0.0,,,,,
Handy Road,S118,2019,7,22,0.0,,,,,
Handy Road,S118,2019,7,23,12.4,,,,,
Handy Road,S118,2019,7,24,10.8,,,,,
Handy Road,S118,2019,7,25,0.0,,,,,
Handy Road,S118,2019,7,26,0.0,,,,,
Handy Road,S118,2019,7,27,0.0,,,,,
Handy Road,S118,2019,7,28,0.0,,,,,
Handy Road,S118,2019,7,29,0.0,,,,,
Handy Road,S118,2019,7,30,0.0,,,,,
Handy Road,S118,2019,7,31,0.0,,,,,
Handy Road,S118,2019,8,1,0.0,,,,,
Handy Road,S118,2019,8,2,0.0,,,,,
Handy Road,S118,2019,8,3,0.0,,,,,
Handy Road,S118,2019,8,4,0.4,,,,,
Handy Road,S118,2019,8,5,0.4,,,,,
Handy Road,S118,2019,8,6,0.0,,,,,
Handy Road,S118,2019,8,7,0.0,,,,,
Handy Road,S118,2019,8,8,0.0,,,,,
Handy Road,S118,2019,8,9,0.0,,,,,
Handy Road,S118,2019,8,10,0.0,,,,,
Handy Road,S118,2019,8,11,0.0,,,,,
Handy Road,S118,2019,8,12,0.0,,,,,
Handy Road,S118,2019,8,13,0.0,,,,,
Handy Road,S118,2019,8,14,0.0,,,,,
Handy Road,S118,2019,8,15,0.0,,,,,
Handy Road,S118,2019,8,16,0.0,,,,,
Handy Road,S118,2019,8,17,8.0,,,,,
Handy Road,S118,2019,8,18,0.0,,,,,
Handy Road,S118,2019,8,19,0.0,,,,,
Handy Road,S118,2019,8,20,0.0,,,,,
Handy Road,S118,2019,8,21,0.0,,,,,
Handy Road,S118,2019,8,22,0.0,,,,,
Handy Road,S118,2019,8,23,0.0,,,,,
Handy Road,S118,2019,8,24,0.0,,,,,
Handy Road,S118,2019,8,25,0.0,,,,,
Handy Road,S118,2019,8,26,1.4,,,,,
Handy Road,S118,2019,8,27,18.6,,,,,
Handy Road,S118,2019,8,28,4.0,,,,,
Handy Road,S118,2019,8,29,0.0,,,,,
Handy Road,S118,2019,8,30,9.8,,,,,
Handy Road,S118,2019,8,31,0.0,,,,,
Handy Road,S118,2019,9,1,0.0,,,,,
Handy Road,S118,2019,9,2,9.0,,,,,
Handy Road,S118,2019,9,3,0.0,,,,,
Handy Road,S118,2019,9,4,8.4,,,,,
Handy Road,S118,2019,9,5,0.0,,,,,
Handy Road,S118,2019,9,6,0.0,,,,,
Handy Road,S118,2019,9,7,0.0,,,,,
Handy Road,S118,2019,9,8,0.0,,,,,
Handy Road,S118,2019,9,9,0.0,,,,,
Handy Road,S118,2019,9,10,0.0,,,,,
Handy Road,S118,2019,9,11,0.0,,,,,
Handy Road,S118,2019,9,12,0.0,,,,,
Handy Road,S118,2019,9,13,0.0,,,,,
Handy Road,S118,2019,9,14,0.0,,,,,
Handy Road,S118,2019,9,15,0.0,,,,,
Handy Road,S118,2019,9,16,0.0,,,,,
Handy Road,S118,2019,9,17,0.0,,,,,
Handy Road,S118,2019,9,18,0.0,,,,,
Handy Road,S118,2019,9,19,0.0,,,,,
Handy Road,S118,2019,9,20,0.0,,,,,
Handy Road,S118,2019,9,21,0.0,,,,,
Handy Road,S118,2019,9,22,0.0,,,,,
Handy Road,S118,2019,9,23,0.0,,,,,
Handy Road,S118,2019,9,24,0.2,,,,,
Handy Road,S118,2019,9,25,20.2,,,,,
Handy Road,S118,2019,9,26,0.0,,,,,
Handy Road,S118,2019,9,27,0.0,,,,,
Handy Road,S118,2019,9,28,0.0,,,,,
Handy Road,S118,2019,9,29,23.6,,,,,
Handy Road,S118,2019,9,30,1.0,,,,,
Handy Road,S118,2019,10,1,0.4,,,,,
Handy Road,S118,2019,10,2,1.8,,,,,
Handy Road,S118,2019,10,3,0.0,,,,,
Handy Road,S118,2019,10,4,0.0,,,,,
Handy Road,S118,2019,10,5,1.2,,,,,
Handy Road,S118,2019,10,6,0.0,,,,,
Handy Road,S118,2019,10,7,5.4,,,,,
Handy Road,S118,2019,10,8,0.0,,,,,
Handy Road,S118,2019,10,9,0.0,,,,,
Handy Road,S118,2019,10,10,0.0,,,,,
Handy Road,S118,2019,10,11,0.0,,,,,
Handy Road,S118,2019,10,12,0.0,,,,,
Handy Road,S118,2019,10,13,0.0,,,,,
Handy Road,S118,2019,10,14,0.0,,,,,
Handy Road,S118,2019,10,15,0.0,,,,,
Handy Road,S118,2019,10,16,0.0,,,,,
Handy Road,S118,2019,10,17,0.4,,,,,
Handy Road,S118,2019,10,18,0.0,,,,,
Handy Road,S118,2019,10,19,0.0,,,,,
Handy Road,S118,2019,10,20,0.8,,,,,
Handy Road,S118,2019,10,21,0.6,,,,,
Handy Road,S118,2019,10,22,15.4,,,,,
Handy Road,S118,2019,10,23,1.6,,,,,
Handy Road,S118,2019,10,24,0.0,,,,,
Handy Road,S118,2019,10,25,0.0,,,,,
Handy Road,S118,2019,10,26,9.2,,,,,
Handy Road,S118,2019,10,27,42.0,,,,,
Handy Road,S118,2019,10,28,0.8,,,,,
Handy Road,S118,2019,10,29,0.0,,,,,
Handy Road,S118,2019,10,30,0.0,,,,,
Handy Road,S118,2019,10,31,0.0,,,,,
Handy Road,S118,2019,11,1,0.0,,,,,
Handy Road,S118,2019,11,2,0.0,,,,,
Handy Road,S118,2019,11,3,3.2,,,,,
Handy Road,S118,2019,11,4,0.0,,,,,
Handy Road,S118,2019,11,5,6.0,,,,,
Handy Road,S118,2019,11,6,0.0,,,,,
Handy Road,S118,2019,11,7,0.0,,,,,
Handy Road,S118,2019,11,8,5.2,,,,,
Handy Road,S118,2019,11,9,0.0,,,,,
Handy Road,S118,2019,11,10,0.0,,,,,
Handy Road,S118,2019,11,11,0.0,,,,,
Handy Road,S118,2019,11,12,0.6,,,,,
Handy Road,S118,2019,11,13,0.0,,,,,
Handy Road,S118,2019,11,14,1.0,,,,,
Handy Road,S118,2019,11,15,0.0,,,,,
Handy Road,S118,2019,11,16,0.0,,,,,
Handy Road,S118,2019,11,17,0.0,,,,,
Handy Road,S118,2019,11,18,0.2,,,,,
Handy Road,S118,2019,11,19,8.8,,,,,
Handy Road,S118,2019,11,20,20.4,,,,,
Handy Road,S118,2019,11,21,,,,,,
Handy Road,S118,2019,11,22,0.0,,,,,
Handy Road,S118,2019,11,23,1.8,,,,,
Handy Road,S118,2019,11,24,9.6,,,,,
Handy Road,S118,2019,11,25,0.0,,,,,
Handy Road,S118,2019,11,26,0.0,,,,,
Handy Road,S118,2019,11,27,0.8,,,,,
Handy Road,S118,2019,11,28,8.6,,,,,
Handy Road,S118,2019,11,29,43.0,,,,,
Handy Road,S118,2019,11,30,0.0,,,,,
Handy Road,S118,2019,12,1,0.4,,,,,
Handy Road,S118,2019,12,2,34.8,,,,,
Handy Road,S118,2019,12,3,0.0,,,,,
Handy Road,S118,2019,12,4,0.0,,,,,
Handy Road,S118,2019,12,5,0.0,,,,,
Handy Road,S118,2019,12,6,0.0,,,,,
Handy Road,S118,2019,12,7,,,,,,
Handy Road,S118,2019,12,8,,,,,,
Handy Road,S118,2019,12,9,,,,,,
Handy Road,S118,2019,12,10,,,,,,
Handy Road,S118,2019,12,11,,,,,,
Handy Road,S118,2019,12,12,,,,,,
Handy Road,S118,2019,12,13,43.6,,,,,
Handy Road,S118,2019,12,14,27.4,,,,,
Handy Road,S118,2019,12,15,35.6,,,,,
Handy Road,S118,2019,12,16,2.0,,,,,
Handy Road,S118,2019,12,17,20.2,,,,,
Handy Road,S118,2019,12,18,1.0,,,,,
Handy Road,S118,2019,12,19,0.0,,,,,
Handy Road,S118,2019,12,20,,,,,,
Handy Road,S118,2019,12,21,17.6,,,,,
Handy Road,S118,2019,12,22,0.0,,,,,
Handy Road,S118,2019,12,23,27.6,,,,,
Handy Road,S118,2019,12,24,,,,,,
Handy Road,S118,2019,12,25,2.8,,,,,
Handy Road,S118,2019,12,26,0.0,,,,,
Handy Road,S118,2019,12,27,0.0,,,,,
Handy Road,S118,2019,12,28,0.0,,,,,
Handy Road,S118,2019,12,29,0.0,,,,,
Handy Road,S118,2019,12,30,0.0,,,,,
Handy Road,S118,2019,12,31,0.0,,,,,
Handy Road,S118,2020,1,1,0.0,,,,,
Handy Road,S118,2020,1,2,0.0,,,,,
Handy Road,S118,2020,1,3,0.2,,,,,
Handy Road,S118,2020,1,4,0.6,,,,,
Handy Road,S118,2020,1,5,0.0,,,,,
Handy Road,S118,2020,1,6,13.8,,,,,
Handy Road,S118,2020,1,7,3.0,,,,,
Handy Road,S118,2020,1,8,0.2,,,,,
Handy Road,S118,2020,1,9,0.2,,,,,
Handy Road,S118,2020,1,10,2.0,,,,,
Handy Road,S118,2020,1,11,0.0,,,,,
Handy Road,S118,2020,1,12,5.4,,,,,
Handy Road,S118,2020,1,13,0.0,,,,,
Handy Road,S118,2020,1,14,0.0,,,,,
Handy Road,S118,2020,1,15,0.0,,,,,
Handy Road,S118,2020,1,16,0.4,,,,,
Handy Road,S118,2020,1,17,0.0,,,,,
Handy Road,S118,2020,1,18,3.4,,,,,
Handy Road,S118,2020,1,19,0.0,,,,,
Handy Road,S118,2020,1,20,0.0,,,,,
Handy Road,S118,2020,1,21,23.6,,,,,
Handy Road,S118,2020,1,22,0.0,,,,,
Handy Road,S118,2020,1,23,0.0,,,,,
Handy Road,S118,2020,1,24,0.0,,,,,
Handy Road,S118,2020,1,25,0.0,,,,,
Handy Road,S118,2020,1,26,0.0,,,,,
Handy Road,S118,2020,1,27,14.6,,,,,
Handy Road,S118,2020,1,28,0.0,,,,,
Handy Road,S118,2020,1,29,79.8,,,,,
Handy Road,S118,2020,1,30,0.0,,,,,
Handy Road,S118,2020,1,31,0.0,,,,,
Handy Road,S118,2020,2,1,0.0,,,,,
Handy Road,S118,2020,2,2,0.2,,,,,
Handy Road,S118,2020,2,3,0.0,,,,,
Handy Road,S118,2020,2,4,0.0,,,,,
Handy Road,S118,2020,2,5,0.0,,,,,
Handy Road,S118,2020,2,6,0.0,,,,,
Handy Road,S118,2020,2,7,0.0,,,,,
Handy Road,S118,2020,2,8,0.0,,,,,
Handy Road,S118,2020,2,9,3.6,,,,,
Handy Road,S118,2020,2,10,2.8,,,,,
Handy Road,S118,2020,2,11,80.6,,,,,
Handy Road,S118,2020,2,12,0.0,,,,,
Handy Road,S118,2020,2,13,0.0,,,,,
Handy Road,S118,2020,2,14,0.0,,,,,
Handy Road,S118,2020,2,15,0.0,,,,,
Handy Road,S118,2020,2,16,1.2,,,,,
Handy Road,S118,2020,2,17,0.0,,,,,
Handy Road,S118,2020,2,18,0.0,,,,,
Handy Road,S118,2020,2,19,0.0,,,,,
Handy Road,S118,2020,2,20,0.0,,,,,
Handy Road,S118,2020,2,21,11.6,,,,,
Handy Road,S118,2020,2,22,1.0,,,,,
Handy Road,S118,2020,2,23,0.0,,,,,
Handy Road,S118,2020,2,24,2.2,,,,,
Handy Road,S118,2020,2,25,0.0,,,,,
Handy Road,S118,2020,2,26,0.0,,,,,
Handy Road,S118,2020,2,27,0.0,,,,,
Handy Road,S118,2020,2,28,0.0,,,,,
Handy Road,S118,2020,2,29,0.0,,,,,
Handy Road,S118,2020,3,1,0.0,,,,,
Handy Road,S118,2020,3,2,0.0,,,,,
Handy Road,S118,2020,3,3,0.0,,,,,
Handy Road,S118,2020,3,4,0.6,,,,,
Handy Road,S118,2020,3,5,0.0,,,,,
Handy Road,S118,2020,3,6,8.4,,,,,
Handy Road,S118,2020,3,7,22.6,,,,,
Handy Road,S118,2020,3,8,0.0,,,,,
Handy Road,S118,2020,3,9,0.0,,,,,
Handy Road,S118,2020,3,10,0.2,,,,,
Handy Road,S118,2020,3,11,1.8,,,,,
Handy Road,S118,2020,3,12,0.0,,,,,
Handy Road,S118,2020,3,13,0.0,,,,,
Handy Road,S118,2020,3,14,0.0,,,,,
Handy Road,S118,2020,3,15,0.8,,,,,
Handy Road,S118,2020,3,16,0.0,,,,,
Handy Road,S118,2020,3,17,0.0,,,,,
Handy Road,S118,2020,3,18,1.2,,,,,
Handy Road,S118,2020,3,19,4.2,,,,,
Handy Road,S118,2020,3,20,0.0,,,,,
Handy Road,S118,2020,3,21,1.6,,,,,
Handy Road,S118,2020,3,22,17.6,,,,,
Handy Road,S118,2020,3,23,29.0,,,,,
Handy Road,S118,2020,3,24,0.0,,,,,
Handy Road,S118,2020,3,25,4.4,,,,,
Handy Road,S118,2020,3,26,0.4,,,,,
Handy Road,S118,2020,3,27,23.0,,,,,
Handy Road,S118,2020,3,28,0.0,,,,,
Handy Road,S118,2020,3,29,0.0,,,,,
Handy Road,S118,2020,3,30,0.0,,,,,
Handy Road,S118,2020,3,31,0.0,,,,,
Handy Road,S118,2020,4,1,0.0,,,,,
Handy Road,S118,2020,4,2,2.4,,,,,
Handy Road,S118,2020,4,3,15.4,,,,,
Handy Road,S118,2020,4,4,0.0,,,,,
Handy Road,S118,2020,4,5,0.0,,,,,
Handy Road,S118,2020,4,6,33.6,,,,,
Handy Road,S118,2020,4,7,35.2,,,,,
Handy Road,S118,2020,4,8,0.4,,,,,
Handy Road,S118,2020,4,9,0.0,,,,,
Handy Road,S118,2020,4,10,0.0,,,,,
Handy Road,S118,2020,4,11,0.0,,,,,
Handy Road,S118,2020,4,12,10.8,,,,,
Handy Road,S118,2020,4,13,7.4,,,,,
Handy Road,S118,2020,4,14,0.0,,,,,
Handy Road,S118,2020,4,15,0.0,,,,,
Handy Road,S118,2020,4,16,0.0,,,,,
Handy Road,S118,2020,4,17,0.0,,,,,
Handy Road,S118,2020,4,18,0.0,,,,,
Handy Road,S118,2020,4,19,0.0,,,,,
Handy Road,S118,2020,4,20,0.0,,,,,
Handy Road,S118,2020,4,21,4.2,,,,,
Handy Road,S118,2020,4,22,0.4,,,,,
Handy Road,S118,2020,4,23,11.0,,,,,
Handy Road,S118,2020,4,24,21.4,,,,,
Handy Road,S118,2020,4,25,1.4,,,,,
Handy Road,S118,2020,4,26,2.0,,,,,
Handy Road,S118,2020,4,27,42.4,,,,,
Handy Road,S118,2020,4,28,0.0,,,,,
Handy Road,S118,2020,4,29,38.2,,,,,
Handy Road,S118,2020,4,30,80.8,,,,,
Handy Road,S118,2020,5,1,10.8,,,,,
Handy Road,S118,2020,5,2,0.0,,,,,
Handy Road,S118,2020,5,3,7.4,,,,,
Handy Road,S118,2020,5,4,12.0,,,,,
Handy Road,S118,2020,5,5,0.0,,,,,
Handy Road,S118,2020,5,6,30.4,,,,,
Handy Road,S118,2020,5,7,0.0,,,,,
Handy Road,S118,2020,5,8,23.4,,,,,
Handy Road,S118,2020,5,9,0.0,,,,,
Handy Road,S118,2020,5,10,19.0,,,,,
Handy Road,S118,2020,5,11,19.4,,,,,
Handy Road,S118,2020,5,12,0.0,,,,,
Handy Road,S118,2020,5,13,7.0,,,,,
Handy Road,S118,2020,5,14,5.2,,,,,
Handy Road,S118,2020,5,15,0.0,,,,,
Handy Road,S118,2020,5,16,0.0,,,,,
Handy Road,S118,2020,5,17,21.6,,,,,
Handy Road,S118,2020,5,18,1.6,,,,,
Handy Road,S118,2020,5,19,0.0,,,,,
Handy Road,S118,2020,5,20,5.6,,,,,
Handy Road,S118,2020,5,21,0.0,,,,,
Handy Road,S118,2020,5,22,41.0,,,,,
Handy Road,S118,2020,5,23,17.8,,,,,
Handy Road,S118,2020,5,24,0.0,,,,,
Handy Road,S118,2020,5,25,0.0,,,,,
Handy Road,S118,2020,5,26,43.2,,,,,
Handy Road,S118,2020,5,27,27.4,,,,,
Handy Road,S118,2020,5,28,31.2,,,,,
Handy Road,S118,2020,5,29,0.0,,,,,
Handy Road,S118,2020,5,30,0.0,,,,,
Handy Road,S118,2020,5,31,0.0,,,,,
Handy Road,S118,2020,6,1,11.8,,,,,
Handy Road,S118,2020,6,2,0.0,,,,,
Handy Road,S118,2020,6,3,0.0,,,,,
Handy Road,S118,2020,6,4,28.4,,,,,
Handy Road,S118,2020,6,5,3.4,,,,,
Handy Road,S118,2020,6,6,5.6,,,,,
Handy Road,S118,2020,6,7,0.0,,,,,
Handy Road,S118,2020,6,8,0.0,,,,,
Handy Road,S118,2020,6,9,0.0,,,,,
Handy Road,S118,2020,6,10,3.8,,,,,
Handy Road,S118,2020,6,11,2.6,,,,,
Handy Road,S118,2020,6,12,8.8,,,,,
Handy Road,S118,2020,6,13,26.2,,,,,
Handy Road,S118,2020,6,14,26.8,,,,,
Handy Road,S118,2020,6,15,0.0,,,,,
Handy Road,S118,2020,6,16,10.4,,,,,
Handy Road,S118,2020,6,17,21.8,,,,,
Handy Road,S118,2020,6,18,1.2,,,,,
Handy Road,S118,2020,6,19,3.4,,,,,
Handy Road,S118,2020,6,20,29.4,,,,,
Handy Road,S118,2020,6,21,35.8,,,,,
Handy Road,S118,2020,6,22,,,,,,
Handy Road,S118,2020,6,23,,,,,,
Handy Road,S118,2020,6,24,,,,,,
Handy Road,S118,2020,6,25,,,,,,
Handy Road,S118,2020,6,26,0.0,,,,,
Handy Road,S118,2020,6,27,0.8,,,,,
Handy Road,S118,2020,6,28,4.6,,,,,
Handy Road,S118,2020,6,29,11.0,,,,,
Handy Road,S118,2020,6,30,0.0,,,,,
Handy Road,S118,2020,7,1,0.0,,,,,
Handy Road,S118,2020,7,2,0.0,,,,,
Handy Road,S118,2020,7,3,0.0,,,,,
Handy Road,S118,2020,7,4,3.2,,,,,
Handy Road,S118,2020,7,5,0.0,,,,,
Handy Road,S118,2020,7,6,0.0,,,,,
Handy Road,S118,2020,7,7,0.8,,,,,
Handy Road,S118,2020,7,8,0.0,,,,,
Handy Road,S118,2020,7,9,32.6,,,,,
Handy Road,S118,2020,7,10,0.0,,,,,
Handy Road,S118,2020,7,11,1.6,,,,,
Handy Road,S118,2020,7,12,5.0,,,,,
Handy Road,S118,2020,7,13,37.4,,,,,
Handy Road,S118,2020,7,14,0.2,,,,,
Handy Road,S118,2020,7,15,0.0,,,,,
Handy Road,S118,2020,7,16,0.2,,,,,
Handy Road,S118,2020,7,17,0.2,,,,,
Handy Road,S118,2020,7,18,0.0,,,,,
Handy Road,S118,2020,7,19,0.0,,,,,
Handy Road,S118,2020,7,20,0.0,,,,,
Handy Road,S118,2020,7,21,0.0,,,,,
Handy Road,S118,2020,7,22,0.0,,,,,
Handy Road,S118,2020,7,23,4.6,,,,,
Handy Road,S118,2020,7,24,5.0,,,,,
Handy Road,S118,2020,7,25,3.0,,,,,
Handy Road,S118,2020,7,26,3.8,,,,,
Handy Road,S118,2020,7,27,38.8,,,,,
Handy Road,S118,2020,7,28,0.2,,,,,
Handy Road,S118,2020,7,29,19.8,,,,,
Handy Road,S118,2020,7,30,0.4,,,,,
Handy Road,S118,2020,7,31,1.4,,,,,
Handy Road,S118,2020,8,1,4.0,,,,,
Handy Road,S118,2020,8,2,0.0,,,,,
Handy Road,S118,2020,8,3,0.0,,,,,
Handy Road,S118,2020,8,4,6.2,,,,,
Handy Road,S118,2020,8,5,0.0,,,,,
Handy Road,S118,2020,8,6,0.0,,,,,
Handy Road,S118,2020,8,7,0.0,,,,,
Handy Road,S118,2020,8,8,0.0,,,,,
Handy Road,S118,2020,8,9,0.0,,,,,
Handy Road,S118,2020,8,10,0.0,,,,,
Handy Road,S118,2020,8,11,0.0,,,,,
Handy Road,S118,2020,8,12,0.0,,,,,
Handy Road,S118,2020,8,13,51.8,,,,,
Handy Road,S118,2020,8,14,71.4,,,,,
Handy Road,S118,2020,8,15,0.0,,,,,
Handy Road,S118,2020,8,16,0.0,,,,,
Handy Road,S118,2020,8,17,68.2,,,,,
Handy Road,S118,2020,8,18,2.2,,,,,
Handy Road,S118,2020,8,19,3.2,,,,,
Handy Road,S118,2020,8,20,1.4,,,,,
Handy Road,S118,2020,8,21,0.0,,,,,
Handy Road,S118,2020,8,22,0.2,,,,,
Handy Road,S118,2020,8,23,16.8,,,,,
Handy Road,S118,2020,8,24,0.0,,,,,
Handy Road,S118,2020,8,25,5.4,,,,,
Handy Road,S118,2020,8,26,12.8,,,,,
Handy Road,S118,2020,8,27,0.0,,,,,
Handy Road,S118,2020,8,28,0.0,,,,,
Handy Road,S118,2020,8,29,32.0,,,,,
Handy Road,S118,2020,8,30,0.0,,,,,
Handy Road,S118,2020,8,31,0.0,,,,,
Handy Road,S118,2020,9,1,0.2,,,,,
Handy Road,S118,2020,9,2,0.0,,,,,
Handy Road,S118,2020,9,3,2.0,,,,,
Handy Road,S118,2020,9,4,19.8,,,,,
Handy Road,S118,2020,9,5,57.4,,,,,
Handy Road,S118,2020,9,6,8.8,,,,,
Handy Road,S118,2020,9,7,0.2,,,,,
Handy Road,S118,2020,9,8,0.0,,,,,
Handy Road,S118,2020,9,9,0.0,,,,,
Handy Road,S118,2020,9,10,12.0,,,,,
Handy Road,S118,2020,9,11,16.0,,,,,
Handy Road,S118,2020,9,12,14.8,,,,,
Handy Road,S118,2020,9,13,40.8,,,,,
Handy Road,S118,2020,9,14,8.8,,,,,
Handy Road,S118,2020,9,15,0.0,,,,,
Handy Road,S118,2020,9,16,31.2,,,,,
Handy Road,S118,2020,9,17,0.4,,,,,
Handy Road,S118,2020,9,18,0.0,,,,,
Handy Road,S118,2020,9,19,4.4,,,,,
Handy Road,S118,2020,9,20,0.6,,,,,
Handy Road,S118,2020,9,21,5.6,,,,,
Handy Road,S118,2020,9,22,0.0,,,,,
Handy Road,S118,2020,9,23,0.0,,,,,
Handy Road,S118,2020,9,24,2.2,,,,,
Handy Road,S118,2020,9,25,21.2,,,,,
Handy Road,S118,2020,9,26,56.4,,,,,
Handy Road,S118,2020,9,27,6.2,,,,,
Handy Road,S118,2020,9,28,0.0,,,,,
Handy Road,S118,2020,9,29,3.6,,,,,
Handy Road,S118,2020,9,30,3.4,,,,,
Handy Road,S118,2020,10,1,13.6,,,,,
Handy Road,S118,2020,10,2,9.2,,,,,
Handy Road,S118,2020,10,3,2.6,,,,,
Handy Road,S118,2020,10,4,0.0,,,,,
Handy Road,S118,2020,10,5,0.0,,,,,
Handy Road,S118,2020,10,6,0.0,,,,,
Handy Road,S118,2020,10,7,11.0,,,,,
Handy Road,S118,2020,10,8,18.6,,,,,
Handy Road,S118,2020,10,9,0.0,,,,,
Handy Road,S118,2020,10,10,14.0,,,,,
Handy Road,S118,2020,10,11,6.6,,,,,
Handy Road,S118,2020,10,12,0.0,,,,,
Handy Road,S118,2020,10,13,0.0,,,,,
Handy Road,S118,2020,10,14,0.0,,,,,
Handy Road,S118,2020,10,15,2.2,,,,,
Handy Road,S118,2020,10,16,0.8,,,,,
Handy Road,S118,2020,10,17,0.0,,,,,
Handy Road,S118,2020,10,18,5.2,,,,,
Handy Road,S118,2020,10,19,1.4,,,,,
Handy Road,S118,2020,10,20,0.8,,,,,
Handy Road,S118,2020,10,21,1.8,,,,,
Handy Road,S118,2020,10,22,15.4,,,,,
Handy Road,S118,2020,10,23,0.0,,,,,
Handy Road,S118,2020,10,24,3.0,,,,,
Handy Road,S118,2020,10,25,1.2,,,,,
Handy Road,S118,2020,10,26,14.2,,,,,
Handy Road,S118,2020,10,27,0.0,,,,,
Handy Road,S118,2020,10,28,41.6,,,,,
Handy Road,S118,2020,10,29,0.0,,,,,
Handy Road,S118,2020,10,30,0.0,,,,,
Handy Road,S118,2020,10,31,,,,,,
Handy Road,S118,2020,11,1,0.0,,,,,
Handy Road,S118,2020,11,2,,,,,,
Handy Road,S118,2020,11,3,0.0,,,,,
Handy Road,S118,2020,11,4,,,,,,
Handy Road,S118,2020,11,5,0.0,,,,,
Handy Road,S118,2020,11,6,0.0,,,,,
Handy Road,S118,2020,11,7,,,,,,
Handy Road,S118,2020,11,8,,,,,,
Handy Road,S118,2020,11,9,,,,,,
Handy Road,S118,2020,11,10,17.0,,,,,
Handy Road,S118,2020,11,11,0.0,,,,,
Handy Road,S118,2020,11,12,0.0,,,,,
Handy Road,S118,2020,11,13,0.6,,,,,
Handy Road,S118,2020,11,14,0.2,,,,,
Handy Road,S118,2020,11,15,,,,,,
Handy Road,S118,2020,11,16,,,,,,
Handy Road,S118,2020,11,17,0.6,,,,,
Handy Road,S118,2020,11,18,0.0,,,,,
Handy Road,S118,2020,11,19,,,,,,
Handy Road,S118,2020,11,20,2.5,,,,,
Handy Road,S118,2020,11,21,,,,,,
Handy Road,S118,2020,11,22,26.5,,,,,
Handy Road,S118,2020,11,23,15.5,,,,,
Handy Road,S118,2020,11,24,0.5,,,,,
Handy Road,S118,2020,11,25,0.0,,,,,
Handy Road,S118,2020,11,26,1.5,,,,,
Handy Road,S118,2020,11,27,0.0,,,,,
Handy Road,S118,2020,11,28,3.5,,,,,
Handy Road,S118,2020,11,29,0.0,,,,,
Handy Road,S118,2020,11,30,17.0,,,,,
