station,station_id,year,month,day,rainfall_mm,temp_mean_c,temp_max_c,temp_min_c,wind_mean_kmh,wind_max_kmh
Seletar Meteorological Station,S25,2013,1,1,0.0,27.4,32.7,24.1,10.6,37.1
Seletar Meteorological Station,S25,2013,1,2,20.9,26.6,31.4,23.8,9.2,42.5
Seletar Meteorological Station,S25,2013,1,3,5.9,27.1,32.4,24.7,10.2,38.9
Seletar Meteorological Station,S25,2013,1,4,0.0,27.7,31.3,25.4,14.9,31.3
Seletar Meteorological Station,S25,2013,1,5,0.0,28.0,31.3,25.7,12.1,37.1
Seletar Meteorological Station,S25,2013,1,6,0.0,28.5,34.3,25.0,9.9,33.5
Seletar Meteorological Station,S25,2013,1,7,0.0,29.8,35.1,25.7,13.0,46.4
Seletar Meteorological Station,S25,2013,1,8,39.0,27.5,33.2,22.7,11.9,59.4
Seletar Meteorological Station,S25,2013,1,9,60.9,26.9,32.9,23.3,10.0,66.6
Seletar Meteorological Station,S25,2013,1,10,0.0,27.5,31.3,25.1,,
Seletar Meteorological Station,S25,2013,1,11,0.0,27.9,31.4,26.1,17.3,40.7
Seletar Meteorological Station,S25,2013,1,12,0.0,27.9,32.6,25.3,13.0,33.5
Seletar Meteorological Station,S25,2013,1,13,20.0,26.7,31.6,24.4,8.3,38.9
Seletar Meteorological Station,S25,2013,1,14,4.9,27.5,31.4,25.6,16.1,40.7
Seletar Meteorological Station,S25,2013,1,15,1.5,27.3,31.1,25.2,18.1,40.7
Seletar Meteorological Station,S25,2013,1,16,0.5,27.3,30.2,25.6,20.7,42.5
Seletar Meteorological Station,S25,2013,1,17,0.0,27.6,31.5,24.9,21.8,46.4
Seletar Meteorological Station,S25,2013,1,18,76.1,27.4,33.2,24.6,17.5,51.8
Seletar Meteorological Station,S25,2013,1,19,53.0,24.1,25.2,22.8,10.5,42.5
Seletar Meteorological Station,S25,2013,1,20,10.1,24.9,26.5,24.1,7.7,31.3
Seletar Meteorological Station,S25,2013,1,21,1.2,27.1,31.5,24.5,14.3,35.3
Seletar Meteorological Station,S25,2013,1,22,2.5,26.2,28.6,24.2,14.6,35.3
Seletar Meteorological Station,S25,2013,1,23,0.0,27.5,31.3,25.2,17.5,42.5
Seletar Meteorological Station,S25,2013,1,24,0.4,27.4,31.2,25.3,16.6,40.7
Seletar Meteorological Station,S25,2013,1,25,0.0,27.4,31.3,25.0,18.0,38.9
Seletar Meteorological Station,S25,2013,1,26,0.0,27.6,31.3,25.2,17.4,40.7
Seletar Meteorological Station,S25,2013,1,27,0.0,27.5,31.6,24.9,17.8,40.7
Seletar Meteorological Station,S25,2013,1,28,1.0,27.5,31.3,25.0,17.9,38.9
Seletar Meteorological Station,S25,2013,1,29,0.0,27.4,31.6,24.6,20.2,44.3
Seletar Meteorological Station,S25,2013,1,30,0.0,27.8,32.1,24.6,19.1,44.3
Seletar Meteorological Station,S25,2013,1,31,0.0,27.8,32.1,25.2,19.5,40.7
Seletar Meteorological Station,S25,2013,2,1,0.0,28.2,32.1,25.9,21.5,50.0
Seletar Meteorological Station,S25,2013,2,2,0.0,28.7,33.1,25.7,21.4,46.4
Seletar Meteorological Station,S25,2013,2,3,48.3,26.4,29.3,24.8,12.0,40.7
Seletar Meteorological Station,S25,2013,2,4,1.0,26.9,29.4,24.2,13.0,29.5
Seletar Meteorological Station,S25,2013,2,5,2.1,26.7,29.7,24.0,12.4,35.3
Seletar Meteorological Station,S25,2013,2,6,22.1,26.0,29.9,24.6,8.6,35.3
Seletar Meteorological Station,S25,2013,2,7,6.5,26.9,31.6,24.8,11.3,35.3
Seletar Meteorological Station,S25,2013,2,8,19.5,26.2,30.2,24.4,6.5,37.1
Seletar Meteorological Station,S25,2013,2,9,32.3,26.6,31.8,24.3,9.0,31.3
Seletar Meteorological Station,S25,2013,2,10,11.3,25.0,26.1,23.6,13.2,38.9
Seletar Meteorological Station,S25,2013,2,11,1.2,25.7,29.7,24.0,10.8,38.9
Seletar Meteorological Station,S25,2013,2,12,3.0,26.2,30.0,24.2,13.0,38.9
Seletar Meteorological Station,S25,2013,2,13,4.4,27.0,31.0,25.1,14.9,42.5
Seletar Meteorological Station,S25,2013,2,14,95.3,25.1,27.8,23.6,7.4,42.5
Seletar Meteorological Station,S25,2013,2,15,3.9,26.0,30.8,23.9,10.6,46.4
Seletar Meteorological Station,S25,2013,2,16,13.7,26.3,30.4,24.5,10.2,37.1
Seletar Meteorological Station,S25,2013,2,17,1.8,25.1,26.3,24.1,10.7,29.5
Seletar Meteorological Station,S25,2013,2,18,12.5,26.4,31.0,24.4,11.5,44.3
Seletar Meteorological Station,S25,2013,2,19,0.3,26.5,28.5,25.0,9.0,27.7
Seletar Meteorological Station,S25,2013,2,20,0.0,27.7,32.2,25.3,12.6,35.3
Seletar Meteorological Station,S25,2013,2,21,0.1,27.2,30.8,25.0,12.0,27.7
Seletar Meteorological Station,S25,2013,2,22,0.0,28.0,32.9,25.4,17.1,38.9
Seletar Meteorological Station,S25,2013,2,23,0.0,28.5,32.9,25.2,14.5,44.3
Seletar Meteorological Station,S25,2013,2,24,0.0,28.2,31.3,25.2,14.6,38.9
Seletar Meteorological Station,S25,2013,2,25,67.5,27.3,32.3,23.9,8.8,46.4
Seletar Meteorological Station,S25,2013,2,26,56.2,27.4,32.9,25.2,9.8,37.1
Seletar Meteorological Station,S25,2013,2,27,2.4,27.6,32.3,25.0,8.8,31.3
Seletar Meteorological Station,S25,2013,2,28,10.9,28.1,33.8,25.3,9.2,27.7
Seletar Meteorological Station,S25,2013,3,1,2.8,28.3,33.7,25.4,10.2,25.9
Seletar Meteorological Station,S25,2013,3,2,6.4,28.4,33.9,25.1,13.8,35.3
Seletar Meteorological Station,S25,2013,3,3,0.0,28.1,31.5,25.8,21.3,42.5
Seletar Meteorological Station,S25,2013,3,4,0.0,28.2,31.7,25.3,19.9,53.6
Seletar Meteorological Station,S25,2013,3,5,0.0,28.0,31.8,25.9,17.8,50.0
Seletar Meteorological Station,S25,2013,3,6,0.0,27.9,31.8,25.7,16.8,37.1
Seletar Meteorological Station,S25,2013,3,7,0.0,28.1,32.3,25.4,15.9,42.5
Seletar Meteorological Station,S25,2013,3,8,0.0,28.5,32.6,26.0,21.2,42.5
Seletar Meteorological Station,S25,2013,3,9,0.0,27.6,32.1,25.6,12.1,37.1
Seletar Meteorological Station,S25,2013,3,10,12.0,27.7,34.0,24.7,8.4,38.9
Seletar Meteorological Station,S25,2013,3,11,0.0,28.1,33.4,25.7,13.8,35.3
Seletar Meteorological Station,S25,2013,3,12,0.0,28.3,33.5,24.8,11.6,33.5
Seletar Meteorological Station,S25,2013,3,13,5.2,27.9,33.8,24.7,10.8,31.3
Seletar Meteorological Station,S25,2013,3,14,0.0,28.0,33.2,25.8,12.9,29.5
Seletar Meteorological Station,S25,2013,3,15,0.0,28.7,33.7,25.5,15.1,37.1
Seletar Meteorological Station,S25,2013,3,16,0.0,28.9,33.0,25.8,15.4,33.5
Seletar Meteorological Station,S25,2013,3,17,43.9,27.2,32.7,24.0,9.0,40.7
Seletar Meteorological Station,S25,2013,3,18,0.0,28.8,34.3,25.3,13.6,33.5
Seletar Meteorological Station,S25,2013,3,19,0.0,28.9,34.2,25.6,14.7,38.9
Seletar Meteorological Station,S25,2013,3,20,0.0,29.1,34.9,26.3,9.7,27.7
Seletar Meteorological Station,S25,2013,3,21,0.0,29.1,33.4,27.3,10.2,33.5
Seletar Meteorological Station,S25,2013,3,22,0.0,28.7,33.1,26.7,9.5,29.5
Seletar Meteorological Station,S25,2013,3,23,23.3,28.5,34.5,26.1,9.7,40.7
Seletar Meteorological Station,S25,2013,3,24,0.5,28.5,34.5,26.4,7.7,44.3
Seletar Meteorological Station,S25,2013,3,25,7.1,28.1,33.9,25.7,7.1,29.5
Seletar Meteorological Station,S25,2013,3,26,0.0,28.5,34.4,24.7,7.6,33.5
Seletar Meteorological Station,S25,2013,3,27,1.7,29.5,33.7,26.4,8.3,31.3
Seletar Meteorological Station,S25,2013,3,28,0.0,28.8,32.7,26.6,,
Seletar Meteorological Station,S25,2013,3,29,7.7,28.4,33.6,25.4,6.8,37.1
Seletar Meteorological Station,S25,2013,3,30,24.3,28.5,34.2,26.0,6.2,38.9
Seletar Meteorological Station,S25,2013,3,31,0.0,28.9,35.2,26.0,5.6,44.3
Seletar Meteorological Station,S25,2013,4,1,1.1,28.7,34.8,25.2,7.6,42.5
Seletar Meteorological Station,S25,2013,4,2,13.8,28.8,33.7,26.3,7.6,31.3
Seletar Meteorological Station,S25,2013,4,3,0.9,28.5,34.8,25.9,6.6,27.7
Seletar Meteorological Station,S25,2013,4,4,28.9,27.8,33.6,25.6,7.2,25.9
Seletar Meteorological Station,S25,2013,4,5,0.0,29.7,34.4,25.9,9.0,25.9
Seletar Meteorological Station,S25,2013,4,6,2.8,28.4,31.5,26.6,10.7,55.4
Seletar Meteorological Station,S25,2013,4,7,0.0,28.9,32.0,26.6,8.7,27.7
Seletar Meteorological Station,S25,2013,4,8,17.9,28.4,33.5,25.6,5.4,29.5
Seletar Meteorological Station,S25,2013,4,9,0.0,28.4,33.9,25.9,6.4,29.5
Seletar Meteorological Station,S25,2013,4,10,0.0,29.0,32.7,26.8,7.9,25.9
Seletar Meteorological Station,S25,2013,4,11,0.0,28.0,30.5,25.7,6.3,18.4
Seletar Meteorological Station,S25,2013,4,12,0.0,29.3,34.2,26.1,9.3,24.1
Seletar Meteorological Station,S25,2013,4,13,31.7,29.6,36.4,25.4,9.9,51.8
Seletar Meteorological Station,S25,2013,4,14,0.2,26.2,29.1,22.3,7.6,55.4
Seletar Meteorological Station,S25,2013,4,15,0.0,29.9,36.2,25.8,8.3,22.3
Seletar Meteorological Station,S25,2013,4,16,17.9,29.6,35.8,26.9,7.8,27.7
Seletar Meteorological Station,S25,2013,4,17,1.2,28.9,33.0,24.4,10.6,40.7
Seletar Meteorological Station,S25,2013,4,18,1.0,30.6,35.6,27.1,8.8,31.3
Seletar Meteorological Station,S25,2013,4,19,0.1,27.6,31.0,24.8,6.7,25.9
Seletar Meteorological Station,S25,2013,4,20,0.0,30.2,35.2,26.2,8.9,25.9
Seletar Meteorological Station,S25,2013,4,21,26.7,26.8,32.9,23.9,6.6,51.8
Seletar Meteorological Station,S25,2013,4,22,0.0,28.5,35.0,23.8,6.5,35.3
Seletar Meteorological Station,S25,2013,4,23,0.0,28.5,31.9,26.2,,
Seletar Meteorological Station,S25,2013,4,24,0.0,28.8,35.0,26.5,7.5,31.3
Seletar Meteorological Station,S25,2013,4,25,20.2,29.0,33.6,26.2,,
Seletar Meteorological Station,S25,2013,4,26,0.8,27.5,31.1,23.6,7.0,40.7
Seletar Meteorological Station,S25,2013,4,27,15.1,28.1,33.9,25.4,5.5,37.1
Seletar Meteorological Station,S25,2013,4,28,7.8,26.3,27.7,24.0,6.2,31.3
Seletar Meteorological Station,S25,2013,4,29,0.0,28.5,33.8,25.3,8.3,33.5
Seletar Meteorological Station,S25,2013,4,30,0.0,29.4,34.1,26.0,8.3,35.3
Seletar Meteorological Station,S25,2013,5,1,14.0,28.4,31.5,26.7,6.5,27.7
Seletar Meteorological Station,S25,2013,5,2,39.3,28.1,33.2,24.8,5.9,37.1
Seletar Meteorological Station,S25,2013,5,3,0.3,28.0,31.0,26.0,7.3,24.1
Seletar Meteorological Station,S25,2013,5,4,0.0,29.2,32.8,26.3,11.0,31.3
Seletar Meteorological Station,S25,2013,5,5,25.9,28.0,31.9,25.2,5.6,29.5
Seletar Meteorological Station,S25,2013,5,6,33.0,28.0,33.8,25.6,5.5,29.5
Seletar Meteorological Station,S25,2013,5,7,78.2,27.4,33.7,24.0,6.3,29.5
Seletar Meteorological Station,S25,2013,5,8,0.3,27.8,33.2,25.3,8.4,42.5
Seletar Meteorological Station,S25,2013,5,9,2.8,28.2,34.3,25.4,7.7,48.2
Seletar Meteorological Station,S25,2013,5,10,2.8,28.0,33.5,25.4,8.2,31.3
Seletar Meteorological Station,S25,2013,5,11,0.0,28.5,32.3,26.7,13.0,31.3
Seletar Meteorological Station,S25,2013,5,12,0.0,30.4,36.3,26.8,12.6,37.1
Seletar Meteorological Station,S25,2013,5,13,0.0,30.6,34.9,28.5,10.6,27.7
Seletar Meteorological Station,S25,2013,5,14,61.0,28.7,32.9,24.6,5.8,33.5
Seletar Meteorological Station,S25,2013,5,15,42.6,29.3,35.2,26.3,8.7,25.9
Seletar Meteorological Station,S25,2013,5,16,1.0,27.5,32.4,23.2,9.8,46.4
Seletar Meteorological Station,S25,2013,5,17,0.0,29.7,35.6,26.1,6.5,22.3
Seletar Meteorological Station,S25,2013,5,18,0.0,28.6,31.5,26.3,8.8,31.3
Seletar Meteorological Station,S25,2013,5,19,0.0,29.8,34.8,25.9,6.5,24.1
Seletar Meteorological Station,S25,2013,5,20,0.2,29.2,34.0,26.9,7.9,24.1
Seletar Meteorological Station,S25,2013,5,21,3.6,28.2,34.9,25.4,6.2,50.0
Seletar Meteorological Station,S25,2013,5,22,1.1,27.8,32.0,25.2,5.0,27.7
Seletar Meteorological Station,S25,2013,5,23,0.4,28.7,33.7,25.9,5.6,24.1
Seletar Meteorological Station,S25,2013,5,24,39.1,26.8,30.2,23.4,5.7,31.3
Seletar Meteorological Station,S25,2013,5,25,0.0,29.2,34.5,26.0,8.0,27.7
Seletar Meteorological Station,S25,2013,5,26,4.0,27.6,32.9,24.7,6.4,31.3
Seletar Meteorological Station,S25,2013,5,27,0.0,28.8,34.7,25.0,8.4,20.5
Seletar Meteorological Station,S25,2013,5,28,0.0,29.1,33.8,26.0,6.0,33.5
Seletar Meteorological Station,S25,2013,5,29,0.7,27.4,28.6,26.4,5.4,16.6
Seletar Meteorological Station,S25,2013,5,30,3.1,27.4,33.5,24.5,8.3,50.0
Seletar Meteorological Station,S25,2013,5,31,52.6,27.7,33.2,24.1,6.6,22.3
Seletar Meteorological Station,S25,2013,6,1,25.8,27.7,35.0,22.2,6.9,55.4
Seletar Meteorological Station,S25,2013,6,2,0.0,29.3,34.9,25.6,6.6,31.3
Seletar Meteorological Station,S25,2013,6,3,25.7,28.6,33.4,24.9,6.3,33.5
Seletar Meteorological Station,S25,2013,6,4,0.9,28.2,33.7,25.5,7.2,31.3
Seletar Meteorological Station,S25,2013,6,5,103.9,27.2,34.2,23.8,7.5,44.3
Seletar Meteorological Station,S25,2013,6,6,13.4,28.5,34.6,24.6,8.9,27.7
Seletar Meteorological Station,S25,2013,6,7,56.0,28.3,33.9,24.4,7.3,55.4
Seletar Meteorological Station,S25,2013,6,8,0.9,28.1,34.0,25.0,7.5,40.7
Seletar Meteorological Station,S25,2013,6,9,3.5,28.2,31.9,25.1,9.2,31.3
Seletar Meteorological Station,S25,2013,6,10,2.9,29.4,33.5,26.1,9.6,31.3
Seletar Meteorological Station,S25,2013,6,11,0.0,29.8,33.4,24.8,9.9,35.3
Seletar Meteorological Station,S25,2013,6,12,0.0,30.1,33.7,27.1,9.3,40.7
Seletar Meteorological Station,S25,2013,6,13,0.0,30.4,34.6,26.8,8.7,38.9
Seletar Meteorological Station,S25,2013,6,14,0.0,30.8,34.7,27.7,9.0,35.3
Seletar Meteorological Station,S25,2013,6,15,0.0,30.8,35.4,27.6,7.3,31.3
Seletar Meteorological Station,S25,2013,6,16,6.6,31.1,35.3,26.9,9.5,38.9
Seletar Meteorological Station,S25,2013,6,17,0.0,29.4,33.1,26.8,7.0,27.7
Seletar Meteorological Station,S25,2013,6,18,0.0,30.6,34.8,26.9,,
Seletar Meteorological Station,S25,2013,6,19,0.0,30.5,35.1,26.7,9.5,38.9
Seletar Meteorological Station,S25,2013,6,20,0.0,30.1,34.7,26.8,8.4,33.5
Seletar Meteorological Station,S25,2013,6,21,0.0,30.1,34.8,26.6,8.5,29.5
Seletar Meteorological Station,S25,2013,6,22,0.0,30.7,35.8,27.2,7.2,29.5
Seletar Meteorological Station,S25,2013,6,23,0.0,30.9,35.9,26.9,7.1,31.3
Seletar Meteorological Station,S25,2013,6,24,0.0,30.5,35.4,28.3,8.4,24.1
Seletar Meteorological Station,S25,2013,6,25,0.6,29.4,34.1,26.7,8.1,42.5
Seletar Meteorological Station,S25,2013,6,26,1.0,28.0,30.3,24.7,6.9,40.7
Seletar Meteorological Station,S25,2013,6,27,0.0,29.7,34.5,26.0,7.2,24.1
Seletar Meteorological Station,S25,2013,6,28,2.0,29.4,34.5,26.0,7.5,29.5
Seletar Meteorological Station,S25,2013,6,29,8.7,29.4,33.3,26.7,6.2,22.3
Seletar Meteorological Station,S25,2013,6,30,6.2,27.5,29.8,24.9,6.6,40.7
Seletar Meteorological Station,S25,2013,7,1,0.0,28.8,33.1,25.8,8.3,33.5
Seletar Meteorological Station,S25,2013,7,2,0.3,28.0,32.4,25.7,9.7,38.9
Seletar Meteorological Station,S25,2013,7,3,0.0,29.0,33.7,25.3,8.1,24.1
Seletar Meteorological Station,S25,2013,7,4,2.0,27.5,31.2,24.6,6.4,29.5
Seletar Meteorological Station,S25,2013,7,5,0.0,27.3,31.8,24.6,7.7,24.1
Seletar Meteorological Station,S25,2013,7,6,0.0,29.5,34.1,26.3,14.7,33.5
Seletar Meteorological Station,S25,2013,7,7,0.0,29.7,34.1,26.6,11.7,35.3
Seletar Meteorological Station,S25,2013,7,8,47.8,28.8,34.1,25.6,9.7,42.5
Seletar Meteorological Station,S25,2013,7,9,4.9,26.5,29.2,23.6,9.9,37.1
Seletar Meteorological Station,S25,2013,7,10,0.0,28.9,33.4,25.5,11.3,33.5
Seletar Meteorological Station,S25,2013,7,11,46.0,27.4,32.2,23.8,6.0,44.3
Seletar Meteorological Station,S25,2013,7,12,2.3,27.6,32.3,24.9,7.1,38.9
Seletar Meteorological Station,S25,2013,7,13,0.0,27.9,31.2,24.5,7.1,24.1
Seletar Meteorological Station,S25,2013,7,14,1.1,27.7,29.6,24.9,5.9,33.5
Seletar Meteorological Station,S25,2013,7,15,0.0,27.4,32.3,24.7,9.4,33.5
Seletar Meteorological Station,S25,2013,7,16,2.6,27.5,32.3,24.9,6.1,33.5
Seletar Meteorological Station,S25,2013,7,17,2.9,26.9,31.8,25.0,7.4,35.3
Seletar Meteorological Station,S25,2013,7,18,3.1,26.6,28.9,24.6,8.3,24.1
Seletar Meteorological Station,S25,2013,7,19,0.0,28.7,32.8,25.3,8.4,27.7
Seletar Meteorological Station,S25,2013,7,20,0.0,29.5,34.1,25.9,9.1,29.5
Seletar Meteorological Station,S25,2013,7,21,0.0,29.8,34.6,26.3,7.8,29.5
Seletar Meteorological Station,S25,2013,7,22,0.0,29.7,34.1,26.3,11.3,37.1
Seletar Meteorological Station,S25,2013,7,23,0.0,30.1,34.5,27.5,14.4,33.5
Seletar Meteorological Station,S25,2013,7,24,0.0,29.7,34.8,26.2,12.7,33.5
Seletar Meteorological Station,S25,2013,7,25,0.0,28.2,32.5,24.8,10.0,33.5
Seletar Meteorological Station,S25,2013,7,26,11.3,26.9,33.3,23.7,8.5,29.5
Seletar Meteorological Station,S25,2013,7,27,1.0,25.9,27.6,24.7,7.0,38.9
Seletar Meteorological Station,S25,2013,7,28,0.0,28.8,34.3,24.5,8.4,38.9
Seletar Meteorological Station,S25,2013,7,29,30.5,27.8,30.9,22.8,7.2,44.3
Seletar Meteorological Station,S25,2013,7,30,0.0,27.8,32.3,25.6,8.5,35.3
Seletar Meteorological Station,S25,2013,7,31,34.2,28.8,33.2,25.4,11.9,29.5
Seletar Meteorological Station,S25,2013,8,1,10.0,27.6,31.3,22.4,8.9,27.7
Seletar Meteorological Station,S25,2013,8,2,0.1,27.4,30.4,24.6,9.7,27.7
Seletar Meteorological Station,S25,2013,8,3,0.0,29.8,34.2,26.6,11.8,29.5
Seletar Meteorological Station,S25,2013,8,4,14.2,28.9,32.7,23.1,9.6,35.3
Seletar Meteorological Station,S25,2013,8,5,45.5,27.2,30.7,23.4,10.4,33.5
Seletar Meteorological Station,S25,2013,8,6,0.1,28.8,32.7,25.3,8.6,29.5
Seletar Meteorological Station,S25,2013,8,7,2.3,29.1,32.4,26.1,10.4,31.3
Seletar Meteorological Station,S25,2013,8,8,0.0,27.6,29.5,23.9,11.5,44.3
Seletar Meteorological Station,S25,2013,8,9,0.4,28.0,31.7,25.8,10.1,31.3
Seletar Meteorological Station,S25,2013,8,10,15.8,27.7,32.9,23.7,10.4,31.3
Seletar Meteorological Station,S25,2013,8,11,8.2,27.3,32.9,22.5,8.3,42.5
Seletar Meteorological Station,S25,2013,8,12,1.7,27.6,32.9,23.0,8.7,27.7
Seletar Meteorological Station,S25,2013,8,13,1.6,26.7,29.8,22.8,9.0,31.3
Seletar Meteorological Station,S25,2013,8,14,0.6,27.6,30.8,25.6,8.3,29.5
Seletar Meteorological Station,S25,2013,8,15,0.0,29.0,32.9,26.1,12.1,33.5
Seletar Meteorological Station,S25,2013,8,16,0.0,28.9,33.0,25.7,11.4,33.5
Seletar Meteorological Station,S25,2013,8,17,0.9,28.1,33.7,25.6,7.7,50.0
Seletar Meteorological Station,S25,2013,8,18,0.0,28.5,33.3,25.9,9.3,31.3
Seletar Meteorological Station,S25,2013,8,19,1.8,28.5,33.2,25.1,9.1,33.5
Seletar Meteorological Station,S25,2013,8,20,0.0,27.2,31.2,25.1,6.6,33.5
Seletar Meteorological Station,S25,2013,8,21,0.0,28.7,33.2,25.6,13.2,37.1
Seletar Meteorological Station,S25,2013,8,22,23.0,28.8,33.5,24.6,11.6,33.5
Seletar Meteorological Station,S25,2013,8,23,0.0,29.3,33.5,27.3,11.6,31.3
Seletar Meteorological Station,S25,2013,8,24,0.0,29.6,34.2,26.8,13.7,40.7
Seletar Meteorological Station,S25,2013,8,25,0.0,29.4,33.7,27.5,14.7,38.9
Seletar Meteorological Station,S25,2013,8,26,0.3,28.3,31.9,25.1,12.4,38.9
Seletar Meteorological Station,S25,2013,8,27,0.0,29.6,34.3,27.2,12.8,29.5
Seletar Meteorological Station,S25,2013,8,28,13.4,27.9,33.5,23.9,10.5,40.7
Seletar Meteorological Station,S25,2013,8,29,2.6,27.5,31.8,25.3,8.3,37.1
Seletar Meteorological Station,S25,2013,8,30,0.0,28.0,32.8,24.5,8.5,44.3
Seletar Meteorological Station,S25,2013,8,31,0.0,28.8,33.3,25.8,9.0,27.7
Seletar Meteorological Station,S25,2013,9,1,0.0,28.1,32.6,26.2,9.1,29.5
Seletar Meteorological Station,S25,2013,9,2,35.5,27.7,33.4,23.4,7.7,38.9
Seletar Meteorological Station,S25,2013,9,3,0.0,27.0,30.1,24.6,6.5,25.9
Seletar Meteorological Station,S25,2013,9,4,2.5,26.8,31.0,24.5,7.4,24.1
Seletar Meteorological Station,S25,2013,9,5,67.5,25.7,28.2,24.0,7.4,31.3
Seletar Meteorological Station,S25,2013,9,6,51.8,26.4,30.6,22.4,8.8,29.5
Seletar Meteorological Station,S25,2013,9,7,15.9,26.2,30.3,22.3,7.2,27.7
Seletar Meteorological Station,S25,2013,9,8,2.5,26.8,32.3,22.5,7.8,24.1
Seletar Meteorological Station,S25,2013,9,9,8.8,26.4,31.7,23.6,7.0,38.9
Seletar Meteorological Station,S25,2013,9,10,3.2,25.9,27.8,23.8,8.2,33.5
Seletar Meteorological Station,S25,2013,9,11,0.0,28.0,32.6,24.1,9.6,35.3
Seletar Meteorological Station,S25,2013,9,12,0.0,28.9,32.0,25.6,12.4,33.5
Seletar Meteorological Station,S25,2013,9,13,0.0,28.5,31.8,26.4,8.8,35.3
Seletar Meteorological Station,S25,2013,9,14,0.0,29.0,32.8,26.5,10.3,33.5
Seletar Meteorological Station,S25,2013,9,15,18.4,25.8,27.9,23.7,7.2,38.9
Seletar Meteorological Station,S25,2013,9,16,0.0,28.0,32.2,24.7,8.7,27.7
Seletar Meteorological Station,S25,2013,9,17,1.4,27.3,31.6,25.3,8.0,37.1
Seletar Meteorological Station,S25,2013,9,18,0.0,29.0,33.0,26.0,10.6,25.9
Seletar Meteorological Station,S25,2013,9,19,0.0,29.6,34.4,26.9,10.4,35.3
Seletar Meteorological Station,S25,2013,9,20,0.0,29.8,34.2,27.0,13.2,35.3
Seletar Meteorological Station,S25,2013,9,21,0.0,29.5,32.9,26.8,15.6,38.9
Seletar Meteorological Station,S25,2013,9,22,0.0,30.1,34.0,27.6,15.3,35.3
Seletar Meteorological Station,S25,2013,9,23,0.0,30.1,35.0,27.1,13.0,31.3
Seletar Meteorological Station,S25,2013,9,24,0.0,30.2,34.3,27.4,14.6,37.1
Seletar Meteorological Station,S25,2013,9,25,30.9,27.5,31.3,22.9,8.0,48.2
Seletar Meteorological Station,S25,2013,9,26,33.9,26.4,30.6,23.0,6.5,63.0
Seletar Meteorological Station,S25,2013,9,27,0.0,28.6,32.4,25.6,8.4,24.1
Seletar Meteorological Station,S25,2013,9,28,35.6,28.4,31.9,26.3,6.6,31.3
Seletar Meteorological Station,S25,2013,9,29,0.9,27.7,32.2,22.9,7.9,42.5
Seletar Meteorological Station,S25,2013,9,30,0.0,28.3,32.6,25.2,9.6,31.3
Seletar Meteorological Station,S25,2013,10,1,0.0,29.3,34.0,25.9,13.8,38.9
Seletar Meteorological Station,S25,2013,10,2,6.9,27.2,30.7,24.1,8.8,35.3
Seletar Meteorological Station,S25,2013,10,3,0.0,27.6,33.6,25.2,8.1,37.1
Seletar Meteorological Station,S25,2013,10,4,4.6,28.9,34.0,25.5,8.0,27.7
Seletar Meteorological Station,S25,2013,10,5,5.2,28.8,33.4,23.9,10.5,37.1
Seletar Meteorological Station,S25,2013,10,6,1.0,28.8,33.5,22.9,10.5,57.2
Seletar Meteorological Station,S25,2013,10,7,1.2,28.6,33.7,23.6,7.6,27.7
Seletar Meteorological Station,S25,2013,10,8,22.9,29.7,34.5,24.7,10.0,31.3
Seletar Meteorological Station,S25,2013,10,9,0.0,28.2,33.1,23.0,8.3,29.5
Seletar Meteorological Station,S25,2013,10,10,3.0,27.9,33.2,25.3,7.2,29.5
Seletar Meteorological Station,S25,2013,10,11,1.7,27.5,31.1,25.8,7.8,25.9
Seletar Meteorological Station,S25,2013,10,12,1.1,28.3,31.6,25.7,8.8,27.7
Seletar Meteorological Station,S25,2013,10,13,42.1,28.2,32.9,25.9,8.1,33.5
Seletar Meteorological Station,S25,2013,10,14,9.4,27.4,30.4,23.4,7.2,37.1
Seletar Meteorological Station,S25,2013,10,15,8.6,27.7,31.7,23.7,12.0,46.4
Seletar Meteorological Station,S25,2013,10,16,0.0,29.2,34.0,26.1,10.1,38.9
Seletar Meteorological Station,S25,2013,10,17,0.3,29.1,33.0,26.4,12.5,31.3
Seletar Meteorological Station,S25,2013,10,18,2.6,28.8,32.5,25.0,13.1,35.3
Seletar Meteorological Station,S25,2013,10,19,0.0,28.0,32.3,25.3,6.7,24.1
Seletar Meteorological Station,S25,2013,10,20,3.7,27.1,32.6,24.2,7.7,25.9
Seletar Meteorological Station,S25,2013,10,21,27.5,27.9,31.3,25.3,8.1,24.1
Seletar Meteorological Station,S25,2013,10,22,0.0,27.3,31.8,23.7,7.6,22.3
Seletar Meteorological Station,S25,2013,10,23,0.0,28.0,33.3,24.6,7.9,25.9
Seletar Meteorological Station,S25,2013,10,24,27.0,27.1,33.2,23.9,6.0,55.4
Seletar Meteorological Station,S25,2013,10,25,0.0,28.2,32.8,25.0,9.3,29.5
Seletar Meteorological Station,S25,2013,10,26,0.0,28.0,33.1,25.1,9.9,35.3
Seletar Meteorological Station,S25,2013,10,27,6.5,26.8,33.2,24.5,8.8,44.3
Seletar Meteorological Station,S25,2013,10,28,12.0,26.6,33.6,23.6,6.8,37.1
Seletar Meteorological Station,S25,2013,10,29,8.0,27.6,31.9,24.7,7.5,33.5
Seletar Meteorological Station,S25,2013,10,30,0.5,27.3,31.8,25.2,6.8,29.5
Seletar Meteorological Station,S25,2013,10,31,13.2,27.2,33.5,24.7,7.8,37.1
Seletar Meteorological Station,S25,2013,11,1,61.4,26.9,33.6,23.1,5.4,33.5
Seletar Meteorological Station,S25,2013,11,2,5.7,27.0,31.6,24.9,6.8,48.2
Seletar Meteorological Station,S25,2013,11,3,0.0,27.7,31.7,25.2,6.8,25.9
Seletar Meteorological Station,S25,2013,11,4,104.0,27.0,32.4,24.1,8.9,35.3
Seletar Meteorological Station,S25,2013,11,5,96.2,27.0,34.1,23.3,8.6,44.3
Seletar Meteorological Station,S25,2013,11,6,0.0,27.2,31.9,22.5,7.6,25.9
Seletar Meteorological Station,S25,2013,11,7,0.0,28.9,33.6,25.3,8.9,27.7
Seletar Meteorological Station,S25,2013,11,8,4.4,27.8,34.1,25.0,8.8,33.5
Seletar Meteorological Station,S25,2013,11,9,19.3,26.8,32.1,25.2,5.1,25.9
Seletar Meteorological Station,S25,2013,11,10,2.4,27.1,30.6,24.3,4.9,35.3
Seletar Meteorological Station,S25,2013,11,11,29.3,27.7,32.4,24.4,7.7,33.5
Seletar Meteorological Station,S25,2013,11,12,3.4,25.7,28.1,23.5,5.9,33.5
Seletar Meteorological Station,S25,2013,11,13,79.8,27.6,33.9,23.8,7.3,77.8
Seletar Meteorological Station,S25,2013,11,14,2.7,26.8,31.2,23.3,6.1,35.3
Seletar Meteorological Station,S25,2013,11,15,3.6,26.6,31.9,25.1,7.9,35.3
Seletar Meteorological Station,S25,2013,11,16,0.0,27.8,32.4,24.7,8.7,25.9
Seletar Meteorological Station,S25,2013,11,17,0.0,26.5,28.0,25.4,8.7,25.9
Seletar Meteorological Station,S25,2013,11,18,0.0,27.4,31.3,24.8,12.6,42.5
Seletar Meteorological Station,S25,2013,11,19,0.0,27.9,32.0,25.3,6.9,40.7
Seletar Meteorological Station,S25,2013,11,20,1.4,28.1,31.4,24.7,9.4,33.5
Seletar Meteorological Station,S25,2013,11,21,0.1,29.0,33.3,25.0,9.9,33.5
Seletar Meteorological Station,S25,2013,11,22,40.2,27.9,31.8,24.7,6.9,20.5
Seletar Meteorological Station,S25,2013,11,23,1.0,27.0,31.0,22.7,7.0,46.4
Seletar Meteorological Station,S25,2013,11,24,0.1,27.6,31.8,25.5,7.0,31.3
Seletar Meteorological Station,S25,2013,11,25,10.2,27.3,32.7,24.1,6.3,42.5
Seletar Meteorological Station,S25,2013,11,26,6.9,27.2,31.1,25.5,7.1,33.5
Seletar Meteorological Station,S25,2013,11,27,24.5,27.8,34.1,23.7,6.2,37.1
Seletar Meteorological Station,S25,2013,11,28,1.9,27.3,32.7,25.2,7.8,29.5
Seletar Meteorological Station,S25,2013,11,29,3.0,27.9,32.0,25.3,9.1,35.3
Seletar Meteorological Station,S25,2013,11,30,15.0,27.2,32.8,25.3,8.0,44.3
Seletar Meteorological Station,S25,2013,12,1,31.7,26.2,28.3,25.1,9.4,25.9
Seletar Meteorological Station,S25,2013,12,2,11.3,25.0,25.7,24.6,6.3,20.5
Seletar Meteorological Station,S25,2013,12,3,78.5,25.8,30.4,23.8,6.5,27.7
Seletar Meteorological Station,S25,2013,12,4,0.0,25.9,28.6,23.6,8.5,29.5
Seletar Meteorological Station,S25,2013,12,5,0.5,26.8,31.3,24.4,9.1,24.1
Seletar Meteorological Station,S25,2013,12,6,11.4,25.6,30.2,23.3,7.6,42.5
Seletar Meteorological Station,S25,2013,12,7,0.0,27.0,32.4,23.4,7.9,27.7
Seletar Meteorological Station,S25,2013,12,8,40.0,25.3,29.5,23.9,9.6,24.1
Seletar Meteorological Station,S25,2013,12,9,0.0,27.1,32.0,24.3,7.7,27.7
Seletar Meteorological Station,S25,2013,12,10,7.9,27.3,31.4,25.1,5.5,25.9
Seletar Meteorological Station,S25,2013,12,11,0.0,27.7,32.0,25.1,9.7,27.7
Seletar Meteorological Station,S25,2013,12,12,11.2,27.6,31.7,25.6,12.5,44.3
Seletar Meteorological Station,S25,2013,12,13,0.0,28.0,31.8,25.5,12.8,31.3
Seletar Meteorological Station,S25,2013,12,14,72.0,27.2,32.6,22.8,9.0,51.8
Seletar Meteorological Station,S25,2013,12,15,13.0,26.7,34.3,23.0,8.1,50.0
Seletar Meteorological Station,S25,2013,12,16,0.0,28.6,34.3,24.8,8.7,33.5
Seletar Meteorological Station,S25,2013,12,17,0.0,28.4,33.8,24.9,8.4,29.5
Seletar Meteorological Station,S25,2013,12,18,103.5,26.9,33.7,22.0,10.4,42.5
Seletar Meteorological Station,S25,2013,12,19,0.0,26.0,29.2,22.9,14.5,35.3
Seletar Meteorological Station,S25,2013,12,20,3.3,25.8,28.3,23.8,8.0,31.3
Seletar Meteorological Station,S25,2013,12,21,0.0,26.5,30.6,23.9,11.6,37.1
Seletar Meteorological Station,S25,2013,12,22,0.2,27.1,31.6,24.8,13.9,40.7
Seletar Meteorological Station,S25,2013,12,23,2.0,25.8,28.0,24.4,16.8,35.3
Seletar Meteorological Station,S25,2013,12,24,0.0,27.3,30.1,25.2,14.9,46.4
Seletar Meteorological Station,S25,2013,12,25,0.0,27.5,30.4,25.9,15.5,42.5
Seletar Meteorological Station,S25,2013,12,26,5.2,26.8,30.6,24.9,14.3,35.3
Seletar Meteorological Station,S25,2013,12,27,0.0,27.2,29.9,25.1,19.7,42.5
Seletar Meteorological Station,S25,2013,12,28,11.9,26.5,30.2,24.8,19.8,46.4
Seletar Meteorological Station,S25,2013,12,29,0.0,26.4,29.1,24.9,16.2,40.7
Seletar Meteorological Station,S25,2013,12,30,0.8,26.7,29.5,24.8,17.0,40.7
Seletar Meteorological Station,S25,2013,12,31,2.3,26.1,27.8,25.2,14.6,37.1
Seletar Meteorological Station,S25,2014,1,1,0.0,26.9,29.3,25.1,15.5,37.1
Seletar Meteorological Station,S25,2014,1,2,0.0,27.4,31.3,25.2,17.5,40.7
Seletar Meteorological Station,S25,2014,1,3,0.2,27.2,30.5,25.3,12.6,33.5
Seletar Meteorological Station,S25,2014,1,4,0.0,27.1,31.6,24.8,8.2,46.4
Seletar Meteorological Station,S25,2014,1,5,6.6,25.2,26.5,23.8,8.6,27.7
Seletar Meteorological Station,S25,2014,1,6,39.0,25.5,27.6,24.0,7.2,35.3
Seletar Meteorological Station,S25,2014,1,7,0.0,27.1,31.0,24.2,9.4,29.5
Seletar Meteorological Station,S25,2014,1,8,0.0,27.5,32.1,24.8,12.9,35.3
Seletar Meteorological Station,S25,2014,1,9,4.4,25.9,28.4,24.4,5.6,25.9
Seletar Meteorological Station,S25,2014,1,10,1.0,27.1,30.9,24.1,6.9,22.3
Seletar Meteorological Station,S25,2014,1,11,3.2,27.2,32.3,24.1,14.3,44.3
Seletar Meteorological Station,S25,2014,1,12,5.2,26.4,29.0,25.1,16.2,50.0
Seletar Meteorological Station,S25,2014,1,13,0.0,26.9,30.2,25.1,22.6,48.2
Seletar Meteorological Station,S25,2014,1,14,0.0,26.6,30.1,24.2,19.4,46.4
Seletar Meteorological Station,S25,2014,1,15,0.8,25.9,28.6,24.3,18.8,46.4
Seletar Meteorological Station,S25,2014,1,16,0.0,25.9,28.9,23.9,19.8,40.7
Seletar Meteorological Station,S25,2014,1,17,0.0,26.1,29.6,23.9,20.3,46.4
Seletar Meteorological Station,S25,2014,1,18,0.0,26.2,29.4,24.0,21.1,48.2
Seletar Meteorological Station,S25,2014,1,19,0.0,26.2,29.5,23.7,17.4,44.3
Seletar Meteorological Station,S25,2014,1,20,0.0,26.1,29.6,24.0,18.2,44.3
Seletar Meteorological Station,S25,2014,1,21,0.0,25.9,30.0,24.0,18.5,46.4
Seletar Meteorological Station,S25,2014,1,22,0.0,25.7,28.8,23.3,18.7,44.3
Seletar Meteorological Station,S25,2014,1,23,0.0,25.8,29.5,23.6,19.7,44.3
Seletar Meteorological Station,S25,2014,1,24,0.0,25.8,28.8,23.6,19.8,40.7
Seletar Meteorological Station,S25,2014,1,25,0.0,25.9,29.7,23.3,18.1,38.9
Seletar Meteorological Station,S25,2014,1,26,0.0,25.6,30.3,22.7,17.9,38.9
Seletar Meteorological Station,S25,2014,1,27,0.0,25.8,29.5,23.1,20.6,44.3
Seletar Meteorological Station,S25,2014,1,28,0.0,26.6,30.0,24.2,23.1,48.2
Seletar Meteorological Station,S25,2014,1,29,0.0,26.6,30.9,23.9,22.4,51.8
Seletar Meteorological Station,S25,2014,1,30,0.0,26.1,31.3,23.1,18.2,44.3
Seletar Meteorological Station,S25,2014,1,31,0.0,26.2,31.1,22.9,20.1,44.3
Seletar Meteorological Station,S25,2014,2,1,0.0,26.1,31.9,22.3,17.2,37.1
Seletar Meteorological Station,S25,2014,2,2,0.0,26.0,30.9,22.9,15.5,38.9
Seletar Meteorological Station,S25,2014,2,3,0.0,26.5,31.7,23.3,12.9,29.5
Seletar Meteorological Station,S25,2014,2,4,0.0,26.7,32.4,23.5,13.9,33.5
Seletar Meteorological Station,S25,2014,2,5,0.0,26.5,32.3,23.2,16.8,40.7
Seletar Meteorological Station,S25,2014,2,6,0.0,26.7,32.4,23.3,15.8,37.1
Seletar Meteorological Station,S25,2014,2,7,0.0,26.9,31.8,24.1,14.3,31.3
Seletar Meteorological Station,S25,2014,2,8,20.0,26.7,32.3,24.2,14.1,31.3
Seletar Meteorological Station,S25,2014,2,9,0.0,27.6,32.7,24.8,11.3,27.7
Seletar Meteorological Station,S25,2014,2,10,0.8,27.8,34.5,24.5,10.5,27.7
Seletar Meteorological Station,S25,2014,2,11,0.0,27.7,32.7,25.0,15.7,37.1
Seletar Meteorological Station,S25,2014,2,12,0.0,27.5,32.5,24.5,19.1,40.7
Seletar Meteorological Station,S25,2014,2,13,0.0,28.0,33.3,25.4,19.2,44.3
Seletar Meteorological Station,S25,2014,2,14,0.0,27.6,31.7,25.3,20.7,44.3
Seletar Meteorological Station,S25,2014,2,15,0.0,27.7,31.6,24.9,22.6,44.3
Seletar Meteorological Station,S25,2014,2,16,0.0,27.7,31.7,25.1,18.8,42.5
Seletar Meteorological Station,S25,2014,2,17,0.0,27.6,31.6,25.3,20.8,38.9
Seletar Meteorological Station,S25,2014,2,18,0.0,27.8,32.4,25.0,16.8,42.5
Seletar Meteorological Station,S25,2014,2,19,0.0,27.7,32.3,24.8,15.4,37.1
Seletar Meteorological Station,S25,2014,2,20,0.0,27.8,32.1,25.2,24.2,46.4
Seletar Meteorological Station,S25,2014,2,21,0.0,27.5,30.7,25.5,24.2,51.8
Seletar Meteorological Station,S25,2014,2,22,0.0,27.9,32.6,24.9,25.0,50.0
Seletar Meteorological Station,S25,2014,2,23,0.0,27.4,31.5,24.8,20.4,50.0
Seletar Meteorological Station,S25,2014,2,24,0.0,27.1,31.5,24.1,19.8,46.4
Seletar Meteorological Station,S25,2014,2,25,0.0,26.9,31.3,23.9,19.1,44.3
Seletar Meteorological Station,S25,2014,2,26,0.0,27.2,31.6,24.3,21.1,48.2
Seletar Meteorological Station,S25,2014,2,27,0.0,27.8,32.8,24.6,22.9,46.4
Seletar Meteorological Station,S25,2014,2,28,0.0,27.5,32.1,24.6,20.4,44.3
Seletar Meteorological Station,S25,2014,3,1,0.0,27.4,32.6,24.9,17.4,42.5
Seletar Meteorological Station,S25,2014,3,2,0.0,28.0,34.0,24.5,13.7,33.5
Seletar Meteorological Station,S25,2014,3,3,0.0,27.8,32.9,24.7,16.3,37.1
Seletar Meteorological Station,S25,2014,3,4,0.0,28.0,33.6,24.7,14.5,33.5
Seletar Meteorological Station,S25,2014,3,5,0.0,27.8,34.4,24.1,15.2,42.5
Seletar Meteorological Station,S25,2014,3,6,0.0,27.4,32.0,24.2,14.6,42.5
Seletar Meteorological Station,S25,2014,3,7,0.0,27.7,32.6,24.3,16.1,37.1
Seletar Meteorological Station,S25,2014,3,8,0.0,28.0,33.6,24.9,17.1,35.3
Seletar Meteorological Station,S25,2014,3,9,0.0,27.8,33.1,24.4,18.4,44.3
Seletar Meteorological Station,S25,2014,3,10,0.0,27.6,32.1,24.6,19.1,40.7
Seletar Meteorological Station,S25,2014,3,11,0.0,28.1,33.4,24.7,21.0,44.3
Seletar Meteorological Station,S25,2014,3,12,0.0,28.2,33.3,25.1,19.4,40.7
Seletar Meteorological Station,S25,2014,3,13,0.0,28.6,34.7,25.0,14.7,37.1
Seletar Meteorological Station,S25,2014,3,14,0.0,28.7,34.2,25.5,17.0,42.5
Seletar Meteorological Station,S25,2014,3,15,0.0,28.5,32.5,26.0,18.6,38.9
Seletar Meteorological Station,S25,2014,3,16,27.2,26.2,28.0,24.6,8.5,37.1
Seletar Meteorological Station,S25,2014,3,17,18.8,26.3,29.0,24.1,9.9,50.0
Seletar Meteorological Station,S25,2014,3,18,0.0,27.0,31.1,24.9,10.4,31.3
Seletar Meteorological Station,S25,2014,3,19,1.0,26.9,31.8,25.0,7.7,35.3
Seletar Meteorological Station,S25,2014,3,20,67.3,27.1,32.3,24.1,9.0,33.5
Seletar Meteorological Station,S25,2014,3,21,4.9,27.8,33.7,24.8,9.3,27.7
Seletar Meteorological Station,S25,2014,3,22,0.0,27.6,31.1,24.8,16.8,35.3
Seletar Meteorological Station,S25,2014,3,23,0.0,27.9,32.9,24.4,16.2,40.7
Seletar Meteorological Station,S25,2014,3,24,0.0,28.2,33.1,25.1,14.9,37.1
Seletar Meteorological Station,S25,2014,3,25,0.0,28.3,33.7,25.4,18.3,40.7
Seletar Meteorological Station,S25,2014,3,26,0.0,28.8,33.6,25.9,16.5,38.9
Seletar Meteorological Station,S25,2014,3,27,0.0,29.1,34.1,26.1,12.9,44.3
Seletar Meteorological Station,S25,2014,3,28,6.2,28.8,33.7,25.9,11.4,31.3
Seletar Meteorological Station,S25,2014,3,29,0.3,28.5,34.6,26.5,7.8,31.3
Seletar Meteorological Station,S25,2014,3,30,0.0,28.7,33.8,25.9,9.9,25.9
Seletar Meteorological Station,S25,2014,3,31,0.0,29.1,33.9,26.4,11.4,35.3
Seletar Meteorological Station,S25,2014,4,1,0.2,29.0,33.9,26.7,7.3,24.1
Seletar Meteorological Station,S25,2014,4,2,0.0,29.2,35.4,26.4,8.5,22.3
Seletar Meteorological Station,S25,2014,4,3,0.0,29.6,34.9,27.2,11.2,37.1
Seletar Meteorological Station,S25,2014,4,4,1.3,28.9,34.0,26.5,7.5,29.5
Seletar Meteorological Station,S25,2014,4,5,7.1,26.8,28.3,24.5,7.4,27.7
Seletar Meteorological Station,S25,2014,4,6,0.5,28.6,32.9,25.3,13.2,35.3
Seletar Meteorological Station,S25,2014,4,7,1.5,29.3,34.7,25.7,9.3,31.3
Seletar Meteorological Station,S25,2014,4,8,1.9,28.4,34.6,25.8,8.5,29.5
Seletar Meteorological Station,S25,2014,4,9,4.9,28.1,35.2,25.2,7.9,44.3
Seletar Meteorological Station,S25,2014,4,10,0.0,28.3,31.8,26.1,7.2,31.3
Seletar Meteorological Station,S25,2014,4,11,22.9,27.8,34.1,23.6,6.9,35.3
Seletar Meteorological Station,S25,2014,4,12,5.6,27.0,30.7,24.0,6.3,35.3
Seletar Meteorological Station,S25,2014,4,13,0.0,29.0,34.9,25.7,8.7,27.7
Seletar Meteorological Station,S25,2014,4,14,7.0,28.6,35.1,24.4,8.1,35.3
Seletar Meteorological Station,S25,2014,4,15,0.0,28.9,35.2,25.6,9.6,27.7
Seletar Meteorological Station,S25,2014,4,16,24.0,28.7,34.0,24.1,5.9,38.9
Seletar Meteorological Station,S25,2014,4,17,17.1,28.2,33.4,24.8,7.9,35.3
Seletar Meteorological Station,S25,2014,4,18,0.5,27.8,31.8,26.0,6.3,27.7
Seletar Meteorological Station,S25,2014,4,19,0.0,29.2,34.6,25.5,8.0,25.9
Seletar Meteorological Station,S25,2014,4,20,0.1,28.3,31.6,26.1,5.7,37.1
Seletar Meteorological Station,S25,2014,4,21,5.8,27.2,30.6,25.5,9.0,33.5
Seletar Meteorological Station,S25,2014,4,22,14.7,27.8,35.7,25.2,6.2,35.3
Seletar Meteorological Station,S25,2014,4,23,0.8,28.6,34.5,25.1,6.7,38.9
Seletar Meteorological Station,S25,2014,4,24,7.6,28.8,34.9,24.8,8.9,38.9
Seletar Meteorological Station,S25,2014,4,25,0.0,28.8,34.6,25.3,6.9,25.9
Seletar Meteorological Station,S25,2014,4,26,1.6,29.0,34.5,26.5,6.2,27.7
Seletar Meteorological Station,S25,2014,4,27,0.0,29.0,34.1,26.1,7.9,27.7
Seletar Meteorological Station,S25,2014,4,28,0.0,29.4,33.7,26.4,7.2,22.3
Seletar Meteorological Station,S25,2014,4,29,0.2,29.3,33.8,26.7,7.2,33.5
Seletar Meteorological Station,S25,2014,4,30,0.0,29.0,34.5,26.1,7.2,25.9
Seletar Meteorological Station,S25,2014,5,1,0.0,29.0,32.4,25.2,6.6,42.5
Seletar Meteorological Station,S25,2014,5,2,0.2,29.5,33.5,26.7,8.2,24.1
Seletar Meteorological Station,S25,2014,5,3,2.3,29.4,34.9,27.2,8.7,29.5
Seletar Meteorological Station,S25,2014,5,4,0.0,29.6,34.4,26.6,8.2,31.3
Seletar Meteorological Station,S25,2014,5,5,0.0,30.0,34.4,26.9,9.9,33.5
Seletar Meteorological Station,S25,2014,5,6,0.0,30.0,34.1,27.4,10.4,31.3
Seletar Meteorological Station,S25,2014,5,7,7.3,28.8,35.4,25.3,8.1,29.5
Seletar Meteorological Station,S25,2014,5,8,53.4,27.9,33.7,24.2,6.5,46.4
Seletar Meteorological Station,S25,2014,5,9,0.0,29.2,33.9,26.8,7.1,22.3
Seletar Meteorological Station,S25,2014,5,10,0.0,30.2,33.9,27.5,8.4,27.7
Seletar Meteorological Station,S25,2014,5,11,0.3,29.0,34.0,26.5,6.1,31.3
Seletar Meteorological Station,S25,2014,5,12,17.0,28.3,32.4,24.9,7.3,33.5
Seletar Meteorological Station,S25,2014,5,13,0.0,29.7,34.6,26.0,7.1,24.1
Seletar Meteorological Station,S25,2014,5,14,0.7,28.9,32.3,25.9,10.8,35.3
Seletar Meteorological Station,S25,2014,5,15,0.0,30.4,34.5,27.1,8.9,25.9
Seletar Meteorological Station,S25,2014,5,16,12.5,29.1,33.1,24.3,8.2,40.7
Seletar Meteorological Station,S25,2014,5,17,38.8,29.0,32.8,25.0,8.2,42.5
Seletar Meteorological Station,S25,2014,5,18,2.8,27.2,29.8,25.5,6.0,24.1
Seletar Meteorological Station,S25,2014,5,19,27.4,27.8,31.9,23.6,10.0,40.7
Seletar Meteorological Station,S25,2014,5,20,7.9,27.6,34.4,23.8,6.4,22.3
Seletar Meteorological Station,S25,2014,5,21,23.8,27.8,34.3,25.2,5.6,27.7
Seletar Meteorological Station,S25,2014,5,22,0.0,29.5,35.1,26.0,13.2,31.3
Seletar Meteorological Station,S25,2014,5,23,15.2,27.2,31.1,23.8,7.3,35.3
Seletar Meteorological Station,S25,2014,5,24,0.0,28.8,33.5,25.4,9.6,31.3
Seletar Meteorological Station,S25,2014,5,25,0.0,29.7,34.6,26.9,8.3,25.9
Seletar Meteorological Station,S25,2014,5,26,6.6,28.6,33.7,26.4,6.5,29.5
Seletar Meteorological Station,S25,2014,5,27,0.0,28.6,32.1,25.8,9.0,25.9
Seletar Meteorological Station,S25,2014,5,28,0.3,29.0,33.0,26.3,9.2,29.5
Seletar Meteorological Station,S25,2014,5,29,2.0,29.4,34.0,26.6,7.5,29.5
Seletar Meteorological Station,S25,2014,5,30,21.4,28.1,32.2,25.5,7.3,37.1
Seletar Meteorological Station,S25,2014,5,31,0.0,29.4,33.1,26.1,11.5,35.3
Seletar Meteorological Station,S25,2014,6,1,0.2,28.9,32.5,26.5,8.1,35.3
Seletar Meteorological Station,S25,2014,6,2,22.8,28.8,32.0,26.1,6.8,31.3
Seletar Meteorological Station,S25,2014,6,3,0.0,29.7,32.5,27.6,10.2,29.5
Seletar Meteorological Station,S25,2014,6,4,10.2,27.9,29.4,25.2,7.7,29.5
Seletar Meteorological Station,S25,2014,6,5,19.2,27.1,30.9,25.5,8.2,33.5
Seletar Meteorological Station,S25,2014,6,6,35.0,27.3,31.8,24.7,8.9,40.7
Seletar Meteorological Station,S25,2014,6,7,0.9,28.9,33.4,25.6,12.1,29.5
Seletar Meteorological Station,S25,2014,6,8,0.0,30.4,34.7,27.3,12.9,29.5
Seletar Meteorological Station,S25,2014,6,9,0.0,29.8,34.4,27.0,8.0,35.3
Seletar Meteorological Station,S25,2014,6,10,0.8,29.9,36.2,27.2,7.8,24.1
Seletar Meteorological Station,S25,2014,6,11,0.0,30.7,35.3,27.8,11.2,31.3
Seletar Meteorological Station,S25,2014,6,12,7.0,29.8,34.7,23.7,9.5,31.3
Seletar Meteorological Station,S25,2014,6,13,0.0,30.3,34.7,27.7,10.1,29.5
Seletar Meteorological Station,S25,2014,6,14,9.3,28.1,30.9,23.7,6.5,59.4
Seletar Meteorological Station,S25,2014,6,15,0.0,30.1,33.8,27.4,10.1,24.1
Seletar Meteorological Station,S25,2014,6,16,0.0,31.0,34.6,28.6,11.3,31.3
Seletar Meteorological Station,S25,2014,6,17,0.0,31.0,34.7,28.8,12.6,27.7
Seletar Meteorological Station,S25,2014,6,18,22.2,29.4,34.1,23.5,10.1,29.5
Seletar Meteorological Station,S25,2014,6,19,3.0,29.8,34.6,24.6,8.1,24.1
Seletar Meteorological Station,S25,2014,6,20,0.0,31.1,35.3,28.9,13.4,29.5
Seletar Meteorological Station,S25,2014,6,21,0.0,31.7,35.5,28.7,10.2,31.3
Seletar Meteorological Station,S25,2014,6,22,0.7,30.6,35.0,26.9,8.9,35.3
Seletar Meteorological Station,S25,2014,6,23,0.0,30.5,34.7,27.4,8.7,29.5
Seletar Meteorological Station,S25,2014,6,24,12.8,29.9,34.7,24.1,8.8,38.9
Seletar Meteorological Station,S25,2014,6,25,0.5,29.4,33.5,24.1,10.6,50.0
Seletar Meteorological Station,S25,2014,6,26,0.0,30.2,34.7,26.8,11.5,29.5
Seletar Meteorological Station,S25,2014,6,27,0.0,28.2,30.6,26.0,9.6,37.1
Seletar Meteorological Station,S25,2014,6,28,0.0,29.6,33.5,26.7,8.1,29.5
Seletar Meteorological Station,S25,2014,6,29,4.1,29.5,33.2,24.2,6.7,31.3
Seletar Meteorological Station,S25,2014,6,30,1.1,27.9,31.7,24.3,9.8,33.5
Seletar Meteorological Station,S25,2014,7,1,0.0,28.2,33.6,25.3,7.3,35.3
Seletar Meteorological Station,S25,2014,7,2,0.0,29.2,33.2,25.5,11.3,33.5
Seletar Meteorological Station,S25,2014,7,3,0.0,29.4,33.1,27.1,9.3,31.3
Seletar Meteorological Station,S25,2014,7,4,1.1,28.6,31.7,26.3,7.6,38.9
Seletar Meteorological Station,S25,2014,7,5,24.9,27.9,31.8,23.3,7.9,38.9
Seletar Meteorological Station,S25,2014,7,6,0.0,28.9,33.2,26.5,9.0,35.3
Seletar Meteorological Station,S25,2014,7,7,6.2,28.7,33.4,24.4,10.1,40.7
Seletar Meteorological Station,S25,2014,7,8,32.8,28.6,32.4,23.1,9.9,46.4
Seletar Meteorological Station,S25,2014,7,9,19.0,27.8,29.8,22.5,10.6,42.5
Seletar Meteorological Station,S25,2014,7,10,1.0,28.9,32.4,27.0,10.5,25.9
Seletar Meteorological Station,S25,2014,7,11,39.9,28.1,33.0,25.0,7.6,24.1
Seletar Meteorological Station,S25,2014,7,12,0.0,27.9,31.2,25.0,8.7,31.3
Seletar Meteorological Station,S25,2014,7,13,0.0,30.1,35.1,27.2,12.6,29.5
Seletar Meteorological Station,S25,2014,7,14,0.0,30.9,35.0,28.2,11.0,29.5
Seletar Meteorological Station,S25,2014,7,15,0.0,30.2,34.4,28.5,11.0,25.9
Seletar Meteorological Station,S25,2014,7,16,0.0,29.2,33.9,26.6,9.6,29.5
Seletar Meteorological Station,S25,2014,7,17,5.9,28.0,31.8,23.8,10.9,42.5
Seletar Meteorological Station,S25,2014,7,18,0.0,29.7,34.0,26.8,12.3,29.5
Seletar Meteorological Station,S25,2014,7,19,0.0,29.4,32.6,27.6,8.8,40.7
Seletar Meteorological Station,S25,2014,7,20,0.0,29.9,34.0,26.6,10.5,27.7
Seletar Meteorological Station,S25,2014,7,21,0.0,30.2,33.9,27.9,13.7,31.3
Seletar Meteorological Station,S25,2014,7,22,0.7,30.2,33.9,28.2,16.2,38.9
Seletar Meteorological Station,S25,2014,7,23,0.0,30.3,33.9,28.1,12.1,31.3
Seletar Meteorological Station,S25,2014,7,24,0.0,30.2,34.0,28.2,13.6,31.3
Seletar Meteorological Station,S25,2014,7,25,0.0,30.7,35.5,27.5,13.0,35.3
Seletar Meteorological Station,S25,2014,7,26,0.0,30.6,35.3,28.3,13.8,33.5
Seletar Meteorological Station,S25,2014,7,27,22.6,28.6,32.7,23.2,8.9,48.2
Seletar Meteorological Station,S25,2014,7,28,0.0,29.7,34.7,27.2,9.8,35.3
Seletar Meteorological Station,S25,2014,7,29,6.3,28.0,32.0,24.2,9.2,42.5
Seletar Meteorological Station,S25,2014,7,30,1.2,27.5,32.0,26.3,7.7,51.8
Seletar Meteorological Station,S25,2014,7,31,,28.1,30.9,24.4,,
Seletar Meteorological Station,S25,2014,8,1,0.0,29.3,33.5,26.4,10.7,25.9
Seletar Meteorological Station,S25,2014,8,2,13.1,29.0,33.0,23.9,13.1,33.5
Seletar Meteorological Station,S25,2014,8,3,0.0,29.5,33.6,26.6,12.5,37.1
Seletar Meteorological Station,S25,2014,8,4,0.0,29.7,33.6,27.1,12.6,37.1
Seletar Meteorological Station,S25,2014,8,5,7.6,27.0,29.0,23.8,10.6,46.4
Seletar Meteorological Station,S25,2014,8,6,0.0,28.3,31.3,26.0,10.0,48.2
Seletar Meteorological Station,S25,2014,8,7,0.0,28.6,32.8,26.7,12.0,50.0
Seletar Meteorological Station,S25,2014,8,8,0.0,28.4,31.8,25.9,11.3,31.3
Seletar Meteorological Station,S25,2014,8,9,0.0,29.1,32.6,27.0,13.3,35.3
Seletar Meteorological Station,S25,2014,8,10,13.5,28.4,32.0,24.5,8.4,38.9
Seletar Meteorological Station,S25,2014,8,11,8.9,28.1,32.0,24.6,8.8,40.7
Seletar Meteorological Station,S25,2014,8,12,6.2,27.3,30.5,24.3,7.5,24.1
Seletar Meteorological Station,S25,2014,8,13,0.3,26.7,29.1,25.2,7.2,20.5
Seletar Meteorological Station,S25,2014,8,14,10.0,27.0,30.8,24.8,10.6,38.9
Seletar Meteorological Station,S25,2014,8,15,46.8,25.9,29.4,23.8,5.3,37.1
Seletar Meteorological Station,S25,2014,8,16,0.0,28.3,33.3,24.9,10.9,29.5
Seletar Meteorological Station,S25,2014,8,17,0.0,28.7,32.5,26.5,10.6,25.9
Seletar Meteorological Station,S25,2014,8,18,0.0,29.1,32.7,27.1,11.4,42.5
Seletar Meteorological Station,S25,2014,8,19,0.0,28.4,32.1,26.4,9.3,37.1
Seletar Meteorological Station,S25,2014,8,20,2.5,27.9,32.5,25.8,9.9,37.1
Seletar Meteorological Station,S25,2014,8,21,10.3,27.7,32.7,24.8,8.2,31.3
Seletar Meteorological Station,S25,2014,8,22,0.0,28.5,31.9,26.1,11.8,37.1
Seletar Meteorological Station,S25,2014,8,23,0.0,28.8,32.4,26.5,8.8,35.3
Seletar Meteorological Station,S25,2014,8,24,2.3,27.6,32.0,25.7,6.8,37.1
Seletar Meteorological Station,S25,2014,8,25,6.3,26.8,32.6,24.6,7.8,51.8
Seletar Meteorological Station,S25,2014,8,26,1.5,27.6,31.6,24.4,8.4,24.1
Seletar Meteorological Station,S25,2014,8,27,12.5,27.4,32.1,23.4,8.5,29.5
Seletar Meteorological Station,S25,2014,8,28,4.3,26.7,29.8,24.1,6.7,29.5
Seletar Meteorological Station,S25,2014,8,29,12.6,27.3,32.1,23.2,9.8,35.3
Seletar Meteorological Station,S25,2014,8,30,0.9,27.3,32.1,24.9,6.7,25.9
Seletar Meteorological Station,S25,2014,8,31,18.2,27.6,30.7,25.0,7.8,31.3
Seletar Meteorological Station,S25,2014,9,1,0.0,29.4,33.4,25.9,9.9,27.7
Seletar Meteorological Station,S25,2014,9,2,0.0,29.3,33.6,26.0,10.8,27.7
Seletar Meteorological Station,S25,2014,9,3,15.0,27.0,31.9,23.6,6.9,48.2
Seletar Meteorological Station,S25,2014,9,4,0.0,28.4,33.9,23.8,8.2,29.5
Seletar Meteorological Station,S25,2014,9,5,12.0,28.8,32.4,24.0,9.9,33.5
Seletar Meteorological Station,S25,2014,9,6,0.0,27.9,31.7,24.4,9.7,27.7
Seletar Meteorological Station,S25,2014,9,7,0.7,28.5,34.2,26.1,7.6,22.3
Seletar Meteorological Station,S25,2014,9,8,0.0,29.6,34.5,25.9,8.8,31.3
Seletar Meteorological Station,S25,2014,9,9,0.2,28.7,33.6,25.5,10.6,35.3
Seletar Meteorological Station,S25,2014,9,10,0.0,29.6,33.4,26.5,12.4,31.3
Seletar Meteorological Station,S25,2014,9,11,5.2,26.5,29.9,24.3,7.2,35.3
Seletar Meteorological Station,S25,2014,9,12,0.0,28.5,33.8,24.4,11.7,37.1
Seletar Meteorological Station,S25,2014,9,13,0.0,29.6,33.6,27.3,13.0,40.7
Seletar Meteorological Station,S25,2014,9,14,0.0,29.9,33.6,27.4,11.9,31.3
Seletar Meteorological Station,S25,2014,9,15,0.0,29.9,34.1,26.9,15.5,44.3
Seletar Meteorological Station,S25,2014,9,16,0.0,29.5,32.8,27.7,14.3,37.1
Seletar Meteorological Station,S25,2014,9,17,0.8,28.9,32.2,26.3,10.9,35.3
Seletar Meteorological Station,S25,2014,9,18,0.0,29.4,32.8,27.4,11.0,33.5
Seletar Meteorological Station,S25,2014,9,19,0.0,29.6,33.3,27.0,11.4,35.3
Seletar Meteorological Station,S25,2014,9,20,18.4,27.9,33.6,23.5,8.4,42.5
Seletar Meteorological Station,S25,2014,9,21,4.6,28.6,33.4,24.2,10.1,33.5
Seletar Meteorological Station,S25,2014,9,22,0.0,29.2,33.6,25.8,13.6,37.1
Seletar Meteorological Station,S25,2014,9,23,0.0,29.6,33.3,27.0,11.5,31.3
Seletar Meteorological Station,S25,2014,9,24,15.5,29.3,33.4,25.1,12.3,38.9
Seletar Meteorological Station,S25,2014,9,25,20.6,26.7,30.9,23.3,8.7,44.3
Seletar Meteorological Station,S25,2014,9,26,0.0,28.7,34.1,26.2,8.2,31.3
Seletar Meteorological Station,S25,2014,9,27,0.0,29.2,33.5,26.6,10.3,40.7
Seletar Meteorological Station,S25,2014,9,28,0.0,29.6,34.8,26.9,9.7,25.9
Seletar Meteorological Station,S25,2014,9,29,0.0,29.6,34.0,27.2,9.8,29.5
Seletar Meteorological Station,S25,2014,9,30,0.0,29.7,34.0,27.3,9.2,29.5
Seletar Meteorological Station,S25,2014,10,1,0.0,29.5,34.3,26.5,11.7,29.5
Seletar Meteorological Station,S25,2014,10,2,0.0,29.4,33.0,27.2,9.1,24.1
Seletar Meteorological Station,S25,2014,10,3,0.0,29.5,33.7,26.6,10.9,29.5
Seletar Meteorological Station,S25,2014,10,4,65.3,27.8,30.4,23.5,9.6,35.3
Seletar Meteorological Station,S25,2014,10,5,0.0,27.9,32.2,25.0,8.3,33.5
Seletar Meteorological Station,S25,2014,10,6,0.0,29.3,33.9,25.7,10.6,31.3
Seletar Meteorological Station,S25,2014,10,7,0.0,29.7,33.6,27.5,13.4,33.5
Seletar Meteorological Station,S25,2014,10,8,0.0,30.0,33.8,27.0,10.8,29.5
Seletar Meteorological Station,S25,2014,10,9,0.0,29.5,32.8,27.1,10.1,33.5
Seletar Meteorological Station,S25,2014,10,10,0.0,30.0,33.6,27.8,11.0,29.5
Seletar Meteorological Station,S25,2014,10,11,0.8,28.8,33.2,26.6,8.5,33.5
Seletar Meteorological Station,S25,2014,10,12,0.0,28.7,33.5,26.2,8.3,27.7
Seletar Meteorological Station,S25,2014,10,13,16.8,29.2,35.4,25.5,6.5,40.7
Seletar Meteorological Station,S25,2014,10,14,0.4,28.3,33.9,25.7,6.8,38.9
Seletar Meteorological Station,S25,2014,10,15,0.0,29.1,33.7,25.8,8.6,29.5
Seletar Meteorological Station,S25,2014,10,16,6.8,28.5,33.2,25.3,9.1,33.5
Seletar Meteorological Station,S25,2014,10,17,20.6,28.6,33.7,25.8,6.2,27.7
Seletar Meteorological Station,S25,2014,10,18,16.4,27.2,32.1,24.6,8.4,35.3
Seletar Meteorological Station,S25,2014,10,19,0.0,28.4,33.0,25.2,8.4,31.3
Seletar Meteorological Station,S25,2014,10,20,0.0,29.3,33.9,26.3,8.1,31.3
Seletar Meteorological Station,S25,2014,10,21,1.6,27.3,30.8,25.3,7.1,37.1
Seletar Meteorological Station,S25,2014,10,22,2.5,26.3,28.4,24.7,4.0,13.0
Seletar Meteorological Station,S25,2014,10,23,0.0,28.9,33.9,25.4,7.4,27.7
Seletar Meteorological Station,S25,2014,10,24,0.0,29.3,34.1,25.6,9.4,31.3
Seletar Meteorological Station,S25,2014,10,25,0.0,29.7,34.8,26.4,10.1,27.7
Seletar Meteorological Station,S25,2014,10,26,0.0,29.8,34.0,27.3,12.6,37.1
Seletar Meteorological Station,S25,2014,10,27,20.8,27.7,31.9,24.5,7.3,38.9
Seletar Meteorological Station,S25,2014,10,28,34.8,27.9,33.1,23.6,8.1,46.4
Seletar Meteorological Station,S25,2014,10,29,0.0,29.4,34.5,26.0,9.5,29.5
Seletar Meteorological Station,S25,2014,10,30,8.5,29.0,34.7,26.6,8.4,29.5
Seletar Meteorological Station,S25,2014,10,31,36.7,27.8,34.5,24.2,6.1,37.1
Seletar Meteorological Station,S25,2014,11,1,0.0,28.8,33.3,25.9,6.9,22.3
Seletar Meteorological Station,S25,2014,11,2,0.0,29.9,34.1,26.2,10.4,35.3
Seletar Meteorological Station,S25,2014,11,3,0.0,30.1,33.8,26.6,10.1,27.7
Seletar Meteorological Station,S25,2014,11,4,0.0,29.9,33.8,27.1,10.6,31.3
Seletar Meteorological Station,S25,2014,11,5,34.1,28.0,33.6,23.9,7.1,38.9
Seletar Meteorological Station,S25,2014,11,6,89.1,26.2,32.0,22.9,7.9,50.0
Seletar Meteorological Station,S25,2014,11,7,23.9,26.9,33.2,24.1,8.3,38.9
Seletar Meteorological Station,S25,2014,11,8,41.1,27.5,33.1,23.8,9.9,42.5
Seletar Meteorological Station,S25,2014,11,9,13.5,27.8,31.9,24.0,7.2,24.1
Seletar Meteorological Station,S25,2014,11,10,0.1,27.6,30.7,25.9,8.6,29.5
Seletar Meteorological Station,S25,2014,11,11,44.0,26.8,32.2,23.9,6.1,38.9
Seletar Meteorological Station,S25,2014,11,12,14.0,27.1,33.4,24.0,5.7,48.2
Seletar Meteorological Station,S25,2014,11,13,17.5,27.4,34.7,23.8,7.3,35.3
Seletar Meteorological Station,S25,2014,11,14,0.0,27.9,32.4,25.0,8.6,29.5
Seletar Meteorological Station,S25,2014,11,15,5.1,27.4,33.4,24.5,7.3,38.9
Seletar Meteorological Station,S25,2014,11,16,22.9,26.7,31.6,24.5,6.0,44.3
Seletar Meteorological Station,S25,2014,11,17,0.9,26.8,32.5,24.9,9.7,38.9
Seletar Meteorological Station,S25,2014,11,18,2.8,25.9,27.2,25.3,5.7,16.6
Seletar Meteorological Station,S25,2014,11,19,0.0,28.0,32.8,25.0,10.3,31.3
Seletar Meteorological Station,S25,2014,11,20,9.8,27.6,32.6,25.3,7.7,29.5
Seletar Meteorological Station,S25,2014,11,21,12.3,27.5,32.1,25.4,6.2,31.3
Seletar Meteorological Station,S25,2014,11,22,5.5,28.3,33.1,25.2,7.5,35.3
Seletar Meteorological Station,S25,2014,11,23,29.8,27.2,32.6,25.6,6.6,33.5
Seletar Meteorological Station,S25,2014,11,24,0.6,27.9,33.2,25.1,8.5,27.7
Seletar Meteorological Station,S25,2014,11,25,42.8,27.6,32.7,24.5,6.7,42.5
Seletar Meteorological Station,S25,2014,11,26,17.5,27.4,33.9,24.9,6.5,29.5
Seletar Meteorological Station,S25,2014,11,27,0.0,28.1,32.0,25.2,8.7,35.3
Seletar Meteorological Station,S25,2014,11,28,0.3,28.3,31.7,26.2,9.1,31.3
Seletar Meteorological Station,S25,2014,11,29,8.0,26.4,31.7,24.2,6.8,37.1
Seletar Meteorological Station,S25,2014,11,30,0.0,28.1,32.5,24.5,6.4,25.9
Seletar Meteorological Station,S25,2014,12,1,9.3,26.9,30.1,23.4,5.2,44.3
Seletar Meteorological Station,S25,2014,12,2,0.0,28.5,33.5,25.4,6.4,25.9
Seletar Meteorological Station,S25,2014,12,3,0.0,29.4,34.5,25.6,7.9,25.9
Seletar Meteorological Station,S25,2014,12,4,54.7,26.3,27.9,22.9,7.9,37.1
Seletar Meteorological Station,S25,2014,12,5,0.0,28.5,33.7,24.9,8.2,24.1
Seletar Meteorological Station,S25,2014,12,6,11.0,27.3,30.0,23.8,5.4,42.5
Seletar Meteorological Station,S25,2014,12,7,2.7,27.5,34.2,24.9,7.4,51.8
Seletar Meteorological Station,S25,2014,12,8,0.3,27.5,31.0,25.1,9.4,25.9
Seletar Meteorological Station,S25,2014,12,9,0.0,28.3,31.8,25.8,13.1,44.3
Seletar Meteorological Station,S25,2014,12,10,0.0,28.6,32.5,26.3,15.9,37.1
Seletar Meteorological Station,S25,2014,12,11,2.7,28.0,32.1,25.5,12.0,38.9
Seletar Meteorological Station,S25,2014,12,12,0.4,28.5,32.7,26.2,15.7,40.7
Seletar Meteorological Station,S25,2014,12,13,0.0,28.4,32.2,25.9,13.0,40.7
Seletar Meteorological Station,S25,2014,12,14,0.0,29.0,33.1,26.0,13.0,31.3
Seletar Meteorological Station,S25,2014,12,15,0.0,28.3,32.6,25.9,12.4,37.1
Seletar Meteorological Station,S25,2014,12,16,2.0,27.2,30.3,25.6,7.7,24.1
Seletar Meteorological Station,S25,2014,12,17,29.8,26.7,31.1,23.8,7.6,33.5
Seletar Meteorological Station,S25,2014,12,18,0.3,28.0,32.6,25.7,13.7,37.1
Seletar Meteorological Station,S25,2014,12,19,35.0,25.5,26.5,24.8,5.9,25.9
Seletar Meteorological Station,S25,2014,12,20,0.0,27.1,33.2,24.5,8.8,42.5
Seletar Meteorological Station,S25,2014,12,21,0.0,27.6,32.7,25.5,10.7,42.5
Seletar Meteorological Station,S25,2014,12,22,0.2,27.4,31.5,24.9,6.8,24.1
Seletar Meteorological Station,S25,2014,12,23,0.0,26.8,29.4,25.4,7.9,24.1
Seletar Meteorological Station,S25,2014,12,24,3.2,27.0,31.5,25.3,7.5,31.3
Seletar Meteorological Station,S25,2014,12,25,0.0,27.6,31.6,25.3,6.5,18.4
Seletar Meteorological Station,S25,2014,12,26,22.0,25.5,29.4,24.3,6.2,29.5
Seletar Meteorological Station,S25,2014,12,27,24.1,26.1,30.9,23.6,7.5,33.5
Seletar Meteorological Station,S25,2014,12,28,0.9,26.7,30.6,24.6,10.3,31.3
Seletar Meteorological Station,S25,2014,12,29,0.0,26.1,29.6,24.4,11.1,38.9
Seletar Meteorological Station,S25,2014,12,30,0.0,25.7,27.1,24.7,8.8,25.9
Seletar Meteorological Station,S25,2014,12,31,0.0,26.6,29.2,25.1,14.9,33.5
Seletar Meteorological Station,S25,2015,1,1,0.0,26.4,28.2,25.1,10.3,31.3
Seletar Meteorological Station,S25,2015,1,2,0.0,27.2,30.0,24.9,18.9,44.3
Seletar Meteorological Station,S25,2015,1,3,1.8,27.5,31.4,25.1,13.0,33.5
Seletar Meteorological Station,S25,2015,1,4,0.0,28.1,32.2,25.3,12.4,33.5
Seletar Meteorological Station,S25,2015,1,5,0.0,28.3,33.4,25.5,10.5,27.7
Seletar Meteorological Station,S25,2015,1,6,40.6,27.1,32.3,24.5,8.2,38.9
Seletar Meteorological Station,S25,2015,1,7,4.8,26.9,31.7,25.0,8.8,24.1
Seletar Meteorological Station,S25,2015,1,8,25.9,26.0,30.0,24.0,7.7,24.1
Seletar Meteorological Station,S25,2015,1,9,0.6,25.2,27.6,24.2,9.1,24.1
Seletar Meteorological Station,S25,2015,1,10,3.1,26.4,31.9,24.2,11.1,35.3
Seletar Meteorological Station,S25,2015,1,11,0.7,27.2,30.3,25.2,12.5,33.5
Seletar Meteorological Station,S25,2015,1,12,0.0,27.8,31.6,25.8,18.0,42.5
Seletar Meteorological Station,S25,2015,1,13,0.0,27.7,31.8,24.7,20.6,48.2
Seletar Meteorological Station,S25,2015,1,14,0.0,27.6,31.4,25.2,19.2,46.4
Seletar Meteorological Station,S25,2015,1,15,0.0,27.7,32.0,25.5,19.4,42.5
Seletar Meteorological Station,S25,2015,1,16,0.0,27.3,31.7,24.6,16.4,38.9
Seletar Meteorological Station,S25,2015,1,17,0.0,27.3,31.7,24.4,15.5,44.3
Seletar Meteorological Station,S25,2015,1,18,0.0,26.8,31.0,24.2,19.8,44.3
Seletar Meteorological Station,S25,2015,1,19,0.0,26.8,31.6,24.2,20.1,44.3
Seletar Meteorological Station,S25,2015,1,20,0.0,26.9,30.8,24.2,19.9,38.9
Seletar Meteorological Station,S25,2015,1,21,15.5,26.3,30.8,24.5,15.5,38.9
Seletar Meteorological Station,S25,2015,1,22,0.0,26.9,30.5,24.8,21.4,42.5
Seletar Meteorological Station,S25,2015,1,23,0.0,26.5,30.3,24.2,20.3,42.5
Seletar Meteorological Station,S25,2015,1,24,1.0,26.7,30.4,24.6,17.0,37.1
Seletar Meteorological Station,S25,2015,1,25,0.0,26.8,30.9,24.4,16.5,33.5
Seletar Meteorological Station,S25,2015,1,26,0.0,27.0,31.0,24.8,19.7,40.7
Seletar Meteorological Station,S25,2015,1,27,0.0,27.2,31.9,24.2,18.4,38.9
Seletar Meteorological Station,S25,2015,1,28,0.0,27.4,32.6,23.9,12.4,29.5
Seletar Meteorological Station,S25,2015,1,29,0.0,26.8,29.6,24.9,16.2,33.5
Seletar Meteorological Station,S25,2015,1,30,0.0,27.1,31.0,24.6,16.8,37.1
Seletar Meteorological Station,S25,2015,1,31,0.0,27.4,32.3,24.9,22.4,48.2
Seletar Meteorological Station,S25,2015,2,1,0.0,26.8,31.0,23.6,19.4,48.2
Seletar Meteorological Station,S25,2015,2,2,0.2,26.5,30.0,24.4,15.7,44.3
Seletar Meteorological Station,S25,2015,2,3,0.0,26.5,29.9,24.7,13.0,40.7
Seletar Meteorological Station,S25,2015,2,4,6.5,25.7,27.7,23.6,15.3,40.7
Seletar Meteorological Station,S25,2015,2,5,0.4,27.0,30.4,25.0,24.3,50.0
Seletar Meteorological Station,S25,2015,2,6,3.9,26.0,30.1,23.6,19.8,48.2
Seletar Meteorological Station,S25,2015,2,7,0.0,26.7,30.3,24.6,21.6,46.4
Seletar Meteorological Station,S25,2015,2,8,0.0,26.7,30.8,24.2,21.3,46.4
Seletar Meteorological Station,S25,2015,2,9,0.0,26.8,30.6,24.6,26.6,50.0
Seletar Meteorological Station,S25,2015,2,10,0.0,26.8,31.1,24.4,20.7,44.3
Seletar Meteorological Station,S25,2015,2,11,0.0,26.7,31.9,23.5,18.7,38.9
Seletar Meteorological Station,S25,2015,2,12,0.0,26.7,31.7,23.0,18.6,40.7
Seletar Meteorological Station,S25,2015,2,13,0.0,26.4,30.7,23.6,20.7,38.9
Seletar Meteorological Station,S25,2015,2,14,0.0,26.8,31.3,23.7,17.5,35.3
Seletar Meteorological Station,S25,2015,2,15,0.0,27.3,32.6,23.8,16.1,35.3
Seletar Meteorological Station,S25,2015,2,16,0.0,27.6,32.9,24.4,19.3,37.1
Seletar Meteorological Station,S25,2015,2,17,0.0,27.6,33.0,24.6,20.5,46.4
Seletar Meteorological Station,S25,2015,2,18,0.0,28.0,33.2,24.6,19.4,40.7
Seletar Meteorological Station,S25,2015,2,19,14.1,26.8,32.4,23.4,14.5,35.3
Seletar Meteorological Station,S25,2015,2,20,0.0,27.5,32.4,25.2,18.7,37.1
Seletar Meteorological Station,S25,2015,2,21,0.0,27.4,32.8,24.5,16.3,35.3
Seletar Meteorological Station,S25,2015,2,22,0.0,27.4,32.0,24.5,18.6,38.9
Seletar Meteorological Station,S25,2015,2,23,0.4,27.8,34.9,24.8,14.1,33.5
Seletar Meteorological Station,S25,2015,2,24,0.0,27.5,30.9,25.0,15.6,35.3
Seletar Meteorological Station,S25,2015,2,25,0.0,27.6,33.1,24.5,17.2,37.1
Seletar Meteorological Station,S25,2015,2,26,0.0,27.6,31.9,24.9,14.0,31.3
Seletar Meteorological Station,S25,2015,2,27,0.0,28.1,33.9,24.8,17.5,40.7
Seletar Meteorological Station,S25,2015,2,28,0.0,28.5,34.0,25.0,18.6,38.9
Seletar Meteorological Station,S25,2015,3,1,0.0,28.6,33.9,25.6,17.7,42.5
Seletar Meteorological Station,S25,2015,3,2,0.0,28.3,33.4,25.4,14.1,42.5
Seletar Meteorological Station,S25,2015,3,3,0.0,28.7,33.7,26.3,13.7,37.1
Seletar Meteorological Station,S25,2015,3,4,15.0,27.6,35.4,24.1,10.3,38.9
Seletar Meteorological Station,S25,2015,3,5,0.0,28.1,34.3,24.8,12.7,35.3
Seletar Meteorological Station,S25,2015,3,6,0.4,28.0,33.3,24.6,11.0,27.7
Seletar Meteorological Station,S25,2015,3,7,0.0,28.5,33.2,25.3,16.8,40.7
Seletar Meteorological Station,S25,2015,3,8,0.0,28.5,34.1,25.6,10.8,40.7
Seletar Meteorological Station,S25,2015,3,9,0.0,28.2,32.5,25.8,14.8,42.5
Seletar Meteorological Station,S25,2015,3,10,0.0,28.4,33.6,25.5,15.6,50.0
Seletar Meteorological Station,S25,2015,3,11,12.3,26.0,28.0,24.8,10.3,33.5
Seletar Meteorological Station,S25,2015,3,12,0.0,27.5,31.6,25.6,14.0,37.1
Seletar Meteorological Station,S25,2015,3,13,0.0,27.7,32.8,24.3,16.5,35.3
Seletar Meteorological Station,S25,2015,3,14,0.0,28.2,33.4,24.9,15.9,37.1
Seletar Meteorological Station,S25,2015,3,15,0.0,27.9,31.7,25.4,14.6,33.5
Seletar Meteorological Station,S25,2015,3,16,4.9,27.9,34.3,26.1,8.3,37.1
Seletar Meteorological Station,S25,2015,3,17,0.0,28.5,33.8,25.6,12.6,27.7
Seletar Meteorological Station,S25,2015,3,18,0.0,28.7,34.4,26.1,12.0,27.7
Seletar Meteorological Station,S25,2015,3,19,29.2,28.3,34.0,26.0,11.0,42.5
Seletar Meteorological Station,S25,2015,3,20,0.0,28.7,34.8,25.7,9.1,33.5
Seletar Meteorological Station,S25,2015,3,21,22.6,28.5,34.8,25.2,9.3,31.3
Seletar Meteorological Station,S25,2015,3,22,66.0,27.2,33.5,22.6,9.5,59.4
Seletar Meteorological Station,S25,2015,3,23,0.0,28.3,33.6,25.5,14.1,40.7
Seletar Meteorological Station,S25,2015,3,24,0.1,28.3,31.4,26.0,15.4,31.3
Seletar Meteorological Station,S25,2015,3,25,0.0,28.8,32.9,26.5,19.8,42.5
Seletar Meteorological Station,S25,2015,3,26,0.0,28.8,33.3,26.3,20.5,42.5
Seletar Meteorological Station,S25,2015,3,27,0.0,28.9,33.1,26.1,20.4,40.7
Seletar Meteorological Station,S25,2015,3,28,0.1,28.4,32.1,26.4,16.9,38.9
Seletar Meteorological Station,S25,2015,3,29,22.1,27.0,30.3,24.5,9.6,40.7
Seletar Meteorological Station,S25,2015,3,30,0.0,28.6,33.3,25.6,14.1,33.5
Seletar Meteorological Station,S25,2015,3,31,2.0,28.1,32.8,26.0,9.7,38.9
Seletar Meteorological Station,S25,2015,4,1,1.7,27.5,34.0,25.5,5.5,27.7
Seletar Meteorological Station,S25,2015,4,2,13.4,27.3,34.1,24.6,7.1,38.9
Seletar Meteorological Station,S25,2015,4,3,0.1,28.0,32.9,25.4,6.9,31.3
Seletar Meteorological Station,S25,2015,4,4,6.0,28.8,34.6,25.4,8.3,25.9
Seletar Meteorological Station,S25,2015,4,5,52.0,27.6,31.1,23.7,4.5,29.5
Seletar Meteorological Station,S25,2015,4,6,0.0,28.8,34.0,26.4,11.0,27.7
Seletar Meteorological Station,S25,2015,4,7,0.0,29.0,33.4,26.3,12.7,29.5
Seletar Meteorological Station,S25,2015,4,8,0.0,29.3,34.1,26.3,13.0,33.5
Seletar Meteorological Station,S25,2015,4,9,0.0,29.0,32.9,26.6,16.0,37.1
Seletar Meteorological Station,S25,2015,4,10,0.0,29.2,33.5,26.8,14.7,35.3
Seletar Meteorological Station,S25,2015,4,11,0.2,28.2,33.3,26.3,7.3,33.5
Seletar Meteorological Station,S25,2015,4,12,10.5,27.9,32.7,25.2,8.6,37.1
Seletar Meteorological Station,S25,2015,4,13,0.0,29.2,34.5,25.9,13.0,33.5
Seletar Meteorological Station,S25,2015,4,14,0.0,29.2,33.7,25.9,15.4,33.5
Seletar Meteorological Station,S25,2015,4,15,0.0,29.1,33.4,26.0,13.8,29.5
Seletar Meteorological Station,S25,2015,4,16,0.0,29.4,33.6,26.4,15.7,35.3
Seletar Meteorological Station,S25,2015,4,17,0.0,29.8,34.3,26.5,14.6,40.7
Seletar Meteorological Station,S25,2015,4,18,0.0,29.8,34.8,27.0,8.4,27.7
Seletar Meteorological Station,S25,2015,4,19,3.1,28.5,34.7,24.9,8.8,29.5
Seletar Meteorological Station,S25,2015,4,20,0.3,28.8,36.4,25.5,7.7,44.3
Seletar Meteorological Station,S25,2015,4,21,6.9,27.9,35.5,24.4,10.3,48.2
Seletar Meteorological Station,S25,2015,4,22,5.0,28.5,34.5,25.0,6.9,24.1
Seletar Meteorological Station,S25,2015,4,23,0.0,28.5,34.1,25.7,6.8,24.1
Seletar Meteorological Station,S25,2015,4,24,0.5,28.0,34.0,25.6,8.2,44.3
Seletar Meteorological Station,S25,2015,4,25,0.2,28.1,33.0,25.3,10.4,33.5
Seletar Meteorological Station,S25,2015,4,26,2.6,28.1,32.8,25.3,12.1,40.7
Seletar Meteorological Station,S25,2015,4,27,30.0,27.7,33.8,24.1,4.9,31.3
Seletar Meteorological Station,S25,2015,4,28,52.1,27.9,33.1,24.3,8.3,29.5
Seletar Meteorological Station,S25,2015,4,29,0.0,28.4,33.2,25.2,9.0,29.5
Seletar Meteorological Station,S25,2015,4,30,18.0,27.4,32.2,24.8,7.1,42.5
Seletar Meteorological Station,S25,2015,5,1,4.8,27.6,32.2,25.4,6.3,29.5
Seletar Meteorological Station,S25,2015,5,2,0.1,28.2,32.0,25.6,6.3,22.3
Seletar Meteorological Station,S25,2015,5,3,65.0,27.0,30.0,23.7,5.5,22.3
Seletar Meteorological Station,S25,2015,5,4,0.0,27.4,32.6,25.2,7.0,33.5
Seletar Meteorological Station,S25,2015,5,5,0.0,28.4,34.9,25.0,8.0,42.5
Seletar Meteorological Station,S25,2015,5,6,0.0,28.9,35.2,26.3,7.6,27.7
Seletar Meteorological Station,S25,2015,5,7,34.3,28.5,34.5,25.4,9.1,25.9
Seletar Meteorological Station,S25,2015,5,8,36.4,28.6,32.3,25.1,9.3,37.1
Seletar Meteorological Station,S25,2015,5,9,0.0,29.8,34.0,26.3,11.4,31.3
Seletar Meteorological Station,S25,2015,5,10,0.0,29.9,34.5,28.1,10.5,33.5
Seletar Meteorological Station,S25,2015,5,11,0.0,30.2,33.5,27.9,11.3,29.5
Seletar Meteorological Station,S25,2015,5,12,0.0,29.7,34.0,27.5,10.0,35.3
Seletar Meteorological Station,S25,2015,5,13,0.2,29.0,33.2,26.9,7.3,25.9
Seletar Meteorological Station,S25,2015,5,14,6.2,28.8,34.4,25.4,7.7,38.9
Seletar Meteorological Station,S25,2015,5,15,7.9,27.2,31.2,24.8,6.7,35.3
Seletar Meteorological Station,S25,2015,5,16,8.0,28.0,31.3,26.0,7.8,27.7
Seletar Meteorological Station,S25,2015,5,17,0.0,28.8,33.1,26.1,10.0,29.5
Seletar Meteorological Station,S25,2015,5,18,26.1,28.4,32.8,25.4,4.5,37.1
Seletar Meteorological Station,S25,2015,5,19,0.0,29.7,34.9,26.3,9.3,27.7
Seletar Meteorological Station,S25,2015,5,20,1.0,28.8,33.8,26.0,9.3,31.3
Seletar Meteorological Station,S25,2015,5,21,0.0,29.1,34.1,26.0,11.2,29.5
Seletar Meteorological Station,S25,2015,5,22,4.7,29.2,33.7,27.2,11.6,27.7
Seletar Meteorological Station,S25,2015,5,23,17.5,27.2,29.1,24.9,7.3,25.9
Seletar Meteorological Station,S25,2015,5,24,0.1,29.0,33.9,26.0,9.0,25.9
Seletar Meteorological Station,S25,2015,5,25,0.0,28.7,33.2,26.7,6.9,35.3
Seletar Meteorological Station,S25,2015,5,26,10.9,28.3,34.7,25.2,10.7,37.1
Seletar Meteorological Station,S25,2015,5,27,0.0,28.4,32.7,25.3,8.9,37.1
Seletar Meteorological Station,S25,2015,5,28,0.0,29.5,33.4,26.5,9.5,27.7
Seletar Meteorological Station,S25,2015,5,29,0.0,30.5,34.2,28.3,12.0,38.9
Seletar Meteorological Station,S25,2015,5,30,0.0,30.2,34.4,28.0,13.9,29.5
Seletar Meteorological Station,S25,2015,5,31,0.0,29.6,34.3,27.1,9.2,31.3
Seletar Meteorological Station,S25,2015,6,1,0.0,30.0,35.8,26.5,8.1,25.9
Seletar Meteorological Station,S25,2015,6,2,0.0,29.6,35.0,26.6,10.4,37.1
Seletar Meteorological Station,S25,2015,6,3,0.0,29.7,35.2,25.5,9.1,29.5
Seletar Meteorological Station,S25,2015,6,4,0.0,29.7,34.1,27.6,10.1,29.5
Seletar Meteorological Station,S25,2015,6,5,0.0,29.7,35.2,26.3,8.4,33.5
Seletar Meteorological Station,S25,2015,6,6,59.0,28.0,34.0,24.4,5.9,33.5
Seletar Meteorological Station,S25,2015,6,7,4.9,27.9,31.6,25.7,5.5,20.5
Seletar Meteorological Station,S25,2015,6,8,0.1,28.6,32.5,26.4,8.8,31.3
Seletar Meteorological Station,S25,2015,6,9,0.0,28.8,31.5,26.6,8.3,27.7
Seletar Meteorological Station,S25,2015,6,10,3.0,29.4,34.7,26.3,9.0,27.7
Seletar Meteorological Station,S25,2015,6,11,0.0,28.5,34.1,26.4,8.6,46.4
Seletar Meteorological Station,S25,2015,6,12,5.8,26.7,30.1,25.2,5.6,29.5
Seletar Meteorological Station,S25,2015,6,13,0.0,28.7,34.5,25.8,7.3,24.1
Seletar Meteorological Station,S25,2015,6,14,10.8,26.9,29.1,24.4,10.1,35.3
Seletar Meteorological Station,S25,2015,6,15,0.0,28.3,33.3,25.3,10.1,42.5
Seletar Meteorological Station,S25,2015,6,16,9.5,27.3,30.8,23.4,7.5,22.3
Seletar Meteorological Station,S25,2015,6,17,3.8,27.9,32.3,26.0,8.5,27.7
Seletar Meteorological Station,S25,2015,6,18,0.0,29.5,33.4,26.2,11.4,25.9
Seletar Meteorological Station,S25,2015,6,19,0.0,29.8,33.4,27.6,14.2,33.5
Seletar Meteorological Station,S25,2015,6,20,0.0,30.4,33.7,28.0,15.0,37.1
Seletar Meteorological Station,S25,2015,6,21,0.0,30.5,34.3,28.4,14.7,35.3
Seletar Meteorological Station,S25,2015,6,22,0.0,30.7,34.8,28.4,14.3,33.5
Seletar Meteorological Station,S25,2015,6,23,0.0,30.6,33.8,28.4,15.8,33.5
Seletar Meteorological Station,S25,2015,6,24,0.0,30.6,35.5,28.3,14.9,38.9
Seletar Meteorological Station,S25,2015,6,25,0.0,30.4,34.2,28.3,13.7,33.5
Seletar Meteorological Station,S25,2015,6,26,0.0,30.2,34.5,27.8,12.8,31.3
Seletar Meteorological Station,S25,2015,6,27,0.0,30.4,34.9,27.9,15.0,33.5
Seletar Meteorological Station,S25,2015,6,28,0.0,30.3,33.8,28.1,13.2,33.5
Seletar Meteorological Station,S25,2015,6,29,0.0,30.6,35.7,27.1,14.6,29.5
Seletar Meteorological Station,S25,2015,6,30,0.0,30.3,34.1,27.6,11.1,27.7
Seletar Meteorological Station,S25,2015,7,1,0.5,28.9,32.0,25.1,7.9,44.3
Seletar Meteorological Station,S25,2015,7,2,0.0,29.7,33.7,26.9,11.4,38.9
Seletar Meteorological Station,S25,2015,7,3,0.0,29.9,34.0,27.8,14.8,33.5
Seletar Meteorological Station,S25,2015,7,4,21.6,27.8,30.3,22.8,12.8,48.2
Seletar Meteorological Station,S25,2015,7,5,0.0,29.8,34.5,26.3,14.6,35.3
Seletar Meteorological Station,S25,2015,7,6,0.0,30.0,33.4,28.0,15.3,42.5
Seletar Meteorological Station,S25,2015,7,7,0.0,29.9,33.1,28.2,15.0,35.3
Seletar Meteorological Station,S25,2015,7,8,4.1,29.1,34.0,24.8,10.8,38.9
Seletar Meteorological Station,S25,2015,7,9,0.9,30.1,34.3,26.3,8.5,31.3
Seletar Meteorological Station,S25,2015,7,10,0.2,29.4,32.3,25.4,11.1,
Seletar Meteorological Station,S25,2015,7,11,6.4,29.9,34.6,26.1,11.4,33.5
Seletar Meteorological Station,S25,2015,7,12,0.0,29.9,34.2,28.1,12.8,31.3
Seletar Meteorological Station,S25,2015,7,13,0.6,29.8,32.4,28.0,15.9,38.9
Seletar Meteorological Station,S25,2015,7,14,37.7,28.9,33.6,23.1,14.2,37.1
Seletar Meteorological Station,S25,2015,7,15,0.0,30.1,34.7,27.3,10.4,25.9
Seletar Meteorological Station,S25,2015,7,16,0.0,29.7,33.5,27.8,11.8,35.3
Seletar Meteorological Station,S25,2015,7,17,2.0,29.2,32.9,26.4,10.5,31.3
Seletar Meteorological Station,S25,2015,7,18,0.3,30.0,33.8,28.0,14.8,31.3
Seletar Meteorological Station,S25,2015,7,19,2.0,29.7,33.3,27.9,13.2,37.1
Seletar Meteorological Station,S25,2015,7,20,0.0,29.7,33.4,27.3,12.5,33.5
Seletar Meteorological Station,S25,2015,7,21,4.0,29.7,34.1,27.1,11.2,37.1
Seletar Meteorological Station,S25,2015,7,22,0.0,30.0,34.0,27.4,13.0,29.5
Seletar Meteorological Station,S25,2015,7,23,0.0,29.6,33.2,27.7,10.6,33.5
Seletar Meteorological Station,S25,2015,7,24,0.0,29.3,33.8,27.1,9.2,33.5
Seletar Meteorological Station,S25,2015,7,25,0.0,29.9,35.2,26.0,12.0,27.7
Seletar Meteorological Station,S25,2015,7,26,9.3,28.7,32.4,25.1,10.7,38.9
Seletar Meteorological Station,S25,2015,7,27,0.0,29.2,33.8,26.4,12.9,42.5
Seletar Meteorological Station,S25,2015,7,28,5.0,28.6,32.4,25.9,10.8,33.5
Seletar Meteorological Station,S25,2015,7,29,0.0,29.4,33.0,27.3,13.1,37.1
Seletar Meteorological Station,S25,2015,7,30,0.0,29.5,33.1,27.6,10.9,31.3
Seletar Meteorological Station,S25,2015,7,31,3.0,27.7,33.7,24.5,8.0,40.7
Seletar Meteorological Station,S25,2015,8,1,0.4,27.4,31.4,23.9,11.1,35.3
Seletar Meteorological Station,S25,2015,8,2,0.0,29.5,34.0,26.3,14.2,33.5
Seletar Meteorological Station,S25,2015,8,3,10.6,26.4,28.5,23.1,8.7,31.3
Seletar Meteorological Station,S25,2015,8,4,8.3,27.5,31.9,23.9,8.7,25.9
Seletar Meteorological Station,S25,2015,8,5,0.0,28.6,32.8,26.2,9.6,25.9
Seletar Meteorological Station,S25,2015,8,6,23.7,27.2,30.7,25.1,6.5,25.9
Seletar Meteorological Station,S25,2015,8,7,3.0,27.2,31.4,25.4,9.6,29.5
Seletar Meteorological Station,S25,2015,8,8,2.0,28.1,32.7,25.2,10.7,29.5
Seletar Meteorological Station,S25,2015,8,9,7.1,27.6,31.4,23.4,9.2,25.9
Seletar Meteorological Station,S25,2015,8,10,0.2,29.2,32.9,26.7,14.5,37.1
Seletar Meteorological Station,S25,2015,8,11,16.3,28.6,32.7,26.1,10.2,40.7
Seletar Meteorological Station,S25,2015,8,12,7.2,26.7,28.3,25.2,6.3,22.3
Seletar Meteorological Station,S25,2015,8,13,0.0,28.5,33.0,25.6,11.0,37.1
Seletar Meteorological Station,S25,2015,8,14,0.0,29.4,32.7,26.6,10.8,37.1
Seletar Meteorological Station,S25,2015,8,15,0.0,29.3,33.1,27.1,12.7,37.1
Seletar Meteorological Station,S25,2015,8,16,0.0,29.2,33.4,27.2,12.5,40.7
Seletar Meteorological Station,S25,2015,8,17,0.0,29.3,33.0,26.4,14.8,44.3
Seletar Meteorological Station,S25,2015,8,18,0.0,29.7,34.3,27.0,13.9,35.3
Seletar Meteorological Station,S25,2015,8,19,0.0,29.8,34.5,26.4,13.6,33.5
Seletar Meteorological Station,S25,2015,8,20,0.0,30.0,34.5,26.8,12.4,29.5
Seletar Meteorological Station,S25,2015,8,21,3.9,29.1,32.8,25.3,9.8,33.5
Seletar Meteorological Station,S25,2015,8,22,0.4,29.5,34.0,27.3,10.9,35.3
Seletar Meteorological Station,S25,2015,8,23,0.0,29.2,33.0,27.5,14.3,44.3
Seletar Meteorological Station,S25,2015,8,24,0.0,29.4,33.4,27.7,14.5,35.3
Seletar Meteorological Station,S25,2015,8,25,6.8,27.9,31.8,25.3,9.5,48.2
Seletar Meteorological Station,S25,2015,8,26,0.1,28.9,32.7,26.7,9.3,33.5
Seletar Meteorological Station,S25,2015,8,27,0.0,28.8,32.7,26.0,13.0,31.3
Seletar Meteorological Station,S25,2015,8,28,0.0,29.2,33.6,26.5,12.6,31.3
Seletar Meteorological Station,S25,2015,8,29,0.0,30.0,34.1,28.0,15.1,31.3
Seletar Meteorological Station,S25,2015,8,30,0.2,29.7,34.1,26.5,14.7,37.1
Seletar Meteorological Station,S25,2015,8,31,0.0,29.7,33.3,27.6,16.4,40.7
Seletar Meteorological Station,S25,2015,9,1,0.0,29.8,33.6,27.3,13.0,31.3
Seletar Meteorological Station,S25,2015,9,2,0.0,29.7,33.3,27.3,13.4,31.3
Seletar Meteorological Station,S25,2015,9,3,0.0,29.6,33.0,27.7,14.6,35.3
Seletar Meteorological Station,S25,2015,9,4,0.0,29.4,33.4,28.0,10.8,31.3
Seletar Meteorological Station,S25,2015,9,5,0.0,29.7,34.1,27.5,11.1,27.7
Seletar Meteorological Station,S25,2015,9,6,0.0,30.0,34.7,27.1,10.1,27.7
Seletar Meteorological Station,S25,2015,9,7,0.0,29.5,33.7,26.7,12.2,35.3
Seletar Meteorological Station,S25,2015,9,8,0.0,29.7,34.1,27.4,14.0,31.3
Seletar Meteorological Station,S25,2015,9,9,20.5,27.2,31.5,23.8,6.4,46.4
Seletar Meteorological Station,S25,2015,9,10,0.0,27.9,32.2,24.6,9.5,27.7
Seletar Meteorological Station,S25,2015,9,11,0.0,29.0,32.9,26.1,13.3,33.5
Seletar Meteorological Station,S25,2015,9,12,0.0,29.2,33.4,26.6,13.2,33.5
Seletar Meteorological Station,S25,2015,9,13,0.0,29.7,33.6,27.3,11.8,27.7
Seletar Meteorological Station,S25,2015,9,14,0.0,29.4,33.1,27.4,12.1,31.3
Seletar Meteorological Station,S25,2015,9,15,2.5,26.9,29.1,25.4,6.0,33.5
Seletar Meteorological Station,S25,2015,9,16,9.4,27.4,31.3,25.7,8.8,40.7
Seletar Meteorological Station,S25,2015,9,17,0.0,29.4,33.0,27.1,10.1,27.7
Seletar Meteorological Station,S25,2015,9,18,0.0,29.1,31.9,27.5,12.7,31.3
Seletar Meteorological Station,S25,2015,9,19,0.0,29.4,33.6,26.9,13.2,31.3
Seletar Meteorological Station,S25,2015,9,20,0.0,29.6,34.1,26.8,9.1,29.5
Seletar Meteorological Station,S25,2015,9,21,32.1,28.6,33.2,25.2,7.8,35.3
Seletar Meteorological Station,S25,2015,9,22,1.4,28.8,33.5,26.4,9.4,27.7
Seletar Meteorological Station,S25,2015,9,23,0.0,29.3,33.1,26.6,9.2,33.5
Seletar Meteorological Station,S25,2015,9,24,0.0,29.1,33.9,26.0,9.8,27.7
Seletar Meteorological Station,S25,2015,9,25,0.0,29.2,33.6,26.2,12.3,29.5
Seletar Meteorological Station,S25,2015,9,26,0.0,29.3,33.5,26.4,12.7,29.5
Seletar Meteorological Station,S25,2015,9,27,33.2,28.9,32.9,26.1,8.5,25.9
Seletar Meteorological Station,S25,2015,9,28,80.0,27.6,32.6,23.5,7.1,63.0
Seletar Meteorological Station,S25,2015,9,29,0.0,28.3,32.4,25.0,9.6,33.5
Seletar Meteorological Station,S25,2015,9,30,37.9,28.2,32.5,24.2,6.6,40.7
Seletar Meteorological Station,S25,2015,10,1,1.5,28.6,33.2,25.9,8.6,33.5
Seletar Meteorological Station,S25,2015,10,2,18.6,27.9,32.9,24.0,7.6,38.9
Seletar Meteorological Station,S25,2015,10,3,0.0,28.7,32.0,25.7,10.8,25.9
Seletar Meteorological Station,S25,2015,10,4,0.0,29.3,32.4,26.6,12.2,33.5
Seletar Meteorological Station,S25,2015,10,5,0.0,28.3,30.3,27.1,7.6,27.7
Seletar Meteorological Station,S25,2015,10,6,0.2,28.0,32.7,25.9,7.9,55.4
Seletar Meteorological Station,S25,2015,10,7,16.8,28.1,32.4,24.1,6.8,40.7
Seletar Meteorological Station,S25,2015,10,8,0.0,28.4,33.2,25.9,6.8,31.3
Seletar Meteorological Station,S25,2015,10,9,0.0,29.4,34.0,25.7,10.4,29.5
Seletar Meteorological Station,S25,2015,10,10,0.0,29.6,33.7,26.3,10.8,29.5
Seletar Meteorological Station,S25,2015,10,11,0.0,29.7,33.8,27.0,9.7,29.5
Seletar Meteorological Station,S25,2015,10,12,0.0,29.4,34.1,26.6,9.0,38.9
Seletar Meteorological Station,S25,2015,10,13,4.6,28.9,33.9,26.5,9.0,37.1
Seletar Meteorological Station,S25,2015,10,14,0.0,29.0,32.5,26.8,10.1,37.1
Seletar Meteorological Station,S25,2015,10,15,0.0,29.6,34.2,26.7,9.7,27.7
Seletar Meteorological Station,S25,2015,10,16,0.0,29.3,33.7,26.7,8.6,24.1
Seletar Meteorological Station,S25,2015,10,17,0.0,29.9,34.7,26.5,10.1,31.3
Seletar Meteorological Station,S25,2015,10,18,0.0,29.9,33.6,27.4,11.9,31.3
Seletar Meteorological Station,S25,2015,10,19,0.0,30.1,34.8,27.2,11.2,33.5
Seletar Meteorological Station,S25,2015,10,20,0.0,30.0,35.1,27.0,12.2,35.3
Seletar Meteorological Station,S25,2015,10,21,0.0,29.7,33.9,27.2,11.5,37.1
Seletar Meteorological Station,S25,2015,10,22,0.0,30.0,34.5,27.3,10.1,29.5
Seletar Meteorological Station,S25,2015,10,23,0.0,30.3,34.3,28.0,11.2,38.9
Seletar Meteorological Station,S25,2015,10,24,9.0,29.1,32.6,25.9,9.4,38.9
Seletar Meteorological Station,S25,2015,10,25,3.7,28.8,31.9,26.7,7.9,27.7
Seletar Meteorological Station,S25,2015,10,26,0.0,29.4,34.2,26.9,10.8,29.5
Seletar Meteorological Station,S25,2015,10,27,0.0,29.6,34.5,26.6,7.9,31.3
Seletar Meteorological Station,S25,2015,10,28,14.3,26.9,30.6,22.5,10.1,57.2
Seletar Meteorological Station,S25,2015,10,29,0.0,28.9,33.6,25.6,11.9,31.3
Seletar Meteorological Station,S25,2015,10,30,0.1,28.3,32.7,26.3,6.5,33.5
Seletar Meteorological Station,S25,2015,10,31,0.0,27.8,31.6,25.8,9.4,27.7
Seletar Meteorological Station,S25,2015,11,1,0.0,28.1,33.8,25.6,6.8,31.3
Seletar Meteorological Station,S25,2015,11,2,1.6,27.7,34.3,25.5,7.2,35.3
Seletar Meteorological Station,S25,2015,11,3,0.0,28.5,34.3,25.7,7.6,29.5
Seletar Meteorological Station,S25,2015,11,4,23.0,27.9,33.6,25.8,6.8,50.0
Seletar Meteorological Station,S25,2015,11,5,0.0,29.2,34.1,25.9,7.6,25.9
Seletar Meteorological Station,S25,2015,11,6,19.0,28.6,33.4,25.6,6.1,31.3
Seletar Meteorological Station,S25,2015,11,7,4.9,27.7,33.3,24.4,7.9,51.8
Seletar Meteorological Station,S25,2015,11,8,0.0,27.6,31.2,25.3,4.7,27.7
Seletar Meteorological Station,S25,2015,11,9,0.0,28.4,32.4,25.2,7.6,25.9
Seletar Meteorological Station,S25,2015,11,10,0.0,28.6,33.2,26.4,7.2,40.7
Seletar Meteorological Station,S25,2015,11,11,37.4,27.2,33.4,24.9,5.4,46.4
Seletar Meteorological Station,S25,2015,11,12,2.5,28.0,32.8,25.7,6.5,31.3
Seletar Meteorological Station,S25,2015,11,13,11.5,27.4,32.2,25.0,7.6,29.5
Seletar Meteorological Station,S25,2015,11,14,0.0,29.0,33.3,25.4,12.6,31.3
Seletar Meteorological Station,S25,2015,11,15,0.0,28.0,31.3,26.3,6.8,31.3
Seletar Meteorological Station,S25,2015,11,16,46.3,26.4,30.8,24.3,6.5,38.9
Seletar Meteorological Station,S25,2015,11,17,22.7,27.2,31.4,23.7,6.8,24.1
Seletar Meteorological Station,S25,2015,11,18,0.0,28.7,32.9,25.7,12.2,31.3
Seletar Meteorological Station,S25,2015,11,19,0.0,29.1,32.4,26.8,6.8,44.3
Seletar Meteorological Station,S25,2015,11,20,3.8,27.7,32.5,25.8,8.6,38.9
Seletar Meteorological Station,S25,2015,11,21,33.1,27.4,33.3,25.4,5.8,38.9
Seletar Meteorological Station,S25,2015,11,22,0.0,28.6,33.3,25.2,7.2,27.7
Seletar Meteorological Station,S25,2015,11,23,0.0,29.1,34.4,26.1,6.5,27.7
Seletar Meteorological Station,S25,2015,11,24,18.6,26.9,30.6,25.0,4.7,35.3
Seletar Meteorological Station,S25,2015,11,25,11.3,27.3,32.4,25.1,6.8,31.3
Seletar Meteorological Station,S25,2015,11,26,1.6,27.1,31.3,24.6,7.6,29.5
Seletar Meteorological Station,S25,2015,11,27,2.1,27.6,31.9,25.0,8.3,22.3
Seletar Meteorological Station,S25,2015,11,28,0.0,28.9,33.7,25.8,9.7,35.3
Seletar Meteorological Station,S25,2015,11,29,1.1,29.0,33.7,24.9,9.7,27.7
Seletar Meteorological Station,S25,2015,11,30,45.8,27.5,34.1,24.9,6.8,50.0
Seletar Meteorological Station,S25,2015,12,1,28.7,27.0,32.3,24.1,8.6,42.5
Seletar Meteorological Station,S25,2015,12,2,0.0,27.4,32.5,25.2,7.6,37.1
Seletar Meteorological Station,S25,2015,12,3,0.0,28.7,33.9,25.9,12.2,29.5
Seletar Meteorological Station,S25,2015,12,4,3.6,28.6,33.0,26.3,9.7,40.7
Seletar Meteorological Station,S25,2015,12,5,59.7,27.7,33.1,24.3,8.6,46.4
Seletar Meteorological Station,S25,2015,12,6,7.5,27.4,32.0,25.7,7.2,42.5
Seletar Meteorological Station,S25,2015,12,7,0.0,28.7,32.6,25.5,16.6,38.9
Seletar Meteorological Station,S25,2015,12,8,25.8,28.3,32.6,24.5,6.5,44.3
Seletar Meteorological Station,S25,2015,12,9,3.7,28.2,32.4,25.0,8.6,27.7
Seletar Meteorological Station,S25,2015,12,10,14.0,28.0,33.7,25.1,9.7,53.6
Seletar Meteorological Station,S25,2015,12,11,5.5,27.4,31.1,25.1,5.0,37.1
Seletar Meteorological Station,S25,2015,12,12,8.9,27.0,32.2,25.1,8.6,46.4
Seletar Meteorological Station,S25,2015,12,13,14.0,26.1,29.0,24.8,6.8,25.9
Seletar Meteorological Station,S25,2015,12,14,1.6,27.5,32.6,24.4,9.4,37.1
Seletar Meteorological Station,S25,2015,12,15,0.0,27.6,29.9,25.2,6.5,33.5
Seletar Meteorological Station,S25,2015,12,16,0.4,28.0,31.0,26.4,7.6,40.7
Seletar Meteorological Station,S25,2015,12,17,0.0,27.9,30.3,26.2,15.8,48.2
Seletar Meteorological Station,S25,2015,12,18,2.0,27.9,31.4,26.1,13.3,44.3
Seletar Meteorological Station,S25,2015,12,19,0.0,28.6,33.0,25.7,14.0,38.9
Seletar Meteorological Station,S25,2015,12,20,0.0,28.9,33.1,26.1,9.4,33.5
Seletar Meteorological Station,S25,2015,12,21,2.1,29.1,33.9,26.7,8.3,25.9
Seletar Meteorological Station,S25,2015,12,22,0.0,29.8,35.1,26.4,6.8,27.7
Seletar Meteorological Station,S25,2015,12,23,2.1,28.2,34.4,24.1,9.4,46.4
Seletar Meteorological Station,S25,2015,12,24,74.0,26.4,29.6,23.5,6.5,33.5
Seletar Meteorological Station,S25,2015,12,25,0.0,28.1,32.0,25.1,16.6,42.5
Seletar Meteorological Station,S25,2015,12,26,0.0,28.5,32.5,26.2,17.6,46.4
Seletar Meteorological Station,S25,2015,12,27,0.0,28.5,32.5,25.6,14.0,33.5
Seletar Meteorological Station,S25,2015,12,28,0.0,28.6,32.3,26.5,12.6,42.5
Seletar Meteorological Station,S25,2015,12,29,20.9,26.6,29.4,24.5,13.7,46.4
Seletar Meteorological Station,S25,2015,12,30,0.3,28.3,32.2,25.8,19.1,48.2
Seletar Meteorological Station,S25,2015,12,31,5.2,27.1,31.0,25.1,14.8,44.3
Seletar Meteorological Station,S25,2016,1,1,0.5,27.6,29.9,25.5,15.8,50.0
Seletar Meteorological Station,S25,2016,1,2,23.1,26.1,28.4,23.6,9.4,51.8
Seletar Meteorological Station,S25,2016,1,3,3.3,26.0,27.4,25.2,8.3,25.9
Seletar Meteorological Station,S25,2016,1,4,0.0,27.9,32.3,25.1,13.0,35.3
Seletar Meteorological Station,S25,2016,1,5,0.0,28.7,32.8,26.1,15.5,35.3
Seletar Meteorological Station,S25,2016,1,6,0.0,28.5,31.9,26.3,15.5,37.1
Seletar Meteorological Station,S25,2016,1,7,0.0,28.7,32.8,26.2,19.1,37.1
Seletar Meteorological Station,S25,2016,1,8,0.0,28.7,32.9,25.8,17.3,44.3
Seletar Meteorological Station,S25,2016,1,9,0.0,28.8,33.2,26.4,19.1,42.5
Seletar Meteorological Station,S25,2016,1,10,0.0,29.2,33.6,26.8,14.8,38.9
Seletar Meteorological Station,S25,2016,1,11,0.0,28.8,33.8,26.7,10.4,29.5
Seletar Meteorological Station,S25,2016,1,12,0.0,29.1,33.3,26.8,16.2,42.5
Seletar Meteorological Station,S25,2016,1,13,0.0,29.1,34.0,26.5,15.8,37.1
Seletar Meteorological Station,S25,2016,1,14,0.0,29.1,33.5,26.3,14.8,37.1
Seletar Meteorological Station,S25,2016,1,15,24.4,28.2,33.3,25.7,8.3,29.5
Seletar Meteorological Station,S25,2016,1,16,2.2,28.2,33.0,26.0,6.5,25.9
Seletar Meteorological Station,S25,2016,1,17,43.0,27.2,31.3,24.0,7.6,42.5
Seletar Meteorological Station,S25,2016,1,18,2.8,28.5,34.4,25.4,8.3,25.9
Seletar Meteorological Station,S25,2016,1,19,1.4,28.5,31.7,26.6,13.3,51.8
Seletar Meteorological Station,S25,2016,1,20,0.6,28.5,31.9,26.4,9.0,33.5
Seletar Meteorological Station,S25,2016,1,21,0.2,28.4,31.1,26.8,12.6,33.5
Seletar Meteorological Station,S25,2016,1,22,4.4,28.5,32.3,26.5,12.6,35.3
Seletar Meteorological Station,S25,2016,1,23,2.0,28.7,33.1,26.4,14.4,46.4
Seletar Meteorological Station,S25,2016,1,24,1.2,29.0,33.0,26.6,22.7,53.6
Seletar Meteorological Station,S25,2016,1,25,8.2,27.8,31.7,25.2,19.8,63.0
Seletar Meteorological Station,S25,2016,1,26,0.8,27.9,30.6,26.0,16.6,40.7
Seletar Meteorological Station,S25,2016,1,27,0.0,28.9,33.3,26.2,16.9,38.9
Seletar Meteorological Station,S25,2016,1,28,0.8,28.6,33.5,26.2,10.8,33.5
Seletar Meteorological Station,S25,2016,1,29,0.4,28.4,32.0,25.8,15.1,42.5
Seletar Meteorological Station,S25,2016,1,30,0.0,29.1,33.4,26.5,15.5,37.1
Seletar Meteorological Station,S25,2016,1,31,0.0,29.1,33.2,26.5,14.4,37.1
Seletar Meteorological Station,S25,2016,2,1,0.0,29.2,33.5,26.3,18.0,48.2
Seletar Meteorological Station,S25,2016,2,2,7.4,28.2,31.8,25.1,14.0,40.7
Seletar Meteorological Station,S25,2016,2,3,0.0,28.8,32.9,25.8,13.7,37.1
Seletar Meteorological Station,S25,2016,2,4,3.4,28.4,31.0,26.5,11.2,27.7
Seletar Meteorological Station,S25,2016,2,5,14.4,27.9,31.8,26.2,9.0,31.3
Seletar Meteorological Station,S25,2016,2,6,3.8,28.6,32.4,26.3,20.5,44.3
Seletar Meteorological Station,S25,2016,2,7,27.2,26.9,28.8,24.5,25.9,61.2
Seletar Meteorological Station,S25,2016,2,8,0.0,27.6,29.5,26.2,21.6,53.6
Seletar Meteorological Station,S25,2016,2,9,0.2,27.2,29.3,26.0,9.0,27.7
Seletar Meteorological Station,S25,2016,2,10,0.6,26.8,28.5,25.5,12.6,38.9
Seletar Meteorological Station,S25,2016,2,11,0.0,27.5,30.6,25.5,14.0,29.5
Seletar Meteorological Station,S25,2016,2,12,33.0,27.7,32.5,22.2,13.0,68.4
Seletar Meteorological Station,S25,2016,2,13,0.0,28.5,32.7,26.1,15.5,35.3
Seletar Meteorological Station,S25,2016,2,14,0.2,28.8,33.4,26.3,11.2,37.1
Seletar Meteorological Station,S25,2016,2,15,0.0,29.0,33.5,26.8,18.0,40.7
Seletar Meteorological Station,S25,2016,2,16,0.0,28.7,32.3,26.5,25.9,51.8
Seletar Meteorological Station,S25,2016,2,17,0.0,28.2,31.9,25.3,21.6,46.4
Seletar Meteorological Station,S25,2016,2,18,3.6,28.0,32.2,25.5,15.5,46.4
Seletar Meteorological Station,S25,2016,2,19,77.8,25.3,27.7,24.0,7.2,33.5
Seletar Meteorological Station,S25,2016,2,20,0.0,26.8,29.9,24.8,13.0,44.3
Seletar Meteorological Station,S25,2016,2,21,0.0,27.7,31.6,25.0,17.3,46.4
Seletar Meteorological Station,S25,2016,2,22,0.0,28.2,32.1,25.5,17.3,38.9
Seletar Meteorological Station,S25,2016,2,23,0.0,28.2,31.9,25.6,17.6,38.9
Seletar Meteorological Station,S25,2016,2,24,9.6,26.4,29.8,23.8,10.8,35.3
Seletar Meteorological Station,S25,2016,2,25,0.0,28.0,31.5,25.4,24.8,57.2
Seletar Meteorological Station,S25,2016,2,26,0.0,28.3,32.4,25.6,22.0,57.2
Seletar Meteorological Station,S25,2016,2,27,0.0,28.5,32.9,25.4,18.7,44.3
Seletar Meteorological Station,S25,2016,2,28,0.0,28.6,32.5,26.0,23.0,48.2
Seletar Meteorological Station,S25,2016,2,29,0.0,28.7,32.6,26.6,24.8,50.0
Seletar Meteorological Station,S25,2016,3,1,0.0,28.6,32.7,26.3,19.8,44.3
Seletar Meteorological Station,S25,2016,3,2,0.0,28.5,32.3,26.1,22.0,51.8
Seletar Meteorological Station,S25,2016,3,3,0.0,28.6,33.1,26.1,22.7,51.8
Seletar Meteorological Station,S25,2016,3,4,0.4,28.5,32.4,26.7,19.1,42.5
Seletar Meteorological Station,S25,2016,3,5,0.0,28.9,33.7,26.4,18.4,40.7
Seletar Meteorological Station,S25,2016,3,6,0.0,29.1,33.9,27.0,18.7,40.7
Seletar Meteorological Station,S25,2016,3,7,0.0,28.7,32.3,26.6,16.9,38.9
Seletar Meteorological Station,S25,2016,3,8,26.4,28.0,32.2,26.1,9.4,37.1
Seletar Meteorological Station,S25,2016,3,9,0.0,29.5,34.0,26.5,14.8,37.1
Seletar Meteorological Station,S25,2016,3,10,8.0,28.7,34.2,26.5,9.0,33.5
Seletar Meteorological Station,S25,2016,3,11,0.0,29.4,34.6,26.8,14.8,38.9
Seletar Meteorological Station,S25,2016,3,12,0.0,29.2,33.0,26.2,16.6,37.1
Seletar Meteorological Station,S25,2016,3,13,3.4,28.6,33.7,25.2,11.9,38.9
Seletar Meteorological Station,S25,2016,3,14,0.0,29.1,34.0,26.9,11.5,33.5
Seletar Meteorological Station,S25,2016,3,15,0.0,29.2,33.8,26.2,15.8,42.5
Seletar Meteorological Station,S25,2016,3,16,0.0,29.0,34.4,26.0,10.4,27.7
Seletar Meteorological Station,S25,2016,3,17,0.0,29.3,34.8,25.9,14.0,38.9
Seletar Meteorological Station,S25,2016,3,18,0.0,29.1,34.4,26.2,12.6,31.3
Seletar Meteorological Station,S25,2016,3,19,0.0,29.1,33.8,25.8,15.8,31.3
Seletar Meteorological Station,S25,2016,3,20,0.0,29.1,33.8,26.4,11.2,25.9
Seletar Meteorological Station,S25,2016,3,21,0.8,28.9,34.9,26.8,9.4,33.5
Seletar Meteorological Station,S25,2016,3,22,0.0,29.0,34.1,26.8,7.2,35.3
Seletar Meteorological Station,S25,2016,3,23,0.0,29.6,34.6,26.5,11.2,29.5
Seletar Meteorological Station,S25,2016,3,24,0.0,29.6,33.9,26.7,14.0,37.1
Seletar Meteorological Station,S25,2016,3,25,0.2,28.8,34.2,25.1,10.1,42.5
Seletar Meteorological Station,S25,2016,3,26,0.0,29.3,33.1,27.0,17.6,46.4
Seletar Meteorological Station,S25,2016,3,27,0.0,29.6,34.0,27.1,22.0,55.4
Seletar Meteorological Station,S25,2016,3,28,0.0,29.7,34.1,26.6,21.6,46.4
Seletar Meteorological Station,S25,2016,3,29,0.0,29.4,33.9,26.6,20.2,44.3
Seletar Meteorological Station,S25,2016,3,30,0.0,29.3,33.6,26.2,18.4,37.1
Seletar Meteorological Station,S25,2016,3,31,0.0,29.4,33.6,26.8,18.0,37.1
Seletar Meteorological Station,S25,2016,4,1,0.0,29.8,35.3,26.5,16.9,38.9
Seletar Meteorological Station,S25,2016,4,2,0.0,30.0,35.3,25.8,15.8,40.7
Seletar Meteorological Station,S25,2016,4,3,6.4,29.1,34.9,26.1,10.8,42.5
Seletar Meteorological Station,S25,2016,4,4,0.0,29.7,34.0,26.8,14.8,35.3
Seletar Meteorological Station,S25,2016,4,5,0.0,29.3,33.0,27.3,10.8,33.5
Seletar Meteorological Station,S25,2016,4,6,0.0,29.9,34.9,26.5,13.3,31.3
Seletar Meteorological Station,S25,2016,4,7,0.0,29.8,35.8,26.4,10.4,31.3
Seletar Meteorological Station,S25,2016,4,8,0.0,30.1,36.0,26.8,12.2,31.3
Seletar Meteorological Station,S25,2016,4,9,15.8,28.7,34.5,26.1,8.6,37.1
Seletar Meteorological Station,S25,2016,4,10,0.0,29.7,35.7,26.1,11.5,35.3
Seletar Meteorological Station,S25,2016,4,11,1.6,30.1,34.7,27.8,8.6,29.5
Seletar Meteorological Station,S25,2016,4,12,0.6,30.5,35.5,27.7,10.4,38.9
Seletar Meteorological Station,S25,2016,4,13,0.0,30.6,36.7,27.3,9.4,38.9
Seletar Meteorological Station,S25,2016,4,14,1.6,30.2,34.6,27.6,8.6,37.1
Seletar Meteorological Station,S25,2016,4,15,3.8,29.3,33.1,26.0,7.2,37.1
Seletar Meteorological Station,S25,2016,4,16,0.4,30.0,35.6,27.4,8.3,42.5
Seletar Meteorological Station,S25,2016,4,17,0.0,30.3,35.7,27.2,11.2,31.3
Seletar Meteorological Station,S25,2016,4,18,0.0,30.8,35.7,27.0,10.8,31.3
Seletar Meteorological Station,S25,2016,4,19,0.0,30.9,35.4,27.7,16.2,38.9
Seletar Meteorological Station,S25,2016,4,20,0.0,29.9,34.0,27.9,7.9,29.5
Seletar Meteorological Station,S25,2016,4,21,0.0,30.5,35.4,27.6,14.8,35.3
Seletar Meteorological Station,S25,2016,4,22,10.8,29.7,33.8,27.4,8.3,40.7
Seletar Meteorological Station,S25,2016,4,23,0.8,29.4,33.2,27.5,10.1,29.5
Seletar Meteorological Station,S25,2016,4,24,13.8,29.6,33.6,26.8,9.7,31.3
Seletar Meteorological Station,S25,2016,4,25,17.0,28.7,33.8,25.4,9.7,42.5
Seletar Meteorological Station,S25,2016,4,26,10.6,29.3,34.2,26.6,5.4,20.5
Seletar Meteorological Station,S25,2016,4,27,0.4,29.1,34.9,26.7,7.9,38.9
Seletar Meteorological Station,S25,2016,4,28,0.0,29.1,33.7,27.0,7.6,38.9
Seletar Meteorological Station,S25,2016,4,29,12.4,28.8,35.1,25.6,6.1,40.7
Seletar Meteorological Station,S25,2016,4,30,4.0,28.5,35.4,25.8,7.6,48.2
Seletar Meteorological Station,S25,2016,5,1,0.0,30.0,34.1,26.3,10.4,27.7
Seletar Meteorological Station,S25,2016,5,2,0.0,29.3,34.4,27.9,7.2,27.7
Seletar Meteorological Station,S25,2016,5,3,0.0,30.3,35.1,26.4,10.4,33.5
Seletar Meteorological Station,S25,2016,5,4,0.0,31.0,35.1,27.8,12.2,29.5
Seletar Meteorological Station,S25,2016,5,5,0.0,29.7,34.6,27.7,8.6,44.3
Seletar Meteorological Station,S25,2016,5,6,0.0,30.1,35.6,27.9,6.1,33.5
Seletar Meteorological Station,S25,2016,5,7,0.0,30.1,35.0,27.2,7.9,40.7
Seletar Meteorological Station,S25,2016,5,8,0.0,30.1,34.8,26.9,8.6,25.9
Seletar Meteorological Station,S25,2016,5,9,10.0,30.0,35.2,26.1,8.3,40.7
Seletar Meteorological Station,S25,2016,5,10,0.0,30.8,35.0,27.6,11.5,40.7
Seletar Meteorological Station,S25,2016,5,11,41.8,29.4,36.1,25.4,7.6,37.1
Seletar Meteorological Station,S25,2016,5,12,0.0,29.5,34.5,27.0,7.9,37.1
Seletar Meteorological Station,S25,2016,5,13,18.6,28.8,31.9,25.0,6.5,57.2
Seletar Meteorological Station,S25,2016,5,14,15.2,28.0,32.5,25.6,6.5,40.7
Seletar Meteorological Station,S25,2016,5,15,21.6,28.5,34.6,26.3,7.2,33.5
Seletar Meteorological Station,S25,2016,5,16,62.2,28.4,34.4,24.9,7.2,55.4
Seletar Meteorological Station,S25,2016,5,17,0.0,29.2,34.0,26.6,5.8,31.3
Seletar Meteorological Station,S25,2016,5,18,4.4,28.2,33.6,25.9,7.6,33.5
Seletar Meteorological Station,S25,2016,5,19,13.4,28.7,34.1,26.1,8.6,33.5
Seletar Meteorological Station,S25,2016,5,20,0.0,30.5,34.8,27.4,7.6,25.9
Seletar Meteorological Station,S25,2016,5,21,0.0,29.3,32.1,24.9,9.0,33.5
Seletar Meteorological Station,S25,2016,5,22,46.8,28.7,34.0,24.8,7.2,63.0
Seletar Meteorological Station,S25,2016,5,23,2.4,29.5,35.4,26.0,9.0,53.6
Seletar Meteorological Station,S25,2016,5,24,21.6,30.1,33.9,26.2,9.7,40.7
Seletar Meteorological Station,S25,2016,5,25,0.2,30.3,34.5,27.0,9.0,31.3
Seletar Meteorological Station,S25,2016,5,26,0.2,29.6,33.4,26.9,11.2,33.5
Seletar Meteorological Station,S25,2016,5,27,0.0,30.7,34.9,28.1,12.6,31.3
Seletar Meteorological Station,S25,2016,5,28,48.4,29.1,32.8,24.3,7.6,37.1
Seletar Meteorological Station,S25,2016,5,29,0.0,30.6,34.9,27.1,6.5,24.1
Seletar Meteorological Station,S25,2016,5,30,1.4,28.8,33.5,26.3,7.9,51.8
Seletar Meteorological Station,S25,2016,5,31,0.0,29.5,33.7,26.3,8.3,29.5
Seletar Meteorological Station,S25,2016,6,1,28.4,27.9,30.8,25.1,7.9,46.4
Seletar Meteorological Station,S25,2016,6,2,86.6,27.7,33.3,24.2,6.1,51.8
Seletar Meteorological Station,S25,2016,6,3,2.0,27.9,34.0,25.5,6.8,35.3
Seletar Meteorological Station,S25,2016,6,4,0.8,26.9,27.9,25.7,6.5,25.9
Seletar Meteorological Station,S25,2016,6,5,0.0,28.9,33.8,25.8,7.2,22.3
Seletar Meteorological Station,S25,2016,6,6,0.0,29.9,34.6,27.4,10.1,33.5
Seletar Meteorological Station,S25,2016,6,7,0.0,29.7,33.9,27.5,9.7,31.3
Seletar Meteorological Station,S25,2016,6,8,39.2,27.7,30.9,23.1,6.8,46.4
Seletar Meteorological Station,S25,2016,6,9,7.8,28.6,33.5,26.0,6.1,31.3
Seletar Meteorological Station,S25,2016,6,10,1.4,29.2,32.7,26.5,8.6,33.5
Seletar Meteorological Station,S25,2016,6,11,6.0,28.4,33.6,26.5,9.0,33.5
Seletar Meteorological Station,S25,2016,6,12,0.0,29.1,34.6,26.2,9.0,29.5
Seletar Meteorological Station,S25,2016,6,13,0.0,29.1,33.9,26.1,6.5,25.9
Seletar Meteorological Station,S25,2016,6,14,3.0,28.4,32.7,26.4,8.3,27.7
Seletar Meteorological Station,S25,2016,6,15,46.8,28.1,31.8,24.3,7.6,44.3
Seletar Meteorological Station,S25,2016,6,16,4.2,28.3,32.0,26.2,8.6,31.3
Seletar Meteorological Station,S25,2016,6,17,65.4,26.3,30.3,24.0,9.4,40.7
Seletar Meteorological Station,S25,2016,6,18,0.2,27.3,30.4,25.1,5.8,16.6
Seletar Meteorological Station,S25,2016,6,19,0.0,28.1,30.5,25.6,4.7,16.6
Seletar Meteorological Station,S25,2016,6,20,0.0,29.3,33.7,25.9,8.3,31.3
Seletar Meteorological Station,S25,2016,6,21,2.4,29.0,33.3,26.9,5.0,27.7
Seletar Meteorological Station,S25,2016,6,22,2.4,27.0,31.4,25.1,7.9,27.7
Seletar Meteorological Station,S25,2016,6,23,0.0,29.3,33.6,25.9,10.4,29.5
Seletar Meteorological Station,S25,2016,6,24,33.8,27.1,30.9,23.2,6.5,55.4
Seletar Meteorological Station,S25,2016,6,25,0.0,29.7,34.8,26.5,14.0,29.5
Seletar Meteorological Station,S25,2016,6,26,1.2,29.1,33.3,26.7,10.4,42.5
Seletar Meteorological Station,S25,2016,6,27,0.0,29.6,32.4,28.0,9.7,27.7
Seletar Meteorological Station,S25,2016,6,28,0.0,30.9,35.3,27.3,10.1,33.5
Seletar Meteorological Station,S25,2016,6,29,0.0,31.3,35.7,27.5,9.0,33.5
Seletar Meteorological Station,S25,2016,6,30,0.8,30.7,34.1,28.0,9.4,24.1
Seletar Meteorological Station,S25,2016,7,1,0.0,30.0,33.8,26.8,9.7,33.5
Seletar Meteorological Station,S25,2016,7,2,0.0,30.5,33.8,28.4,10.4,31.3
Seletar Meteorological Station,S25,2016,7,3,0.0,30.8,36.0,28.5,10.8,27.7
Seletar Meteorological Station,S25,2016,7,4,0.0,30.9,35.4,27.9,9.7,25.9
Seletar Meteorological Station,S25,2016,7,5,0.0,31.0,35.3,28.2,12.2,33.5
Seletar Meteorological Station,S25,2016,7,6,0.8,29.9,34.5,26.2,7.9,44.3
Seletar Meteorological Station,S25,2016,7,7,0.0,30.2,34.3,26.9,14.8,48.2
Seletar Meteorological Station,S25,2016,7,8,4.6,29.3,32.7,24.9,9.4,48.2
Seletar Meteorological Station,S25,2016,7,9,0.0,30.2,35.0,26.5,14.8,42.5
Seletar Meteorological Station,S25,2016,7,10,0.0,30.1,35.2,27.1,12.2,37.1
Seletar Meteorological Station,S25,2016,7,11,10.2,28.6,32.2,25.0,10.1,42.5
Seletar Meteorological Station,S25,2016,7,12,0.0,30.4,35.1,26.8,11.2,25.9
Seletar Meteorological Station,S25,2016,7,13,24.0,28.2,31.6,24.7,6.8,51.8
Seletar Meteorological Station,S25,2016,7,14,11.6,27.2,30.1,24.8,6.5,50.0
Seletar Meteorological Station,S25,2016,7,15,37.8,27.2,32.5,24.4,6.8,50.0
Seletar Meteorological Station,S25,2016,7,16,0.0,28.8,34.3,25.3,7.9,37.1
Seletar Meteorological Station,S25,2016,7,17,0.6,28.0,33.8,25.6,4.7,38.9
Seletar Meteorological Station,S25,2016,7,18,1.4,27.6,33.7,23.2,7.9,31.3
Seletar Meteorological Station,S25,2016,7,19,54.6,28.2,34.0,23.0,9.4,53.6
Seletar Meteorological Station,S25,2016,7,20,30.0,27.5,31.7,23.1,6.5,42.5
Seletar Meteorological Station,S25,2016,7,21,6.6,27.8,32.4,24.5,8.6,29.5
Seletar Meteorological Station,S25,2016,7,22,5.0,26.3,29.3,25.1,5.8,44.3
Seletar Meteorological Station,S25,2016,7,23,2.6,27.3,32.3,24.8,8.6,40.7
Seletar Meteorological Station,S25,2016,7,24,2.8,27.4,31.0,25.8,6.5,25.9
Seletar Meteorological Station,S25,2016,7,25,0.4,27.6,29.9,25.3,6.5,24.1
Seletar Meteorological Station,S25,2016,7,26,31.6,26.5,29.8,22.2,6.8,63.0
Seletar Meteorological Station,S25,2016,7,27,0.0,28.8,33.9,24.8,9.4,27.7
Seletar Meteorological Station,S25,2016,7,28,23.4,27.7,32.0,24.2,6.5,40.7
Seletar Meteorological Station,S25,2016,7,29,0.0,29.4,34.0,25.2,11.5,33.5
Seletar Meteorological Station,S25,2016,7,30,0.0,29.3,32.7,26.9,9.0,24.1
Seletar Meteorological Station,S25,2016,7,31,12.8,27.9,34.2,25.0,9.0,42.5
Seletar Meteorological Station,S25,2016,8,1,0.0,28.3,32.7,25.3,9.4,31.3
Seletar Meteorological Station,S25,2016,8,2,0.0,30.1,34.4,26.9,11.5,33.5
Seletar Meteorological Station,S25,2016,8,3,3.0,28.3,32.1,22.9,12.2,68.4
Seletar Meteorological Station,S25,2016,8,4,0.0,29.7,33.1,27.3,13.0,35.3
Seletar Meteorological Station,S25,2016,8,5,1.0,30.3,35.0,27.3,11.9,29.5
Seletar Meteorological Station,S25,2016,8,6,1.6,,33.2,25.2,8.6,29.5
Seletar Meteorological Station,S25,2016,8,7,0.0,29.8,34.6,26.6,10.1,37.1
Seletar Meteorological Station,S25,2016,8,8,0.0,30.1,34.6,27.4,6.5,25.9
Seletar Meteorological Station,S25,2016,8,9,0.0,30.2,34.7,26.9,8.6,33.5
Seletar Meteorological Station,S25,2016,8,10,0.0,31.0,35.4,27.6,11.2,33.5
Seletar Meteorological Station,S25,2016,8,11,9.2,29.5,32.9,26.2,9.0,40.7
Seletar Meteorological Station,S25,2016,8,12,5.0,29.8,32.9,26.1,10.8,50.0
Seletar Meteorological Station,S25,2016,8,13,0.0,30.1,34.4,27.0,8.3,33.5
Seletar Meteorological Station,S25,2016,8,14,0.0,29.7,34.4,26.6,11.5,40.7
Seletar Meteorological Station,S25,2016,8,15,0.0,30.5,34.8,27.7,12.2,31.3
Seletar Meteorological Station,S25,2016,8,16,0.0,30.3,34.8,26.6,12.2,35.3
Seletar Meteorological Station,S25,2016,8,17,1.2,29.2,34.7,26.0,11.9,33.5
Seletar Meteorological Station,S25,2016,8,18,0.0,30.6,34.6,27.3,15.5,44.3
Seletar Meteorological Station,S25,2016,8,19,17.4,29.1,33.9,22.9,11.5,57.2
Seletar Meteorological Station,S25,2016,8,20,3.2,30.7,34.6,26.2,11.9,35.3
Seletar Meteorological Station,S25,2016,8,21,10.8,28.6,32.0,23.6,10.1,48.2
Seletar Meteorological Station,S25,2016,8,22,0.0,29.7,33.5,27.8,6.8,27.7
Seletar Meteorological Station,S25,2016,8,23,0.0,29.8,34.1,27.0,7.6,37.1
Seletar Meteorological Station,S25,2016,8,24,38.2,28.3,32.7,24.3,12.2,57.2
Seletar Meteorological Station,S25,2016,8,25,0.0,30.4,34.2,27.0,12.2,38.9
Seletar Meteorological Station,S25,2016,8,26,0.0,30.2,34.7,27.0,10.4,40.7
Seletar Meteorological Station,S25,2016,8,27,0.0,30.4,34.3,28.0,8.3,29.5
Seletar Meteorological Station,S25,2016,8,28,0.0,29.0,33.6,27.0,8.6,29.5
Seletar Meteorological Station,S25,2016,8,29,0.0,29.8,34.0,26.6,11.9,33.5
Seletar Meteorological Station,S25,2016,8,30,4.2,28.3,31.0,25.7,8.3,38.9
Seletar Meteorological Station,S25,2016,8,31,0.8,29.0,33.9,25.8,8.3,46.4
Seletar Meteorological Station,S25,2016,9,1,5.4,27.3,32.0,24.4,5.8,38.9
Seletar Meteorological Station,S25,2016,9,2,0.0,29.3,35.0,25.1,7.9,31.3
Seletar Meteorological Station,S25,2016,9,3,0.0,30.1,35.7,26.3,7.6,24.1
Seletar Meteorological Station,S25,2016,9,4,1.0,28.8,34.1,26.6,7.2,61.2
Seletar Meteorological Station,S25,2016,9,5,0.0,29.1,34.1,25.7,7.9,31.3
Seletar Meteorological Station,S25,2016,9,6,0.6,30.0,35.0,25.6,11.9,33.5
Seletar Meteorological Station,S25,2016,9,7,12.0,28.0,30.3,23.8,13.0,50.0
Seletar Meteorological Station,S25,2016,9,8,0.0,29.9,34.1,27.5,11.9,35.3
Seletar Meteorological Station,S25,2016,9,9,18.0,27.7,34.2,24.6,10.1,50.0
Seletar Meteorological Station,S25,2016,9,10,0.8,27.9,32.7,23.8,8.6,51.8
Seletar Meteorological Station,S25,2016,9,11,0.2,29.2,34.0,24.7,12.2,57.2
Seletar Meteorological Station,S25,2016,9,12,10.6,26.4,28.2,24.9,5.8,46.4
Seletar Meteorological Station,S25,2016,9,13,0.0,29.3,33.4,25.0,13.0,31.3
Seletar Meteorological Station,S25,2016,9,14,11.2,27.0,31.1,23.8,8.6,50.0
Seletar Meteorological Station,S25,2016,9,15,0.0,29.7,34.5,25.8,9.7,27.7
Seletar Meteorological Station,S25,2016,9,16,9.4,29.1,33.9,23.0,10.8,59.4
Seletar Meteorological Station,S25,2016,9,17,0.0,29.3,33.0,25.8,7.2,31.3
Seletar Meteorological Station,S25,2016,9,18,10.2,29.2,34.5,23.1,8.3,53.6
Seletar Meteorological Station,S25,2016,9,19,2.2,29.1,32.2,26.1,9.0,35.3
Seletar Meteorological Station,S25,2016,9,20,1.8,28.7,33.8,24.9,10.4,46.4
Seletar Meteorological Station,S25,2016,9,21,4.8,28.2,34.4,24.4,8.3,55.4
Seletar Meteorological Station,S25,2016,9,22,0.0,29.0,33.6,26.1,8.3,31.3
Seletar Meteorological Station,S25,2016,9,23,0.0,29.4,35.7,25.9,9.0,31.3
Seletar Meteorological Station,S25,2016,9,24,0.0,29.7,34.9,26.2,7.9,29.5
Seletar Meteorological Station,S25,2016,9,25,3.0,28.8,32.1,25.4,8.3,44.3
Seletar Meteorological Station,S25,2016,9,26,0.0,29.2,35.0,26.0,9.7,35.3
Seletar Meteorological Station,S25,2016,9,27,0.0,29.0,32.5,26.2,6.5,20.5
Seletar Meteorological Station,S25,2016,9,28,0.0,30.3,36.1,26.6,9.7,35.3
Seletar Meteorological Station,S25,2016,9,29,0.0,29.9,35.3,26.4,9.4,35.3
Seletar Meteorological Station,S25,2016,9,30,16.0,28.8,36.8,24.4,8.3,72.4
Seletar Meteorological Station,S25,2016,10,1,0.8,28.4,32.2,25.4,8.6,44.3
Seletar Meteorological Station,S25,2016,10,2,0.0,30.7,35.1,27.4,9.4,33.5
Seletar Meteorological Station,S25,2016,10,3,3.2,28.4,32.1,24.6,10.1,37.1
Seletar Meteorological Station,S25,2016,10,4,0.4,29.0,35.5,26.2,7.9,37.1
Seletar Meteorological Station,S25,2016,10,5,0.0,29.2,33.4,26.2,7.2,31.3
Seletar Meteorological Station,S25,2016,10,6,0.4,28.6,32.0,25.4,7.9,25.9
Seletar Meteorological Station,S25,2016,10,7,53.8,25.9,27.8,23.7,6.8,42.5
Seletar Meteorological Station,S25,2016,10,8,0.0,28.8,34.0,24.9,7.6,27.7
Seletar Meteorological Station,S25,2016,10,9,0.0,29.4,34.0,26.4,8.6,31.3
Seletar Meteorological Station,S25,2016,10,10,0.0,30.0,34.9,26.5,8.6,37.1
Seletar Meteorological Station,S25,2016,10,11,0.0,31.0,35.5,27.7,9.0,38.9
Seletar Meteorological Station,S25,2016,10,12,0.2,30.1,35.0,27.2,9.4,42.5
Seletar Meteorological Station,S25,2016,10,13,0.0,29.6,32.8,28.0,9.0,40.7
Seletar Meteorological Station,S25,2016,10,14,20.4,29.0,33.4,23.8,11.9,53.6
Seletar Meteorological Station,S25,2016,10,15,0.0,30.1,34.7,26.0,9.7,37.1
Seletar Meteorological Station,S25,2016,10,16,7.2,28.9,32.3,25.7,9.0,51.8
Seletar Meteorological Station,S25,2016,10,17,0.0,29.7,33.1,27.4,9.4,35.3
Seletar Meteorological Station,S25,2016,10,18,30.6,29.8,34.7,23.8,10.1,40.7
Seletar Meteorological Station,S25,2016,10,19,15.6,28.0,32.0,23.3,6.8,63.0
Seletar Meteorological Station,S25,2016,10,20,0.0,29.9,34.8,26.1,9.7,33.5
Seletar Meteorological Station,S25,2016,10,21,0.0,29.6,34.2,26.5,7.9,33.5
Seletar Meteorological Station,S25,2016,10,22,1.0,28.5,31.6,25.7,7.2,40.7
Seletar Meteorological Station,S25,2016,10,23,0.4,28.7,31.9,26.4,5.0,27.7
Seletar Meteorological Station,S25,2016,10,24,2.4,27.6,31.2,25.9,7.9,29.5
Seletar Meteorological Station,S25,2016,10,25,44.4,27.3,32.7,23.3,9.4,40.7
Seletar Meteorological Station,S25,2016,10,26,1.0,28.1,33.7,24.6,7.9,31.3
Seletar Meteorological Station,S25,2016,10,27,18.0,26.1,31.2,24.3,5.0,38.9
Seletar Meteorological Station,S25,2016,10,28,12.6,27.1,32.4,24.9,6.1,29.5
Seletar Meteorological Station,S25,2016,10,29,1.4,27.4,31.6,24.9,7.9,42.5
Seletar Meteorological Station,S25,2016,10,30,1.6,27.7,31.7,24.7,6.5,33.5
Seletar Meteorological Station,S25,2016,10,31,0.0,29.3,33.8,25.6,6.8,29.5
Seletar Meteorological Station,S25,2016,11,1,18.2,27.1,30.2,24.3,6.8,38.9
Seletar Meteorological Station,S25,2016,11,2,7.8,27.6,31.2,23.0,9.7,51.8
Seletar Meteorological Station,S25,2016,11,3,19.2,27.9,32.7,24.9,9.0,40.7
Seletar Meteorological Station,S25,2016,11,4,0.2,28.6,33.3,26.1,6.8,27.7
Seletar Meteorological Station,S25,2016,11,5,3.2,27.4,29.6,25.6,8.3,33.5
Seletar Meteorological Station,S25,2016,11,6,0.2,28.9,33.6,25.9,7.6,27.7
Seletar Meteorological Station,S25,2016,11,7,2.8,27.4,30.7,25.6,6.1,31.3
Seletar Meteorological Station,S25,2016,11,8,0.0,29.4,35.4,25.0,6.8,24.1
Seletar Meteorological Station,S25,2016,11,9,17.0,28.7,32.8,24.7,6.5,33.5
Seletar Meteorological Station,S25,2016,11,10,9.8,28.2,33.2,24.5,6.8,38.9
Seletar Meteorological Station,S25,2016,11,11,7.4,26.7,30.8,24.6,5.8,44.3
Seletar Meteorological Station,S25,2016,11,12,2.0,27.8,32.5,25.2,7.9,37.1
Seletar Meteorological Station,S25,2016,11,13,0.0,28.1,31.1,25.6,7.6,25.9
Seletar Meteorological Station,S25,2016,11,14,20.4,25.6,27.5,24.1,6.1,46.4
Seletar Meteorological Station,S25,2016,11,15,0.0,27.7,32.8,24.3,10.1,31.3
Seletar Meteorological Station,S25,2016,11,16,6.0,27.2,31.6,23.5,9.0,42.5
Seletar Meteorological Station,S25,2016,11,17,3.2,27.8,33.4,25.4,7.2,27.7
Seletar Meteorological Station,S25,2016,11,18,1.2,27.9,33.4,25.5,7.2,40.7
Seletar Meteorological Station,S25,2016,11,19,5.0,28.0,32.0,24.9,7.2,33.5
Seletar Meteorological Station,S25,2016,11,20,1.8,28.3,32.3,26.3,6.1,27.7
Seletar Meteorological Station,S25,2016,11,21,0.2,28.8,33.0,25.9,8.3,33.5
Seletar Meteorological Station,S25,2016,11,22,0.0,28.1,30.2,26.0,7.6,29.5
Seletar Meteorological Station,S25,2016,11,23,1.2,28.4,32.1,24.5,7.9,50.0
Seletar Meteorological Station,S25,2016,11,24,2.2,27.9,33.2,25.6,8.6,35.3
Seletar Meteorological Station,S25,2016,11,25,19.8,28.0,33.6,25.2,7.6,33.5
Seletar Meteorological Station,S25,2016,11,26,20.4,27.4,32.1,25.8,6.8,37.1
Seletar Meteorological Station,S25,2016,11,27,0.0,27.6,30.3,24.9,10.1,37.1
Seletar Meteorological Station,S25,2016,11,28,0.0,28.1,30.5,26.5,10.1,33.5
Seletar Meteorological Station,S25,2016,11,29,0.4,26.7,28.4,25.3,7.9,31.3
Seletar Meteorological Station,S25,2016,11,30,0.0,28.6,33.3,25.0,9.4,33.5
Seletar Meteorological Station,S25,2016,12,1,13.4,26.0,27.8,25.1,5.8,27.7
Seletar Meteorological Station,S25,2016,12,2,1.8,28.0,33.1,24.4,7.6,31.3
Seletar Meteorological Station,S25,2016,12,3,1.6,28.2,31.4,25.1,5.4,22.3
Seletar Meteorological Station,S25,2016,12,4,0.0,29.2,35.0,26.2,9.7,25.9
Seletar Meteorological Station,S25,2016,12,5,13.2,29.4,35.8,24.9,8.6,27.7
Seletar Meteorological Station,S25,2016,12,6,1.4,28.8,35.9,25.5,9.4,53.6
Seletar Meteorological Station,S25,2016,12,7,1.6,28.6,34.7,26.5,8.6,46.4
Seletar Meteorological Station,S25,2016,12,8,2.0,28.9,33.1,25.7,8.6,29.5
Seletar Meteorological Station,S25,2016,12,9,15.8,27.5,31.8,25.0,7.2,42.5
Seletar Meteorological Station,S25,2016,12,10,7.6,28.0,31.7,24.5,7.2,27.7
Seletar Meteorological Station,S25,2016,12,11,3.6,26.7,30.5,24.1,7.9,40.7
Seletar Meteorological Station,S25,2016,12,12,0.0,28.9,33.1,26.2,10.4,46.4
Seletar Meteorological Station,S25,2016,12,13,1.0,28.7,33.7,25.5,9.0,42.5
Seletar Meteorological Station,S25,2016,12,14,0.2,28.8,34.5,25.4,8.3,40.7
Seletar Meteorological Station,S25,2016,12,15,0.0,29.3,33.9,26.1,7.9,33.5
Seletar Meteorological Station,S25,2016,12,16,0.0,28.8,33.9,26.2,9.7,29.5
Seletar Meteorological Station,S25,2016,12,17,25.8,27.2,31.8,24.4,9.0,53.6
Seletar Meteorological Station,S25,2016,12,18,5.2,27.3,31.9,23.6,7.9,38.9
Seletar Meteorological Station,S25,2016,12,19,0.8,28.6,33.4,25.9,9.7,37.1
Seletar Meteorological Station,S25,2016,12,20,0.0,28.8,33.5,25.8,11.2,44.3
Seletar Meteorological Station,S25,2016,12,21,14.2,28.5,34.1,25.5,8.3,48.2
Seletar Meteorological Station,S25,2016,12,22,52.6,27.0,32.7,23.8,7.2,50.0
Seletar Meteorological Station,S25,2016,12,23,37.4,27.3,32.1,23.6,8.6,33.5
Seletar Meteorological Station,S25,2016,12,24,17.4,26.9,32.8,24.4,9.0,44.3
Seletar Meteorological Station,S25,2016,12,25,28.0,27.4,33.5,25.0,8.6,44.3
Seletar Meteorological Station,S25,2016,12,26,0.0,27.1,30.8,24.9,9.0,27.7
Seletar Meteorological Station,S25,2016,12,27,1.0,26.6,30.9,24.8,11.5,40.7
Seletar Meteorological Station,S25,2016,12,28,3.4,25.9,28.5,23.7,15.5,35.3
Seletar Meteorological Station,S25,2016,12,29,0.0,27.9,31.3,25.5,12.2,37.1
Seletar Meteorological Station,S25,2016,12,30,6.2,27.5,32.9,25.4,11.9,44.3
Seletar Meteorological Station,S25,2016,12,31,0.0,27.1,29.8,24.7,8.3,35.3
Seletar Meteorological Station,S25,2017,1,1,0.8,,,,13.3,42.5
Seletar Meteorological Station,S25,2017,1,2,41.6,,,,5.8,33.5
Seletar Meteorological Station,S25,2017,1,3,1.4,,,,8.6,35.3
Seletar Meteorological Station,S25,2017,1,4,2.0,,,,8.6,37.1
Seletar Meteorological Station,S25,2017,1,5,0.6,,,,6.5,29.5
Seletar Meteorological Station,S25,2017,1,6,0.0,,,,7.9,27.7
Seletar Meteorological Station,S25,2017,1,7,0.0,,,,8.6,31.3
Seletar Meteorological Station,S25,2017,1,8,0.0,,,,9.4,33.5
Seletar Meteorological Station,S25,2017,1,9,0.0,,,,12.2,29.5
Seletar Meteorological Station,S25,2017,1,10,18.2,,,,13.0,35.3
Seletar Meteorological Station,S25,2017,1,11,19.0,,,,10.8,46.4
Seletar Meteorological Station,S25,2017,1,12,0.0,,,,7.2,33.5
Seletar Meteorological Station,S25,2017,1,13,0.0,,,,9.7,25.9
Seletar Meteorological Station,S25,2017,1,14,0.0,,,,7.2,24.1
Seletar Meteorological Station,S25,2017,1,15,0.0,,,,7.9,40.7
Seletar Meteorological Station,S25,2017,1,16,0.0,,,,7.6,27.7
Seletar Meteorological Station,S25,2017,1,17,0.0,,,,7.6,29.5
Seletar Meteorological Station,S25,2017,1,18,30.8,,,,9.7,44.3
Seletar Meteorological Station,S25,2017,1,19,23.8,,,,7.9,33.5
Seletar Meteorological Station,S25,2017,1,20,1.2,,,,8.6,35.3
Seletar Meteorological Station,S25,2017,1,21,16.8,,,,11.9,46.4
Seletar Meteorological Station,S25,2017,1,22,23.4,,,,15.8,48.2
Seletar Meteorological Station,S25,2017,1,23,55.0,,,,8.3,51.8
Seletar Meteorological Station,S25,2017,1,24,21.4,,,,5.4,35.3
Seletar Meteorological Station,S25,2017,1,25,0.4,,,,11.2,35.3
Seletar Meteorological Station,S25,2017,1,26,1.6,,,,14.8,40.7
Seletar Meteorological Station,S25,2017,1,27,0.2,,,,19.4,51.8
Seletar Meteorological Station,S25,2017,1,28,5.4,,,,9.7,48.2
Seletar Meteorological Station,S25,2017,1,29,0.2,,,,9.7,27.7
Seletar Meteorological Station,S25,2017,1,30,12.8,,,,9.4,31.3
Seletar Meteorological Station,S25,2017,1,31,0.0,,,,16.6,37.1
Seletar Meteorological Station,S25,2017,2,1,0.0,,,,12.2,35.3
Seletar Meteorological Station,S25,2017,2,2,3.2,,,,6.8,24.1
Seletar Meteorological Station,S25,2017,2,3,23.6,,,,10.8,38.9
Seletar Meteorological Station,S25,2017,2,4,46.8,,,,8.6,38.9
Seletar Meteorological Station,S25,2017,2,5,0.2,,,,8.3,44.3
Seletar Meteorological Station,S25,2017,2,6,0.0,,,,9.0,40.7
Seletar Meteorological Station,S25,2017,2,7,15.2,,,,8.6,40.7
Seletar Meteorological Station,S25,2017,2,8,7.0,,,,8.3,25.9
Seletar Meteorological Station,S25,2017,2,9,0.0,,,,11.9,29.5
Seletar Meteorological Station,S25,2017,2,10,0.0,,,,18.4,42.5
Seletar Meteorological Station,S25,2017,2,11,0.2,,,,23.0,51.8
Seletar Meteorological Station,S25,2017,2,12,1.0,,,,22.0,68.4
Seletar Meteorological Station,S25,2017,2,13,0.8,,,,22.7,55.4
Seletar Meteorological Station,S25,2017,2,14,1.6,,,,26.6,55.4
Seletar Meteorological Station,S25,2017,2,15,7.8,,,,17.3,48.2
Seletar Meteorological Station,S25,2017,2,16,0.0,,,,22.0,48.2
Seletar Meteorological Station,S25,2017,2,17,0.0,,,,19.4,40.7
Seletar Meteorological Station,S25,2017,2,18,0.0,,,,19.8,42.5
Seletar Meteorological Station,S25,2017,2,19,0.0,,,,20.2,42.5
Seletar Meteorological Station,S25,2017,2,20,0.4,,,,17.6,57.2
Seletar Meteorological Station,S25,2017,2,21,9.0,,,,11.2,31.3
Seletar Meteorological Station,S25,2017,2,22,0.0,,,,11.9,35.3
Seletar Meteorological Station,S25,2017,2,23,34.6,,,,8.6,59.4
Seletar Meteorological Station,S25,2017,2,24,22.4,,,,7.2,35.3
Seletar Meteorological Station,S25,2017,2,25,3.8,,,,12.2,46.4
Seletar Meteorological Station,S25,2017,2,26,0.0,,,,14.8,33.5
Seletar Meteorological Station,S25,2017,2,27,0.0,,,,19.4,42.5
Seletar Meteorological Station,S25,2017,2,28,7.4,,,,15.8,57.2
Seletar Meteorological Station,S25,2017,3,1,49.6,,,,11.2,29.5
Seletar Meteorological Station,S25,2017,3,2,0.6,,,,19.1,46.4
Seletar Meteorological Station,S25,2017,3,3,13.2,,,,13.7,44.3
Seletar Meteorological Station,S25,2017,3,4,14.0,,,,7.9,31.3
Seletar Meteorological Station,S25,2017,3,5,0.2,,,,14.8,35.3
Seletar Meteorological Station,S25,2017,3,6,1.6,,,,10.1,31.3
Seletar Meteorological Station,S25,2017,3,7,1.0,,,,8.6,25.9
Seletar Meteorological Station,S25,2017,3,8,0.0,,,,16.9,33.5
Seletar Meteorological Station,S25,2017,3,9,0.0,,,,18.7,37.1
Seletar Meteorological Station,S25,2017,3,10,0.0,,,,15.5,33.5
Seletar Meteorological Station,S25,2017,3,11,0.0,,,,11.9,31.3
Seletar Meteorological Station,S25,2017,3,12,2.4,,,,6.5,29.5
Seletar Meteorological Station,S25,2017,3,13,0.0,,,,9.4,25.9
Seletar Meteorological Station,S25,2017,3,14,0.0,,,,9.4,35.3
Seletar Meteorological Station,S25,2017,3,15,0.0,,,,9.7,25.9
Seletar Meteorological Station,S25,2017,3,16,0.6,,,,12.6,37.1
Seletar Meteorological Station,S25,2017,3,17,32.2,,,,6.5,59.4
Seletar Meteorological Station,S25,2017,3,18,0.0,,,,10.4,29.5
Seletar Meteorological Station,S25,2017,3,19,0.0,,,,8.3,35.3
Seletar Meteorological Station,S25,2017,3,20,19.4,,,,5.8,35.3
Seletar Meteorological Station,S25,2017,3,21,6.8,,,,9.7,37.1
Seletar Meteorological Station,S25,2017,3,22,2.6,,,,9.0,53.6
Seletar Meteorological Station,S25,2017,3,23,0.0,,,,12.6,29.5
Seletar Meteorological Station,S25,2017,3,24,0.0,,,,9.0,27.7
Seletar Meteorological Station,S25,2017,3,25,3.4,,,,9.7,40.7
Seletar Meteorological Station,S25,2017,3,26,0.0,,,,11.9,35.3
Seletar Meteorological Station,S25,2017,3,27,0.0,,,,12.2,31.3
Seletar Meteorological Station,S25,2017,3,28,0.8,,,,8.3,29.5
Seletar Meteorological Station,S25,2017,3,29,5.0,,,,6.8,22.3
Seletar Meteorological Station,S25,2017,3,30,12.6,,,,7.2,38.9
Seletar Meteorological Station,S25,2017,3,31,0.0,,,,6.5,38.9
Seletar Meteorological Station,S25,2017,4,1,3.2,,,,7.6,31.3
Seletar Meteorological Station,S25,2017,4,2,0.0,,,,7.9,31.3
Seletar Meteorological Station,S25,2017,4,3,1.8,,,,7.2,33.5
Seletar Meteorological Station,S25,2017,4,4,4.4,,,,9.0,38.9
Seletar Meteorological Station,S25,2017,4,5,0.0,,,,9.4,37.1
Seletar Meteorological Station,S25,2017,4,6,22.6,,,,7.9,40.7
Seletar Meteorological Station,S25,2017,4,7,3.8,,,,8.6,40.7
Seletar Meteorological Station,S25,2017,4,8,3.6,,,,6.8,38.9
Seletar Meteorological Station,S25,2017,4,9,0.0,,,,8.3,35.3
Seletar Meteorological Station,S25,2017,4,10,0.0,,,,9.0,27.7
Seletar Meteorological Station,S25,2017,4,11,12.4,,,,7.9,33.5
Seletar Meteorological Station,S25,2017,4,12,12.4,,,,6.8,29.5
Seletar Meteorological Station,S25,2017,4,13,10.0,,,,7.2,35.3
Seletar Meteorological Station,S25,2017,4,14,1.2,,,,10.4,35.3
Seletar Meteorological Station,S25,2017,4,15,1.6,,,,11.9,35.3
Seletar Meteorological Station,S25,2017,4,16,0.8,,,,7.6,33.5
Seletar Meteorological Station,S25,2017,4,17,0.6,,,,8.6,35.3
Seletar Meteorological Station,S25,2017,4,18,52.0,,,,7.6,38.9
Seletar Meteorological Station,S25,2017,4,19,15.6,,,,6.5,46.4
Seletar Meteorological Station,S25,2017,4,20,22.6,,,,6.8,40.7
Seletar Meteorological Station,S25,2017,4,21,8.8,,,,7.9,44.3
Seletar Meteorological Station,S25,2017,4,22,3.0,,,,6.8,29.5
Seletar Meteorological Station,S25,2017,4,23,0.0,,,,7.2,27.7
Seletar Meteorological Station,S25,2017,4,24,17.0,,,,6.1,29.5
Seletar Meteorological Station,S25,2017,4,25,3.4,,,,6.5,33.5
Seletar Meteorological Station,S25,2017,4,26,0.4,,,,7.6,27.7
Seletar Meteorological Station,S25,2017,4,27,2.0,,,,7.6,35.3
Seletar Meteorological Station,S25,2017,4,28,1.8,,,,5.8,29.5
Seletar Meteorological Station,S25,2017,4,29,0.2,,,,6.1,22.3
Seletar Meteorological Station,S25,2017,4,30,0.0,,,,11.2,29.5
Seletar Meteorological Station,S25,2017,5,1,3.6,,,,6.8,27.7
Seletar Meteorological Station,S25,2017,5,2,17.4,,,,6.1,42.5
Seletar Meteorological Station,S25,2017,5,3,0.0,,,,9.7,25.9
Seletar Meteorological Station,S25,2017,5,4,0.0,,,,6.5,33.5
Seletar Meteorological Station,S25,2017,5,5,11.0,,,,6.8,29.5
Seletar Meteorological Station,S25,2017,5,6,5.6,,,,7.6,38.9
Seletar Meteorological Station,S25,2017,5,7,12.2,,,,7.6,37.1
Seletar Meteorological Station,S25,2017,5,8,0.0,,,,7.6,25.9
Seletar Meteorological Station,S25,2017,5,9,2.0,,,,11.9,38.9
Seletar Meteorological Station,S25,2017,5,10,3.4,,,,5.8,29.5
Seletar Meteorological Station,S25,2017,5,11,0.0,,,,9.4,22.3
Seletar Meteorological Station,S25,2017,5,12,0.0,,,,11.2,37.1
Seletar Meteorological Station,S25,2017,5,13,1.0,,,,9.0,40.7
Seletar Meteorological Station,S25,2017,5,14,0.0,,,,11.2,37.1
Seletar Meteorological Station,S25,2017,5,15,4.5,,,,9.0,40.7
Seletar Meteorological Station,S25,2017,5,16,0.4,,,,10.8,33.5
Seletar Meteorological Station,S25,2017,5,17,0.0,,,,13.0,37.1
Seletar Meteorological Station,S25,2017,5,18,3.0,,,,10.4,42.5
Seletar Meteorological Station,S25,2017,5,19,0.0,,,,12.2,35.3
Seletar Meteorological Station,S25,2017,5,20,0.0,,,,13.0,35.3
Seletar Meteorological Station,S25,2017,5,21,15.6,,,,8.3,35.3
Seletar Meteorological Station,S25,2017,5,22,20.4,,,,10.8,44.3
Seletar Meteorological Station,S25,2017,5,23,0.0,,,,13.0,33.5
Seletar Meteorological Station,S25,2017,5,24,26.2,,,,7.9,44.3
Seletar Meteorological Station,S25,2017,5,25,0.0,,,,9.4,35.3
Seletar Meteorological Station,S25,2017,5,26,45.8,,,,8.3,61.2
Seletar Meteorological Station,S25,2017,5,27,0.4,,,,7.9,31.3
Seletar Meteorological Station,S25,2017,5,28,0.0,,,,10.4,25.9
Seletar Meteorological Station,S25,2017,5,29,0.0,,,,10.8,31.3
Seletar Meteorological Station,S25,2017,5,30,23.6,,,,6.8,55.4
Seletar Meteorological Station,S25,2017,5,31,42.6,,,,7.2,37.1
Seletar Meteorological Station,S25,2017,6,1,6.6,,,,6.8,25.9
Seletar Meteorological Station,S25,2017,6,2,0.0,,,,10.1,24.1
Seletar Meteorological Station,S25,2017,6,3,0.0,,,,12.6,31.3
Seletar Meteorological Station,S25,2017,6,4,0.0,,,,14.0,37.1
Seletar Meteorological Station,S25,2017,6,5,1.6,,,,11.5,33.5
Seletar Meteorological Station,S25,2017,6,6,0.0,,,,10.4,31.3
Seletar Meteorological Station,S25,2017,6,7,1.4,,,,9.0,29.5
Seletar Meteorological Station,S25,2017,6,8,6.2,,,,9.0,33.5
Seletar Meteorological Station,S25,2017,6,9,0.0,,,,10.4,31.3
Seletar Meteorological Station,S25,2017,6,10,0.8,,,,9.4,38.9
Seletar Meteorological Station,S25,2017,6,11,0.0,,,,10.8,29.5
Seletar Meteorological Station,S25,2017,6,12,0.0,,,,10.1,25.9
Seletar Meteorological Station,S25,2017,6,13,0.0,,,,11.2,35.3
Seletar Meteorological Station,S25,2017,6,14,52.2,,,,7.6,51.8
Seletar Meteorological Station,S25,2017,6,15,4.6,,,,7.9,29.5
Seletar Meteorological Station,S25,2017,6,16,46.6,,,,7.6,38.9
Seletar Meteorological Station,S25,2017,6,17,0.0,,,,9.0,27.7
Seletar Meteorological Station,S25,2017,6,18,16.1,,,,8.3,53.6
Seletar Meteorological Station,S25,2017,6,19,0.0,,,,11.5,31.3
Seletar Meteorological Station,S25,2017,6,20,2.2,,,,8.3,33.5
Seletar Meteorological Station,S25,2017,6,21,0.4,,,,8.6,27.7
Seletar Meteorological Station,S25,2017,6,22,0.0,,,,10.4,29.5
Seletar Meteorological Station,S25,2017,6,23,0.8,,,,9.0,63.0
Seletar Meteorological Station,S25,2017,6,24,0.0,,,,7.6,27.7
Seletar Meteorological Station,S25,2017,6,25,2.4,,,,5.4,42.5
Seletar Meteorological Station,S25,2017,6,26,25.6,,,,7.6,29.5
Seletar Meteorological Station,S25,2017,6,27,0.8,,,,6.5,35.3
Seletar Meteorological Station,S25,2017,6,28,19.8,,,,8.3,35.3
Seletar Meteorological Station,S25,2017,6,29,18.5,,,,6.1,37.1
Seletar Meteorological Station,S25,2017,6,30,0.0,,,,11.2,29.5
Seletar Meteorological Station,S25,2017,7,1,0.0,,,,10.1,31.3
Seletar Meteorological Station,S25,2017,7,2,0.0,,,,9.4,33.5
Seletar Meteorological Station,S25,2017,7,3,0.4,,,,10.8,42.5
Seletar Meteorological Station,S25,2017,7,4,0.0,,,,9.7,29.5
Seletar Meteorological Station,S25,2017,7,5,11.0,,,,5.4,33.5
Seletar Meteorological Station,S25,2017,7,6,0.0,,,,12.6,37.1
Seletar Meteorological Station,S25,2017,7,7,0.0,,,,13.0,33.5
Seletar Meteorological Station,S25,2017,7,8,7.0,,,,11.2,35.3
Seletar Meteorological Station,S25,2017,7,9,0.2,,,,13.7,33.5
Seletar Meteorological Station,S25,2017,7,10,0.0,,,,9.4,31.3
Seletar Meteorological Station,S25,2017,7,11,19.2,,,,9.7,37.1
Seletar Meteorological Station,S25,2017,7,12,14.4,,,,10.1,35.3
Seletar Meteorological Station,S25,2017,7,13,3.4,,,,10.8,31.3
Seletar Meteorological Station,S25,2017,7,14,37.4,,,,7.6,38.9
Seletar Meteorological Station,S25,2017,7,15,2.6,,,,11.2,37.1
Seletar Meteorological Station,S25,2017,7,16,0.0,,,,18.0,37.1
Seletar Meteorological Station,S25,2017,7,17,0.0,,,,15.1,40.7
Seletar Meteorological Station,S25,2017,7,18,0.0,,,,16.9,33.5
Seletar Meteorological Station,S25,2017,7,19,0.0,,,,10.8,29.5
Seletar Meteorological Station,S25,2017,7,20,0.0,,,,10.4,31.3
Seletar Meteorological Station,S25,2017,7,21,0.0,,,,13.0,33.5
Seletar Meteorological Station,S25,2017,7,22,0.0,,,,14.0,33.5
Seletar Meteorological Station,S25,2017,7,23,0.0,,,,12.6,31.3
Seletar Meteorological Station,S25,2017,7,24,0.0,,,,15.1,35.3
Seletar Meteorological Station,S25,2017,7,25,0.0,,,,15.5,37.1
Seletar Meteorological Station,S25,2017,7,26,15.6,,,,13.7,64.8
Seletar Meteorological Station,S25,2017,7,27,0.0,,,,15.1,38.9
Seletar Meteorological Station,S25,2017,7,28,0.0,,,,14.0,35.3
Seletar Meteorological Station,S25,2017,7,29,3.6,,,,14.0,44.3
Seletar Meteorological Station,S25,2017,7,30,0.0,,,,15.5,37.1
Seletar Meteorological Station,S25,2017,7,31,0.0,,,,15.1,37.1
Seletar Meteorological Station,S25,2017,8,1,0.0,,,,13.3,38.9
Seletar Meteorological Station,S25,2017,8,2,0.0,,,,17.3,44.3
Seletar Meteorological Station,S25,2017,8,3,0.0,,,,18.4,40.7
Seletar Meteorological Station,S25,2017,8,4,0.0,,,,16.2,38.9
Seletar Meteorological Station,S25,2017,8,5,0.0,,,,16.2,44.3
Seletar Meteorological Station,S25,2017,8,6,8.2,,,,12.6,42.5
Seletar Meteorological Station,S25,2017,8,7,1.6,,,,10.8,37.1
Seletar Meteorological Station,S25,2017,8,8,1.2,,,,10.8,37.1
Seletar Meteorological Station,S25,2017,8,9,1.6,,,,10.4,33.5
Seletar Meteorological Station,S25,2017,8,10,0.0,,,,11.9,35.3
Seletar Meteorological Station,S25,2017,8,11,46.2,,,,7.2,46.4
Seletar Meteorological Station,S25,2017,8,12,19.6,,,,7.2,27.7
Seletar Meteorological Station,S25,2017,8,13,0.2,,,,7.9,22.3
Seletar Meteorological Station,S25,2017,8,14,0.8,,,,12.2,38.9
Seletar Meteorological Station,S25,2017,8,15,0.2,,,,7.6,33.5
Seletar Meteorological Station,S25,2017,8,16,0.0,,,,9.7,33.5
Seletar Meteorological Station,S25,2017,8,17,37.8,,,,9.0,35.3
Seletar Meteorological Station,S25,2017,8,18,5.0,,,,8.6,27.7
Seletar Meteorological Station,S25,2017,8,19,3.8,,,,10.8,37.1
Seletar Meteorological Station,S25,2017,8,20,0.0,,,,12.2,33.5
Seletar Meteorological Station,S25,2017,8,21,0.0,,,,10.4,33.5
Seletar Meteorological Station,S25,2017,8,22,0.0,,,,13.0,35.3
Seletar Meteorological Station,S25,2017,8,23,0.0,,,,16.2,37.1
Seletar Meteorological Station,S25,2017,8,24,0.0,,,,11.2,33.5
Seletar Meteorological Station,S25,2017,8,25,0.0,,,,10.8,35.3
Seletar Meteorological Station,S25,2017,8,26,0.0,,,,10.8,29.5
Seletar Meteorological Station,S25,2017,8,27,0.2,,,,10.4,40.7
Seletar Meteorological Station,S25,2017,8,28,2.0,,,,8.6,29.5
Seletar Meteorological Station,S25,2017,8,29,1.0,,,,9.7,38.9
Seletar Meteorological Station,S25,2017,8,30,0.2,,,,7.9,35.3
Seletar Meteorological Station,S25,2017,8,31,0.0,,,,13.0,38.9
Seletar Meteorological Station,S25,2017,9,1,0.2,,,,11.2,35.3
Seletar Meteorological Station,S25,2017,9,2,0.0,,,,10.4,33.5
Seletar Meteorological Station,S25,2017,9,3,0.2,,,,13.3,38.9
Seletar Meteorological Station,S25,2017,9,4,0.0,,,,10.4,40.7
Seletar Meteorological Station,S25,2017,9,5,9.6,,,,10.8,38.9
Seletar Meteorological Station,S25,2017,9,6,57.6,,,,8.6,51.8
Seletar Meteorological Station,S25,2017,9,7,2.2,,,,7.6,31.3
Seletar Meteorological Station,S25,2017,9,8,13.0,,,,7.6,42.5
Seletar Meteorological Station,S25,2017,9,9,0.8,,,,7.9,48.2
Seletar Meteorological Station,S25,2017,9,10,1.0,,,,6.5,42.5
Seletar Meteorological Station,S25,2017,9,11,14.6,,,,6.8,37.1
Seletar Meteorological Station,S25,2017,9,12,0.0,,,,7.9,25.9
Seletar Meteorological Station,S25,2017,9,13,0.0,,,,9.4,31.3
Seletar Meteorological Station,S25,2017,9,14,0.0,,,,7.9,31.3
Seletar Meteorological Station,S25,2017,9,15,0.2,,,,6.8,38.9
Seletar Meteorological Station,S25,2017,9,16,8.6,,,,9.4,37.1
Seletar Meteorological Station,S25,2017,9,17,7.2,,,,11.2,38.9
Seletar Meteorological Station,S25,2017,9,18,14.2,,,,6.1,38.9
Seletar Meteorological Station,S25,2017,9,19,4.6,,,,7.2,29.5
Seletar Meteorological Station,S25,2017,9,20,8.4,,,,9.4,53.6
Seletar Meteorological Station,S25,2017,9,21,4.6,,,,7.9,50.0
Seletar Meteorological Station,S25,2017,9,22,3.6,,,,10.4,40.7
Seletar Meteorological Station,S25,2017,9,23,5.2,,,,8.6,44.3
Seletar Meteorological Station,S25,2017,9,24,0.2,,,,9.7,46.4
Seletar Meteorological Station,S25,2017,9,25,0.6,,,,7.9,42.5
Seletar Meteorological Station,S25,2017,9,26,1.8,,,,7.9,37.1
Seletar Meteorological Station,S25,2017,9,27,0.0,,,,6.5,35.3
Seletar Meteorological Station,S25,2017,9,28,0.0,,,,7.2,31.3
Seletar Meteorological Station,S25,2017,9,29,33.8,,,,6.1,44.3
Seletar Meteorological Station,S25,2017,9,30,0.0,,,,9.7,33.5
Seletar Meteorological Station,S25,2017,10,1,8.6,,,,6.5,42.5
Seletar Meteorological Station,S25,2017,10,2,0.0,,,,8.3,27.7
Seletar Meteorological Station,S25,2017,10,3,3.8,,,,6.8,33.5
Seletar Meteorological Station,S25,2017,10,4,3.0,,,,7.9,37.1
Seletar Meteorological Station,S25,2017,10,5,0.0,,,,6.1,25.9
Seletar Meteorological Station,S25,2017,10,6,0.0,,,,7.9,25.9
Seletar Meteorological Station,S25,2017,10,7,6.8,,,,6.1,48.2
Seletar Meteorological Station,S25,2017,10,8,22.0,,,,6.5,38.9
Seletar Meteorological Station,S25,2017,10,9,36.4,,,,7.6,55.4
Seletar Meteorological Station,S25,2017,10,10,18.6,,,,9.7,33.5
Seletar Meteorological Station,S25,2017,10,11,2.4,,,,8.3,42.5
Seletar Meteorological Station,S25,2017,10,12,7.4,,,,7.9,27.7
Seletar Meteorological Station,S25,2017,10,13,0.8,,,,8.3,31.3
Seletar Meteorological Station,S25,2017,10,14,0.0,,,,8.3,33.5
Seletar Meteorological Station,S25,2017,10,15,0.0,,,,8.6,27.7
Seletar Meteorological Station,S25,2017,10,16,0.0,,,,7.9,37.1
Seletar Meteorological Station,S25,2017,10,17,0.0,,,,9.0,29.5
Seletar Meteorological Station,S25,2017,10,18,0.0,,,,8.3,31.3
Seletar Meteorological Station,S25,2017,10,19,0.0,,,,7.6,29.5
Seletar Meteorological Station,S25,2017,10,20,0.0,,,,7.2,25.9
Seletar Meteorological Station,S25,2017,10,21,0.0,,,,8.3,31.3
Seletar Meteorological Station,S25,2017,10,22,0.0,,,,11.2,46.4
Seletar Meteorological Station,S25,2017,10,23,1.6,,,,6.5,31.3
Seletar Meteorological Station,S25,2017,10,24,3.0,,,,6.8,42.5
Seletar Meteorological Station,S25,2017,10,25,48.0,,,,6.5,51.8
Seletar Meteorological Station,S25,2017,10,26,17.6,,,,6.5,46.4
Seletar Meteorological Station,S25,2017,10,27,0.0,,,,6.1,27.7
Seletar Meteorological Station,S25,2017,10,28,0.0,,,,10.1,33.5
Seletar Meteorological Station,S25,2017,10,29,14.8,,,,6.8,33.5
Seletar Meteorological Station,S25,2017,10,30,5.6,,,,6.1,29.5
Seletar Meteorological Station,S25,2017,10,31,5.6,,,,5.4,48.2
Seletar Meteorological Station,S25,2017,11,1,0.0,,,,7.2,27.7
Seletar Meteorological Station,S25,2017,11,2,0.0,,,,9.0,29.5
Seletar Meteorological Station,S25,2017,11,3,30.4,,,,9.0,64.8
Seletar Meteorological Station,S25,2017,11,4,15.2,,,,9.7,57.2
Seletar Meteorological Station,S25,2017,11,5,0.8,,,,7.9,35.3
Seletar Meteorological Station,S25,2017,11,6,64.4,,,,7.9,27.7
Seletar Meteorological Station,S25,2017,11,7,4.2,,,,6.8,38.9
Seletar Meteorological Station,S25,2017,11,8,0.2,,,,8.3,29.5
Seletar Meteorological Station,S25,2017,11,9,88.0,,,,7.2,59.4
Seletar Meteorological Station,S25,2017,11,10,22.6,,,,6.1,35.3
Seletar Meteorological Station,S25,2017,11,11,16.6,,,,6.5,38.9
Seletar Meteorological Station,S25,2017,11,12,1.2,,,,7.2,31.3
Seletar Meteorological Station,S25,2017,11,13,66.2,,,,8.3,57.2
Seletar Meteorological Station,S25,2017,11,14,72.4,,,,5.8,33.5
Seletar Meteorological Station,S25,2017,11,15,0.0,,,,7.2,33.5
Seletar Meteorological Station,S25,2017,11,16,0.8,,,,9.0,33.5
Seletar Meteorological Station,S25,2017,11,17,0.0,,,,8.3,42.5
Seletar Meteorological Station,S25,2017,11,18,38.6,,,,5.8,63.0
Seletar Meteorological Station,S25,2017,11,19,0.0,,,,6.8,29.5
Seletar Meteorological Station,S25,2017,11,20,7.2,,,,5.8,33.5
Seletar Meteorological Station,S25,2017,11,21,1.8,,,,7.6,29.5
Seletar Meteorological Station,S25,2017,11,22,0.0,,,,7.2,27.7
Seletar Meteorological Station,S25,2017,11,23,5.6,,,,6.1,42.5
Seletar Meteorological Station,S25,2017,11,24,0.0,,,,7.6,46.4
Seletar Meteorological Station,S25,2017,11,25,0.0,,,,8.3,27.7
Seletar Meteorological Station,S25,2017,11,26,19.6,,,,5.8,46.4
Seletar Meteorological Station,S25,2017,11,27,1.2,,,,6.5,20.5
Seletar Meteorological Station,S25,2017,11,28,0.6,,,,7.2,31.3
Seletar Meteorological Station,S25,2017,11,29,9.6,,,,7.6,46.4
Seletar Meteorological Station,S25,2017,11,30,0.0,,,,9.4,48.2
Seletar Meteorological Station,S25,2017,12,1,0.0,,,,9.0,40.7
Seletar Meteorological Station,S25,2017,12,2,0.0,,,,9.4,35.3
Seletar Meteorological Station,S25,2017,12,3,0.0,,,,8.6,22.3
Seletar Meteorological Station,S25,2017,12,4,0.8,,,,6.5,33.5
Seletar Meteorological Station,S25,2017,12,5,0.0,,,,8.6,25.9
Seletar Meteorological Station,S25,2017,12,6,0.4,,,,8.6,27.7
Seletar Meteorological Station,S25,2017,12,7,21.4,,,,6.8,24.1
Seletar Meteorological Station,S25,2017,12,8,0.0,,,,10.1,42.5
Seletar Meteorological Station,S25,2017,12,9,0.0,,,,10.8,37.1
Seletar Meteorological Station,S25,2017,12,10,57.8,,,,11.2,46.4
Seletar Meteorological Station,S25,2017,12,11,40.8,,,,9.7,46.4
Seletar Meteorological Station,S25,2017,12,12,68.8,,,,6.5,27.7
Seletar Meteorological Station,S25,2017,12,13,40.6,,,,6.8,48.2
Seletar Meteorological Station,S25,2017,12,14,38.0,,,,8.3,70.2
Seletar Meteorological Station,S25,2017,12,15,53.2,,,,9.0,70.2
Seletar Meteorological Station,S25,2017,12,16,2.4,,,,10.8,44.3
Seletar Meteorological Station,S25,2017,12,17,0.0,,,,14.8,53.6
Seletar Meteorological Station,S25,2017,12,18,0.0,,,,18.7,53.6
Seletar Meteorological Station,S25,2017,12,19,2.2,,,,16.2,53.6
Seletar Meteorological Station,S25,2017,12,20,0.0,,,,16.2,44.3
Seletar Meteorological Station,S25,2017,12,21,0.0,,,,13.3,44.3
Seletar Meteorological Station,S25,2017,12,22,20.6,,,,7.6,35.3
Seletar Meteorological Station,S25,2017,12,23,10.8,,,,7.2,46.4
Seletar Meteorological Station,S25,2017,12,24,0.0,,,,9.0,29.5
Seletar Meteorological Station,S25,2017,12,25,25.6,,,,7.6,31.3
Seletar Meteorological Station,S25,2017,12,26,10.0,,,,7.2,25.9
Seletar Meteorological Station,S25,2017,12,27,7.6,,,,9.4,33.5
Seletar Meteorological Station,S25,2017,12,28,3.0,,,,11.5,40.7
Seletar Meteorological Station,S25,2017,12,29,0.0,,,,16.9,42.5
Seletar Meteorological Station,S25,2017,12,30,9.8,,,,15.1,48.2
Seletar Meteorological Station,S25,2017,12,31,88.6,,,,9.4,38.9
Seletar Meteorological Station,S25,2018,1,1,15.8,,,,8.3,35.3
Seletar Meteorological Station,S25,2018,1,2,8.2,,,,8.3,24.1
Seletar Meteorological Station,S25,2018,1,3,26.4,,,,7.9,33.5
Seletar Meteorological Station,S25,2018,1,4,0.0,,,,11.5,27.7
Seletar Meteorological Station,S25,2018,1,5,2.2,,,,6.5,20.5
Seletar Meteorological Station,S25,2018,1,6,0.0,,,,8.3,20.5
Seletar Meteorological Station,S25,2018,1,7,4.0,,,,7.9,35.3
Seletar Meteorological Station,S25,2018,1,8,64.0,,,,9.0,31.3
Seletar Meteorological Station,S25,2018,1,9,10.0,,,,8.6,35.3
Seletar Meteorological Station,S25,2018,1,10,26.6,,,,6.8,29.5
Seletar Meteorological Station,S25,2018,1,11,13.4,,,,7.6,40.7
Seletar Meteorological Station,S25,2018,1,12,11.2,,,,8.3,31.3
Seletar Meteorological Station,S25,2018,1,13,23.8,,,,7.2,29.5
Seletar Meteorological Station,S25,2018,1,14,6.6,,,,9.0,29.5
Seletar Meteorological Station,S25,2018,1,15,1.0,,,,7.9,29.5
Seletar Meteorological Station,S25,2018,1,16,0.0,,,,9.4,27.7
Seletar Meteorological Station,S25,2018,1,17,0.0,,,,14.4,33.5
Seletar Meteorological Station,S25,2018,1,18,0.0,,,,15.8,37.1
Seletar Meteorological Station,S25,2018,1,19,1.2,,,,9.7,33.5
Seletar Meteorological Station,S25,2018,1,20,28.6,,,,5.8,29.5
Seletar Meteorological Station,S25,2018,1,21,0.8,,,,8.3,33.5
Seletar Meteorological Station,S25,2018,1,22,0.0,,,,8.3,25.9
Seletar Meteorological Station,S25,2018,1,23,5.4,,,,6.8,42.5
Seletar Meteorological Station,S25,2018,1,24,8.2,,,,7.9,38.9
Seletar Meteorological Station,S25,2018,1,25,30.2,,,,7.2,38.9
Seletar Meteorological Station,S25,2018,1,26,0.2,,,,7.2,31.3
Seletar Meteorological Station,S25,2018,1,27,0.2,,,,9.7,27.7
Seletar Meteorological Station,S25,2018,1,28,55.2,,,,7.2,50.0
Seletar Meteorological Station,S25,2018,1,29,0.0,,,,9.0,33.5
Seletar Meteorological Station,S25,2018,1,30,100.0,,,,10.8,92.5
Seletar Meteorological Station,S25,2018,1,31,13.4,,,,10.8,33.5
Seletar Meteorological Station,S25,2018,2,1,0.0,,,,15.8,40.7
Seletar Meteorological Station,S25,2018,2,2,8.8,,,,14.0,37.1
Seletar Meteorological Station,S25,2018,2,3,0.8,,,,20.9,55.4
Seletar Meteorological Station,S25,2018,2,4,1.0,,,,19.4,61.2
Seletar Meteorological Station,S25,2018,2,5,0.0,,,,20.5,59.4
Seletar Meteorological Station,S25,2018,2,6,0.0,,,,20.5,44.3
Seletar Meteorological Station,S25,2018,2,7,0.0,,,,19.1,42.5
Seletar Meteorological Station,S25,2018,2,8,0.0,,,,19.4,48.2
Seletar Meteorological Station,S25,2018,2,9,0.0,,,,19.1,38.9
Seletar Meteorological Station,S25,2018,2,10,0.0,,,,17.6,38.9
Seletar Meteorological Station,S25,2018,2,11,0.0,,,,19.4,44.3
Seletar Meteorological Station,S25,2018,2,12,0.0,,,,22.3,50.0
Seletar Meteorological Station,S25,2018,2,13,0.0,,,,16.2,40.7
Seletar Meteorological Station,S25,2018,2,14,0.0,,,,17.6,40.7
Seletar Meteorological Station,S25,2018,2,15,7.2,,,,11.9,31.3
Seletar Meteorological Station,S25,2018,2,16,0.0,,,,10.8,27.7
Seletar Meteorological Station,S25,2018,2,17,11.2,,,,12.6,29.5
Seletar Meteorological Station,S25,2018,2,18,0.0,,,,13.7,35.3
Seletar Meteorological Station,S25,2018,2,19,0.0,,,,16.6,38.9
Seletar Meteorological Station,S25,2018,2,20,0.0,,,,16.6,31.3
Seletar Meteorological Station,S25,2018,2,21,0.0,,,,16.6,38.9
Seletar Meteorological Station,S25,2018,2,22,0.0,,,,16.2,40.7
Seletar Meteorological Station,S25,2018,2,23,1.0,,,,11.5,35.3
Seletar Meteorological Station,S25,2018,2,24,2.4,,,,12.2,37.1
Seletar Meteorological Station,S25,2018,2,25,0.2,,,,14.4,35.3
Seletar Meteorological Station,S25,2018,2,26,0.0,,,,17.6,42.5
Seletar Meteorological Station,S25,2018,2,27,0.0,,,,17.6,37.1
Seletar Meteorological Station,S25,2018,2,28,1.8,,,,14.0,31.3
Seletar Meteorological Station,S25,2018,3,1,2.0,,,,12.6,35.3
Seletar Meteorological Station,S25,2018,3,2,56.0,,,,9.4,38.9
Seletar Meteorological Station,S25,2018,3,3,0.6,,,,10.1,25.9
Seletar Meteorological Station,S25,2018,3,4,0.0,,,,9.0,40.7
Seletar Meteorological Station,S25,2018,3,5,0.0,,,,15.8,35.3
Seletar Meteorological Station,S25,2018,3,6,0.0,,,,10.1,33.5
Seletar Meteorological Station,S25,2018,3,7,29.6,,,,9.0,35.3
Seletar Meteorological Station,S25,2018,3,8,0.0,,,,11.9,35.3
Seletar Meteorological Station,S25,2018,3,9,0.0,,,,19.4,46.4
Seletar Meteorological Station,S25,2018,3,10,1.8,,,,19.8,55.4
Seletar Meteorological Station,S25,2018,3,11,0.0,,,,18.4,42.5
Seletar Meteorological Station,S25,2018,3,12,0.0,,,,15.8,44.3
Seletar Meteorological Station,S25,2018,3,13,0.0,,,,14.8,46.4
Seletar Meteorological Station,S25,2018,3,14,0.0,,,,13.7,38.9
Seletar Meteorological Station,S25,2018,3,15,0.0,,,,9.7,25.9
Seletar Meteorological Station,S25,2018,3,16,12.6,,,,12.6,46.4
Seletar Meteorological Station,S25,2018,3,17,0.0,,,,13.0,40.7
Seletar Meteorological Station,S25,2018,3,18,0.0,,,,15.5,40.7
Seletar Meteorological Station,S25,2018,3,19,0.0,,,,13.0,31.3
Seletar Meteorological Station,S25,2018,3,20,0.2,,,,11.5,31.3
Seletar Meteorological Station,S25,2018,3,21,1.0,,,,8.3,31.3
Seletar Meteorological Station,S25,2018,3,22,0.0,,,,18.0,40.7
Seletar Meteorological Station,S25,2018,3,23,0.0,,,,16.2,40.7
Seletar Meteorological Station,S25,2018,3,24,0.0,,,,15.5,38.9
Seletar Meteorological Station,S25,2018,3,25,4.2,,,,8.3,31.3
Seletar Meteorological Station,S25,2018,3,26,0.0,,,,11.5,40.7
Seletar Meteorological Station,S25,2018,3,27,3.6,,,,11.2,40.7
Seletar Meteorological Station,S25,2018,3,28,3.8,,,,7.2,35.3
Seletar Meteorological Station,S25,2018,3,29,1.0,,,,7.9,33.5
Seletar Meteorological Station,S25,2018,3,30,26.6,,,,6.5,42.5
Seletar Meteorological Station,S25,2018,3,31,0.2,,,,9.4,37.1
Seletar Meteorological Station,S25,2018,4,1,8.2,,,,10.8,38.9
Seletar Meteorological Station,S25,2018,4,2,0.0,,,,10.8,35.3
Seletar Meteorological Station,S25,2018,4,3,0.0,,,,13.3,31.3
Seletar Meteorological Station,S25,2018,4,4,0.0,,,,13.3,29.5
Seletar Meteorological Station,S25,2018,4,5,0.2,,,,11.2,48.2
Seletar Meteorological Station,S25,2018,4,6,1.4,,,,10.1,46.4
Seletar Meteorological Station,S25,2018,4,7,20.2,,,,13.0,40.7
Seletar Meteorological Station,S25,2018,4,8,0.0,,,,16.9,37.1
Seletar Meteorological Station,S25,2018,4,9,0.0,,,,19.1,46.4
Seletar Meteorological Station,S25,2018,4,10,0.0,,,,10.4,33.5
Seletar Meteorological Station,S25,2018,4,11,0.0,,,,13.7,31.3
Seletar Meteorological Station,S25,2018,4,12,0.0,,,,12.6,37.1
Seletar Meteorological Station,S25,2018,4,13,0.0,,,,14.4,44.3
Seletar Meteorological Station,S25,2018,4,14,11.0,,,,7.6,29.5
Seletar Meteorological Station,S25,2018,4,15,6.0,,,,7.9,37.1
Seletar Meteorological Station,S25,2018,4,16,19.4,,,,8.3,33.5
Seletar Meteorological Station,S25,2018,4,17,0.0,,,,9.4,29.5
Seletar Meteorological Station,S25,2018,4,18,0.0,,,,13.7,33.5
Seletar Meteorological Station,S25,2018,4,19,2.0,,,,7.9,48.2
Seletar Meteorological Station,S25,2018,4,20,23.4,,,,10.1,48.2
Seletar Meteorological Station,S25,2018,4,21,19.4,,,,6.8,48.2
Seletar Meteorological Station,S25,2018,4,22,1.4,,,,6.5,51.8
Seletar Meteorological Station,S25,2018,4,23,26.8,,,,6.5,37.1
Seletar Meteorological Station,S25,2018,4,24,0.0,,,,6.8,27.7
Seletar Meteorological Station,S25,2018,4,25,0.0,,,,7.6,29.5
Seletar Meteorological Station,S25,2018,4,26,11.8,,,,7.9,33.5
Seletar Meteorological Station,S25,2018,4,27,32.0,,,,6.8,53.6
Seletar Meteorological Station,S25,2018,4,28,0.4,,,,7.2,40.7
Seletar Meteorological Station,S25,2018,4,29,0.0,,,,11.2,35.3
Seletar Meteorological Station,S25,2018,4,30,0.0,,,,9.0,38.9
Seletar Meteorological Station,S25,2018,5,1,5.8,27.2,30.9,25.8,6.5,31.3
Seletar Meteorological Station,S25,2018,5,2,20.4,28.1,35.0,24.8,5.8,59.4
Seletar Meteorological Station,S25,2018,5,3,28.6,27.9,33.9,24.0,10.8,42.5
Seletar Meteorological Station,S25,2018,5,4,18.8,29.1,33.8,25.2,8.6,31.3
Seletar Meteorological Station,S25,2018,5,5,0.0,28.7,33.6,25.8,7.2,29.5
Seletar Meteorological Station,S25,2018,5,6,0.0,29.6,34.4,26.7,9.7,38.9
Seletar Meteorological Station,S25,2018,5,7,0.6,30.1,35.0,26.3,10.8,37.1
Seletar Meteorological Station,S25,2018,5,8,0.0,30.6,34.7,27.5,11.9,37.1
Seletar Meteorological Station,S25,2018,5,9,0.0,30.8,34.8,28.5,12.2,33.5
Seletar Meteorological Station,S25,2018,5,10,0.0,29.9,33.9,27.6,10.8,42.5
Seletar Meteorological Station,S25,2018,5,11,0.4,29.9,35.2,27.6,9.7,31.3
Seletar Meteorological Station,S25,2018,5,12,0.0,30.3,34.8,27.8,9.7,37.1
Seletar Meteorological Station,S25,2018,5,13,5.0,28.7,31.8,26.1,6.8,22.3
Seletar Meteorological Station,S25,2018,5,14,0.8,29.3,34.1,25.8,8.6,27.7
Seletar Meteorological Station,S25,2018,5,15,1.0,29.0,33.8,27.0,7.9,25.9
Seletar Meteorological Station,S25,2018,5,16,9.0,27.7,34.3,25.6,7.6,42.5
Seletar Meteorological Station,S25,2018,5,17,0.0,29.0,34.2,25.9,7.2,40.7
Seletar Meteorological Station,S25,2018,5,18,72.0,28.1,34.6,23.9,9.7,64.8
Seletar Meteorological Station,S25,2018,5,19,0.6,28.0,33.3,25.3,5.8,44.3
Seletar Meteorological Station,S25,2018,5,20,0.4,27.3,30.0,26.3,7.6,20.5
Seletar Meteorological Station,S25,2018,5,21,0.0,29.0,33.5,25.9,6.5,25.9
Seletar Meteorological Station,S25,2018,5,22,1.0,29.0,34.4,26.7,8.3,31.3
Seletar Meteorological Station,S25,2018,5,23,14.4,28.0,31.8,24.5,9.0,33.5
Seletar Meteorological Station,S25,2018,5,24,0.8,28.7,34.0,24.4,10.8,27.7
Seletar Meteorological Station,S25,2018,5,25,3.4,29.5,34.2,26.8,7.2,29.5
Seletar Meteorological Station,S25,2018,5,26,39.4,27.9,32.6,25.5,7.9,35.3
Seletar Meteorological Station,S25,2018,5,27,0.4,28.0,32.4,25.7,6.8,27.7
Seletar Meteorological Station,S25,2018,5,28,21.6,28.0,30.6,24.7,7.2,31.3
Seletar Meteorological Station,S25,2018,5,29,0.0,28.8,32.8,26.2,6.8,29.5
Seletar Meteorological Station,S25,2018,5,30,4.0,28.0,31.9,26.1,6.8,20.5
Seletar Meteorological Station,S25,2018,5,31,2.2,28.0,31.4,24.7,6.5,38.9
Seletar Meteorological Station,S25,2018,6,1,37.2,,,,6.1,46.4
Seletar Meteorological Station,S25,2018,6,2,40.6,,,,7.6,51.8
Seletar Meteorological Station,S25,2018,6,3,0.0,,,,7.9,29.5
Seletar Meteorological Station,S25,2018,6,4,0.0,,,,9.4,35.3
Seletar Meteorological Station,S25,2018,6,5,0.0,,,,11.5,31.3
Seletar Meteorological Station,S25,2018,6,6,0.0,,,,10.1,27.7
Seletar Meteorological Station,S25,2018,6,7,0.0,,,,10.8,31.3
Seletar Meteorological Station,S25,2018,6,8,5.2,,,,8.3,53.6
Seletar Meteorological Station,S25,2018,6,9,0.0,,,,10.4,25.9
Seletar Meteorological Station,S25,2018,6,10,0.0,,,,13.7,42.5
Seletar Meteorological Station,S25,2018,6,11,0.0,,,,14.8,38.9
Seletar Meteorological Station,S25,2018,6,12,0.0,,,,11.9,37.1
Seletar Meteorological Station,S25,2018,6,13,78.6,,,,9.7,74.2
Seletar Meteorological Station,S25,2018,6,14,35.6,,,,6.5,44.3
Seletar Meteorological Station,S25,2018,6,15,11.6,,,,7.6,51.8
Seletar Meteorological Station,S25,2018,6,16,0.0,,,,12.2,33.5
Seletar Meteorological Station,S25,2018,6,17,0.0,,,,9.4,33.5
Seletar Meteorological Station,S25,2018,6,18,29.6,,,,8.6,40.7
Seletar Meteorological Station,S25,2018,6,19,7.6,,,,12.2,55.4
Seletar Meteorological Station,S25,2018,6,20,14.6,,,,6.1,46.4
Seletar Meteorological Station,S25,2018,6,21,0.6,,,,7.9,42.5
Seletar Meteorological Station,S25,2018,6,22,4.2,,,,8.3,31.3
Seletar Meteorological Station,S25,2018,6,23,14.8,,,,6.5,31.3
Seletar Meteorological Station,S25,2018,6,24,0.0,,,,7.9,31.3
Seletar Meteorological Station,S25,2018,6,25,3.6,,,,9.4,38.9
Seletar Meteorological Station,S25,2018,6,26,5.4,,,,6.8,25.9
Seletar Meteorological Station,S25,2018,6,27,9.2,,,,7.6,40.7
Seletar Meteorological Station,S25,2018,6,28,0.0,,,,9.4,27.7
Seletar Meteorological Station,S25,2018,6,29,41.2,,,,7.6,33.5
Seletar Meteorological Station,S25,2018,6,30,0.0,,,,10.1,29.5
Seletar Meteorological Station,S25,2018,7,1,4.2,,,,7.6,42.5
Seletar Meteorological Station,S25,2018,7,2,0.2,,,,7.2,35.3
Seletar Meteorological Station,S25,2018,7,3,8.0,,,,7.6,46.4
Seletar Meteorological Station,S25,2018,7,4,0.0,,,,10.4,27.7
Seletar Meteorological Station,S25,2018,7,5,0.0,,,,13.7,37.1
Seletar Meteorological Station,S25,2018,7,6,0.0,,,,13.0,38.9
Seletar Meteorological Station,S25,2018,7,7,1.8,,,,9.7,51.8
Seletar Meteorological Station,S25,2018,7,8,0.0,,,,12.6,37.1
Seletar Meteorological Station,S25,2018,7,9,0.0,,,,11.2,42.5
Seletar Meteorological Station,S25,2018,7,10,0.4,,,,10.8,48.2
Seletar Meteorological Station,S25,2018,7,11,0.0,,,,8.3,29.5
Seletar Meteorological Station,S25,2018,7,12,0.0,,,,10.1,31.3
Seletar Meteorological Station,S25,2018,7,13,0.0,,,,14.4,38.9
Seletar Meteorological Station,S25,2018,7,14,1.6,,,,10.8,44.3
Seletar Meteorological Station,S25,2018,7,15,3.0,,,,10.8,51.8
Seletar Meteorological Station,S25,2018,7,16,0.0,,,,14.0,33.5
Seletar Meteorological Station,S25,2018,7,17,0.0,,,,14.4,33.5
Seletar Meteorological Station,S25,2018,7,18,0.0,,,,16.2,40.7
Seletar Meteorological Station,S25,2018,7,19,26.0,,,,11.5,46.4
Seletar Meteorological Station,S25,2018,7,20,3.6,,,,10.4,37.1
Seletar Meteorological Station,S25,2018,7,21,0.0,,,,7.9,31.3
Seletar Meteorological Station,S25,2018,7,22,1.0,,,,8.6,31.3
Seletar Meteorological Station,S25,2018,7,23,0.0,,,,12.2,33.5
Seletar Meteorological Station,S25,2018,7,24,0.0,,,,13.7,38.9
Seletar Meteorological Station,S25,2018,7,25,30.8,,,,8.3,46.4
Seletar Meteorological Station,S25,2018,7,26,0.0,,,,11.5,37.1
Seletar Meteorological Station,S25,2018,7,27,0.0,,,,11.5,35.3
Seletar Meteorological Station,S25,2018,7,28,0.0,,,,12.6,33.5
Seletar Meteorological Station,S25,2018,7,29,0.0,,,,10.1,37.1
Seletar Meteorological Station,S25,2018,7,30,10.0,,,,8.6,42.5
Seletar Meteorological Station,S25,2018,7,31,0.0,,,,9.4,33.5
Seletar Meteorological Station,S25,2018,8,1,1.2,,,,9.4,27.7
Seletar Meteorological Station,S25,2018,8,2,0.0,,,,11.9,31.3
Seletar Meteorological Station,S25,2018,8,3,0.0,,,,11.9,33.5
Seletar Meteorological Station,S25,2018,8,4,23.4,,,,11.2,57.2
Seletar Meteorological Station,S25,2018,8,5,6.4,,,,10.1,44.3
Seletar Meteorological Station,S25,2018,8,6,0.0,,,,11.9,38.9
Seletar Meteorological Station,S25,2018,8,7,0.0,,,,13.0,33.5
Seletar Meteorological Station,S25,2018,8,8,2.4,,,,10.4,76.0
Seletar Meteorological Station,S25,2018,8,9,0.0,,,,11.2,35.3
Seletar Meteorological Station,S25,2018,8,10,0.0,,,,12.6,37.1
Seletar Meteorological Station,S25,2018,8,11,0.0,,,,11.9,42.5
Seletar Meteorological Station,S25,2018,8,12,0.0,,,,10.8,33.5
Seletar Meteorological Station,S25,2018,8,13,0.0,,,,14.0,35.3
Seletar Meteorological Station,S25,2018,8,14,0.0,,,,15.5,46.4
Seletar Meteorological Station,S25,2018,8,15,0.0,,,,14.8,35.3
Seletar Meteorological Station,S25,2018,8,16,0.0,,,,13.3,31.3
Seletar Meteorological Station,S25,2018,8,17,1.0,,,,13.0,42.5
Seletar Meteorological Station,S25,2018,8,18,0.2,,,,14.8,40.7
Seletar Meteorological Station,S25,2018,8,19,0.0,,,,15.5,38.9
Seletar Meteorological Station,S25,2018,8,20,8.6,,,,11.2,42.5
Seletar Meteorological Station,S25,2018,8,21,0.0,,,,12.2,38.9
Seletar Meteorological Station,S25,2018,8,22,16.2,,,,6.1,40.7
Seletar Meteorological Station,S25,2018,8,23,0.6,,,,9.0,29.5
Seletar Meteorological Station,S25,2018,8,24,19.4,,,,6.5,66.6
Seletar Meteorological Station,S25,2018,8,25,0.0,,,,11.2,50.0
Seletar Meteorological Station,S25,2018,8,26,0.0,,,,13.0,31.3
Seletar Meteorological Station,S25,2018,8,27,0.0,,,,12.2,40.7
Seletar Meteorological Station,S25,2018,8,28,2.4,,,,7.9,42.5
Seletar Meteorological Station,S25,2018,8,29,8.4,,,,10.8,31.3
Seletar Meteorological Station,S25,2018,8,30,0.0,,,,9.7,37.1
Seletar Meteorological Station,S25,2018,8,31,13.6,,,,8.3,40.7
Seletar Meteorological Station,S25,2018,9,1,7.2,,,,6.5,35.3
Seletar Meteorological Station,S25,2018,9,2,2.0,,,,8.6,29.5
Seletar Meteorological Station,S25,2018,9,3,0.2,,,,11.2,50.0
Seletar Meteorological Station,S25,2018,9,4,37.0,,,,4.3,48.2
Seletar Meteorological Station,S25,2018,9,5,0.0,,,,5.8,25.9
Seletar Meteorological Station,S25,2018,9,6,0.0,,,,7.2,25.9
Seletar Meteorological Station,S25,2018,9,7,23.6,,,,5.0,38.9
Seletar Meteorological Station,S25,2018,9,8,7.2,,,,8.3,38.9
Seletar Meteorological Station,S25,2018,9,9,13.4,,,,7.6,44.3
Seletar Meteorological Station,S25,2018,9,10,4.4,,,,6.8,44.3
Seletar Meteorological Station,S25,2018,9,11,0.4,,,,6.1,29.5
Seletar Meteorological Station,S25,2018,9,12,0.0,,,,10.8,33.5
Seletar Meteorological Station,S25,2018,9,13,0.0,,,,7.9,31.3
Seletar Meteorological Station,S25,2018,9,14,0.0,,,,12.2,35.3
Seletar Meteorological Station,S25,2018,9,15,0.0,,,,10.1,29.5
Seletar Meteorological Station,S25,2018,9,16,0.0,,,,11.9,37.1
Seletar Meteorological Station,S25,2018,9,17,0.0,,,,13.0,35.3
Seletar Meteorological Station,S25,2018,9,18,75.4,,,,6.8,53.6
Seletar Meteorological Station,S25,2018,9,19,45.4,,,,6.1,48.2
Seletar Meteorological Station,S25,2018,9,20,20.4,,,,5.8,46.4
Seletar Meteorological Station,S25,2018,9,21,1.4,,,,5.0,29.5
Seletar Meteorological Station,S25,2018,9,22,0.4,,,,6.1,27.7
Seletar Meteorological Station,S25,2018,9,23,0.0,,,,9.0,35.3
Seletar Meteorological Station,S25,2018,9,24,0.0,,,,7.9,27.7
Seletar Meteorological Station,S25,2018,9,25,0.0,,,,8.6,31.3
Seletar Meteorological Station,S25,2018,9,26,0.2,,,,7.6,29.5
Seletar Meteorological Station,S25,2018,9,27,0.0,,,,9.7,29.5
Seletar Meteorological Station,S25,2018,9,28,0.0,,,,9.4,25.9
Seletar Meteorological Station,S25,2018,9,29,0.0,,,,10.1,35.3
Seletar Meteorological Station,S25,2018,9,30,0.0,,,,10.8,38.9
Seletar Meteorological Station,S25,2018,10,1,0.0,,,,10.8,40.7
Seletar Meteorological Station,S25,2018,10,2,0.0,,,,8.6,33.5
Seletar Meteorological Station,S25,2018,10,3,0.0,,,,8.3,29.5
Seletar Meteorological Station,S25,2018,10,4,0.0,,,,12.6,33.5
Seletar Meteorological Station,S25,2018,10,5,0.0,,,,9.7,35.3
Seletar Meteorological Station,S25,2018,10,6,14.2,,,,9.0,57.2
Seletar Meteorological Station,S25,2018,10,7,1.6,,,,6.8,31.3
Seletar Meteorological Station,S25,2018,10,8,5.4,,,,4.7,29.5
Seletar Meteorological Station,S25,2018,10,9,31.0,,,,4.7,29.5
Seletar Meteorological Station,S25,2018,10,10,97.2,,,,5.0,31.3
Seletar Meteorological Station,S25,2018,10,11,13.2,,,,5.8,40.7
Seletar Meteorological Station,S25,2018,10,12,14.8,,,,6.8,42.5
Seletar Meteorological Station,S25,2018,10,13,0.2,,,,4.7,22.3
Seletar Meteorological Station,S25,2018,10,14,8.8,,,,4.3,31.3
Seletar Meteorological Station,S25,2018,10,15,0.2,,,,6.8,27.7
Seletar Meteorological Station,S25,2018,10,16,0.0,,,,6.1,38.9
Seletar Meteorological Station,S25,2018,10,17,21.2,,,,4.3,48.2
Seletar Meteorological Station,S25,2018,10,18,5.0,,,,6.1,33.5
Seletar Meteorological Station,S25,2018,10,19,8.0,,,,6.1,31.3
Seletar Meteorological Station,S25,2018,10,20,0.0,,,,6.8,27.7
Seletar Meteorological Station,S25,2018,10,21,0.0,,,,6.5,29.5
Seletar Meteorological Station,S25,2018,10,22,0.0,,,,7.9,31.3
Seletar Meteorological Station,S25,2018,10,23,59.0,,,,5.4,42.5
Seletar Meteorological Station,S25,2018,10,24,0.0,,,,5.4,38.9
Seletar Meteorological Station,S25,2018,10,25,65.6,,,,4.3,38.9
Seletar Meteorological Station,S25,2018,10,26,0.0,,,,5.8,29.5
Seletar Meteorological Station,S25,2018,10,27,0.0,,,,5.4,25.9
Seletar Meteorological Station,S25,2018,10,28,2.4,,,,5.0,40.7
Seletar Meteorological Station,S25,2018,10,29,4.2,,,,4.3,38.9
Seletar Meteorological Station,S25,2018,10,30,1.2,,,,5.8,27.7
Seletar Meteorological Station,S25,2018,10,31,0.0,,,,9.0,31.3
Seletar Meteorological Station,S25,2018,11,1,1.0,,,,7.9,37.1
Seletar Meteorological Station,S25,2018,11,2,7.6,,,,6.5,44.3
Seletar Meteorological Station,S25,2018,11,3,19.8,,,,4.0,33.5
Seletar Meteorological Station,S25,2018,11,4,0.0,,,,6.5,29.5
Seletar Meteorological Station,S25,2018,11,5,0.2,,,,5.0,20.5
Seletar Meteorological Station,S25,2018,11,6,7.4,,,,5.4,33.5
Seletar Meteorological Station,S25,2018,11,7,5.8,,,,6.1,24.1
Seletar Meteorological Station,S25,2018,11,8,5.4,,,,7.2,29.5
Seletar Meteorological Station,S25,2018,11,9,0.4,,,,5.4,24.1
Seletar Meteorological Station,S25,2018,11,10,6.6,,,,4.7,31.3
Seletar Meteorological Station,S25,2018,11,11,11.0,,,,4.7,33.5
Seletar Meteorological Station,S25,2018,11,12,40.8,,,,5.4,31.3
Seletar Meteorological Station,S25,2018,11,13,1.4,,,,5.0,25.9
Seletar Meteorological Station,S25,2018,11,14,6.6,,,,4.7,24.1
Seletar Meteorological Station,S25,2018,11,15,4.8,,,,5.8,63.0
Seletar Meteorological Station,S25,2018,11,16,0.0,,,,5.4,20.5
Seletar Meteorological Station,S25,2018,11,17,13.4,,,,6.5,57.2
Seletar Meteorological Station,S25,2018,11,18,2.2,,,,5.4,31.3
Seletar Meteorological Station,S25,2018,11,19,28.0,,,,5.0,35.3
Seletar Meteorological Station,S25,2018,11,20,4.0,,,,5.4,27.7
Seletar Meteorological Station,S25,2018,11,21,33.4,,,,6.8,50.0
Seletar Meteorological Station,S25,2018,11,22,19.6,,,,6.1,38.9
Seletar Meteorological Station,S25,2018,11,23,0.8,,,,7.6,31.3
Seletar Meteorological Station,S25,2018,11,24,0.0,,,,5.8,22.3
Seletar Meteorological Station,S25,2018,11,25,5.2,,,,4.3,31.3
Seletar Meteorological Station,S25,2018,11,26,12.8,,,,6.5,40.7
Seletar Meteorological Station,S25,2018,11,27,0.0,,,,7.2,35.3
Seletar Meteorological Station,S25,2018,11,28,25.4,,,,7.9,50.0
Seletar Meteorological Station,S25,2018,11,29,32.4,,,,5.8,37.1
Seletar Meteorological Station,S25,2018,11,30,2.0,,,,7.6,25.9
Seletar Meteorological Station,S25,2018,12,1,39.4,,,,7.2,42.5
Seletar Meteorological Station,S25,2018,12,2,1.8,,,,8.3,37.1
Seletar Meteorological Station,S25,2018,12,3,12.2,,,,4.0,27.7
Seletar Meteorological Station,S25,2018,12,4,0.0,,,,7.9,29.5
Seletar Meteorological Station,S25,2018,12,5,7.2,,,,5.8,29.5
Seletar Meteorological Station,S25,2018,12,6,2.8,,,,4.7,25.9
Seletar Meteorological Station,S25,2018,12,7,6.6,,,,4.7,20.5
Seletar Meteorological Station,S25,2018,12,8,27.8,,,,4.7,35.3
Seletar Meteorological Station,S25,2018,12,9,0.0,,,,7.2,31.3
Seletar Meteorological Station,S25,2018,12,10,0.8,,,,6.1,33.5
Seletar Meteorological Station,S25,2018,12,11,44.2,,,,5.8,31.3
Seletar Meteorological Station,S25,2018,12,12,0.0,,,,5.4,31.3
Seletar Meteorological Station,S25,2018,12,13,0.0,,,,7.9,33.5
Seletar Meteorological Station,S25,2018,12,14,0.0,,,,8.6,29.5
Seletar Meteorological Station,S25,2018,12,15,52.2,,,,5.4,27.7
Seletar Meteorological Station,S25,2018,12,16,5.4,,,,5.8,35.3
Seletar Meteorological Station,S25,2018,12,17,0.0,,,,7.6,37.1
Seletar Meteorological Station,S25,2018,12,18,0.0,,,,8.3,27.7
Seletar Meteorological Station,S25,2018,12,19,9.6,,,,6.1,25.9
Seletar Meteorological Station,S25,2018,12,20,76.6,,,,7.2,63.0
Seletar Meteorological Station,S25,2018,12,21,3.8,,,,9.7,31.3
Seletar Meteorological Station,S25,2018,12,22,3.4,,,,10.8,40.7
Seletar Meteorological Station,S25,2018,12,23,7.2,,,,5.0,33.5
Seletar Meteorological Station,S25,2018,12,24,0.6,,,,6.5,24.1
Seletar Meteorological Station,S25,2018,12,25,0.0,,,,5.0,53.6
Seletar Meteorological Station,S25,2018,12,26,0.6,,,,7.2,48.2
Seletar Meteorological Station,S25,2018,12,27,0.0,,,,6.5,31.3
Seletar Meteorological Station,S25,2018,12,28,0.0,,,,7.9,35.3
Seletar Meteorological Station,S25,2018,12,29,0.0,,,,5.4,22.3
Seletar Meteorological Station,S25,2018,12,30,3.2,,,,7.6,27.7
Seletar Meteorological Station,S25,2018,12,31,19.6,,,,8.6,48.2
Seletar Meteorological Station,S25,2019,1,1,0.0,,,,7.6,38.9
Seletar Meteorological Station,S25,2019,1,2,0.0,,,,8.3,35.3
Seletar Meteorological Station,S25,2019,1,3,0.0,,,,11.2,50.0
Seletar Meteorological Station,S25,2019,1,4,0.0,,,,7.9,35.3
Seletar Meteorological Station,S25,2019,1,5,15.8,,,,8.3,29.5
Seletar Meteorological Station,S25,2019,1,6,0.0,,,,15.5,38.9
Seletar Meteorological Station,S25,2019,1,7,0.0,,,,16.9,40.7
Seletar Meteorological Station,S25,2019,1,8,1.4,,,,14.4,31.3
Seletar Meteorological Station,S25,2019,1,9,0.0,,,,16.6,40.7
Seletar Meteorological Station,S25,2019,1,10,0.0,,,,17.6,38.9
Seletar Meteorological Station,S25,2019,1,11,1.6,,,,16.2,37.1
Seletar Meteorological Station,S25,2019,1,12,0.0,,,,14.0,35.3
Seletar Meteorological Station,S25,2019,1,13,1.2,,,,11.9,35.3
Seletar Meteorological Station,S25,2019,1,14,0.4,,,,12.6,42.5
Seletar Meteorological Station,S25,2019,1,15,0.0,,,,8.6,25.9
Seletar Meteorological Station,S25,2019,1,16,0.0,,,,11.2,31.3
Seletar Meteorological Station,S25,2019,1,17,12.0,,,,9.0,37.1
Seletar Meteorological Station,S25,2019,1,18,45.8,,,,10.1,40.7
Seletar Meteorological Station,S25,2019,1,19,0.0,,,,12.2,35.3
Seletar Meteorological Station,S25,2019,1,20,0.0,,,,14.4,37.1
Seletar Meteorological Station,S25,2019,1,21,1.4,,,,12.6,38.9
Seletar Meteorological Station,S25,2019,1,22,0.0,,,,14.0,40.7
Seletar Meteorological Station,S25,2019,1,23,0.2,,,,19.4,50.0
Seletar Meteorological Station,S25,2019,1,24,0.0,,,,17.6,40.7
Seletar Meteorological Station,S25,2019,1,25,0.0,,,,16.6,38.9
Seletar Meteorological Station,S25,2019,1,26,0.0,,,,18.0,37.1
Seletar Meteorological Station,S25,2019,1,27,0.0,,,,18.7,42.5
Seletar Meteorological Station,S25,2019,1,28,0.6,,,,14.8,42.5
Seletar Meteorological Station,S25,2019,1,29,0.0,,,,19.4,42.5
Seletar Meteorological Station,S25,2019,1,30,0.0,,,,17.3,42.5
Seletar Meteorological Station,S25,2019,1,31,0.0,,,,13.3,33.5
Seletar Meteorological Station,S25,2019,2,1,0.0,,,,17.6,44.3
Seletar Meteorological Station,S25,2019,2,2,0.0,,,,15.8,35.3
Seletar Meteorological Station,S25,2019,2,3,0.0,,,,17.3,37.1
Seletar Meteorological Station,S25,2019,2,4,0.0,,,,14.4,33.5
Seletar Meteorological Station,S25,2019,2,5,0.0,,,,12.6,35.3
Seletar Meteorological Station,S25,2019,2,6,0.0,,,,15.1,35.3
Seletar Meteorological Station,S25,2019,2,7,2.8,,,,13.7,37.1
Seletar Meteorological Station,S25,2019,2,8,0.0,,,,13.3,29.5
Seletar Meteorological Station,S25,2019,2,9,0.0,,,,13.0,33.5
Seletar Meteorological Station,S25,2019,2,10,0.0,,,,16.2,40.7
Seletar Meteorological Station,S25,2019,2,11,0.0,,,,16.9,42.5
Seletar Meteorological Station,S25,2019,2,12,0.0,,,,14.0,37.1
Seletar Meteorological Station,S25,2019,2,13,0.0,,,,18.0,46.4
Seletar Meteorological Station,S25,2019,2,14,0.0,,,,21.2,42.5
Seletar Meteorological Station,S25,2019,2,15,0.0,,,,17.3,35.3
Seletar Meteorological Station,S25,2019,2,16,0.0,,,,15.5,33.5
Seletar Meteorological Station,S25,2019,2,17,45.0,,,,10.4,70.2
Seletar Meteorological Station,S25,2019,2,18,3.2,,,,7.6,33.5
Seletar Meteorological Station,S25,2019,2,19,0.0,,,,10.8,29.5
Seletar Meteorological Station,S25,2019,2,20,0.0,,,,10.4,31.3
Seletar Meteorological Station,S25,2019,2,21,0.0,,,,16.9,38.9
Seletar Meteorological Station,S25,2019,2,22,0.0,,,,14.4,33.5
Seletar Meteorological Station,S25,2019,2,23,0.0,,,,14.0,33.5
Seletar Meteorological Station,S25,2019,2,24,0.0,,,,12.2,33.5
Seletar Meteorological Station,S25,2019,2,25,0.0,,,,15.1,31.3
Seletar Meteorological Station,S25,2019,2,26,0.2,,,,18.7,42.5
Seletar Meteorological Station,S25,2019,2,27,0.2,,,,18.7,42.5
Seletar Meteorological Station,S25,2019,2,28,0.0,,,,15.1,40.7
Seletar Meteorological Station,S25,2019,3,1,0.0,,,,18.0,42.5
Seletar Meteorological Station,S25,2019,3,2,0.0,,,,15.5,37.1
Seletar Meteorological Station,S25,2019,3,3,0.0,,,,13.0,35.3
Seletar Meteorological Station,S25,2019,3,4,0.0,,,,11.5,29.5
Seletar Meteorological Station,S25,2019,3,5,0.0,,,,11.2,24.1
Seletar Meteorological Station,S25,2019,3,6,0.0,,,,13.3,31.3
Seletar Meteorological Station,S25,2019,3,7,0.0,,,,10.1,27.7
Seletar Meteorological Station,S25,2019,3,8,0.0,,,,11.5,31.3
Seletar Meteorological Station,S25,2019,3,9,0.0,,,,11.5,31.3
Seletar Meteorological Station,S25,2019,3,10,0.0,,,,10.8,35.3
Seletar Meteorological Station,S25,2019,3,11,37.2,,,,6.5,59.4
Seletar Meteorological Station,S25,2019,3,12,7.8,,,,6.8,31.3
Seletar Meteorological Station,S25,2019,3,13,0.0,,,,13.0,35.3
Seletar Meteorological Station,S25,2019,3,14,0.0,,,,14.8,33.5
Seletar Meteorological Station,S25,2019,3,15,0.0,,,,10.8,35.3
Seletar Meteorological Station,S25,2019,3,16,0.0,,,,13.3,35.3
Seletar Meteorological Station,S25,2019,3,17,0.0,,,,13.3,31.3
Seletar Meteorological Station,S25,2019,3,18,0.0,,,,14.4,35.3
Seletar Meteorological Station,S25,2019,3,19,0.0,,,,13.7,35.3
Seletar Meteorological Station,S25,2019,3,20,0.0,,,,13.7,31.3
Seletar Meteorological Station,S25,2019,3,21,9.9,,,,10.8,35.3
Seletar Meteorological Station,S25,2019,3,22,7.0,,,,6.5,29.5
Seletar Meteorological Station,S25,2019,3,23,19.6,,,,8.3,37.1
Seletar Meteorological Station,S25,2019,3,24,10.4,,,,7.2,35.3
Seletar Meteorological Station,S25,2019,3,25,33.2,,,,8.6,37.1
Seletar Meteorological Station,S25,2019,3,26,0.0,,,,14.8,37.1
Seletar Meteorological Station,S25,2019,3,27,0.0,,,,15.1,33.5
Seletar Meteorological Station,S25,2019,3,28,28.6,,,,8.6,55.4
Seletar Meteorological Station,S25,2019,3,29,0.0,,,,7.6,24.1
Seletar Meteorological Station,S25,2019,3,30,1.6,,,,5.8,38.9
Seletar Meteorological Station,S25,2019,3,31,0.0,,,,6.1,22.3
Seletar Meteorological Station,S25,2019,4,1,5.4,,,,5.0,33.5
Seletar Meteorological Station,S25,2019,4,2,0.0,,,,6.5,27.7
Seletar Meteorological Station,S25,2019,4,3,21.6,,,,6.1,50.0
Seletar Meteorological Station,S25,2019,4,4,0.0,,,,10.4,35.3
Seletar Meteorological Station,S25,2019,4,5,0.0,,,,8.6,33.5
Seletar Meteorological Station,S25,2019,4,6,0.0,,,,9.7,35.3
Seletar Meteorological Station,S25,2019,4,7,0.0,,,,9.4,29.5
Seletar Meteorological Station,S25,2019,4,8,0.0,,,,11.9,31.3
Seletar Meteorological Station,S25,2019,4,9,17.8,,,,10.1,31.3
Seletar Meteorological Station,S25,2019,4,10,0.4,,,,6.5,29.5
Seletar Meteorological Station,S25,2019,4,11,6.8,,,,5.0,27.7
Seletar Meteorological Station,S25,2019,4,12,0.2,,,,6.1,33.5
Seletar Meteorological Station,S25,2019,4,13,0.0,,,,7.2,29.5
Seletar Meteorological Station,S25,2019,4,14,1.2,,,,6.8,35.3
Seletar Meteorological Station,S25,2019,4,15,0.0,,,,7.2,38.9
Seletar Meteorological Station,S25,2019,4,16,0.0,,,,9.4,27.7
Seletar Meteorological Station,S25,2019,4,17,0.0,,,,9.4,27.7
Seletar Meteorological Station,S25,2019,4,18,0.0,,,,8.3,29.5
Seletar Meteorological Station,S25,2019,4,19,0.8,,,,5.8,46.4
Seletar Meteorological Station,S25,2019,4,20,5.0,,,,5.0,24.1
Seletar Meteorological Station,S25,2019,4,21,0.0,,,,7.2,27.7
Seletar Meteorological Station,S25,2019,4,22,0.4,,,,6.5,35.3
Seletar Meteorological Station,S25,2019,4,23,0.0,,,,5.4,33.5
Seletar Meteorological Station,S25,2019,4,24,0.0,,,,4.7,24.1
Seletar Meteorological Station,S25,2019,4,25,7.2,,,,5.0,40.7
Seletar Meteorological Station,S25,2019,4,26,44.0,,,,4.7,44.3
Seletar Meteorological Station,S25,2019,4,27,4.0,,,,6.1,22.3
Seletar Meteorological Station,S25,2019,4,28,0.8,,,,7.9,46.4
Seletar Meteorological Station,S25,2019,4,29,27.6,,,,9.0,33.5
Seletar Meteorological Station,S25,2019,4,30,0.0,,,,6.1,27.7
Seletar Meteorological Station,S25,2019,5,1,0.0,,,,5.4,22.3
Seletar Meteorological Station,S25,2019,5,2,5.8,,,,4.7,25.9
Seletar Meteorological Station,S25,2019,5,3,3.0,,,,6.5,29.5
Seletar Meteorological Station,S25,2019,5,4,11.8,,,,4.7,29.5
Seletar Meteorological Station,S25,2019,5,5,0.0,,,,8.3,35.3
Seletar Meteorological Station,S25,2019,5,6,0.0,,,,7.9,37.1
Seletar Meteorological Station,S25,2019,5,7,4.4,,,,6.5,42.5
Seletar Meteorological Station,S25,2019,5,8,28.4,,,,7.6,53.6
Seletar Meteorological Station,S25,2019,5,9,0.0,,,,6.1,31.3
Seletar Meteorological Station,S25,2019,5,10,22.0,,,,8.6,63.0
Seletar Meteorological Station,S25,2019,5,11,21.0,,,,4.7,33.5
Seletar Meteorological Station,S25,2019,5,12,0.0,,,,4.0,29.5
Seletar Meteorological Station,S25,2019,5,13,4.8,,,,5.0,35.3
Seletar Meteorological Station,S25,2019,5,14,2.0,,,,7.2,29.5
Seletar Meteorological Station,S25,2019,5,15,5.6,,,,6.5,35.3
Seletar Meteorological Station,S25,2019,5,16,0.0,,,,5.4,37.1
Seletar Meteorological Station,S25,2019,5,17,0.2,,,,7.6,31.3
Seletar Meteorological Station,S25,2019,5,18,0.0,,,,8.3,29.5
Seletar Meteorological Station,S25,2019,5,19,1.0,,,,5.8,44.3
Seletar Meteorological Station,S25,2019,5,20,0.0,,,,7.9,38.9
Seletar Meteorological Station,S25,2019,5,21,0.0,,,,7.2,35.3
Seletar Meteorological Station,S25,2019,5,22,6.0,,,,5.8,42.5
Seletar Meteorological Station,S25,2019,5,23,0.0,,,,9.0,35.3
Seletar Meteorological Station,S25,2019,5,24,0.0,,,,8.6,29.5
Seletar Meteorological Station,S25,2019,5,25,0.0,,,,10.4,35.3
Seletar Meteorological Station,S25,2019,5,26,0.0,,,,8.6,29.5
Seletar Meteorological Station,S25,2019,5,27,0.0,,,,10.1,40.7
Seletar Meteorological Station,S25,2019,5,28,0.0,,,,11.5,38.9
Seletar Meteorological Station,S25,2019,5,29,18.2,,,,6.1,29.5
Seletar Meteorological Station,S25,2019,5,30,1.2,,,,4.7,37.1
Seletar Meteorological Station,S25,2019,5,31,0.0,,,,6.5,27.7
Seletar Meteorological Station,S25,2019,6,1,6.4,,,,6.8,35.3
Seletar Meteorological Station,S25,2019,6,2,11.2,,,,5.8,37.1
Seletar Meteorological Station,S25,2019,6,3,26.2,,,,4.3,35.3
Seletar Meteorological Station,S25,2019,6,4,4.2,,,,5.4,24.1
Seletar Meteorological Station,S25,2019,6,5,0.0,,,,5.8,27.7
Seletar Meteorological Station,S25,2019,6,6,4.6,,,,5.8,24.1
Seletar Meteorological Station,S25,2019,6,7,28.4,,,,4.7,31.3
Seletar Meteorological Station,S25,2019,6,8,0.2,,,,5.8,27.7
Seletar Meteorological Station,S25,2019,6,9,3.8,,,,6.5,29.5
Seletar Meteorological Station,S25,2019,6,10,0.0,,,,9.7,27.7
Seletar Meteorological Station,S25,2019,6,11,51.2,,,,9.0,42.5
Seletar Meteorological Station,S25,2019,6,12,16.0,,,,10.8,35.3
Seletar Meteorological Station,S25,2019,6,13,1.2,,,,8.3,24.1
Seletar Meteorological Station,S25,2019,6,14,0.8,,,,7.9,25.9
Seletar Meteorological Station,S25,2019,6,15,0.2,,,,6.8,29.5
Seletar Meteorological Station,S25,2019,6,16,0.0,,,,11.9,33.5
Seletar Meteorological Station,S25,2019,6,17,0.0,,,,9.7,29.5
Seletar Meteorological Station,S25,2019,6,18,2.6,,,,5.8,20.5
Seletar Meteorological Station,S25,2019,6,19,0.0,,,,5.8,22.3
Seletar Meteorological Station,S25,2019,6,20,3.0,,,,7.2,29.5
Seletar Meteorological Station,S25,2019,6,21,18.8,,,,6.8,24.1
Seletar Meteorological Station,S25,2019,6,22,23.0,,,,6.1,63.0
Seletar Meteorological Station,S25,2019,6,23,0.0,,,,8.6,33.5
Seletar Meteorological Station,S25,2019,6,24,3.4,,,,9.4,38.9
Seletar Meteorological Station,S25,2019,6,25,0.0,,,,12.2,35.3
Seletar Meteorological Station,S25,2019,6,26,4.4,,,,7.9,46.4
Seletar Meteorological Station,S25,2019,6,27,0.0,,,,8.6,27.7
Seletar Meteorological Station,S25,2019,6,28,0.0,,,,11.9,35.3
Seletar Meteorological Station,S25,2019,6,29,2.2,,,,10.1,35.3
Seletar Meteorological Station,S25,2019,6,30,0.0,,,,9.4,33.5
Seletar Meteorological Station,S25,2019,7,1,1.4,,,,11.5,33.5
Seletar Meteorological Station,S25,2019,7,2,0.0,,,,12.2,35.3
Seletar Meteorological Station,S25,2019,7,3,0.2,,,,9.0,51.8
Seletar Meteorological Station,S25,2019,7,4,0.6,,,,10.1,33.5
Seletar Meteorological Station,S25,2019,7,5,0.0,,,,11.2,33.5
Seletar Meteorological Station,S25,2019,7,6,2.4,,,,7.9,35.3
Seletar Meteorological Station,S25,2019,7,7,16.6,,,,4.7,31.3
Seletar Meteorological Station,S25,2019,7,8,9.6,,,,6.5,50.0
Seletar Meteorological Station,S25,2019,7,9,26.4,,,,6.5,40.7
Seletar Meteorological Station,S25,2019,7,10,0.0,,,,12.2,31.3
Seletar Meteorological Station,S25,2019,7,11,0.0,,,,11.5,31.3
Seletar Meteorological Station,S25,2019,7,12,0.0,,,,10.8,31.3
Seletar Meteorological Station,S25,2019,7,13,0.0,,,,11.9,31.3
Seletar Meteorological Station,S25,2019,7,14,0.0,,,,12.2,31.3
Seletar Meteorological Station,S25,2019,7,15,3.0,,,,7.9,42.5
Seletar Meteorological Station,S25,2019,7,16,4.8,,,,11.5,38.9
Seletar Meteorological Station,S25,2019,7,17,0.0,,,,11.9,40.7
Seletar Meteorological Station,S25,2019,7,18,0.0,,,,14.8,35.3
Seletar Meteorological Station,S25,2019,7,19,0.0,,,,13.3,31.3
Seletar Meteorological Station,S25,2019,7,20,0.0,,,,10.1,25.9
Seletar Meteorological Station,S25,2019,7,21,0.0,,,,6.1,25.9
Seletar Meteorological Station,S25,2019,7,22,0.0,,,,7.9,35.3
Seletar Meteorological Station,S25,2019,7,23,3.6,,,,6.8,40.7
Seletar Meteorological Station,S25,2019,7,24,0.2,,,,10.4,33.5
Seletar Meteorological Station,S25,2019,7,25,0.0,,,,10.1,25.9
Seletar Meteorological Station,S25,2019,7,26,0.0,,,,9.0,25.9
Seletar Meteorological Station,S25,2019,7,27,0.0,,,,9.4,35.3
Seletar Meteorological Station,S25,2019,7,28,0.0,,,,11.5,35.3
Seletar Meteorological Station,S25,2019,7,29,0.0,,,,12.6,35.3
Seletar Meteorological Station,S25,2019,7,30,0.4,,,,13.0,35.3
Seletar Meteorological Station,S25,2019,7,31,0.0,,,,16.2,40.7
Seletar Meteorological Station,S25,2019,8,1,0.0,,,,11.9,35.3
Seletar Meteorological Station,S25,2019,8,2,0.0,,,,15.1,37.1
Seletar Meteorological Station,S25,2019,8,3,0.0,,,,12.6,33.5
Seletar Meteorological Station,S25,2019,8,4,0.0,,,,14.8,37.1
Seletar Meteorological Station,S25,2019,8,5,0.2,,,,14.0,33.5
Seletar Meteorological Station,S25,2019,8,6,0.0,,,,12.6,33.5
Seletar Meteorological Station,S25,2019,8,7,0.0,,,,12.2,27.7
Seletar Meteorological Station,S25,2019,8,8,0.0,,,,14.4,40.7
Seletar Meteorological Station,S25,2019,8,9,0.0,,,,15.1,37.1
Seletar Meteorological Station,S25,2019,8,10,0.0,,,,14.8,35.3
Seletar Meteorological Station,S25,2019,8,11,0.0,,,,14.4,35.3
Seletar Meteorological Station,S25,2019,8,12,0.0,,,,14.4,35.3
Seletar Meteorological Station,S25,2019,8,13,0.0,,,,13.7,33.5
Seletar Meteorological Station,S25,2019,8,14,5.8,,,,11.5,42.5
Seletar Meteorological Station,S25,2019,8,15,0.0,,,,11.5,37.1
Seletar Meteorological Station,S25,2019,8,16,0.0,,,,14.0,40.7
Seletar Meteorological Station,S25,2019,8,17,3.2,,,,13.0,38.9
Seletar Meteorological Station,S25,2019,8,18,0.0,,,,14.0,35.3
Seletar Meteorological Station,S25,2019,8,19,0.0,,,,12.6,33.5
Seletar Meteorological Station,S25,2019,8,20,0.0,,,,15.1,38.9
Seletar Meteorological Station,S25,2019,8,21,0.0,,,,14.0,38.9
Seletar Meteorological Station,S25,2019,8,22,0.0,,,,13.3,40.7
Seletar Meteorological Station,S25,2019,8,23,0.0,,,,14.8,37.1
Seletar Meteorological Station,S25,2019,8,24,0.0,,,,13.0,37.1
Seletar Meteorological Station,S25,2019,8,25,0.0,,,,9.7,42.5
Seletar Meteorological Station,S25,2019,8,26,60.4,,,,8.3,50.0
Seletar Meteorological Station,S25,2019,8,27,0.0,,,,8.3,38.9
Seletar Meteorological Station,S25,2019,8,28,0.0,,,,8.3,27.7
Seletar Meteorological Station,S25,2019,8,29,0.2,,,,13.7,38.9
Seletar Meteorological Station,S25,2019,8,30,7.6,,,,15.5,48.2
Seletar Meteorological Station,S25,2019,8,31,0.0,,,,12.2,29.5
Seletar Meteorological Station,S25,2019,9,1,0.0,,,,9.7,40.7
Seletar Meteorological Station,S25,2019,9,2,0.0,,,,12.2,33.5
Seletar Meteorological Station,S25,2019,9,3,0.0,,,,12.2,35.3
Seletar Meteorological Station,S25,2019,9,4,50.0,,,,10.1,31.3
Seletar Meteorological Station,S25,2019,9,5,0.0,,,,13.0,35.3
Seletar Meteorological Station,S25,2019,9,6,0.0,,,,12.2,33.5
Seletar Meteorological Station,S25,2019,9,7,0.0,,,,13.7,33.5
Seletar Meteorological Station,S25,2019,9,8,0.0,,,,13.3,33.5
Seletar Meteorological Station,S25,2019,9,9,0.0,,,,11.5,29.5
Seletar Meteorological Station,S25,2019,9,10,0.0,,,,13.7,37.1
Seletar Meteorological Station,S25,2019,9,11,0.0,,,,11.2,29.5
Seletar Meteorological Station,S25,2019,9,12,0.0,,,,8.6,31.3
Seletar Meteorological Station,S25,2019,9,13,0.0,,,,10.8,27.7
Seletar Meteorological Station,S25,2019,9,14,4.6,,,,11.5,29.5
Seletar Meteorological Station,S25,2019,9,15,0.0,,,,11.2,27.7
Seletar Meteorological Station,S25,2019,9,16,0.0,,,,10.8,27.7
Seletar Meteorological Station,S25,2019,9,17,0.0,,,,11.9,29.5
Seletar Meteorological Station,S25,2019,9,18,0.0,,,,13.0,37.1
Seletar Meteorological Station,S25,2019,9,19,0.0,,,,11.9,35.3
Seletar Meteorological Station,S25,2019,9,20,0.0,,,,11.9,29.5
Seletar Meteorological Station,S25,2019,9,21,0.0,,,,13.3,42.5
Seletar Meteorological Station,S25,2019,9,22,0.0,,,,13.7,31.3
Seletar Meteorological Station,S25,2019,9,23,0.0,,,,11.5,37.1
Seletar Meteorological Station,S25,2019,9,24,0.0,,,,11.5,33.5
Seletar Meteorological Station,S25,2019,9,25,43.2,,,,6.1,37.1
Seletar Meteorological Station,S25,2019,9,26,0.0,,,,6.8,25.9
Seletar Meteorological Station,S25,2019,9,27,0.0,,,,7.2,35.3
Seletar Meteorological Station,S25,2019,9,28,0.0,,,,5.8,31.3
Seletar Meteorological Station,S25,2019,9,29,18.2,,,,5.4,40.7
Seletar Meteorological Station,S25,2019,9,30,47.6,,,,7.6,46.4
Seletar Meteorological Station,S25,2019,10,1,7.2,,,,6.8,37.1
Seletar Meteorological Station,S25,2019,10,2,3.2,,,,6.8,42.5
Seletar Meteorological Station,S25,2019,10,3,0.0,,,,6.8,24.1
Seletar Meteorological Station,S25,2019,10,4,24.2,,,,6.8,38.9
Seletar Meteorological Station,S25,2019,10,5,0.0,,,,9.7,37.1
Seletar Meteorological Station,S25,2019,10,6,0.4,,,,7.9,42.5
Seletar Meteorological Station,S25,2019,10,7,24.0,,,,7.2,48.2
Seletar Meteorological Station,S25,2019,10,8,0.8,,,,5.4,29.5
Seletar Meteorological Station,S25,2019,10,9,0.2,,,,6.8,25.9
Seletar Meteorological Station,S25,2019,10,10,0.4,,,,5.8,22.3
Seletar Meteorological Station,S25,2019,10,11,0.0,,,,8.6,29.5
Seletar Meteorological Station,S25,2019,10,12,0.8,,,,5.4,40.7
Seletar Meteorological Station,S25,2019,10,13,0.6,,,,7.2,31.3
Seletar Meteorological Station,S25,2019,10,14,0.0,,,,7.2,37.1
Seletar Meteorological Station,S25,2019,10,15,0.0,,,,6.8,27.7
Seletar Meteorological Station,S25,2019,10,16,0.4,,,,7.9,33.5
Seletar Meteorological Station,S25,2019,10,17,27.8,,,,5.4,46.4
Seletar Meteorological Station,S25,2019,10,18,3.2,,,,5.8,29.5
Seletar Meteorological Station,S25,2019,10,19,0.0,,,,7.2,37.1
Seletar Meteorological Station,S25,2019,10,20,0.0,,,,7.6,35.3
Seletar Meteorological Station,S25,2019,10,21,0.2,,,,6.5,33.5
Seletar Meteorological Station,S25,2019,10,22,15.6,,,,6.1,27.7
Seletar Meteorological Station,S25,2019,10,23,20.6,,,,6.5,42.5
Seletar Meteorological Station,S25,2019,10,24,0.4,,,,6.5,33.5
Seletar Meteorological Station,S25,2019,10,25,0.0,,,,6.8,25.9
Seletar Meteorological Station,S25,2019,10,26,5.2,,,,4.7,29.5
Seletar Meteorological Station,S25,2019,10,27,20.6,,,,7.2,37.1
Seletar Meteorological Station,S25,2019,10,28,0.8,,,,5.8,29.5
Seletar Meteorological Station,S25,2019,10,29,0.0,,,,6.5,22.3
Seletar Meteorological Station,S25,2019,10,30,26.8,,,,6.1,40.7
Seletar Meteorological Station,S25,2019,10,31,0.2,,,,4.7,31.3
Seletar Meteorological Station,S25,2019,11,1,11.0,,,,8.3,46.4
Seletar Meteorological Station,S25,2019,11,2,0.0,,,,6.5,27.7
Seletar Meteorological Station,S25,2019,11,3,0.0,,,,5.8,31.3
Seletar Meteorological Station,S25,2019,11,4,1.2,,,,4.7,31.3
Seletar Meteorological Station,S25,2019,11,5,14.2,,,,5.8,50.0
Seletar Meteorological Station,S25,2019,11,6,0.0,,,,8.3,27.7
Seletar Meteorological Station,S25,2019,11,7,0.0,,,,7.9,24.1
Seletar Meteorological Station,S25,2019,11,8,7.6,,,,7.6,57.2
Seletar Meteorological Station,S25,2019,11,9,0.0,,,,6.1,33.5
Seletar Meteorological Station,S25,2019,11,10,0.0,,,,6.8,38.9
Seletar Meteorological Station,S25,2019,11,11,0.2,,,,6.1,27.7
Seletar Meteorological Station,S25,2019,11,12,13.2,,,,4.0,35.3
Seletar Meteorological Station,S25,2019,11,13,0.6,,,,5.4,20.5
Seletar Meteorological Station,S25,2019,11,14,0.0,,,,9.0,29.5
Seletar Meteorological Station,S25,2019,11,15,0.8,,,,6.8,29.5
Seletar Meteorological Station,S25,2019,11,16,0.0,,,,5.4,27.7
Seletar Meteorological Station,S25,2019,11,17,0.0,,,,7.9,33.5
Seletar Meteorological Station,S25,2019,11,18,8.2,,,,5.4,53.6
Seletar Meteorological Station,S25,2019,11,19,0.0,,,,6.8,35.3
Seletar Meteorological Station,S25,2019,11,20,7.0,,,,6.5,37.1
Seletar Meteorological Station,S25,2019,11,21,0.2,,,,7.9,25.9
Seletar Meteorological Station,S25,2019,11,22,1.0,,,,7.2,31.3
Seletar Meteorological Station,S25,2019,11,23,0.0,,,,7.2,35.3
Seletar Meteorological Station,S25,2019,11,24,32.0,,,,6.5,31.3
Seletar Meteorological Station,S25,2019,11,25,0.2,,,,6.5,35.3
Seletar Meteorological Station,S25,2019,11,26,0.0,,,,13.0,37.1
Seletar Meteorological Station,S25,2019,11,27,1.6,,,,7.6,44.3
Seletar Meteorological Station,S25,2019,11,28,8.8,,,,8.6,27.7
Seletar Meteorological Station,S25,2019,11,29,40.2,,,,6.5,53.6
Seletar Meteorological Station,S25,2019,11,30,0.0,,,,6.5,27.7
Seletar Meteorological Station,S25,2019,12,1,0.0,,,,6.8,31.3
Seletar Meteorological Station,S25,2019,12,2,25.2,,,,7.9,33.5
Seletar Meteorological Station,S25,2019,12,3,0.0,,,,16.2,40.7
Seletar Meteorological Station,S25,2019,12,4,0.0,,,,18.0,44.3
Seletar Meteorological Station,S25,2019,12,5,0.0,,,,14.4,37.1
Seletar Meteorological Station,S25,2019,12,6,0.0,,,,17.6,40.7
Seletar Meteorological Station,S25,2019,12,7,0.0,,,,20.5,48.2
Seletar Meteorological Station,S25,2019,12,8,0.0,,,,12.2,37.1
Seletar Meteorological Station,S25,2019,12,9,74.2,,,,11.2,33.5
Seletar Meteorological Station,S25,2019,12,10,7.2,,,,6.8,31.3
Seletar Meteorological Station,S25,2019,12,11,51.6,,,,11.2,35.3
Seletar Meteorological Station,S25,2019,12,12,0.8,,,,18.0,46.4
Seletar Meteorological Station,S25,2019,12,13,26.0,,,,6.5,38.9
Seletar Meteorological Station,S25,2019,12,14,47.2,,,,4.3,16.6
Seletar Meteorological Station,S25,2019,12,15,34.4,,,,5.8,27.7
Seletar Meteorological Station,S25,2019,12,16,0.0,,,,7.9,24.1
Seletar Meteorological Station,S25,2019,12,17,4.4,,,,4.0,25.9
Seletar Meteorological Station,S25,2019,12,18,1.6,,,,5.0,27.7
Seletar Meteorological Station,S25,2019,12,19,0.0,,,,9.7,33.5
Seletar Meteorological Station,S25,2019,12,20,1.2,,,,13.3,37.1
Seletar Meteorological Station,S25,2019,12,21,0.0,,,,11.9,31.3
Seletar Meteorological Station,S25,2019,12,22,0.0,,,,10.1,27.7
Seletar Meteorological Station,S25,2019,12,23,31.8,,,,9.7,27.7
Seletar Meteorological Station,S25,2019,12,24,0.0,,,,14.8,40.7
Seletar Meteorological Station,S25,2019,12,25,0.2,,,,11.2,35.3
Seletar Meteorological Station,S25,2019,12,26,0.0,,,,12.6,27.7
Seletar Meteorological Station,S25,2019,12,27,0.0,,,,15.1,33.5
Seletar Meteorological Station,S25,2019,12,28,0.0,,,,16.6,37.1
Seletar Meteorological Station,S25,2019,12,29,0.0,,,,16.9,38.9
Seletar Meteorological Station,S25,2019,12,30,0.0,,,,15.1,33.5
Seletar Meteorological Station,S25,2019,12,31,0.0,,,,15.1,35.3
Seletar Meteorological Station,S25,2020,1,1,0.0,,,,15.5,46.4
Seletar Meteorological Station,S25,2020,1,2,0.0,,,,15.5,44.3
Seletar Meteorological Station,S25,2020,1,3,0.0,,,,17.3,40.7
Seletar Meteorological Station,S25,2020,1,4,0.4,,,,17.3,46.4
Seletar Meteorological Station,S25,2020,1,5,0.0,,,,16.9,42.5
Seletar Meteorological Station,S25,2020,1,6,17.8,,,,12.2,44.3
Seletar Meteorological Station,S25,2020,1,7,1.8,,,,12.6,37.1
Seletar Meteorological Station,S25,2020,1,8,4.0,,,,16.2,48.2
Seletar Meteorological Station,S25,2020,1,9,1.6,,,,16.6,40.7
Seletar Meteorological Station,S25,2020,1,10,0.4,,,,10.4,37.1
Seletar Meteorological Station,S25,2020,1,11,0.0,,,,10.1,25.9
Seletar Meteorological Station,S25,2020,1,12,0.0,,,,10.1,29.5
Seletar Meteorological Station,S25,2020,1,13,0.0,,,,14.8,37.1
Seletar Meteorological Station,S25,2020,1,14,0.0,,,,16.9,37.1
Seletar Meteorological Station,S25,2020,1,15,0.0,,,,14.8,35.3
Seletar Meteorological Station,S25,2020,1,16,0.0,,,,14.8,33.5
Seletar Meteorological Station,S25,2020,1,17,0.0,,,,15.5,33.5
Seletar Meteorological Station,S25,2020,1,18,0.0,,,,13.3,35.3
Seletar Meteorological Station,S25,2020,1,19,0.0,,,,16.2,35.3
Seletar Meteorological Station,S25,2020,1,20,0.0,,,,17.6,38.9
Seletar Meteorological Station,S25,2020,1,21,7.6,,,,14.4,50.0
Seletar Meteorological Station,S25,2020,1,22,0.0,,,,19.1,38.9
Seletar Meteorological Station,S25,2020,1,23,0.0,,,,16.6,38.9
Seletar Meteorological Station,S25,2020,1,24,0.0,,,,17.3,37.1
Seletar Meteorological Station,S25,2020,1,25,0.0,,,,14.8,33.5
Seletar Meteorological Station,S25,2020,1,26,0.0,,,,12.6,33.5
Seletar Meteorological Station,S25,2020,1,27,17.8,,,,10.8,25.9
Seletar Meteorological Station,S25,2020,1,28,0.0,,,,11.9,29.5
Seletar Meteorological Station,S25,2020,1,29,60.8,,,,9.0,38.9
Seletar Meteorological Station,S25,2020,1,30,0.0,,,,11.9,35.3
Seletar Meteorological Station,S25,2020,1,31,0.0,,,,18.7,38.9
Seletar Meteorological Station,S25,2020,2,1,0.0,,,,20.9,44.3
Seletar Meteorological Station,S25,2020,2,2,0.0,,,,20.5,44.3
Seletar Meteorological Station,S25,2020,2,3,0.0,,,,16.6,40.7
Seletar Meteorological Station,S25,2020,2,4,0.0,,,,14.8,35.3
Seletar Meteorological Station,S25,2020,2,5,0.0,,,,14.4,37.1
Seletar Meteorological Station,S25,2020,2,6,0.0,,,,17.3,37.1
Seletar Meteorological Station,S25,2020,2,7,0.0,,,,18.7,42.5
Seletar Meteorological Station,S25,2020,2,8,0.0,,,,12.2,40.7
Seletar Meteorological Station,S25,2020,2,9,16.8,,,,8.3,42.5
Seletar Meteorological Station,S25,2020,2,10,0.6,,,,10.1,29.5
Seletar Meteorological Station,S25,2020,2,11,51.0,,,,10.1,29.5
Seletar Meteorological Station,S25,2020,2,12,0.0,,,,11.9,31.3
Seletar Meteorological Station,S25,2020,2,13,0.0,,,,15.8,35.3
Seletar Meteorological Station,S25,2020,2,14,0.0,,,,14.0,35.3
Seletar Meteorological Station,S25,2020,2,15,0.0,,,,9.4,24.1
Seletar Meteorological Station,S25,2020,2,16,22.0,,,,8.6,42.5
Seletar Meteorological Station,S25,2020,2,17,0.2,,,,13.3,38.9
Seletar Meteorological Station,S25,2020,2,18,1.4,,,,14.4,42.5
Seletar Meteorological Station,S25,2020,2,19,0.0,,,,20.2,46.4
Seletar Meteorological Station,S25,2020,2,20,0.4,,,,21.2,61.2
Seletar Meteorological Station,S25,2020,2,21,10.6,,,,16.2,53.6
Seletar Meteorological Station,S25,2020,2,22,0.0,,,,20.9,51.8
Seletar Meteorological Station,S25,2020,2,23,0.0,,,,23.0,48.2
Seletar Meteorological Station,S25,2020,2,24,4.0,,,,19.1,55.4
Seletar Meteorological Station,S25,2020,2,25,0.0,,,,18.0,35.3
Seletar Meteorological Station,S25,2020,2,26,0.0,,,,18.0,38.9
Seletar Meteorological Station,S25,2020,2,27,0.0,,,,16.9,37.1
Seletar Meteorological Station,S25,2020,2,28,0.0,,,,17.6,35.3
Seletar Meteorological Station,S25,2020,2,29,0.0,,,,16.9,37.1
Seletar Meteorological Station,S25,2020,3,1,0.0,,,,15.5,37.1
Seletar Meteorological Station,S25,2020,3,2,0.0,,,,13.7,35.3
Seletar Meteorological Station,S25,2020,3,3,0.0,,,,16.9,38.9
Seletar Meteorological Station,S25,2020,3,4,0.0,,,,14.0,33.5
Seletar Meteorological Station,S25,2020,3,5,34.0,,,,9.7,31.3
Seletar Meteorological Station,S25,2020,3,6,0.0,,,,8.6,24.1
Seletar Meteorological Station,S25,2020,3,7,2.2,,,,10.1,38.9
Seletar Meteorological Station,S25,2020,3,8,2.2,,,,6.5,33.5
Seletar Meteorological Station,S25,2020,3,9,1.4,,,,6.8,25.9
Seletar Meteorological Station,S25,2020,3,10,0.4,,,,9.0,25.9
Seletar Meteorological Station,S25,2020,3,11,0.0,,,,11.2,38.9
Seletar Meteorological Station,S25,2020,3,12,0.0,,,,14.4,35.3
Seletar Meteorological Station,S25,2020,3,13,0.0,,,,12.6,27.7
Seletar Meteorological Station,S25,2020,3,14,0.0,,,,13.3,29.5
Seletar Meteorological Station,S25,2020,3,15,0.0,,,,15.1,35.3
Seletar Meteorological Station,S25,2020,3,16,0.0,,,,17.6,46.4
Seletar Meteorological Station,S25,2020,3,17,0.0,,,,17.3,44.3
Seletar Meteorological Station,S25,2020,3,18,0.0,,,,15.8,37.1
Seletar Meteorological Station,S25,2020,3,19,0.0,,,,12.2,27.7
Seletar Meteorological Station,S25,2020,3,20,0.0,,,,11.2,29.5
Seletar Meteorological Station,S25,2020,3,21,6.2,,,,9.7,29.5
Seletar Meteorological Station,S25,2020,3,22,5.0,,,,7.6,46.4
Seletar Meteorological Station,S25,2020,3,23,24.2,,,,5.8,27.7
Seletar Meteorological Station,S25,2020,3,24,0.0,,,,11.5,37.1
Seletar Meteorological Station,S25,2020,3,25,0.0,,,,10.4,27.7
Seletar Meteorological Station,S25,2020,3,26,0.0,,,,12.6,31.3
Seletar Meteorological Station,S25,2020,3,27,0.0,,,,10.1,33.5
Seletar Meteorological Station,S25,2020,3,28,0.0,,,,9.7,27.7
Seletar Meteorological Station,S25,2020,3,29,0.0,,,,13.3,29.5
Seletar Meteorological Station,S25,2020,3,30,0.0,,,,9.7,31.3
Seletar Meteorological Station,S25,2020,3,31,0.0,,,,10.4,31.3
Seletar Meteorological Station,S25,2020,4,1,0.0,,,,8.7,29.6
Seletar Meteorological Station,S25,2020,4,2,50.4,,,,7.8,38.9
Seletar Meteorological Station,S25,2020,4,3,10.0,,,,8.7,35.2
Seletar Meteorological Station,S25,2020,4,4,0.0,,,,10.7,31.5
Seletar Meteorological Station,S25,2020,4,5,0.2,,,,6.9,37.0
Seletar Meteorological Station,S25,2020,4,6,2.6,,,,5.9,24.1
Seletar Meteorological Station,S25,2020,4,7,43.8,,,,6.3,46.3
Seletar Meteorological Station,S25,2020,4,8,36.0,,,,7.1,35.2
Seletar Meteorological Station,S25,2020,4,9,0.0,,,,9.3,31.5
Seletar Meteorological Station,S25,2020,4,10,0.0,,,,8.1,29.6
Seletar Meteorological Station,S25,2020,4,11,8.8,,,,9.4,37.0
Seletar Meteorological Station,S25,2020,4,12,5.8,,,,7.5,46.3
Seletar Meteorological Station,S25,2020,4,13,7.4,,,,6.2,38.9
Seletar Meteorological Station,S25,2020,4,14,0.0,,,,12.2,33.3
Seletar Meteorological Station,S25,2020,4,15,0.4,,,,11.5,42.6
Seletar Meteorological Station,S25,2020,4,16,0.0,,,,12.1,31.5
Seletar Meteorological Station,S25,2020,4,17,0.0,,,,8.6,27.8
Seletar Meteorological Station,S25,2020,4,18,0.0,,,,9.1,31.5
Seletar Meteorological Station,S25,2020,4,19,0.0,,,,11.1,35.2
Seletar Meteorological Station,S25,2020,4,20,0.0,,,,11.7,29.6
Seletar Meteorological Station,S25,2020,4,21,25.6,,,,6.9,44.4
Seletar Meteorological Station,S25,2020,4,22,0.8,,,,7.7,31.5
Seletar Meteorological Station,S25,2020,4,23,1.0,,,,4.9,35.2
Seletar Meteorological Station,S25,2020,4,24,11.0,,,,6.3,35.2
Seletar Meteorological Station,S25,2020,4,25,8.8,,,,4.8,29.6
Seletar Meteorological Station,S25,2020,4,26,0.0,,,,5.4,31.5
Seletar Meteorological Station,S25,2020,4,27,0.4,,,,6.9,35.2
Seletar Meteorological Station,S25,2020,4,28,0.0,,,,5.9,22.2
Seletar Meteorological Station,S25,2020,4,29,1.8,,,,7.1,27.8
Seletar Meteorological Station,S25,2020,4,30,34.0,,,,5.6,50.0
Seletar Meteorological Station,S25,2020,5,1,10.6,,,,5.0,40.7
Seletar Meteorological Station,S25,2020,5,2,0.0,,,,5.6,24.1
Seletar Meteorological Station,S25,2020,5,3,3.8,,,,6.3,22.2
Seletar Meteorological Station,S25,2020,5,4,10.2,,,,6.2,25.9
Seletar Meteorological Station,S25,2020,5,5,0.2,,,,4.8,37.0
Seletar Meteorological Station,S25,2020,5,6,3.0,,,,6.1,38.9
Seletar Meteorological Station,S25,2020,5,7,0.0,,,,5.2,25.9
Seletar Meteorological Station,S25,2020,5,8,23.2,,,,8.2,35.2
Seletar Meteorological Station,S25,2020,5,9,0.0,,,,10.5,27.8
Seletar Meteorological Station,S25,2020,5,10,0.2,,,,10.4,37.0
Seletar Meteorological Station,S25,2020,5,11,24.4,,,,8.0,33.3
Seletar Meteorological Station,S25,2020,5,12,0.0,,,,8.6,33.3
Seletar Meteorological Station,S25,2020,5,13,1.2,,,,7.8,42.6
Seletar Meteorological Station,S25,2020,5,14,0.0,,,,6.6,35.2
Seletar Meteorological Station,S25,2020,5,15,0.0,,,,7.8,27.8
Seletar Meteorological Station,S25,2020,5,16,0.2,,,,8.5,37.0
Seletar Meteorological Station,S25,2020,5,17,13.0,,,,7.0,48.2
Seletar Meteorological Station,S25,2020,5,18,0.0,,,,6.1,22.2
Seletar Meteorological Station,S25,2020,5,19,5.0,,,,6.5,27.8
Seletar Meteorological Station,S25,2020,5,20,1.8,,,,6.6,42.6
Seletar Meteorological Station,S25,2020,5,21,3.2,,,,5.3,40.7
Seletar Meteorological Station,S25,2020,5,22,3.0,,,,5.6,37.0
Seletar Meteorological Station,S25,2020,5,23,2.0,,,,5.3,20.4
Seletar Meteorological Station,S25,2020,5,24,0.0,,,,4.9,31.5
Seletar Meteorological Station,S25,2020,5,25,0.0,,,,5.8,31.5
Seletar Meteorological Station,S25,2020,5,26,10.0,,,,6.2,38.9
Seletar Meteorological Station,S25,2020,5,27,8.4,,,,5.8,37.0
Seletar Meteorological Station,S25,2020,5,28,0.0,,,,7.6,35.2
Seletar Meteorological Station,S25,2020,5,29,15.2,,,,4.7,33.3
Seletar Meteorological Station,S25,2020,5,30,0.0,,,,5.3,33.3
Seletar Meteorological Station,S25,2020,5,31,0.0,,,,6.4,27.8
Seletar Meteorological Station,S25,2020,6,1,39.8,,,,7.0,46.3
Seletar Meteorological Station,S25,2020,6,2,0.0,,,,5.2,24.1
Seletar Meteorological Station,S25,2020,6,3,0.0,,,,6.7,31.5
Seletar Meteorological Station,S25,2020,6,4,2.6,,,,7.9,33.3
Seletar Meteorological Station,S25,2020,6,5,1.0,,,,10.9,35.2
Seletar Meteorological Station,S25,2020,6,6,3.0,,,,5.0,20.4
Seletar Meteorological Station,S25,2020,6,7,0.0,,,,6.5,29.6
Seletar Meteorological Station,S25,2020,6,8,4.2,,,,4.9,27.8
Seletar Meteorological Station,S25,2020,6,9,0.0,,,,9.1,29.6
Seletar Meteorological Station,S25,2020,6,10,1.8,,,,11.0,31.5
Seletar Meteorological Station,S25,2020,6,11,11.0,,,,5.2,33.3
Seletar Meteorological Station,S25,2020,6,12,25.4,,,,4.9,42.6
Seletar Meteorological Station,S25,2020,6,13,5.4,,,,6.4,29.6
Seletar Meteorological Station,S25,2020,6,14,0.0,,,,6.4,33.3
Seletar Meteorological Station,S25,2020,6,15,0.6,,,,8.1,35.2
Seletar Meteorological Station,S25,2020,6,16,0.2,,,,6.4,38.9
Seletar Meteorological Station,S25,2020,6,17,78.6,,,,5.3,27.8
Seletar Meteorological Station,S25,2020,6,18,4.8,,,,4.3,20.4
Seletar Meteorological Station,S25,2020,6,19,2.4,,,,7.0,29.6
Seletar Meteorological Station,S25,2020,6,20,17.2,,,,5.6,37.0
Seletar Meteorological Station,S25,2020,6,21,0.2,,,,6.4,35.2
Seletar Meteorological Station,S25,2020,6,22,1.8,,,,5.6,46.3
Seletar Meteorological Station,S25,2020,6,23,22.0,,,,8.1,37.0
Seletar Meteorological Station,S25,2020,6,24,30.6,,,,8.1,29.6
Seletar Meteorological Station,S25,2020,6,25,0.0,,,,7.4,37.0
Seletar Meteorological Station,S25,2020,6,26,0.0,,,,8.7,31.5
Seletar Meteorological Station,S25,2020,6,27,3.2,,,,9.7,38.9
Seletar Meteorological Station,S25,2020,6,28,1.4,,,,11.0,40.7
Seletar Meteorological Station,S25,2020,6,29,0.2,,,,9.5,35.2
Seletar Meteorological Station,S25,2020,6,30,3.0,,,,10.0,29.6
Seletar Meteorological Station,S25,2020,7,1,6.2,,,,7.1,25.9
Seletar Meteorological Station,S25,2020,7,2,0.0,,,,10.9,29.6
Seletar Meteorological Station,S25,2020,7,3,0.0,,,,11.2,29.6
Seletar Meteorological Station,S25,2020,7,4,0.0,,,,9.4,27.8
Seletar Meteorological Station,S25,2020,7,5,0.4,,,,6.3,37.0
Seletar Meteorological Station,S25,2020,7,6,3.6,,,,8.5,40.7
Seletar Meteorological Station,S25,2020,7,7,1.0,,,,6.2,29.6
Seletar Meteorological Station,S25,2020,7,8,3.6,,,,4.9,24.1
Seletar Meteorological Station,S25,2020,7,9,1.6,,,,8.9,37.0
Seletar Meteorological Station,S25,2020,7,10,0.0,,,,6.7,24.1
Seletar Meteorological Station,S25,2020,7,11,0.6,,,,5.7,20.4
Seletar Meteorological Station,S25,2020,7,12,4.2,,,,8.8,42.6
Seletar Meteorological Station,S25,2020,7,13,41.6,,,,6.6,29.6
Seletar Meteorological Station,S25,2020,7,14,0.2,,,,6.1,25.9
Seletar Meteorological Station,S25,2020,7,15,17.6,,,,5.0,38.9
Seletar Meteorological Station,S25,2020,7,16,23.4,,,,4.9,40.7
Seletar Meteorological Station,S25,2020,7,17,0.0,,,,5.8,22.2
Seletar Meteorological Station,S25,2020,7,18,0.0,,,,6.7,27.8
Seletar Meteorological Station,S25,2020,7,19,0.0,,,,7.8,24.1
Seletar Meteorological Station,S25,2020,7,20,0.0,,,,9.2,29.6
Seletar Meteorological Station,S25,2020,7,21,0.0,,,,8.4,33.3
Seletar Meteorological Station,S25,2020,7,22,15.4,,,,4.6,29.6
Seletar Meteorological Station,S25,2020,7,23,4.4,,,,5.7,27.8
Seletar Meteorological Station,S25,2020,7,24,20.6,,,,5.8,42.6
Seletar Meteorological Station,S25,2020,7,25,0.6,,,,6.4,38.9
Seletar Meteorological Station,S25,2020,7,26,9.4,,,,8.3,46.3
Seletar Meteorological Station,S25,2020,7,27,38.4,,,,6.6,40.7
Seletar Meteorological Station,S25,2020,7,28,0.4,,,,7.5,27.8
Seletar Meteorological Station,S25,2020,7,29,15.2,,,,4.4,29.6
Seletar Meteorological Station,S25,2020,7,30,0.2,,,,8.3,25.9
Seletar Meteorological Station,S25,2020,7,31,0.8,,,,8.7,31.5
Seletar Meteorological Station,S25,2020,8,1,8.8,,,,9.9,37.0
Seletar Meteorological Station,S25,2020,8,2,0.0,,,,11.2,29.6
Seletar Meteorological Station,S25,2020,8,3,0.0,,,,10.3,25.9
Seletar Meteorological Station,S25,2020,8,4,5.8,,,,7.6,44.4
Seletar Meteorological Station,S25,2020,8,5,0.0,,,,11.1,29.6
Seletar Meteorological Station,S25,2020,8,6,0.0,,,,7.3,25.9
Seletar Meteorological Station,S25,2020,8,7,0.0,,,,9.7,27.8
Seletar Meteorological Station,S25,2020,8,8,0.0,,,,10.3,31.5
Seletar Meteorological Station,S25,2020,8,9,0.0,,,,9.3,25.9
Seletar Meteorological Station,S25,2020,8,10,0.0,,,,12.0,31.5
Seletar Meteorological Station,S25,2020,8,11,0.0,,,,11.0,33.3
Seletar Meteorological Station,S25,2020,8,12,2.4,,,,7.3,50.0
Seletar Meteorological Station,S25,2020,8,13,18.8,,,,8.4,33.3
Seletar Meteorological Station,S25,2020,8,14,11.6,,,,5.5,37.0
Seletar Meteorological Station,S25,2020,8,15,12.8,,,,5.2,42.6
Seletar Meteorological Station,S25,2020,8,16,0.0,,,,8.0,27.8
Seletar Meteorological Station,S25,2020,8,17,8.6,,,,6.9,35.2
Seletar Meteorological Station,S25,2020,8,18,14.8,,,,6.9,37.0
Seletar Meteorological Station,S25,2020,8,19,0.8,,,,5.0,31.5
Seletar Meteorological Station,S25,2020,8,20,3.8,,,,8.3,31.5
Seletar Meteorological Station,S25,2020,8,21,0.0,,,,9.9,27.8
Seletar Meteorological Station,S25,2020,8,22,9.0,,,,5.6,35.2
Seletar Meteorological Station,S25,2020,8,23,16.8,,,,3.5,38.9
Seletar Meteorological Station,S25,2020,8,24,0.0,,,,8.5,27.8
Seletar Meteorological Station,S25,2020,8,25,3.8,,,,8.8,35.2
Seletar Meteorological Station,S25,2020,8,26,0.0,,,,10.3,42.6
Seletar Meteorological Station,S25,2020,8,27,0.0,,,,9.5,35.2
Seletar Meteorological Station,S25,2020,8,28,0.0,,,,10.5,33.3
Seletar Meteorological Station,S25,2020,8,29,2.2,,,,6.8,38.9
Seletar Meteorological Station,S25,2020,8,30,0.0,,,,8.8,35.2
Seletar Meteorological Station,S25,2020,8,31,0.4,,,,10.3,37.0
Seletar Meteorological Station,S25,2020,9,1,2.4,,,,9.8,37.0
Seletar Meteorological Station,S25,2020,9,2,1.2,,,,7.6,25.9
Seletar Meteorological Station,S25,2020,9,3,34.8,,,,5.1,33.3
Seletar Meteorological Station,S25,2020,9,4,2.8,,,,7.3,33.3
Seletar Meteorological Station,S25,2020,9,5,13.8,,,,5.2,25.9
Seletar Meteorological Station,S25,2020,9,6,18.6,,,,5.6,38.9
Seletar Meteorological Station,S25,2020,9,7,0.2,,,,8.2,29.6
Seletar Meteorological Station,S25,2020,9,8,0.0,,,,8.3,35.2
Seletar Meteorological Station,S25,2020,9,9,0.0,,,,6.4,31.5
Seletar Meteorological Station,S25,2020,9,10,0.0,,,,8.0,37.0
Seletar Meteorological Station,S25,2020,9,11,13.6,,,,8.8,44.4
Seletar Meteorological Station,S25,2020,9,12,4.8,,,,6.1,37.0
Seletar Meteorological Station,S25,2020,9,13,24.4,,,,6.5,50.0
Seletar Meteorological Station,S25,2020,9,14,9.2,,,,5.4,35.2
Seletar Meteorological Station,S25,2020,9,15,0.0,,,,7.6,42.6
Seletar Meteorological Station,S25,2020,9,16,3.0,,,,9.0,57.4
Seletar Meteorological Station,S25,2020,9,17,0.0,,,,9.0,37.0
Seletar Meteorological Station,S25,2020,9,18,0.0,,,,10.6,35.2
Seletar Meteorological Station,S25,2020,9,19,18.6,,,,9.8,44.4
Seletar Meteorological Station,S25,2020,9,20,1.8,,,,8.5,31.5
Seletar Meteorological Station,S25,2020,9,21,2.2,,,,6.3,27.8
Seletar Meteorological Station,S25,2020,9,22,3.2,,,,6.2,27.8
Seletar Meteorological Station,S25,2020,9,23,0.0,,,,5.6,25.9
Seletar Meteorological Station,S25,2020,9,24,16.0,,,,8.5,37.0
Seletar Meteorological Station,S25,2020,9,25,27.4,,,,8.3,44.4
Seletar Meteorological Station,S25,2020,9,26,51.4,,,,8.6,33.3
Seletar Meteorological Station,S25,2020,9,27,11.0,,,,7.8,31.5
Seletar Meteorological Station,S25,2020,9,28,0.0,,,,8.3,37.0
Seletar Meteorological Station,S25,2020,9,29,0.2,,,,8.4,31.5
Seletar Meteorological Station,S25,2020,9,30,0.0,,,,6.9,27.8
Seletar Meteorological Station,S25,2020,10,1,11.3,,,,4.9,22.2
Seletar Meteorological Station,S25,2020,10,2,5.2,,,,8.6,38.9
Seletar Meteorological Station,S25,2020,10,3,14.4,,,,12.7,40.7
Seletar Meteorological Station,S25,2020,10,4,0.0,,,,6.7,25.9
Seletar Meteorological Station,S25,2020,10,5,0.0,,,,7.2,27.8
Seletar Meteorological Station,S25,2020,10,6,0.0,,,,8.5,31.5
Seletar Meteorological Station,S25,2020,10,7,1.4,,,,8.6,35.2
Seletar Meteorological Station,S25,2020,10,8,6.6,,,,7.9,38.9
Seletar Meteorological Station,S25,2020,10,9,0.2,,,,7.6,25.9
Seletar Meteorological Station,S25,2020,10,10,2.2,,,,7.2,50.0
Seletar Meteorological Station,S25,2020,10,11,2.0,,,,10.6,44.4
Seletar Meteorological Station,S25,2020,10,12,0.0,,,,15.9,44.4
Seletar Meteorological Station,S25,2020,10,13,0.0,,,,8.4,35.2
Seletar Meteorological Station,S25,2020,10,14,6.8,,,,7.9,42.6
Seletar Meteorological Station,S25,2020,10,15,13.8,,,,10.4,38.9
Seletar Meteorological Station,S25,2020,10,16,1.2,,,,8.6,42.6
Seletar Meteorological Station,S25,2020,10,17,0.0,,,,9.3,31.5
Seletar Meteorological Station,S25,2020,10,18,9.2,,,,7.2,46.3
Seletar Meteorological Station,S25,2020,10,19,0.0,,,,7.3,24.1
Seletar Meteorological Station,S25,2020,10,20,1.4,,,,6.0,27.8
Seletar Meteorological Station,S25,2020,10,21,0.6,,,,7.0,35.2
Seletar Meteorological Station,S25,2020,10,22,5.0,,,,8.7,37.0
Seletar Meteorological Station,S25,2020,10,23,3.2,,,,5.7,25.9
Seletar Meteorological Station,S25,2020,10,24,0.6,,,,5.0,18.5
Seletar Meteorological Station,S25,2020,10,25,6.4,,,,7.3,44.4
Seletar Meteorological Station,S25,2020,10,26,1.0,,,,5.4,42.6
Seletar Meteorological Station,S25,2020,10,27,0.0,,,,6.7,33.3
Seletar Meteorological Station,S25,2020,10,28,12.4,,,,4.8,29.6
Seletar Meteorological Station,S25,2020,10,29,0.0,,,,7.7,29.6
Seletar Meteorological Station,S25,2020,10,30,0.0,,,,6.9,25.9
Seletar Meteorological Station,S25,2020,10,31,28.6,,,,6.2,37.0
Seletar Meteorological Station,S25,2020,11,1,0.2,,,,6.7,27.8
Seletar Meteorological Station,S25,2020,11,2,17.6,,,,5.7,42.6
Seletar Meteorological Station,S25,2020,11,3,0.8,,,,5.1,22.2
Seletar Meteorological Station,S25,2020,11,4,18.2,,,,5.1,40.7
Seletar Meteorological Station,S25,2020,11,5,0.0,,,,5.3,22.2
Seletar Meteorological Station,S25,2020,11,6,0.0,,,,7.1,25.9
Seletar Meteorological Station,S25,2020,11,7,38.8,,,,4.7,38.9
Seletar Meteorological Station,S25,2020,11,8,4.2,,,,4.8,29.6
Seletar Meteorological Station,S25,2020,11,9,1.2,,,,6.2,29.6
Seletar Meteorological Station,S25,2020,11,10,18.2,,,,4.5,24.1
Seletar Meteorological Station,S25,2020,11,11,0.0,,,,7.6,27.8
Seletar Meteorological Station,S25,2020,11,12,0.0,,,,10.3,29.6
Seletar Meteorological Station,S25,2020,11,13,0.0,,,,11.0,35.2
Seletar Meteorological Station,S25,2020,11,14,3.0,,,,6.9,33.3
Seletar Meteorological Station,S25,2020,11,15,43.0,,,,10.0,37.0
Seletar Meteorological Station,S25,2020,11,16,7.0,,,,12.8,38.9
Seletar Meteorological Station,S25,2020,11,17,7.6,,,,7.5,35.2
Seletar Meteorological Station,S25,2020,11,18,0.0,,,,5.2,24.1
Seletar Meteorological Station,S25,2020,11,19,17.2,,,,5.6,27.8
Seletar Meteorological Station,S25,2020,11,20,0.6,,,,4.8,29.6
Seletar Meteorological Station,S25,2020,11,21,71.0,,,,6.5,35.2
Seletar Meteorological Station,S25,2020,11,22,75.4,,,,4.6,55.6
Seletar Meteorological Station,S25,2020,11,23,27.4,,,,4.9,35.2
Seletar Meteorological Station,S25,2020,11,24,0.2,,,,4.8,20.4
Seletar Meteorological Station,S25,2020,11,25,0.0,,,,6.6,20.4
Seletar Meteorological Station,S25,2020,11,26,1.6,,,,5.6,20.4
Seletar Meteorological Station,S25,2020,11,27,0.0,,,,7.8,24.1
Seletar Meteorological Station,S25,2020,11,28,3.0,,,,5.1,38.9
Seletar Meteorological Station,S25,2020,11,29,0.0,,,,7.2,22.2
Seletar Meteorological Station,S25,2020,11,30,0.0,,,,6.5,27.8
