station,station_id,year,month,day,rainfall_mm,temp_mean_c,temp_max_c,temp_min_c,wind_mean_kmh,wind_max_kmh
Jurong Pier Road,S33,2013,1,1,2.0,,,,,
Jurong Pier Road,S33,2013,1,2,7.0,,,,,
Jurong Pier Road,S33,2013,1,3,1.2,,,,,
Jurong Pier Road,S33,2013,1,4,0.2,,,,,
Jurong Pier Road,S33,2013,1,5,0.0,,,,,
Jurong Pier Road,S33,2013,1,6,0.0,,,,,
Jurong Pier Road,S33,2013,1,7,0.0,,,,,
Jurong Pier Road,S33,2013,1,8,1.2,,,,,
Jurong Pier Road,S33,2013,1,9,1.0,,,,,
Jurong Pier Road,S33,2013,1,10,0.8,,,,,
Jurong Pier Road,S33,2013,1,11,32.8,,,,,
Jurong Pier Road,S33,2013,1,12,0.0,,,,,
Jurong Pier Road,S33,2013,1,13,0.0,,,,,
Jurong Pier Road,S33,2013,1,14,33.4,,,,,
Jurong Pier Road,S33,2013,1,15,0.4,,,,,
Jurong Pier Road,S33,2013,1,16,0.0,,,,,
Jurong Pier Road,S33,2013,1,17,0.0,,,,,
Jurong Pier Road,S33,2013,1,18,45.4,,,,,
Jurong Pier Road,S33,2013,1,19,16.2,,,,,
Jurong Pier Road,S33,2013,1,20,7.0,,,,,
Jurong Pier Road,S33,2013,1,21,0.6,,,,,
Jurong Pier Road,S33,2013,1,22,0.6,,,,,
Jurong Pier Road,S33,2013,1,23,0.0,,,,,
Jurong Pier Road,S33,2013,1,24,3.6,,,,,
Jurong Pier Road,S33,2013,1,25,0.2,,,,,
Jurong Pier Road,S33,2013,1,26,0.0,,,,,
Jurong Pier Road,S33,2013,1,27,1.8,,,,,
Jurong Pier Road,S33,2013,1,28,0.0,,,,,
Jurong Pier Road,S33,2013,1,29,0.0,,,,,
Jurong Pier Road,S33,2013,1,30,0.0,,,,,
Jurong Pier Road,S33,2013,1,31,0.0,,,,,
Jurong Pier Road,S33,2013,2,1,2.6,,,,,
Jurong Pier Road,S33,2013,2,2,0.0,,,,,
Jurong Pier Road,S33,2013,2,3,38.8,,,,,
Jurong Pier Road,S33,2013,2,4,0.2,,,,,
Jurong Pier Road,S33,2013,2,5,72.8,,,,,
Jurong Pier Road,S33,2013,2,6,84.2,,,,,
Jurong Pier Road,S33,2013,2,7,18.6,,,,,
Jurong Pier Road,S33,2013,2,8,46.2,,,,,
Jurong Pier Road,S33,2013,2,9,6.8,,,,,
Jurong Pier Road,S33,2013,2,10,37.0,,,,,
Jurong Pier Road,S33,2013,2,11,3.6,,,,,
Jurong Pier Road,S33,2013,2,12,2.2,,,,,
Jurong Pier Road,S33,2013,2,13,1.2,,,,,
Jurong Pier Road,S33,2013,2,14,21.0,,,,,
Jurong Pier Road,S33,2013,2,15,12.2,,,,,
Jurong Pier Road,S33,2013,2,16,8.4,,,,,
Jurong Pier Road,S33,2013,2,17,3.0,,,,,
Jurong Pier Road,S33,2013,2,18,10.2,,,,,
Jurong Pier Road,S33,2013,2,19,3.4,,,,,
Jurong Pier Road,S33,2013,2,20,3.0,,,,,
Jurong Pier Road,S33,2013,2,21,0.0,,,,,
Jurong Pier Road,S33,2013,2,22,0.0,,,,,
Jurong Pier Road,S33,2013,2,23,0.0,,,,,
Jurong Pier Road,S33,2013,2,24,0.0,,,,,
Jurong Pier Road,S33,2013,2,25,0.8,,,,,
Jurong Pier Road,S33,2013,2,26,7.0,,,,,
Jurong Pier Road,S33,2013,2,27,17.6,,,,,
Jurong Pier Road,S33,2013,2,28,0.0,,,,,
Jurong Pier Road,S33,2013,3,1,0.0,,,,,
Jurong Pier Road,S33,2013,3,2,0.2,,,,,
Jurong Pier Road,S33,2013,3,3,0.0,,,,,
Jurong Pier Road,S33,2013,3,4,0.0,,,,,
Jurong Pier Road,S33,2013,3,5,1.4,,,,,
Jurong Pier Road,S33,2013,3,6,0.0,,,,,
Jurong Pier Road,S33,2013,3,7,0.8,,,,,
Jurong Pier Road,S33,2013,3,8,14.0,,,,,
Jurong Pier Road,S33,2013,3,9,47.2,,,,,
Jurong Pier Road,S33,2013,3,10,9.8,,,,,
Jurong Pier Road,S33,2013,3,11,6.0,,,,,
Jurong Pier Road,S33,2013,3,12,0.0,,,,,
Jurong Pier Road,S33,2013,3,13,0.8,,,,,
Jurong Pier Road,S33,2013,3,14,15.0,,,,,
Jurong Pier Road,S33,2013,3,15,0.0,,,,,
Jurong Pier Road,S33,2013,3,16,0.0,,,,,
Jurong Pier Road,S33,2013,3,17,20.0,,,,,
Jurong Pier Road,S33,2013,3,18,3.0,,,,,
Jurong Pier Road,S33,2013,3,19,0.0,,,,,
Jurong Pier Road,S33,2013,3,20,0.0,,,,,
Jurong Pier Road,S33,2013,3,21,0.0,,,,,
Jurong Pier Road,S33,2013,3,22,0.0,,,,,
Jurong Pier Road,S33,2013,3,23,0.2,,,,,
Jurong Pier Road,S33,2013,3,24,10.6,,,,,
Jurong Pier Road,S33,2013,3,25,10.2,,,,,
Jurong Pier Road,S33,2013,3,26,0.0,,,,,
Jurong Pier Road,S33,2013,3,27,27.8,,,,,
Jurong Pier Road,S33,2013,3,28,5.0,,,,,
Jurong Pier Road,S33,2013,3,29,2.2,,,,,
Jurong Pier Road,S33,2013,3,30,12.0,,,,,
Jurong Pier Road,S33,2013,3,31,7.4,,,,,
Jurong Pier Road,S33,2013,4,1,13.6,,,,,
Jurong Pier Road,S33,2013,4,2,41.6,,,,,
Jurong Pier Road,S33,2013,4,3,5.8,,,,,
Jurong Pier Road,S33,2013,4,4,1.6,,,,,
Jurong Pier Road,S33,2013,4,5,6.0,,,,,
Jurong Pier Road,S33,2013,4,6,9.8,,,,,
Jurong Pier Road,S33,2013,4,7,0.0,,,,,
Jurong Pier Road,S33,2013,4,8,3.8,,,,,
Jurong Pier Road,S33,2013,4,9,2.4,,,,,
Jurong Pier Road,S33,2013,4,10,0.0,,,,,
Jurong Pier Road,S33,2013,4,11,0.0,,,,,
Jurong Pier Road,S33,2013,4,12,0.0,,,,,
Jurong Pier Road,S33,2013,4,13,4.2,,,,,
Jurong Pier Road,S33,2013,4,14,0.0,,,,,
Jurong Pier Road,S33,2013,4,15,0.0,,,,,
Jurong Pier Road,S33,2013,4,16,20.0,,,,,
Jurong Pier Road,S33,2013,4,17,1.0,,,,,
Jurong Pier Road,S33,2013,4,18,1.0,,,,,
Jurong Pier Road,S33,2013,4,19,10.6,,,,,
Jurong Pier Road,S33,2013,4,20,0.2,,,,,
Jurong Pier Road,S33,2013,4,21,9.0,,,,,
Jurong Pier Road,S33,2013,4,22,0.0,,,,,
Jurong Pier Road,S33,2013,4,23,23.2,,,,,
Jurong Pier Road,S33,2013,4,24,0.2,,,,,
Jurong Pier Road,S33,2013,4,25,42.6,,,,,
Jurong Pier Road,S33,2013,4,26,0.4,,,,,
Jurong Pier Road,S33,2013,4,27,11.6,,,,,
Jurong Pier Road,S33,2013,4,28,1.4,,,,,
Jurong Pier Road,S33,2013,4,29,0.0,,,,,
Jurong Pier Road,S33,2013,4,30,0.0,,,,,
Jurong Pier Road,S33,2013,5,1,0.0,,,,,
Jurong Pier Road,S33,2013,5,2,12.4,,,,,
Jurong Pier Road,S33,2013,5,3,20.2,,,,,
Jurong Pier Road,S33,2013,5,4,0.0,,,,,
Jurong Pier Road,S33,2013,5,5,2.4,,,,,
Jurong Pier Road,S33,2013,5,6,0.0,,,,,
Jurong Pier Road,S33,2013,5,7,11.4,,,,,
Jurong Pier Road,S33,2013,5,8,0.0,,,,,
Jurong Pier Road,S33,2013,5,9,0.2,,,,,
Jurong Pier Road,S33,2013,5,10,0.6,,,,,
Jurong Pier Road,S33,2013,5,11,0.0,,,,,
Jurong Pier Road,S33,2013,5,12,0.0,,,,,
Jurong Pier Road,S33,2013,5,13,0.0,,,,,
Jurong Pier Road,S33,2013,5,14,0.0,,,,,
Jurong Pier Road,S33,2013,5,15,39.6,,,,,
Jurong Pier Road,S33,2013,5,16,3.4,,,,,
Jurong Pier Road,S33,2013,5,17,0.0,,,,,
Jurong Pier Road,S33,2013,5,18,0.0,,,,,
Jurong Pier Road,S33,2013,5,19,0.0,,,,,
Jurong Pier Road,S33,2013,5,20,7.6,,,,,
Jurong Pier Road,S33,2013,5,21,0.0,,,,,
Jurong Pier Road,S33,2013,5,22,0.0,,,,,
Jurong Pier Road,S33,2013,5,23,7.6,,,,,
Jurong Pier Road,S33,2013,5,24,32.0,,,,,
Jurong Pier Road,S33,2013,5,25,0.0,,,,,
Jurong Pier Road,S33,2013,5,26,1.0,,,,,
Jurong Pier Road,S33,2013,5,27,0.0,,,,,
Jurong Pier Road,S33,2013,5,28,0.0,,,,,
Jurong Pier Road,S33,2013,5,29,0.4,,,,,
Jurong Pier Road,S33,2013,5,30,0.0,,,,,
Jurong Pier Road,S33,2013,5,31,0.0,,,,,
Jurong Pier Road,S33,2013,6,1,0.2,,,,,
Jurong Pier Road,S33,2013,6,2,0.0,,,,,
Jurong Pier Road,S33,2013,6,3,0.0,,,,,
Jurong Pier Road,S33,2013,6,4,0.0,,,,,
Jurong Pier Road,S33,2013,6,5,17.6,,,,,
Jurong Pier Road,S33,2013,6,6,0.2,,,,,
Jurong Pier Road,S33,2013,6,7,2.4,,,,,
Jurong Pier Road,S33,2013,6,8,9.8,,,,,
Jurong Pier Road,S33,2013,6,9,9.2,,,,,
Jurong Pier Road,S33,2013,6,10,0.8,,,,,
Jurong Pier Road,S33,2013,6,11,0.0,,,,,
Jurong Pier Road,S33,2013,6,12,0.0,,,,,
Jurong Pier Road,S33,2013,6,13,0.0,,,,,
Jurong Pier Road,S33,2013,6,14,0.0,,,,,
Jurong Pier Road,S33,2013,6,15,0.0,,,,,
Jurong Pier Road,S33,2013,6,16,2.0,,,,,
Jurong Pier Road,S33,2013,6,17,0.0,,,,,
Jurong Pier Road,S33,2013,6,18,0.0,,,,,
Jurong Pier Road,S33,2013,6,19,0.0,,,,,
Jurong Pier Road,S33,2013,6,20,0.0,,,,,
Jurong Pier Road,S33,2013,6,21,0.0,,,,,
Jurong Pier Road,S33,2013,6,22,0.0,,,,,
Jurong Pier Road,S33,2013,6,23,0.0,,,,,
Jurong Pier Road,S33,2013,6,24,0.0,,,,,
Jurong Pier Road,S33,2013,6,25,16.8,,,,,
Jurong Pier Road,S33,2013,6,26,23.2,,,,,
Jurong Pier Road,S33,2013,6,27,0.0,,,,,
Jurong Pier Road,S33,2013,6,28,0.4,,,,,
Jurong Pier Road,S33,2013,6,29,22.4,,,,,
Jurong Pier Road,S33,2013,6,30,0.4,,,,,
Jurong Pier Road,S33,2013,7,1,0.0,,,,,
Jurong Pier Road,S33,2013,7,2,0.0,,,,,
Jurong Pier Road,S33,2013,7,3,0.0,,,,,
Jurong Pier Road,S33,2013,7,4,7.0,,,,,
Jurong Pier Road,S33,2013,7,5,0.0,,,,,
Jurong Pier Road,S33,2013,7,6,0.0,,,,,
Jurong Pier Road,S33,2013,7,7,0.0,,,,,
Jurong Pier Road,S33,2013,7,8,78.8,,,,,
Jurong Pier Road,S33,2013,7,9,2.2,,,,,
Jurong Pier Road,S33,2013,7,10,0.0,,,,,
Jurong Pier Road,S33,2013,7,11,25.8,,,,,
Jurong Pier Road,S33,2013,7,12,0.0,,,,,
Jurong Pier Road,S33,2013,7,13,2.2,,,,,
Jurong Pier Road,S33,2013,7,14,8.4,,,,,
Jurong Pier Road,S33,2013,7,15,0.0,,,,,
Jurong Pier Road,S33,2013,7,16,0.4,,,,,
Jurong Pier Road,S33,2013,7,17,0.4,,,,,
Jurong Pier Road,S33,2013,7,18,0.6,,,,,
Jurong Pier Road,S33,2013,7,19,0.0,,,,,
Jurong Pier Road,S33,2013,7,20,0.0,,,,,
Jurong Pier Road,S33,2013,7,21,0.0,,,,,
Jurong Pier Road,S33,2013,7,22,0.0,,,,,
Jurong Pier Road,S33,2013,7,23,0.0,,,,,
Jurong Pier Road,S33,2013,7,24,0.0,,,,,
Jurong Pier Road,S33,2013,7,25,0.0,,,,,
Jurong Pier Road,S33,2013,7,26,0.2,,,,,
Jurong Pier Road,S33,2013,7,27,1.4,,,,,
Jurong Pier Road,S33,2013,7,28,17.4,,,,,
Jurong Pier Road,S33,2013,7,29,1.2,,,,,
Jurong Pier Road,S33,2013,7,30,0.0,,,,,
Jurong Pier Road,S33,2013,7,31,7.2,,,,,
Jurong Pier Road,S33,2013,8,1,0.6,,,,,
Jurong Pier Road,S33,2013,8,2,0.0,,,,,
Jurong Pier Road,S33,2013,8,3,0.0,,,,,
Jurong Pier Road,S33,2013,8,4,16.6,,,,,
Jurong Pier Road,S33,2013,8,5,44.8,,,,,
Jurong Pier Road,S33,2013,8,6,1.4,,,,,
Jurong Pier Road,S33,2013,8,7,20.2,,,,,
Jurong Pier Road,S33,2013,8,8,0.4,,,,,
Jurong Pier Road,S33,2013,8,9,0.4,,,,,
Jurong Pier Road,S33,2013,8,10,16.4,,,,,
Jurong Pier Road,S33,2013,8,11,6.2,,,,,
Jurong Pier Road,S33,2013,8,12,0.8,,,,,
Jurong Pier Road,S33,2013,8,13,1.0,,,,,
Jurong Pier Road,S33,2013,8,14,10.8,,,,,
Jurong Pier Road,S33,2013,8,15,0.0,,,,,
Jurong Pier Road,S33,2013,8,16,0.0,,,,,
Jurong Pier Road,S33,2013,8,17,1.0,,,,,
Jurong Pier Road,S33,2013,8,18,0.0,,,,,
Jurong Pier Road,S33,2013,8,19,0.0,,,,,
Jurong Pier Road,S33,2013,8,20,0.0,,,,,
Jurong Pier Road,S33,2013,8,21,0.0,,,,,
Jurong Pier Road,S33,2013,8,22,1.0,,,,,
Jurong Pier Road,S33,2013,8,23,0.0,,,,,
Jurong Pier Road,S33,2013,8,24,0.0,,,,,
Jurong Pier Road,S33,2013,8,25,0.0,,,,,
Jurong Pier Road,S33,2013,8,26,0.0,,,,,
Jurong Pier Road,S33,2013,8,27,0.0,,,,,
Jurong Pier Road,S33,2013,8,28,12.6,,,,,
Jurong Pier Road,S33,2013,8,29,0.0,,,,,
Jurong Pier Road,S33,2013,8,30,0.0,,,,,
Jurong Pier Road,S33,2013,8,31,6.8,,,,,
Jurong Pier Road,S33,2013,9,1,2.0,,,,,
Jurong Pier Road,S33,2013,9,2,21.2,,,,,
Jurong Pier Road,S33,2013,9,3,33.6,,,,,
Jurong Pier Road,S33,2013,9,4,24.8,,,,,
Jurong Pier Road,S33,2013,9,5,22.0,,,,,
Jurong Pier Road,S33,2013,9,6,19.4,,,,,
Jurong Pier Road,S33,2013,9,7,26.4,,,,,
Jurong Pier Road,S33,2013,9,8,2.0,,,,,
Jurong Pier Road,S33,2013,9,9,23.0,,,,,
Jurong Pier Road,S33,2013,9,10,28.4,,,,,
Jurong Pier Road,S33,2013,9,11,1.0,,,,,
Jurong Pier Road,S33,2013,9,12,0.0,,,,,
Jurong Pier Road,S33,2013,9,13,0.0,,,,,
Jurong Pier Road,S33,2013,9,14,0.0,,,,,
Jurong Pier Road,S33,2013,9,15,35.8,,,,,
Jurong Pier Road,S33,2013,9,16,0.0,,,,,
Jurong Pier Road,S33,2013,9,17,0.4,,,,,
Jurong Pier Road,S33,2013,9,18,0.0,,,,,
Jurong Pier Road,S33,2013,9,19,0.0,,,,,
Jurong Pier Road,S33,2013,9,20,0.0,,,,,
Jurong Pier Road,S33,2013,9,21,0.0,,,,,
Jurong Pier Road,S33,2013,9,22,0.0,,,,,
Jurong Pier Road,S33,2013,9,23,0.0,,,,,
Jurong Pier Road,S33,2013,9,24,0.0,,,,,
Jurong Pier Road,S33,2013,9,25,40.8,,,,,
Jurong Pier Road,S33,2013,9,26,20.4,,,,,
Jurong Pier Road,S33,2013,9,27,0.0,,,,,
Jurong Pier Road,S33,2013,9,28,15.0,,,,,
Jurong Pier Road,S33,2013,9,29,4.8,,,,,
Jurong Pier Road,S33,2013,9,30,0.0,,,,,
Jurong Pier Road,S33,2013,10,1,27.8,,,,,
Jurong Pier Road,S33,2013,10,2,1.4,,,,,
Jurong Pier Road,S33,2013,10,3,0.0,,,,,
Jurong Pier Road,S33,2013,10,4,7.6,,,,,
Jurong Pier Road,S33,2013,10,5,9.2,,,,,
Jurong Pier Road,S33,2013,10,6,25.4,,,,,
Jurong Pier Road,S33,2013,10,7,0.2,,,,,
Jurong Pier Road,S33,2013,10,8,42.2,,,,,
Jurong Pier Road,S33,2013,10,9,0.0,,,,,
Jurong Pier Road,S33,2013,10,10,19.4,,,,,
Jurong Pier Road,S33,2013,10,11,36.0,,,,,
Jurong Pier Road,S33,2013,10,12,0.0,,,,,
Jurong Pier Road,S33,2013,10,13,0.0,,,,,
Jurong Pier Road,S33,2013,10,14,5.2,,,,,
Jurong Pier Road,S33,2013,10,15,4.0,,,,,
Jurong Pier Road,S33,2013,10,16,0.0,,,,,
Jurong Pier Road,S33,2013,10,17,0.0,,,,,
Jurong Pier Road,S33,2013,10,18,17.6,,,,,
Jurong Pier Road,S33,2013,10,19,12.4,,,,,
Jurong Pier Road,S33,2013,10,20,1.2,,,,,
Jurong Pier Road,S33,2013,10,21,9.8,,,,,
Jurong Pier Road,S33,2013,10,22,0.0,,,,,
Jurong Pier Road,S33,2013,10,23,0.0,,,,,
Jurong Pier Road,S33,2013,10,24,0.0,,,,,
Jurong Pier Road,S33,2013,10,25,0.0,,,,,
Jurong Pier Road,S33,2013,10,26,25.0,,,,,
Jurong Pier Road,S33,2013,10,27,1.6,,,,,
Jurong Pier Road,S33,2013,10,28,1.0,,,,,
Jurong Pier Road,S33,2013,10,29,10.2,,,,,
Jurong Pier Road,S33,2013,10,30,13.0,,,,,
Jurong Pier Road,S33,2013,10,31,24.0,,,,,
Jurong Pier Road,S33,2013,11,1,0.2,,,,,
Jurong Pier Road,S33,2013,11,2,18.2,,,,,
Jurong Pier Road,S33,2013,11,3,5.6,,,,,
Jurong Pier Road,S33,2013,11,4,38.2,,,,,
Jurong Pier Road,S33,2013,11,5,25.6,,,,,
Jurong Pier Road,S33,2013,11,6,0.2,,,,,
Jurong Pier Road,S33,2013,11,7,0.0,,,,,
Jurong Pier Road,S33,2013,11,8,0.0,,,,,
Jurong Pier Road,S33,2013,11,9,31.4,,,,,
Jurong Pier Road,S33,2013,11,10,4.6,,,,,
Jurong Pier Road,S33,2013,11,11,33.6,,,,,
Jurong Pier Road,S33,2013,11,12,2.8,,,,,
Jurong Pier Road,S33,2013,11,13,69.6,,,,,
Jurong Pier Road,S33,2013,11,14,0.2,,,,,
Jurong Pier Road,S33,2013,11,15,0.8,,,,,
Jurong Pier Road,S33,2013,11,16,2.8,,,,,
Jurong Pier Road,S33,2013,11,17,0.6,,,,,
Jurong Pier Road,S33,2013,11,18,4.8,,,,,
Jurong Pier Road,S33,2013,11,19,18.8,,,,,
Jurong Pier Road,S33,2013,11,20,2.0,,,,,
Jurong Pier Road,S33,2013,11,21,3.8,,,,,
Jurong Pier Road,S33,2013,11,22,25.0,,,,,
Jurong Pier Road,S33,2013,11,23,0.4,,,,,
Jurong Pier Road,S33,2013,11,24,0.0,,,,,
Jurong Pier Road,S33,2013,11,25,1.6,,,,,
Jurong Pier Road,S33,2013,11,26,7.0,,,,,
Jurong Pier Road,S33,2013,11,27,1.8,,,,,
Jurong Pier Road,S33,2013,11,28,0.0,,,,,
Jurong Pier Road,S33,2013,11,29,23.6,,,,,
Jurong Pier Road,S33,2013,11,30,72.6,,,,,
Jurong Pier Road,S33,2013,12,1,14.0,,,,,
Jurong Pier Road,S33,2013,12,2,4.6,,,,,
Jurong Pier Road,S33,2013,12,3,39.2,,,,,
Jurong Pier Road,S33,2013,12,4,0.2,,,,,
Jurong Pier Road,S33,2013,12,5,0.0,,,,,
Jurong Pier Road,S33,2013,12,6,26.6,,,,,
Jurong Pier Road,S33,2013,12,7,0.0,,,,,
Jurong Pier Road,S33,2013,12,8,16.4,,,,,
Jurong Pier Road,S33,2013,12,9,0.0,,,,,
Jurong Pier Road,S33,2013,12,10,9.8,,,,,
Jurong Pier Road,S33,2013,12,11,0.8,,,,,
Jurong Pier Road,S33,2013,12,12,5.0,,,,,
Jurong Pier Road,S33,2013,12,13,22.0,,,,,
Jurong Pier Road,S33,2013,12,14,6.0,,,,,
Jurong Pier Road,S33,2013,12,15,0.0,,,,,
Jurong Pier Road,S33,2013,12,16,0.0,,,,,
Jurong Pier Road,S33,2013,12,17,0.0,,,,,
Jurong Pier Road,S33,2013,12,18,29.0,,,,,
Jurong Pier Road,S33,2013,12,19,2.8,,,,,
Jurong Pier Road,S33,2013,12,20,18.6,,,,,
Jurong Pier Road,S33,2013,12,21,0.2,,,,,
Jurong Pier Road,S33,2013,12,22,0.2,,,,,
Jurong Pier Road,S33,2013,12,23,0.4,,,,,
Jurong Pier Road,S33,2013,12,24,0.0,,,,,
Jurong Pier Road,S33,2013,12,25,0.0,,,,,
Jurong Pier Road,S33,2013,12,26,0.6,,,,,
Jurong Pier Road,S33,2013,12,27,0.8,,,,,
Jurong Pier Road,S33,2013,12,28,0.8,,,,,
Jurong Pier Road,S33,2013,12,29,0.2,,,,,
Jurong Pier Road,S33,2013,12,30,4.4,,,,,
Jurong Pier Road,S33,2013,12,31,0.0,,,,,
Jurong Pier Road,S33,2014,1,1,0.0,,,,,
Jurong Pier Road,S33,2014,1,2,0.0,,,,,
Jurong Pier Road,S33,2014,1,3,0.0,,,,,
Jurong Pier Road,S33,2014,1,4,10.2,,,,,
Jurong Pier Road,S33,2014,1,5,1.6,,,,,
Jurong Pier Road,S33,2014,1,6,48.6,,,,,
Jurong Pier Road,S33,2014,1,7,2.8,,,,,
Jurong Pier Road,S33,2014,1,8,0.0,,,,,
Jurong Pier Road,S33,2014,1,9,0.0,,,,,
Jurong Pier Road,S33,2014,1,10,0.0,,,,,
Jurong Pier Road,S33,2014,1,11,7.0,,,,,
Jurong Pier Road,S33,2014,1,12,6.4,,,,,
Jurong Pier Road,S33,2014,1,13,0.0,,,,,
Jurong Pier Road,S33,2014,1,14,0.0,,,,,
Jurong Pier Road,S33,2014,1,15,0.0,,,,,
Jurong Pier Road,S33,2014,1,16,0.0,,,,,
Jurong Pier Road,S33,2014,1,17,0.0,,,,,
Jurong Pier Road,S33,2014,1,18,0.0,,,,,
Jurong Pier Road,S33,2014,1,19,0.0,,,,,
Jurong Pier Road,S33,2014,1,20,0.0,,,,,
Jurong Pier Road,S33,2014,1,21,0.0,,,,,
Jurong Pier Road,S33,2014,1,22,0.0,,,,,
Jurong Pier Road,S33,2014,1,23,0.0,,,,,
Jurong Pier Road,S33,2014,1,24,0.0,,,,,
Jurong Pier Road,S33,2014,1,25,0.0,,,,,
Jurong Pier Road,S33,2014,1,26,0.0,,,,,
Jurong Pier Road,S33,2014,1,27,0.0,,,,,
Jurong Pier Road,S33,2014,1,28,0.0,,,,,
Jurong Pier Road,S33,2014,1,29,0.0,,,,,
Jurong Pier Road,S33,2014,1,30,0.0,,,,,
Jurong Pier Road,S33,2014,1,31,0.0,,,,,
Jurong Pier Road,S33,2014,2,1,0.0,,,,,
Jurong Pier Road,S33,2014,2,2,0.0,,,,,
Jurong Pier Road,S33,2014,2,3,0.0,,,,,
Jurong Pier Road,S33,2014,2,4,0.0,,,,,
Jurong Pier Road,S33,2014,2,5,0.0,,,,,
Jurong Pier Road,S33,2014,2,6,0.0,,,,,
Jurong Pier Road,S33,2014,2,7,0.0,,,,,
Jurong Pier Road,S33,2014,2,8,0.0,,,,,
Jurong Pier Road,S33,2014,2,9,0.0,,,,,
Jurong Pier Road,S33,2014,2,10,0.0,,,,,
Jurong Pier Road,S33,2014,2,11,0.0,,,,,
Jurong Pier Road,S33,2014,2,12,0.0,,,,,
Jurong Pier Road,S33,2014,2,13,1.2,,,,,
Jurong Pier Road,S33,2014,2,14,9.6,,,,,
Jurong Pier Road,S33,2014,2,15,0.0,,,,,
Jurong Pier Road,S33,2014,2,16,17.8,,,,,
Jurong Pier Road,S33,2014,2,17,0.0,,,,,
Jurong Pier Road,S33,2014,2,18,0.0,,,,,
Jurong Pier Road,S33,2014,2,19,0.0,,,,,
Jurong Pier Road,S33,2014,2,20,0.0,,,,,
Jurong Pier Road,S33,2014,2,21,0.0,,,,,
Jurong Pier Road,S33,2014,2,22,0.0,,,,,
Jurong Pier Road,S33,2014,2,23,0.0,,,,,
Jurong Pier Road,S33,2014,2,24,0.0,,,,,
Jurong Pier Road,S33,2014,2,25,0.0,,,,,
Jurong Pier Road,S33,2014,2,26,0.0,,,,,
Jurong Pier Road,S33,2014,2,27,0.0,,,,,
Jurong Pier Road,S33,2014,2,28,0.0,,,,,
Jurong Pier Road,S33,2014,3,1,0.0,,,,,
Jurong Pier Road,S33,2014,3,2,0.0,,,,,
Jurong Pier Road,S33,2014,3,3,2.0,,,,,
Jurong Pier Road,S33,2014,3,4,0.0,,,,,
Jurong Pier Road,S33,2014,3,5,0.0,,,,,
Jurong Pier Road,S33,2014,3,6,0.0,,,,,
Jurong Pier Road,S33,2014,3,7,0.0,,,,,
Jurong Pier Road,S33,2014,3,8,0.0,,,,,
Jurong Pier Road,S33,2014,3,9,0.0,,,,,
Jurong Pier Road,S33,2014,3,10,0.0,,,,,
Jurong Pier Road,S33,2014,3,11,0.0,,,,,
Jurong Pier Road,S33,2014,3,12,0.0,,,,,
Jurong Pier Road,S33,2014,3,13,0.0,,,,,
Jurong Pier Road,S33,2014,3,14,0.0,,,,,
Jurong Pier Road,S33,2014,3,15,0.0,,,,,
Jurong Pier Road,S33,2014,3,16,27.5,,,,,
Jurong Pier Road,S33,2014,3,17,19.0,,,,,
Jurong Pier Road,S33,2014,3,18,26.0,,,,,
Jurong Pier Road,S33,2014,3,19,0.8,,,,,
Jurong Pier Road,S33,2014,3,20,2.8,,,,,
Jurong Pier Road,S33,2014,3,21,1.4,,,,,
Jurong Pier Road,S33,2014,3,22,0.0,,,,,
Jurong Pier Road,S33,2014,3,23,0.0,,,,,
Jurong Pier Road,S33,2014,3,24,0.0,,,,,
Jurong Pier Road,S33,2014,3,25,0.0,,,,,
Jurong Pier Road,S33,2014,3,26,0.4,,,,,
Jurong Pier Road,S33,2014,3,27,1.4,,,,,
Jurong Pier Road,S33,2014,3,28,0.0,,,,,
Jurong Pier Road,S33,2014,3,29,0.0,,,,,
Jurong Pier Road,S33,2014,3,30,0.0,,,,,
Jurong Pier Road,S33,2014,3,31,0.4,,,,,
Jurong Pier Road,S33,2014,4,1,3.8,,,,,
Jurong Pier Road,S33,2014,4,2,0.0,,,,,
Jurong Pier Road,S33,2014,4,3,0.0,,,,,
Jurong Pier Road,S33,2014,4,4,2.8,,,,,
Jurong Pier Road,S33,2014,4,5,17.0,,,,,
Jurong Pier Road,S33,2014,4,6,0.2,,,,,
Jurong Pier Road,S33,2014,4,7,3.6,,,,,
Jurong Pier Road,S33,2014,4,8,1.0,,,,,
Jurong Pier Road,S33,2014,4,9,0.0,,,,,
Jurong Pier Road,S33,2014,4,10,0.0,,,,,
Jurong Pier Road,S33,2014,4,11,0.4,,,,,
Jurong Pier Road,S33,2014,4,12,1.6,,,,,
Jurong Pier Road,S33,2014,4,13,2.8,,,,,
Jurong Pier Road,S33,2014,4,14,1.4,,,,,
Jurong Pier Road,S33,2014,4,15,4.4,,,,,
Jurong Pier Road,S33,2014,4,16,0.0,,,,,
Jurong Pier Road,S33,2014,4,17,3.6,,,,,
Jurong Pier Road,S33,2014,4,18,24.2,,,,,
Jurong Pier Road,S33,2014,4,19,0.0,,,,,
Jurong Pier Road,S33,2014,4,20,0.0,,,,,
Jurong Pier Road,S33,2014,4,21,3.0,,,,,
Jurong Pier Road,S33,2014,4,22,0.4,,,,,
Jurong Pier Road,S33,2014,4,23,62.8,,,,,
Jurong Pier Road,S33,2014,4,24,0.0,,,,,
Jurong Pier Road,S33,2014,4,25,9.8,,,,,
Jurong Pier Road,S33,2014,4,26,0.0,,,,,
Jurong Pier Road,S33,2014,4,27,25.0,,,,,
Jurong Pier Road,S33,2014,4,28,11.4,,,,,
Jurong Pier Road,S33,2014,4,29,4.2,,,,,
Jurong Pier Road,S33,2014,4,30,1.8,,,,,
Jurong Pier Road,S33,2014,5,1,20.2,,,,,
Jurong Pier Road,S33,2014,5,2,16.4,,,,,
Jurong Pier Road,S33,2014,5,3,0.0,,,,,
Jurong Pier Road,S33,2014,5,4,28.0,,,,,
Jurong Pier Road,S33,2014,5,5,5.2,,,,,
Jurong Pier Road,S33,2014,5,6,1.8,,,,,
Jurong Pier Road,S33,2014,5,7,15.0,,,,,
Jurong Pier Road,S33,2014,5,8,0.0,,,,,
Jurong Pier Road,S33,2014,5,9,0.2,,,,,
Jurong Pier Road,S33,2014,5,10,0.2,,,,,
Jurong Pier Road,S33,2014,5,11,4.6,,,,,
Jurong Pier Road,S33,2014,5,12,0.0,,,,,
Jurong Pier Road,S33,2014,5,13,0.0,,,,,
Jurong Pier Road,S33,2014,5,14,66.0,,,,,
Jurong Pier Road,S33,2014,5,15,0.0,,,,,
Jurong Pier Road,S33,2014,5,16,51.6,,,,,
Jurong Pier Road,S33,2014,5,17,11.2,,,,,
Jurong Pier Road,S33,2014,5,18,60.6,,,,,
Jurong Pier Road,S33,2014,5,19,22.2,,,,,
Jurong Pier Road,S33,2014,5,20,5.0,,,,,
Jurong Pier Road,S33,2014,5,21,0.2,,,,,
Jurong Pier Road,S33,2014,5,22,0.0,,,,,
Jurong Pier Road,S33,2014,5,23,39.0,,,,,
Jurong Pier Road,S33,2014,5,24,0.0,,,,,
Jurong Pier Road,S33,2014,5,25,0.0,,,,,
Jurong Pier Road,S33,2014,5,26,0.0,,,,,
Jurong Pier Road,S33,2014,5,27,0.6,,,,,
Jurong Pier Road,S33,2014,5,28,0.2,,,,,
Jurong Pier Road,S33,2014,5,29,9.0,,,,,
Jurong Pier Road,S33,2014,5,30,4.6,,,,,
Jurong Pier Road,S33,2014,5,31,1.6,,,,,
Jurong Pier Road,S33,2014,6,1,17.6,,,,,
Jurong Pier Road,S33,2014,6,2,0.0,,,,,
Jurong Pier Road,S33,2014,6,3,0.0,,,,,
Jurong Pier Road,S33,2014,6,4,7.4,,,,,
Jurong Pier Road,S33,2014,6,5,13.6,,,,,
Jurong Pier Road,S33,2014,6,6,25.6,,,,,
Jurong Pier Road,S33,2014,6,7,0.0,,,,,
Jurong Pier Road,S33,2014,6,8,0.0,,,,,
Jurong Pier Road,S33,2014,6,9,0.0,,,,,
Jurong Pier Road,S33,2014,6,10,0.6,,,,,
Jurong Pier Road,S33,2014,6,11,0.2,,,,,
Jurong Pier Road,S33,2014,6,12,21.6,,,,,
Jurong Pier Road,S33,2014,6,13,0.0,,,,,
Jurong Pier Road,S33,2014,6,14,11.2,,,,,
Jurong Pier Road,S33,2014,6,15,0.4,,,,,
Jurong Pier Road,S33,2014,6,16,0.0,,,,,
Jurong Pier Road,S33,2014,6,17,0.0,,,,,
Jurong Pier Road,S33,2014,6,18,12.0,,,,,
Jurong Pier Road,S33,2014,6,19,10.6,,,,,
Jurong Pier Road,S33,2014,6,20,0.0,,,,,
Jurong Pier Road,S33,2014,6,21,0.0,,,,,
Jurong Pier Road,S33,2014,6,22,2.8,,,,,
Jurong Pier Road,S33,2014,6,23,0.0,,,,,
Jurong Pier Road,S33,2014,6,24,7.6,,,,,
Jurong Pier Road,S33,2014,6,25,7.8,,,,,
Jurong Pier Road,S33,2014,6,26,0.4,,,,,
Jurong Pier Road,S33,2014,6,27,0.6,,,,,
Jurong Pier Road,S33,2014,6,28,0.0,,,,,
Jurong Pier Road,S33,2014,6,29,0.6,,,,,
Jurong Pier Road,S33,2014,6,30,36.6,,,,,
Jurong Pier Road,S33,2014,7,1,0.0,,,,,
Jurong Pier Road,S33,2014,7,2,0.0,,,,,
Jurong Pier Road,S33,2014,7,3,0.0,,,,,
Jurong Pier Road,S33,2014,7,4,0.0,,,,,
Jurong Pier Road,S33,2014,7,5,48.8,,,,,
Jurong Pier Road,S33,2014,7,6,0.0,,,,,
Jurong Pier Road,S33,2014,7,7,35.6,,,,,
Jurong Pier Road,S33,2014,7,8,21.4,,,,,
Jurong Pier Road,S33,2014,7,9,9.4,,,,,
Jurong Pier Road,S33,2014,7,10,0.6,,,,,
Jurong Pier Road,S33,2014,7,11,0.4,,,,,
Jurong Pier Road,S33,2014,7,12,0.4,,,,,
Jurong Pier Road,S33,2014,7,13,0.0,,,,,
Jurong Pier Road,S33,2014,7,14,0.0,,,,,
Jurong Pier Road,S33,2014,7,15,0.0,,,,,
Jurong Pier Road,S33,2014,7,16,0.0,,,,,
Jurong Pier Road,S33,2014,7,17,4.6,,,,,
Jurong Pier Road,S33,2014,7,18,0.0,,,,,
Jurong Pier Road,S33,2014,7,19,0.0,,,,,
Jurong Pier Road,S33,2014,7,20,0.0,,,,,
Jurong Pier Road,S33,2014,7,21,0.0,,,,,
Jurong Pier Road,S33,2014,7,22,0.0,,,,,
Jurong Pier Road,S33,2014,7,23,0.0,,,,,
Jurong Pier Road,S33,2014,7,24,0.0,,,,,
Jurong Pier Road,S33,2014,7,25,0.0,,,,,
Jurong Pier Road,S33,2014,7,26,0.0,,,,,
Jurong Pier Road,S33,2014,7,27,11.4,,,,,
Jurong Pier Road,S33,2014,7,28,0.0,,,,,
Jurong Pier Road,S33,2014,7,29,38.2,,,,,
Jurong Pier Road,S33,2014,7,30,5.6,,,,,
Jurong Pier Road,S33,2014,7,31,4.2,,,,,
Jurong Pier Road,S33,2014,8,1,3.4,,,,,
Jurong Pier Road,S33,2014,8,2,1.0,,,,,
Jurong Pier Road,S33,2014,8,3,13.0,,,,,
Jurong Pier Road,S33,2014,8,4,0.0,,,,,
Jurong Pier Road,S33,2014,8,5,16.6,,,,,
Jurong Pier Road,S33,2014,8,6,19.6,,,,,
Jurong Pier Road,S33,2014,8,7,0.4,,,,,
Jurong Pier Road,S33,2014,8,8,0.0,,,,,
Jurong Pier Road,S33,2014,8,9,0.0,,,,,
Jurong Pier Road,S33,2014,8,10,0.0,,,,,
Jurong Pier Road,S33,2014,8,11,2.2,,,,,
Jurong Pier Road,S33,2014,8,12,42.8,,,,,
Jurong Pier Road,S33,2014,8,13,0.4,,,,,
Jurong Pier Road,S33,2014,8,14,3.0,,,,,
Jurong Pier Road,S33,2014,8,15,10.2,,,,,
Jurong Pier Road,S33,2014,8,16,0.0,,,,,
Jurong Pier Road,S33,2014,8,17,0.0,,,,,
Jurong Pier Road,S33,2014,8,18,0.0,,,,,
Jurong Pier Road,S33,2014,8,19,16.4,,,,,
Jurong Pier Road,S33,2014,8,20,0.0,,,,,
Jurong Pier Road,S33,2014,8,21,13.2,,,,,
Jurong Pier Road,S33,2014,8,22,0.0,,,,,
Jurong Pier Road,S33,2014,8,23,7.2,,,,,
Jurong Pier Road,S33,2014,8,24,0.2,,,,,
Jurong Pier Road,S33,2014,8,25,6.6,,,,,
Jurong Pier Road,S33,2014,8,26,6.2,,,,,
Jurong Pier Road,S33,2014,8,27,18.4,,,,,
Jurong Pier Road,S33,2014,8,28,40.8,,,,,
Jurong Pier Road,S33,2014,8,29,14.6,,,,,
Jurong Pier Road,S33,2014,8,30,0.0,,,,,
Jurong Pier Road,S33,2014,8,31,0.0,,,,,
Jurong Pier Road,S33,2014,9,1,0.0,,,,,
Jurong Pier Road,S33,2014,9,2,0.0,,,,,
Jurong Pier Road,S33,2014,9,3,68.2,,,,,
Jurong Pier Road,S33,2014,9,4,0.0,,,,,
Jurong Pier Road,S33,2014,9,5,0.4,,,,,
Jurong Pier Road,S33,2014,9,6,0.6,,,,,
Jurong Pier Road,S33,2014,9,7,0.0,,,,,
Jurong Pier Road,S33,2014,9,8,0.0,,,,,
Jurong Pier Road,S33,2014,9,9,0.0,,,,,
Jurong Pier Road,S33,2014,9,10,0.0,,,,,
Jurong Pier Road,S33,2014,9,11,17.4,,,,,
Jurong Pier Road,S33,2014,9,12,0.0,,,,,
Jurong Pier Road,S33,2014,9,13,0.0,,,,,
Jurong Pier Road,S33,2014,9,14,0.0,,,,,
Jurong Pier Road,S33,2014,9,15,0.0,,,,,
Jurong Pier Road,S33,2014,9,16,0.0,,,,,
Jurong Pier Road,S33,2014,9,17,0.0,,,,,
Jurong Pier Road,S33,2014,9,18,0.0,,,,,
Jurong Pier Road,S33,2014,9,19,1.2,,,,,
Jurong Pier Road,S33,2014,9,20,10.0,,,,,
Jurong Pier Road,S33,2014,9,21,4.6,,,,,
Jurong Pier Road,S33,2014,9,22,0.0,,,,,
Jurong Pier Road,S33,2014,9,23,0.0,,,,,
Jurong Pier Road,S33,2014,9,24,4.4,,,,,
Jurong Pier Road,S33,2014,9,25,25.6,,,,,
Jurong Pier Road,S33,2014,9,26,0.0,,,,,
Jurong Pier Road,S33,2014,9,27,0.0,,,,,
Jurong Pier Road,S33,2014,9,28,0.0,,,,,
Jurong Pier Road,S33,2014,9,29,0.0,,,,,
Jurong Pier Road,S33,2014,9,30,0.0,,,,,
Jurong Pier Road,S33,2014,10,1,0.0,,,,,
Jurong Pier Road,S33,2014,10,2,0.0,,,,,
Jurong Pier Road,S33,2014,10,3,0.0,,,,,
Jurong Pier Road,S33,2014,10,4,80.0,,,,,
Jurong Pier Road,S33,2014,10,5,0.8,,,,,
Jurong Pier Road,S33,2014,10,6,0.0,,,,,
Jurong Pier Road,S33,2014,10,7,0.0,,,,,
Jurong Pier Road,S33,2014,10,8,0.0,,,,,
Jurong Pier Road,S33,2014,10,9,0.0,,,,,
Jurong Pier Road,S33,2014,10,10,0.0,,,,,
Jurong Pier Road,S33,2014,10,11,0.0,,,,,
Jurong Pier Road,S33,2014,10,12,0.2,,,,,
Jurong Pier Road,S33,2014,10,13,0.4,,,,,
Jurong Pier Road,S33,2014,10,14,0.0,,,,,
Jurong Pier Road,S33,2014,10,15,0.0,,,,,
Jurong Pier Road,S33,2014,10,16,3.0,,,,,
Jurong Pier Road,S33,2014,10,17,13.2,,,,,
Jurong Pier Road,S33,2014,10,18,15.4,,,,,
Jurong Pier Road,S33,2014,10,19,0.0,,,,,
Jurong Pier Road,S33,2014,10,20,0.0,,,,,
Jurong Pier Road,S33,2014,10,21,9.2,,,,,
Jurong Pier Road,S33,2014,10,22,3.8,,,,,
Jurong Pier Road,S33,2014,10,23,0.0,,,,,
Jurong Pier Road,S33,2014,10,24,0.0,,,,,
Jurong Pier Road,S33,2014,10,25,0.0,,,,,
Jurong Pier Road,S33,2014,10,26,0.0,,,,,
Jurong Pier Road,S33,2014,10,27,5.8,,,,,
Jurong Pier Road,S33,2014,10,28,6.0,,,,,
Jurong Pier Road,S33,2014,10,29,0.0,,,,,
Jurong Pier Road,S33,2014,10,30,9.6,,,,,
Jurong Pier Road,S33,2014,10,31,1.8,,,,,
Jurong Pier Road,S33,2014,11,1,2.6,,,,,
Jurong Pier Road,S33,2014,11,2,0.0,,,,,
Jurong Pier Road,S33,2014,11,3,0.0,,,,,
Jurong Pier Road,S33,2014,11,4,0.0,,,,,
Jurong Pier Road,S33,2014,11,5,1.2,,,,,
Jurong Pier Road,S33,2014,11,6,0.8,,,,,
Jurong Pier Road,S33,2014,11,7,0.0,,,,,
Jurong Pier Road,S33,2014,11,8,25.2,,,,,
Jurong Pier Road,S33,2014,11,9,20.6,,,,,
Jurong Pier Road,S33,2014,11,10,20.4,,,,,
Jurong Pier Road,S33,2014,11,11,3.4,,,,,
Jurong Pier Road,S33,2014,11,12,23.0,,,,,
Jurong Pier Road,S33,2014,11,13,0.0,,,,,
Jurong Pier Road,S33,2014,11,14,3.0,,,,,
Jurong Pier Road,S33,2014,11,15,0.2,,,,,
Jurong Pier Road,S33,2014,11,16,0.2,,,,,
Jurong Pier Road,S33,2014,11,17,4.6,,,,,
Jurong Pier Road,S33,2014,11,18,5.0,,,,,
Jurong Pier Road,S33,2014,11,19,0.0,,,,,
Jurong Pier Road,S33,2014,11,20,45.4,,,,,
Jurong Pier Road,S33,2014,11,21,0.2,,,,,
Jurong Pier Road,S33,2014,11,22,2.8,,,,,
Jurong Pier Road,S33,2014,11,23,41.8,,,,,
Jurong Pier Road,S33,2014,11,24,29.4,,,,,
Jurong Pier Road,S33,2014,11,25,7.4,,,,,
Jurong Pier Road,S33,2014,11,26,11.2,,,,,
Jurong Pier Road,S33,2014,11,27,0.0,,,,,
Jurong Pier Road,S33,2014,11,28,9.2,,,,,
Jurong Pier Road,S33,2014,11,29,1.6,,,,,
Jurong Pier Road,S33,2014,11,30,0.0,,,,,
Jurong Pier Road,S33,2014,12,1,7.0,,,,,
Jurong Pier Road,S33,2014,12,2,0.0,,,,,
Jurong Pier Road,S33,2014,12,3,0.0,,,,,
Jurong Pier Road,S33,2014,12,4,34.8,,,,,
Jurong Pier Road,S33,2014,12,5,0.0,,,,,
Jurong Pier Road,S33,2014,12,6,1.0,,,,,
Jurong Pier Road,S33,2014,12,7,40.2,,,,,
Jurong Pier Road,S33,2014,12,8,12.0,,,,,
Jurong Pier Road,S33,2014,12,9,0.0,,,,,
Jurong Pier Road,S33,2014,12,10,0.0,,,,,
Jurong Pier Road,S33,2014,12,11,44.8,,,,,
Jurong Pier Road,S33,2014,12,12,14.4,,,,,
Jurong Pier Road,S33,2014,12,13,18.6,,,,,
Jurong Pier Road,S33,2014,12,14,1.8,,,,,
Jurong Pier Road,S33,2014,12,15,0.0,,,,,
Jurong Pier Road,S33,2014,12,16,0.0,,,,,
Jurong Pier Road,S33,2014,12,17,61.8,,,,,
Jurong Pier Road,S33,2014,12,18,20.4,,,,,
Jurong Pier Road,S33,2014,12,19,11.6,,,,,
Jurong Pier Road,S33,2014,12,20,8.0,,,,,
Jurong Pier Road,S33,2014,12,21,6.8,,,,,
Jurong Pier Road,S33,2014,12,22,0.2,,,,,
Jurong Pier Road,S33,2014,12,23,0.0,,,,,
Jurong Pier Road,S33,2014,12,24,17.6,,,,,
Jurong Pier Road,S33,2014,12,25,0.0,,,,,
Jurong Pier Road,S33,2014,12,26,35.4,,,,,
Jurong Pier Road,S33,2014,12,27,30.8,,,,,
Jurong Pier Road,S33,2014,12,28,1.2,,,,,
Jurong Pier Road,S33,2014,12,29,6.2,,,,,
Jurong Pier Road,S33,2014,12,30,0.0,,,,,
Jurong Pier Road,S33,2014,12,31,0.0,,,,,
Jurong Pier Road,S33,2015,1,1,0.6,,,,,
Jurong Pier Road,S33,2015,1,2,0.0,,,,,
Jurong Pier Road,S33,2015,1,3,0.0,,,,,
Jurong Pier Road,S33,2015,1,4,0.0,,,,,
Jurong Pier Road,S33,2015,1,5,0.0,,,,,
Jurong Pier Road,S33,2015,1,6,15.0,,,,,
Jurong Pier Road,S33,2015,1,7,11.4,,,,,
Jurong Pier Road,S33,2015,1,8,18.6,,,,,
Jurong Pier Road,S33,2015,1,9,2.0,,,,,
Jurong Pier Road,S33,2015,1,10,0.0,,,,,
Jurong Pier Road,S33,2015,1,11,21.4,,,,,
Jurong Pier Road,S33,2015,1,12,0.2,,,,,
Jurong Pier Road,S33,2015,1,13,0.0,,,,,
Jurong Pier Road,S33,2015,1,14,0.0,,,,,
Jurong Pier Road,S33,2015,1,15,0.0,,,,,
Jurong Pier Road,S33,2015,1,16,0.0,,,,,
Jurong Pier Road,S33,2015,1,17,0.0,,,,,
Jurong Pier Road,S33,2015,1,18,0.0,,,,,
Jurong Pier Road,S33,2015,1,19,0.0,,,,,
Jurong Pier Road,S33,2015,1,20,0.0,,,,,
Jurong Pier Road,S33,2015,1,21,23.4,,,,,
Jurong Pier Road,S33,2015,1,22,0.0,,,,,
Jurong Pier Road,S33,2015,1,23,0.0,,,,,
Jurong Pier Road,S33,2015,1,24,0.0,,,,,
Jurong Pier Road,S33,2015,1,25,0.0,,,,,
Jurong Pier Road,S33,2015,1,26,0.0,,,,,
Jurong Pier Road,S33,2015,1,27,0.0,,,,,
Jurong Pier Road,S33,2015,1,28,0.0,,,,,
Jurong Pier Road,S33,2015,1,29,0.0,,,,,
Jurong Pier Road,S33,2015,1,30,0.0,,,,,
Jurong Pier Road,S33,2015,1,31,0.0,,,,,
Jurong Pier Road,S33,2015,2,1,0.0,,,,,
Jurong Pier Road,S33,2015,2,2,2.8,,,,,
Jurong Pier Road,S33,2015,2,3,0.0,,,,,
Jurong Pier Road,S33,2015,2,4,0.6,,,,,
Jurong Pier Road,S33,2015,2,5,0.0,,,,,
Jurong Pier Road,S33,2015,2,6,9.6,,,,,
Jurong Pier Road,S33,2015,2,7,0.0,,,,,
Jurong Pier Road,S33,2015,2,8,0.0,,,,,
Jurong Pier Road,S33,2015,2,9,0.0,,,,,
Jurong Pier Road,S33,2015,2,10,0.0,,,,,
Jurong Pier Road,S33,2015,2,11,0.0,,,,,
Jurong Pier Road,S33,2015,2,12,0.4,,,,,
Jurong Pier Road,S33,2015,2,13,0.0,,,,,
Jurong Pier Road,S33,2015,2,14,0.0,,,,,
Jurong Pier Road,S33,2015,2,15,0.0,,,,,
Jurong Pier Road,S33,2015,2,16,0.0,,,,,
Jurong Pier Road,S33,2015,2,17,0.0,,,,,
Jurong Pier Road,S33,2015,2,18,6.8,,,,,
Jurong Pier Road,S33,2015,2,19,50.6,,,,,
Jurong Pier Road,S33,2015,2,20,0.0,,,,,
Jurong Pier Road,S33,2015,2,21,0.0,,,,,
Jurong Pier Road,S33,2015,2,22,0.0,,,,,
Jurong Pier Road,S33,2015,2,23,10.0,,,,,
Jurong Pier Road,S33,2015,2,24,0.0,,,,,
Jurong Pier Road,S33,2015,2,25,48.6,,,,,
Jurong Pier Road,S33,2015,2,26,1.4,,,,,
Jurong Pier Road,S33,2015,2,27,0.0,,,,,
Jurong Pier Road,S33,2015,2,28,0.0,,,,,
Jurong Pier Road,S33,2015,3,1,2.0,,,,,
Jurong Pier Road,S33,2015,3,2,43.8,,,,,
Jurong Pier Road,S33,2015,3,3,2.0,,,,,
Jurong Pier Road,S33,2015,3,4,0.0,,,,,
Jurong Pier Road,S33,2015,3,5,0.4,,,,,
Jurong Pier Road,S33,2015,3,6,0.0,,,,,
Jurong Pier Road,S33,2015,3,7,0.0,,,,,
Jurong Pier Road,S33,2015,3,8,5.2,,,,,
Jurong Pier Road,S33,2015,3,9,10.4,,,,,
Jurong Pier Road,S33,2015,3,10,1.6,,,,,
Jurong Pier Road,S33,2015,3,11,9.2,,,,,
Jurong Pier Road,S33,2015,3,12,0.0,,,,,
Jurong Pier Road,S33,2015,3,13,0.0,,,,,
Jurong Pier Road,S33,2015,3,14,36.0,,,,,
Jurong Pier Road,S33,2015,3,15,2.4,,,,,
Jurong Pier Road,S33,2015,3,16,0.0,,,,,
Jurong Pier Road,S33,2015,3,17,0.0,,,,,
Jurong Pier Road,S33,2015,3,18,0.0,,,,,
Jurong Pier Road,S33,2015,3,19,0.0,,,,,
Jurong Pier Road,S33,2015,3,20,0.0,,,,,
Jurong Pier Road,S33,2015,3,21,0.2,,,,,
Jurong Pier Road,S33,2015,3,22,25.6,,,,,
Jurong Pier Road,S33,2015,3,23,0.0,,,,,
Jurong Pier Road,S33,2015,3,24,0.0,,,,,
Jurong Pier Road,S33,2015,3,25,0.0,,,,,
Jurong Pier Road,S33,2015,3,26,0.0,,,,,
Jurong Pier Road,S33,2015,3,27,0.0,,,,,
Jurong Pier Road,S33,2015,3,28,8.6,,,,,
Jurong Pier Road,S33,2015,3,29,11.4,,,,,
Jurong Pier Road,S33,2015,3,30,0.0,,,,,
Jurong Pier Road,S33,2015,3,31,33.6,,,,,
Jurong Pier Road,S33,2015,4,1,10.4,,,,,
Jurong Pier Road,S33,2015,4,2,25.6,,,,,
Jurong Pier Road,S33,2015,4,3,0.4,,,,,
Jurong Pier Road,S33,2015,4,4,0.0,,,,,
Jurong Pier Road,S33,2015,4,5,6.0,,,,,
Jurong Pier Road,S33,2015,4,6,42.4,,,,,
Jurong Pier Road,S33,2015,4,7,0.0,,,,,
Jurong Pier Road,S33,2015,4,8,10.2,,,,,
Jurong Pier Road,S33,2015,4,9,0.0,,,,,
Jurong Pier Road,S33,2015,4,10,0.0,,,,,
Jurong Pier Road,S33,2015,4,11,0.0,,,,,
Jurong Pier Road,S33,2015,4,12,1.4,,,,,
Jurong Pier Road,S33,2015,4,13,0.0,,,,,
Jurong Pier Road,S33,2015,4,14,0.0,,,,,
Jurong Pier Road,S33,2015,4,15,0.0,,,,,
Jurong Pier Road,S33,2015,4,16,0.0,,,,,
Jurong Pier Road,S33,2015,4,17,0.0,,,,,
Jurong Pier Road,S33,2015,4,18,0.0,,,,,
Jurong Pier Road,S33,2015,4,19,61.2,,,,,
Jurong Pier Road,S33,2015,4,20,0.0,,,,,
Jurong Pier Road,S33,2015,4,21,0.0,,,,,
Jurong Pier Road,S33,2015,4,22,18.6,,,,,
Jurong Pier Road,S33,2015,4,23,9.6,,,,,
Jurong Pier Road,S33,2015,4,24,22.8,,,,,
Jurong Pier Road,S33,2015,4,25,5.0,,,,,
Jurong Pier Road,S33,2015,4,26,0.6,,,,,
Jurong Pier Road,S33,2015,4,27,0.8,,,,,
Jurong Pier Road,S33,2015,4,28,63.8,,,,,
Jurong Pier Road,S33,2015,4,29,0.4,,,,,
Jurong Pier Road,S33,2015,4,30,3.8,,,,,
Jurong Pier Road,S33,2015,5,1,0.0,,,,,
Jurong Pier Road,S33,2015,5,2,3.8,,,,,
Jurong Pier Road,S33,2015,5,3,50.6,,,,,
Jurong Pier Road,S33,2015,5,4,0.0,,,,,
Jurong Pier Road,S33,2015,5,5,0.0,,,,,
Jurong Pier Road,S33,2015,5,6,2.6,,,,,
Jurong Pier Road,S33,2015,5,7,13.2,,,,,
Jurong Pier Road,S33,2015,5,8,5.6,,,,,
Jurong Pier Road,S33,2015,5,9,0.0,,,,,
Jurong Pier Road,S33,2015,5,10,0.0,,,,,
Jurong Pier Road,S33,2015,5,11,0.0,,,,,
Jurong Pier Road,S33,2015,5,12,0.0,,,,,
Jurong Pier Road,S33,2015,5,13,0.0,,,,,
Jurong Pier Road,S33,2015,5,14,28.2,,,,,
Jurong Pier Road,S33,2015,5,15,39.4,,,,,
Jurong Pier Road,S33,2015,5,16,0.0,,,,,
Jurong Pier Road,S33,2015,5,17,0.0,,,,,
Jurong Pier Road,S33,2015,5,18,47.6,,,,,
Jurong Pier Road,S33,2015,5,19,0.4,,,,,
Jurong Pier Road,S33,2015,5,20,0.4,,,,,
Jurong Pier Road,S33,2015,5,21,0.0,,,,,
Jurong Pier Road,S33,2015,5,22,8.8,,,,,
Jurong Pier Road,S33,2015,5,23,7.8,,,,,
Jurong Pier Road,S33,2015,5,24,0.0,,,,,
Jurong Pier Road,S33,2015,5,25,0.0,,,,,
Jurong Pier Road,S33,2015,5,26,0.2,,,,,
Jurong Pier Road,S33,2015,5,27,0.2,,,,,
Jurong Pier Road,S33,2015,5,28,0.0,,,,,
Jurong Pier Road,S33,2015,5,29,0.0,,,,,
Jurong Pier Road,S33,2015,5,30,0.0,,,,,
Jurong Pier Road,S33,2015,5,31,0.0,,,,,
Jurong Pier Road,S33,2015,6,1,0.0,,,,,
Jurong Pier Road,S33,2015,6,2,51.4,,,,,
Jurong Pier Road,S33,2015,6,3,0.0,,,,,
Jurong Pier Road,S33,2015,6,4,0.4,,,,,
Jurong Pier Road,S33,2015,6,5,0.2,,,,,
Jurong Pier Road,S33,2015,6,6,0.0,,,,,
Jurong Pier Road,S33,2015,6,7,26.8,,,,,
Jurong Pier Road,S33,2015,6,8,68.4,,,,,
Jurong Pier Road,S33,2015,6,9,3.2,,,,,
Jurong Pier Road,S33,2015,6,10,0.0,,,,,
Jurong Pier Road,S33,2015,6,11,0.0,,,,,
Jurong Pier Road,S33,2015,6,12,7.2,,,,,
Jurong Pier Road,S33,2015,6,13,0.2,,,,,
Jurong Pier Road,S33,2015,6,14,12.6,,,,,
Jurong Pier Road,S33,2015,6,15,0.0,,,,,
Jurong Pier Road,S33,2015,6,16,17.2,,,,,
Jurong Pier Road,S33,2015,6,17,0.2,,,,,
Jurong Pier Road,S33,2015,6,18,0.0,,,,,
Jurong Pier Road,S33,2015,6,19,0.0,,,,,
Jurong Pier Road,S33,2015,6,20,0.0,,,,,
Jurong Pier Road,S33,2015,6,21,0.0,,,,,
Jurong Pier Road,S33,2015,6,22,0.0,,,,,
Jurong Pier Road,S33,2015,6,23,0.0,,,,,
Jurong Pier Road,S33,2015,6,24,0.0,,,,,
Jurong Pier Road,S33,2015,6,25,0.0,,,,,
Jurong Pier Road,S33,2015,6,26,0.0,,,,,
Jurong Pier Road,S33,2015,6,27,0.0,,,,,
Jurong Pier Road,S33,2015,6,28,0.0,,,,,
Jurong Pier Road,S33,2015,6,29,0.0,,,,,
Jurong Pier Road,S33,2015,6,30,0.0,,,,,
Jurong Pier Road,S33,2015,7,1,1.0,,,,,
Jurong Pier Road,S33,2015,7,2,0.0,,,,,
Jurong Pier Road,S33,2015,7,3,0.0,,,,,
Jurong Pier Road,S33,2015,7,4,18.4,,,,,
Jurong Pier Road,S33,2015,7,5,0.0,,,,,
Jurong Pier Road,S33,2015,7,6,0.0,,,,,
Jurong Pier Road,S33,2015,7,7,0.0,,,,,
Jurong Pier Road,S33,2015,7,8,5.2,,,,,
Jurong Pier Road,S33,2015,7,9,0.8,,,,,
Jurong Pier Road,S33,2015,7,10,2.4,,,,,
Jurong Pier Road,S33,2015,7,11,0.0,,,,,
Jurong Pier Road,S33,2015,7,12,0.0,,,,,
Jurong Pier Road,S33,2015,7,13,1.6,,,,,
Jurong Pier Road,S33,2015,7,14,19.0,,,,,
Jurong Pier Road,S33,2015,7,15,0.0,,,,,
Jurong Pier Road,S33,2015,7,16,7.2,,,,,
Jurong Pier Road,S33,2015,7,17,32.4,,,,,
Jurong Pier Road,S33,2015,7,18,0.0,,,,,
Jurong Pier Road,S33,2015,7,19,0.0,,,,,
Jurong Pier Road,S33,2015,7,20,0.0,,,,,
Jurong Pier Road,S33,2015,7,21,0.0,,,,,
Jurong Pier Road,S33,2015,7,22,0.0,,,,,
Jurong Pier Road,S33,2015,7,23,0.0,,,,,
Jurong Pier Road,S33,2015,7,24,0.0,,,,,
Jurong Pier Road,S33,2015,7,25,0.0,,,,,
Jurong Pier Road,S33,2015,7,26,0.0,,,,,
Jurong Pier Road,S33,2015,7,27,0.0,,,,,
Jurong Pier Road,S33,2015,7,28,0.0,,,,,
Jurong Pier Road,S33,2015,7,29,0.0,,,,,
Jurong Pier Road,S33,2015,7,30,0.0,,,,,
Jurong Pier Road,S33,2015,7,31,10.6,,,,,
Jurong Pier Road,S33,2015,8,1,0.2,,,,,
Jurong Pier Road,S33,2015,8,2,0.0,,,,,
Jurong Pier Road,S33,2015,8,3,60.0,,,,,
Jurong Pier Road,S33,2015,8,4,42.5,,,,,
Jurong Pier Road,S33,2015,8,5,0.0,,,,,
Jurong Pier Road,S33,2015,8,6,10.4,,,,,
Jurong Pier Road,S33,2015,8,7,40.6,,,,,
Jurong Pier Road,S33,2015,8,8,4.6,,,,,
Jurong Pier Road,S33,2015,8,9,10.4,,,,,
Jurong Pier Road,S33,2015,8,10,0.0,,,,,
Jurong Pier Road,S33,2015,8,11,26.6,,,,,
Jurong Pier Road,S33,2015,8,12,8.2,,,,,
Jurong Pier Road,S33,2015,8,13,0.0,,,,,
Jurong Pier Road,S33,2015,8,14,0.0,,,,,
Jurong Pier Road,S33,2015,8,15,0.0,,,,,
Jurong Pier Road,S33,2015,8,16,4.6,,,,,
Jurong Pier Road,S33,2015,8,17,0.0,,,,,
Jurong Pier Road,S33,2015,8,18,0.0,,,,,
Jurong Pier Road,S33,2015,8,19,0.0,,,,,
Jurong Pier Road,S33,2015,8,20,0.0,,,,,
Jurong Pier Road,S33,2015,8,21,5.0,,,,,
Jurong Pier Road,S33,2015,8,22,11.8,,,,,
Jurong Pier Road,S33,2015,8,23,0.0,,,,,
Jurong Pier Road,S33,2015,8,24,0.0,,,,,
Jurong Pier Road,S33,2015,8,25,8.0,,,,,
Jurong Pier Road,S33,2015,8,26,0.0,,,,,
Jurong Pier Road,S33,2015,8,27,0.0,,,,,
Jurong Pier Road,S33,2015,8,28,0.0,,,,,
Jurong Pier Road,S33,2015,8,29,0.0,,,,,
Jurong Pier Road,S33,2015,8,30,0.0,,,,,
Jurong Pier Road,S33,2015,8,31,0.0,,,,,
Jurong Pier Road,S33,2015,9,1,,,,,,
Jurong Pier Road,S33,2015,9,2,0.0,,,,,
Jurong Pier Road,S33,2015,9,3,3.6,,,,,
Jurong Pier Road,S33,2015,9,4,0.4,,,,,
Jurong Pier Road,S33,2015,9,5,0.0,,,,,
Jurong Pier Road,S33,2015,9,6,0.0,,,,,
Jurong Pier Road,S33,2015,9,7,0.0,,,,,
Jurong Pier Road,S33,2015,9,8,0.0,,,,,
Jurong Pier Road,S33,2015,9,9,52.4,,,,,
Jurong Pier Road,S33,2015,9,10,0.0,,,,,
Jurong Pier Road,S33,2015,9,11,0.0,,,,,
Jurong Pier Road,S33,2015,9,12,0.0,,,,,
Jurong Pier Road,S33,2015,9,13,0.0,,,,,
Jurong Pier Road,S33,2015,9,14,8.0,,,,,
Jurong Pier Road,S33,2015,9,15,30.0,,,,,
Jurong Pier Road,S33,2015,9,16,11.2,,,,,
Jurong Pier Road,S33,2015,9,17,0.0,,,,,
Jurong Pier Road,S33,2015,9,18,0.0,,,,,
Jurong Pier Road,S33,2015,9,19,0.0,,,,,
Jurong Pier Road,S33,2015,9,20,7.8,,,,,
Jurong Pier Road,S33,2015,9,21,0.0,,,,,
Jurong Pier Road,S33,2015,9,22,2.0,,,,,
Jurong Pier Road,S33,2015,9,23,0.0,,,,,
Jurong Pier Road,S33,2015,9,24,0.0,,,,,
Jurong Pier Road,S33,2015,9,25,0.0,,,,,
Jurong Pier Road,S33,2015,9,26,0.0,,,,,
Jurong Pier Road,S33,2015,9,27,0.0,,,,,
Jurong Pier Road,S33,2015,9,28,36.6,,,,,
Jurong Pier Road,S33,2015,9,29,0.0,,,,,
Jurong Pier Road,S33,2015,9,30,0.0,,,,,
Jurong Pier Road,S33,2015,10,1,0.0,,,,,
Jurong Pier Road,S33,2015,10,2,8.8,,,,,
Jurong Pier Road,S33,2015,10,3,0.0,,,,,
Jurong Pier Road,S33,2015,10,4,0.0,,,,,
Jurong Pier Road,S33,2015,10,5,3.6,,,,,
Jurong Pier Road,S33,2015,10,6,10.4,,,,,
Jurong Pier Road,S33,2015,10,7,7.6,,,,,
Jurong Pier Road,S33,2015,10,8,0.0,,,,,
Jurong Pier Road,S33,2015,10,9,0.0,,,,,
Jurong Pier Road,S33,2015,10,10,0.0,,,,,
Jurong Pier Road,S33,2015,10,11,0.0,,,,,
Jurong Pier Road,S33,2015,10,12,0.0,,,,,
Jurong Pier Road,S33,2015,10,13,0.0,,,,,
Jurong Pier Road,S33,2015,10,14,0.0,,,,,
Jurong Pier Road,S33,2015,10,15,0.0,,,,,
Jurong Pier Road,S33,2015,10,16,0.0,,,,,
Jurong Pier Road,S33,2015,10,17,0.0,,,,,
Jurong Pier Road,S33,2015,10,18,0.0,,,,,
Jurong Pier Road,S33,2015,10,19,0.0,,,,,
Jurong Pier Road,S33,2015,10,20,0.0,,,,,
Jurong Pier Road,S33,2015,10,21,0.0,,,,,
Jurong Pier Road,S33,2015,10,22,0.0,,,,,
Jurong Pier Road,S33,2015,10,23,0.0,,,,,
Jurong Pier Road,S33,2015,10,24,0.6,,,,,
Jurong Pier Road,S33,2015,10,25,3.0,,,,,
Jurong Pier Road,S33,2015,10,26,1.2,,,,,
Jurong Pier Road,S33,2015,10,27,15.6,,,,,
Jurong Pier Road,S33,2015,10,28,16.0,,,,,
Jurong Pier Road,S33,2015,10,29,0.0,,,,,
Jurong Pier Road,S33,2015,10,30,10.4,,,,,
Jurong Pier Road,S33,2015,10,31,2.2,,,,,
Jurong Pier Road,S33,2015,11,1,0.6,,,,,
Jurong Pier Road,S33,2015,11,2,2.0,,,,,
Jurong Pier Road,S33,2015,11,3,0.0,,,,,
Jurong Pier Road,S33,2015,11,4,0.0,,,,,
Jurong Pier Road,S33,2015,11,5,0.0,,,,,
Jurong Pier Road,S33,2015,11,6,14.2,,,,,
Jurong Pier Road,S33,2015,11,7,32.6,,,,,
Jurong Pier Road,S33,2015,11,8,24.4,,,,,
Jurong Pier Road,S33,2015,11,9,13.2,,,,,
Jurong Pier Road,S33,2015,11,10,8.4,,,,,
Jurong Pier Road,S33,2015,11,11,4.0,,,,,
Jurong Pier Road,S33,2015,11,12,0.0,,,,,
Jurong Pier Road,S33,2015,11,13,5.2,,,,,
Jurong Pier Road,S33,2015,11,14,0.0,,,,,
Jurong Pier Road,S33,2015,11,15,0.0,,,,,
Jurong Pier Road,S33,2015,11,16,39.6,,,,,
Jurong Pier Road,S33,2015,11,17,58.6,,,,,
Jurong Pier Road,S33,2015,11,18,0.0,,,,,
Jurong Pier Road,S33,2015,11,19,8.8,,,,,
Jurong Pier Road,S33,2015,11,20,52.8,,,,,
Jurong Pier Road,S33,2015,11,21,0.4,,,,,
Jurong Pier Road,S33,2015,11,22,0.2,,,,,
Jurong Pier Road,S33,2015,11,23,0.0,,,,,
Jurong Pier Road,S33,2015,11,24,43.0,,,,,
Jurong Pier Road,S33,2015,11,25,11.2,,,,,
Jurong Pier Road,S33,2015,11,26,9.2,,,,,
Jurong Pier Road,S33,2015,11,27,7.4,,,,,
Jurong Pier Road,S33,2015,11,28,0.6,,,,,
Jurong Pier Road,S33,2015,11,29,4.0,,,,,
Jurong Pier Road,S33,2015,11,30,3.4,,,,,
Jurong Pier Road,S33,2015,12,1,26.4,,,,,
Jurong Pier Road,S33,2015,12,2,10.0,,,,,
Jurong Pier Road,S33,2015,12,3,14.6,,,,,
Jurong Pier Road,S33,2015,12,4,0.0,,,,,
Jurong Pier Road,S33,2015,12,5,24.8,,,,,
Jurong Pier Road,S33,2015,12,6,5.2,,,,,
Jurong Pier Road,S33,2015,12,7,0.0,,,,,
Jurong Pier Road,S33,2015,12,8,8.4,,,,,
Jurong Pier Road,S33,2015,12,9,0.8,,,,,
Jurong Pier Road,S33,2015,12,10,12.0,,,,,
Jurong Pier Road,S33,2015,12,11,9.0,,,,,
Jurong Pier Road,S33,2015,12,12,53.2,,,,,
Jurong Pier Road,S33,2015,12,13,9.6,,,,,
Jurong Pier Road,S33,2015,12,14,10.2,,,,,
Jurong Pier Road,S33,2015,12,15,0.0,,,,,
Jurong Pier Road,S33,2015,12,16,0.0,,,,,
Jurong Pier Road,S33,2015,12,17,0.0,,,,,
Jurong Pier Road,S33,2015,12,18,0.0,,,,,
Jurong Pier Road,S33,2015,12,19,2.0,,,,,
Jurong Pier Road,S33,2015,12,20,0.0,,,,,
Jurong Pier Road,S33,2015,12,21,0.0,,,,,
Jurong Pier Road,S33,2015,12,22,0.0,,,,,
Jurong Pier Road,S33,2015,12,23,11.4,,,,,
Jurong Pier Road,S33,2015,12,24,8.4,,,,,
Jurong Pier Road,S33,2015,12,25,20.2,,,,,
Jurong Pier Road,S33,2015,12,26,0.0,,,,,
Jurong Pier Road,S33,2015,12,27,0.0,,,,,
Jurong Pier Road,S33,2015,12,28,35.8,,,,,
Jurong Pier Road,S33,2015,12,29,25.4,,,,,
Jurong Pier Road,S33,2015,12,30,0.2,,,,,
Jurong Pier Road,S33,2015,12,31,9.8,,,,,
Jurong Pier Road,S33,2016,1,1,25.0,,,,,
Jurong Pier Road,S33,2016,1,2,22.2,,,,,
Jurong Pier Road,S33,2016,1,3,0.2,,,,,
Jurong Pier Road,S33,2016,1,4,12.2,,,,,
Jurong Pier Road,S33,2016,1,5,0.2,,,,,
Jurong Pier Road,S33,2016,1,6,1.4,,,,,
Jurong Pier Road,S33,2016,1,7,0.0,,,,,
Jurong Pier Road,S33,2016,1,8,0.0,,,,,
Jurong Pier Road,S33,2016,1,9,0.0,,,,,
Jurong Pier Road,S33,2016,1,10,0.0,,,,,
Jurong Pier Road,S33,2016,1,11,10.2,,,,,
Jurong Pier Road,S33,2016,1,12,0.0,,,,,
Jurong Pier Road,S33,2016,1,13,0.2,,,,,
Jurong Pier Road,S33,2016,1,14,13.8,,,,,
Jurong Pier Road,S33,2016,1,15,0.8,,,,,
Jurong Pier Road,S33,2016,1,16,0.0,,,,,
Jurong Pier Road,S33,2016,1,17,5.0,,,,,
Jurong Pier Road,S33,2016,1,18,19.6,,,,,
Jurong Pier Road,S33,2016,1,19,1.2,,,,,
Jurong Pier Road,S33,2016,1,20,20.4,,,,,
Jurong Pier Road,S33,2016,1,21,0.0,,,,,
Jurong Pier Road,S33,2016,1,22,11.2,,,,,
Jurong Pier Road,S33,2016,1,23,39.8,,,,,
Jurong Pier Road,S33,2016,1,24,1.0,,,,,
Jurong Pier Road,S33,2016,1,25,13.4,,,,,
Jurong Pier Road,S33,2016,1,26,1.0,,,,,
Jurong Pier Road,S33,2016,1,27,0.0,,,,,
Jurong Pier Road,S33,2016,1,28,66.2,,,,,
Jurong Pier Road,S33,2016,1,29,24.2,,,,,
Jurong Pier Road,S33,2016,1,30,0.0,,,,,
Jurong Pier Road,S33,2016,1,31,33.2,,,,,
Jurong Pier Road,S33,2016,2,1,0.0,,,,,
Jurong Pier Road,S33,2016,2,2,2.4,,,,,
Jurong Pier Road,S33,2016,2,3,0.0,,,,,
Jurong Pier Road,S33,2016,2,4,12.6,,,,,
Jurong Pier Road,S33,2016,2,5,21.0,,,,,
Jurong Pier Road,S33,2016,2,6,9.8,,,,,
Jurong Pier Road,S33,2016,2,7,24.4,,,,,
Jurong Pier Road,S33,2016,2,8,0.0,,,,,
Jurong Pier Road,S33,2016,2,9,0.0,,,,,
Jurong Pier Road,S33,2016,2,10,1.0,,,,,
Jurong Pier Road,S33,2016,2,11,0.0,,,,,
Jurong Pier Road,S33,2016,2,12,35.4,,,,,
Jurong Pier Road,S33,2016,2,13,0.0,,,,,
Jurong Pier Road,S33,2016,2,14,3.8,,,,,
Jurong Pier Road,S33,2016,2,15,1.6,,,,,
Jurong Pier Road,S33,2016,2,16,0.4,,,,,
Jurong Pier Road,S33,2016,2,17,0.0,,,,,
Jurong Pier Road,S33,2016,2,18,1.0,,,,,
Jurong Pier Road,S33,2016,2,19,85.8,,,,,
Jurong Pier Road,S33,2016,2,20,12.4,,,,,
Jurong Pier Road,S33,2016,2,21,0.0,,,,,
Jurong Pier Road,S33,2016,2,22,0.0,,,,,
Jurong Pier Road,S33,2016,2,23,0.2,,,,,
Jurong Pier Road,S33,2016,2,24,7.2,,,,,
Jurong Pier Road,S33,2016,2,25,0.4,,,,,
Jurong Pier Road,S33,2016,2,26,0.0,,,,,
Jurong Pier Road,S33,2016,2,27,0.0,,,,,
Jurong Pier Road,S33,2016,2,28,1.8,,,,,
Jurong Pier Road,S33,2016,2,29,0.0,,,,,
Jurong Pier Road,S33,2016,3,1,0.0,,,,,
Jurong Pier Road,S33,2016,3,2,0.0,,,,,
Jurong Pier Road,S33,2016,3,3,0.0,,,,,
Jurong Pier Road,S33,2016,3,4,9.0,,,,,
Jurong Pier Road,S33,2016,3,5,0.0,,,,,
Jurong Pier Road,S33,2016,3,6,0.0,,,,,
Jurong Pier Road,S33,2016,3,7,0.2,,,,,
Jurong Pier Road,S33,2016,3,8,10.5,,,,,
Jurong Pier Road,S33,2016,3,9,0.0,,,,,
Jurong Pier Road,S33,2016,3,10,6.6,,,,,
Jurong Pier Road,S33,2016,3,11,0.0,,,,,
Jurong Pier Road,S33,2016,3,12,0.0,,,,,
Jurong Pier Road,S33,2016,3,13,35.4,,,,,
Jurong Pier Road,S33,2016,3,14,30.2,,,,,
Jurong Pier Road,S33,2016,3,15,0.0,,,,,
Jurong Pier Road,S33,2016,3,16,0.0,,,,,
Jurong Pier Road,S33,2016,3,17,7.8,,,,,
Jurong Pier Road,S33,2016,3,18,0.0,,,,,
Jurong Pier Road,S33,2016,3,19,0.0,,,,,
Jurong Pier Road,S33,2016,3,20,1.6,,,,,
Jurong Pier Road,S33,2016,3,21,2.0,,,,,
Jurong Pier Road,S33,2016,3,22,0.0,,,,,
Jurong Pier Road,S33,2016,3,23,0.0,,,,,
Jurong Pier Road,S33,2016,3,24,11.8,,,,,
Jurong Pier Road,S33,2016,3,25,0.0,,,,,
Jurong Pier Road,S33,2016,3,26,0.0,,,,,
Jurong Pier Road,S33,2016,3,27,0.0,,,,,
Jurong Pier Road,S33,2016,3,28,0.0,,,,,
Jurong Pier Road,S33,2016,3,29,0.0,,,,,
Jurong Pier Road,S33,2016,3,30,0.0,,,,,
Jurong Pier Road,S33,2016,3,31,0.0,,,,,
Jurong Pier Road,S33,2016,4,1,0.0,,,,,
Jurong Pier Road,S33,2016,4,2,0.0,,,,,
Jurong Pier Road,S33,2016,4,3,6.8,,,,,
Jurong Pier Road,S33,2016,4,4,1.8,,,,,
Jurong Pier Road,S33,2016,4,5,78.0,,,,,
Jurong Pier Road,S33,2016,4,6,0.0,,,,,
Jurong Pier Road,S33,2016,4,7,0.0,,,,,
Jurong Pier Road,S33,2016,4,8,0.0,,,,,
Jurong Pier Road,S33,2016,4,9,30.0,,,,,
Jurong Pier Road,S33,2016,4,10,4.2,,,,,
Jurong Pier Road,S33,2016,4,11,3.0,,,,,
Jurong Pier Road,S33,2016,4,12,2.4,,,,,
Jurong Pier Road,S33,2016,4,13,0.0,,,,,
Jurong Pier Road,S33,2016,4,14,0.0,,,,,
Jurong Pier Road,S33,2016,4,15,0.6,,,,,
Jurong Pier Road,S33,2016,4,16,2.0,,,,,
Jurong Pier Road,S33,2016,4,17,0.2,,,,,
Jurong Pier Road,S33,2016,4,18,0.0,,,,,
Jurong Pier Road,S33,2016,4,19,0.0,,,,,
Jurong Pier Road,S33,2016,4,20,104.6,,,,,
Jurong Pier Road,S33,2016,4,21,0.0,,,,,
Jurong Pier Road,S33,2016,4,22,1.0,,,,,
Jurong Pier Road,S33,2016,4,23,7.2,,,,,
Jurong Pier Road,S33,2016,4,24,0.0,,,,,
Jurong Pier Road,S33,2016,4,25,11.2,,,,,
Jurong Pier Road,S33,2016,4,26,0.0,,,,,
Jurong Pier Road,S33,2016,4,27,3.6,,,,,
Jurong Pier Road,S33,2016,4,28,0.2,,,,,
Jurong Pier Road,S33,2016,4,29,26.8,,,,,
Jurong Pier Road,S33,2016,4,30,28.8,,,,,
Jurong Pier Road,S33,2016,5,1,0.0,,,,,
Jurong Pier Road,S33,2016,5,2,7.2,,,,,
Jurong Pier Road,S33,2016,5,3,0.0,,,,,
Jurong Pier Road,S33,2016,5,4,0.0,,,,,
Jurong Pier Road,S33,2016,5,5,2.0,,,,,
Jurong Pier Road,S33,2016,5,6,0.0,,,,,
Jurong Pier Road,S33,2016,5,7,6.2,,,,,
Jurong Pier Road,S33,2016,5,8,0.0,,,,,
Jurong Pier Road,S33,2016,5,9,1.0,,,,,
Jurong Pier Road,S33,2016,5,10,0.0,,,,,
Jurong Pier Road,S33,2016,5,11,27.6,,,,,
Jurong Pier Road,S33,2016,5,12,0.0,,,,,
Jurong Pier Road,S33,2016,5,13,0.6,,,,,
Jurong Pier Road,S33,2016,5,14,60.2,,,,,
Jurong Pier Road,S33,2016,5,15,23.4,,,,,
Jurong Pier Road,S33,2016,5,16,1.2,,,,,
Jurong Pier Road,S33,2016,5,17,0.0,,,,,
Jurong Pier Road,S33,2016,5,18,44.6,,,,,
Jurong Pier Road,S33,2016,5,19,0.2,,,,,
Jurong Pier Road,S33,2016,5,20,0.0,,,,,
Jurong Pier Road,S33,2016,5,21,34.6,,,,,
Jurong Pier Road,S33,2016,5,22,22.6,,,,,
Jurong Pier Road,S33,2016,5,23,0.0,,,,,
Jurong Pier Road,S33,2016,5,24,0.8,,,,,
Jurong Pier Road,S33,2016,5,25,18.0,,,,,
Jurong Pier Road,S33,2016,5,26,0.0,,,,,
Jurong Pier Road,S33,2016,5,27,0.0,,,,,
Jurong Pier Road,S33,2016,5,28,1.0,,,,,
Jurong Pier Road,S33,2016,5,29,0.4,,,,,
Jurong Pier Road,S33,2016,5,30,8.6,,,,,
Jurong Pier Road,S33,2016,5,31,0.0,,,,,
Jurong Pier Road,S33,2016,6,1,39.6,,,,,
Jurong Pier Road,S33,2016,6,2,12.4,,,,,
Jurong Pier Road,S33,2016,6,3,0.0,,,,,
Jurong Pier Road,S33,2016,6,4,0.2,,,,,
Jurong Pier Road,S33,2016,6,5,0.0,,,,,
Jurong Pier Road,S33,2016,6,6,3.4,,,,,
Jurong Pier Road,S33,2016,6,7,0.0,,,,,
Jurong Pier Road,S33,2016,6,8,29.2,,,,,
Jurong Pier Road,S33,2016,6,9,33.8,,,,,
Jurong Pier Road,S33,2016,6,10,16.2,,,,,
Jurong Pier Road,S33,2016,6,11,2.2,,,,,
Jurong Pier Road,S33,2016,6,12,0.0,,,,,
Jurong Pier Road,S33,2016,6,13,9.0,,,,,
Jurong Pier Road,S33,2016,6,14,0.0,,,,,
Jurong Pier Road,S33,2016,6,15,1.4,,,,,
Jurong Pier Road,S33,2016,6,16,3.0,,,,,
Jurong Pier Road,S33,2016,6,17,184.2,,,,,
Jurong Pier Road,S33,2016,6,18,2.0,,,,,
Jurong Pier Road,S33,2016,6,19,0.0,,,,,
Jurong Pier Road,S33,2016,6,20,0.0,,,,,
Jurong Pier Road,S33,2016,6,21,0.0,,,,,
Jurong Pier Road,S33,2016,6,22,4.2,,,,,
Jurong Pier Road,S33,2016,6,23,0.0,,,,,
Jurong Pier Road,S33,2016,6,24,25.6,,,,,
Jurong Pier Road,S33,2016,6,25,7.8,,,,,
Jurong Pier Road,S33,2016,6,26,0.0,,,,,
Jurong Pier Road,S33,2016,6,27,0.0,,,,,
Jurong Pier Road,S33,2016,6,28,0.0,,,,,
Jurong Pier Road,S33,2016,6,29,0.0,,,,,
Jurong Pier Road,S33,2016,6,30,0.0,,,,,
Jurong Pier Road,S33,2016,7,1,0.0,,,,,
Jurong Pier Road,S33,2016,7,2,0.0,,,,,
Jurong Pier Road,S33,2016,7,3,0.0,,,,,
Jurong Pier Road,S33,2016,7,4,0.0,,,,,
Jurong Pier Road,S33,2016,7,5,0.0,,,,,
Jurong Pier Road,S33,2016,7,6,19.4,,,,,
Jurong Pier Road,S33,2016,7,7,1.8,,,,,
Jurong Pier Road,S33,2016,7,8,59.6,,,,,
Jurong Pier Road,S33,2016,7,9,0.0,,,,,
Jurong Pier Road,S33,2016,7,10,0.0,,,,,
Jurong Pier Road,S33,2016,7,11,2.6,,,,,
Jurong Pier Road,S33,2016,7,12,0.0,,,,,
Jurong Pier Road,S33,2016,7,13,35.8,,,,,
Jurong Pier Road,S33,2016,7,14,32.0,,,,,
Jurong Pier Road,S33,2016,7,15,25.2,,,,,
Jurong Pier Road,S33,2016,7,16,0.0,,,,,
Jurong Pier Road,S33,2016,7,17,1.4,,,,,
Jurong Pier Road,S33,2016,7,18,0.2,,,,,
Jurong Pier Road,S33,2016,7,19,11.0,,,,,
Jurong Pier Road,S33,2016,7,20,40.8,,,,,
Jurong Pier Road,S33,2016,7,21,22.2,,,,,
Jurong Pier Road,S33,2016,7,22,25.0,,,,,
Jurong Pier Road,S33,2016,7,23,10.8,,,,,
Jurong Pier Road,S33,2016,7,24,3.0,,,,,
Jurong Pier Road,S33,2016,7,25,0.0,,,,,
Jurong Pier Road,S33,2016,7,26,36.8,,,,,
Jurong Pier Road,S33,2016,7,27,0.0,,,,,
Jurong Pier Road,S33,2016,7,28,0.6,,,,,
Jurong Pier Road,S33,2016,7,29,0.0,,,,,
Jurong Pier Road,S33,2016,7,30,0.0,,,,,
Jurong Pier Road,S33,2016,7,31,0.0,,,,,
Jurong Pier Road,S33,2016,8,1,4.2,,,,,
Jurong Pier Road,S33,2016,8,2,0.0,,,,,
Jurong Pier Road,S33,2016,8,3,5.4,,,,,
Jurong Pier Road,S33,2016,8,4,0.0,,,,,
Jurong Pier Road,S33,2016,8,5,0.4,,,,,
Jurong Pier Road,S33,2016,8,6,0.0,,,,,
Jurong Pier Road,S33,2016,8,7,0.0,,,,,
Jurong Pier Road,S33,2016,8,8,0.0,,,,,
Jurong Pier Road,S33,2016,8,9,0.0,,,,,
Jurong Pier Road,S33,2016,8,10,0.0,,,,,
Jurong Pier Road,S33,2016,8,11,0.0,,,,,
Jurong Pier Road,S33,2016,8,12,3.4,,,,,
Jurong Pier Road,S33,2016,8,13,0.0,,,,,
Jurong Pier Road,S33,2016,8,14,0.6,,,,,
Jurong Pier Road,S33,2016,8,15,2.6,,,,,
Jurong Pier Road,S33,2016,8,16,0.0,,,,,
Jurong Pier Road,S33,2016,8,17,5.4,,,,,
Jurong Pier Road,S33,2016,8,18,0.0,,,,,
Jurong Pier Road,S33,2016,8,19,17.4,,,,,
Jurong Pier Road,S33,2016,8,20,2.0,,,,,
Jurong Pier Road,S33,2016,8,21,19.2,,,,,
Jurong Pier Road,S33,2016,8,22,0.0,,,,,
Jurong Pier Road,S33,2016,8,23,0.0,,,,,
Jurong Pier Road,S33,2016,8,24,44.0,,,,,
Jurong Pier Road,S33,2016,8,25,0.0,,,,,
Jurong Pier Road,S33,2016,8,26,0.0,,,,,
Jurong Pier Road,S33,2016,8,27,0.0,,,,,
Jurong Pier Road,S33,2016,8,28,0.0,,,,,
Jurong Pier Road,S33,2016,8,29,0.0,,,,,
Jurong Pier Road,S33,2016,8,30,3.2,,,,,
Jurong Pier Road,S33,2016,8,31,0.0,,,,,
Jurong Pier Road,S33,2016,9,1,6.8,,,,,
Jurong Pier Road,S33,2016,9,2,0.0,,,,,
Jurong Pier Road,S33,2016,9,3,0.0,,,,,
Jurong Pier Road,S33,2016,9,4,0.2,,,,,
Jurong Pier Road,S33,2016,9,5,0.0,,,,,
Jurong Pier Road,S33,2016,9,6,,,,,,
Jurong Pier Road,S33,2016,9,7,40.0,,,,,
Jurong Pier Road,S33,2016,9,8,0.0,,,,,
Jurong Pier Road,S33,2016,9,9,4.0,,,,,
Jurong Pier Road,S33,2016,9,10,10.2,,,,,
Jurong Pier Road,S33,2016,9,11,10.8,,,,,
Jurong Pier Road,S33,2016,9,12,0.2,,,,,
Jurong Pier Road,S33,2016,9,13,0.0,,,,,
Jurong Pier Road,S33,2016,9,14,3.2,,,,,
Jurong Pier Road,S33,2016,9,15,0.0,,,,,
Jurong Pier Road,S33,2016,9,16,9.8,,,,,
Jurong Pier Road,S33,2016,9,17,3.4,,,,,
Jurong Pier Road,S33,2016,9,18,57.4,,,,,
Jurong Pier Road,S33,2016,9,19,5.6,,,,,
Jurong Pier Road,S33,2016,9,20,19.2,,,,,
Jurong Pier Road,S33,2016,9,21,0.0,,,,,
Jurong Pier Road,S33,2016,9,22,0.0,,,,,
Jurong Pier Road,S33,2016,9,23,0.0,,,,,
Jurong Pier Road,S33,2016,9,24,0.0,,,,,
Jurong Pier Road,S33,2016,9,25,4.6,,,,,
Jurong Pier Road,S33,2016,9,26,1.2,,,,,
Jurong Pier Road,S33,2016,9,27,0.0,,,,,
Jurong Pier Road,S33,2016,9,28,0.6,,,,,
Jurong Pier Road,S33,2016,9,29,0.0,,,,,
Jurong Pier Road,S33,2016,9,30,0.0,,,,,
Jurong Pier Road,S33,2016,10,1,0.0,,,,,
Jurong Pier Road,S33,2016,10,2,0.0,,,,,
Jurong Pier Road,S33,2016,10,3,39.4,,,,,
Jurong Pier Road,S33,2016,10,4,0.0,,,,,
Jurong Pier Road,S33,2016,10,5,0.0,,,,,
Jurong Pier Road,S33,2016,10,6,11.4,,,,,
Jurong Pier Road,S33,2016,10,7,61.6,,,,,
Jurong Pier Road,S33,2016,10,8,0.0,,,,,
Jurong Pier Road,S33,2016,10,9,0.0,,,,,
Jurong Pier Road,S33,2016,10,10,0.0,,,,,
Jurong Pier Road,S33,2016,10,11,0.0,,,,,
Jurong Pier Road,S33,2016,10,12,0.0,,,,,
Jurong Pier Road,S33,2016,10,13,0.0,,,,,
Jurong Pier Road,S33,2016,10,14,23.8,,,,,
Jurong Pier Road,S33,2016,10,15,0.4,,,,,
Jurong Pier Road,S33,2016,10,16,5.0,,,,,
Jurong Pier Road,S33,2016,10,17,0.0,,,,,
Jurong Pier Road,S33,2016,10,18,0.0,,,,,
Jurong Pier Road,S33,2016,10,19,18.0,,,,,
Jurong Pier Road,S33,2016,10,20,0.0,,,,,
Jurong Pier Road,S33,2016,10,21,35.0,,,,,
Jurong Pier Road,S33,2016,10,22,1.6,,,,,
Jurong Pier Road,S33,2016,10,23,0.0,,,,,
Jurong Pier Road,S33,2016,10,24,1.6,,,,,
Jurong Pier Road,S33,2016,10,25,55.0,,,,,
Jurong Pier Road,S33,2016,10,26,1.6,,,,,
Jurong Pier Road,S33,2016,10,27,9.2,,,,,
Jurong Pier Road,S33,2016,10,28,1.6,,,,,
Jurong Pier Road,S33,2016,10,29,6.4,,,,,
Jurong Pier Road,S33,2016,10,30,2.0,,,,,
Jurong Pier Road,S33,2016,10,31,0.0,,,,,
Jurong Pier Road,S33,2016,11,1,6.8,,,,,
Jurong Pier Road,S33,2016,11,2,8.6,,,,,
Jurong Pier Road,S33,2016,11,3,2.0,,,,,
Jurong Pier Road,S33,2016,11,4,3.2,,,,,
Jurong Pier Road,S33,2016,11,5,22.2,,,,,
Jurong Pier Road,S33,2016,11,6,1.0,,,,,
Jurong Pier Road,S33,2016,11,7,1.8,,,,,
Jurong Pier Road,S33,2016,11,8,0.0,,,,,
Jurong Pier Road,S33,2016,11,9,0.0,,,,,
Jurong Pier Road,S33,2016,11,10,0.0,,,,,
Jurong Pier Road,S33,2016,11,11,22.2,,,,,
Jurong Pier Road,S33,2016,11,12,4.4,,,,,
Jurong Pier Road,S33,2016,11,13,0.8,,,,,
Jurong Pier Road,S33,2016,11,14,30.2,,,,,
Jurong Pier Road,S33,2016,11,15,30.2,,,,,
Jurong Pier Road,S33,2016,11,16,78.2,,,,,
Jurong Pier Road,S33,2016,11,17,0.0,,,,,
Jurong Pier Road,S33,2016,11,18,4.8,,,,,
Jurong Pier Road,S33,2016,11,19,8.0,,,,,
Jurong Pier Road,S33,2016,11,20,2.2,,,,,
Jurong Pier Road,S33,2016,11,21,0.6,,,,,
Jurong Pier Road,S33,2016,11,22,13.6,,,,,
Jurong Pier Road,S33,2016,11,23,2.2,,,,,
Jurong Pier Road,S33,2016,11,24,0.0,,,,,
Jurong Pier Road,S33,2016,11,25,0.0,,,,,
Jurong Pier Road,S33,2016,11,26,16.2,,,,,
Jurong Pier Road,S33,2016,11,27,3.0,,,,,
Jurong Pier Road,S33,2016,11,28,0.0,,,,,
Jurong Pier Road,S33,2016,11,29,0.0,,,,,
Jurong Pier Road,S33,2016,11,30,0.0,,,,,
Jurong Pier Road,S33,2016,12,1,16.0,,,,,
Jurong Pier Road,S33,2016,12,2,3.4,,,,,
Jurong Pier Road,S33,2016,12,3,6.0,,,,,
Jurong Pier Road,S33,2016,12,4,0.0,,,,,
Jurong Pier Road,S33,2016,12,5,23.8,,,,,
Jurong Pier Road,S33,2016,12,6,0.4,,,,,
Jurong Pier Road,S33,2016,12,7,0.0,,,,,
Jurong Pier Road,S33,2016,12,8,0.2,,,,,
Jurong Pier Road,S33,2016,12,9,0.2,,,,,
Jurong Pier Road,S33,2016,12,10,0.0,,,,,
Jurong Pier Road,S33,2016,12,11,0.4,,,,,
Jurong Pier Road,S33,2016,12,12,0.0,,,,,
Jurong Pier Road,S33,2016,12,13,0.0,,,,,
Jurong Pier Road,S33,2016,12,14,0.0,,,,,
Jurong Pier Road,S33,2016,12,15,0.0,,,,,
Jurong Pier Road,S33,2016,12,16,0.0,,,,,
Jurong Pier Road,S33,2016,12,17,4.0,,,,,
Jurong Pier Road,S33,2016,12,18,32.8,,,,,
Jurong Pier Road,S33,2016,12,19,1.4,,,,,
Jurong Pier Road,S33,2016,12,20,0.0,,,,,
Jurong Pier Road,S33,2016,12,21,0.0,,,,,
Jurong Pier Road,S33,2016,12,22,21.2,,,,,
Jurong Pier Road,S33,2016,12,23,20.8,,,,,
Jurong Pier Road,S33,2016,12,24,2.0,,,,,
Jurong Pier Road,S33,2016,12,25,23.0,,,,,
Jurong Pier Road,S33,2016,12,26,0.0,,,,,
Jurong Pier Road,S33,2016,12,27,13.6,,,,,
Jurong Pier Road,S33,2016,12,28,1.2,,,,,
Jurong Pier Road,S33,2016,12,29,0.0,,,,,
Jurong Pier Road,S33,2016,12,30,1.8,,,,,
Jurong Pier Road,S33,2016,12,31,0.0,,,,,
Jurong Pier Road,S33,2017,1,1,49.6,,,,,
Jurong Pier Road,S33,2017,1,2,3.2,,,,,
Jurong Pier Road,S33,2017,1,3,0.0,,,,,
Jurong Pier Road,S33,2017,1,4,4.0,,,,,
Jurong Pier Road,S33,2017,1,5,4.0,,,,,
Jurong Pier Road,S33,2017,1,6,0.0,,,,,
Jurong Pier Road,S33,2017,1,7,0.0,,,,,
Jurong Pier Road,S33,2017,1,8,0.0,,,,,
Jurong Pier Road,S33,2017,1,9,0.0,,,,,
Jurong Pier Road,S33,2017,1,10,0.0,,,,,
Jurong Pier Road,S33,2017,1,11,0.0,,,,,
Jurong Pier Road,S33,2017,1,12,0.0,,,,,
Jurong Pier Road,S33,2017,1,13,0.0,,,,,
Jurong Pier Road,S33,2017,1,14,0.0,,,,,
Jurong Pier Road,S33,2017,1,15,0.0,,,,,
Jurong Pier Road,S33,2017,1,16,0.0,,,,,
Jurong Pier Road,S33,2017,1,17,0.0,,,,,
Jurong Pier Road,S33,2017,1,18,21.0,,,,,
Jurong Pier Road,S33,2017,1,19,16.0,,,,,
Jurong Pier Road,S33,2017,1,20,0.6,,,,,
Jurong Pier Road,S33,2017,1,21,4.2,,,,,
Jurong Pier Road,S33,2017,1,22,15.4,,,,,
Jurong Pier Road,S33,2017,1,23,81.4,,,,,
Jurong Pier Road,S33,2017,1,24,8.0,,,,,
Jurong Pier Road,S33,2017,1,25,7.0,,,,,
Jurong Pier Road,S33,2017,1,26,1.4,,,,,
Jurong Pier Road,S33,2017,1,27,1.2,,,,,
Jurong Pier Road,S33,2017,1,28,0.0,,,,,
Jurong Pier Road,S33,2017,1,29,0.0,,,,,
Jurong Pier Road,S33,2017,1,30,6.8,,,,,
Jurong Pier Road,S33,2017,1,31,0.0,,,,,
Jurong Pier Road,S33,2017,2,1,0.0,,,,,
Jurong Pier Road,S33,2017,2,2,0.0,,,,,
Jurong Pier Road,S33,2017,2,3,3.4,,,,,
Jurong Pier Road,S33,2017,2,4,0.6,,,,,
Jurong Pier Road,S33,2017,2,5,0.0,,,,,
Jurong Pier Road,S33,2017,2,6,0.0,,,,,
Jurong Pier Road,S33,2017,2,7,0.2,,,,,
Jurong Pier Road,S33,2017,2,8,10.2,,,,,
Jurong Pier Road,S33,2017,2,9,0.2,,,,,
Jurong Pier Road,S33,2017,2,10,0.0,,,,,
Jurong Pier Road,S33,2017,2,11,0.0,,,,,
Jurong Pier Road,S33,2017,2,12,4.0,,,,,
Jurong Pier Road,S33,2017,2,13,2.2,,,,,
Jurong Pier Road,S33,2017,2,14,0.8,,,,,
Jurong Pier Road,S33,2017,2,15,1.2,,,,,
Jurong Pier Road,S33,2017,2,16,0.2,,,,,
Jurong Pier Road,S33,2017,2,17,0.0,,,,,
Jurong Pier Road,S33,2017,2,18,0.0,,,,,
Jurong Pier Road,S33,2017,2,19,6.6,,,,,
Jurong Pier Road,S33,2017,2,20,25.8,,,,,
Jurong Pier Road,S33,2017,2,21,15.5,,,,,
Jurong Pier Road,S33,2017,2,22,0.0,,,,,
Jurong Pier Road,S33,2017,2,23,0.5,,,,,
Jurong Pier Road,S33,2017,2,24,9.5,,,,,
Jurong Pier Road,S33,2017,2,25,16.5,,,,,
Jurong Pier Road,S33,2017,2,26,13.5,,,,,
Jurong Pier Road,S33,2017,2,27,1.0,,,,,
Jurong Pier Road,S33,2017,2,28,12.0,,,,,
Jurong Pier Road,S33,2017,3,1,11.5,,,,,
Jurong Pier Road,S33,2017,3,2,0.0,,,,,
Jurong Pier Road,S33,2017,3,3,13.0,,,,,
Jurong Pier Road,S33,2017,3,4,2.0,,,,,
Jurong Pier Road,S33,2017,3,5,19.5,,,,,
Jurong Pier Road,S33,2017,3,6,3.5,,,,,
Jurong Pier Road,S33,2017,3,7,0.0,,,,,
Jurong Pier Road,S33,2017,3,8,0.2,,,,,
Jurong Pier Road,S33,2017,3,9,0.0,,,,,
Jurong Pier Road,S33,2017,3,10,0.0,,,,,
Jurong Pier Road,S33,2017,3,11,4.0,,,,,
Jurong Pier Road,S33,2017,3,12,10.0,,,,,
Jurong Pier Road,S33,2017,3,13,0.0,,,,,
Jurong Pier Road,S33,2017,3,14,0.0,,,,,
Jurong Pier Road,S33,2017,3,15,0.0,,,,,
Jurong Pier Road,S33,2017,3,16,4.2,,,,,
Jurong Pier Road,S33,2017,3,17,46.8,,,,,
Jurong Pier Road,S33,2017,3,18,14.4,,,,,
Jurong Pier Road,S33,2017,3,19,0.0,,,,,
Jurong Pier Road,S33,2017,3,20,6.2,,,,,
Jurong Pier Road,S33,2017,3,21,0.0,,,,,
Jurong Pier Road,S33,2017,3,22,21.2,,,,,
Jurong Pier Road,S33,2017,3,23,0.2,,,,,
Jurong Pier Road,S33,2017,3,24,0.2,,,,,
Jurong Pier Road,S33,2017,3,25,0.0,,,,,
Jurong Pier Road,S33,2017,3,26,8.4,,,,,
Jurong Pier Road,S33,2017,3,27,0.0,,,,,
Jurong Pier Road,S33,2017,3,28,0.4,,,,,
Jurong Pier Road,S33,2017,3,29,13.2,,,,,
Jurong Pier Road,S33,2017,3,30,11.8,,,,,
Jurong Pier Road,S33,2017,3,31,0.2,,,,,
Jurong Pier Road,S33,2017,4,1,4.8,,,,,
Jurong Pier Road,S33,2017,4,2,0.0,,,,,
Jurong Pier Road,S33,2017,4,3,11.8,,,,,
Jurong Pier Road,S33,2017,4,4,11.0,,,,,
Jurong Pier Road,S33,2017,4,5,0.4,,,,,
Jurong Pier Road,S33,2017,4,6,0.0,,,,,
Jurong Pier Road,S33,2017,4,7,32.6,,,,,
Jurong Pier Road,S33,2017,4,8,2.0,,,,,
Jurong Pier Road,S33,2017,4,9,0.2,,,,,
Jurong Pier Road,S33,2017,4,10,53.8,,,,,
Jurong Pier Road,S33,2017,4,11,0.0,,,,,
Jurong Pier Road,S33,2017,4,12,36.4,,,,,
Jurong Pier Road,S33,2017,4,13,9.4,,,,,
Jurong Pier Road,S33,2017,4,14,26.2,,,,,
Jurong Pier Road,S33,2017,4,15,57.4,,,,,
Jurong Pier Road,S33,2017,4,16,0.4,,,,,
Jurong Pier Road,S33,2017,4,17,26.8,,,,,
Jurong Pier Road,S33,2017,4,18,17.0,,,,,
Jurong Pier Road,S33,2017,4,19,0.0,,,,,
Jurong Pier Road,S33,2017,4,20,0.0,,,,,
Jurong Pier Road,S33,2017,4,21,19.2,,,,,
Jurong Pier Road,S33,2017,4,22,0.0,,,,,
Jurong Pier Road,S33,2017,4,23,0.0,,,,,
Jurong Pier Road,S33,2017,4,24,10.2,,,,,
Jurong Pier Road,S33,2017,4,25,12.2,,,,,
Jurong Pier Road,S33,2017,4,26,5.4,,,,,
Jurong Pier Road,S33,2017,4,27,18.6,,,,,
Jurong Pier Road,S33,2017,4,28,3.2,,,,,
Jurong Pier Road,S33,2017,4,29,2.0,,,,,
Jurong Pier Road,S33,2017,4,30,0.0,,,,,
Jurong Pier Road,S33,2017,5,1,0.0,,,,,
Jurong Pier Road,S33,2017,5,2,54.4,,,,,
Jurong Pier Road,S33,2017,5,3,0.4,,,,,
Jurong Pier Road,S33,2017,5,4,3.6,,,,,
Jurong Pier Road,S33,2017,5,5,0.0,,,,,
Jurong Pier Road,S33,2017,5,6,4.6,,,,,
Jurong Pier Road,S33,2017,5,7,2.2,,,,,
Jurong Pier Road,S33,2017,5,8,0.0,,,,,
Jurong Pier Road,S33,2017,5,9,0.2,,,,,
Jurong Pier Road,S33,2017,5,10,29.0,,,,,
Jurong Pier Road,S33,2017,5,11,3.8,,,,,
Jurong Pier Road,S33,2017,5,12,9.0,,,,,
Jurong Pier Road,S33,2017,5,13,,,,,,
Jurong Pier Road,S33,2017,5,14,0.0,,,,,
Jurong Pier Road,S33,2017,5,15,2.0,,,,,
Jurong Pier Road,S33,2017,5,16,,,,,,
Jurong Pier Road,S33,2017,5,17,0.0,,,,,
Jurong Pier Road,S33,2017,5,18,,,,,,
Jurong Pier Road,S33,2017,5,19,0.0,,,,,
Jurong Pier Road,S33,2017,5,20,0.0,,,,,
Jurong Pier Road,S33,2017,5,21,3.4,,,,,
Jurong Pier Road,S33,2017,5,22,63.8,,,,,
Jurong Pier Road,S33,2017,5,23,0.8,,,,,
Jurong Pier Road,S33,2017,5,24,40.8,,,,,
Jurong Pier Road,S33,2017,5,25,0.0,,,,,
Jurong Pier Road,S33,2017,5,26,14.2,,,,,
Jurong Pier Road,S33,2017,5,27,1.8,,,,,
Jurong Pier Road,S33,2017,5,28,,,,,,
Jurong Pier Road,S33,2017,5,29,0.0,,,,,
Jurong Pier Road,S33,2017,5,30,35.4,,,,,
Jurong Pier Road,S33,2017,5,31,42.4,,,,,
Jurong Pier Road,S33,2017,6,1,3.4,,,,,
Jurong Pier Road,S33,2017,6,2,0.0,,,,,
Jurong Pier Road,S33,2017,6,3,0.0,,,,,
Jurong Pier Road,S33,2017,6,4,0.0,,,,,
Jurong Pier Road,S33,2017,6,5,0.0,,,,,
Jurong Pier Road,S33,2017,6,6,0.0,,,,,
Jurong Pier Road,S33,2017,6,7,0.0,,,,,
Jurong Pier Road,S33,2017,6,8,0.0,,,,,
Jurong Pier Road,S33,2017,6,9,0.0,,,,,
Jurong Pier Road,S33,2017,6,10,35.2,,,,,
Jurong Pier Road,S33,2017,6,11,0.0,,,,,
Jurong Pier Road,S33,2017,6,12,0.0,,,,,
Jurong Pier Road,S33,2017,6,13,0.4,,,,,
Jurong Pier Road,S33,2017,6,14,73.8,,,,,
Jurong Pier Road,S33,2017,6,15,0.0,,,,,
Jurong Pier Road,S33,2017,6,16,39.2,,,,,
Jurong Pier Road,S33,2017,6,17,0.0,,,,,
Jurong Pier Road,S33,2017,6,18,10.2,,,,,
Jurong Pier Road,S33,2017,6,19,0.2,,,,,
Jurong Pier Road,S33,2017,6,20,0.0,,,,,
Jurong Pier Road,S33,2017,6,21,0.0,,,,,
Jurong Pier Road,S33,2017,6,22,0.0,,,,,
Jurong Pier Road,S33,2017,6,23,0.6,,,,,
Jurong Pier Road,S33,2017,6,24,0.0,,,,,
Jurong Pier Road,S33,2017,6,25,0.0,,,,,
Jurong Pier Road,S33,2017,6,26,0.2,,,,,
Jurong Pier Road,S33,2017,6,27,2.4,,,,,
Jurong Pier Road,S33,2017,6,28,37.2,,,,,
Jurong Pier Road,S33,2017,6,29,52.2,,,,,
Jurong Pier Road,S33,2017,6,30,0.0,,,,,
Jurong Pier Road,S33,2017,7,1,0.0,,,,,
Jurong Pier Road,S33,2017,7,2,0.0,,,,,
Jurong Pier Road,S33,2017,7,3,0.0,,,,,
Jurong Pier Road,S33,2017,7,4,0.0,,,,,
Jurong Pier Road,S33,2017,7,5,39.6,,,,,
Jurong Pier Road,S33,2017,7,6,5.0,,,,,
Jurong Pier Road,S33,2017,7,7,0.0,,,,,
Jurong Pier Road,S33,2017,7,8,9.2,,,,,
Jurong Pier Road,S33,2017,7,9,0.0,,,,,
Jurong Pier Road,S33,2017,7,10,0.0,,,,,
Jurong Pier Road,S33,2017,7,11,6.2,,,,,
Jurong Pier Road,S33,2017,7,12,9.8,,,,,
Jurong Pier Road,S33,2017,7,13,14.4,,,,,
Jurong Pier Road,S33,2017,7,14,10.2,,,,,
Jurong Pier Road,S33,2017,7,15,,,,,,
Jurong Pier Road,S33,2017,7,16,0.2,,,,,
Jurong Pier Road,S33,2017,7,17,0.0,,,,,
Jurong Pier Road,S33,2017,7,18,0.0,,,,,
Jurong Pier Road,S33,2017,7,19,0.0,,,,,
Jurong Pier Road,S33,2017,7,20,0.0,,,,,
Jurong Pier Road,S33,2017,7,21,0.0,,,,,
Jurong Pier Road,S33,2017,7,22,0.0,,,,,
Jurong Pier Road,S33,2017,7,23,0.0,,,,,
Jurong Pier Road,S33,2017,7,24,0.0,,,,,
Jurong Pier Road,S33,2017,7,25,0.0,,,,,
Jurong Pier Road,S33,2017,7,26,0.0,,,,,
Jurong Pier Road,S33,2017,7,27,0.0,,,,,
Jurong Pier Road,S33,2017,7,28,0.0,,,,,
Jurong Pier Road,S33,2017,7,29,0.0,,,,,
Jurong Pier Road,S33,2017,7,30,0.0,,,,,
Jurong Pier Road,S33,2017,7,31,0.0,,,,,
Jurong Pier Road,S33,2017,8,1,0.0,,,,,
Jurong Pier Road,S33,2017,8,2,0.0,,,,,
Jurong Pier Road,S33,2017,8,3,0.0,,,,,
Jurong Pier Road,S33,2017,8,4,0.0,,,,,
Jurong Pier Road,S33,2017,8,5,0.0,,,,,
Jurong Pier Road,S33,2017,8,6,0.0,,,,,
Jurong Pier Road,S33,2017,8,7,0.6,,,,,
Jurong Pier Road,S33,2017,8,8,0.4,,,,,
Jurong Pier Road,S33,2017,8,9,0.0,,,,,
Jurong Pier Road,S33,2017,8,10,0.0,,,,,
Jurong Pier Road,S33,2017,8,11,21.2,,,,,
Jurong Pier Road,S33,2017,8,12,19.2,,,,,
Jurong Pier Road,S33,2017,8,13,0.4,,,,,
Jurong Pier Road,S33,2017,8,14,0.0,,,,,
Jurong Pier Road,S33,2017,8,15,56.4,,,,,
Jurong Pier Road,S33,2017,8,16,0.0,,,,,
Jurong Pier Road,S33,2017,8,17,45.0,,,,,
Jurong Pier Road,S33,2017,8,18,,,,,,
Jurong Pier Road,S33,2017,8,19,,,,,,
Jurong Pier Road,S33,2017,8,20,,,,,,
Jurong Pier Road,S33,2017,8,21,0.0,,,,,
Jurong Pier Road,S33,2017,8,22,0.0,,,,,
Jurong Pier Road,S33,2017,8,23,0.0,,,,,
Jurong Pier Road,S33,2017,8,24,0.4,,,,,
Jurong Pier Road,S33,2017,8,25,,,,,,
Jurong Pier Road,S33,2017,8,26,,,,,,
Jurong Pier Road,S33,2017,8,27,,,,,,
Jurong Pier Road,S33,2017,8,28,0.0,,,,,
Jurong Pier Road,S33,2017,8,29,,,,,,
Jurong Pier Road,S33,2017,8,30,,,,,,
Jurong Pier Road,S33,2017,8,31,,,,,,
Jurong Pier Road,S33,2017,9,1,0.0,,,,,
Jurong Pier Road,S33,2017,9,2,0.0,,,,,
Jurong Pier Road,S33,2017,9,3,0.0,,,,,
Jurong Pier Road,S33,2017,9,4,0.0,,,,,
Jurong Pier Road,S33,2017,9,5,0.4,,,,,
Jurong Pier Road,S33,2017,9,6,35.8,,,,,
Jurong Pier Road,S33,2017,9,7,4.6,,,,,
Jurong Pier Road,S33,2017,9,8,0.2,,,,,
Jurong Pier Road,S33,2017,9,9,0.8,,,,,
Jurong Pier Road,S33,2017,9,10,1.0,,,,,
Jurong Pier Road,S33,2017,9,11,15.4,,,,,
Jurong Pier Road,S33,2017,9,12,0.0,,,,,
Jurong Pier Road,S33,2017,9,13,0.0,,,,,
Jurong Pier Road,S33,2017,9,14,53.2,,,,,
Jurong Pier Road,S33,2017,9,15,25.0,,,,,
Jurong Pier Road,S33,2017,9,16,12.8,,,,,
Jurong Pier Road,S33,2017,9,17,19.2,,,,,
Jurong Pier Road,S33,2017,9,18,67.4,,,,,
Jurong Pier Road,S33,2017,9,19,7.2,,,,,
Jurong Pier Road,S33,2017,9,20,2.0,,,,,
Jurong Pier Road,S33,2017,9,21,5.6,,,,,
Jurong Pier Road,S33,2017,9,22,0.2,,,,,
Jurong Pier Road,S33,2017,9,23,0.0,,,,,
Jurong Pier Road,S33,2017,9,24,17.4,,,,,
Jurong Pier Road,S33,2017,9,25,0.0,,,,,
Jurong Pier Road,S33,2017,9,26,13.0,,,,,
Jurong Pier Road,S33,2017,9,27,0.2,,,,,
Jurong Pier Road,S33,2017,9,28,5.4,,,,,
Jurong Pier Road,S33,2017,9,29,27.4,,,,,
Jurong Pier Road,S33,2017,9,30,6.0,,,,,
Jurong Pier Road,S33,2017,10,1,5.0,,,,,
Jurong Pier Road,S33,2017,10,2,0.0,,,,,
Jurong Pier Road,S33,2017,10,3,12.6,,,,,
Jurong Pier Road,S33,2017,10,4,18.4,,,,,
Jurong Pier Road,S33,2017,10,5,,,,,,
Jurong Pier Road,S33,2017,10,6,18.4,,,,,
Jurong Pier Road,S33,2017,10,7,3.6,,,,,
Jurong Pier Road,S33,2017,10,8,0.0,,,,,
Jurong Pier Road,S33,2017,10,9,16.8,,,,,
Jurong Pier Road,S33,2017,10,10,2.6,,,,,
Jurong Pier Road,S33,2017,10,11,5.8,,,,,
Jurong Pier Road,S33,2017,10,12,43.2,,,,,
Jurong Pier Road,S33,2017,10,13,6.4,,,,,
Jurong Pier Road,S33,2017,10,14,0.0,,,,,
Jurong Pier Road,S33,2017,10,15,0.0,,,,,
Jurong Pier Road,S33,2017,10,16,0.0,,,,,
Jurong Pier Road,S33,2017,10,17,0.0,,,,,
Jurong Pier Road,S33,2017,10,18,0.0,,,,,
Jurong Pier Road,S33,2017,10,19,0.0,,,,,
Jurong Pier Road,S33,2017,10,20,0.0,,,,,
Jurong Pier Road,S33,2017,10,21,0.0,,,,,
Jurong Pier Road,S33,2017,10,22,0.0,,,,,
Jurong Pier Road,S33,2017,10,23,0.2,,,,,
Jurong Pier Road,S33,2017,10,24,0.0,,,,,
Jurong Pier Road,S33,2017,10,25,0.0,,,,,
Jurong Pier Road,S33,2017,10,26,0.0,,,,,
Jurong Pier Road,S33,2017,10,27,0.0,,,,,
Jurong Pier Road,S33,2017,10,28,0.0,,,,,
Jurong Pier Road,S33,2017,10,29,2.8,,,,,
Jurong Pier Road,S33,2017,10,30,33.6,,,,,
Jurong Pier Road,S33,2017,10,31,1.0,,,,,
Jurong Pier Road,S33,2017,11,1,0.0,,,,,
Jurong Pier Road,S33,2017,11,2,0.0,,,,,
Jurong Pier Road,S33,2017,11,3,24.8,,,,,
Jurong Pier Road,S33,2017,11,4,14.8,,,,,
Jurong Pier Road,S33,2017,11,5,1.0,,,,,
Jurong Pier Road,S33,2017,11,6,25.0,,,,,
Jurong Pier Road,S33,2017,11,7,0.2,,,,,
Jurong Pier Road,S33,2017,11,8,21.6,,,,,
Jurong Pier Road,S33,2017,11,9,10.6,,,,,
Jurong Pier Road,S33,2017,11,10,1.2,,,,,
Jurong Pier Road,S33,2017,11,11,1.4,,,,,
Jurong Pier Road,S33,2017,11,12,0.8,,,,,
Jurong Pier Road,S33,2017,11,13,,,,,,
Jurong Pier Road,S33,2017,11,14,47.8,,,,,
Jurong Pier Road,S33,2017,11,15,14.6,,,,,
Jurong Pier Road,S33,2017,11,16,0.0,,,,,
Jurong Pier Road,S33,2017,11,17,18.0,,,,,
Jurong Pier Road,S33,2017,11,18,5.8,,,,,
Jurong Pier Road,S33,2017,11,19,0.0,,,,,
Jurong Pier Road,S33,2017,11,20,0.0,,,,,
Jurong Pier Road,S33,2017,11,21,8.2,,,,,
Jurong Pier Road,S33,2017,11,22,26.2,,,,,
Jurong Pier Road,S33,2017,11,23,9.4,,,,,
Jurong Pier Road,S33,2017,11,24,7.2,,,,,
Jurong Pier Road,S33,2017,11,25,69.4,,,,,
Jurong Pier Road,S33,2017,11,26,1.6,,,,,
Jurong Pier Road,S33,2017,11,27,1.2,,,,,
Jurong Pier Road,S33,2017,11,28,1.6,,,,,
Jurong Pier Road,S33,2017,11,29,15.4,,,,,
Jurong Pier Road,S33,2017,11,30,5.0,,,,,
Jurong Pier Road,S33,2017,12,1,0.0,,,,,
Jurong Pier Road,S33,2017,12,2,0.0,,,,,
Jurong Pier Road,S33,2017,12,3,0.2,,,,,
Jurong Pier Road,S33,2017,12,4,0.2,,,,,
Jurong Pier Road,S33,2017,12,5,0.0,,,,,
Jurong Pier Road,S33,2017,12,6,0.0,,,,,
Jurong Pier Road,S33,2017,12,7,1.0,,,,,
Jurong Pier Road,S33,2017,12,8,0.0,,,,,
Jurong Pier Road,S33,2017,12,9,0.0,,,,,
Jurong Pier Road,S33,2017,12,10,66.6,,,,,
Jurong Pier Road,S33,2017,12,11,33.2,,,,,
Jurong Pier Road,S33,2017,12,12,15.0,,,,,
Jurong Pier Road,S33,2017,12,13,0.0,,,,,
Jurong Pier Road,S33,2017,12,14,0.2,,,,,
Jurong Pier Road,S33,2017,12,15,6.6,,,,,
Jurong Pier Road,S33,2017,12,16,0.2,,,,,
Jurong Pier Road,S33,2017,12,17,0.0,,,,,
Jurong Pier Road,S33,2017,12,18,0.0,,,,,
Jurong Pier Road,S33,2017,12,19,2.2,,,,,
Jurong Pier Road,S33,2017,12,20,0.0,,,,,
Jurong Pier Road,S33,2017,12,21,0.0,,,,,
Jurong Pier Road,S33,2017,12,22,21.4,,,,,
Jurong Pier Road,S33,2017,12,23,6.0,,,,,
Jurong Pier Road,S33,2017,12,24,0.0,,,,,
Jurong Pier Road,S33,2017,12,25,11.8,,,,,
Jurong Pier Road,S33,2017,12,26,7.0,,,,,
Jurong Pier Road,S33,2017,12,27,3.6,,,,,
Jurong Pier Road,S33,2017,12,28,5.6,,,,,
Jurong Pier Road,S33,2017,12,29,6.0,,,,,
Jurong Pier Road,S33,2017,12,30,21.4,,,,,
Jurong Pier Road,S33,2017,12,31,58.6,,,,,
Jurong Pier Road,S33,2018,1,1,,,,,,
Jurong Pier Road,S33,2018,1,2,,,,,,
Jurong Pier Road,S33,2018,1,3,6.4,,,,,
Jurong Pier Road,S33,2018,1,4,2.4,,,,,
Jurong Pier Road,S33,2018,1,5,15.4,,,,,
Jurong Pier Road,S33,2018,1,6,0.0,,,,,
Jurong Pier Road,S33,2018,1,7,29.8,,,,,
Jurong Pier Road,S33,2018,1,8,,,,,,
Jurong Pier Road,S33,2018,1,9,38.2,,,,,
Jurong Pier Road,S33,2018,1,10,11.4,,,,,
Jurong Pier Road,S33,2018,1,11,,,,,,
Jurong Pier Road,S33,2018,1,12,,,,,,
Jurong Pier Road,S33,2018,1,13,,,,,,
Jurong Pier Road,S33,2018,1,14,,,,,,
Jurong Pier Road,S33,2018,1,15,,,,,,
Jurong Pier Road,S33,2018,1,16,0.0,,,,,
Jurong Pier Road,S33,2018,1,17,0.0,,,,,
Jurong Pier Road,S33,2018,1,18,0.0,,,,,
Jurong Pier Road,S33,2018,1,19,39.2,,,,,
Jurong Pier Road,S33,2018,1,20,0.0,,,,,
Jurong Pier Road,S33,2018,1,21,0.0,,,,,
Jurong Pier Road,S33,2018,1,22,0.0,,,,,
Jurong Pier Road,S33,2018,1,23,2.6,,,,,
Jurong Pier Road,S33,2018,1,24,51.4,,,,,
Jurong Pier Road,S33,2018,1,25,0.6,,,,,
Jurong Pier Road,S33,2018,1,26,26.4,,,,,
Jurong Pier Road,S33,2018,1,27,0.0,,,,,
Jurong Pier Road,S33,2018,1,28,1.2,,,,,
Jurong Pier Road,S33,2018,1,29,0.0,,,,,
Jurong Pier Road,S33,2018,1,30,0.0,,,,,
Jurong Pier Road,S33,2018,1,31,0.0,,,,,
Jurong Pier Road,S33,2018,2,1,7.8,,,,,
Jurong Pier Road,S33,2018,2,2,12.4,,,,,
Jurong Pier Road,S33,2018,2,3,0.2,,,,,
Jurong Pier Road,S33,2018,2,4,2.0,,,,,
Jurong Pier Road,S33,2018,2,5,0.0,,,,,
Jurong Pier Road,S33,2018,2,6,0.0,,,,,
Jurong Pier Road,S33,2018,2,7,0.0,,,,,
Jurong Pier Road,S33,2018,2,8,0.0,,,,,
Jurong Pier Road,S33,2018,2,9,0.0,,,,,
Jurong Pier Road,S33,2018,2,10,0.0,,,,,
Jurong Pier Road,S33,2018,2,11,0.0,,,,,
Jurong Pier Road,S33,2018,2,12,0.0,,,,,
Jurong Pier Road,S33,2018,2,13,0.0,,,,,
Jurong Pier Road,S33,2018,2,14,0.0,,,,,
Jurong Pier Road,S33,2018,2,15,0.0,,,,,
Jurong Pier Road,S33,2018,2,16,0.0,,,,,
Jurong Pier Road,S33,2018,2,17,0.0,,,,,
Jurong Pier Road,S33,2018,2,18,0.0,,,,,
Jurong Pier Road,S33,2018,2,19,0.0,,,,,
Jurong Pier Road,S33,2018,2,20,0.0,,,,,
Jurong Pier Road,S33,2018,2,21,0.0,,,,,
Jurong Pier Road,S33,2018,2,22,14.6,,,,,
Jurong Pier Road,S33,2018,2,23,56.4,,,,,
Jurong Pier Road,S33,2018,2,24,0.0,,,,,
Jurong Pier Road,S33,2018,2,25,0.0,,,,,
Jurong Pier Road,S33,2018,2,26,0.0,,,,,
Jurong Pier Road,S33,2018,2,27,0.0,,,,,
Jurong Pier Road,S33,2018,2,28,16.4,,,,,
Jurong Pier Road,S33,2018,3,1,20.4,,,,,
Jurong Pier Road,S33,2018,3,2,0.0,,,,,
Jurong Pier Road,S33,2018,3,3,10.4,,,,,
Jurong Pier Road,S33,2018,3,4,5.0,,,,,
Jurong Pier Road,S33,2018,3,5,0.0,,,,,
Jurong Pier Road,S33,2018,3,6,10.2,,,,,
Jurong Pier Road,S33,2018,3,7,7.4,,,,,
Jurong Pier Road,S33,2018,3,8,0.0,,,,,
Jurong Pier Road,S33,2018,3,9,0.0,,,,,
Jurong Pier Road,S33,2018,3,10,14.6,,,,,
Jurong Pier Road,S33,2018,3,11,0.0,,,,,
Jurong Pier Road,S33,2018,3,12,18.6,,,,,
Jurong Pier Road,S33,2018,3,13,0.0,,,,,
Jurong Pier Road,S33,2018,3,14,1.2,,,,,
Jurong Pier Road,S33,2018,3,15,0.0,,,,,
Jurong Pier Road,S33,2018,3,16,0.0,,,,,
Jurong Pier Road,S33,2018,3,17,3.8,,,,,
Jurong Pier Road,S33,2018,3,18,0.0,,,,,
Jurong Pier Road,S33,2018,3,19,0.0,,,,,
Jurong Pier Road,S33,2018,3,20,15.2,,,,,
Jurong Pier Road,S33,2018,3,21,0.0,,,,,
Jurong Pier Road,S33,2018,3,22,0.0,,,,,
Jurong Pier Road,S33,2018,3,23,0.0,,,,,
Jurong Pier Road,S33,2018,3,24,39.0,,,,,
Jurong Pier Road,S33,2018,3,25,8.0,,,,,
Jurong Pier Road,S33,2018,3,26,72.8,,,,,
Jurong Pier Road,S33,2018,3,27,5.8,,,,,
Jurong Pier Road,S33,2018,3,28,0.0,,,,,
Jurong Pier Road,S33,2018,3,29,0.0,,,,,
Jurong Pier Road,S33,2018,3,30,47.6,,,,,
Jurong Pier Road,S33,2018,3,31,0.0,,,,,
Jurong Pier Road,S33,2018,4,1,19.8,,,,,
Jurong Pier Road,S33,2018,4,2,61.8,,,,,
Jurong Pier Road,S33,2018,4,3,3.0,,,,,
Jurong Pier Road,S33,2018,4,4,0.2,,,,,
Jurong Pier Road,S33,2018,4,5,0.0,,,,,
Jurong Pier Road,S33,2018,4,6,0.0,,,,,
Jurong Pier Road,S33,2018,4,7,29.2,,,,,
Jurong Pier Road,S33,2018,4,8,0.0,,,,,
Jurong Pier Road,S33,2018,4,9,0.0,,,,,
Jurong Pier Road,S33,2018,4,10,0.0,,,,,
Jurong Pier Road,S33,2018,4,11,0.0,,,,,
Jurong Pier Road,S33,2018,4,12,9.2,,,,,
Jurong Pier Road,S33,2018,4,13,5.4,,,,,
Jurong Pier Road,S33,2018,4,14,30.8,,,,,
Jurong Pier Road,S33,2018,4,15,4.8,,,,,
Jurong Pier Road,S33,2018,4,16,2.2,,,,,
Jurong Pier Road,S33,2018,4,17,25.4,,,,,
Jurong Pier Road,S33,2018,4,18,0.0,,,,,
Jurong Pier Road,S33,2018,4,19,2.8,,,,,
Jurong Pier Road,S33,2018,4,20,56.4,,,,,
Jurong Pier Road,S33,2018,4,21,23.4,,,,,
Jurong Pier Road,S33,2018,4,22,0.2,,,,,
Jurong Pier Road,S33,2018,4,23,37.8,,,,,
Jurong Pier Road,S33,2018,4,24,0.0,,,,,
Jurong Pier Road,S33,2018,4,25,0.0,,,,,
Jurong Pier Road,S33,2018,4,26,0.0,,,,,
Jurong Pier Road,S33,2018,4,27,7.6,,,,,
Jurong Pier Road,S33,2018,4,28,0.6,,,,,
Jurong Pier Road,S33,2018,4,29,0.0,,,,,
Jurong Pier Road,S33,2018,4,30,0.0,,,,,
Jurong Pier Road,S33,2018,5,1,69.0,,,,,
Jurong Pier Road,S33,2018,5,2,11.6,,,,,
Jurong Pier Road,S33,2018,5,3,2.2,,,,,
Jurong Pier Road,S33,2018,5,4,8.0,,,,,
Jurong Pier Road,S33,2018,5,5,0.2,,,,,
Jurong Pier Road,S33,2018,5,6,0.0,,,,,
Jurong Pier Road,S33,2018,5,7,0.0,,,,,
Jurong Pier Road,S33,2018,5,8,0.0,,,,,
Jurong Pier Road,S33,2018,5,9,0.0,,,,,
Jurong Pier Road,S33,2018,5,10,0.0,,,,,
Jurong Pier Road,S33,2018,5,11,7.8,,,,,
Jurong Pier Road,S33,2018,5,12,0.0,,,,,
Jurong Pier Road,S33,2018,5,13,12.2,,,,,
Jurong Pier Road,S33,2018,5,14,9.4,,,,,
Jurong Pier Road,S33,2018,5,15,35.0,,,,,
Jurong Pier Road,S33,2018,5,16,27.4,,,,,
Jurong Pier Road,S33,2018,5,17,0.0,,,,,
Jurong Pier Road,S33,2018,5,18,7.2,,,,,
Jurong Pier Road,S33,2018,5,19,6.0,,,,,
Jurong Pier Road,S33,2018,5,20,29.6,,,,,
Jurong Pier Road,S33,2018,5,21,0.0,,,,,
Jurong Pier Road,S33,2018,5,22,0.0,,,,,
Jurong Pier Road,S33,2018,5,23,15.0,,,,,
Jurong Pier Road,S33,2018,5,24,0.4,,,,,
Jurong Pier Road,S33,2018,5,25,11.2,,,,,
Jurong Pier Road,S33,2018,5,26,40.2,,,,,
Jurong Pier Road,S33,2018,5,27,1.0,,,,,
Jurong Pier Road,S33,2018,5,28,17.8,,,,,
Jurong Pier Road,S33,2018,5,29,7.4,,,,,
Jurong Pier Road,S33,2018,5,30,18.8,,,,,
Jurong Pier Road,S33,2018,5,31,,,,,,
Jurong Pier Road,S33,2018,6,1,29.6,,,,,
Jurong Pier Road,S33,2018,6,2,61.0,,,,,
Jurong Pier Road,S33,2018,6,3,0.0,,,,,
Jurong Pier Road,S33,2018,6,4,1.2,,,,,
Jurong Pier Road,S33,2018,6,5,0.0,,,,,
Jurong Pier Road,S33,2018,6,6,0.0,,,,,
Jurong Pier Road,S33,2018,6,7,0.0,,,,,
Jurong Pier Road,S33,2018,6,8,5.4,,,,,
Jurong Pier Road,S33,2018,6,9,0.0,,,,,
Jurong Pier Road,S33,2018,6,10,0.0,,,,,
Jurong Pier Road,S33,2018,6,11,0.0,,,,,
Jurong Pier Road,S33,2018,6,12,0.0,,,,,
Jurong Pier Road,S33,2018,6,13,12.2,,,,,
Jurong Pier Road,S33,2018,6,14,3.0,,,,,
Jurong Pier Road,S33,2018,6,15,36.6,,,,,
Jurong Pier Road,S33,2018,6,16,0.0,,,,,
Jurong Pier Road,S33,2018,6,17,0.0,,,,,
Jurong Pier Road,S33,2018,6,18,9.4,,,,,
Jurong Pier Road,S33,2018,6,19,,,,,,
Jurong Pier Road,S33,2018,6,20,45.0,,,,,
Jurong Pier Road,S33,2018,6,21,0.4,,,,,
Jurong Pier Road,S33,2018,6,22,0.0,,,,,
Jurong Pier Road,S33,2018,6,23,0.0,,,,,
Jurong Pier Road,S33,2018,6,24,6.6,,,,,
Jurong Pier Road,S33,2018,6,25,73.4,,,,,
Jurong Pier Road,S33,2018,6,26,7.8,,,,,
Jurong Pier Road,S33,2018,6,27,,,,,,
Jurong Pier Road,S33,2018,6,28,,,,,,
Jurong Pier Road,S33,2018,6,29,29.2,,,,,
Jurong Pier Road,S33,2018,6,30,0.0,,,,,
Jurong Pier Road,S33,2018,7,1,,,,,,
Jurong Pier Road,S33,2018,7,2,,,,,,
Jurong Pier Road,S33,2018,7,3,16.6,,,,,
Jurong Pier Road,S33,2018,7,4,0.2,,,,,
Jurong Pier Road,S33,2018,7,5,0.0,,,,,
Jurong Pier Road,S33,2018,7,6,0.0,,,,,
Jurong Pier Road,S33,2018,7,7,0.0,,,,,
Jurong Pier Road,S33,2018,7,8,0.0,,,,,
Jurong Pier Road,S33,2018,7,9,5.0,,,,,
Jurong Pier Road,S33,2018,7,10,3.6,,,,,
Jurong Pier Road,S33,2018,7,11,0.2,,,,,
Jurong Pier Road,S33,2018,7,12,0.0,,,,,
Jurong Pier Road,S33,2018,7,13,0.0,,,,,
Jurong Pier Road,S33,2018,7,14,0.0,,,,,
Jurong Pier Road,S33,2018,7,15,23.4,,,,,
Jurong Pier Road,S33,2018,7,16,0.0,,,,,
Jurong Pier Road,S33,2018,7,17,0.0,,,,,
Jurong Pier Road,S33,2018,7,18,0.0,,,,,
Jurong Pier Road,S33,2018,7,19,6.6,,,,,
Jurong Pier Road,S33,2018,7,20,4.0,,,,,
Jurong Pier Road,S33,2018,7,21,4.2,,,,,
Jurong Pier Road,S33,2018,7,22,1.4,,,,,
Jurong Pier Road,S33,2018,7,23,0.0,,,,,
Jurong Pier Road,S33,2018,7,24,0.0,,,,,
Jurong Pier Road,S33,2018,7,25,46.8,,,,,
Jurong Pier Road,S33,2018,7,26,0.0,,,,,
Jurong Pier Road,S33,2018,7,27,0.0,,,,,
Jurong Pier Road,S33,2018,7,28,0.0,,,,,
Jurong Pier Road,S33,2018,7,29,0.2,,,,,
Jurong Pier Road,S33,2018,7,30,17.4,,,,,
Jurong Pier Road,S33,2018,7,31,0.0,,,,,
Jurong Pier Road,S33,2018,8,1,0.4,,,,,
Jurong Pier Road,S33,2018,8,2,0.0,,,,,
Jurong Pier Road,S33,2018,8,3,0.0,,,,,
Jurong Pier Road,S33,2018,8,4,3.2,,,,,
Jurong Pier Road,S33,2018,8,5,8.8,,,,,
Jurong Pier Road,S33,2018,8,6,0.0,,,,,
Jurong Pier Road,S33,2018,8,7,0.0,,,,,
Jurong Pier Road,S33,2018,8,8,0.0,,,,,
Jurong Pier Road,S33,2018,8,9,0.0,,,,,
Jurong Pier Road,S33,2018,8,10,0.0,,,,,
Jurong Pier Road,S33,2018,8,11,0.0,,,,,
Jurong Pier Road,S33,2018,8,12,0.0,,,,,
Jurong Pier Road,S33,2018,8,13,0.0,,,,,
Jurong Pier Road,S33,2018,8,14,0.0,,,,,
Jurong Pier Road,S33,2018,8,15,0.0,,,,,
Jurong Pier Road,S33,2018,8,16,0.0,,,,,
Jurong Pier Road,S33,2018,8,17,20.8,,,,,
Jurong Pier Road,S33,2018,8,18,0.0,,,,,
Jurong Pier Road,S33,2018,8,19,0.0,,,,,
Jurong Pier Road,S33,2018,8,20,0.0,,,,,
Jurong Pier Road,S33,2018,8,21,0.0,,,,,
Jurong Pier Road,S33,2018,8,22,12.2,,,,,
Jurong Pier Road,S33,2018,8,23,0.0,,,,,
Jurong Pier Road,S33,2018,8,24,17.0,,,,,
Jurong Pier Road,S33,2018,8,25,0.0,,,,,
Jurong Pier Road,S33,2018,8,26,0.0,,,,,
Jurong Pier Road,S33,2018,8,27,0.0,,,,,
Jurong Pier Road,S33,2018,8,28,0.0,,,,,
Jurong Pier Road,S33,2018,8,29,0.0,,,,,
Jurong Pier Road,S33,2018,8,30,0.0,,,,,
Jurong Pier Road,S33,2018,8,31,10.8,,,,,
Jurong Pier Road,S33,2018,9,1,0.2,,,,,
Jurong Pier Road,S33,2018,9,2,5.6,,,,,
Jurong Pier Road,S33,2018,9,3,0.2,,,,,
Jurong Pier Road,S33,2018,9,4,16.6,,,,,
Jurong Pier Road,S33,2018,9,5,0.2,,,,,
Jurong Pier Road,S33,2018,9,6,0.0,,,,,
Jurong Pier Road,S33,2018,9,7,2.8,,,,,
Jurong Pier Road,S33,2018,9,8,18.2,,,,,
Jurong Pier Road,S33,2018,9,9,11.6,,,,,
Jurong Pier Road,S33,2018,9,10,1.4,,,,,
Jurong Pier Road,S33,2018,9,11,1.0,,,,,
Jurong Pier Road,S33,2018,9,12,18.8,,,,,
Jurong Pier Road,S33,2018,9,13,0.0,,,,,
Jurong Pier Road,S33,2018,9,14,0.0,,,,,
Jurong Pier Road,S33,2018,9,15,0.0,,,,,
Jurong Pier Road,S33,2018,9,16,0.0,,,,,
Jurong Pier Road,S33,2018,9,17,0.0,,,,,
Jurong Pier Road,S33,2018,9,18,0.8,,,,,
Jurong Pier Road,S33,2018,9,19,49.6,,,,,
Jurong Pier Road,S33,2018,9,20,22.0,,,,,
Jurong Pier Road,S33,2018,9,21,9.8,,,,,
Jurong Pier Road,S33,2018,9,22,1.6,,,,,
Jurong Pier Road,S33,2018,9,23,0.0,,,,,
Jurong Pier Road,S33,2018,9,24,0.0,,,,,
Jurong Pier Road,S33,2018,9,25,0.4,,,,,
Jurong Pier Road,S33,2018,9,26,0.0,,,,,
Jurong Pier Road,S33,2018,9,27,0.0,,,,,
Jurong Pier Road,S33,2018,9,28,0.0,,,,,
Jurong Pier Road,S33,2018,9,29,0.0,,,,,
Jurong Pier Road,S33,2018,9,30,0.0,,,,,
Jurong Pier Road,S33,2018,10,1,0.0,,,,,
Jurong Pier Road,S33,2018,10,2,0.0,,,,,
Jurong Pier Road,S33,2018,10,3,0.0,,,,,
Jurong Pier Road,S33,2018,10,4,0.0,,,,,
Jurong Pier Road,S33,2018,10,5,0.0,,,,,
Jurong Pier Road,S33,2018,10,6,6.4,,,,,
Jurong Pier Road,S33,2018,10,7,22.0,,,,,
Jurong Pier Road,S33,2018,10,8,14.6,,,,,
Jurong Pier Road,S33,2018,10,9,10.0,,,,,
Jurong Pier Road,S33,2018,10,10,33.4,,,,,
Jurong Pier Road,S33,2018,10,11,25.4,,,,,
Jurong Pier Road,S33,2018,10,12,2.6,,,,,
Jurong Pier Road,S33,2018,10,13,6.2,,,,,
Jurong Pier Road,S33,2018,10,14,15.8,,,,,
Jurong Pier Road,S33,2018,10,15,0.0,,,,,
Jurong Pier Road,S33,2018,10,16,0.2,,,,,
Jurong Pier Road,S33,2018,10,17,0.0,,,,,
Jurong Pier Road,S33,2018,10,18,4.2,,,,,
Jurong Pier Road,S33,2018,10,19,7.4,,,,,
Jurong Pier Road,S33,2018,10,20,0.0,,,,,
Jurong Pier Road,S33,2018,10,21,0.0,,,,,
Jurong Pier Road,S33,2018,10,22,19.0,,,,,
Jurong Pier Road,S33,2018,10,23,31.0,,,,,
Jurong Pier Road,S33,2018,10,24,0.2,,,,,
Jurong Pier Road,S33,2018,10,25,13.8,,,,,
Jurong Pier Road,S33,2018,10,26,1.8,,,,,
Jurong Pier Road,S33,2018,10,27,0.0,,,,,
Jurong Pier Road,S33,2018,10,28,2.4,,,,,
Jurong Pier Road,S33,2018,10,29,17.8,,,,,
Jurong Pier Road,S33,2018,10,30,19.8,,,,,
Jurong Pier Road,S33,2018,10,31,0.2,,,,,
Jurong Pier Road,S33,2018,11,1,4.4,,,,,
Jurong Pier Road,S33,2018,11,2,0.2,,,,,
Jurong Pier Road,S33,2018,11,3,11.8,,,,,
Jurong Pier Road,S33,2018,11,4,2.4,,,,,
Jurong Pier Road,S33,2018,11,5,15.6,,,,,
Jurong Pier Road,S33,2018,11,6,1.8,,,,,
Jurong Pier Road,S33,2018,11,7,1.8,,,,,
Jurong Pier Road,S33,2018,11,8,18.2,,,,,
Jurong Pier Road,S33,2018,11,9,8.6,,,,,
Jurong Pier Road,S33,2018,11,10,60.4,,,,,
Jurong Pier Road,S33,2018,11,11,31.0,,,,,
Jurong Pier Road,S33,2018,11,12,6.6,,,,,
Jurong Pier Road,S33,2018,11,13,0.4,,,,,
Jurong Pier Road,S33,2018,11,14,41.0,,,,,
Jurong Pier Road,S33,2018,11,15,35.0,,,,,
Jurong Pier Road,S33,2018,11,16,0.0,,,,,
Jurong Pier Road,S33,2018,11,17,25.0,,,,,
Jurong Pier Road,S33,2018,11,18,1.4,,,,,
Jurong Pier Road,S33,2018,11,19,0.4,,,,,
Jurong Pier Road,S33,2018,11,20,1.6,,,,,
Jurong Pier Road,S33,2018,11,21,39.4,,,,,
Jurong Pier Road,S33,2018,11,22,29.0,,,,,
Jurong Pier Road,S33,2018,11,23,1.6,,,,,
Jurong Pier Road,S33,2018,11,24,0.0,,,,,
Jurong Pier Road,S33,2018,11,25,0.8,,,,,
Jurong Pier Road,S33,2018,11,26,17.4,,,,,
Jurong Pier Road,S33,2018,11,27,48.2,,,,,
Jurong Pier Road,S33,2018,11,28,26.4,,,,,
Jurong Pier Road,S33,2018,11,29,3.4,,,,,
Jurong Pier Road,S33,2018,11,30,0.4,,,,,
Jurong Pier Road,S33,2018,12,1,5.0,,,,,
Jurong Pier Road,S33,2018,12,2,17.6,,,,,
Jurong Pier Road,S33,2018,12,3,2.6,,,,,
Jurong Pier Road,S33,2018,12,4,0.0,,,,,
Jurong Pier Road,S33,2018,12,5,36.6,,,,,
Jurong Pier Road,S33,2018,12,6,48.6,,,,,
Jurong Pier Road,S33,2018,12,7,0.2,,,,,
Jurong Pier Road,S33,2018,12,8,35.0,,,,,
Jurong Pier Road,S33,2018,12,9,15.4,,,,,
Jurong Pier Road,S33,2018,12,10,42.0,,,,,
Jurong Pier Road,S33,2018,12,11,34.0,,,,,
Jurong Pier Road,S33,2018,12,12,25.6,,,,,
Jurong Pier Road,S33,2018,12,13,0.0,,,,,
Jurong Pier Road,S33,2018,12,14,0.0,,,,,
Jurong Pier Road,S33,2018,12,15,80.4,,,,,
Jurong Pier Road,S33,2018,12,16,2.8,,,,,
Jurong Pier Road,S33,2018,12,17,1.6,,,,,
Jurong Pier Road,S33,2018,12,18,0.0,,,,,
Jurong Pier Road,S33,2018,12,19,6.4,,,,,
Jurong Pier Road,S33,2018,12,20,0.0,,,,,
Jurong Pier Road,S33,2018,12,21,0.0,,,,,
Jurong Pier Road,S33,2018,12,22,0.0,,,,,
Jurong Pier Road,S33,2018,12,23,0.0,,,,,
Jurong Pier Road,S33,2018,12,24,0.0,,,,,
Jurong Pier Road,S33,2018,12,25,0.0,,,,,
Jurong Pier Road,S33,2018,12,26,0.4,,,,,
Jurong Pier Road,S33,2018,12,27,0.0,,,,,
Jurong Pier Road,S33,2018,12,28,0.0,,,,,
Jurong Pier Road,S33,2018,12,29,0.2,,,,,
Jurong Pier Road,S33,2018,12,30,3.0,,,,,
Jurong Pier Road,S33,2018,12,31,12.6,,,,,
Jurong Pier Road,S33,2019,1,1,20.0,,,,,
Jurong Pier Road,S33,2019,1,2,0.0,,,,,
Jurong Pier Road,S33,2019,1,3,0.0,,,,,
Jurong Pier Road,S33,2019,1,4,0.0,,,,,
Jurong Pier Road,S33,2019,1,5,7.4,,,,,
Jurong Pier Road,S33,2019,1,6,0.0,,,,,
Jurong Pier Road,S33,2019,1,7,0.0,,,,,
Jurong Pier Road,S33,2019,1,8,15.8,,,,,
Jurong Pier Road,S33,2019,1,9,0.0,,,,,
Jurong Pier Road,S33,2019,1,10,0.0,,,,,
Jurong Pier Road,S33,2019,1,11,1.2,,,,,
Jurong Pier Road,S33,2019,1,12,0.0,,,,,
Jurong Pier Road,S33,2019,1,13,36.4,,,,,
Jurong Pier Road,S33,2019,1,14,0.0,,,,,
Jurong Pier Road,S33,2019,1,15,0.0,,,,,
Jurong Pier Road,S33,2019,1,16,0.0,,,,,
Jurong Pier Road,S33,2019,1,17,4.8,,,,,
Jurong Pier Road,S33,2019,1,18,23.0,,,,,
Jurong Pier Road,S33,2019,1,19,0.0,,,,,
Jurong Pier Road,S33,2019,1,20,0.0,,,,,
Jurong Pier Road,S33,2019,1,21,0.0,,,,,
Jurong Pier Road,S33,2019,1,22,0.0,,,,,
Jurong Pier Road,S33,2019,1,23,1.6,,,,,
Jurong Pier Road,S33,2019,1,24,0.0,,,,,
Jurong Pier Road,S33,2019,1,25,1.4,,,,,
Jurong Pier Road,S33,2019,1,26,0.0,,,,,
Jurong Pier Road,S33,2019,1,27,0.0,,,,,
Jurong Pier Road,S33,2019,1,28,0.6,,,,,
Jurong Pier Road,S33,2019,1,29,0.0,,,,,
Jurong Pier Road,S33,2019,1,30,0.0,,,,,
Jurong Pier Road,S33,2019,1,31,0.0,,,,,
Jurong Pier Road,S33,2019,2,1,0.0,,,,,
Jurong Pier Road,S33,2019,2,2,0.2,,,,,
Jurong Pier Road,S33,2019,2,3,0.0,,,,,
Jurong Pier Road,S33,2019,2,4,42.4,,,,,
Jurong Pier Road,S33,2019,2,5,0.0,,,,,
Jurong Pier Road,S33,2019,2,6,0.0,,,,,
Jurong Pier Road,S33,2019,2,7,0.0,,,,,
Jurong Pier Road,S33,2019,2,8,0.2,,,,,
Jurong Pier Road,S33,2019,2,9,3.4,,,,,
Jurong Pier Road,S33,2019,2,10,10.6,,,,,
Jurong Pier Road,S33,2019,2,11,0.0,,,,,
Jurong Pier Road,S33,2019,2,12,0.0,,,,,
Jurong Pier Road,S33,2019,2,13,0.0,,,,,
Jurong Pier Road,S33,2019,2,14,0.0,,,,,
Jurong Pier Road,S33,2019,2,15,0.2,,,,,
Jurong Pier Road,S33,2019,2,16,0.0,,,,,
Jurong Pier Road,S33,2019,2,17,0.0,,,,,
Jurong Pier Road,S33,2019,2,18,3.0,,,,,
Jurong Pier Road,S33,2019,2,19,1.0,,,,,
Jurong Pier Road,S33,2019,2,20,0.0,,,,,
Jurong Pier Road,S33,2019,2,21,0.0,,,,,
Jurong Pier Road,S33,2019,2,22,0.0,,,,,
Jurong Pier Road,S33,2019,2,23,0.0,,,,,
Jurong Pier Road,S33,2019,2,24,0.0,,,,,
Jurong Pier Road,S33,2019,2,25,0.0,,,,,
Jurong Pier Road,S33,2019,2,26,1.2,,,,,
Jurong Pier Road,S33,2019,2,27,0.0,,,,,
Jurong Pier Road,S33,2019,2,28,0.0,,,,,
Jurong Pier Road,S33,2019,3,1,0.0,,,,,
Jurong Pier Road,S33,2019,3,2,0.0,,,,,
Jurong Pier Road,S33,2019,3,3,0.0,,,,,
Jurong Pier Road,S33,2019,3,4,0.0,,,,,
Jurong Pier Road,S33,2019,3,5,0.0,,,,,
Jurong Pier Road,S33,2019,3,6,0.0,,,,,
Jurong Pier Road,S33,2019,3,7,8.6,,,,,
Jurong Pier Road,S33,2019,3,8,0.0,,,,,
Jurong Pier Road,S33,2019,3,9,3.4,,,,,
Jurong Pier Road,S33,2019,3,10,0.0,,,,,
Jurong Pier Road,S33,2019,3,11,6.6,,,,,
Jurong Pier Road,S33,2019,3,12,0.6,,,,,
Jurong Pier Road,S33,2019,3,13,4.6,,,,,
Jurong Pier Road,S33,2019,3,14,0.0,,,,,
Jurong Pier Road,S33,2019,3,15,0.0,,,,,
Jurong Pier Road,S33,2019,3,16,26.4,,,,,
Jurong Pier Road,S33,2019,3,17,0.0,,,,,
Jurong Pier Road,S33,2019,3,18,0.0,,,,,
Jurong Pier Road,S33,2019,3,19,0.0,,,,,
Jurong Pier Road,S33,2019,3,20,0.0,,,,,
Jurong Pier Road,S33,2019,3,21,16.8,,,,,
Jurong Pier Road,S33,2019,3,22,0.0,,,,,
Jurong Pier Road,S33,2019,3,23,0.0,,,,,
Jurong Pier Road,S33,2019,3,24,0.0,,,,,
Jurong Pier Road,S33,2019,3,25,3.0,,,,,
Jurong Pier Road,S33,2019,3,26,0.0,,,,,
Jurong Pier Road,S33,2019,3,27,0.0,,,,,
Jurong Pier Road,S33,2019,3,28,3.4,,,,,
Jurong Pier Road,S33,2019,3,29,0.0,,,,,
Jurong Pier Road,S33,2019,3,30,14.0,,,,,
Jurong Pier Road,S33,2019,3,31,0.0,,,,,
Jurong Pier Road,S33,2019,4,1,10.4,,,,,
Jurong Pier Road,S33,2019,4,2,0.0,,,,,
Jurong Pier Road,S33,2019,4,3,37.4,,,,,
Jurong Pier Road,S33,2019,4,4,37.2,,,,,
Jurong Pier Road,S33,2019,4,5,20.2,,,,,
Jurong Pier Road,S33,2019,4,6,0.0,,,,,
Jurong Pier Road,S33,2019,4,7,0.0,,,,,
Jurong Pier Road,S33,2019,4,8,3.2,,,,,
Jurong Pier Road,S33,2019,4,9,0.4,,,,,
Jurong Pier Road,S33,2019,4,10,1.8,,,,,
Jurong Pier Road,S33,2019,4,11,0.4,,,,,
Jurong Pier Road,S33,2019,4,12,0.0,,,,,
Jurong Pier Road,S33,2019,4,13,0.0,,,,,
Jurong Pier Road,S33,2019,4,14,17.4,,,,,
Jurong Pier Road,S33,2019,4,15,0.0,,,,,
Jurong Pier Road,S33,2019,4,16,1.6,,,,,
Jurong Pier Road,S33,2019,4,17,31.0,,,,,
Jurong Pier Road,S33,2019,4,18,0.0,,,,,
Jurong Pier Road,S33,2019,4,19,9.2,,,,,
Jurong Pier Road,S33,2019,4,20,1.6,,,,,
Jurong Pier Road,S33,2019,4,21,0.0,,,,,
Jurong Pier Road,S33,2019,4,22,0.4,,,,,
Jurong Pier Road,S33,2019,4,23,32.4,,,,,
Jurong Pier Road,S33,2019,4,24,0.2,,,,,
Jurong Pier Road,S33,2019,4,25,0.2,,,,,
Jurong Pier Road,S33,2019,4,26,38.2,,,,,
Jurong Pier Road,S33,2019,4,27,5.0,,,,,
Jurong Pier Road,S33,2019,4,28,3.0,,,,,
Jurong Pier Road,S33,2019,4,29,0.0,,,,,
Jurong Pier Road,S33,2019,4,30,0.0,,,,,
Jurong Pier Road,S33,2019,5,1,0.0,,,,,
Jurong Pier Road,S33,2019,5,2,0.0,,,,,
Jurong Pier Road,S33,2019,5,3,14.6,,,,,
Jurong Pier Road,S33,2019,5,4,33.8,,,,,
Jurong Pier Road,S33,2019,5,5,0.2,,,,,
Jurong Pier Road,S33,2019,5,6,0.0,,,,,
Jurong Pier Road,S33,2019,5,7,0.0,,,,,
Jurong Pier Road,S33,2019,5,8,100.0,,,,,
Jurong Pier Road,S33,2019,5,9,0.4,,,,,
Jurong Pier Road,S33,2019,5,10,24.2,,,,,
Jurong Pier Road,S33,2019,5,11,2.2,,,,,
Jurong Pier Road,S33,2019,5,12,14.6,,,,,
Jurong Pier Road,S33,2019,5,13,3.6,,,,,
Jurong Pier Road,S33,2019,5,14,0.0,,,,,
Jurong Pier Road,S33,2019,5,15,0.8,,,,,
Jurong Pier Road,S33,2019,5,16,119.8,,,,,
Jurong Pier Road,S33,2019,5,17,4.4,,,,,
Jurong Pier Road,S33,2019,5,18,0.0,,,,,
Jurong Pier Road,S33,2019,5,19,19.4,,,,,
Jurong Pier Road,S33,2019,5,20,5.2,,,,,
Jurong Pier Road,S33,2019,5,21,2.6,,,,,
Jurong Pier Road,S33,2019,5,22,3.4,,,,,
Jurong Pier Road,S33,2019,5,23,0.2,,,,,
Jurong Pier Road,S33,2019,5,24,0.0,,,,,
Jurong Pier Road,S33,2019,5,25,0.0,,,,,
Jurong Pier Road,S33,2019,5,26,0.0,,,,,
Jurong Pier Road,S33,2019,5,27,0.0,,,,,
Jurong Pier Road,S33,2019,5,28,0.4,,,,,
Jurong Pier Road,S33,2019,5,29,0.0,,,,,
Jurong Pier Road,S33,2019,5,30,17.0,,,,,
Jurong Pier Road,S33,2019,5,31,1.8,,,,,
Jurong Pier Road,S33,2019,6,1,0.0,,,,,
Jurong Pier Road,S33,2019,6,2,92.0,,,,,
Jurong Pier Road,S33,2019,6,3,5.0,,,,,
Jurong Pier Road,S33,2019,6,4,3.6,,,,,
Jurong Pier Road,S33,2019,6,5,0.0,,,,,
Jurong Pier Road,S33,2019,6,6,,,,,,
Jurong Pier Road,S33,2019,6,7,,,,,,
Jurong Pier Road,S33,2019,6,8,,,,,,
Jurong Pier Road,S33,2019,6,9,,,,,,
Jurong Pier Road,S33,2019,6,10,0.0,,,,,
Jurong Pier Road,S33,2019,6,11,36.4,,,,,
Jurong Pier Road,S33,2019,6,12,16.0,,,,,
Jurong Pier Road,S33,2019,6,13,0.4,,,,,
Jurong Pier Road,S33,2019,6,14,1.0,,,,,
Jurong Pier Road,S33,2019,6,15,0.0,,,,,
Jurong Pier Road,S33,2019,6,16,0.0,,,,,
Jurong Pier Road,S33,2019,6,17,19.2,,,,,
Jurong Pier Road,S33,2019,6,18,18.4,,,,,
Jurong Pier Road,S33,2019,6,19,0.8,,,,,
Jurong Pier Road,S33,2019,6,20,12.6,,,,,
Jurong Pier Road,S33,2019,6,21,,,,,,
Jurong Pier Road,S33,2019,6,22,21.6,,,,,
Jurong Pier Road,S33,2019,6,23,0.0,,,,,
Jurong Pier Road,S33,2019,6,24,0.0,,,,,
Jurong Pier Road,S33,2019,6,25,0.0,,,,,
Jurong Pier Road,S33,2019,6,26,5.8,,,,,
Jurong Pier Road,S33,2019,6,27,0.0,,,,,
Jurong Pier Road,S33,2019,6,28,0.0,,,,,
Jurong Pier Road,S33,2019,6,29,0.0,,,,,
Jurong Pier Road,S33,2019,6,30,9.6,,,,,
Jurong Pier Road,S33,2019,7,1,0.0,,,,,
Jurong Pier Road,S33,2019,7,2,0.0,,,,,
Jurong Pier Road,S33,2019,7,3,4.6,,,,,
Jurong Pier Road,S33,2019,7,4,4.0,,,,,
Jurong Pier Road,S33,2019,7,5,2.0,,,,,
Jurong Pier Road,S33,2019,7,6,0.0,,,,,
Jurong Pier Road,S33,2019,7,7,1.4,,,,,
Jurong Pier Road,S33,2019,7,8,14.6,,,,,
Jurong Pier Road,S33,2019,7,9,43.8,,,,,
Jurong Pier Road,S33,2019,7,10,0.0,,,,,
Jurong Pier Road,S33,2019,7,11,0.0,,,,,
Jurong Pier Road,S33,2019,7,12,0.0,,,,,
Jurong Pier Road,S33,2019,7,13,0.0,,,,,
Jurong Pier Road,S33,2019,7,14,0.0,,,,,
Jurong Pier Road,S33,2019,7,15,0.0,,,,,
Jurong Pier Road,S33,2019,7,16,0.0,,,,,
Jurong Pier Road,S33,2019,7,17,0.0,,,,,
Jurong Pier Road,S33,2019,7,18,0.0,,,,,
Jurong Pier Road,S33,2019,7,19,0.0,,,,,
Jurong Pier Road,S33,2019,7,20,0.0,,,,,
Jurong Pier Road,S33,2019,7,21,0.0,,,,,
Jurong Pier Road,S33,2019,7,22,0.0,,,,,
Jurong Pier Road,S33,2019,7,23,19.4,,,,,
Jurong Pier Road,S33,2019,7,24,0.4,,,,,
Jurong Pier Road,S33,2019,7,25,0.0,,,,,
Jurong Pier Road,S33,2019,7,26,0.0,,,,,
Jurong Pier Road,S33,2019,7,27,0.0,,,,,
Jurong Pier Road,S33,2019,7,28,0.0,,,,,
Jurong Pier Road,S33,2019,7,29,0.0,,,,,
Jurong Pier Road,S33,2019,7,30,0.0,,,,,
Jurong Pier Road,S33,2019,7,31,0.0,,,,,
Jurong Pier Road,S33,2019,8,1,0.0,,,,,
Jurong Pier Road,S33,2019,8,2,0.0,,,,,
Jurong Pier Road,S33,2019,8,3,0.0,,,,,
Jurong Pier Road,S33,2019,8,4,0.0,,,,,
Jurong Pier Road,S33,2019,8,5,0.0,,,,,
Jurong Pier Road,S33,2019,8,6,0.0,,,,,
Jurong Pier Road,S33,2019,8,7,0.0,,,,,
Jurong Pier Road,S33,2019,8,8,0.0,,,,,
Jurong Pier Road,S33,2019,8,9,0.0,,,,,
Jurong Pier Road,S33,2019,8,10,0.0,,,,,
Jurong Pier Road,S33,2019,8,11,0.0,,,,,
Jurong Pier Road,S33,2019,8,12,0.0,,,,,
Jurong Pier Road,S33,2019,8,13,0.0,,,,,
Jurong Pier Road,S33,2019,8,14,0.0,,,,,
Jurong Pier Road,S33,2019,8,15,0.0,,,,,
Jurong Pier Road,S33,2019,8,16,0.0,,,,,
Jurong Pier Road,S33,2019,8,17,0.6,,,,,
Jurong Pier Road,S33,2019,8,18,0.0,,,,,
Jurong Pier Road,S33,2019,8,19,0.0,,,,,
Jurong Pier Road,S33,2019,8,20,0.0,,,,,
Jurong Pier Road,S33,2019,8,21,0.0,,,,,
Jurong Pier Road,S33,2019,8,22,0.0,,,,,
Jurong Pier Road,S33,2019,8,23,0.0,,,,,
Jurong Pier Road,S33,2019,8,24,0.0,,,,,
Jurong Pier Road,S33,2019,8,25,0.0,,,,,
Jurong Pier Road,S33,2019,8,26,3.6,,,,,
Jurong Pier Road,S33,2019,8,27,9.2,,,,,
Jurong Pier Road,S33,2019,8,28,0.0,,,,,
Jurong Pier Road,S33,2019,8,29,0.0,,,,,
Jurong Pier Road,S33,2019,8,30,12.8,,,,,
Jurong Pier Road,S33,2019,8,31,0.0,,,,,
Jurong Pier Road,S33,2019,9,1,0.0,,,,,
Jurong Pier Road,S33,2019,9,2,0.0,,,,,
Jurong Pier Road,S33,2019,9,3,0.0,,,,,
Jurong Pier Road,S33,2019,9,4,29.8,,,,,
Jurong Pier Road,S33,2019,9,5,3.0,,,,,
Jurong Pier Road,S33,2019,9,6,0.0,,,,,
Jurong Pier Road,S33,2019,9,7,0.0,,,,,
Jurong Pier Road,S33,2019,9,8,0.0,,,,,
Jurong Pier Road,S33,2019,9,9,0.0,,,,,
Jurong Pier Road,S33,2019,9,10,0.0,,,,,
Jurong Pier Road,S33,2019,9,11,0.0,,,,,
Jurong Pier Road,S33,2019,9,12,0.0,,,,,
Jurong Pier Road,S33,2019,9,13,0.0,,,,,
Jurong Pier Road,S33,2019,9,14,0.0,,,,,
Jurong Pier Road,S33,2019,9,15,0.0,,,,,
Jurong Pier Road,S33,2019,9,16,0.0,,,,,
Jurong Pier Road,S33,2019,9,17,0.0,,,,,
Jurong Pier Road,S33,2019,9,18,0.0,,,,,
Jurong Pier Road,S33,2019,9,19,0.0,,,,,
Jurong Pier Road,S33,2019,9,20,0.0,,,,,
Jurong Pier Road,S33,2019,9,21,0.0,,,,,
Jurong Pier Road,S33,2019,9,22,0.0,,,,,
Jurong Pier Road,S33,2019,9,23,0.0,,,,,
Jurong Pier Road,S33,2019,9,24,0.0,,,,,
Jurong Pier Road,S33,2019,9,25,59.0,,,,,
Jurong Pier Road,S33,2019,9,26,0.0,,,,,
Jurong Pier Road,S33,2019,9,27,3.2,,,,,
Jurong Pier Road,S33,2019,9,28,0.0,,,,,
Jurong Pier Road,S33,2019,9,29,9.0,,,,,
Jurong Pier Road,S33,2019,9,30,54.0,,,,,
Jurong Pier Road,S33,2019,10,1,0.0,,,,,
Jurong Pier Road,S33,2019,10,2,1.6,,,,,
Jurong Pier Road,S33,2019,10,3,0.0,,,,,
Jurong Pier Road,S33,2019,10,4,2.2,,,,,
Jurong Pier Road,S33,2019,10,5,0.2,,,,,
Jurong Pier Road,S33,2019,10,6,0.0,,,,,
Jurong Pier Road,S33,2019,10,7,22.8,,,,,
Jurong Pier Road,S33,2019,10,8,0.6,,,,,
Jurong Pier Road,S33,2019,10,9,0.0,,,,,
Jurong Pier Road,S33,2019,10,10,0.0,,,,,
Jurong Pier Road,S33,2019,10,11,0.0,,,,,
Jurong Pier Road,S33,2019,10,12,1.6,,,,,
Jurong Pier Road,S33,2019,10,13,4.4,,,,,
Jurong Pier Road,S33,2019,10,14,0.0,,,,,
Jurong Pier Road,S33,2019,10,15,0.0,,,,,
Jurong Pier Road,S33,2019,10,16,0.0,,,,,
Jurong Pier Road,S33,2019,10,17,16.2,,,,,
Jurong Pier Road,S33,2019,10,18,18.2,,,,,
Jurong Pier Road,S33,2019,10,19,0.0,,,,,
Jurong Pier Road,S33,2019,10,20,0.0,,,,,
Jurong Pier Road,S33,2019,10,21,0.8,,,,,
Jurong Pier Road,S33,2019,10,22,51.8,,,,,
Jurong Pier Road,S33,2019,10,23,0.4,,,,,
Jurong Pier Road,S33,2019,10,24,0.4,,,,,
Jurong Pier Road,S33,2019,10,25,24.8,,,,,
Jurong Pier Road,S33,2019,10,26,43.2,,,,,
Jurong Pier Road,S33,2019,10,27,8.8,,,,,
Jurong Pier Road,S33,2019,10,28,0.0,,,,,
Jurong Pier Road,S33,2019,10,29,0.0,,,,,
Jurong Pier Road,S33,2019,10,30,0.0,,,,,
Jurong Pier Road,S33,2019,10,31,0.0,,,,,
Jurong Pier Road,S33,2019,11,1,0.0,,,,,
Jurong Pier Road,S33,2019,11,2,19.6,,,,,
Jurong Pier Road,S33,2019,11,3,30.6,,,,,
Jurong Pier Road,S33,2019,11,4,0.0,,,,,
Jurong Pier Road,S33,2019,11,5,19.6,,,,,
Jurong Pier Road,S33,2019,11,6,0.0,,,,,
Jurong Pier Road,S33,2019,11,7,0.0,,,,,
Jurong Pier Road,S33,2019,11,8,42.5,,,,,
Jurong Pier Road,S33,2019,11,9,0.0,,,,,
Jurong Pier Road,S33,2019,11,10,0.0,,,,,
Jurong Pier Road,S33,2019,11,11,0.0,,,,,
Jurong Pier Road,S33,2019,11,12,0.0,,,,,
Jurong Pier Road,S33,2019,11,13,0.0,,,,,
Jurong Pier Road,S33,2019,11,14,0.2,,,,,
Jurong Pier Road,S33,2019,11,15,6.4,,,,,
Jurong Pier Road,S33,2019,11,16,0.0,,,,,
Jurong Pier Road,S33,2019,11,17,0.0,,,,,
Jurong Pier Road,S33,2019,11,18,16.0,,,,,
Jurong Pier Road,S33,2019,11,19,26.2,,,,,
Jurong Pier Road,S33,2019,11,20,10.2,,,,,
Jurong Pier Road,S33,2019,11,21,0.0,,,,,
Jurong Pier Road,S33,2019,11,22,1.2,,,,,
Jurong Pier Road,S33,2019,11,23,41.6,,,,,
Jurong Pier Road,S33,2019,11,24,17.6,,,,,
Jurong Pier Road,S33,2019,11,25,20.4,,,,,
Jurong Pier Road,S33,2019,11,26,0.0,,,,,
Jurong Pier Road,S33,2019,11,27,3.0,,,,,
Jurong Pier Road,S33,2019,11,28,0.0,,,,,
Jurong Pier Road,S33,2019,11,29,33.4,,,,,
Jurong Pier Road,S33,2019,11,30,36.4,,,,,
Jurong Pier Road,S33,2019,12,1,0.4,,,,,
Jurong Pier Road,S33,2019,12,2,36.4,,,,,
Jurong Pier Road,S33,2019,12,3,0.0,,,,,
Jurong Pier Road,S33,2019,12,4,0.0,,,,,
Jurong Pier Road,S33,2019,12,5,0.0,,,,,
Jurong Pier Road,S33,2019,12,6,0.8,,,,,
Jurong Pier Road,S33,2019,12,7,0.0,,,,,
Jurong Pier Road,S33,2019,12,8,0.0,,,,,
Jurong Pier Road,S33,2019,12,9,16.0,,,,,
Jurong Pier Road,S33,2019,12,10,2.2,,,,,
Jurong Pier Road,S33,2019,12,11,39.6,,,,,
Jurong Pier Road,S33,2019,12,12,0.2,,,,,
Jurong Pier Road,S33,2019,12,13,18.0,,,,,
Jurong Pier Road,S33,2019,12,14,25.4,,,,,
Jurong Pier Road,S33,2019,12,15,23.0,,,,,
Jurong Pier Road,S33,2019,12,16,0.4,,,,,
Jurong Pier Road,S33,2019,12,17,3.0,,,,,
Jurong Pier Road,S33,2019,12,18,48.4,,,,,
Jurong Pier Road,S33,2019,12,19,0.0,,,,,
Jurong Pier Road,S33,2019,12,20,0.2,,,,,
Jurong Pier Road,S33,2019,12,21,48.4,,,,,
Jurong Pier Road,S33,2019,12,22,0.0,,,,,
Jurong Pier Road,S33,2019,12,23,0.0,,,,,
Jurong Pier Road,S33,2019,12,24,0.6,,,,,
Jurong Pier Road,S33,2019,12,25,14.0,,,,,
Jurong Pier Road,S33,2019,12,26,0.0,,,,,
Jurong Pier Road,S33,2019,12,27,1.4,,,,,
Jurong Pier Road,S33,2019,12,28,0.0,,,,,
Jurong Pier Road,S33,2019,12,29,0.0,,,,,
Jurong Pier Road,S33,2019,12,30,0.0,,,,,
Jurong Pier Road,S33,2019,12,31,0.0,,,,,
Jurong Pier Road,S33,2020,1,1,0.0,,,,,
Jurong Pier Road,S33,2020,1,2,0.0,,,,,
Jurong Pier Road,S33,2020,1,3,0.6,,,,,
Jurong Pier Road,S33,2020,1,4,0.6,,,,,
Jurong Pier Road,S33,2020,1,5,0.0,,,,,
Jurong Pier Road,S33,2020,1,6,8.8,,,,,
Jurong Pier Road,S33,2020,1,7,2.0,,,,,
Jurong Pier Road,S33,2020,1,8,0.0,,,,,
Jurong Pier Road,S33,2020,1,9,0.0,,,,,
Jurong Pier Road,S33,2020,1,10,11.4,,,,,
Jurong Pier Road,S33,2020,1,11,0.0,,,,,
Jurong Pier Road,S33,2020,1,12,16.6,,,,,
Jurong Pier Road,S33,2020,1,13,2.8,,,,,
Jurong Pier Road,S33,2020,1,14,0.0,,,,,
Jurong Pier Road,S33,2020,1,15,0.6,,,,,
Jurong Pier Road,S33,2020,1,16,10.2,,,,,
Jurong Pier Road,S33,2020,1,17,0.0,,,,,
Jurong Pier Road,S33,2020,1,18,9.8,,,,,
Jurong Pier Road,S33,2020,1,19,0.0,,,,,
Jurong Pier Road,S33,2020,1,20,16.2,,,,,
Jurong Pier Road,S33,2020,1,21,11.8,,,,,
Jurong Pier Road,S33,2020,1,22,0.0,,,,,
Jurong Pier Road,S33,2020,1,23,0.0,,,,,
Jurong Pier Road,S33,2020,1,24,0.0,,,,,
Jurong Pier Road,S33,2020,1,25,0.0,,,,,
Jurong Pier Road,S33,2020,1,26,0.0,,,,,
Jurong Pier Road,S33,2020,1,27,0.0,,,,,
Jurong Pier Road,S33,2020,1,28,29.0,,,,,
Jurong Pier Road,S33,2020,1,29,89.0,,,,,
Jurong Pier Road,S33,2020,1,30,0.2,,,,,
Jurong Pier Road,S33,2020,1,31,0.0,,,,,
Jurong Pier Road,S33,2020,2,1,0.0,,,,,
Jurong Pier Road,S33,2020,2,2,0.0,,,,,
Jurong Pier Road,S33,2020,2,3,0.0,,,,,
Jurong Pier Road,S33,2020,2,4,0.0,,,,,
Jurong Pier Road,S33,2020,2,5,0.0,,,,,
Jurong Pier Road,S33,2020,2,6,0.0,,,,,
Jurong Pier Road,S33,2020,2,7,0.0,,,,,
Jurong Pier Road,S33,2020,2,8,0.0,,,,,
Jurong Pier Road,S33,2020,2,9,8.8,,,,,
Jurong Pier Road,S33,2020,2,10,48.4,,,,,
Jurong Pier Road,S33,2020,2,11,7.6,,,,,
Jurong Pier Road,S33,2020,2,12,1.8,,,,,
Jurong Pier Road,S33,2020,2,13,13.2,,,,,
Jurong Pier Road,S33,2020,2,14,0.4,,,,,
Jurong Pier Road,S33,2020,2,15,0.0,,,,,
Jurong Pier Road,S33,2020,2,16,0.2,,,,,
Jurong Pier Road,S33,2020,2,17,0.0,,,,,
Jurong Pier Road,S33,2020,2,18,0.2,,,,,
Jurong Pier Road,S33,2020,2,19,1.4,,,,,
Jurong Pier Road,S33,2020,2,20,0.0,,,,,
Jurong Pier Road,S33,2020,2,21,13.8,,,,,
Jurong Pier Road,S33,2020,2,22,0.0,,,,,
Jurong Pier Road,S33,2020,2,23,0.0,,,,,
Jurong Pier Road,S33,2020,2,24,0.2,,,,,
Jurong Pier Road,S33,2020,2,25,0.0,,,,,
Jurong Pier Road,S33,2020,2,26,0.0,,,,,
Jurong Pier Road,S33,2020,2,27,0.0,,,,,
Jurong Pier Road,S33,2020,2,28,0.0,,,,,
Jurong Pier Road,S33,2020,2,29,0.0,,,,,
Jurong Pier Road,S33,2020,3,1,0.0,,,,,
Jurong Pier Road,S33,2020,3,2,0.0,,,,,
Jurong Pier Road,S33,2020,3,3,0.0,,,,,
Jurong Pier Road,S33,2020,3,4,15.4,,,,,
Jurong Pier Road,S33,2020,3,5,12.2,,,,,
Jurong Pier Road,S33,2020,3,6,1.2,,,,,
Jurong Pier Road,S33,2020,3,7,11.2,,,,,
Jurong Pier Road,S33,2020,3,8,4.2,,,,,
Jurong Pier Road,S33,2020,3,9,0.0,,,,,
Jurong Pier Road,S33,2020,3,10,0.0,,,,,
Jurong Pier Road,S33,2020,3,11,0.0,,,,,
Jurong Pier Road,S33,2020,3,12,0.0,,,,,
Jurong Pier Road,S33,2020,3,13,0.0,,,,,
Jurong Pier Road,S33,2020,3,14,0.0,,,,,
Jurong Pier Road,S33,2020,3,15,0.6,,,,,
Jurong Pier Road,S33,2020,3,16,0.0,,,,,
Jurong Pier Road,S33,2020,3,17,0.0,,,,,
Jurong Pier Road,S33,2020,3,18,5.4,,,,,
Jurong Pier Road,S33,2020,3,19,0.0,,,,,
Jurong Pier Road,S33,2020,3,20,0.0,,,,,
Jurong Pier Road,S33,2020,3,21,5.4,,,,,
Jurong Pier Road,S33,2020,3,22,22.8,,,,,
Jurong Pier Road,S33,2020,3,23,6.0,,,,,
Jurong Pier Road,S33,2020,3,24,0.2,,,,,
Jurong Pier Road,S33,2020,3,25,23.0,,,,,
Jurong Pier Road,S33,2020,3,26,7.2,,,,,
Jurong Pier Road,S33,2020,3,27,18.4,,,,,
Jurong Pier Road,S33,2020,3,28,0.0,,,,,
Jurong Pier Road,S33,2020,3,29,0.0,,,,,
Jurong Pier Road,S33,2020,3,30,0.0,,,,,
Jurong Pier Road,S33,2020,3,31,0.0,,,,,
Jurong Pier Road,S33,2020,4,1,4.4,,,,,
Jurong Pier Road,S33,2020,4,2,0.4,,,,,
Jurong Pier Road,S33,2020,4,3,58.6,,,,,
Jurong Pier Road,S33,2020,4,4,0.0,,,,,
Jurong Pier Road,S33,2020,4,5,2.4,,,,,
Jurong Pier Road,S33,2020,4,6,3.4,,,,,
Jurong Pier Road,S33,2020,4,7,86.6,,,,,
Jurong Pier Road,S33,2020,4,8,0.6,,,,,
Jurong Pier Road,S33,2020,4,9,0.0,,,,,
Jurong Pier Road,S33,2020,4,10,0.0,,,,,
Jurong Pier Road,S33,2020,4,11,0.0,,,,,
Jurong Pier Road,S33,2020,4,12,24.2,,,,,
Jurong Pier Road,S33,2020,4,13,14.6,,,,,
Jurong Pier Road,S33,2020,4,14,0.0,,,,,
Jurong Pier Road,S33,2020,4,15,0.0,,,,,
Jurong Pier Road,S33,2020,4,16,0.0,,,,,
Jurong Pier Road,S33,2020,4,17,0.0,,,,,
Jurong Pier Road,S33,2020,4,18,0.0,,,,,
Jurong Pier Road,S33,2020,4,19,0.2,,,,,
Jurong Pier Road,S33,2020,4,20,0.0,,,,,
Jurong Pier Road,S33,2020,4,21,43.4,,,,,
Jurong Pier Road,S33,2020,4,22,0.2,,,,,
Jurong Pier Road,S33,2020,4,23,11.4,,,,,
Jurong Pier Road,S33,2020,4,24,30.0,,,,,
Jurong Pier Road,S33,2020,4,25,38.2,,,,,
Jurong Pier Road,S33,2020,4,26,0.2,,,,,
Jurong Pier Road,S33,2020,4,27,6.0,,,,,
Jurong Pier Road,S33,2020,4,28,0.0,,,,,
Jurong Pier Road,S33,2020,4,29,32.0,,,,,
Jurong Pier Road,S33,2020,4,30,10.0,,,,,
Jurong Pier Road,S33,2020,5,1,20.6,,,,,
Jurong Pier Road,S33,2020,5,2,0.0,,,,,
Jurong Pier Road,S33,2020,5,3,0.8,,,,,
Jurong Pier Road,S33,2020,5,4,11.8,,,,,
Jurong Pier Road,S33,2020,5,5,0.0,,,,,
Jurong Pier Road,S33,2020,5,6,19.4,,,,,
Jurong Pier Road,S33,2020,5,7,0.0,,,,,
Jurong Pier Road,S33,2020,5,8,20.4,,,,,
Jurong Pier Road,S33,2020,5,9,0.0,,,,,
Jurong Pier Road,S33,2020,5,10,0.0,,,,,
Jurong Pier Road,S33,2020,5,11,9.6,,,,,
Jurong Pier Road,S33,2020,5,12,0.0,,,,,
Jurong Pier Road,S33,2020,5,13,8.0,,,,,
Jurong Pier Road,S33,2020,5,14,0.0,,,,,
Jurong Pier Road,S33,2020,5,15,0.0,,,,,
Jurong Pier Road,S33,2020,5,16,1.8,,,,,
Jurong Pier Road,S33,2020,5,17,59.6,,,,,
Jurong Pier Road,S33,2020,5,18,1.2,,,,,
Jurong Pier Road,S33,2020,5,19,0.0,,,,,
Jurong Pier Road,S33,2020,5,20,13.6,,,,,
Jurong Pier Road,S33,2020,5,21,0.0,,,,,
Jurong Pier Road,S33,2020,5,22,99.2,,,,,
Jurong Pier Road,S33,2020,5,23,0.2,,,,,
Jurong Pier Road,S33,2020,5,24,0.0,,,,,
Jurong Pier Road,S33,2020,5,25,0.0,,,,,
Jurong Pier Road,S33,2020,5,26,3.4,,,,,
Jurong Pier Road,S33,2020,5,27,2.0,,,,,
Jurong Pier Road,S33,2020,5,28,0.0,,,,,
Jurong Pier Road,S33,2020,5,29,9.0,,,,,
Jurong Pier Road,S33,2020,5,30,0.4,,,,,
Jurong Pier Road,S33,2020,5,31,0.0,,,,,
Jurong Pier Road,S33,2020,6,1,15.6,,,,,
Jurong Pier Road,S33,2020,6,2,0.2,,,,,
Jurong Pier Road,S33,2020,6,3,0.0,,,,,
Jurong Pier Road,S33,2020,6,4,49.6,,,,,
Jurong Pier Road,S33,2020,6,5,0.6,,,,,
Jurong Pier Road,S33,2020,6,6,4.0,,,,,
Jurong Pier Road,S33,2020,6,7,0.0,,,,,
Jurong Pier Road,S33,2020,6,8,3.4,,,,,
Jurong Pier Road,S33,2020,6,9,0.0,,,,,
Jurong Pier Road,S33,2020,6,10,13.8,,,,,
Jurong Pier Road,S33,2020,6,11,0.4,,,,,
Jurong Pier Road,S33,2020,6,12,23.2,,,,,
Jurong Pier Road,S33,2020,6,13,47.8,,,,,
Jurong Pier Road,S33,2020,6,14,0.2,,,,,
Jurong Pier Road,S33,2020,6,15,15.0,,,,,
Jurong Pier Road,S33,2020,6,16,45.4,,,,,
Jurong Pier Road,S33,2020,6,17,6.6,,,,,
Jurong Pier Road,S33,2020,6,18,0.0,,,,,
Jurong Pier Road,S33,2020,6,19,2.4,,,,,
Jurong Pier Road,S33,2020,6,20,36.0,,,,,
Jurong Pier Road,S33,2020,6,21,35.2,,,,,
Jurong Pier Road,S33,2020,6,22,10.0,,,,,
Jurong Pier Road,S33,2020,6,23,,,,,,
Jurong Pier Road,S33,2020,6,24,,,,,,
Jurong Pier Road,S33,2020,6,25,0.0,,,,,
Jurong Pier Road,S33,2020,6,26,0.0,,,,,
Jurong Pier Road,S33,2020,6,27,0.0,,,,,
Jurong Pier Road,S33,2020,6,28,0.0,,,,,
Jurong Pier Road,S33,2020,6,29,0.0,,,,,
Jurong Pier Road,S33,2020,6,30,0.0,,,,,
Jurong Pier Road,S33,2020,7,1,0.0,,,,,
Jurong Pier Road,S33,2020,7,2,0.0,,,,,
Jurong Pier Road,S33,2020,7,3,0.0,,,,,
Jurong Pier Road,S33,2020,7,4,7.6,,,,,
Jurong Pier Road,S33,2020,7,5,17.2,,,,,
Jurong Pier Road,S33,2020,7,6,8.6,,,,,
Jurong Pier Road,S33,2020,7,7,11.8,,,,,
Jurong Pier Road,S33,2020,7,8,23.0,,,,,
Jurong Pier Road,S33,2020,7,9,76.0,,,,,
Jurong Pier Road,S33,2020,7,10,0.0,,,,,
Jurong Pier Road,S33,2020,7,11,1.0,,,,,
Jurong Pier Road,S33,2020,7,12,8.6,,,,,
Jurong Pier Road,S33,2020,7,13,28.8,,,,,
Jurong Pier Road,S33,2020,7,14,0.2,,,,,
Jurong Pier Road,S33,2020,7,15,0.6,,,,,
Jurong Pier Road,S33,2020,7,16,0.0,,,,,
Jurong Pier Road,S33,2020,7,17,0.0,,,,,
Jurong Pier Road,S33,2020,7,18,0.2,,,,,
Jurong Pier Road,S33,2020,7,19,0.0,,,,,
Jurong Pier Road,S33,2020,7,20,0.0,,,,,
Jurong Pier Road,S33,2020,7,21,0.0,,,,,
Jurong Pier Road,S33,2020,7,22,2.4,,,,,
Jurong Pier Road,S33,2020,7,23,1.6,,,,,
Jurong Pier Road,S33,2020,7,24,0.0,,,,,
Jurong Pier Road,S33,2020,7,25,13.6,,,,,
Jurong Pier Road,S33,2020,7,26,0.2,,,,,
Jurong Pier Road,S33,2020,7,27,27.0,,,,,
Jurong Pier Road,S33,2020,7,28,0.6,,,,,
Jurong Pier Road,S33,2020,7,29,27.6,,,,,
Jurong Pier Road,S33,2020,7,30,0.2,,,,,
Jurong Pier Road,S33,2020,7,31,7.8,,,,,
Jurong Pier Road,S33,2020,8,1,16.6,,,,,
Jurong Pier Road,S33,2020,8,2,0.0,,,,,
Jurong Pier Road,S33,2020,8,3,0.0,,,,,
Jurong Pier Road,S33,2020,8,4,28.2,,,,,
Jurong Pier Road,S33,2020,8,5,0.0,,,,,
Jurong Pier Road,S33,2020,8,6,0.0,,,,,
Jurong Pier Road,S33,2020,8,7,0.0,,,,,
Jurong Pier Road,S33,2020,8,8,0.0,,,,,
Jurong Pier Road,S33,2020,8,9,0.0,,,,,
Jurong Pier Road,S33,2020,8,10,0.0,,,,,
Jurong Pier Road,S33,2020,8,11,0.0,,,,,
Jurong Pier Road,S33,2020,8,12,9.2,,,,,
Jurong Pier Road,S33,2020,8,13,11.0,,,,,
Jurong Pier Road,S33,2020,8,14,49.8,,,,,
Jurong Pier Road,S33,2020,8,15,4.8,,,,,
Jurong Pier Road,S33,2020,8,16,2.4,,,,,
Jurong Pier Road,S33,2020,8,17,78.0,,,,,
Jurong Pier Road,S33,2020,8,18,0.2,,,,,
Jurong Pier Road,S33,2020,8,19,0.0,,,,,
Jurong Pier Road,S33,2020,8,20,1.4,,,,,
Jurong Pier Road,S33,2020,8,21,0.0,,,,,
Jurong Pier Road,S33,2020,8,22,46.2,,,,,
Jurong Pier Road,S33,2020,8,23,27.4,,,,,
Jurong Pier Road,S33,2020,8,24,0.0,,,,,
Jurong Pier Road,S33,2020,8,25,0.0,,,,,
Jurong Pier Road,S33,2020,8,26,1.4,,,,,
Jurong Pier Road,S33,2020,8,27,0.0,,,,,
Jurong Pier Road,S33,2020,8,28,1.8,,,,,
Jurong Pier Road,S33,2020,8,29,2.4,,,,,
Jurong Pier Road,S33,2020,8,30,0.0,,,,,
Jurong Pier Road,S33,2020,8,31,0.0,,,,,
Jurong Pier Road,S33,2020,9,1,4.6,,,,,
Jurong Pier Road,S33,2020,9,2,2.0,,,,,
Jurong Pier Road,S33,2020,9,3,2.8,,,,,
Jurong Pier Road,S33,2020,9,4,5.6,,,,,
Jurong Pier Road,S33,2020,9,5,20.2,,,,,
Jurong Pier Road,S33,2020,9,6,3.0,,,,,
Jurong Pier Road,S33,2020,9,7,1.0,,,,,
Jurong Pier Road,S33,2020,9,8,1.0,,,,,
Jurong Pier Road,S33,2020,9,9,4.8,,,,,
Jurong Pier Road,S33,2020,9,10,93.4,,,,,
Jurong Pier Road,S33,2020,9,11,31.4,,,,,
Jurong Pier Road,S33,2020,9,12,15.2,,,,,
Jurong Pier Road,S33,2020,9,13,27.4,,,,,
Jurong Pier Road,S33,2020,9,14,8.2,,,,,
Jurong Pier Road,S33,2020,9,15,0.0,,,,,
Jurong Pier Road,S33,2020,9,16,12.0,,,,,
Jurong Pier Road,S33,2020,9,17,0.8,,,,,
Jurong Pier Road,S33,2020,9,18,0.0,,,,,
Jurong Pier Road,S33,2020,9,19,4.6,,,,,
Jurong Pier Road,S33,2020,9,20,0.8,,,,,
Jurong Pier Road,S33,2020,9,21,12.6,,,,,
Jurong Pier Road,S33,2020,9,22,0.2,,,,,
Jurong Pier Road,S33,2020,9,23,0.0,,,,,
Jurong Pier Road,S33,2020,9,24,6.6,,,,,
Jurong Pier Road,S33,2020,9,25,37.4,,,,,
Jurong Pier Road,S33,2020,9,26,67.6,,,,,
Jurong Pier Road,S33,2020,9,27,7.4,,,,,
Jurong Pier Road,S33,2020,9,28,0.0,,,,,
Jurong Pier Road,S33,2020,9,29,10.4,,,,,
Jurong Pier Road,S33,2020,9,30,4.4,,,,,
Jurong Pier Road,S33,2020,10,1,9.2,,,,,
Jurong Pier Road,S33,2020,10,2,33.8,,,,,
Jurong Pier Road,S33,2020,10,3,5.4,,,,,
Jurong Pier Road,S33,2020,10,4,0.0,,,,,
Jurong Pier Road,S33,2020,10,5,0.2,,,,,
Jurong Pier Road,S33,2020,10,6,0.0,,,,,
Jurong Pier Road,S33,2020,10,7,3.8,,,,,
Jurong Pier Road,S33,2020,10,8,37.6,,,,,
Jurong Pier Road,S33,2020,10,9,0.0,,,,,
Jurong Pier Road,S33,2020,10,10,14.6,,,,,
Jurong Pier Road,S33,2020,10,11,10.4,,,,,
Jurong Pier Road,S33,2020,10,12,0.0,,,,,
Jurong Pier Road,S33,2020,10,13,0.0,,,,,
Jurong Pier Road,S33,2020,10,14,11.2,,,,,
Jurong Pier Road,S33,2020,10,15,2.8,,,,,
Jurong Pier Road,S33,2020,10,16,0.4,,,,,
Jurong Pier Road,S33,2020,10,17,0.0,,,,,
Jurong Pier Road,S33,2020,10,18,4.8,,,,,
Jurong Pier Road,S33,2020,10,19,1.4,,,,,
Jurong Pier Road,S33,2020,10,20,3.4,,,,,
Jurong Pier Road,S33,2020,10,21,0.0,,,,,
Jurong Pier Road,S33,2020,10,22,20.0,,,,,
Jurong Pier Road,S33,2020,10,23,0.0,,,,,
Jurong Pier Road,S33,2020,10,24,1.2,,,,,
Jurong Pier Road,S33,2020,10,25,5.4,,,,,
Jurong Pier Road,S33,2020,10,26,8.8,,,,,
Jurong Pier Road,S33,2020,10,27,0.0,,,,,
Jurong Pier Road,S33,2020,10,28,3.2,,,,,
Jurong Pier Road,S33,2020,10,29,0.0,,,,,
Jurong Pier Road,S33,2020,10,30,0.0,,,,,
Jurong Pier Road,S33,2020,10,31,21.6,,,,,
Jurong Pier Road,S33,2020,11,1,0.0,,,,,
Jurong Pier Road,S33,2020,11,2,1.6,,,,,
Jurong Pier Road,S33,2020,11,3,1.2,,,,,
Jurong Pier Road,S33,2020,11,4,82.2,,,,,
Jurong Pier Road,S33,2020,11,5,0.0,,,,,
Jurong Pier Road,S33,2020,11,6,0.0,,,,,
Jurong Pier Road,S33,2020,11,7,27.8,,,,,
Jurong Pier Road,S33,2020,11,8,2.0,,,,,
Jurong Pier Road,S33,2020,11,9,0.2,,,,,
Jurong Pier Road,S33,2020,11,10,0.4,,,,,
Jurong Pier Road,S33,2020,11,11,0.0,,,,,
Jurong Pier Road,S33,2020,11,12,0.0,,,,,
Jurong Pier Road,S33,2020,11,13,3.2,,,,,
Jurong Pier Road,S33,2020,11,14,0.0,,,,,
Jurong Pier Road,S33,2020,11,15,44.2,,,,,
Jurong Pier Road,S33,2020,11,16,6.8,,,,,
Jurong Pier Road,S33,2020,11,17,5.8,,,,,
Jurong Pier Road,S33,2020,11,18,0.0,,,,,
Jurong Pier Road,S33,2020,11,19,24.4,,,,,
Jurong Pier Road,S33,2020,11,20,23.8,,,,,
Jurong Pier Road,S33,2020,11,21,24.4,,,,,
Jurong Pier Road,S33,2020,11,22,4.6,,,,,
Jurong Pier Road,S33,2020,11,23,57.6,,,,,
Jurong Pier Road,S33,2020,11,24,0.2,,,,,
Jurong Pier Road,S33,2020,11,25,0.0,,,,,
Jurong Pier Road,S33,2020,11,26,2.8,,,,,
Jurong Pier Road,S33,2020,11,27,3.0,,,,,
Jurong Pier Road,S33,2020,11,28,1.2,,,,,
Jurong Pier Road,S33,2020,11,29,0.0,,,,,
Jurong Pier Road,S33,2020,11,30,0.4,,,,,
