station,station_id,year,month,day,rainfall_mm,temp_mean_c,temp_max_c,temp_min_c,wind_mean_kmh,wind_max_kmh
Old Toh Tuck Road,S35,2013,1,1,2.6,,,,,
Old Toh Tuck Road,S35,2013,1,2,6.4,,,,,
Old Toh Tuck Road,S35,2013,1,3,1.0,,,,,
Old Toh Tuck Road,S35,2013,1,4,12.8,,,,,
Old Toh Tuck Road,S35,2013,1,5,0.0,,,,,
Old Toh Tuck Road,S35,2013,1,6,0.0,,,,,
Old Toh Tuck Road,S35,2013,1,7,0.0,,,,,
Old Toh Tuck Road,S35,2013,1,8,5.2,,,,,
Old Toh Tuck Road,S35,2013,1,9,4.0,,,,,
Old Toh Tuck Road,S35,2013,1,10,0.0,,,,,
Old Toh Tuck Road,S35,2013,1,11,11.2,,,,,
Old Toh Tuck Road,S35,2013,1,12,0.2,,,,,
Old Toh Tuck Road,S35,2013,1,13,0.0,,,,,
Old Toh Tuck Road,S35,2013,1,14,22.8,,,,,
Old Toh Tuck Road,S35,2013,1,15,2.2,,,,,
Old Toh Tuck Road,S35,2013,1,16,4.8,,,,,
Old Toh Tuck Road,S35,2013,1,17,0.0,,,,,
Old Toh Tuck Road,S35,2013,1,18,47.8,,,,,
Old Toh Tuck Road,S35,2013,1,19,21.6,,,,,
Old Toh Tuck Road,S35,2013,1,20,0.8,,,,,
Old Toh Tuck Road,S35,2013,1,21,0.6,,,,,
Old Toh Tuck Road,S35,2013,1,22,0.8,,,,,
Old Toh Tuck Road,S35,2013,1,23,0.0,,,,,
Old Toh Tuck Road,S35,2013,1,24,6.0,,,,,
Old Toh Tuck Road,S35,2013,1,25,0.0,,,,,
Old Toh Tuck Road,S35,2013,1,26,0.0,,,,,
Old Toh Tuck Road,S35,2013,1,27,0.0,,,,,
Old Toh Tuck Road,S35,2013,1,28,0.0,,,,,
Old Toh Tuck Road,S35,2013,1,29,0.0,,,,,
Old Toh Tuck Road,S35,2013,1,30,0.0,,,,,
Old Toh Tuck Road,S35,2013,1,31,0.0,,,,,
Old Toh Tuck Road,S35,2013,2,1,17.6,,,,,
Old Toh Tuck Road,S35,2013,2,2,0.0,,,,,
Old Toh Tuck Road,S35,2013,2,3,25.8,,,,,
Old Toh Tuck Road,S35,2013,2,4,0.4,,,,,
Old Toh Tuck Road,S35,2013,2,5,54.4,,,,,
Old Toh Tuck Road,S35,2013,2,6,30.0,,,,,
Old Toh Tuck Road,S35,2013,2,7,11.4,,,,,
Old Toh Tuck Road,S35,2013,2,8,42.6,,,,,
Old Toh Tuck Road,S35,2013,2,9,,,,,,
Old Toh Tuck Road,S35,2013,2,10,,,,,,
Old Toh Tuck Road,S35,2013,2,11,,,,,,
Old Toh Tuck Road,S35,2013,2,12,,,,,,
Old Toh Tuck Road,S35,2013,2,13,0.0,,,,,
Old Toh Tuck Road,S35,2013,2,14,31.4,,,,,
Old Toh Tuck Road,S35,2013,2,15,62.4,,,,,
Old Toh Tuck Road,S35,2013,2,16,4.6,,,,,
Old Toh Tuck Road,S35,2013,2,17,0.2,,,,,
Old Toh Tuck Road,S35,2013,2,18,10.2,,,,,
Old Toh Tuck Road,S35,2013,2,19,3.8,,,,,
Old Toh Tuck Road,S35,2013,2,20,3.0,,,,,
Old Toh Tuck Road,S35,2013,2,21,11.2,,,,,
Old Toh Tuck Road,S35,2013,2,22,0.0,,,,,
Old Toh Tuck Road,S35,2013,2,23,0.0,,,,,
Old Toh Tuck Road,S35,2013,2,24,0.0,,,,,
Old Toh Tuck Road,S35,2013,2,25,2.6,,,,,
Old Toh Tuck Road,S35,2013,2,26,52.2,,,,,
Old Toh Tuck Road,S35,2013,2,27,0.0,,,,,
Old Toh Tuck Road,S35,2013,2,28,0.0,,,,,
Old Toh Tuck Road,S35,2013,3,1,0.0,,,,,
Old Toh Tuck Road,S35,2013,3,2,10.2,,,,,
Old Toh Tuck Road,S35,2013,3,3,0.0,,,,,
Old Toh Tuck Road,S35,2013,3,4,0.0,,,,,
Old Toh Tuck Road,S35,2013,3,5,0.2,,,,,
Old Toh Tuck Road,S35,2013,3,6,0.0,,,,,
Old Toh Tuck Road,S35,2013,3,7,1.8,,,,,
Old Toh Tuck Road,S35,2013,3,8,0.0,,,,,
Old Toh Tuck Road,S35,2013,3,9,45.0,,,,,
Old Toh Tuck Road,S35,2013,3,10,30.6,,,,,
Old Toh Tuck Road,S35,2013,3,11,0.0,,,,,
Old Toh Tuck Road,S35,2013,3,12,0.0,,,,,
Old Toh Tuck Road,S35,2013,3,13,12.0,,,,,
Old Toh Tuck Road,S35,2013,3,14,27.2,,,,,
Old Toh Tuck Road,S35,2013,3,15,0.0,,,,,
Old Toh Tuck Road,S35,2013,3,16,0.0,,,,,
Old Toh Tuck Road,S35,2013,3,17,15.6,,,,,
Old Toh Tuck Road,S35,2013,3,18,0.8,,,,,
Old Toh Tuck Road,S35,2013,3,19,2.8,,,,,
Old Toh Tuck Road,S35,2013,3,20,0.0,,,,,
Old Toh Tuck Road,S35,2013,3,21,0.0,,,,,
Old Toh Tuck Road,S35,2013,3,22,20.0,,,,,
Old Toh Tuck Road,S35,2013,3,23,29.6,,,,,
Old Toh Tuck Road,S35,2013,3,24,3.2,,,,,
Old Toh Tuck Road,S35,2013,3,25,30.8,,,,,
Old Toh Tuck Road,S35,2013,3,26,0.2,,,,,
Old Toh Tuck Road,S35,2013,3,27,3.8,,,,,
Old Toh Tuck Road,S35,2013,3,28,2.8,,,,,
Old Toh Tuck Road,S35,2013,3,29,24.8,,,,,
Old Toh Tuck Road,S35,2013,3,30,0.8,,,,,
Old Toh Tuck Road,S35,2013,3,31,23.4,,,,,
Old Toh Tuck Road,S35,2013,4,1,19.2,,,,,
Old Toh Tuck Road,S35,2013,4,2,10.0,,,,,
Old Toh Tuck Road,S35,2013,4,3,10.2,,,,,
Old Toh Tuck Road,S35,2013,4,4,2.8,,,,,
Old Toh Tuck Road,S35,2013,4,5,1.0,,,,,
Old Toh Tuck Road,S35,2013,4,6,11.8,,,,,
Old Toh Tuck Road,S35,2013,4,7,0.0,,,,,
Old Toh Tuck Road,S35,2013,4,8,2.2,,,,,
Old Toh Tuck Road,S35,2013,4,9,0.0,,,,,
Old Toh Tuck Road,S35,2013,4,10,0.2,,,,,
Old Toh Tuck Road,S35,2013,4,11,0.2,,,,,
Old Toh Tuck Road,S35,2013,4,12,0.0,,,,,
Old Toh Tuck Road,S35,2013,4,13,3.4,,,,,
Old Toh Tuck Road,S35,2013,4,14,0.0,,,,,
Old Toh Tuck Road,S35,2013,4,15,0.0,,,,,
Old Toh Tuck Road,S35,2013,4,16,15.8,,,,,
Old Toh Tuck Road,S35,2013,4,17,0.6,,,,,
Old Toh Tuck Road,S35,2013,4,18,1.2,,,,,
Old Toh Tuck Road,S35,2013,4,19,8.0,,,,,
Old Toh Tuck Road,S35,2013,4,20,0.0,,,,,
Old Toh Tuck Road,S35,2013,4,21,19.8,,,,,
Old Toh Tuck Road,S35,2013,4,22,0.0,,,,,
Old Toh Tuck Road,S35,2013,4,23,68.8,,,,,
Old Toh Tuck Road,S35,2013,4,24,0.6,,,,,
Old Toh Tuck Road,S35,2013,4,25,40.8,,,,,
Old Toh Tuck Road,S35,2013,4,26,0.4,,,,,
Old Toh Tuck Road,S35,2013,4,27,3.0,,,,,
Old Toh Tuck Road,S35,2013,4,28,2.2,,,,,
Old Toh Tuck Road,S35,2013,4,29,0.0,,,,,
Old Toh Tuck Road,S35,2013,4,30,0.0,,,,,
Old Toh Tuck Road,S35,2013,5,1,0.0,,,,,
Old Toh Tuck Road,S35,2013,5,2,0.4,,,,,
Old Toh Tuck Road,S35,2013,5,3,0.4,,,,,
Old Toh Tuck Road,S35,2013,5,4,0.2,,,,,
Old Toh Tuck Road,S35,2013,5,5,31.8,,,,,
Old Toh Tuck Road,S35,2013,5,6,6.0,,,,,
Old Toh Tuck Road,S35,2013,5,7,27.2,,,,,
Old Toh Tuck Road,S35,2013,5,8,0.2,,,,,
Old Toh Tuck Road,S35,2013,5,9,0.0,,,,,
Old Toh Tuck Road,S35,2013,5,10,1.6,,,,,
Old Toh Tuck Road,S35,2013,5,11,0.0,,,,,
Old Toh Tuck Road,S35,2013,5,12,0.0,,,,,
Old Toh Tuck Road,S35,2013,5,13,0.0,,,,,
Old Toh Tuck Road,S35,2013,5,14,0.0,,,,,
Old Toh Tuck Road,S35,2013,5,15,18.6,,,,,
Old Toh Tuck Road,S35,2013,5,16,3.4,,,,,
Old Toh Tuck Road,S35,2013,5,17,0.0,,,,,
Old Toh Tuck Road,S35,2013,5,18,0.8,,,,,
Old Toh Tuck Road,S35,2013,5,19,0.0,,,,,
Old Toh Tuck Road,S35,2013,5,20,0.2,,,,,
Old Toh Tuck Road,S35,2013,5,21,0.0,,,,,
Old Toh Tuck Road,S35,2013,5,22,1.2,,,,,
Old Toh Tuck Road,S35,2013,5,23,0.2,,,,,
Old Toh Tuck Road,S35,2013,5,24,35.4,,,,,
Old Toh Tuck Road,S35,2013,5,25,0.0,,,,,
Old Toh Tuck Road,S35,2013,5,26,0.4,,,,,
Old Toh Tuck Road,S35,2013,5,27,0.0,,,,,
Old Toh Tuck Road,S35,2013,5,28,0.0,,,,,
Old Toh Tuck Road,S35,2013,5,29,0.4,,,,,
Old Toh Tuck Road,S35,2013,5,30,3.8,,,,,
Old Toh Tuck Road,S35,2013,5,31,3.4,,,,,
Old Toh Tuck Road,S35,2013,6,1,0.6,,,,,
Old Toh Tuck Road,S35,2013,6,2,0.0,,,,,
Old Toh Tuck Road,S35,2013,6,3,0.0,,,,,
Old Toh Tuck Road,S35,2013,6,4,2.2,,,,,
Old Toh Tuck Road,S35,2013,6,5,62.6,,,,,
Old Toh Tuck Road,S35,2013,6,6,0.0,,,,,
Old Toh Tuck Road,S35,2013,6,7,24.0,,,,,
Old Toh Tuck Road,S35,2013,6,8,3.6,,,,,
Old Toh Tuck Road,S35,2013,6,9,2.8,,,,,
Old Toh Tuck Road,S35,2013,6,10,0.8,,,,,
Old Toh Tuck Road,S35,2013,6,11,0.0,,,,,
Old Toh Tuck Road,S35,2013,6,12,0.0,,,,,
Old Toh Tuck Road,S35,2013,6,13,0.0,,,,,
Old Toh Tuck Road,S35,2013,6,14,0.0,,,,,
Old Toh Tuck Road,S35,2013,6,15,0.0,,,,,
Old Toh Tuck Road,S35,2013,6,16,7.0,,,,,
Old Toh Tuck Road,S35,2013,6,17,0.0,,,,,
Old Toh Tuck Road,S35,2013,6,18,0.0,,,,,
Old Toh Tuck Road,S35,2013,6,19,0.0,,,,,
Old Toh Tuck Road,S35,2013,6,20,0.0,,,,,
Old Toh Tuck Road,S35,2013,6,21,0.0,,,,,
Old Toh Tuck Road,S35,2013,6,22,0.0,,,,,
Old Toh Tuck Road,S35,2013,6,23,0.0,,,,,
Old Toh Tuck Road,S35,2013,6,24,0.0,,,,,
Old Toh Tuck Road,S35,2013,6,25,26.4,,,,,
Old Toh Tuck Road,S35,2013,6,26,21.6,,,,,
Old Toh Tuck Road,S35,2013,6,27,0.0,,,,,
Old Toh Tuck Road,S35,2013,6,28,2.0,,,,,
Old Toh Tuck Road,S35,2013,6,29,0.0,,,,,
Old Toh Tuck Road,S35,2013,6,30,3.6,,,,,
Old Toh Tuck Road,S35,2013,7,1,0.0,,,,,
Old Toh Tuck Road,S35,2013,7,2,0.4,,,,,
Old Toh Tuck Road,S35,2013,7,3,0.0,,,,,
Old Toh Tuck Road,S35,2013,7,4,27.6,,,,,
Old Toh Tuck Road,S35,2013,7,5,0.0,,,,,
Old Toh Tuck Road,S35,2013,7,6,0.0,,,,,
Old Toh Tuck Road,S35,2013,7,7,0.0,,,,,
Old Toh Tuck Road,S35,2013,7,8,6.0,,,,,
Old Toh Tuck Road,S35,2013,7,9,9.0,,,,,
Old Toh Tuck Road,S35,2013,7,10,0.0,,,,,
Old Toh Tuck Road,S35,2013,7,11,11.8,,,,,
Old Toh Tuck Road,S35,2013,7,12,0.0,,,,,
Old Toh Tuck Road,S35,2013,7,13,1.2,,,,,
Old Toh Tuck Road,S35,2013,7,14,5.0,,,,,
Old Toh Tuck Road,S35,2013,7,15,0.0,,,,,
Old Toh Tuck Road,S35,2013,7,16,1.2,,,,,
Old Toh Tuck Road,S35,2013,7,17,19.2,,,,,
Old Toh Tuck Road,S35,2013,7,18,0.4,,,,,
Old Toh Tuck Road,S35,2013,7,19,0.0,,,,,
Old Toh Tuck Road,S35,2013,7,20,0.0,,,,,
Old Toh Tuck Road,S35,2013,7,21,0.0,,,,,
Old Toh Tuck Road,S35,2013,7,22,0.0,,,,,
Old Toh Tuck Road,S35,2013,7,23,0.0,,,,,
Old Toh Tuck Road,S35,2013,7,24,11.6,,,,,
Old Toh Tuck Road,S35,2013,7,25,0.0,,,,,
Old Toh Tuck Road,S35,2013,7,26,1.2,,,,,
Old Toh Tuck Road,S35,2013,7,27,5.0,,,,,
Old Toh Tuck Road,S35,2013,7,28,0.0,,,,,
Old Toh Tuck Road,S35,2013,7,29,0.0,,,,,
Old Toh Tuck Road,S35,2013,7,30,0.0,,,,,
Old Toh Tuck Road,S35,2013,7,31,10.4,,,,,
Old Toh Tuck Road,S35,2013,8,1,0.4,,,,,
Old Toh Tuck Road,S35,2013,8,2,0.0,,,,,
Old Toh Tuck Road,S35,2013,8,3,0.0,,,,,
Old Toh Tuck Road,S35,2013,8,4,16.0,,,,,
Old Toh Tuck Road,S35,2013,8,5,34.0,,,,,
Old Toh Tuck Road,S35,2013,8,6,1.2,,,,,
Old Toh Tuck Road,S35,2013,8,7,15.0,,,,,
Old Toh Tuck Road,S35,2013,8,8,0.2,,,,,
Old Toh Tuck Road,S35,2013,8,9,0.6,,,,,
Old Toh Tuck Road,S35,2013,8,10,24.8,,,,,
Old Toh Tuck Road,S35,2013,8,11,7.8,,,,,
Old Toh Tuck Road,S35,2013,8,12,1.2,,,,,
Old Toh Tuck Road,S35,2013,8,13,1.6,,,,,
Old Toh Tuck Road,S35,2013,8,14,29.6,,,,,
Old Toh Tuck Road,S35,2013,8,15,0.0,,,,,
Old Toh Tuck Road,S35,2013,8,16,0.0,,,,,
Old Toh Tuck Road,S35,2013,8,17,5.0,,,,,
Old Toh Tuck Road,S35,2013,8,18,0.0,,,,,
Old Toh Tuck Road,S35,2013,8,19,5.8,,,,,
Old Toh Tuck Road,S35,2013,8,20,0.2,,,,,
Old Toh Tuck Road,S35,2013,8,21,0.0,,,,,
Old Toh Tuck Road,S35,2013,8,22,0.6,,,,,
Old Toh Tuck Road,S35,2013,8,23,0.0,,,,,
Old Toh Tuck Road,S35,2013,8,24,0.0,,,,,
Old Toh Tuck Road,S35,2013,8,25,0.0,,,,,
Old Toh Tuck Road,S35,2013,8,26,23.8,,,,,
Old Toh Tuck Road,S35,2013,8,27,0.0,,,,,
Old Toh Tuck Road,S35,2013,8,28,13.4,,,,,
Old Toh Tuck Road,S35,2013,8,29,0.2,,,,,
Old Toh Tuck Road,S35,2013,8,30,0.0,,,,,
Old Toh Tuck Road,S35,2013,8,31,0.0,,,,,
Old Toh Tuck Road,S35,2013,9,1,1.6,,,,,
Old Toh Tuck Road,S35,2013,9,2,10.4,,,,,
Old Toh Tuck Road,S35,2013,9,3,63.6,,,,,
Old Toh Tuck Road,S35,2013,9,4,67.0,,,,,
Old Toh Tuck Road,S35,2013,9,5,63.8,,,,,
Old Toh Tuck Road,S35,2013,9,6,45.0,,,,,
Old Toh Tuck Road,S35,2013,9,7,12.2,,,,,
Old Toh Tuck Road,S35,2013,9,8,1.8,,,,,
Old Toh Tuck Road,S35,2013,9,9,10.0,,,,,
Old Toh Tuck Road,S35,2013,9,10,43.4,,,,,
Old Toh Tuck Road,S35,2013,9,11,1.0,,,,,
Old Toh Tuck Road,S35,2013,9,12,0.0,,,,,
Old Toh Tuck Road,S35,2013,9,13,0.0,,,,,
Old Toh Tuck Road,S35,2013,9,14,0.0,,,,,
Old Toh Tuck Road,S35,2013,9,15,27.8,,,,,
Old Toh Tuck Road,S35,2013,9,16,0.0,,,,,
Old Toh Tuck Road,S35,2013,9,17,0.0,,,,,
Old Toh Tuck Road,S35,2013,9,18,0.0,,,,,
Old Toh Tuck Road,S35,2013,9,19,0.0,,,,,
Old Toh Tuck Road,S35,2013,9,20,0.0,,,,,
Old Toh Tuck Road,S35,2013,9,21,0.0,,,,,
Old Toh Tuck Road,S35,2013,9,22,0.0,,,,,
Old Toh Tuck Road,S35,2013,9,23,0.0,,,,,
Old Toh Tuck Road,S35,2013,9,24,0.0,,,,,
Old Toh Tuck Road,S35,2013,9,25,24.2,,,,,
Old Toh Tuck Road,S35,2013,9,26,49.2,,,,,
Old Toh Tuck Road,S35,2013,9,27,0.0,,,,,
Old Toh Tuck Road,S35,2013,9,28,15.2,,,,,
Old Toh Tuck Road,S35,2013,9,29,7.2,,,,,
Old Toh Tuck Road,S35,2013,9,30,0.0,,,,,
Old Toh Tuck Road,S35,2013,10,1,0.4,,,,,
Old Toh Tuck Road,S35,2013,10,2,5.2,,,,,
Old Toh Tuck Road,S35,2013,10,3,0.2,,,,,
Old Toh Tuck Road,S35,2013,10,4,3.2,,,,,
Old Toh Tuck Road,S35,2013,10,5,4.4,,,,,
Old Toh Tuck Road,S35,2013,10,6,8.4,,,,,
Old Toh Tuck Road,S35,2013,10,7,0.8,,,,,
Old Toh Tuck Road,S35,2013,10,8,37.6,,,,,
Old Toh Tuck Road,S35,2013,10,9,0.0,,,,,
Old Toh Tuck Road,S35,2013,10,10,23.2,,,,,
Old Toh Tuck Road,S35,2013,10,11,5.6,,,,,
Old Toh Tuck Road,S35,2013,10,12,0.0,,,,,
Old Toh Tuck Road,S35,2013,10,13,11.4,,,,,
Old Toh Tuck Road,S35,2013,10,14,6.6,,,,,
Old Toh Tuck Road,S35,2013,10,15,4.4,,,,,
Old Toh Tuck Road,S35,2013,10,16,,,,,,
Old Toh Tuck Road,S35,2013,10,17,,,,,,
Old Toh Tuck Road,S35,2013,10,18,,,,,,
Old Toh Tuck Road,S35,2013,10,19,,,,,,
Old Toh Tuck Road,S35,2013,10,20,,,,,,
Old Toh Tuck Road,S35,2013,10,21,,,,,,
Old Toh Tuck Road,S35,2013,10,22,,,,,,
Old Toh Tuck Road,S35,2013,10,23,,,,,,
Old Toh Tuck Road,S35,2013,10,24,,,,,,
Old Toh Tuck Road,S35,2013,10,25,24.2,,,,,
Old Toh Tuck Road,S35,2013,10,26,27.0,,,,,
Old Toh Tuck Road,S35,2013,10,27,2.5,,,,,
Old Toh Tuck Road,S35,2013,10,28,7.0,,,,,
Old Toh Tuck Road,S35,2013,10,29,4.5,,,,,
Old Toh Tuck Road,S35,2013,10,30,0.0,,,,,
Old Toh Tuck Road,S35,2013,10,31,19.5,,,,,
Old Toh Tuck Road,S35,2013,11,1,2.5,,,,,
Old Toh Tuck Road,S35,2013,11,2,0.0,,,,,
Old Toh Tuck Road,S35,2013,11,3,1.0,,,,,
Old Toh Tuck Road,S35,2013,11,4,52.5,,,,,
Old Toh Tuck Road,S35,2013,11,5,31.5,,,,,
Old Toh Tuck Road,S35,2013,11,6,0.0,,,,,
Old Toh Tuck Road,S35,2013,11,7,0.0,,,,,
Old Toh Tuck Road,S35,2013,11,8,0.0,,,,,
Old Toh Tuck Road,S35,2013,11,9,21.0,,,,,
Old Toh Tuck Road,S35,2013,11,10,3.0,,,,,
Old Toh Tuck Road,S35,2013,11,11,4.0,,,,,
Old Toh Tuck Road,S35,2013,11,12,3.0,,,,,
Old Toh Tuck Road,S35,2013,11,13,77.0,,,,,
Old Toh Tuck Road,S35,2013,11,14,14.7,,,,,
Old Toh Tuck Road,S35,2013,11,15,11.6,,,,,
Old Toh Tuck Road,S35,2013,11,16,5.5,,,,,
Old Toh Tuck Road,S35,2013,11,17,0.5,,,,,
Old Toh Tuck Road,S35,2013,11,18,5.5,,,,,
Old Toh Tuck Road,S35,2013,11,19,5.5,,,,,
Old Toh Tuck Road,S35,2013,11,20,3.5,,,,,
Old Toh Tuck Road,S35,2013,11,21,6.5,,,,,
Old Toh Tuck Road,S35,2013,11,22,8.0,,,,,
Old Toh Tuck Road,S35,2013,11,23,6.0,,,,,
Old Toh Tuck Road,S35,2013,11,24,0.0,,,,,
Old Toh Tuck Road,S35,2013,11,25,1.5,,,,,
Old Toh Tuck Road,S35,2013,11,26,0.0,,,,,
Old Toh Tuck Road,S35,2013,11,27,0.5,,,,,
Old Toh Tuck Road,S35,2013,11,28,1.5,,,,,
Old Toh Tuck Road,S35,2013,11,29,2.5,,,,,
Old Toh Tuck Road,S35,2013,11,30,67.0,,,,,
Old Toh Tuck Road,S35,2013,12,1,19.5,,,,,
Old Toh Tuck Road,S35,2013,12,2,5.0,,,,,
Old Toh Tuck Road,S35,2013,12,3,88.8,,,,,
Old Toh Tuck Road,S35,2013,12,4,0.2,,,,,
Old Toh Tuck Road,S35,2013,12,5,0.0,,,,,
Old Toh Tuck Road,S35,2013,12,6,29.6,,,,,
Old Toh Tuck Road,S35,2013,12,7,0.0,,,,,
Old Toh Tuck Road,S35,2013,12,8,16.4,,,,,
Old Toh Tuck Road,S35,2013,12,9,0.0,,,,,
Old Toh Tuck Road,S35,2013,12,10,0.0,,,,,
Old Toh Tuck Road,S35,2013,12,11,0.6,,,,,
Old Toh Tuck Road,S35,2013,12,12,8.2,,,,,
Old Toh Tuck Road,S35,2013,12,13,2.0,,,,,
Old Toh Tuck Road,S35,2013,12,14,0.0,,,,,
Old Toh Tuck Road,S35,2013,12,15,7.0,,,,,
Old Toh Tuck Road,S35,2013,12,16,0.0,,,,,
Old Toh Tuck Road,S35,2013,12,17,0.0,,,,,
Old Toh Tuck Road,S35,2013,12,18,42.6,,,,,
Old Toh Tuck Road,S35,2013,12,19,3.2,,,,,
Old Toh Tuck Road,S35,2013,12,20,12.0,,,,,
Old Toh Tuck Road,S35,2013,12,21,0.0,,,,,
Old Toh Tuck Road,S35,2013,12,22,0.0,,,,,
Old Toh Tuck Road,S35,2013,12,23,0.5,,,,,
Old Toh Tuck Road,S35,2013,12,24,0.0,,,,,
Old Toh Tuck Road,S35,2013,12,25,0.0,,,,,
Old Toh Tuck Road,S35,2013,12,26,22.8,,,,,
Old Toh Tuck Road,S35,2013,12,27,2.8,,,,,
Old Toh Tuck Road,S35,2013,12,28,10.4,,,,,
Old Toh Tuck Road,S35,2013,12,29,0.6,,,,,
Old Toh Tuck Road,S35,2013,12,30,3.4,,,,,
Old Toh Tuck Road,S35,2013,12,31,1.0,,,,,
Old Toh Tuck Road,S35,2014,1,1,0.0,,,,,
Old Toh Tuck Road,S35,2014,1,2,0.0,,,,,
Old Toh Tuck Road,S35,2014,1,3,0.0,,,,,
Old Toh Tuck Road,S35,2014,1,4,5.6,,,,,
Old Toh Tuck Road,S35,2014,1,5,3.0,,,,,
Old Toh Tuck Road,S35,2014,1,6,10.2,,,,,
Old Toh Tuck Road,S35,2014,1,7,0.0,,,,,
Old Toh Tuck Road,S35,2014,1,8,0.0,,,,,
Old Toh Tuck Road,S35,2014,1,9,0.0,,,,,
Old Toh Tuck Road,S35,2014,1,10,0.0,,,,,
Old Toh Tuck Road,S35,2014,1,11,0.0,,,,,
Old Toh Tuck Road,S35,2014,1,12,0.0,,,,,
Old Toh Tuck Road,S35,2014,1,13,0.0,,,,,
Old Toh Tuck Road,S35,2014,1,14,0.0,,,,,
Old Toh Tuck Road,S35,2014,1,15,0.0,,,,,
Old Toh Tuck Road,S35,2014,1,16,0.0,,,,,
Old Toh Tuck Road,S35,2014,1,17,0.0,,,,,
Old Toh Tuck Road,S35,2014,1,18,0.0,,,,,
Old Toh Tuck Road,S35,2014,1,19,0.0,,,,,
Old Toh Tuck Road,S35,2014,1,20,0.0,,,,,
Old Toh Tuck Road,S35,2014,1,21,0.0,,,,,
Old Toh Tuck Road,S35,2014,1,22,0.0,,,,,
Old Toh Tuck Road,S35,2014,1,23,0.0,,,,,
Old Toh Tuck Road,S35,2014,1,24,0.0,,,,,
Old Toh Tuck Road,S35,2014,1,25,0.0,,,,,
Old Toh Tuck Road,S35,2014,1,26,0.0,,,,,
Old Toh Tuck Road,S35,2014,1,27,0.0,,,,,
Old Toh Tuck Road,S35,2014,1,28,0.0,,,,,
Old Toh Tuck Road,S35,2014,1,29,0.0,,,,,
Old Toh Tuck Road,S35,2014,1,30,0.0,,,,,
Old Toh Tuck Road,S35,2014,1,31,0.0,,,,,
Old Toh Tuck Road,S35,2014,2,1,0.0,,,,,
Old Toh Tuck Road,S35,2014,2,2,0.0,,,,,
Old Toh Tuck Road,S35,2014,2,3,0.0,,,,,
Old Toh Tuck Road,S35,2014,2,4,0.0,,,,,
Old Toh Tuck Road,S35,2014,2,5,0.0,,,,,
Old Toh Tuck Road,S35,2014,2,6,0.0,,,,,
Old Toh Tuck Road,S35,2014,2,7,0.0,,,,,
Old Toh Tuck Road,S35,2014,2,8,0.0,,,,,
Old Toh Tuck Road,S35,2014,2,9,0.0,,,,,
Old Toh Tuck Road,S35,2014,2,10,0.0,,,,,
Old Toh Tuck Road,S35,2014,2,11,0.0,,,,,
Old Toh Tuck Road,S35,2014,2,12,0.0,,,,,
Old Toh Tuck Road,S35,2014,2,13,0.0,,,,,
Old Toh Tuck Road,S35,2014,2,14,0.0,,,,,
Old Toh Tuck Road,S35,2014,2,15,0.0,,,,,
Old Toh Tuck Road,S35,2014,2,16,0.0,,,,,
Old Toh Tuck Road,S35,2014,2,17,0.0,,,,,
Old Toh Tuck Road,S35,2014,2,18,0.0,,,,,
Old Toh Tuck Road,S35,2014,2,19,0.0,,,,,
Old Toh Tuck Road,S35,2014,2,20,0.0,,,,,
Old Toh Tuck Road,S35,2014,2,21,0.0,,,,,
Old Toh Tuck Road,S35,2014,2,22,0.0,,,,,
Old Toh Tuck Road,S35,2014,2,23,0.0,,,,,
Old Toh Tuck Road,S35,2014,2,24,0.0,,,,,
Old Toh Tuck Road,S35,2014,2,25,0.0,,,,,
Old Toh Tuck Road,S35,2014,2,26,0.0,,,,,
Old Toh Tuck Road,S35,2014,2,27,0.0,,,,,
Old Toh Tuck Road,S35,2014,2,28,0.0,,,,,
Old Toh Tuck Road,S35,2014,3,1,0.0,,,,,
Old Toh Tuck Road,S35,2014,3,2,0.0,,,,,
Old Toh Tuck Road,S35,2014,3,3,0.0,,,,,
Old Toh Tuck Road,S35,2014,3,4,0.0,,,,,
Old Toh Tuck Road,S35,2014,3,5,0.0,,,,,
Old Toh Tuck Road,S35,2014,3,6,0.0,,,,,
Old Toh Tuck Road,S35,2014,3,7,0.0,,,,,
Old Toh Tuck Road,S35,2014,3,8,0.0,,,,,
Old Toh Tuck Road,S35,2014,3,9,0.0,,,,,
Old Toh Tuck Road,S35,2014,3,10,0.0,,,,,
Old Toh Tuck Road,S35,2014,3,11,0.0,,,,,
Old Toh Tuck Road,S35,2014,3,12,0.0,,,,,
Old Toh Tuck Road,S35,2014,3,13,0.0,,,,,
Old Toh Tuck Road,S35,2014,3,14,0.0,,,,,
Old Toh Tuck Road,S35,2014,3,15,0.0,,,,,
Old Toh Tuck Road,S35,2014,3,16,,,,,,
Old Toh Tuck Road,S35,2014,3,17,,,,,,
Old Toh Tuck Road,S35,2014,3,18,,,,,,
Old Toh Tuck Road,S35,2014,3,19,8.2,,,,,
Old Toh Tuck Road,S35,2014,3,20,4.2,,,,,
Old Toh Tuck Road,S35,2014,3,21,0.6,,,,,
Old Toh Tuck Road,S35,2014,3,22,0.0,,,,,
Old Toh Tuck Road,S35,2014,3,23,0.0,,,,,
Old Toh Tuck Road,S35,2014,3,24,0.0,,,,,
Old Toh Tuck Road,S35,2014,3,25,0.0,,,,,
Old Toh Tuck Road,S35,2014,3,26,0.0,,,,,
Old Toh Tuck Road,S35,2014,3,27,0.0,,,,,
Old Toh Tuck Road,S35,2014,3,28,0.0,,,,,
Old Toh Tuck Road,S35,2014,3,29,0.0,,,,,
Old Toh Tuck Road,S35,2014,3,30,6.4,,,,,
Old Toh Tuck Road,S35,2014,3,31,2.6,,,,,
Old Toh Tuck Road,S35,2014,4,1,0.6,,,,,
Old Toh Tuck Road,S35,2014,4,2,0.0,,,,,
Old Toh Tuck Road,S35,2014,4,3,1.2,,,,,
Old Toh Tuck Road,S35,2014,4,4,23.6,,,,,
Old Toh Tuck Road,S35,2014,4,5,18.4,,,,,
Old Toh Tuck Road,S35,2014,4,6,0.2,,,,,
Old Toh Tuck Road,S35,2014,4,7,0.0,,,,,
Old Toh Tuck Road,S35,2014,4,8,9.8,,,,,
Old Toh Tuck Road,S35,2014,4,9,0.0,,,,,
Old Toh Tuck Road,S35,2014,4,10,0.0,,,,,
Old Toh Tuck Road,S35,2014,4,11,0.2,,,,,
Old Toh Tuck Road,S35,2014,4,12,5.0,,,,,
Old Toh Tuck Road,S35,2014,4,13,17.6,,,,,
Old Toh Tuck Road,S35,2014,4,14,6.0,,,,,
Old Toh Tuck Road,S35,2014,4,15,0.0,,,,,
Old Toh Tuck Road,S35,2014,4,16,0.0,,,,,
Old Toh Tuck Road,S35,2014,4,17,0.2,,,,,
Old Toh Tuck Road,S35,2014,4,18,3.0,,,,,
Old Toh Tuck Road,S35,2014,4,19,0.0,,,,,
Old Toh Tuck Road,S35,2014,4,20,0.0,,,,,
Old Toh Tuck Road,S35,2014,4,21,3.6,,,,,
Old Toh Tuck Road,S35,2014,4,22,0.0,,,,,
Old Toh Tuck Road,S35,2014,4,23,32.4,,,,,
Old Toh Tuck Road,S35,2014,4,24,0.4,,,,,
Old Toh Tuck Road,S35,2014,4,25,0.0,,,,,
Old Toh Tuck Road,S35,2014,4,26,0.2,,,,,
Old Toh Tuck Road,S35,2014,4,27,0.0,,,,,
Old Toh Tuck Road,S35,2014,4,28,3.2,,,,,
Old Toh Tuck Road,S35,2014,4,29,1.2,,,,,
Old Toh Tuck Road,S35,2014,4,30,0.6,,,,,
Old Toh Tuck Road,S35,2014,5,1,38.4,,,,,
Old Toh Tuck Road,S35,2014,5,2,0.0,,,,,
Old Toh Tuck Road,S35,2014,5,3,0.0,,,,,
Old Toh Tuck Road,S35,2014,5,4,3.6,,,,,
Old Toh Tuck Road,S35,2014,5,5,2.4,,,,,
Old Toh Tuck Road,S35,2014,5,6,9.2,,,,,
Old Toh Tuck Road,S35,2014,5,7,15.2,,,,,
Old Toh Tuck Road,S35,2014,5,8,0.0,,,,,
Old Toh Tuck Road,S35,2014,5,9,0.2,,,,,
Old Toh Tuck Road,S35,2014,5,10,0.0,,,,,
Old Toh Tuck Road,S35,2014,5,11,0.0,,,,,
Old Toh Tuck Road,S35,2014,5,12,0.0,,,,,
Old Toh Tuck Road,S35,2014,5,13,0.0,,,,,
Old Toh Tuck Road,S35,2014,5,14,10.4,,,,,
Old Toh Tuck Road,S35,2014,5,15,0.4,,,,,
Old Toh Tuck Road,S35,2014,5,16,14.8,,,,,
Old Toh Tuck Road,S35,2014,5,17,19.6,,,,,
Old Toh Tuck Road,S35,2014,5,18,142.8,,,,,
Old Toh Tuck Road,S35,2014,5,19,22.2,,,,,
Old Toh Tuck Road,S35,2014,5,20,4.0,,,,,
Old Toh Tuck Road,S35,2014,5,21,0.0,,,,,
Old Toh Tuck Road,S35,2014,5,22,0.0,,,,,
Old Toh Tuck Road,S35,2014,5,23,34.2,,,,,
Old Toh Tuck Road,S35,2014,5,24,0.0,,,,,
Old Toh Tuck Road,S35,2014,5,25,0.0,,,,,
Old Toh Tuck Road,S35,2014,5,26,21.2,,,,,
Old Toh Tuck Road,S35,2014,5,27,0.0,,,,,
Old Toh Tuck Road,S35,2014,5,28,0.4,,,,,
Old Toh Tuck Road,S35,2014,5,29,2.6,,,,,
Old Toh Tuck Road,S35,2014,5,30,15.0,,,,,
Old Toh Tuck Road,S35,2014,5,31,0.4,,,,,
Old Toh Tuck Road,S35,2014,6,1,5.6,,,,,
Old Toh Tuck Road,S35,2014,6,2,0.0,,,,,
Old Toh Tuck Road,S35,2014,6,3,0.0,,,,,
Old Toh Tuck Road,S35,2014,6,4,1.0,,,,,
Old Toh Tuck Road,S35,2014,6,5,22.8,,,,,
Old Toh Tuck Road,S35,2014,6,6,8.8,,,,,
Old Toh Tuck Road,S35,2014,6,7,0.2,,,,,
Old Toh Tuck Road,S35,2014,6,8,0.0,,,,,
Old Toh Tuck Road,S35,2014,6,9,0.0,,,,,
Old Toh Tuck Road,S35,2014,6,10,0.8,,,,,
Old Toh Tuck Road,S35,2014,6,11,0.0,,,,,
Old Toh Tuck Road,S35,2014,6,12,15.4,,,,,
Old Toh Tuck Road,S35,2014,6,13,0.0,,,,,
Old Toh Tuck Road,S35,2014,6,14,18.4,,,,,
Old Toh Tuck Road,S35,2014,6,15,0.2,,,,,
Old Toh Tuck Road,S35,2014,6,16,0.0,,,,,
Old Toh Tuck Road,S35,2014,6,17,0.0,,,,,
Old Toh Tuck Road,S35,2014,6,18,17.4,,,,,
Old Toh Tuck Road,S35,2014,6,19,14.6,,,,,
Old Toh Tuck Road,S35,2014,6,20,0.0,,,,,
Old Toh Tuck Road,S35,2014,6,21,0.0,,,,,
Old Toh Tuck Road,S35,2014,6,22,0.6,,,,,
Old Toh Tuck Road,S35,2014,6,23,0.0,,,,,
Old Toh Tuck Road,S35,2014,6,24,22.0,,,,,
Old Toh Tuck Road,S35,2014,6,25,7.6,,,,,
Old Toh Tuck Road,S35,2014,6,26,0.0,,,,,
Old Toh Tuck Road,S35,2014,6,27,0.0,,,,,
Old Toh Tuck Road,S35,2014,6,28,0.0,,,,,
Old Toh Tuck Road,S35,2014,6,29,8.2,,,,,
Old Toh Tuck Road,S35,2014,6,30,34.2,,,,,
Old Toh Tuck Road,S35,2014,7,1,0.0,,,,,
Old Toh Tuck Road,S35,2014,7,2,0.0,,,,,
Old Toh Tuck Road,S35,2014,7,3,0.0,,,,,
Old Toh Tuck Road,S35,2014,7,4,0.0,,,,,
Old Toh Tuck Road,S35,2014,7,5,56.5,,,,,
Old Toh Tuck Road,S35,2014,7,6,0.0,,,,,
Old Toh Tuck Road,S35,2014,7,7,26.0,,,,,
Old Toh Tuck Road,S35,2014,7,8,13.0,,,,,
Old Toh Tuck Road,S35,2014,7,9,23.0,,,,,
Old Toh Tuck Road,S35,2014,7,10,0.0,,,,,
Old Toh Tuck Road,S35,2014,7,11,1.5,,,,,
Old Toh Tuck Road,S35,2014,7,12,0.0,,,,,
Old Toh Tuck Road,S35,2014,7,13,0.0,,,,,
Old Toh Tuck Road,S35,2014,7,14,0.0,,,,,
Old Toh Tuck Road,S35,2014,7,15,0.0,,,,,
Old Toh Tuck Road,S35,2014,7,16,0.0,,,,,
Old Toh Tuck Road,S35,2014,7,17,14.0,,,,,
Old Toh Tuck Road,S35,2014,7,18,0.0,,,,,
Old Toh Tuck Road,S35,2014,7,19,0.0,,,,,
Old Toh Tuck Road,S35,2014,7,20,0.0,,,,,
Old Toh Tuck Road,S35,2014,7,21,0.0,,,,,
Old Toh Tuck Road,S35,2014,7,22,0.0,,,,,
Old Toh Tuck Road,S35,2014,7,23,0.0,,,,,
Old Toh Tuck Road,S35,2014,7,24,0.0,,,,,
Old Toh Tuck Road,S35,2014,7,25,0.0,,,,,
Old Toh Tuck Road,S35,2014,7,26,0.0,,,,,
Old Toh Tuck Road,S35,2014,7,27,25.0,,,,,
Old Toh Tuck Road,S35,2014,7,28,0.0,,,,,
Old Toh Tuck Road,S35,2014,7,29,26.0,,,,,
Old Toh Tuck Road,S35,2014,7,30,36.5,,,,,
Old Toh Tuck Road,S35,2014,7,31,6.5,,,,,
Old Toh Tuck Road,S35,2014,8,1,0.0,,,,,
Old Toh Tuck Road,S35,2014,8,2,8.0,,,,,
Old Toh Tuck Road,S35,2014,8,3,3.5,,,,,
Old Toh Tuck Road,S35,2014,8,4,0.0,,,,,
Old Toh Tuck Road,S35,2014,8,5,13.5,,,,,
Old Toh Tuck Road,S35,2014,8,6,20.5,,,,,
Old Toh Tuck Road,S35,2014,8,7,10.0,,,,,
Old Toh Tuck Road,S35,2014,8,8,0.0,,,,,
Old Toh Tuck Road,S35,2014,8,9,0.0,,,,,
Old Toh Tuck Road,S35,2014,8,10,0.0,,,,,
Old Toh Tuck Road,S35,2014,8,11,3.5,,,,,
Old Toh Tuck Road,S35,2014,8,12,1.5,,,,,
Old Toh Tuck Road,S35,2014,8,13,0.0,,,,,
Old Toh Tuck Road,S35,2014,8,14,4.0,,,,,
Old Toh Tuck Road,S35,2014,8,15,10.5,,,,,
Old Toh Tuck Road,S35,2014,8,16,5.0,,,,,
Old Toh Tuck Road,S35,2014,8,17,0.0,,,,,
Old Toh Tuck Road,S35,2014,8,18,0.0,,,,,
Old Toh Tuck Road,S35,2014,8,19,27.0,,,,,
Old Toh Tuck Road,S35,2014,8,20,0.5,,,,,
Old Toh Tuck Road,S35,2014,8,21,4.5,,,,,
Old Toh Tuck Road,S35,2014,8,22,0.0,,,,,
Old Toh Tuck Road,S35,2014,8,23,8.0,,,,,
Old Toh Tuck Road,S35,2014,8,24,1.5,,,,,
Old Toh Tuck Road,S35,2014,8,25,28.0,,,,,
Old Toh Tuck Road,S35,2014,8,26,13.0,,,,,
Old Toh Tuck Road,S35,2014,8,27,0.0,,,,,
Old Toh Tuck Road,S35,2014,8,28,0.0,,,,,
Old Toh Tuck Road,S35,2014,8,29,2.5,,,,,
Old Toh Tuck Road,S35,2014,8,30,0.0,,,,,
Old Toh Tuck Road,S35,2014,8,31,0.0,,,,,
Old Toh Tuck Road,S35,2014,9,1,0.0,,,,,
Old Toh Tuck Road,S35,2014,9,2,0.0,,,,,
Old Toh Tuck Road,S35,2014,9,3,0.0,,,,,
Old Toh Tuck Road,S35,2014,9,4,0.0,,,,,
Old Toh Tuck Road,S35,2014,9,5,0.0,,,,,
Old Toh Tuck Road,S35,2014,9,6,0.0,,,,,
Old Toh Tuck Road,S35,2014,9,7,0.0,,,,,
Old Toh Tuck Road,S35,2014,9,8,0.0,,,,,
Old Toh Tuck Road,S35,2014,9,9,0.0,,,,,
Old Toh Tuck Road,S35,2014,9,10,0.0,,,,,
Old Toh Tuck Road,S35,2014,9,11,0.0,,,,,
Old Toh Tuck Road,S35,2014,9,12,0.0,,,,,
Old Toh Tuck Road,S35,2014,9,13,0.0,,,,,
Old Toh Tuck Road,S35,2014,9,14,0.0,,,,,
Old Toh Tuck Road,S35,2014,9,15,0.0,,,,,
Old Toh Tuck Road,S35,2014,9,16,0.0,,,,,
Old Toh Tuck Road,S35,2014,9,17,0.0,,,,,
Old Toh Tuck Road,S35,2014,9,18,0.0,,,,,
Old Toh Tuck Road,S35,2014,9,19,0.0,,,,,
Old Toh Tuck Road,S35,2014,9,20,0.0,,,,,
Old Toh Tuck Road,S35,2014,9,21,0.0,,,,,
Old Toh Tuck Road,S35,2014,9,22,0.0,,,,,
Old Toh Tuck Road,S35,2014,9,23,0.0,,,,,
Old Toh Tuck Road,S35,2014,9,24,0.0,,,,,
Old Toh Tuck Road,S35,2014,9,25,0.0,,,,,
Old Toh Tuck Road,S35,2014,9,26,0.0,,,,,
Old Toh Tuck Road,S35,2014,9,27,0.0,,,,,
Old Toh Tuck Road,S35,2014,9,28,0.0,,,,,
Old Toh Tuck Road,S35,2014,9,29,0.0,,,,,
Old Toh Tuck Road,S35,2014,9,30,0.0,,,,,
Old Toh Tuck Road,S35,2014,10,1,0.0,,,,,
Old Toh Tuck Road,S35,2014,10,2,0.0,,,,,
Old Toh Tuck Road,S35,2014,10,3,0.0,,,,,
Old Toh Tuck Road,S35,2014,10,4,0.0,,,,,
Old Toh Tuck Road,S35,2014,10,5,0.0,,,,,
Old Toh Tuck Road,S35,2014,10,6,0.0,,,,,
Old Toh Tuck Road,S35,2014,10,7,0.0,,,,,
Old Toh Tuck Road,S35,2014,10,8,0.0,,,,,
Old Toh Tuck Road,S35,2014,10,9,0.0,,,,,
Old Toh Tuck Road,S35,2014,10,10,0.0,,,,,
Old Toh Tuck Road,S35,2014,10,11,0.0,,,,,
Old Toh Tuck Road,S35,2014,10,12,0.0,,,,,
Old Toh Tuck Road,S35,2014,10,13,0.0,,,,,
Old Toh Tuck Road,S35,2014,10,14,0.0,,,,,
Old Toh Tuck Road,S35,2014,10,15,0.0,,,,,
Old Toh Tuck Road,S35,2014,10,16,12.8,,,,,
Old Toh Tuck Road,S35,2014,10,17,26.2,,,,,
Old Toh Tuck Road,S35,2014,10,18,15.0,,,,,
Old Toh Tuck Road,S35,2014,10,19,0.0,,,,,
Old Toh Tuck Road,S35,2014,10,20,0.0,,,,,
Old Toh Tuck Road,S35,2014,10,21,23.4,,,,,
Old Toh Tuck Road,S35,2014,10,22,4.2,,,,,
Old Toh Tuck Road,S35,2014,10,23,0.0,,,,,
Old Toh Tuck Road,S35,2014,10,24,0.0,,,,,
Old Toh Tuck Road,S35,2014,10,25,0.0,,,,,
Old Toh Tuck Road,S35,2014,10,26,5.8,,,,,
Old Toh Tuck Road,S35,2014,10,27,0.6,,,,,
Old Toh Tuck Road,S35,2014,10,28,0.0,,,,,
Old Toh Tuck Road,S35,2014,10,29,0.0,,,,,
Old Toh Tuck Road,S35,2014,10,30,0.0,,,,,
Old Toh Tuck Road,S35,2014,10,31,40.6,,,,,
Old Toh Tuck Road,S35,2014,11,1,0.4,,,,,
Old Toh Tuck Road,S35,2014,11,2,0.0,,,,,
Old Toh Tuck Road,S35,2014,11,3,0.0,,,,,
Old Toh Tuck Road,S35,2014,11,4,0.0,,,,,
Old Toh Tuck Road,S35,2014,11,5,1.0,,,,,
Old Toh Tuck Road,S35,2014,11,6,9.0,,,,,
Old Toh Tuck Road,S35,2014,11,7,1.4,,,,,
Old Toh Tuck Road,S35,2014,11,8,160.8,,,,,
Old Toh Tuck Road,S35,2014,11,9,15.0,,,,,
Old Toh Tuck Road,S35,2014,11,10,0.8,,,,,
Old Toh Tuck Road,S35,2014,11,11,2.4,,,,,
Old Toh Tuck Road,S35,2014,11,12,3.2,,,,,
Old Toh Tuck Road,S35,2014,11,13,1.0,,,,,
Old Toh Tuck Road,S35,2014,11,14,1.2,,,,,
Old Toh Tuck Road,S35,2014,11,15,16.2,,,,,
Old Toh Tuck Road,S35,2014,11,16,18.4,,,,,
Old Toh Tuck Road,S35,2014,11,17,15.4,,,,,
Old Toh Tuck Road,S35,2014,11,18,5.2,,,,,
Old Toh Tuck Road,S35,2014,11,19,0.0,,,,,
Old Toh Tuck Road,S35,2014,11,20,57.2,,,,,
Old Toh Tuck Road,S35,2014,11,21,0.8,,,,,
Old Toh Tuck Road,S35,2014,11,22,10.4,,,,,
Old Toh Tuck Road,S35,2014,11,23,17.6,,,,,
Old Toh Tuck Road,S35,2014,11,24,32.6,,,,,
Old Toh Tuck Road,S35,2014,11,25,15.8,,,,,
Old Toh Tuck Road,S35,2014,11,26,71.6,,,,,
Old Toh Tuck Road,S35,2014,11,27,0.0,,,,,
Old Toh Tuck Road,S35,2014,11,28,2.0,,,,,
Old Toh Tuck Road,S35,2014,11,29,3.0,,,,,
Old Toh Tuck Road,S35,2014,11,30,0.0,,,,,
Old Toh Tuck Road,S35,2014,12,1,13.2,,,,,
Old Toh Tuck Road,S35,2014,12,2,0.0,,,,,
Old Toh Tuck Road,S35,2014,12,3,0.0,,,,,
Old Toh Tuck Road,S35,2014,12,4,38.2,,,,,
Old Toh Tuck Road,S35,2014,12,5,0.0,,,,,
Old Toh Tuck Road,S35,2014,12,6,13.0,,,,,
Old Toh Tuck Road,S35,2014,12,7,39.8,,,,,
Old Toh Tuck Road,S35,2014,12,8,0.2,,,,,
Old Toh Tuck Road,S35,2014,12,9,0.0,,,,,
Old Toh Tuck Road,S35,2014,12,10,0.0,,,,,
Old Toh Tuck Road,S35,2014,12,11,4.2,,,,,
Old Toh Tuck Road,S35,2014,12,12,2.0,,,,,
Old Toh Tuck Road,S35,2014,12,13,52.6,,,,,
Old Toh Tuck Road,S35,2014,12,14,0.6,,,,,
Old Toh Tuck Road,S35,2014,12,15,2.0,,,,,
Old Toh Tuck Road,S35,2014,12,16,0.8,,,,,
Old Toh Tuck Road,S35,2014,12,17,57.2,,,,,
Old Toh Tuck Road,S35,2014,12,18,10.4,,,,,
Old Toh Tuck Road,S35,2014,12,19,38.4,,,,,
Old Toh Tuck Road,S35,2014,12,20,20.2,,,,,
Old Toh Tuck Road,S35,2014,12,21,22.6,,,,,
Old Toh Tuck Road,S35,2014,12,22,0.0,,,,,
Old Toh Tuck Road,S35,2014,12,23,0.0,,,,,
Old Toh Tuck Road,S35,2014,12,24,51.8,,,,,
Old Toh Tuck Road,S35,2014,12,25,1.2,,,,,
Old Toh Tuck Road,S35,2014,12,26,49.6,,,,,
Old Toh Tuck Road,S35,2014,12,27,30.4,,,,,
Old Toh Tuck Road,S35,2014,12,28,1.4,,,,,
Old Toh Tuck Road,S35,2014,12,29,11.4,,,,,
Old Toh Tuck Road,S35,2014,12,30,0.0,,,,,
Old Toh Tuck Road,S35,2014,12,31,0.0,,,,,
Old Toh Tuck Road,S35,2015,1,1,0.2,,,,,
Old Toh Tuck Road,S35,2015,1,2,0.0,,,,,
Old Toh Tuck Road,S35,2015,1,3,0.0,,,,,
Old Toh Tuck Road,S35,2015,1,4,0.0,,,,,
Old Toh Tuck Road,S35,2015,1,5,0.0,,,,,
Old Toh Tuck Road,S35,2015,1,6,27.0,,,,,
Old Toh Tuck Road,S35,2015,1,7,10.4,,,,,
Old Toh Tuck Road,S35,2015,1,8,23.4,,,,,
Old Toh Tuck Road,S35,2015,1,9,1.4,,,,,
Old Toh Tuck Road,S35,2015,1,10,0.0,,,,,
Old Toh Tuck Road,S35,2015,1,11,20.2,,,,,
Old Toh Tuck Road,S35,2015,1,12,0.4,,,,,
Old Toh Tuck Road,S35,2015,1,13,0.0,,,,,
Old Toh Tuck Road,S35,2015,1,14,0.0,,,,,
Old Toh Tuck Road,S35,2015,1,15,0.0,,,,,
Old Toh Tuck Road,S35,2015,1,16,0.0,,,,,
Old Toh Tuck Road,S35,2015,1,17,0.0,,,,,
Old Toh Tuck Road,S35,2015,1,18,0.0,,,,,
Old Toh Tuck Road,S35,2015,1,19,0.0,,,,,
Old Toh Tuck Road,S35,2015,1,20,0.0,,,,,
Old Toh Tuck Road,S35,2015,1,21,28.5,,,,,
Old Toh Tuck Road,S35,2015,1,22,0.0,,,,,
Old Toh Tuck Road,S35,2015,1,23,0.0,,,,,
Old Toh Tuck Road,S35,2015,1,24,0.0,,,,,
Old Toh Tuck Road,S35,2015,1,25,0.0,,,,,
Old Toh Tuck Road,S35,2015,1,26,0.0,,,,,
Old Toh Tuck Road,S35,2015,1,27,0.0,,,,,
Old Toh Tuck Road,S35,2015,1,28,0.2,,,,,
Old Toh Tuck Road,S35,2015,1,29,0.0,,,,,
Old Toh Tuck Road,S35,2015,1,30,0.0,,,,,
Old Toh Tuck Road,S35,2015,1,31,0.0,,,,,
Old Toh Tuck Road,S35,2015,2,1,0.0,,,,,
Old Toh Tuck Road,S35,2015,2,2,2.6,,,,,
Old Toh Tuck Road,S35,2015,2,3,0.0,,,,,
Old Toh Tuck Road,S35,2015,2,4,0.2,,,,,
Old Toh Tuck Road,S35,2015,2,5,0.0,,,,,
Old Toh Tuck Road,S35,2015,2,6,5.4,,,,,
Old Toh Tuck Road,S35,2015,2,7,0.0,,,,,
Old Toh Tuck Road,S35,2015,2,8,0.0,,,,,
Old Toh Tuck Road,S35,2015,2,9,0.0,,,,,
Old Toh Tuck Road,S35,2015,2,10,0.0,,,,,
Old Toh Tuck Road,S35,2015,2,11,0.0,,,,,
Old Toh Tuck Road,S35,2015,2,12,0.0,,,,,
Old Toh Tuck Road,S35,2015,2,13,0.0,,,,,
Old Toh Tuck Road,S35,2015,2,14,0.0,,,,,
Old Toh Tuck Road,S35,2015,2,15,0.0,,,,,
Old Toh Tuck Road,S35,2015,2,16,0.0,,,,,
Old Toh Tuck Road,S35,2015,2,17,0.0,,,,,
Old Toh Tuck Road,S35,2015,2,18,0.0,,,,,
Old Toh Tuck Road,S35,2015,2,19,23.0,,,,,
Old Toh Tuck Road,S35,2015,2,20,0.0,,,,,
Old Toh Tuck Road,S35,2015,2,21,0.0,,,,,
Old Toh Tuck Road,S35,2015,2,22,0.0,,,,,
Old Toh Tuck Road,S35,2015,2,23,0.0,,,,,
Old Toh Tuck Road,S35,2015,2,24,0.0,,,,,
Old Toh Tuck Road,S35,2015,2,25,6.8,,,,,
Old Toh Tuck Road,S35,2015,2,26,0.0,,,,,
Old Toh Tuck Road,S35,2015,2,27,0.0,,,,,
Old Toh Tuck Road,S35,2015,2,28,0.0,,,,,
Old Toh Tuck Road,S35,2015,3,1,0.0,,,,,
Old Toh Tuck Road,S35,2015,3,2,3.0,,,,,
Old Toh Tuck Road,S35,2015,3,3,0.0,,,,,
Old Toh Tuck Road,S35,2015,3,4,0.0,,,,,
Old Toh Tuck Road,S35,2015,3,5,0.0,,,,,
Old Toh Tuck Road,S35,2015,3,6,0.0,,,,,
Old Toh Tuck Road,S35,2015,3,7,0.0,,,,,
Old Toh Tuck Road,S35,2015,3,8,0.0,,,,,
Old Toh Tuck Road,S35,2015,3,9,3.0,,,,,
Old Toh Tuck Road,S35,2015,3,10,0.8,,,,,
Old Toh Tuck Road,S35,2015,3,11,11.4,,,,,
Old Toh Tuck Road,S35,2015,3,12,0.0,,,,,
Old Toh Tuck Road,S35,2015,3,13,0.0,,,,,
Old Toh Tuck Road,S35,2015,3,14,26.6,,,,,
Old Toh Tuck Road,S35,2015,3,15,3.2,,,,,
Old Toh Tuck Road,S35,2015,3,16,0.0,,,,,
Old Toh Tuck Road,S35,2015,3,17,0.0,,,,,
Old Toh Tuck Road,S35,2015,3,18,0.0,,,,,
Old Toh Tuck Road,S35,2015,3,19,0.8,,,,,
Old Toh Tuck Road,S35,2015,3,20,0.0,,,,,
Old Toh Tuck Road,S35,2015,3,21,7.4,,,,,
Old Toh Tuck Road,S35,2015,3,22,23.8,,,,,
Old Toh Tuck Road,S35,2015,3,23,0.2,,,,,
Old Toh Tuck Road,S35,2015,3,24,0.0,,,,,
Old Toh Tuck Road,S35,2015,3,25,0.0,,,,,
Old Toh Tuck Road,S35,2015,3,26,0.0,,,,,
Old Toh Tuck Road,S35,2015,3,27,0.0,,,,,
Old Toh Tuck Road,S35,2015,3,28,4.0,,,,,
Old Toh Tuck Road,S35,2015,3,29,16.8,,,,,
Old Toh Tuck Road,S35,2015,3,30,1.0,,,,,
Old Toh Tuck Road,S35,2015,3,31,1.2,,,,,
Old Toh Tuck Road,S35,2015,4,1,18.0,,,,,
Old Toh Tuck Road,S35,2015,4,2,25.5,,,,,
Old Toh Tuck Road,S35,2015,4,3,0.0,,,,,
Old Toh Tuck Road,S35,2015,4,4,0.5,,,,,
Old Toh Tuck Road,S35,2015,4,5,0.0,,,,,
Old Toh Tuck Road,S35,2015,4,6,1.0,,,,,
Old Toh Tuck Road,S35,2015,4,7,0.0,,,,,
Old Toh Tuck Road,S35,2015,4,8,0.0,,,,,
Old Toh Tuck Road,S35,2015,4,9,1.0,,,,,
Old Toh Tuck Road,S35,2015,4,10,0.0,,,,,
Old Toh Tuck Road,S35,2015,4,11,0.0,,,,,
Old Toh Tuck Road,S35,2015,4,12,21.0,,,,,
Old Toh Tuck Road,S35,2015,4,13,0.0,,,,,
Old Toh Tuck Road,S35,2015,4,14,0.0,,,,,
Old Toh Tuck Road,S35,2015,4,15,0.0,,,,,
Old Toh Tuck Road,S35,2015,4,16,0.0,,,,,
Old Toh Tuck Road,S35,2015,4,17,3.0,,,,,
Old Toh Tuck Road,S35,2015,4,18,18.0,,,,,
Old Toh Tuck Road,S35,2015,4,19,7.0,,,,,
Old Toh Tuck Road,S35,2015,4,20,0.0,,,,,
Old Toh Tuck Road,S35,2015,4,21,11.0,,,,,
Old Toh Tuck Road,S35,2015,4,22,19.0,,,,,
Old Toh Tuck Road,S35,2015,4,23,14.5,,,,,
Old Toh Tuck Road,S35,2015,4,24,6.5,,,,,
Old Toh Tuck Road,S35,2015,4,25,50.0,,,,,
Old Toh Tuck Road,S35,2015,4,26,0.5,,,,,
Old Toh Tuck Road,S35,2015,4,27,8.0,,,,,
Old Toh Tuck Road,S35,2015,4,28,42.0,,,,,
Old Toh Tuck Road,S35,2015,4,29,1.0,,,,,
Old Toh Tuck Road,S35,2015,4,30,8.5,,,,,
Old Toh Tuck Road,S35,2015,5,1,0.0,,,,,
Old Toh Tuck Road,S35,2015,5,2,1.5,,,,,
Old Toh Tuck Road,S35,2015,5,3,84.5,,,,,
Old Toh Tuck Road,S35,2015,5,4,0.0,,,,,
Old Toh Tuck Road,S35,2015,5,5,0.0,,,,,
Old Toh Tuck Road,S35,2015,5,6,1.0,,,,,
Old Toh Tuck Road,S35,2015,5,7,0.0,,,,,
Old Toh Tuck Road,S35,2015,5,8,0.0,,,,,
Old Toh Tuck Road,S35,2015,5,9,0.0,,,,,
Old Toh Tuck Road,S35,2015,5,10,0.0,,,,,
Old Toh Tuck Road,S35,2015,5,11,0.0,,,,,
Old Toh Tuck Road,S35,2015,5,12,0.0,,,,,
Old Toh Tuck Road,S35,2015,5,13,0.0,,,,,
Old Toh Tuck Road,S35,2015,5,14,9.0,,,,,
Old Toh Tuck Road,S35,2015,5,15,15.0,,,,,
Old Toh Tuck Road,S35,2015,5,16,0.0,,,,,
Old Toh Tuck Road,S35,2015,5,17,0.0,,,,,
Old Toh Tuck Road,S35,2015,5,18,10.0,,,,,
Old Toh Tuck Road,S35,2015,5,19,47.0,,,,,
Old Toh Tuck Road,S35,2015,5,20,0.5,,,,,
Old Toh Tuck Road,S35,2015,5,21,0.0,,,,,
Old Toh Tuck Road,S35,2015,5,22,0.0,,,,,
Old Toh Tuck Road,S35,2015,5,23,11.5,,,,,
Old Toh Tuck Road,S35,2015,5,24,0.0,,,,,
Old Toh Tuck Road,S35,2015,5,25,0.0,,,,,
Old Toh Tuck Road,S35,2015,5,26,1.0,,,,,
Old Toh Tuck Road,S35,2015,5,27,0.0,,,,,
Old Toh Tuck Road,S35,2015,5,28,0.5,,,,,
Old Toh Tuck Road,S35,2015,5,29,0.0,,,,,
Old Toh Tuck Road,S35,2015,5,30,0.5,,,,,
Old Toh Tuck Road,S35,2015,5,31,0.0,,,,,
Old Toh Tuck Road,S35,2015,6,1,0.0,,,,,
Old Toh Tuck Road,S35,2015,6,2,1.0,,,,,
Old Toh Tuck Road,S35,2015,6,3,0.0,,,,,
Old Toh Tuck Road,S35,2015,6,4,0.0,,,,,
Old Toh Tuck Road,S35,2015,6,5,0.0,,,,,
Old Toh Tuck Road,S35,2015,6,6,1.0,,,,,
Old Toh Tuck Road,S35,2015,6,7,33.0,,,,,
Old Toh Tuck Road,S35,2015,6,8,14.0,,,,,
Old Toh Tuck Road,S35,2015,6,9,1.5,,,,,
Old Toh Tuck Road,S35,2015,6,10,0.0,,,,,
Old Toh Tuck Road,S35,2015,6,11,0.0,,,,,
Old Toh Tuck Road,S35,2015,6,12,11.0,,,,,
Old Toh Tuck Road,S35,2015,6,13,0.5,,,,,
Old Toh Tuck Road,S35,2015,6,14,0.0,,,,,
Old Toh Tuck Road,S35,2015,6,15,0.0,,,,,
Old Toh Tuck Road,S35,2015,6,16,0.0,,,,,
Old Toh Tuck Road,S35,2015,6,17,0.2,,,,,
Old Toh Tuck Road,S35,2015,6,18,0.0,,,,,
Old Toh Tuck Road,S35,2015,6,19,0.0,,,,,
Old Toh Tuck Road,S35,2015,6,20,0.0,,,,,
Old Toh Tuck Road,S35,2015,6,21,0.0,,,,,
Old Toh Tuck Road,S35,2015,6,22,0.0,,,,,
Old Toh Tuck Road,S35,2015,6,23,0.0,,,,,
Old Toh Tuck Road,S35,2015,6,24,0.0,,,,,
Old Toh Tuck Road,S35,2015,6,25,0.0,,,,,
Old Toh Tuck Road,S35,2015,6,26,0.0,,,,,
Old Toh Tuck Road,S35,2015,6,27,0.0,,,,,
Old Toh Tuck Road,S35,2015,6,28,0.0,,,,,
Old Toh Tuck Road,S35,2015,6,29,0.0,,,,,
Old Toh Tuck Road,S35,2015,6,30,0.0,,,,,
Old Toh Tuck Road,S35,2015,7,1,6.2,,,,,
Old Toh Tuck Road,S35,2015,7,2,0.0,,,,,
Old Toh Tuck Road,S35,2015,7,3,0.0,,,,,
Old Toh Tuck Road,S35,2015,7,4,19.0,,,,,
Old Toh Tuck Road,S35,2015,7,5,0.0,,,,,
Old Toh Tuck Road,S35,2015,7,6,0.0,,,,,
Old Toh Tuck Road,S35,2015,7,7,0.0,,,,,
Old Toh Tuck Road,S35,2015,7,8,0.0,,,,,
Old Toh Tuck Road,S35,2015,7,9,1.0,,,,,
Old Toh Tuck Road,S35,2015,7,10,2.5,,,,,
Old Toh Tuck Road,S35,2015,7,11,0.0,,,,,
Old Toh Tuck Road,S35,2015,7,12,0.0,,,,,
Old Toh Tuck Road,S35,2015,7,13,0.0,,,,,
Old Toh Tuck Road,S35,2015,7,14,2.5,,,,,
Old Toh Tuck Road,S35,2015,7,15,0.0,,,,,
Old Toh Tuck Road,S35,2015,7,16,0.0,,,,,
Old Toh Tuck Road,S35,2015,7,17,3.5,,,,,
Old Toh Tuck Road,S35,2015,7,18,0.0,,,,,
Old Toh Tuck Road,S35,2015,7,19,0.0,,,,,
Old Toh Tuck Road,S35,2015,7,20,0.5,,,,,
Old Toh Tuck Road,S35,2015,7,21,0.0,,,,,
Old Toh Tuck Road,S35,2015,7,22,0.0,,,,,
Old Toh Tuck Road,S35,2015,7,23,0.2,,,,,
Old Toh Tuck Road,S35,2015,7,24,0.0,,,,,
Old Toh Tuck Road,S35,2015,7,25,0.0,,,,,
Old Toh Tuck Road,S35,2015,7,26,0.0,,,,,
Old Toh Tuck Road,S35,2015,7,27,0.0,,,,,
Old Toh Tuck Road,S35,2015,7,28,0.0,,,,,
Old Toh Tuck Road,S35,2015,7,29,0.0,,,,,
Old Toh Tuck Road,S35,2015,7,30,0.4,,,,,
Old Toh Tuck Road,S35,2015,7,31,6.0,,,,,
Old Toh Tuck Road,S35,2015,8,1,0.4,,,,,
Old Toh Tuck Road,S35,2015,8,2,0.0,,,,,
Old Toh Tuck Road,S35,2015,8,3,23.4,,,,,
Old Toh Tuck Road,S35,2015,8,4,22.4,,,,,
Old Toh Tuck Road,S35,2015,8,5,0.0,,,,,
Old Toh Tuck Road,S35,2015,8,6,15.4,,,,,
Old Toh Tuck Road,S35,2015,8,7,25.8,,,,,
Old Toh Tuck Road,S35,2015,8,8,10.8,,,,,
Old Toh Tuck Road,S35,2015,8,9,7.0,,,,,
Old Toh Tuck Road,S35,2015,8,10,0.0,,,,,
Old Toh Tuck Road,S35,2015,8,11,9.6,,,,,
Old Toh Tuck Road,S35,2015,8,12,1.2,,,,,
Old Toh Tuck Road,S35,2015,8,13,0.0,,,,,
Old Toh Tuck Road,S35,2015,8,14,0.0,,,,,
Old Toh Tuck Road,S35,2015,8,15,0.0,,,,,
Old Toh Tuck Road,S35,2015,8,16,3.6,,,,,
Old Toh Tuck Road,S35,2015,8,17,0.0,,,,,
Old Toh Tuck Road,S35,2015,8,18,0.0,,,,,
Old Toh Tuck Road,S35,2015,8,19,0.0,,,,,
Old Toh Tuck Road,S35,2015,8,20,0.0,,,,,
Old Toh Tuck Road,S35,2015,8,21,9.6,,,,,
Old Toh Tuck Road,S35,2015,8,22,0.0,,,,,
Old Toh Tuck Road,S35,2015,8,23,0.0,,,,,
Old Toh Tuck Road,S35,2015,8,24,0.0,,,,,
Old Toh Tuck Road,S35,2015,8,25,11.8,,,,,
Old Toh Tuck Road,S35,2015,8,26,0.2,,,,,
Old Toh Tuck Road,S35,2015,8,27,0.0,,,,,
Old Toh Tuck Road,S35,2015,8,28,0.0,,,,,
Old Toh Tuck Road,S35,2015,8,29,0.0,,,,,
Old Toh Tuck Road,S35,2015,8,30,0.0,,,,,
Old Toh Tuck Road,S35,2015,8,31,0.0,,,,,
Old Toh Tuck Road,S35,2015,9,1,0.4,,,,,
Old Toh Tuck Road,S35,2015,9,2,0.2,,,,,
Old Toh Tuck Road,S35,2015,9,3,11.2,,,,,
Old Toh Tuck Road,S35,2015,9,4,0.4,,,,,
Old Toh Tuck Road,S35,2015,9,5,0.0,,,,,
Old Toh Tuck Road,S35,2015,9,6,0.0,,,,,
Old Toh Tuck Road,S35,2015,9,7,0.0,,,,,
Old Toh Tuck Road,S35,2015,9,8,0.0,,,,,
Old Toh Tuck Road,S35,2015,9,9,27.6,,,,,
Old Toh Tuck Road,S35,2015,9,10,0.2,,,,,
Old Toh Tuck Road,S35,2015,9,11,0.0,,,,,
Old Toh Tuck Road,S35,2015,9,12,0.0,,,,,
Old Toh Tuck Road,S35,2015,9,13,0.0,,,,,
Old Toh Tuck Road,S35,2015,9,14,3.8,,,,,
Old Toh Tuck Road,S35,2015,9,15,8.2,,,,,
Old Toh Tuck Road,S35,2015,9,16,9.4,,,,,
Old Toh Tuck Road,S35,2015,9,17,0.0,,,,,
Old Toh Tuck Road,S35,2015,9,18,0.0,,,,,
Old Toh Tuck Road,S35,2015,9,19,0.0,,,,,
Old Toh Tuck Road,S35,2015,9,20,39.2,,,,,
Old Toh Tuck Road,S35,2015,9,21,0.6,,,,,
Old Toh Tuck Road,S35,2015,9,22,0.0,,,,,
Old Toh Tuck Road,S35,2015,9,23,0.0,,,,,
Old Toh Tuck Road,S35,2015,9,24,0.0,,,,,
Old Toh Tuck Road,S35,2015,9,25,0.0,,,,,
Old Toh Tuck Road,S35,2015,9,26,0.0,,,,,
Old Toh Tuck Road,S35,2015,9,27,0.0,,,,,
Old Toh Tuck Road,S35,2015,9,28,35.2,,,,,
Old Toh Tuck Road,S35,2015,9,29,0.0,,,,,
Old Toh Tuck Road,S35,2015,9,30,1.8,,,,,
Old Toh Tuck Road,S35,2015,10,1,0.0,,,,,
Old Toh Tuck Road,S35,2015,10,2,7.6,,,,,
Old Toh Tuck Road,S35,2015,10,3,0.0,,,,,
Old Toh Tuck Road,S35,2015,10,4,0.0,,,,,
Old Toh Tuck Road,S35,2015,10,5,14.0,,,,,
Old Toh Tuck Road,S35,2015,10,6,15.6,,,,,
Old Toh Tuck Road,S35,2015,10,7,3.2,,,,,
Old Toh Tuck Road,S35,2015,10,8,0.0,,,,,
Old Toh Tuck Road,S35,2015,10,9,0.0,,,,,
Old Toh Tuck Road,S35,2015,10,10,0.0,,,,,
Old Toh Tuck Road,S35,2015,10,11,0.0,,,,,
Old Toh Tuck Road,S35,2015,10,12,0.0,,,,,
Old Toh Tuck Road,S35,2015,10,13,0.0,,,,,
Old Toh Tuck Road,S35,2015,10,14,1.2,,,,,
Old Toh Tuck Road,S35,2015,10,15,0.0,,,,,
Old Toh Tuck Road,S35,2015,10,16,0.0,,,,,
Old Toh Tuck Road,S35,2015,10,17,0.0,,,,,
Old Toh Tuck Road,S35,2015,10,18,0.0,,,,,
Old Toh Tuck Road,S35,2015,10,19,0.0,,,,,
Old Toh Tuck Road,S35,2015,10,20,0.0,,,,,
Old Toh Tuck Road,S35,2015,10,21,0.0,,,,,
Old Toh Tuck Road,S35,2015,10,22,0.0,,,,,
Old Toh Tuck Road,S35,2015,10,23,0.0,,,,,
Old Toh Tuck Road,S35,2015,10,24,4.4,,,,,
Old Toh Tuck Road,S35,2015,10,25,1.8,,,,,
Old Toh Tuck Road,S35,2015,10,26,0.0,,,,,
Old Toh Tuck Road,S35,2015,10,27,8.0,,,,,
Old Toh Tuck Road,S35,2015,10,28,20.5,,,,,
Old Toh Tuck Road,S35,2015,10,29,0.0,,,,,
Old Toh Tuck Road,S35,2015,10,30,3.6,,,,,
Old Toh Tuck Road,S35,2015,10,31,15.8,,,,,
Old Toh Tuck Road,S35,2015,11,1,0.2,,,,,
Old Toh Tuck Road,S35,2015,11,2,0.0,,,,,
Old Toh Tuck Road,S35,2015,11,3,0.0,,,,,
Old Toh Tuck Road,S35,2015,11,4,0.0,,,,,
Old Toh Tuck Road,S35,2015,11,5,0.0,,,,,
Old Toh Tuck Road,S35,2015,11,6,0.0,,,,,
Old Toh Tuck Road,S35,2015,11,7,18.6,,,,,
Old Toh Tuck Road,S35,2015,11,8,2.0,,,,,
Old Toh Tuck Road,S35,2015,11,9,6.6,,,,,
Old Toh Tuck Road,S35,2015,11,10,3.0,,,,,
Old Toh Tuck Road,S35,2015,11,11,1.2,,,,,
Old Toh Tuck Road,S35,2015,11,12,0.0,,,,,
Old Toh Tuck Road,S35,2015,11,13,4.6,,,,,
Old Toh Tuck Road,S35,2015,11,14,0.0,,,,,
Old Toh Tuck Road,S35,2015,11,15,0.0,,,,,
Old Toh Tuck Road,S35,2015,11,16,0.8,,,,,
Old Toh Tuck Road,S35,2015,11,17,15.8,,,,,
Old Toh Tuck Road,S35,2015,11,18,0.0,,,,,
Old Toh Tuck Road,S35,2015,11,19,0.6,,,,,
Old Toh Tuck Road,S35,2015,11,20,8.4,,,,,
Old Toh Tuck Road,S35,2015,11,21,0.0,,,,,
Old Toh Tuck Road,S35,2015,11,22,0.0,,,,,
Old Toh Tuck Road,S35,2015,11,23,0.0,,,,,
Old Toh Tuck Road,S35,2015,11,24,,,,,,
Old Toh Tuck Road,S35,2015,11,25,,,,,,
Old Toh Tuck Road,S35,2015,11,26,26.2,,,,,
Old Toh Tuck Road,S35,2015,11,27,6.0,,,,,
Old Toh Tuck Road,S35,2015,11,28,4.0,,,,,
Old Toh Tuck Road,S35,2015,11,29,1.0,,,,,
Old Toh Tuck Road,S35,2015,11,30,5.0,,,,,
Old Toh Tuck Road,S35,2015,12,1,56.5,,,,,
Old Toh Tuck Road,S35,2015,12,2,5.0,,,,,
Old Toh Tuck Road,S35,2015,12,3,4.0,,,,,
Old Toh Tuck Road,S35,2015,12,4,0.5,,,,,
Old Toh Tuck Road,S35,2015,12,5,21.0,,,,,
Old Toh Tuck Road,S35,2015,12,6,0.5,,,,,
Old Toh Tuck Road,S35,2015,12,7,0.0,,,,,
Old Toh Tuck Road,S35,2015,12,8,8.0,,,,,
Old Toh Tuck Road,S35,2015,12,9,3.0,,,,,
Old Toh Tuck Road,S35,2015,12,10,34.5,,,,,
Old Toh Tuck Road,S35,2015,12,11,35.5,,,,,
Old Toh Tuck Road,S35,2015,12,12,15.0,,,,,
Old Toh Tuck Road,S35,2015,12,13,16.5,,,,,
Old Toh Tuck Road,S35,2015,12,14,0.2,,,,,
Old Toh Tuck Road,S35,2015,12,15,0.0,,,,,
Old Toh Tuck Road,S35,2015,12,16,0.0,,,,,
Old Toh Tuck Road,S35,2015,12,17,0.0,,,,,
Old Toh Tuck Road,S35,2015,12,18,4.5,,,,,
Old Toh Tuck Road,S35,2015,12,19,0.0,,,,,
Old Toh Tuck Road,S35,2015,12,20,0.0,,,,,
Old Toh Tuck Road,S35,2015,12,21,0.0,,,,,
Old Toh Tuck Road,S35,2015,12,22,0.0,,,,,
Old Toh Tuck Road,S35,2015,12,23,12.0,,,,,
Old Toh Tuck Road,S35,2015,12,24,42.6,,,,,
Old Toh Tuck Road,S35,2015,12,25,1.4,,,,,
Old Toh Tuck Road,S35,2015,12,26,0.0,,,,,
Old Toh Tuck Road,S35,2015,12,27,0.0,,,,,
Old Toh Tuck Road,S35,2015,12,28,27.4,,,,,
Old Toh Tuck Road,S35,2015,12,29,11.0,,,,,
Old Toh Tuck Road,S35,2015,12,30,0.0,,,,,
Old Toh Tuck Road,S35,2015,12,31,13.0,,,,,
Old Toh Tuck Road,S35,2016,1,1,9.6,,,,,
Old Toh Tuck Road,S35,2016,1,2,21.8,,,,,
Old Toh Tuck Road,S35,2016,1,3,0.0,,,,,
Old Toh Tuck Road,S35,2016,1,4,9.4,,,,,
Old Toh Tuck Road,S35,2016,1,5,0.4,,,,,
Old Toh Tuck Road,S35,2016,1,6,1.0,,,,,
Old Toh Tuck Road,S35,2016,1,7,0.0,,,,,
Old Toh Tuck Road,S35,2016,1,8,0.0,,,,,
Old Toh Tuck Road,S35,2016,1,9,0.0,,,,,
Old Toh Tuck Road,S35,2016,1,10,0.0,,,,,
Old Toh Tuck Road,S35,2016,1,11,2.8,,,,,
Old Toh Tuck Road,S35,2016,1,12,0.0,,,,,
Old Toh Tuck Road,S35,2016,1,13,0.0,,,,,
Old Toh Tuck Road,S35,2016,1,14,7.8,,,,,
Old Toh Tuck Road,S35,2016,1,15,2.4,,,,,
Old Toh Tuck Road,S35,2016,1,16,0.0,,,,,
Old Toh Tuck Road,S35,2016,1,17,13.4,,,,,
Old Toh Tuck Road,S35,2016,1,18,8.2,,,,,
Old Toh Tuck Road,S35,2016,1,19,2.4,,,,,
Old Toh Tuck Road,S35,2016,1,20,7.6,,,,,
Old Toh Tuck Road,S35,2016,1,21,0.2,,,,,
Old Toh Tuck Road,S35,2016,1,22,58.2,,,,,
Old Toh Tuck Road,S35,2016,1,23,4.0,,,,,
Old Toh Tuck Road,S35,2016,1,24,1.6,,,,,
Old Toh Tuck Road,S35,2016,1,25,14.0,,,,,
Old Toh Tuck Road,S35,2016,1,26,2.0,,,,,
Old Toh Tuck Road,S35,2016,1,27,0.0,,,,,
Old Toh Tuck Road,S35,2016,1,28,18.4,,,,,
Old Toh Tuck Road,S35,2016,1,29,19.6,,,,,
Old Toh Tuck Road,S35,2016,1,30,0.0,,,,,
Old Toh Tuck Road,S35,2016,1,31,5.4,,,,,
Old Toh Tuck Road,S35,2016,2,1,0.0,,,,,
Old Toh Tuck Road,S35,2016,2,2,3.0,,,,,
Old Toh Tuck Road,S35,2016,2,3,0.0,,,,,
Old Toh Tuck Road,S35,2016,2,4,22.4,,,,,
Old Toh Tuck Road,S35,2016,2,5,3.8,,,,,
Old Toh Tuck Road,S35,2016,2,6,7.0,,,,,
Old Toh Tuck Road,S35,2016,2,7,28.2,,,,,
Old Toh Tuck Road,S35,2016,2,8,0.2,,,,,
Old Toh Tuck Road,S35,2016,2,9,0.0,,,,,
Old Toh Tuck Road,S35,2016,2,10,0.4,,,,,
Old Toh Tuck Road,S35,2016,2,11,0.0,,,,,
Old Toh Tuck Road,S35,2016,2,12,18.6,,,,,
Old Toh Tuck Road,S35,2016,2,13,0.0,,,,,
Old Toh Tuck Road,S35,2016,2,14,6.4,,,,,
Old Toh Tuck Road,S35,2016,2,15,0.0,,,,,
Old Toh Tuck Road,S35,2016,2,16,0.0,,,,,
Old Toh Tuck Road,S35,2016,2,17,0.0,,,,,
Old Toh Tuck Road,S35,2016,2,18,0.0,,,,,
Old Toh Tuck Road,S35,2016,2,19,81.0,,,,,
Old Toh Tuck Road,S35,2016,2,20,1.2,,,,,
Old Toh Tuck Road,S35,2016,2,21,0.0,,,,,
Old Toh Tuck Road,S35,2016,2,22,0.0,,,,,
Old Toh Tuck Road,S35,2016,2,23,0.0,,,,,
Old Toh Tuck Road,S35,2016,2,24,14.8,,,,,
Old Toh Tuck Road,S35,2016,2,25,0.2,,,,,
Old Toh Tuck Road,S35,2016,2,26,0.0,,,,,
Old Toh Tuck Road,S35,2016,2,27,0.0,,,,,
Old Toh Tuck Road,S35,2016,2,28,0.0,,,,,
Old Toh Tuck Road,S35,2016,2,29,1.0,,,,,
Old Toh Tuck Road,S35,2016,3,1,0.0,,,,,
Old Toh Tuck Road,S35,2016,3,2,0.0,,,,,
Old Toh Tuck Road,S35,2016,3,3,0.0,,,,,
Old Toh Tuck Road,S35,2016,3,4,2.8,,,,,
Old Toh Tuck Road,S35,2016,3,5,0.6,,,,,
Old Toh Tuck Road,S35,2016,3,6,0.2,,,,,
Old Toh Tuck Road,S35,2016,3,7,0.0,,,,,
Old Toh Tuck Road,S35,2016,3,8,10.4,,,,,
Old Toh Tuck Road,S35,2016,3,9,0.0,,,,,
Old Toh Tuck Road,S35,2016,3,10,10.6,,,,,
Old Toh Tuck Road,S35,2016,3,11,0.2,,,,,
Old Toh Tuck Road,S35,2016,3,12,0.0,,,,,
Old Toh Tuck Road,S35,2016,3,13,9.0,,,,,
Old Toh Tuck Road,S35,2016,3,14,4.0,,,,,
Old Toh Tuck Road,S35,2016,3,15,0.0,,,,,
Old Toh Tuck Road,S35,2016,3,16,0.0,,,,,
Old Toh Tuck Road,S35,2016,3,17,0.0,,,,,
Old Toh Tuck Road,S35,2016,3,18,0.0,,,,,
Old Toh Tuck Road,S35,2016,3,19,0.0,,,,,
Old Toh Tuck Road,S35,2016,3,20,0.6,,,,,
Old Toh Tuck Road,S35,2016,3,21,11.6,,,,,
Old Toh Tuck Road,S35,2016,3,22,0.0,,,,,
Old Toh Tuck Road,S35,2016,3,23,0.0,,,,,
Old Toh Tuck Road,S35,2016,3,24,0.2,,,,,
Old Toh Tuck Road,S35,2016,3,25,0.0,,,,,
Old Toh Tuck Road,S35,2016,3,26,0.0,,,,,
Old Toh Tuck Road,S35,2016,3,27,0.0,,,,,
Old Toh Tuck Road,S35,2016,3,28,0.0,,,,,
Old Toh Tuck Road,S35,2016,3,29,0.0,,,,,
Old Toh Tuck Road,S35,2016,3,30,0.0,,,,,
Old Toh Tuck Road,S35,2016,3,31,0.0,,,,,
Old Toh Tuck Road,S35,2016,4,1,0.0,,,,,
Old Toh Tuck Road,S35,2016,4,2,0.0,,,,,
Old Toh Tuck Road,S35,2016,4,3,17.6,,,,,
Old Toh Tuck Road,S35,2016,4,4,0.8,,,,,
Old Toh Tuck Road,S35,2016,4,5,34.2,,,,,
Old Toh Tuck Road,S35,2016,4,6,0.0,,,,,
Old Toh Tuck Road,S35,2016,4,7,0.0,,,,,
Old Toh Tuck Road,S35,2016,4,8,0.0,,,,,
Old Toh Tuck Road,S35,2016,4,9,14.8,,,,,
Old Toh Tuck Road,S35,2016,4,10,44.8,,,,,
Old Toh Tuck Road,S35,2016,4,11,0.0,,,,,
Old Toh Tuck Road,S35,2016,4,12,6.8,,,,,
Old Toh Tuck Road,S35,2016,4,13,4.8,,,,,
Old Toh Tuck Road,S35,2016,4,14,0.2,,,,,
Old Toh Tuck Road,S35,2016,4,15,2.0,,,,,
Old Toh Tuck Road,S35,2016,4,16,5.6,,,,,
Old Toh Tuck Road,S35,2016,4,17,0.2,,,,,
Old Toh Tuck Road,S35,2016,4,18,0.0,,,,,
Old Toh Tuck Road,S35,2016,4,19,0.0,,,,,
Old Toh Tuck Road,S35,2016,4,20,10.0,,,,,
Old Toh Tuck Road,S35,2016,4,21,0.0,,,,,
Old Toh Tuck Road,S35,2016,4,22,0.4,,,,,
Old Toh Tuck Road,S35,2016,4,23,3.8,,,,,
Old Toh Tuck Road,S35,2016,4,24,0.0,,,,,
Old Toh Tuck Road,S35,2016,4,25,33.0,,,,,
Old Toh Tuck Road,S35,2016,4,26,0.0,,,,,
Old Toh Tuck Road,S35,2016,4,27,0.2,,,,,
Old Toh Tuck Road,S35,2016,4,28,0.0,,,,,
Old Toh Tuck Road,S35,2016,4,29,20.0,,,,,
Old Toh Tuck Road,S35,2016,4,30,22.0,,,,,
Old Toh Tuck Road,S35,2016,5,1,0.0,,,,,
Old Toh Tuck Road,S35,2016,5,2,9.2,,,,,
Old Toh Tuck Road,S35,2016,5,3,0.0,,,,,
Old Toh Tuck Road,S35,2016,5,4,0.0,,,,,
Old Toh Tuck Road,S35,2016,5,5,4.2,,,,,
Old Toh Tuck Road,S35,2016,5,6,0.0,,,,,
Old Toh Tuck Road,S35,2016,5,7,1.2,,,,,
Old Toh Tuck Road,S35,2016,5,8,3.0,,,,,
Old Toh Tuck Road,S35,2016,5,9,9.8,,,,,
Old Toh Tuck Road,S35,2016,5,10,0.0,,,,,
Old Toh Tuck Road,S35,2016,5,11,10.2,,,,,
Old Toh Tuck Road,S35,2016,5,12,0.0,,,,,
Old Toh Tuck Road,S35,2016,5,13,0.6,,,,,
Old Toh Tuck Road,S35,2016,5,14,32.6,,,,,
Old Toh Tuck Road,S35,2016,5,15,25.6,,,,,
Old Toh Tuck Road,S35,2016,5,16,2.6,,,,,
Old Toh Tuck Road,S35,2016,5,17,0.0,,,,,
Old Toh Tuck Road,S35,2016,5,18,12.2,,,,,
Old Toh Tuck Road,S35,2016,5,19,0.0,,,,,
Old Toh Tuck Road,S35,2016,5,20,0.5,,,,,
Old Toh Tuck Road,S35,2016,5,21,14.5,,,,,
Old Toh Tuck Road,S35,2016,5,22,41.0,,,,,
Old Toh Tuck Road,S35,2016,5,23,0.0,,,,,
Old Toh Tuck Road,S35,2016,5,24,10.6,,,,,
Old Toh Tuck Road,S35,2016,5,25,0.0,,,,,
Old Toh Tuck Road,S35,2016,5,26,0.0,,,,,
Old Toh Tuck Road,S35,2016,5,27,0.0,,,,,
Old Toh Tuck Road,S35,2016,5,28,26.0,,,,,
Old Toh Tuck Road,S35,2016,5,29,0.0,,,,,
Old Toh Tuck Road,S35,2016,5,30,0.4,,,,,
Old Toh Tuck Road,S35,2016,5,31,0.0,,,,,
Old Toh Tuck Road,S35,2016,6,1,52.0,,,,,
Old Toh Tuck Road,S35,2016,6,2,0.5,,,,,
Old Toh Tuck Road,S35,2016,6,3,0.0,,,,,
Old Toh Tuck Road,S35,2016,6,4,0.2,,,,,
Old Toh Tuck Road,S35,2016,6,5,0.0,,,,,
Old Toh Tuck Road,S35,2016,6,6,8.0,,,,,
Old Toh Tuck Road,S35,2016,6,7,0.0,,,,,
Old Toh Tuck Road,S35,2016,6,8,36.2,,,,,
Old Toh Tuck Road,S35,2016,6,9,10.0,,,,,
Old Toh Tuck Road,S35,2016,6,10,1.0,,,,,
Old Toh Tuck Road,S35,2016,6,11,2.2,,,,,
Old Toh Tuck Road,S35,2016,6,12,2.2,,,,,
Old Toh Tuck Road,S35,2016,6,13,16.4,,,,,
Old Toh Tuck Road,S35,2016,6,14,0.6,,,,,
Old Toh Tuck Road,S35,2016,6,15,5.8,,,,,
Old Toh Tuck Road,S35,2016,6,16,4.0,,,,,
Old Toh Tuck Road,S35,2016,6,17,72.0,,,,,
Old Toh Tuck Road,S35,2016,6,18,0.4,,,,,
Old Toh Tuck Road,S35,2016,6,19,0.0,,,,,
Old Toh Tuck Road,S35,2016,6,20,0.0,,,,,
Old Toh Tuck Road,S35,2016,6,21,0.0,,,,,
Old Toh Tuck Road,S35,2016,6,22,22.0,,,,,
Old Toh Tuck Road,S35,2016,6,23,0.0,,,,,
Old Toh Tuck Road,S35,2016,6,24,42.0,,,,,
Old Toh Tuck Road,S35,2016,6,25,2.0,,,,,
Old Toh Tuck Road,S35,2016,6,26,0.0,,,,,
Old Toh Tuck Road,S35,2016,6,27,0.0,,,,,
Old Toh Tuck Road,S35,2016,6,28,0.0,,,,,
Old Toh Tuck Road,S35,2016,6,29,0.0,,,,,
Old Toh Tuck Road,S35,2016,6,30,0.0,,,,,
Old Toh Tuck Road,S35,2016,7,1,0.0,,,,,
Old Toh Tuck Road,S35,2016,7,2,0.0,,,,,
Old Toh Tuck Road,S35,2016,7,3,0.0,,,,,
Old Toh Tuck Road,S35,2016,7,4,0.0,,,,,
Old Toh Tuck Road,S35,2016,7,5,0.0,,,,,
Old Toh Tuck Road,S35,2016,7,6,,,,,,
Old Toh Tuck Road,S35,2016,7,7,,,,,,
Old Toh Tuck Road,S35,2016,7,8,,,,,,
Old Toh Tuck Road,S35,2016,7,9,,,,,,
Old Toh Tuck Road,S35,2016,7,10,,,,,,
Old Toh Tuck Road,S35,2016,7,11,14.0,,,,,
Old Toh Tuck Road,S35,2016,7,12,0.0,,,,,
Old Toh Tuck Road,S35,2016,7,13,21.0,,,,,
Old Toh Tuck Road,S35,2016,7,14,,,,,,
Old Toh Tuck Road,S35,2016,7,15,,,,,,
Old Toh Tuck Road,S35,2016,7,16,,,,,,
Old Toh Tuck Road,S35,2016,7,17,,,,,,
Old Toh Tuck Road,S35,2016,7,18,,,,,,
Old Toh Tuck Road,S35,2016,7,19,,,,,,
Old Toh Tuck Road,S35,2016,7,20,,,,,,
Old Toh Tuck Road,S35,2016,7,21,,,,,,
Old Toh Tuck Road,S35,2016,7,22,,,,,,
Old Toh Tuck Road,S35,2016,7,23,,,,,,
Old Toh Tuck Road,S35,2016,7,24,,,,,,
Old Toh Tuck Road,S35,2016,7,25,,,,,,
Old Toh Tuck Road,S35,2016,7,26,,,,,,
Old Toh Tuck Road,S35,2016,7,27,,,,,,
Old Toh Tuck Road,S35,2016,7,28,,,,,,
Old Toh Tuck Road,S35,2016,7,29,,,,,,
Old Toh Tuck Road,S35,2016,7,30,,,,,,
Old Toh Tuck Road,S35,2016,7,31,,,,,,
Old Toh Tuck Road,S35,2016,8,1,0.0,,,,,
Old Toh Tuck Road,S35,2016,8,2,0.0,,,,,
Old Toh Tuck Road,S35,2016,8,3,,,,,,
Old Toh Tuck Road,S35,2016,8,4,0.0,,,,,
Old Toh Tuck Road,S35,2016,8,5,,,,,,
Old Toh Tuck Road,S35,2016,8,6,,,,,,
Old Toh Tuck Road,S35,2016,8,7,0.0,,,,,
Old Toh Tuck Road,S35,2016,8,8,0.0,,,,,
Old Toh Tuck Road,S35,2016,8,9,0.0,,,,,
Old Toh Tuck Road,S35,2016,8,10,0.0,,,,,
Old Toh Tuck Road,S35,2016,8,11,,,,,,
Old Toh Tuck Road,S35,2016,8,12,10.0,,,,,
Old Toh Tuck Road,S35,2016,8,13,0.0,,,,,
Old Toh Tuck Road,S35,2016,8,14,0.0,,,,,
Old Toh Tuck Road,S35,2016,8,15,,,,,,
Old Toh Tuck Road,S35,2016,8,16,0.0,,,,,
Old Toh Tuck Road,S35,2016,8,17,0.0,,,,,
Old Toh Tuck Road,S35,2016,8,18,0.0,,,,,
Old Toh Tuck Road,S35,2016,8,19,,,,,,
Old Toh Tuck Road,S35,2016,8,20,0.0,,,,,
Old Toh Tuck Road,S35,2016,8,21,,,,,,
Old Toh Tuck Road,S35,2016,8,22,0.0,,,,,
Old Toh Tuck Road,S35,2016,8,23,0.0,,,,,
Old Toh Tuck Road,S35,2016,8,24,,,,,,
Old Toh Tuck Road,S35,2016,8,25,0.0,,,,,
Old Toh Tuck Road,S35,2016,8,26,0.0,,,,,
Old Toh Tuck Road,S35,2016,8,27,,,,,,
Old Toh Tuck Road,S35,2016,8,28,0.0,,,,,
Old Toh Tuck Road,S35,2016,8,29,0.0,,,,,
Old Toh Tuck Road,S35,2016,8,30,,,,,,
Old Toh Tuck Road,S35,2016,8,31,,,,,,
Old Toh Tuck Road,S35,2016,9,1,,,,,,
Old Toh Tuck Road,S35,2016,9,2,0.0,,,,,
Old Toh Tuck Road,S35,2016,9,3,,,,,,
Old Toh Tuck Road,S35,2016,9,4,,,,,,
Old Toh Tuck Road,S35,2016,9,5,0.0,,,,,
Old Toh Tuck Road,S35,2016,9,6,,,,,,
Old Toh Tuck Road,S35,2016,9,7,,,,,,
Old Toh Tuck Road,S35,2016,9,8,,,,,,
Old Toh Tuck Road,S35,2016,9,9,,,,,,
Old Toh Tuck Road,S35,2016,9,10,,,,,,
Old Toh Tuck Road,S35,2016,9,11,,,,,,
Old Toh Tuck Road,S35,2016,9,12,,,,,,
Old Toh Tuck Road,S35,2016,9,13,,,,,,
Old Toh Tuck Road,S35,2016,9,14,,,,,,
Old Toh Tuck Road,S35,2016,9,15,0.0,,,,,
Old Toh Tuck Road,S35,2016,9,16,,,,,,
Old Toh Tuck Road,S35,2016,9,17,,,,,,
Old Toh Tuck Road,S35,2016,9,18,,,,,,
Old Toh Tuck Road,S35,2016,9,19,,,,,,
Old Toh Tuck Road,S35,2016,9,20,,,,,,
Old Toh Tuck Road,S35,2016,9,21,,,,,,
Old Toh Tuck Road,S35,2016,9,22,,,,,,
Old Toh Tuck Road,S35,2016,9,23,,,,,,
Old Toh Tuck Road,S35,2016,9,24,,,,,,
Old Toh Tuck Road,S35,2016,9,25,,,,,,
Old Toh Tuck Road,S35,2016,9,26,,,,,,
Old Toh Tuck Road,S35,2016,9,27,,,,,,
Old Toh Tuck Road,S35,2016,9,28,,,,,,
Old Toh Tuck Road,S35,2016,9,29,,,,,,
Old Toh Tuck Road,S35,2016,9,30,,,,,,
Old Toh Tuck Road,S35,2016,10,1,,,,,,
Old Toh Tuck Road,S35,2016,10,2,,,,,,
Old Toh Tuck Road,S35,2016,10,3,,,,,,
Old Toh Tuck Road,S35,2016,10,4,,,,,,
Old Toh Tuck Road,S35,2016,10,5,,,,,,
Old Toh Tuck Road,S35,2016,10,6,,,,,,
Old Toh Tuck Road,S35,2016,10,7,,,,,,
Old Toh Tuck Road,S35,2016,10,8,,,,,,
Old Toh Tuck Road,S35,2016,10,9,,,,,,
Old Toh Tuck Road,S35,2016,10,10,,,,,,
Old Toh Tuck Road,S35,2016,10,11,,,,,,
Old Toh Tuck Road,S35,2016,10,12,,,,,,
Old Toh Tuck Road,S35,2016,10,13,,,,,,
Old Toh Tuck Road,S35,2016,10,14,21.0,,,,,
Old Toh Tuck Road,S35,2016,10,15,0.0,,,,,
Old Toh Tuck Road,S35,2016,10,16,7.0,,,,,
Old Toh Tuck Road,S35,2016,10,17,0.0,,,,,
Old Toh Tuck Road,S35,2016,10,18,0.0,,,,,
Old Toh Tuck Road,S35,2016,10,19,15.0,,,,,
Old Toh Tuck Road,S35,2016,10,20,0.0,,,,,
Old Toh Tuck Road,S35,2016,10,21,19.0,,,,,
Old Toh Tuck Road,S35,2016,10,22,7.0,,,,,
Old Toh Tuck Road,S35,2016,10,23,0.5,,,,,
Old Toh Tuck Road,S35,2016,10,24,,,,,,
Old Toh Tuck Road,S35,2016,10,25,,,,,,
Old Toh Tuck Road,S35,2016,10,26,,,,,,
Old Toh Tuck Road,S35,2016,10,27,4.0,,,,,
Old Toh Tuck Road,S35,2016,10,28,2.0,,,,,
Old Toh Tuck Road,S35,2016,10,29,3.4,,,,,
Old Toh Tuck Road,S35,2016,10,30,1.2,,,,,
Old Toh Tuck Road,S35,2016,10,31,0.0,,,,,
Old Toh Tuck Road,S35,2016,11,1,78.0,,,,,
Old Toh Tuck Road,S35,2016,11,2,15.2,,,,,
Old Toh Tuck Road,S35,2016,11,3,1.4,,,,,
Old Toh Tuck Road,S35,2016,11,4,1.6,,,,,
Old Toh Tuck Road,S35,2016,11,5,7.8,,,,,
Old Toh Tuck Road,S35,2016,11,6,0.4,,,,,
Old Toh Tuck Road,S35,2016,11,7,1.2,,,,,
Old Toh Tuck Road,S35,2016,11,8,0.0,,,,,
Old Toh Tuck Road,S35,2016,11,9,2.0,,,,,
Old Toh Tuck Road,S35,2016,11,10,,,,,,
Old Toh Tuck Road,S35,2016,11,11,11.5,,,,,
Old Toh Tuck Road,S35,2016,11,12,42.5,,,,,
Old Toh Tuck Road,S35,2016,11,13,0.0,,,,,
Old Toh Tuck Road,S35,2016,11,14,37.5,,,,,
Old Toh Tuck Road,S35,2016,11,15,33.5,,,,,
Old Toh Tuck Road,S35,2016,11,16,20.0,,,,,
Old Toh Tuck Road,S35,2016,11,17,8.0,,,,,
Old Toh Tuck Road,S35,2016,11,18,30.0,,,,,
Old Toh Tuck Road,S35,2016,11,19,5.5,,,,,
Old Toh Tuck Road,S35,2016,11,20,4.0,,,,,
Old Toh Tuck Road,S35,2016,11,21,1.0,,,,,
Old Toh Tuck Road,S35,2016,11,22,6.5,,,,,
Old Toh Tuck Road,S35,2016,11,23,12.5,,,,,
Old Toh Tuck Road,S35,2016,11,24,0.0,,,,,
Old Toh Tuck Road,S35,2016,11,25,0.2,,,,,
Old Toh Tuck Road,S35,2016,11,26,4.8,,,,,
Old Toh Tuck Road,S35,2016,11,27,4.4,,,,,
Old Toh Tuck Road,S35,2016,11,28,0.0,,,,,
Old Toh Tuck Road,S35,2016,11,29,0.0,,,,,
Old Toh Tuck Road,S35,2016,11,30,0.0,,,,,
Old Toh Tuck Road,S35,2016,12,1,4.8,,,,,
Old Toh Tuck Road,S35,2016,12,2,2.6,,,,,
Old Toh Tuck Road,S35,2016,12,3,0.6,,,,,
Old Toh Tuck Road,S35,2016,12,4,6.4,,,,,
Old Toh Tuck Road,S35,2016,12,5,18.0,,,,,
Old Toh Tuck Road,S35,2016,12,6,0.4,,,,,
Old Toh Tuck Road,S35,2016,12,7,0.0,,,,,
Old Toh Tuck Road,S35,2016,12,8,0.8,,,,,
Old Toh Tuck Road,S35,2016,12,9,3.0,,,,,
Old Toh Tuck Road,S35,2016,12,10,0.2,,,,,
Old Toh Tuck Road,S35,2016,12,11,1.2,,,,,
Old Toh Tuck Road,S35,2016,12,12,0.0,,,,,
Old Toh Tuck Road,S35,2016,12,13,0.2,,,,,
Old Toh Tuck Road,S35,2016,12,14,0.0,,,,,
Old Toh Tuck Road,S35,2016,12,15,0.0,,,,,
Old Toh Tuck Road,S35,2016,12,16,0.0,,,,,
Old Toh Tuck Road,S35,2016,12,17,4.8,,,,,
Old Toh Tuck Road,S35,2016,12,18,25.8,,,,,
Old Toh Tuck Road,S35,2016,12,19,1.2,,,,,
Old Toh Tuck Road,S35,2016,12,20,0.0,,,,,
Old Toh Tuck Road,S35,2016,12,21,0.0,,,,,
Old Toh Tuck Road,S35,2016,12,22,44.4,,,,,
Old Toh Tuck Road,S35,2016,12,23,26.8,,,,,
Old Toh Tuck Road,S35,2016,12,24,7.6,,,,,
Old Toh Tuck Road,S35,2016,12,25,20.6,,,,,
Old Toh Tuck Road,S35,2016,12,26,0.0,,,,,
Old Toh Tuck Road,S35,2016,12,27,16.0,,,,,
Old Toh Tuck Road,S35,2016,12,28,1.6,,,,,
Old Toh Tuck Road,S35,2016,12,29,0.0,,,,,
Old Toh Tuck Road,S35,2016,12,30,6.8,,,,,
Old Toh Tuck Road,S35,2016,12,31,0.0,,,,,
Old Toh Tuck Road,S35,2017,1,1,15.8,,,,,
Old Toh Tuck Road,S35,2017,1,2,9.8,,,,,
Old Toh Tuck Road,S35,2017,1,3,0.0,,,,,
Old Toh Tuck Road,S35,2017,1,4,1.0,,,,,
Old Toh Tuck Road,S35,2017,1,5,2.4,,,,,
Old Toh Tuck Road,S35,2017,1,6,0.0,,,,,
Old Toh Tuck Road,S35,2017,1,7,0.0,,,,,
Old Toh Tuck Road,S35,2017,1,8,0.0,,,,,
Old Toh Tuck Road,S35,2017,1,9,0.0,,,,,
Old Toh Tuck Road,S35,2017,1,10,0.0,,,,,
Old Toh Tuck Road,S35,2017,1,11,2.2,,,,,
Old Toh Tuck Road,S35,2017,1,12,0.0,,,,,
Old Toh Tuck Road,S35,2017,1,13,0.0,,,,,
Old Toh Tuck Road,S35,2017,1,14,0.0,,,,,
Old Toh Tuck Road,S35,2017,1,15,0.4,,,,,
Old Toh Tuck Road,S35,2017,1,16,0.0,,,,,
Old Toh Tuck Road,S35,2017,1,17,0.0,,,,,
Old Toh Tuck Road,S35,2017,1,18,6.6,,,,,
Old Toh Tuck Road,S35,2017,1,19,12.6,,,,,
Old Toh Tuck Road,S35,2017,1,20,0.2,,,,,
Old Toh Tuck Road,S35,2017,1,21,6.4,,,,,
Old Toh Tuck Road,S35,2017,1,22,9.4,,,,,
Old Toh Tuck Road,S35,2017,1,23,77.8,,,,,
Old Toh Tuck Road,S35,2017,1,24,11.6,,,,,
Old Toh Tuck Road,S35,2017,1,25,21.8,,,,,
Old Toh Tuck Road,S35,2017,1,26,5.8,,,,,
Old Toh Tuck Road,S35,2017,1,27,0.0,,,,,
Old Toh Tuck Road,S35,2017,1,28,0.2,,,,,
Old Toh Tuck Road,S35,2017,1,29,0.0,,,,,
Old Toh Tuck Road,S35,2017,1,30,7.2,,,,,
Old Toh Tuck Road,S35,2017,1,31,0.0,,,,,
Old Toh Tuck Road,S35,2017,2,1,0.0,,,,,
Old Toh Tuck Road,S35,2017,2,2,0.0,,,,,
Old Toh Tuck Road,S35,2017,2,3,6.6,,,,,
Old Toh Tuck Road,S35,2017,2,4,0.0,,,,,
Old Toh Tuck Road,S35,2017,2,5,0.0,,,,,
Old Toh Tuck Road,S35,2017,2,6,0.0,,,,,
Old Toh Tuck Road,S35,2017,2,7,0.2,,,,,
Old Toh Tuck Road,S35,2017,2,8,46.6,,,,,
Old Toh Tuck Road,S35,2017,2,9,0.0,,,,,
Old Toh Tuck Road,S35,2017,2,10,0.0,,,,,
Old Toh Tuck Road,S35,2017,2,11,1.0,,,,,
Old Toh Tuck Road,S35,2017,2,12,3.8,,,,,
Old Toh Tuck Road,S35,2017,2,13,5.4,,,,,
Old Toh Tuck Road,S35,2017,2,14,1.0,,,,,
Old Toh Tuck Road,S35,2017,2,15,2.4,,,,,
Old Toh Tuck Road,S35,2017,2,16,0.0,,,,,
Old Toh Tuck Road,S35,2017,2,17,0.0,,,,,
Old Toh Tuck Road,S35,2017,2,18,0.0,,,,,
Old Toh Tuck Road,S35,2017,2,19,0.4,,,,,
Old Toh Tuck Road,S35,2017,2,20,0.0,,,,,
Old Toh Tuck Road,S35,2017,2,21,11.6,,,,,
Old Toh Tuck Road,S35,2017,2,22,0.2,,,,,
Old Toh Tuck Road,S35,2017,2,23,15.0,,,,,
Old Toh Tuck Road,S35,2017,2,24,8.2,,,,,
Old Toh Tuck Road,S35,2017,2,25,3.6,,,,,
Old Toh Tuck Road,S35,2017,2,26,0.2,,,,,
Old Toh Tuck Road,S35,2017,2,27,6.8,,,,,
Old Toh Tuck Road,S35,2017,2,28,14.4,,,,,
Old Toh Tuck Road,S35,2017,3,1,34.4,,,,,
Old Toh Tuck Road,S35,2017,3,2,0.8,,,,,
Old Toh Tuck Road,S35,2017,3,3,29.8,,,,,
Old Toh Tuck Road,S35,2017,3,4,0.4,,,,,
Old Toh Tuck Road,S35,2017,3,5,13.0,,,,,
Old Toh Tuck Road,S35,2017,3,6,2.0,,,,,
Old Toh Tuck Road,S35,2017,3,7,1.4,,,,,
Old Toh Tuck Road,S35,2017,3,8,2.6,,,,,
Old Toh Tuck Road,S35,2017,3,9,0.0,,,,,
Old Toh Tuck Road,S35,2017,3,10,0.0,,,,,
Old Toh Tuck Road,S35,2017,3,11,6.6,,,,,
Old Toh Tuck Road,S35,2017,3,12,12.4,,,,,
Old Toh Tuck Road,S35,2017,3,13,0.2,,,,,
Old Toh Tuck Road,S35,2017,3,14,0.0,,,,,
Old Toh Tuck Road,S35,2017,3,15,0.0,,,,,
Old Toh Tuck Road,S35,2017,3,16,0.0,,,,,
Old Toh Tuck Road,S35,2017,3,17,2.0,,,,,
Old Toh Tuck Road,S35,2017,3,18,30.8,,,,,
Old Toh Tuck Road,S35,2017,3,19,0.0,,,,,
Old Toh Tuck Road,S35,2017,3,20,6.0,,,,,
Old Toh Tuck Road,S35,2017,3,21,0.0,,,,,
Old Toh Tuck Road,S35,2017,3,22,1.0,,,,,
Old Toh Tuck Road,S35,2017,3,23,0.0,,,,,
Old Toh Tuck Road,S35,2017,3,24,0.0,,,,,
Old Toh Tuck Road,S35,2017,3,25,7.6,,,,,
Old Toh Tuck Road,S35,2017,3,26,0.0,,,,,
Old Toh Tuck Road,S35,2017,3,27,0.0,,,,,
Old Toh Tuck Road,S35,2017,3,28,0.4,,,,,
Old Toh Tuck Road,S35,2017,3,29,34.8,,,,,
Old Toh Tuck Road,S35,2017,3,30,7.8,,,,,
Old Toh Tuck Road,S35,2017,3,31,0.4,,,,,
Old Toh Tuck Road,S35,2017,4,1,2.2,,,,,
Old Toh Tuck Road,S35,2017,4,2,0.0,,,,,
Old Toh Tuck Road,S35,2017,4,3,4.6,,,,,
Old Toh Tuck Road,S35,2017,4,4,6.2,,,,,
Old Toh Tuck Road,S35,2017,4,5,3.8,,,,,
Old Toh Tuck Road,S35,2017,4,6,0.0,,,,,
Old Toh Tuck Road,S35,2017,4,7,22.8,,,,,
Old Toh Tuck Road,S35,2017,4,8,4.4,,,,,
Old Toh Tuck Road,S35,2017,4,9,2.4,,,,,
Old Toh Tuck Road,S35,2017,4,10,5.6,,,,,
Old Toh Tuck Road,S35,2017,4,11,0.0,,,,,
Old Toh Tuck Road,S35,2017,4,12,24.2,,,,,
Old Toh Tuck Road,S35,2017,4,13,29.2,,,,,
Old Toh Tuck Road,S35,2017,4,14,7.2,,,,,
Old Toh Tuck Road,S35,2017,4,15,17.2,,,,,
Old Toh Tuck Road,S35,2017,4,16,3.2,,,,,
Old Toh Tuck Road,S35,2017,4,17,11.8,,,,,
Old Toh Tuck Road,S35,2017,4,18,14.2,,,,,
Old Toh Tuck Road,S35,2017,4,19,0.0,,,,,
Old Toh Tuck Road,S35,2017,4,20,15.6,,,,,
Old Toh Tuck Road,S35,2017,4,21,32.4,,,,,
Old Toh Tuck Road,S35,2017,4,22,7.8,,,,,
Old Toh Tuck Road,S35,2017,4,23,4.6,,,,,
Old Toh Tuck Road,S35,2017,4,24,0.2,,,,,
Old Toh Tuck Road,S35,2017,4,25,6.2,,,,,
Old Toh Tuck Road,S35,2017,4,26,0.0,,,,,
Old Toh Tuck Road,S35,2017,4,27,74.0,,,,,
Old Toh Tuck Road,S35,2017,4,28,3.6,,,,,
Old Toh Tuck Road,S35,2017,4,29,0.6,,,,,
Old Toh Tuck Road,S35,2017,4,30,0.0,,,,,
Old Toh Tuck Road,S35,2017,5,1,0.4,,,,,
Old Toh Tuck Road,S35,2017,5,2,11.2,,,,,
Old Toh Tuck Road,S35,2017,5,3,0.6,,,,,
Old Toh Tuck Road,S35,2017,5,4,9.0,,,,,
Old Toh Tuck Road,S35,2017,5,5,0.0,,,,,
Old Toh Tuck Road,S35,2017,5,6,3.8,,,,,
Old Toh Tuck Road,S35,2017,5,7,0.2,,,,,
Old Toh Tuck Road,S35,2017,5,8,0.0,,,,,
Old Toh Tuck Road,S35,2017,5,9,4.4,,,,,
Old Toh Tuck Road,S35,2017,5,10,9.0,,,,,
Old Toh Tuck Road,S35,2017,5,11,2.0,,,,,
Old Toh Tuck Road,S35,2017,5,12,15.4,,,,,
Old Toh Tuck Road,S35,2017,5,13,1.0,,,,,
Old Toh Tuck Road,S35,2017,5,14,0.0,,,,,
Old Toh Tuck Road,S35,2017,5,15,10.4,,,,,
Old Toh Tuck Road,S35,2017,5,16,0.0,,,,,
Old Toh Tuck Road,S35,2017,5,17,0.0,,,,,
Old Toh Tuck Road,S35,2017,5,18,0.0,,,,,
Old Toh Tuck Road,S35,2017,5,19,0.0,,,,,
Old Toh Tuck Road,S35,2017,5,20,0.0,,,,,
Old Toh Tuck Road,S35,2017,5,21,8.6,,,,,
Old Toh Tuck Road,S35,2017,5,22,41.4,,,,,
Old Toh Tuck Road,S35,2017,5,23,1.0,,,,,
Old Toh Tuck Road,S35,2017,5,24,48.8,,,,,
Old Toh Tuck Road,S35,2017,5,25,0.0,,,,,
Old Toh Tuck Road,S35,2017,5,26,16.0,,,,,
Old Toh Tuck Road,S35,2017,5,27,0.2,,,,,
Old Toh Tuck Road,S35,2017,5,28,0.0,,,,,
Old Toh Tuck Road,S35,2017,5,29,12.0,,,,,
Old Toh Tuck Road,S35,2017,5,30,17.2,,,,,
Old Toh Tuck Road,S35,2017,5,31,64.2,,,,,
Old Toh Tuck Road,S35,2017,6,1,5.6,,,,,
Old Toh Tuck Road,S35,2017,6,2,0.0,,,,,
Old Toh Tuck Road,S35,2017,6,3,0.0,,,,,
Old Toh Tuck Road,S35,2017,6,4,0.0,,,,,
Old Toh Tuck Road,S35,2017,6,5,0.0,,,,,
Old Toh Tuck Road,S35,2017,6,6,0.0,,,,,
Old Toh Tuck Road,S35,2017,6,7,0.0,,,,,
Old Toh Tuck Road,S35,2017,6,8,0.2,,,,,
Old Toh Tuck Road,S35,2017,6,9,0.0,,,,,
Old Toh Tuck Road,S35,2017,6,10,20.2,,,,,
Old Toh Tuck Road,S35,2017,6,11,0.2,,,,,
Old Toh Tuck Road,S35,2017,6,12,0.0,,,,,
Old Toh Tuck Road,S35,2017,6,13,0.0,,,,,
Old Toh Tuck Road,S35,2017,6,14,42.4,,,,,
Old Toh Tuck Road,S35,2017,6,15,0.0,,,,,
Old Toh Tuck Road,S35,2017,6,16,3.4,,,,,
Old Toh Tuck Road,S35,2017,6,17,0.0,,,,,
Old Toh Tuck Road,S35,2017,6,18,59.0,,,,,
Old Toh Tuck Road,S35,2017,6,19,0.2,,,,,
Old Toh Tuck Road,S35,2017,6,20,4.0,,,,,
Old Toh Tuck Road,S35,2017,6,21,0.6,,,,,
Old Toh Tuck Road,S35,2017,6,22,0.0,,,,,
Old Toh Tuck Road,S35,2017,6,23,1.4,,,,,
Old Toh Tuck Road,S35,2017,6,24,0.0,,,,,
Old Toh Tuck Road,S35,2017,6,25,1.0,,,,,
Old Toh Tuck Road,S35,2017,6,26,0.8,,,,,
Old Toh Tuck Road,S35,2017,6,27,3.4,,,,,
Old Toh Tuck Road,S35,2017,6,28,22.6,,,,,
Old Toh Tuck Road,S35,2017,6,29,2.6,,,,,
Old Toh Tuck Road,S35,2017,6,30,0.0,,,,,
Old Toh Tuck Road,S35,2017,7,1,0.0,,,,,
Old Toh Tuck Road,S35,2017,7,2,0.0,,,,,
Old Toh Tuck Road,S35,2017,7,3,0.2,,,,,
Old Toh Tuck Road,S35,2017,7,4,0.0,,,,,
Old Toh Tuck Road,S35,2017,7,5,34.4,,,,,
Old Toh Tuck Road,S35,2017,7,6,0.2,,,,,
Old Toh Tuck Road,S35,2017,7,7,0.0,,,,,
Old Toh Tuck Road,S35,2017,7,8,4.6,,,,,
Old Toh Tuck Road,S35,2017,7,9,0.4,,,,,
Old Toh Tuck Road,S35,2017,7,10,0.4,,,,,
Old Toh Tuck Road,S35,2017,7,11,29.4,,,,,
Old Toh Tuck Road,S35,2017,7,12,39.4,,,,,
Old Toh Tuck Road,S35,2017,7,13,12.6,,,,,
Old Toh Tuck Road,S35,2017,7,14,37.2,,,,,
Old Toh Tuck Road,S35,2017,7,15,25.2,,,,,
Old Toh Tuck Road,S35,2017,7,16,0.2,,,,,
Old Toh Tuck Road,S35,2017,7,17,0.0,,,,,
Old Toh Tuck Road,S35,2017,7,18,0.0,,,,,
Old Toh Tuck Road,S35,2017,7,19,0.0,,,,,
Old Toh Tuck Road,S35,2017,7,20,0.0,,,,,
Old Toh Tuck Road,S35,2017,7,21,0.0,,,,,
Old Toh Tuck Road,S35,2017,7,22,0.0,,,,,
Old Toh Tuck Road,S35,2017,7,23,0.0,,,,,
Old Toh Tuck Road,S35,2017,7,24,0.0,,,,,
Old Toh Tuck Road,S35,2017,7,25,0.0,,,,,
Old Toh Tuck Road,S35,2017,7,26,1.4,,,,,
Old Toh Tuck Road,S35,2017,7,27,0.0,,,,,
Old Toh Tuck Road,S35,2017,7,28,0.0,,,,,
Old Toh Tuck Road,S35,2017,7,29,0.0,,,,,
Old Toh Tuck Road,S35,2017,7,30,7.8,,,,,
Old Toh Tuck Road,S35,2017,7,31,0.0,,,,,
Old Toh Tuck Road,S35,2017,8,1,0.2,,,,,
Old Toh Tuck Road,S35,2017,8,2,0.0,,,,,
Old Toh Tuck Road,S35,2017,8,3,0.0,,,,,
Old Toh Tuck Road,S35,2017,8,4,0.0,,,,,
Old Toh Tuck Road,S35,2017,8,5,0.0,,,,,
Old Toh Tuck Road,S35,2017,8,6,1.6,,,,,
Old Toh Tuck Road,S35,2017,8,7,0.2,,,,,
Old Toh Tuck Road,S35,2017,8,8,0.0,,,,,
Old Toh Tuck Road,S35,2017,8,9,0.2,,,,,
Old Toh Tuck Road,S35,2017,8,10,0.0,,,,,
Old Toh Tuck Road,S35,2017,8,11,21.8,,,,,
Old Toh Tuck Road,S35,2017,8,12,47.8,,,,,
Old Toh Tuck Road,S35,2017,8,13,1.0,,,,,
Old Toh Tuck Road,S35,2017,8,14,0.0,,,,,
Old Toh Tuck Road,S35,2017,8,15,21.6,,,,,
Old Toh Tuck Road,S35,2017,8,16,0.0,,,,,
Old Toh Tuck Road,S35,2017,8,17,31.0,,,,,
Old Toh Tuck Road,S35,2017,8,18,0.0,,,,,
Old Toh Tuck Road,S35,2017,8,19,0.0,,,,,
Old Toh Tuck Road,S35,2017,8,20,0.0,,,,,
Old Toh Tuck Road,S35,2017,8,21,0.0,,,,,
Old Toh Tuck Road,S35,2017,8,22,0.4,,,,,
Old Toh Tuck Road,S35,2017,8,23,0.0,,,,,
Old Toh Tuck Road,S35,2017,8,24,0.0,,,,,
Old Toh Tuck Road,S35,2017,8,25,0.0,,,,,
Old Toh Tuck Road,S35,2017,8,26,0.0,,,,,
Old Toh Tuck Road,S35,2017,8,27,0.8,,,,,
Old Toh Tuck Road,S35,2017,8,28,0.0,,,,,
Old Toh Tuck Road,S35,2017,8,29,0.4,,,,,
Old Toh Tuck Road,S35,2017,8,30,0.2,,,,,
Old Toh Tuck Road,S35,2017,8,31,0.0,,,,,
Old Toh Tuck Road,S35,2017,9,1,0.0,,,,,
Old Toh Tuck Road,S35,2017,9,2,0.0,,,,,
Old Toh Tuck Road,S35,2017,9,3,0.0,,,,,
Old Toh Tuck Road,S35,2017,9,4,0.0,,,,,
Old Toh Tuck Road,S35,2017,9,5,6.2,,,,,
Old Toh Tuck Road,S35,2017,9,6,8.4,,,,,
Old Toh Tuck Road,S35,2017,9,7,0.0,,,,,
Old Toh Tuck Road,S35,2017,9,8,1.8,,,,,
Old Toh Tuck Road,S35,2017,9,9,0.6,,,,,
Old Toh Tuck Road,S35,2017,9,10,2.2,,,,,
Old Toh Tuck Road,S35,2017,9,11,17.0,,,,,
Old Toh Tuck Road,S35,2017,9,12,0.0,,,,,
Old Toh Tuck Road,S35,2017,9,13,0.0,,,,,
Old Toh Tuck Road,S35,2017,9,14,15.0,,,,,
Old Toh Tuck Road,S35,2017,9,15,36.2,,,,,
Old Toh Tuck Road,S35,2017,9,16,7.0,,,,,
Old Toh Tuck Road,S35,2017,9,17,16.6,,,,,
Old Toh Tuck Road,S35,2017,9,18,19.0,,,,,
Old Toh Tuck Road,S35,2017,9,19,35.4,,,,,
Old Toh Tuck Road,S35,2017,9,20,6.4,,,,,
Old Toh Tuck Road,S35,2017,9,21,4.6,,,,,
Old Toh Tuck Road,S35,2017,9,22,0.0,,,,,
Old Toh Tuck Road,S35,2017,9,23,0.0,,,,,
Old Toh Tuck Road,S35,2017,9,24,5.2,,,,,
Old Toh Tuck Road,S35,2017,9,25,0.0,,,,,
Old Toh Tuck Road,S35,2017,9,26,46.2,,,,,
Old Toh Tuck Road,S35,2017,9,27,0.0,,,,,
Old Toh Tuck Road,S35,2017,9,28,0.0,,,,,
Old Toh Tuck Road,S35,2017,9,29,15.8,,,,,
Old Toh Tuck Road,S35,2017,9,30,1.2,,,,,
Old Toh Tuck Road,S35,2017,10,1,4.4,,,,,
Old Toh Tuck Road,S35,2017,10,2,0.2,,,,,
Old Toh Tuck Road,S35,2017,10,3,36.2,,,,,
Old Toh Tuck Road,S35,2017,10,4,7.0,,,,,
Old Toh Tuck Road,S35,2017,10,5,10.2,,,,,
Old Toh Tuck Road,S35,2017,10,6,21.6,,,,,
Old Toh Tuck Road,S35,2017,10,7,1.8,,,,,
Old Toh Tuck Road,S35,2017,10,8,31.0,,,,,
Old Toh Tuck Road,S35,2017,10,9,16.6,,,,,
Old Toh Tuck Road,S35,2017,10,10,5.2,,,,,
Old Toh Tuck Road,S35,2017,10,11,28.0,,,,,
Old Toh Tuck Road,S35,2017,10,12,27.0,,,,,
Old Toh Tuck Road,S35,2017,10,13,0.8,,,,,
Old Toh Tuck Road,S35,2017,10,14,0.0,,,,,
Old Toh Tuck Road,S35,2017,10,15,0.0,,,,,
Old Toh Tuck Road,S35,2017,10,16,0.0,,,,,
Old Toh Tuck Road,S35,2017,10,17,0.0,,,,,
Old Toh Tuck Road,S35,2017,10,18,0.0,,,,,
Old Toh Tuck Road,S35,2017,10,19,0.0,,,,,
Old Toh Tuck Road,S35,2017,10,20,0.0,,,,,
Old Toh Tuck Road,S35,2017,10,21,0.0,,,,,
Old Toh Tuck Road,S35,2017,10,22,0.0,,,,,
Old Toh Tuck Road,S35,2017,10,23,0.0,,,,,
Old Toh Tuck Road,S35,2017,10,24,0.0,,,,,
Old Toh Tuck Road,S35,2017,10,25,0.0,,,,,
Old Toh Tuck Road,S35,2017,10,26,0.0,,,,,
Old Toh Tuck Road,S35,2017,10,27,0.0,,,,,
Old Toh Tuck Road,S35,2017,10,28,0.0,,,,,
Old Toh Tuck Road,S35,2017,10,29,11.4,,,,,
Old Toh Tuck Road,S35,2017,10,30,30.2,,,,,
Old Toh Tuck Road,S35,2017,10,31,3.6,,,,,
Old Toh Tuck Road,S35,2017,11,1,0.0,,,,,
Old Toh Tuck Road,S35,2017,11,2,0.0,,,,,
Old Toh Tuck Road,S35,2017,11,3,21.0,,,,,
Old Toh Tuck Road,S35,2017,11,4,8.4,,,,,
Old Toh Tuck Road,S35,2017,11,5,19.0,,,,,
Old Toh Tuck Road,S35,2017,11,6,71.4,,,,,
Old Toh Tuck Road,S35,2017,11,7,0.0,,,,,
Old Toh Tuck Road,S35,2017,11,8,10.0,,,,,
Old Toh Tuck Road,S35,2017,11,9,,,,,,
Old Toh Tuck Road,S35,2017,11,10,,,,,,
Old Toh Tuck Road,S35,2017,11,11,,,,,,
Old Toh Tuck Road,S35,2017,11,12,,,,,,
Old Toh Tuck Road,S35,2017,11,13,,,,,,
Old Toh Tuck Road,S35,2017,11,14,,,,,,
Old Toh Tuck Road,S35,2017,11,15,0.0,,,,,
Old Toh Tuck Road,S35,2017,11,16,15.0,,,,,
Old Toh Tuck Road,S35,2017,11,17,5.6,,,,,
Old Toh Tuck Road,S35,2017,11,18,2.0,,,,,
Old Toh Tuck Road,S35,2017,11,19,0.0,,,,,
Old Toh Tuck Road,S35,2017,11,20,0.2,,,,,
Old Toh Tuck Road,S35,2017,11,21,3.6,,,,,
Old Toh Tuck Road,S35,2017,11,22,29.6,,,,,
Old Toh Tuck Road,S35,2017,11,23,9.4,,,,,
Old Toh Tuck Road,S35,2017,11,24,10.6,,,,,
Old Toh Tuck Road,S35,2017,11,25,30.6,,,,,
Old Toh Tuck Road,S35,2017,11,26,15.4,,,,,
Old Toh Tuck Road,S35,2017,11,27,1.4,,,,,
Old Toh Tuck Road,S35,2017,11,28,11.8,,,,,
Old Toh Tuck Road,S35,2017,11,29,3.2,,,,,
Old Toh Tuck Road,S35,2017,11,30,1.8,,,,,
Old Toh Tuck Road,S35,2017,12,1,0.0,,,,,
Old Toh Tuck Road,S35,2017,12,2,0.0,,,,,
Old Toh Tuck Road,S35,2017,12,3,0.0,,,,,
Old Toh Tuck Road,S35,2017,12,4,10.2,,,,,
Old Toh Tuck Road,S35,2017,12,5,0.0,,,,,
Old Toh Tuck Road,S35,2017,12,6,0.0,,,,,
Old Toh Tuck Road,S35,2017,12,7,1.0,,,,,
Old Toh Tuck Road,S35,2017,12,8,0.0,,,,,
Old Toh Tuck Road,S35,2017,12,9,1.4,,,,,
Old Toh Tuck Road,S35,2017,12,10,64.6,,,,,
Old Toh Tuck Road,S35,2017,12,11,45.6,,,,,
Old Toh Tuck Road,S35,2017,12,12,4.0,,,,,
Old Toh Tuck Road,S35,2017,12,13,1.0,,,,,
Old Toh Tuck Road,S35,2017,12,14,0.0,,,,,
Old Toh Tuck Road,S35,2017,12,15,22.4,,,,,
Old Toh Tuck Road,S35,2017,12,16,0.0,,,,,
Old Toh Tuck Road,S35,2017,12,17,0.0,,,,,
Old Toh Tuck Road,S35,2017,12,18,0.0,,,,,
Old Toh Tuck Road,S35,2017,12,19,3.4,,,,,
Old Toh Tuck Road,S35,2017,12,20,0.0,,,,,
Old Toh Tuck Road,S35,2017,12,21,0.0,,,,,
Old Toh Tuck Road,S35,2017,12,22,19.6,,,,,
Old Toh Tuck Road,S35,2017,12,23,2.4,,,,,
Old Toh Tuck Road,S35,2017,12,24,0.0,,,,,
Old Toh Tuck Road,S35,2017,12,25,10.4,,,,,
Old Toh Tuck Road,S35,2017,12,26,1.4,,,,,
Old Toh Tuck Road,S35,2017,12,27,10.8,,,,,
Old Toh Tuck Road,S35,2017,12,28,7.4,,,,,
Old Toh Tuck Road,S35,2017,12,29,0.4,,,,,
Old Toh Tuck Road,S35,2017,12,30,19.6,,,,,
Old Toh Tuck Road,S35,2017,12,31,103.6,,,,,
Old Toh Tuck Road,S35,2018,1,1,,,,,,
Old Toh Tuck Road,S35,2018,1,2,,,,,,
Old Toh Tuck Road,S35,2018,1,3,,,,,,
Old Toh Tuck Road,S35,2018,1,4,0.0,,,,,
Old Toh Tuck Road,S35,2018,1,5,,,,,,
Old Toh Tuck Road,S35,2018,1,6,0.0,,,,,
Old Toh Tuck Road,S35,2018,1,7,19.0,,,,,
Old Toh Tuck Road,S35,2018,1,8,,,,,,
Old Toh Tuck Road,S35,2018,1,9,16.4,,,,,
Old Toh Tuck Road,S35,2018,1,10,,,,,,
Old Toh Tuck Road,S35,2018,1,11,,,,,,
Old Toh Tuck Road,S35,2018,1,12,,,,,,
Old Toh Tuck Road,S35,2018,1,13,,,,,,
Old Toh Tuck Road,S35,2018,1,14,,,,,,
Old Toh Tuck Road,S35,2018,1,15,,,,,,
Old Toh Tuck Road,S35,2018,1,16,0.0,,,,,
Old Toh Tuck Road,S35,2018,1,17,0.0,,,,,
Old Toh Tuck Road,S35,2018,1,18,0.0,,,,,
Old Toh Tuck Road,S35,2018,1,19,44.0,,,,,
Old Toh Tuck Road,S35,2018,1,20,3.2,,,,,
Old Toh Tuck Road,S35,2018,1,21,0.2,,,,,
Old Toh Tuck Road,S35,2018,1,22,0.0,,,,,
Old Toh Tuck Road,S35,2018,1,23,7.2,,,,,
Old Toh Tuck Road,S35,2018,1,24,76.0,,,,,
Old Toh Tuck Road,S35,2018,1,25,2.2,,,,,
Old Toh Tuck Road,S35,2018,1,26,11.0,,,,,
Old Toh Tuck Road,S35,2018,1,27,0.0,,,,,
Old Toh Tuck Road,S35,2018,1,28,5.8,,,,,
Old Toh Tuck Road,S35,2018,1,29,0.0,,,,,
Old Toh Tuck Road,S35,2018,1,30,1.8,,,,,
Old Toh Tuck Road,S35,2018,1,31,1.0,,,,,
Old Toh Tuck Road,S35,2018,2,1,0.0,,,,,
Old Toh Tuck Road,S35,2018,2,2,16.6,,,,,
Old Toh Tuck Road,S35,2018,2,3,0.2,,,,,
Old Toh Tuck Road,S35,2018,2,4,0.0,,,,,
Old Toh Tuck Road,S35,2018,2,5,0.8,,,,,
Old Toh Tuck Road,S35,2018,2,6,0.0,,,,,
Old Toh Tuck Road,S35,2018,2,7,0.0,,,,,
Old Toh Tuck Road,S35,2018,2,8,0.0,,,,,
Old Toh Tuck Road,S35,2018,2,9,0.0,,,,,
Old Toh Tuck Road,S35,2018,2,10,0.0,,,,,
Old Toh Tuck Road,S35,2018,2,11,0.0,,,,,
Old Toh Tuck Road,S35,2018,2,12,0.0,,,,,
Old Toh Tuck Road,S35,2018,2,13,0.0,,,,,
Old Toh Tuck Road,S35,2018,2,14,0.0,,,,,
Old Toh Tuck Road,S35,2018,2,15,0.0,,,,,
Old Toh Tuck Road,S35,2018,2,16,0.0,,,,,
Old Toh Tuck Road,S35,2018,2,17,0.0,,,,,
Old Toh Tuck Road,S35,2018,2,18,0.0,,,,,
Old Toh Tuck Road,S35,2018,2,19,0.0,,,,,
Old Toh Tuck Road,S35,2018,2,20,0.0,,,,,
Old Toh Tuck Road,S35,2018,2,21,0.0,,,,,
Old Toh Tuck Road,S35,2018,2,22,0.0,,,,,
Old Toh Tuck Road,S35,2018,2,23,33.0,,,,,
Old Toh Tuck Road,S35,2018,2,24,0.2,,,,,
Old Toh Tuck Road,S35,2018,2,25,0.0,,,,,
Old Toh Tuck Road,S35,2018,2,26,0.0,,,,,
Old Toh Tuck Road,S35,2018,2,27,0.0,,,,,
Old Toh Tuck Road,S35,2018,2,28,8.6,,,,,
Old Toh Tuck Road,S35,2018,3,1,0.2,,,,,
Old Toh Tuck Road,S35,2018,3,2,6.4,,,,,
Old Toh Tuck Road,S35,2018,3,3,4.0,,,,,
Old Toh Tuck Road,S35,2018,3,4,5.4,,,,,
Old Toh Tuck Road,S35,2018,3,5,0.0,,,,,
Old Toh Tuck Road,S35,2018,3,6,0.0,,,,,
Old Toh Tuck Road,S35,2018,3,7,2.0,,,,,
Old Toh Tuck Road,S35,2018,3,8,0.0,,,,,
Old Toh Tuck Road,S35,2018,3,9,0.0,,,,,
Old Toh Tuck Road,S35,2018,3,10,20.0,,,,,
Old Toh Tuck Road,S35,2018,3,11,0.0,,,,,
Old Toh Tuck Road,S35,2018,3,12,6.2,,,,,
Old Toh Tuck Road,S35,2018,3,13,1.2,,,,,
Old Toh Tuck Road,S35,2018,3,14,1.4,,,,,
Old Toh Tuck Road,S35,2018,3,15,0.0,,,,,
Old Toh Tuck Road,S35,2018,3,16,0.4,,,,,
Old Toh Tuck Road,S35,2018,3,17,3.6,,,,,
Old Toh Tuck Road,S35,2018,3,18,0.0,,,,,
Old Toh Tuck Road,S35,2018,3,19,1.0,,,,,
Old Toh Tuck Road,S35,2018,3,20,22.0,,,,,
Old Toh Tuck Road,S35,2018,3,21,0.0,,,,,
Old Toh Tuck Road,S35,2018,3,22,0.0,,,,,
Old Toh Tuck Road,S35,2018,3,23,0.0,,,,,
Old Toh Tuck Road,S35,2018,3,24,15.0,,,,,
Old Toh Tuck Road,S35,2018,3,25,2.0,,,,,
Old Toh Tuck Road,S35,2018,3,26,33.8,,,,,
Old Toh Tuck Road,S35,2018,3,27,,,,,,
Old Toh Tuck Road,S35,2018,3,28,4.2,,,,,
Old Toh Tuck Road,S35,2018,3,29,0.0,,,,,
Old Toh Tuck Road,S35,2018,3,30,19.2,,,,,
Old Toh Tuck Road,S35,2018,3,31,0.0,,,,,
Old Toh Tuck Road,S35,2018,4,1,4.2,,,,,
Old Toh Tuck Road,S35,2018,4,2,28.8,,,,,
Old Toh Tuck Road,S35,2018,4,3,3.0,,,,,
Old Toh Tuck Road,S35,2018,4,4,0.0,,,,,
Old Toh Tuck Road,S35,2018,4,5,0.4,,,,,
Old Toh Tuck Road,S35,2018,4,6,0.0,,,,,
Old Toh Tuck Road,S35,2018,4,7,17.4,,,,,
Old Toh Tuck Road,S35,2018,4,8,0.0,,,,,
Old Toh Tuck Road,S35,2018,4,9,0.0,,,,,
Old Toh Tuck Road,S35,2018,4,10,0.0,,,,,
Old Toh Tuck Road,S35,2018,4,11,0.4,,,,,
Old Toh Tuck Road,S35,2018,4,12,0.0,,,,,
Old Toh Tuck Road,S35,2018,4,13,0.4,,,,,
Old Toh Tuck Road,S35,2018,4,14,59.0,,,,,
Old Toh Tuck Road,S35,2018,4,15,5.6,,,,,
Old Toh Tuck Road,S35,2018,4,16,3.0,,,,,
Old Toh Tuck Road,S35,2018,4,17,64.0,,,,,
Old Toh Tuck Road,S35,2018,4,18,0.0,,,,,
Old Toh Tuck Road,S35,2018,4,19,21.8,,,,,
Old Toh Tuck Road,S35,2018,4,20,12.4,,,,,
Old Toh Tuck Road,S35,2018,4,21,5.0,,,,,
Old Toh Tuck Road,S35,2018,4,22,30.8,,,,,
Old Toh Tuck Road,S35,2018,4,23,31.4,,,,,
Old Toh Tuck Road,S35,2018,4,24,,,,,,
Old Toh Tuck Road,S35,2018,4,25,0.0,,,,,
Old Toh Tuck Road,S35,2018,4,26,0.0,,,,,
Old Toh Tuck Road,S35,2018,4,27,8.2,,,,,
Old Toh Tuck Road,S35,2018,4,28,0.0,,,,,
Old Toh Tuck Road,S35,2018,4,29,0.0,,,,,
Old Toh Tuck Road,S35,2018,4,30,0.0,,,,,
Old Toh Tuck Road,S35,2018,5,1,29.6,,,,,
Old Toh Tuck Road,S35,2018,5,2,13.4,,,,,
Old Toh Tuck Road,S35,2018,5,3,,,,,,
Old Toh Tuck Road,S35,2018,5,4,,,,,,
Old Toh Tuck Road,S35,2018,5,5,,,,,,
Old Toh Tuck Road,S35,2018,5,6,,,,,,
Old Toh Tuck Road,S35,2018,5,7,,,,,,
Old Toh Tuck Road,S35,2018,5,8,,,,,,
Old Toh Tuck Road,S35,2018,5,9,,,,,,
Old Toh Tuck Road,S35,2018,5,10,0.0,,,,,
Old Toh Tuck Road,S35,2018,5,11,0.6,,,,,
Old Toh Tuck Road,S35,2018,5,12,0.2,,,,,
Old Toh Tuck Road,S35,2018,5,13,9.0,,,,,
Old Toh Tuck Road,S35,2018,5,14,10.0,,,,,
Old Toh Tuck Road,S35,2018,5,15,5.0,,,,,
Old Toh Tuck Road,S35,2018,5,16,33.6,,,,,
Old Toh Tuck Road,S35,2018,5,17,0.2,,,,,
Old Toh Tuck Road,S35,2018,5,18,40.2,,,,,
Old Toh Tuck Road,S35,2018,5,19,5.0,,,,,
Old Toh Tuck Road,S35,2018,5,20,10.8,,,,,
Old Toh Tuck Road,S35,2018,5,21,0.0,,,,,
Old Toh Tuck Road,S35,2018,5,22,0.2,,,,,
Old Toh Tuck Road,S35,2018,5,23,3.2,,,,,
Old Toh Tuck Road,S35,2018,5,24,0.4,,,,,
Old Toh Tuck Road,S35,2018,5,25,1.0,,,,,
Old Toh Tuck Road,S35,2018,5,26,39.6,,,,,
Old Toh Tuck Road,S35,2018,5,27,1.4,,,,,
Old Toh Tuck Road,S35,2018,5,28,21.2,,,,,
Old Toh Tuck Road,S35,2018,5,29,50.4,,,,,
Old Toh Tuck Road,S35,2018,5,30,4.0,,,,,
Old Toh Tuck Road,S35,2018,5,31,0.2,,,,,
Old Toh Tuck Road,S35,2018,6,1,54.8,,,,,
Old Toh Tuck Road,S35,2018,6,2,92.2,,,,,
Old Toh Tuck Road,S35,2018,6,3,0.0,,,,,
Old Toh Tuck Road,S35,2018,6,4,0.0,,,,,
Old Toh Tuck Road,S35,2018,6,5,0.0,,,,,
Old Toh Tuck Road,S35,2018,6,6,0.0,,,,,
Old Toh Tuck Road,S35,2018,6,7,0.0,,,,,
Old Toh Tuck Road,S35,2018,6,8,35.6,,,,,
Old Toh Tuck Road,S35,2018,6,9,0.0,,,,,
Old Toh Tuck Road,S35,2018,6,10,0.0,,,,,
Old Toh Tuck Road,S35,2018,6,11,0.0,,,,,
Old Toh Tuck Road,S35,2018,6,12,0.0,,,,,
Old Toh Tuck Road,S35,2018,6,13,10.4,,,,,
Old Toh Tuck Road,S35,2018,6,14,0.0,,,,,
Old Toh Tuck Road,S35,2018,6,15,24.0,,,,,
Old Toh Tuck Road,S35,2018,6,16,0.0,,,,,
Old Toh Tuck Road,S35,2018,6,17,0.0,,,,,
Old Toh Tuck Road,S35,2018,6,18,15.8,,,,,
Old Toh Tuck Road,S35,2018,6,19,25.0,,,,,
Old Toh Tuck Road,S35,2018,6,20,29.2,,,,,
Old Toh Tuck Road,S35,2018,6,21,12.4,,,,,
Old Toh Tuck Road,S35,2018,6,22,0.2,,,,,
Old Toh Tuck Road,S35,2018,6,23,5.4,,,,,
Old Toh Tuck Road,S35,2018,6,24,4.8,,,,,
Old Toh Tuck Road,S35,2018,6,25,59.0,,,,,
Old Toh Tuck Road,S35,2018,6,26,179.8,,,,,
Old Toh Tuck Road,S35,2018,6,27,33.2,,,,,
Old Toh Tuck Road,S35,2018,6,28,0.0,,,,,
Old Toh Tuck Road,S35,2018,6,29,66.4,,,,,
Old Toh Tuck Road,S35,2018,6,30,0.0,,,,,
Old Toh Tuck Road,S35,2018,7,1,1.4,,,,,
Old Toh Tuck Road,S35,2018,7,2,,,,,,
Old Toh Tuck Road,S35,2018,7,3,13.2,,,,,
Old Toh Tuck Road,S35,2018,7,4,0.2,,,,,
Old Toh Tuck Road,S35,2018,7,5,0.0,,,,,
Old Toh Tuck Road,S35,2018,7,6,0.0,,,,,
Old Toh Tuck Road,S35,2018,7,7,0.0,,,,,
Old Toh Tuck Road,S35,2018,7,8,0.0,,,,,
Old Toh Tuck Road,S35,2018,7,9,0.0,,,,,
Old Toh Tuck Road,S35,2018,7,10,45.4,,,,,
Old Toh Tuck Road,S35,2018,7,11,0.0,,,,,
Old Toh Tuck Road,S35,2018,7,12,0.0,,,,,
Old Toh Tuck Road,S35,2018,7,13,0.0,,,,,
Old Toh Tuck Road,S35,2018,7,14,0.0,,,,,
Old Toh Tuck Road,S35,2018,7,15,33.6,,,,,
Old Toh Tuck Road,S35,2018,7,16,0.0,,,,,
Old Toh Tuck Road,S35,2018,7,17,0.0,,,,,
Old Toh Tuck Road,S35,2018,7,18,0.0,,,,,
Old Toh Tuck Road,S35,2018,7,19,4.8,,,,,
Old Toh Tuck Road,S35,2018,7,20,2.2,,,,,
Old Toh Tuck Road,S35,2018,7,21,6.8,,,,,
Old Toh Tuck Road,S35,2018,7,22,0.0,,,,,
Old Toh Tuck Road,S35,2018,7,23,0.0,,,,,
Old Toh Tuck Road,S35,2018,7,24,0.0,,,,,
Old Toh Tuck Road,S35,2018,7,25,65.0,,,,,
Old Toh Tuck Road,S35,2018,7,26,0.0,,,,,
Old Toh Tuck Road,S35,2018,7,27,0.0,,,,,
Old Toh Tuck Road,S35,2018,7,28,0.0,,,,,
Old Toh Tuck Road,S35,2018,7,29,3.6,,,,,
Old Toh Tuck Road,S35,2018,7,30,16.6,,,,,
Old Toh Tuck Road,S35,2018,7,31,0.0,,,,,
Old Toh Tuck Road,S35,2018,8,1,0.6,,,,,
Old Toh Tuck Road,S35,2018,8,2,0.0,,,,,
Old Toh Tuck Road,S35,2018,8,3,0.0,,,,,
Old Toh Tuck Road,S35,2018,8,4,1.6,,,,,
Old Toh Tuck Road,S35,2018,8,5,8.4,,,,,
Old Toh Tuck Road,S35,2018,8,6,0.0,,,,,
Old Toh Tuck Road,S35,2018,8,7,0.0,,,,,
Old Toh Tuck Road,S35,2018,8,8,1.4,,,,,
Old Toh Tuck Road,S35,2018,8,9,0.0,,,,,
Old Toh Tuck Road,S35,2018,8,10,0.0,,,,,
Old Toh Tuck Road,S35,2018,8,11,0.0,,,,,
Old Toh Tuck Road,S35,2018,8,12,0.0,,,,,
Old Toh Tuck Road,S35,2018,8,13,0.0,,,,,
Old Toh Tuck Road,S35,2018,8,14,0.0,,,,,
Old Toh Tuck Road,S35,2018,8,15,0.0,,,,,
Old Toh Tuck Road,S35,2018,8,16,0.0,,,,,
Old Toh Tuck Road,S35,2018,8,17,9.6,,,,,
Old Toh Tuck Road,S35,2018,8,18,0.0,,,,,
Old Toh Tuck Road,S35,2018,8,19,0.6,,,,,
Old Toh Tuck Road,S35,2018,8,20,0.0,,,,,
Old Toh Tuck Road,S35,2018,8,21,0.0,,,,,
Old Toh Tuck Road,S35,2018,8,22,40.8,,,,,
Old Toh Tuck Road,S35,2018,8,23,0.0,,,,,
Old Toh Tuck Road,S35,2018,8,24,25.8,,,,,
Old Toh Tuck Road,S35,2018,8,25,0.0,,,,,
Old Toh Tuck Road,S35,2018,8,26,0.0,,,,,
Old Toh Tuck Road,S35,2018,8,27,0.0,,,,,
Old Toh Tuck Road,S35,2018,8,28,0.4,,,,,
Old Toh Tuck Road,S35,2018,8,29,0.0,,,,,
Old Toh Tuck Road,S35,2018,8,30,0.0,,,,,
Old Toh Tuck Road,S35,2018,8,31,23.2,,,,,
Old Toh Tuck Road,S35,2018,9,1,1.8,,,,,
Old Toh Tuck Road,S35,2018,9,2,1.2,,,,,
Old Toh Tuck Road,S35,2018,9,3,0.0,,,,,
Old Toh Tuck Road,S35,2018,9,4,16.0,,,,,
Old Toh Tuck Road,S35,2018,9,5,0.0,,,,,
Old Toh Tuck Road,S35,2018,9,6,0.0,,,,,
Old Toh Tuck Road,S35,2018,9,7,28.0,,,,,
Old Toh Tuck Road,S35,2018,9,8,15.6,,,,,
Old Toh Tuck Road,S35,2018,9,9,5.8,,,,,
Old Toh Tuck Road,S35,2018,9,10,1.0,,,,,
Old Toh Tuck Road,S35,2018,9,11,1.0,,,,,
Old Toh Tuck Road,S35,2018,9,12,1.2,,,,,
Old Toh Tuck Road,S35,2018,9,13,0.0,,,,,
Old Toh Tuck Road,S35,2018,9,14,0.0,,,,,
Old Toh Tuck Road,S35,2018,9,15,0.0,,,,,
Old Toh Tuck Road,S35,2018,9,16,0.0,,,,,
Old Toh Tuck Road,S35,2018,9,17,0.0,,,,,
Old Toh Tuck Road,S35,2018,9,18,2.0,,,,,
Old Toh Tuck Road,S35,2018,9,19,47.0,,,,,
Old Toh Tuck Road,S35,2018,9,20,5.8,,,,,
Old Toh Tuck Road,S35,2018,9,21,18.4,,,,,
Old Toh Tuck Road,S35,2018,9,22,37.6,,,,,
Old Toh Tuck Road,S35,2018,9,23,0.0,,,,,
Old Toh Tuck Road,S35,2018,9,24,0.0,,,,,
Old Toh Tuck Road,S35,2018,9,25,0.0,,,,,
Old Toh Tuck Road,S35,2018,9,26,0.0,,,,,
Old Toh Tuck Road,S35,2018,9,27,0.0,,,,,
Old Toh Tuck Road,S35,2018,9,28,0.0,,,,,
Old Toh Tuck Road,S35,2018,9,29,0.0,,,,,
Old Toh Tuck Road,S35,2018,9,30,0.0,,,,,
Old Toh Tuck Road,S35,2018,10,1,0.0,,,,,
Old Toh Tuck Road,S35,2018,10,2,0.0,,,,,
Old Toh Tuck Road,S35,2018,10,3,0.0,,,,,
Old Toh Tuck Road,S35,2018,10,4,0.0,,,,,
Old Toh Tuck Road,S35,2018,10,5,0.0,,,,,
Old Toh Tuck Road,S35,2018,10,6,6.0,,,,,
Old Toh Tuck Road,S35,2018,10,7,10.8,,,,,
Old Toh Tuck Road,S35,2018,10,8,22.6,,,,,
Old Toh Tuck Road,S35,2018,10,9,8.0,,,,,
Old Toh Tuck Road,S35,2018,10,10,21.8,,,,,
Old Toh Tuck Road,S35,2018,10,11,19.6,,,,,
Old Toh Tuck Road,S35,2018,10,12,3.8,,,,,
Old Toh Tuck Road,S35,2018,10,13,1.0,,,,,
Old Toh Tuck Road,S35,2018,10,14,6.0,,,,,
Old Toh Tuck Road,S35,2018,10,15,0.0,,,,,
Old Toh Tuck Road,S35,2018,10,16,3.2,,,,,
Old Toh Tuck Road,S35,2018,10,17,0.6,,,,,
Old Toh Tuck Road,S35,2018,10,18,0.2,,,,,
Old Toh Tuck Road,S35,2018,10,19,26.4,,,,,
Old Toh Tuck Road,S35,2018,10,20,0.0,,,,,
Old Toh Tuck Road,S35,2018,10,21,0.0,,,,,
Old Toh Tuck Road,S35,2018,10,22,0.4,,,,,
Old Toh Tuck Road,S35,2018,10,23,14.4,,,,,
Old Toh Tuck Road,S35,2018,10,24,6.4,,,,,
Old Toh Tuck Road,S35,2018,10,25,0.0,,,,,
Old Toh Tuck Road,S35,2018,10,26,3.4,,,,,
Old Toh Tuck Road,S35,2018,10,27,0.0,,,,,
Old Toh Tuck Road,S35,2018,10,28,0.4,,,,,
Old Toh Tuck Road,S35,2018,10,29,1.2,,,,,
Old Toh Tuck Road,S35,2018,10,30,10.0,,,,,
Old Toh Tuck Road,S35,2018,10,31,0.0,,,,,
Old Toh Tuck Road,S35,2018,11,1,4.8,,,,,
Old Toh Tuck Road,S35,2018,11,2,0.6,,,,,
Old Toh Tuck Road,S35,2018,11,3,0.6,,,,,
Old Toh Tuck Road,S35,2018,11,4,5.6,,,,,
Old Toh Tuck Road,S35,2018,11,5,5.6,,,,,
Old Toh Tuck Road,S35,2018,11,6,2.2,,,,,
Old Toh Tuck Road,S35,2018,11,7,17.6,,,,,
Old Toh Tuck Road,S35,2018,11,8,28.6,,,,,
Old Toh Tuck Road,S35,2018,11,9,4.0,,,,,
Old Toh Tuck Road,S35,2018,11,10,34.2,,,,,
Old Toh Tuck Road,S35,2018,11,11,39.8,,,,,
Old Toh Tuck Road,S35,2018,11,12,13.8,,,,,
Old Toh Tuck Road,S35,2018,11,13,0.4,,,,,
Old Toh Tuck Road,S35,2018,11,14,26.6,,,,,
Old Toh Tuck Road,S35,2018,11,15,13.4,,,,,
Old Toh Tuck Road,S35,2018,11,16,1.0,,,,,
Old Toh Tuck Road,S35,2018,11,17,17.6,,,,,
Old Toh Tuck Road,S35,2018,11,18,2.2,,,,,
Old Toh Tuck Road,S35,2018,11,19,6.0,,,,,
Old Toh Tuck Road,S35,2018,11,20,0.2,,,,,
Old Toh Tuck Road,S35,2018,11,21,11.2,,,,,
Old Toh Tuck Road,S35,2018,11,22,49.0,,,,,
Old Toh Tuck Road,S35,2018,11,23,20.6,,,,,
Old Toh Tuck Road,S35,2018,11,24,0.0,,,,,
Old Toh Tuck Road,S35,2018,11,25,4.8,,,,,
Old Toh Tuck Road,S35,2018,11,26,13.2,,,,,
Old Toh Tuck Road,S35,2018,11,27,1.2,,,,,
Old Toh Tuck Road,S35,2018,11,28,3.2,,,,,
Old Toh Tuck Road,S35,2018,11,29,3.8,,,,,
Old Toh Tuck Road,S35,2018,11,30,0.8,,,,,
Old Toh Tuck Road,S35,2018,12,1,7.0,,,,,
Old Toh Tuck Road,S35,2018,12,2,3.6,,,,,
Old Toh Tuck Road,S35,2018,12,3,1.2,,,,,
Old Toh Tuck Road,S35,2018,12,4,5.8,,,,,
Old Toh Tuck Road,S35,2018,12,5,38.2,,,,,
Old Toh Tuck Road,S35,2018,12,6,12.8,,,,,
Old Toh Tuck Road,S35,2018,12,7,20.6,,,,,
Old Toh Tuck Road,S35,2018,12,8,36.0,,,,,
Old Toh Tuck Road,S35,2018,12,9,0.6,,,,,
Old Toh Tuck Road,S35,2018,12,10,3.8,,,,,
Old Toh Tuck Road,S35,2018,12,11,27.0,,,,,
Old Toh Tuck Road,S35,2018,12,12,55.0,,,,,
Old Toh Tuck Road,S35,2018,12,13,0.0,,,,,
Old Toh Tuck Road,S35,2018,12,14,0.0,,,,,
Old Toh Tuck Road,S35,2018,12,15,60.6,,,,,
Old Toh Tuck Road,S35,2018,12,16,19.2,,,,,
Old Toh Tuck Road,S35,2018,12,17,6.6,,,,,
Old Toh Tuck Road,S35,2018,12,18,0.0,,,,,
Old Toh Tuck Road,S35,2018,12,19,0.0,,,,,
Old Toh Tuck Road,S35,2018,12,20,0.2,,,,,
Old Toh Tuck Road,S35,2018,12,21,0.0,,,,,
Old Toh Tuck Road,S35,2018,12,22,0.0,,,,,
Old Toh Tuck Road,S35,2018,12,23,0.0,,,,,
Old Toh Tuck Road,S35,2018,12,24,0.0,,,,,
Old Toh Tuck Road,S35,2018,12,25,0.0,,,,,
Old Toh Tuck Road,S35,2018,12,26,5.0,,,,,
Old Toh Tuck Road,S35,2018,12,27,0.0,,,,,
Old Toh Tuck Road,S35,2018,12,28,0.0,,,,,
Old Toh Tuck Road,S35,2018,12,29,0.0,,,,,
Old Toh Tuck Road,S35,2018,12,30,0.0,,,,,
Old Toh Tuck Road,S35,2018,12,31,51.4,,,,,
Old Toh Tuck Road,S35,2019,1,1,10.0,,,,,
Old Toh Tuck Road,S35,2019,1,2,0.0,,,,,
Old Toh Tuck Road,S35,2019,1,3,0.6,,,,,
Old Toh Tuck Road,S35,2019,1,4,0.0,,,,,
Old Toh Tuck Road,S35,2019,1,5,0.8,,,,,
Old Toh Tuck Road,S35,2019,1,6,0.0,,,,,
Old Toh Tuck Road,S35,2019,1,7,0.0,,,,,
Old Toh Tuck Road,S35,2019,1,8,8.4,,,,,
Old Toh Tuck Road,S35,2019,1,9,0.0,,,,,
Old Toh Tuck Road,S35,2019,1,10,0.0,,,,,
Old Toh Tuck Road,S35,2019,1,11,0.0,,,,,
Old Toh Tuck Road,S35,2019,1,12,20.6,,,,,
Old Toh Tuck Road,S35,2019,1,13,1.2,,,,,
Old Toh Tuck Road,S35,2019,1,14,0.2,,,,,
Old Toh Tuck Road,S35,2019,1,15,0.0,,,,,
Old Toh Tuck Road,S35,2019,1,16,0.0,,,,,
Old Toh Tuck Road,S35,2019,1,17,9.0,,,,,
Old Toh Tuck Road,S35,2019,1,18,25.0,,,,,
Old Toh Tuck Road,S35,2019,1,19,0.0,,,,,
Old Toh Tuck Road,S35,2019,1,20,0.0,,,,,
Old Toh Tuck Road,S35,2019,1,21,0.0,,,,,
Old Toh Tuck Road,S35,2019,1,22,0.0,,,,,
Old Toh Tuck Road,S35,2019,1,23,1.0,,,,,
Old Toh Tuck Road,S35,2019,1,24,0.0,,,,,
Old Toh Tuck Road,S35,2019,1,25,0.0,,,,,
Old Toh Tuck Road,S35,2019,1,26,0.0,,,,,
Old Toh Tuck Road,S35,2019,1,27,0.0,,,,,
Old Toh Tuck Road,S35,2019,1,28,0.0,,,,,
Old Toh Tuck Road,S35,2019,1,29,1.2,,,,,
Old Toh Tuck Road,S35,2019,1,30,0.0,,,,,
Old Toh Tuck Road,S35,2019,1,31,0.0,,,,,
Old Toh Tuck Road,S35,2019,2,1,0.0,,,,,
Old Toh Tuck Road,S35,2019,2,2,0.0,,,,,
Old Toh Tuck Road,S35,2019,2,3,0.0,,,,,
Old Toh Tuck Road,S35,2019,2,4,12.2,,,,,
Old Toh Tuck Road,S35,2019,2,5,0.0,,,,,
Old Toh Tuck Road,S35,2019,2,6,0.0,,,,,
Old Toh Tuck Road,S35,2019,2,7,1.4,,,,,
Old Toh Tuck Road,S35,2019,2,8,0.4,,,,,
Old Toh Tuck Road,S35,2019,2,9,0.0,,,,,
Old Toh Tuck Road,S35,2019,2,10,0.0,,,,,
Old Toh Tuck Road,S35,2019,2,11,0.0,,,,,
Old Toh Tuck Road,S35,2019,2,12,0.0,,,,,
Old Toh Tuck Road,S35,2019,2,13,0.0,,,,,
Old Toh Tuck Road,S35,2019,2,14,0.0,,,,,
Old Toh Tuck Road,S35,2019,2,15,0.0,,,,,
Old Toh Tuck Road,S35,2019,2,16,0.0,,,,,
Old Toh Tuck Road,S35,2019,2,17,3.6,,,,,
Old Toh Tuck Road,S35,2019,2,18,2.6,,,,,
Old Toh Tuck Road,S35,2019,2,19,21.6,,,,,
Old Toh Tuck Road,S35,2019,2,20,6.2,,,,,
Old Toh Tuck Road,S35,2019,2,21,0.0,,,,,
Old Toh Tuck Road,S35,2019,2,22,0.0,,,,,
Old Toh Tuck Road,S35,2019,2,23,0.0,,,,,
Old Toh Tuck Road,S35,2019,2,24,0.0,,,,,
Old Toh Tuck Road,S35,2019,2,25,0.0,,,,,
Old Toh Tuck Road,S35,2019,2,26,0.2,,,,,
Old Toh Tuck Road,S35,2019,2,27,0.0,,,,,
Old Toh Tuck Road,S35,2019,2,28,0.0,,,,,
Old Toh Tuck Road,S35,2019,3,1,0.0,,,,,
Old Toh Tuck Road,S35,2019,3,2,0.0,,,,,
Old Toh Tuck Road,S35,2019,3,3,0.0,,,,,
Old Toh Tuck Road,S35,2019,3,4,0.0,,,,,
Old Toh Tuck Road,S35,2019,3,5,0.0,,,,,
Old Toh Tuck Road,S35,2019,3,6,0.0,,,,,
Old Toh Tuck Road,S35,2019,3,7,0.0,,,,,
Old Toh Tuck Road,S35,2019,3,8,0.0,,,,,
Old Toh Tuck Road,S35,2019,3,9,0.0,,,,,
Old Toh Tuck Road,S35,2019,3,10,0.0,,,,,
Old Toh Tuck Road,S35,2019,3,11,45.6,,,,,
Old Toh Tuck Road,S35,2019,3,12,0.4,,,,,
Old Toh Tuck Road,S35,2019,3,13,0.0,,,,,
Old Toh Tuck Road,S35,2019,3,14,0.0,,,,,
Old Toh Tuck Road,S35,2019,3,15,0.0,,,,,
Old Toh Tuck Road,S35,2019,3,16,0.0,,,,,
Old Toh Tuck Road,S35,2019,3,17,0.0,,,,,
Old Toh Tuck Road,S35,2019,3,18,0.0,,,,,
Old Toh Tuck Road,S35,2019,3,19,0.0,,,,,
Old Toh Tuck Road,S35,2019,3,20,0.0,,,,,
Old Toh Tuck Road,S35,2019,3,21,46.2,,,,,
Old Toh Tuck Road,S35,2019,3,22,0.0,,,,,
Old Toh Tuck Road,S35,2019,3,23,0.0,,,,,
Old Toh Tuck Road,S35,2019,3,24,10.4,,,,,
Old Toh Tuck Road,S35,2019,3,25,7.8,,,,,
Old Toh Tuck Road,S35,2019,3,26,0.0,,,,,
Old Toh Tuck Road,S35,2019,3,27,0.0,,,,,
Old Toh Tuck Road,S35,2019,3,28,4.0,,,,,
Old Toh Tuck Road,S35,2019,3,29,0.0,,,,,
Old Toh Tuck Road,S35,2019,3,30,2.6,,,,,
Old Toh Tuck Road,S35,2019,3,31,0.0,,,,,
Old Toh Tuck Road,S35,2019,4,1,28.8,,,,,
Old Toh Tuck Road,S35,2019,4,2,0.0,,,,,
Old Toh Tuck Road,S35,2019,4,3,20.4,,,,,
Old Toh Tuck Road,S35,2019,4,4,15.4,,,,,
Old Toh Tuck Road,S35,2019,4,5,20.6,,,,,
Old Toh Tuck Road,S35,2019,4,6,0.0,,,,,
Old Toh Tuck Road,S35,2019,4,7,0.0,,,,,
Old Toh Tuck Road,S35,2019,4,8,0.0,,,,,
Old Toh Tuck Road,S35,2019,4,9,14.6,,,,,
Old Toh Tuck Road,S35,2019,4,10,0.2,,,,,
Old Toh Tuck Road,S35,2019,4,11,0.0,,,,,
Old Toh Tuck Road,S35,2019,4,12,0.0,,,,,
Old Toh Tuck Road,S35,2019,4,13,0.2,,,,,
Old Toh Tuck Road,S35,2019,4,14,0.0,,,,,
Old Toh Tuck Road,S35,2019,4,15,0.0,,,,,
Old Toh Tuck Road,S35,2019,4,16,1.2,,,,,
Old Toh Tuck Road,S35,2019,4,17,0.0,,,,,
Old Toh Tuck Road,S35,2019,4,18,3.0,,,,,
Old Toh Tuck Road,S35,2019,4,19,29.2,,,,,
Old Toh Tuck Road,S35,2019,4,20,1.2,,,,,
Old Toh Tuck Road,S35,2019,4,21,0.0,,,,,
Old Toh Tuck Road,S35,2019,4,22,0.0,,,,,
Old Toh Tuck Road,S35,2019,4,23,29.2,,,,,
Old Toh Tuck Road,S35,2019,4,24,0.2,,,,,
Old Toh Tuck Road,S35,2019,4,25,4.4,,,,,
Old Toh Tuck Road,S35,2019,4,26,38.4,,,,,
Old Toh Tuck Road,S35,2019,4,27,7.2,,,,,
Old Toh Tuck Road,S35,2019,4,28,0.4,,,,,
Old Toh Tuck Road,S35,2019,4,29,0.4,,,,,
Old Toh Tuck Road,S35,2019,4,30,0.0,,,,,
Old Toh Tuck Road,S35,2019,5,1,0.0,,,,,
Old Toh Tuck Road,S35,2019,5,2,0.0,,,,,
Old Toh Tuck Road,S35,2019,5,3,0.4,,,,,
Old Toh Tuck Road,S35,2019,5,4,8.6,,,,,
Old Toh Tuck Road,S35,2019,5,5,0.6,,,,,
Old Toh Tuck Road,S35,2019,5,6,0.0,,,,,
Old Toh Tuck Road,S35,2019,5,7,0.0,,,,,
Old Toh Tuck Road,S35,2019,5,8,98.4,,,,,
Old Toh Tuck Road,S35,2019,5,9,0.4,,,,,
Old Toh Tuck Road,S35,2019,5,10,31.2,,,,,
Old Toh Tuck Road,S35,2019,5,11,0.0,,,,,
Old Toh Tuck Road,S35,2019,5,12,2.0,,,,,
Old Toh Tuck Road,S35,2019,5,13,36.6,,,,,
Old Toh Tuck Road,S35,2019,5,14,2.2,,,,,
Old Toh Tuck Road,S35,2019,5,15,5.8,,,,,
Old Toh Tuck Road,S35,2019,5,16,3.4,,,,,
Old Toh Tuck Road,S35,2019,5,17,1.8,,,,,
Old Toh Tuck Road,S35,2019,5,18,0.0,,,,,
Old Toh Tuck Road,S35,2019,5,19,18.6,,,,,
Old Toh Tuck Road,S35,2019,5,20,11.2,,,,,
Old Toh Tuck Road,S35,2019,5,21,0.0,,,,,
Old Toh Tuck Road,S35,2019,5,22,0.8,,,,,
Old Toh Tuck Road,S35,2019,5,23,2.4,,,,,
Old Toh Tuck Road,S35,2019,5,24,0.0,,,,,
Old Toh Tuck Road,S35,2019,5,25,0.0,,,,,
Old Toh Tuck Road,S35,2019,5,26,0.0,,,,,
Old Toh Tuck Road,S35,2019,5,27,0.0,,,,,
Old Toh Tuck Road,S35,2019,5,28,0.0,,,,,
Old Toh Tuck Road,S35,2019,5,29,0.0,,,,,
Old Toh Tuck Road,S35,2019,5,30,8.0,,,,,
Old Toh Tuck Road,S35,2019,5,31,7.4,,,,,
Old Toh Tuck Road,S35,2019,6,1,0.0,,,,,
Old Toh Tuck Road,S35,2019,6,2,61.4,,,,,
Old Toh Tuck Road,S35,2019,6,3,7.4,,,,,
Old Toh Tuck Road,S35,2019,6,4,13.0,,,,,
Old Toh Tuck Road,S35,2019,6,5,0.0,,,,,
Old Toh Tuck Road,S35,2019,6,6,12.8,,,,,
Old Toh Tuck Road,S35,2019,6,7,22.6,,,,,
Old Toh Tuck Road,S35,2019,6,8,10.2,,,,,
Old Toh Tuck Road,S35,2019,6,9,,,,,,
Old Toh Tuck Road,S35,2019,6,10,0.0,,,,,
Old Toh Tuck Road,S35,2019,6,11,27.0,,,,,
Old Toh Tuck Road,S35,2019,6,12,25.6,,,,,
Old Toh Tuck Road,S35,2019,6,13,13.8,,,,,
Old Toh Tuck Road,S35,2019,6,14,0.8,,,,,
Old Toh Tuck Road,S35,2019,6,15,25.4,,,,,
Old Toh Tuck Road,S35,2019,6,16,0.0,,,,,
Old Toh Tuck Road,S35,2019,6,17,12.4,,,,,
Old Toh Tuck Road,S35,2019,6,18,3.8,,,,,
Old Toh Tuck Road,S35,2019,6,19,0.0,,,,,
Old Toh Tuck Road,S35,2019,6,20,1.4,,,,,
Old Toh Tuck Road,S35,2019,6,21,0.2,,,,,
Old Toh Tuck Road,S35,2019,6,22,20.8,,,,,
Old Toh Tuck Road,S35,2019,6,23,0.0,,,,,
Old Toh Tuck Road,S35,2019,6,24,0.4,,,,,
Old Toh Tuck Road,S35,2019,6,25,0.0,,,,,
Old Toh Tuck Road,S35,2019,6,26,14.4,,,,,
Old Toh Tuck Road,S35,2019,6,27,0.0,,,,,
Old Toh Tuck Road,S35,2019,6,28,0.0,,,,,
Old Toh Tuck Road,S35,2019,6,29,0.4,,,,,
Old Toh Tuck Road,S35,2019,6,30,3.0,,,,,
Old Toh Tuck Road,S35,2019,7,1,0.0,,,,,
Old Toh Tuck Road,S35,2019,7,2,0.0,,,,,
Old Toh Tuck Road,S35,2019,7,3,23.2,,,,,
Old Toh Tuck Road,S35,2019,7,4,0.6,,,,,
Old Toh Tuck Road,S35,2019,7,5,0.0,,,,,
Old Toh Tuck Road,S35,2019,7,6,0.2,,,,,
Old Toh Tuck Road,S35,2019,7,7,9.8,,,,,
Old Toh Tuck Road,S35,2019,7,8,11.6,,,,,
Old Toh Tuck Road,S35,2019,7,9,12.6,,,,,
Old Toh Tuck Road,S35,2019,7,10,0.0,,,,,
Old Toh Tuck Road,S35,2019,7,11,0.0,,,,,
Old Toh Tuck Road,S35,2019,7,12,0.0,,,,,
Old Toh Tuck Road,S35,2019,7,13,0.0,,,,,
Old Toh Tuck Road,S35,2019,7,14,0.0,,,,,
Old Toh Tuck Road,S35,2019,7,15,23.8,,,,,
Old Toh Tuck Road,S35,2019,7,16,0.0,,,,,
Old Toh Tuck Road,S35,2019,7,17,0.0,,,,,
Old Toh Tuck Road,S35,2019,7,18,0.0,,,,,
Old Toh Tuck Road,S35,2019,7,19,0.0,,,,,
Old Toh Tuck Road,S35,2019,7,20,0.0,,,,,
Old Toh Tuck Road,S35,2019,7,21,0.0,,,,,
Old Toh Tuck Road,S35,2019,7,22,0.0,,,,,
Old Toh Tuck Road,S35,2019,7,23,15.4,,,,,
Old Toh Tuck Road,S35,2019,7,24,2.8,,,,,
Old Toh Tuck Road,S35,2019,7,25,0.0,,,,,
Old Toh Tuck Road,S35,2019,7,26,0.0,,,,,
Old Toh Tuck Road,S35,2019,7,27,0.0,,,,,
Old Toh Tuck Road,S35,2019,7,28,0.0,,,,,
Old Toh Tuck Road,S35,2019,7,29,0.0,,,,,
Old Toh Tuck Road,S35,2019,7,30,0.6,,,,,
Old Toh Tuck Road,S35,2019,7,31,0.0,,,,,
Old Toh Tuck Road,S35,2019,8,1,0.0,,,,,
Old Toh Tuck Road,S35,2019,8,2,0.0,,,,,
Old Toh Tuck Road,S35,2019,8,3,0.0,,,,,
Old Toh Tuck Road,S35,2019,8,4,0.0,,,,,
Old Toh Tuck Road,S35,2019,8,5,0.0,,,,,
Old Toh Tuck Road,S35,2019,8,6,0.0,,,,,
Old Toh Tuck Road,S35,2019,8,7,0.0,,,,,
Old Toh Tuck Road,S35,2019,8,8,0.0,,,,,
Old Toh Tuck Road,S35,2019,8,9,0.0,,,,,
Old Toh Tuck Road,S35,2019,8,10,0.0,,,,,
Old Toh Tuck Road,S35,2019,8,11,0.0,,,,,
Old Toh Tuck Road,S35,2019,8,12,0.0,,,,,
Old Toh Tuck Road,S35,2019,8,13,0.0,,,,,
Old Toh Tuck Road,S35,2019,8,14,0.0,,,,,
Old Toh Tuck Road,S35,2019,8,15,0.0,,,,,
Old Toh Tuck Road,S35,2019,8,16,0.0,,,,,
Old Toh Tuck Road,S35,2019,8,17,2.2,,,,,
Old Toh Tuck Road,S35,2019,8,18,0.0,,,,,
Old Toh Tuck Road,S35,2019,8,19,0.0,,,,,
Old Toh Tuck Road,S35,2019,8,20,0.0,,,,,
Old Toh Tuck Road,S35,2019,8,21,0.0,,,,,
Old Toh Tuck Road,S35,2019,8,22,0.0,,,,,
Old Toh Tuck Road,S35,2019,8,23,0.0,,,,,
Old Toh Tuck Road,S35,2019,8,24,0.0,,,,,
Old Toh Tuck Road,S35,2019,8,25,0.0,,,,,
Old Toh Tuck Road,S35,2019,8,26,1.8,,,,,
Old Toh Tuck Road,S35,2019,8,27,0.2,,,,,
Old Toh Tuck Road,S35,2019,8,28,0.6,,,,,
Old Toh Tuck Road,S35,2019,8,29,0.0,,,,,
Old Toh Tuck Road,S35,2019,8,30,12.8,,,,,
Old Toh Tuck Road,S35,2019,8,31,0.0,,,,,
Old Toh Tuck Road,S35,2019,9,1,0.0,,,,,
Old Toh Tuck Road,S35,2019,9,2,0.0,,,,,
Old Toh Tuck Road,S35,2019,9,3,0.0,,,,,
Old Toh Tuck Road,S35,2019,9,4,35.4,,,,,
Old Toh Tuck Road,S35,2019,9,5,0.0,,,,,
Old Toh Tuck Road,S35,2019,9,6,0.0,,,,,
Old Toh Tuck Road,S35,2019,9,7,0.0,,,,,
Old Toh Tuck Road,S35,2019,9,8,0.0,,,,,
Old Toh Tuck Road,S35,2019,9,9,0.0,,,,,
Old Toh Tuck Road,S35,2019,9,10,0.0,,,,,
Old Toh Tuck Road,S35,2019,9,11,0.0,,,,,
Old Toh Tuck Road,S35,2019,9,12,0.0,,,,,
Old Toh Tuck Road,S35,2019,9,13,0.0,,,,,
Old Toh Tuck Road,S35,2019,9,14,0.0,,,,,
Old Toh Tuck Road,S35,2019,9,15,0.0,,,,,
Old Toh Tuck Road,S35,2019,9,16,0.0,,,,,
Old Toh Tuck Road,S35,2019,9,17,0.0,,,,,
Old Toh Tuck Road,S35,2019,9,18,0.0,,,,,
Old Toh Tuck Road,S35,2019,9,19,0.0,,,,,
Old Toh Tuck Road,S35,2019,9,20,0.0,,,,,
Old Toh Tuck Road,S35,2019,9,21,0.0,,,,,
Old Toh Tuck Road,S35,2019,9,22,0.0,,,,,
Old Toh Tuck Road,S35,2019,9,23,0.0,,,,,
Old Toh Tuck Road,S35,2019,9,24,0.0,,,,,
Old Toh Tuck Road,S35,2019,9,25,25.8,,,,,
Old Toh Tuck Road,S35,2019,9,26,0.0,,,,,
Old Toh Tuck Road,S35,2019,9,27,6.4,,,,,
Old Toh Tuck Road,S35,2019,9,28,0.0,,,,,
Old Toh Tuck Road,S35,2019,9,29,27.2,,,,,
Old Toh Tuck Road,S35,2019,9,30,8.8,,,,,
Old Toh Tuck Road,S35,2019,10,1,0.0,,,,,
Old Toh Tuck Road,S35,2019,10,2,1.2,,,,,
Old Toh Tuck Road,S35,2019,10,3,0.2,,,,,
Old Toh Tuck Road,S35,2019,10,4,3.2,,,,,
Old Toh Tuck Road,S35,2019,10,5,3.4,,,,,
Old Toh Tuck Road,S35,2019,10,6,0.0,,,,,
Old Toh Tuck Road,S35,2019,10,7,17.6,,,,,
Old Toh Tuck Road,S35,2019,10,8,0.4,,,,,
Old Toh Tuck Road,S35,2019,10,9,5.4,,,,,
Old Toh Tuck Road,S35,2019,10,10,7.6,,,,,
Old Toh Tuck Road,S35,2019,10,11,0.0,,,,,
Old Toh Tuck Road,S35,2019,10,12,3.0,,,,,
Old Toh Tuck Road,S35,2019,10,13,5.0,,,,,
Old Toh Tuck Road,S35,2019,10,14,0.0,,,,,
Old Toh Tuck Road,S35,2019,10,15,0.0,,,,,
Old Toh Tuck Road,S35,2019,10,16,0.8,,,,,
Old Toh Tuck Road,S35,2019,10,17,25.0,,,,,
Old Toh Tuck Road,S35,2019,10,18,1.8,,,,,
Old Toh Tuck Road,S35,2019,10,19,0.0,,,,,
Old Toh Tuck Road,S35,2019,10,20,0.0,,,,,
Old Toh Tuck Road,S35,2019,10,21,13.2,,,,,
Old Toh Tuck Road,S35,2019,10,22,20.0,,,,,
Old Toh Tuck Road,S35,2019,10,23,0.6,,,,,
Old Toh Tuck Road,S35,2019,10,24,0.4,,,,,
Old Toh Tuck Road,S35,2019,10,25,0.2,,,,,
Old Toh Tuck Road,S35,2019,10,26,3.4,,,,,
Old Toh Tuck Road,S35,2019,10,27,5.8,,,,,
Old Toh Tuck Road,S35,2019,10,28,2.8,,,,,
Old Toh Tuck Road,S35,2019,10,29,0.0,,,,,
Old Toh Tuck Road,S35,2019,10,30,0.0,,,,,
Old Toh Tuck Road,S35,2019,10,31,0.2,,,,,
Old Toh Tuck Road,S35,2019,11,1,0.0,,,,,
Old Toh Tuck Road,S35,2019,11,2,3.8,,,,,
Old Toh Tuck Road,S35,2019,11,3,0.0,,,,,
Old Toh Tuck Road,S35,2019,11,4,0.2,,,,,
Old Toh Tuck Road,S35,2019,11,5,6.0,,,,,
Old Toh Tuck Road,S35,2019,11,6,0.0,,,,,
Old Toh Tuck Road,S35,2019,11,7,0.0,,,,,
Old Toh Tuck Road,S35,2019,11,8,12.6,,,,,
Old Toh Tuck Road,S35,2019,11,9,0.0,,,,,
Old Toh Tuck Road,S35,2019,11,10,0.0,,,,,
Old Toh Tuck Road,S35,2019,11,11,1.6,,,,,
Old Toh Tuck Road,S35,2019,11,12,0.0,,,,,
Old Toh Tuck Road,S35,2019,11,13,0.2,,,,,
Old Toh Tuck Road,S35,2019,11,14,0.0,,,,,
Old Toh Tuck Road,S35,2019,11,15,3.4,,,,,
Old Toh Tuck Road,S35,2019,11,16,0.0,,,,,
Old Toh Tuck Road,S35,2019,11,17,0.0,,,,,
Old Toh Tuck Road,S35,2019,11,18,31.2,,,,,
Old Toh Tuck Road,S35,2019,11,19,1.2,,,,,
Old Toh Tuck Road,S35,2019,11,20,28.0,,,,,
Old Toh Tuck Road,S35,2019,11,21,0.0,,,,,
Old Toh Tuck Road,S35,2019,11,22,8.8,,,,,
Old Toh Tuck Road,S35,2019,11,23,7.8,,,,,
Old Toh Tuck Road,S35,2019,11,24,12.0,,,,,
Old Toh Tuck Road,S35,2019,11,25,10.8,,,,,
Old Toh Tuck Road,S35,2019,11,26,0.0,,,,,
Old Toh Tuck Road,S35,2019,11,27,0.2,,,,,
Old Toh Tuck Road,S35,2019,11,28,1.0,,,,,
Old Toh Tuck Road,S35,2019,11,29,46.0,,,,,
Old Toh Tuck Road,S35,2019,11,30,47.4,,,,,
Old Toh Tuck Road,S35,2019,12,1,4.0,,,,,
Old Toh Tuck Road,S35,2019,12,2,24.6,,,,,
Old Toh Tuck Road,S35,2019,12,3,0.0,,,,,
Old Toh Tuck Road,S35,2019,12,4,0.0,,,,,
Old Toh Tuck Road,S35,2019,12,5,0.2,,,,,
Old Toh Tuck Road,S35,2019,12,6,0.0,,,,,
Old Toh Tuck Road,S35,2019,12,7,0.0,,,,,
Old Toh Tuck Road,S35,2019,12,8,0.0,,,,,
Old Toh Tuck Road,S35,2019,12,9,17.4,,,,,
Old Toh Tuck Road,S35,2019,12,10,3.4,,,,,
Old Toh Tuck Road,S35,2019,12,11,23.8,,,,,
Old Toh Tuck Road,S35,2019,12,12,0.6,,,,,
Old Toh Tuck Road,S35,2019,12,13,24.6,,,,,
Old Toh Tuck Road,S35,2019,12,14,28.6,,,,,
Old Toh Tuck Road,S35,2019,12,15,,,,,,
Old Toh Tuck Road,S35,2019,12,16,1.0,,,,,
Old Toh Tuck Road,S35,2019,12,17,4.6,,,,,
Old Toh Tuck Road,S35,2019,12,18,36.4,,,,,
Old Toh Tuck Road,S35,2019,12,19,0.4,,,,,
Old Toh Tuck Road,S35,2019,12,20,0.0,,,,,
Old Toh Tuck Road,S35,2019,12,21,28.4,,,,,
Old Toh Tuck Road,S35,2019,12,22,0.0,,,,,
Old Toh Tuck Road,S35,2019,12,23,0.6,,,,,
Old Toh Tuck Road,S35,2019,12,24,1.4,,,,,
Old Toh Tuck Road,S35,2019,12,25,1.4,,,,,
Old Toh Tuck Road,S35,2019,12,26,0.0,,,,,
Old Toh Tuck Road,S35,2019,12,27,0.0,,,,,
Old Toh Tuck Road,S35,2019,12,28,0.0,,,,,
Old Toh Tuck Road,S35,2019,12,29,0.0,,,,,
Old Toh Tuck Road,S35,2019,12,30,0.0,,,,,
Old Toh Tuck Road,S35,2019,12,31,0.0,,,,,
Old Toh Tuck Road,S35,2020,1,1,0.0,,,,,
Old Toh Tuck Road,S35,2020,1,2,0.0,,,,,
Old Toh Tuck Road,S35,2020,1,3,0.0,,,,,
Old Toh Tuck Road,S35,2020,1,4,2.0,,,,,
Old Toh Tuck Road,S35,2020,1,5,0.0,,,,,
Old Toh Tuck Road,S35,2020,1,6,3.2,,,,,
Old Toh Tuck Road,S35,2020,1,7,2.2,,,,,
Old Toh Tuck Road,S35,2020,1,8,9.4,,,,,
Old Toh Tuck Road,S35,2020,1,9,0.0,,,,,
Old Toh Tuck Road,S35,2020,1,10,2.8,,,,,
Old Toh Tuck Road,S35,2020,1,11,0.0,,,,,
Old Toh Tuck Road,S35,2020,1,12,9.8,,,,,
Old Toh Tuck Road,S35,2020,1,13,0.0,,,,,
Old Toh Tuck Road,S35,2020,1,14,0.0,,,,,
Old Toh Tuck Road,S35,2020,1,15,0.6,,,,,
Old Toh Tuck Road,S35,2020,1,16,13.2,,,,,
Old Toh Tuck Road,S35,2020,1,17,0.0,,,,,
Old Toh Tuck Road,S35,2020,1,18,8.6,,,,,
Old Toh Tuck Road,S35,2020,1,19,0.0,,,,,
Old Toh Tuck Road,S35,2020,1,20,0.0,,,,,
Old Toh Tuck Road,S35,2020,1,21,3.0,,,,,
Old Toh Tuck Road,S35,2020,1,22,0.0,,,,,
Old Toh Tuck Road,S35,2020,1,23,0.0,,,,,
Old Toh Tuck Road,S35,2020,1,24,0.0,,,,,
Old Toh Tuck Road,S35,2020,1,25,0.0,,,,,
Old Toh Tuck Road,S35,2020,1,26,0.0,,,,,
Old Toh Tuck Road,S35,2020,1,27,15.4,,,,,
Old Toh Tuck Road,S35,2020,1,28,0.8,,,,,
Old Toh Tuck Road,S35,2020,1,29,58.4,,,,,
Old Toh Tuck Road,S35,2020,1,30,0.2,,,,,
Old Toh Tuck Road,S35,2020,1,31,0.0,,,,,
Old Toh Tuck Road,S35,2020,2,1,0.0,,,,,
Old Toh Tuck Road,S35,2020,2,2,0.6,,,,,
Old Toh Tuck Road,S35,2020,2,3,0.0,,,,,
Old Toh Tuck Road,S35,2020,2,4,0.0,,,,,
Old Toh Tuck Road,S35,2020,2,5,0.0,,,,,
Old Toh Tuck Road,S35,2020,2,6,0.0,,,,,
Old Toh Tuck Road,S35,2020,2,7,0.0,,,,,
Old Toh Tuck Road,S35,2020,2,8,0.0,,,,,
Old Toh Tuck Road,S35,2020,2,9,17.0,,,,,
Old Toh Tuck Road,S35,2020,2,10,27.6,,,,,
Old Toh Tuck Road,S35,2020,2,11,22.0,,,,,
Old Toh Tuck Road,S35,2020,2,12,0.0,,,,,
Old Toh Tuck Road,S35,2020,2,13,0.0,,,,,
Old Toh Tuck Road,S35,2020,2,14,0.0,,,,,
Old Toh Tuck Road,S35,2020,2,15,0.0,,,,,
Old Toh Tuck Road,S35,2020,2,16,0.2,,,,,
Old Toh Tuck Road,S35,2020,2,17,0.0,,,,,
Old Toh Tuck Road,S35,2020,2,18,1.4,,,,,
Old Toh Tuck Road,S35,2020,2,19,0.2,,,,,
Old Toh Tuck Road,S35,2020,2,20,0.0,,,,,
Old Toh Tuck Road,S35,2020,2,21,5.8,,,,,
Old Toh Tuck Road,S35,2020,2,22,0.4,,,,,
Old Toh Tuck Road,S35,2020,2,23,0.0,,,,,
Old Toh Tuck Road,S35,2020,2,24,1.2,,,,,
Old Toh Tuck Road,S35,2020,2,25,0.0,,,,,
Old Toh Tuck Road,S35,2020,2,26,0.0,,,,,
Old Toh Tuck Road,S35,2020,2,27,0.0,,,,,
Old Toh Tuck Road,S35,2020,2,28,0.0,,,,,
Old Toh Tuck Road,S35,2020,2,29,0.0,,,,,
Old Toh Tuck Road,S35,2020,3,1,0.0,,,,,
Old Toh Tuck Road,S35,2020,3,2,0.0,,,,,
Old Toh Tuck Road,S35,2020,3,3,0.0,,,,,
Old Toh Tuck Road,S35,2020,3,4,38.6,,,,,
Old Toh Tuck Road,S35,2020,3,5,42.6,,,,,
Old Toh Tuck Road,S35,2020,3,6,0.0,,,,,
Old Toh Tuck Road,S35,2020,3,7,31.2,,,,,
Old Toh Tuck Road,S35,2020,3,8,14.2,,,,,
Old Toh Tuck Road,S35,2020,3,9,0.0,,,,,
Old Toh Tuck Road,S35,2020,3,10,0.0,,,,,
Old Toh Tuck Road,S35,2020,3,11,0.2,,,,,
Old Toh Tuck Road,S35,2020,3,12,0.0,,,,,
Old Toh Tuck Road,S35,2020,3,13,0.0,,,,,
Old Toh Tuck Road,S35,2020,3,14,0.0,,,,,
Old Toh Tuck Road,S35,2020,3,15,0.0,,,,,
Old Toh Tuck Road,S35,2020,3,16,0.2,,,,,
Old Toh Tuck Road,S35,2020,3,17,0.0,,,,,
Old Toh Tuck Road,S35,2020,3,18,0.2,,,,,
Old Toh Tuck Road,S35,2020,3,19,0.0,,,,,
Old Toh Tuck Road,S35,2020,3,20,4.8,,,,,
Old Toh Tuck Road,S35,2020,3,21,7.6,,,,,
Old Toh Tuck Road,S35,2020,3,22,10.4,,,,,
Old Toh Tuck Road,S35,2020,3,23,4.8,,,,,
Old Toh Tuck Road,S35,2020,3,24,0.0,,,,,
Old Toh Tuck Road,S35,2020,3,25,23.0,,,,,
Old Toh Tuck Road,S35,2020,3,26,3.6,,,,,
Old Toh Tuck Road,S35,2020,3,27,13.6,,,,,
Old Toh Tuck Road,S35,2020,3,28,1.6,,,,,
Old Toh Tuck Road,S35,2020,3,29,0.0,,,,,
Old Toh Tuck Road,S35,2020,3,30,0.0,,,,,
Old Toh Tuck Road,S35,2020,3,31,0.0,,,,,
Old Toh Tuck Road,S35,2020,4,1,6.8,,,,,
Old Toh Tuck Road,S35,2020,4,2,37.8,,,,,
Old Toh Tuck Road,S35,2020,4,3,14.4,,,,,
Old Toh Tuck Road,S35,2020,4,4,0.0,,,,,
Old Toh Tuck Road,S35,2020,4,5,13.4,,,,,
Old Toh Tuck Road,S35,2020,4,6,0.8,,,,,
Old Toh Tuck Road,S35,2020,4,7,80.2,,,,,
Old Toh Tuck Road,S35,2020,4,8,0.0,,,,,
Old Toh Tuck Road,S35,2020,4,9,0.0,,,,,
Old Toh Tuck Road,S35,2020,4,10,0.0,,,,,
Old Toh Tuck Road,S35,2020,4,11,0.0,,,,,
Old Toh Tuck Road,S35,2020,4,12,26.8,,,,,
Old Toh Tuck Road,S35,2020,4,13,17.0,,,,,
Old Toh Tuck Road,S35,2020,4,14,0.0,,,,,
Old Toh Tuck Road,S35,2020,4,15,0.2,,,,,
Old Toh Tuck Road,S35,2020,4,16,0.0,,,,,
Old Toh Tuck Road,S35,2020,4,17,0.0,,,,,
Old Toh Tuck Road,S35,2020,4,18,0.0,,,,,
Old Toh Tuck Road,S35,2020,4,19,0.0,,,,,
Old Toh Tuck Road,S35,2020,4,20,0.0,,,,,
Old Toh Tuck Road,S35,2020,4,21,5.0,,,,,
Old Toh Tuck Road,S35,2020,4,22,0.4,,,,,
Old Toh Tuck Road,S35,2020,4,23,4.4,,,,,
Old Toh Tuck Road,S35,2020,4,24,18.4,,,,,
Old Toh Tuck Road,S35,2020,4,25,0.4,,,,,
Old Toh Tuck Road,S35,2020,4,26,6.0,,,,,
Old Toh Tuck Road,S35,2020,4,27,3.2,,,,,
Old Toh Tuck Road,S35,2020,4,28,0.0,,,,,
Old Toh Tuck Road,S35,2020,4,29,24.6,,,,,
Old Toh Tuck Road,S35,2020,4,30,19.6,,,,,
Old Toh Tuck Road,S35,2020,5,1,19.4,,,,,
Old Toh Tuck Road,S35,2020,5,2,0.0,,,,,
Old Toh Tuck Road,S35,2020,5,3,9.6,,,,,
Old Toh Tuck Road,S35,2020,5,4,6.4,,,,,
Old Toh Tuck Road,S35,2020,5,5,0.0,,,,,
Old Toh Tuck Road,S35,2020,5,6,2.8,,,,,
Old Toh Tuck Road,S35,2020,5,7,0.0,,,,,
Old Toh Tuck Road,S35,2020,5,8,38.2,,,,,
Old Toh Tuck Road,S35,2020,5,9,0.0,,,,,
Old Toh Tuck Road,S35,2020,5,10,0.2,,,,,
Old Toh Tuck Road,S35,2020,5,11,1.4,,,,,
Old Toh Tuck Road,S35,2020,5,12,0.0,,,,,
Old Toh Tuck Road,S35,2020,5,13,16.2,,,,,
Old Toh Tuck Road,S35,2020,5,14,0.0,,,,,
Old Toh Tuck Road,S35,2020,5,15,0.0,,,,,
Old Toh Tuck Road,S35,2020,5,16,0.0,,,,,
Old Toh Tuck Road,S35,2020,5,17,67.2,,,,,
Old Toh Tuck Road,S35,2020,5,18,0.6,,,,,
Old Toh Tuck Road,S35,2020,5,19,0.0,,,,,
Old Toh Tuck Road,S35,2020,5,20,,,,,,
Old Toh Tuck Road,S35,2020,5,21,,,,,,
Old Toh Tuck Road,S35,2020,5,22,,,,,,
Old Toh Tuck Road,S35,2020,5,23,,,,,,
Old Toh Tuck Road,S35,2020,5,24,,,,,,
Old Toh Tuck Road,S35,2020,5,25,,,,,,
Old Toh Tuck Road,S35,2020,5,26,,,,,,
Old Toh Tuck Road,S35,2020,5,27,,,,,,
Old Toh Tuck Road,S35,2020,5,28,2.0,,,,,
Old Toh Tuck Road,S35,2020,5,29,0.0,,,,,
Old Toh Tuck Road,S35,2020,5,30,0.0,,,,,
Old Toh Tuck Road,S35,2020,5,31,0.0,,,,,
Old Toh Tuck Road,S35,2020,6,1,1.6,,,,,
Old Toh Tuck Road,S35,2020,6,2,0.0,,,,,
Old Toh Tuck Road,S35,2020,6,3,0.0,,,,,
Old Toh Tuck Road,S35,2020,6,4,17.6,,,,,
Old Toh Tuck Road,S35,2020,6,5,1.0,,,,,
Old Toh Tuck Road,S35,2020,6,6,5.8,,,,,
Old Toh Tuck Road,S35,2020,6,7,0.0,,,,,
Old Toh Tuck Road,S35,2020,6,8,0.0,,,,,
Old Toh Tuck Road,S35,2020,6,9,0.0,,,,,
Old Toh Tuck Road,S35,2020,6,10,10.4,,,,,
Old Toh Tuck Road,S35,2020,6,11,0.0,,,,,
Old Toh Tuck Road,S35,2020,6,12,1.8,,,,,
Old Toh Tuck Road,S35,2020,6,13,27.2,,,,,
Old Toh Tuck Road,S35,2020,6,14,0.6,,,,,
Old Toh Tuck Road,S35,2020,6,15,0.2,,,,,
Old Toh Tuck Road,S35,2020,6,16,22.8,,,,,
Old Toh Tuck Road,S35,2020,6,17,12.4,,,,,
Old Toh Tuck Road,S35,2020,6,18,0.4,,,,,
Old Toh Tuck Road,S35,2020,6,19,2.2,,,,,
Old Toh Tuck Road,S35,2020,6,20,34.6,,,,,
Old Toh Tuck Road,S35,2020,6,21,,,,,,
Old Toh Tuck Road,S35,2020,6,22,1.8,,,,,
Old Toh Tuck Road,S35,2020,6,23,,,,,,
Old Toh Tuck Road,S35,2020,6,24,,,,,,
Old Toh Tuck Road,S35,2020,6,25,0.2,,,,,
Old Toh Tuck Road,S35,2020,6,26,0.0,,,,,
Old Toh Tuck Road,S35,2020,6,27,0.0,,,,,
Old Toh Tuck Road,S35,2020,6,28,2.4,,,,,
Old Toh Tuck Road,S35,2020,6,29,0.0,,,,,
Old Toh Tuck Road,S35,2020,6,30,0.0,,,,,
Old Toh Tuck Road,S35,2020,7,1,0.0,,,,,
Old Toh Tuck Road,S35,2020,7,2,0.0,,,,,
Old Toh Tuck Road,S35,2020,7,3,0.0,,,,,
Old Toh Tuck Road,S35,2020,7,4,5.2,,,,,
Old Toh Tuck Road,S35,2020,7,5,5.8,,,,,
Old Toh Tuck Road,S35,2020,7,6,4.8,,,,,
Old Toh Tuck Road,S35,2020,7,7,5.6,,,,,
Old Toh Tuck Road,S35,2020,7,8,3.4,,,,,
Old Toh Tuck Road,S35,2020,7,9,24.0,,,,,
Old Toh Tuck Road,S35,2020,7,10,0.0,,,,,
Old Toh Tuck Road,S35,2020,7,11,6.0,,,,,
Old Toh Tuck Road,S35,2020,7,12,9.2,,,,,
Old Toh Tuck Road,S35,2020,7,13,43.4,,,,,
Old Toh Tuck Road,S35,2020,7,14,0.0,,,,,
Old Toh Tuck Road,S35,2020,7,15,0.0,,,,,
Old Toh Tuck Road,S35,2020,7,16,1.4,,,,,
Old Toh Tuck Road,S35,2020,7,17,0.0,,,,,
Old Toh Tuck Road,S35,2020,7,18,0.0,,,,,
Old Toh Tuck Road,S35,2020,7,19,0.0,,,,,
Old Toh Tuck Road,S35,2020,7,20,0.0,,,,,
Old Toh Tuck Road,S35,2020,7,21,0.0,,,,,
Old Toh Tuck Road,S35,2020,7,22,7.6,,,,,
Old Toh Tuck Road,S35,2020,7,23,3.0,,,,,
Old Toh Tuck Road,S35,2020,7,24,1.2,,,,,
Old Toh Tuck Road,S35,2020,7,25,16.0,,,,,
Old Toh Tuck Road,S35,2020,7,26,2.4,,,,,
Old Toh Tuck Road,S35,2020,7,27,17.8,,,,,
Old Toh Tuck Road,S35,2020,7,28,0.2,,,,,
Old Toh Tuck Road,S35,2020,7,29,14.8,,,,,
Old Toh Tuck Road,S35,2020,7,30,0.0,,,,,
Old Toh Tuck Road,S35,2020,7,31,6.8,,,,,
Old Toh Tuck Road,S35,2020,8,1,14.6,,,,,
Old Toh Tuck Road,S35,2020,8,2,0.2,,,,,
Old Toh Tuck Road,S35,2020,8,3,0.0,,,,,
Old Toh Tuck Road,S35,2020,8,4,1.6,,,,,
Old Toh Tuck Road,S35,2020,8,5,0.0,,,,,
Old Toh Tuck Road,S35,2020,8,6,0.0,,,,,
Old Toh Tuck Road,S35,2020,8,7,0.0,,,,,
Old Toh Tuck Road,S35,2020,8,8,0.0,,,,,
Old Toh Tuck Road,S35,2020,8,9,0.0,,,,,
Old Toh Tuck Road,S35,2020,8,10,0.0,,,,,
Old Toh Tuck Road,S35,2020,8,11,0.0,,,,,
Old Toh Tuck Road,S35,2020,8,12,6.0,,,,,
Old Toh Tuck Road,S35,2020,8,13,34.6,,,,,
Old Toh Tuck Road,S35,2020,8,14,75.6,,,,,
Old Toh Tuck Road,S35,2020,8,15,11.6,,,,,
Old Toh Tuck Road,S35,2020,8,16,0.2,,,,,
Old Toh Tuck Road,S35,2020,8,17,15.0,,,,,
Old Toh Tuck Road,S35,2020,8,18,0.0,,,,,
Old Toh Tuck Road,S35,2020,8,19,0.0,,,,,
Old Toh Tuck Road,S35,2020,8,20,0.2,,,,,
Old Toh Tuck Road,S35,2020,8,21,0.0,,,,,
Old Toh Tuck Road,S35,2020,8,22,37.4,,,,,
Old Toh Tuck Road,S35,2020,8,23,10.6,,,,,
Old Toh Tuck Road,S35,2020,8,24,0.0,,,,,
Old Toh Tuck Road,S35,2020,8,25,0.0,,,,,
Old Toh Tuck Road,S35,2020,8,26,13.4,,,,,
Old Toh Tuck Road,S35,2020,8,27,0.0,,,,,
Old Toh Tuck Road,S35,2020,8,28,2.0,,,,,
Old Toh Tuck Road,S35,2020,8,29,4.0,,,,,
Old Toh Tuck Road,S35,2020,8,30,0.0,,,,,
Old Toh Tuck Road,S35,2020,8,31,0.0,,,,,
Old Toh Tuck Road,S35,2020,9,1,7.2,,,,,
Old Toh Tuck Road,S35,2020,9,2,14.2,,,,,
Old Toh Tuck Road,S35,2020,9,3,11.4,,,,,
Old Toh Tuck Road,S35,2020,9,4,3.2,,,,,
Old Toh Tuck Road,S35,2020,9,5,,,,,,
Old Toh Tuck Road,S35,2020,9,6,11.0,,,,,
Old Toh Tuck Road,S35,2020,9,7,1.2,,,,,
Old Toh Tuck Road,S35,2020,9,8,0.2,,,,,
Old Toh Tuck Road,S35,2020,9,9,3.2,,,,,
Old Toh Tuck Road,S35,2020,9,10,36.6,,,,,
Old Toh Tuck Road,S35,2020,9,11,33.2,,,,,
Old Toh Tuck Road,S35,2020,9,12,47.6,,,,,
Old Toh Tuck Road,S35,2020,9,13,,,,,,
Old Toh Tuck Road,S35,2020,9,14,16.4,,,,,
Old Toh Tuck Road,S35,2020,9,15,0.0,,,,,
Old Toh Tuck Road,S35,2020,9,16,15.4,,,,,
Old Toh Tuck Road,S35,2020,9,17,0.0,,,,,
Old Toh Tuck Road,S35,2020,9,18,0.0,,,,,
Old Toh Tuck Road,S35,2020,9,19,10.8,,,,,
Old Toh Tuck Road,S35,2020,9,20,0.4,,,,,
Old Toh Tuck Road,S35,2020,9,21,3.4,,,,,
Old Toh Tuck Road,S35,2020,9,22,0.0,,,,,
Old Toh Tuck Road,S35,2020,9,23,0.0,,,,,
Old Toh Tuck Road,S35,2020,9,24,2.6,,,,,
Old Toh Tuck Road,S35,2020,9,25,42.4,,,,,
Old Toh Tuck Road,S35,2020,9,26,48.4,,,,,
Old Toh Tuck Road,S35,2020,9,27,9.0,,,,,
Old Toh Tuck Road,S35,2020,9,28,0.0,,,,,
Old Toh Tuck Road,S35,2020,9,29,19.0,,,,,
Old Toh Tuck Road,S35,2020,9,30,4.8,,,,,
Old Toh Tuck Road,S35,2020,10,1,27.0,,,,,
Old Toh Tuck Road,S35,2020,10,2,37.6,,,,,
Old Toh Tuck Road,S35,2020,10,3,8.2,,,,,
Old Toh Tuck Road,S35,2020,10,4,0.0,,,,,
Old Toh Tuck Road,S35,2020,10,5,0.0,,,,,
Old Toh Tuck Road,S35,2020,10,6,0.0,,,,,
Old Toh Tuck Road,S35,2020,10,7,7.6,,,,,
Old Toh Tuck Road,S35,2020,10,8,22.0,,,,,
Old Toh Tuck Road,S35,2020,10,9,0.0,,,,,
Old Toh Tuck Road,S35,2020,10,10,7.4,,,,,
Old Toh Tuck Road,S35,2020,10,11,10.4,,,,,
Old Toh Tuck Road,S35,2020,10,12,0.0,,,,,
Old Toh Tuck Road,S35,2020,10,13,0.0,,,,,
Old Toh Tuck Road,S35,2020,10,14,5.8,,,,,
Old Toh Tuck Road,S35,2020,10,15,0.2,,,,,
Old Toh Tuck Road,S35,2020,10,16,0.0,,,,,
Old Toh Tuck Road,S35,2020,10,17,0.0,,,,,
Old Toh Tuck Road,S35,2020,10,18,0.2,,,,,
Old Toh Tuck Road,S35,2020,10,19,0.0,,,,,
Old Toh Tuck Road,S35,2020,10,20,4.2,,,,,
Old Toh Tuck Road,S35,2020,10,21,1.4,,,,,
Old Toh Tuck Road,S35,2020,10,22,22.8,,,,,
Old Toh Tuck Road,S35,2020,10,23,0.0,,,,,
Old Toh Tuck Road,S35,2020,10,24,0.4,,,,,
Old Toh Tuck Road,S35,2020,10,25,14.6,,,,,
Old Toh Tuck Road,S35,2020,10,26,4.6,,,,,
Old Toh Tuck Road,S35,2020,10,27,0.0,,,,,
Old Toh Tuck Road,S35,2020,10,28,1.4,,,,,
Old Toh Tuck Road,S35,2020,10,29,0.0,,,,,
Old Toh Tuck Road,S35,2020,10,30,0.0,,,,,
Old Toh Tuck Road,S35,2020,10,31,31.4,,,,,
Old Toh Tuck Road,S35,2020,11,1,0.0,,,,,
Old Toh Tuck Road,S35,2020,11,2,2.4,,,,,
Old Toh Tuck Road,S35,2020,11,3,0.2,,,,,
Old Toh Tuck Road,S35,2020,11,4,47.6,,,,,
Old Toh Tuck Road,S35,2020,11,5,0.0,,,,,
Old Toh Tuck Road,S35,2020,11,6,0.0,,,,,
Old Toh Tuck Road,S35,2020,11,7,22.4,,,,,
Old Toh Tuck Road,S35,2020,11,8,7.2,,,,,
Old Toh Tuck Road,S35,2020,11,9,0.0,,,,,
Old Toh Tuck Road,S35,2020,11,10,4.6,,,,,
Old Toh Tuck Road,S35,2020,11,11,0.0,,,,,
Old Toh Tuck Road,S35,2020,11,12,0.0,,,,,
Old Toh Tuck Road,S35,2020,11,13,0.0,,,,,
Old Toh Tuck Road,S35,2020,11,14,5.4,,,,,
Old Toh Tuck Road,S35,2020,11,15,46.2,,,,,
Old Toh Tuck Road,S35,2020,11,16,7.6,,,,,
Old Toh Tuck Road,S35,2020,11,17,24.8,,,,,
Old Toh Tuck Road,S35,2020,11,18,0.0,,,,,
Old Toh Tuck Road,S35,2020,11,19,8.2,,,,,
Old Toh Tuck Road,S35,2020,11,20,24.8,,,,,
Old Toh Tuck Road,S35,2020,11,21,15.6,,,,,
Old Toh Tuck Road,S35,2020,11,22,43.0,,,,,
Old Toh Tuck Road,S35,2020,11,23,37.5,,,,,
Old Toh Tuck Road,S35,2020,11,24,0.5,,,,,
Old Toh Tuck Road,S35,2020,11,25,11.0,,,,,
Old Toh Tuck Road,S35,2020,11,26,2.5,,,,,
Old Toh Tuck Road,S35,2020,11,27,,,,,,
Old Toh Tuck Road,S35,2020,11,28,2.5,,,,,
Old Toh Tuck Road,S35,2020,11,29,0.0,,,,,
Old Toh Tuck Road,S35,2020,11,30,0.8,,,,,
