station,station_id,year,month,day,rainfall_mm,temp_mean_c,temp_max_c,temp_min_c,wind_mean_kmh,wind_max_kmh
Mandai Lake Road,S40,2013,2,1,0.0,,,,,
Mandai Lake Road,S40,2013,2,2,0.0,,,,,
Mandai Lake Road,S40,2013,2,3,34.6,,,,,
Mandai Lake Road,S40,2013,2,4,1.2,,,,,
Mandai Lake Road,S40,2013,2,5,26.6,,,,,
Mandai Lake Road,S40,2013,2,6,17.4,,,,,
Mandai Lake Road,S40,2013,2,7,1.8,,,,,
Mandai Lake Road,S40,2013,2,8,29.4,,,,,
Mandai Lake Road,S40,2013,2,9,95.2,,,,,
Mandai Lake Road,S40,2013,2,10,52.8,,,,,
Mandai Lake Road,S40,2013,2,11,1.6,,,,,
Mandai Lake Road,S40,2013,2,12,20.4,,,,,
Mandai Lake Road,S40,2013,2,13,4.2,,,,,
Mandai Lake Road,S40,2013,2,14,48.0,,,,,
Mandai Lake Road,S40,2013,2,15,12.6,,,,,
Mandai Lake Road,S40,2013,2,16,4.4,,,,,
Mandai Lake Road,S40,2013,2,17,6.4,,,,,
Mandai Lake Road,S40,2013,2,18,10.6,,,,,
Mandai Lake Road,S40,2013,2,19,1.4,,,,,
Mandai Lake Road,S40,2013,2,20,0.0,,,,,
Mandai Lake Road,S40,2013,2,21,0.2,,,,,
Mandai Lake Road,S40,2013,2,22,0.0,,,,,
Mandai Lake Road,S40,2013,2,23,0.0,,,,,
Mandai Lake Road,S40,2013,2,24,0.0,,,,,
Mandai Lake Road,S40,2013,2,25,47.6,,,,,
Mandai Lake Road,S40,2013,2,26,92.8,,,,,
Mandai Lake Road,S40,2013,2,27,5.0,,,,,
Mandai Lake Road,S40,2013,2,28,1.0,,,,,
Mandai Lake Road,S40,2013,3,1,0.0,,,,,
Mandai Lake Road,S40,2013,3,2,54.8,,,,,
Mandai Lake Road,S40,2013,3,3,0.0,,,,,
Mandai Lake Road,S40,2013,3,4,0.0,,,,,
Mandai Lake Road,S40,2013,3,5,0.0,,,,,
Mandai Lake Road,S40,2013,3,6,0.0,,,,,
Mandai Lake Road,S40,2013,3,7,0.0,,,,,
Mandai Lake Road,S40,2013,3,8,0.0,,,,,
Mandai Lake Road,S40,2013,3,9,8.4,,,,,
Mandai Lake Road,S40,2013,3,10,55.0,,,,,
Mandai Lake Road,S40,2013,3,11,0.0,,,,,
Mandai Lake Road,S40,2013,3,12,0.0,,,,,
Mandai Lake Road,S40,2013,3,13,14.0,,,,,
Mandai Lake Road,S40,2013,3,14,7.4,,,,,
Mandai Lake Road,S40,2013,3,15,0.0,,,,,
Mandai Lake Road,S40,2013,3,16,0.0,,,,,
Mandai Lake Road,S40,2013,3,17,19.0,,,,,
Mandai Lake Road,S40,2013,3,18,0.0,,,,,
Mandai Lake Road,S40,2013,3,19,0.0,,,,,
Mandai Lake Road,S40,2013,3,20,0.0,,,,,
Mandai Lake Road,S40,2013,3,21,0.0,,,,,
Mandai Lake Road,S40,2013,3,22,39.8,,,,,
Mandai Lake Road,S40,2013,3,23,0.0,,,,,
Mandai Lake Road,S40,2013,3,24,40.8,,,,,
Mandai Lake Road,S40,2013,3,25,0.0,,,,,
Mandai Lake Road,S40,2013,3,26,17.4,,,,,
Mandai Lake Road,S40,2013,3,27,0.0,,,,,
Mandai Lake Road,S40,2013,3,28,10.6,,,,,
Mandai Lake Road,S40,2013,3,29,15.4,,,,,
Mandai Lake Road,S40,2013,3,30,35.0,,,,,
Mandai Lake Road,S40,2013,3,31,8.6,,,,,
Mandai Lake Road,S40,2013,4,1,7.0,,,,,
Mandai Lake Road,S40,2013,4,2,2.4,,,,,
Mandai Lake Road,S40,2013,4,3,1.4,,,,,
Mandai Lake Road,S40,2013,4,4,5.4,,,,,
Mandai Lake Road,S40,2013,4,5,0.0,,,,,
Mandai Lake Road,S40,2013,4,6,0.8,,,,,
Mandai Lake Road,S40,2013,4,7,0.0,,,,,
Mandai Lake Road,S40,2013,4,8,0.0,,,,,
Mandai Lake Road,S40,2013,4,9,1.2,,,,,
Mandai Lake Road,S40,2013,4,10,0.0,,,,,
Mandai Lake Road,S40,2013,4,11,0.0,,,,,
Mandai Lake Road,S40,2013,4,12,0.0,,,,,
Mandai Lake Road,S40,2013,4,13,0.6,,,,,
Mandai Lake Road,S40,2013,4,14,15.0,,,,,
Mandai Lake Road,S40,2013,4,15,0.0,,,,,
Mandai Lake Road,S40,2013,4,16,0.0,,,,,
Mandai Lake Road,S40,2013,4,17,13.6,,,,,
Mandai Lake Road,S40,2013,4,18,0.0,,,,,
Mandai Lake Road,S40,2013,4,19,2.2,,,,,
Mandai Lake Road,S40,2013,4,20,0.0,,,,,
Mandai Lake Road,S40,2013,4,21,27.8,,,,,
Mandai Lake Road,S40,2013,4,22,22.2,,,,,
Mandai Lake Road,S40,2013,4,23,2.4,,,,,
Mandai Lake Road,S40,2013,4,24,14.8,,,,,
Mandai Lake Road,S40,2013,4,25,6.0,,,,,
Mandai Lake Road,S40,2013,4,26,51.2,,,,,
Mandai Lake Road,S40,2013,4,27,0.4,,,,,
Mandai Lake Road,S40,2013,4,28,13.8,,,,,
Mandai Lake Road,S40,2013,4,29,0.2,,,,,
Mandai Lake Road,S40,2013,4,30,0.0,,,,,
Mandai Lake Road,S40,2013,5,1,15.2,,,,,
Mandai Lake Road,S40,2013,5,2,2.4,,,,,
Mandai Lake Road,S40,2013,5,3,0.4,,,,,
Mandai Lake Road,S40,2013,5,4,0.6,,,,,
Mandai Lake Road,S40,2013,5,5,28.8,,,,,
Mandai Lake Road,S40,2013,5,6,20.0,,,,,
Mandai Lake Road,S40,2013,5,7,41.2,,,,,
Mandai Lake Road,S40,2013,5,8,23.4,,,,,
Mandai Lake Road,S40,2013,5,9,0.4,,,,,
Mandai Lake Road,S40,2013,5,10,9.8,,,,,
Mandai Lake Road,S40,2013,5,11,0.0,,,,,
Mandai Lake Road,S40,2013,5,12,0.2,,,,,
Mandai Lake Road,S40,2013,5,13,0.0,,,,,
Mandai Lake Road,S40,2013,5,14,19.8,,,,,
Mandai Lake Road,S40,2013,5,15,4.2,,,,,
Mandai Lake Road,S40,2013,5,16,36.8,,,,,
Mandai Lake Road,S40,2013,5,17,0.0,,,,,
Mandai Lake Road,S40,2013,5,18,0.0,,,,,
Mandai Lake Road,S40,2013,5,19,0.0,,,,,
Mandai Lake Road,S40,2013,5,20,0.0,,,,,
Mandai Lake Road,S40,2013,5,21,29.4,,,,,
Mandai Lake Road,S40,2013,5,22,0.6,,,,,
Mandai Lake Road,S40,2013,5,23,0.8,,,,,
Mandai Lake Road,S40,2013,5,24,10.2,,,,,
Mandai Lake Road,S40,2013,5,25,0.4,,,,,
Mandai Lake Road,S40,2013,5,26,0.4,,,,,
Mandai Lake Road,S40,2013,5,27,0.0,,,,,
Mandai Lake Road,S40,2013,5,28,0.0,,,,,
Mandai Lake Road,S40,2013,5,29,0.6,,,,,
Mandai Lake Road,S40,2013,5,30,0.0,,,,,
Mandai Lake Road,S40,2013,5,31,41.0,,,,,
Mandai Lake Road,S40,2013,6,1,0.4,,,,,
Mandai Lake Road,S40,2013,6,2,9.0,,,,,
Mandai Lake Road,S40,2013,6,3,0.2,,,,,
Mandai Lake Road,S40,2013,6,4,0.2,,,,,
Mandai Lake Road,S40,2013,6,5,30.2,,,,,
Mandai Lake Road,S40,2013,6,6,5.8,,,,,
Mandai Lake Road,S40,2013,6,7,43.2,,,,,
Mandai Lake Road,S40,2013,6,8,0.2,,,,,
Mandai Lake Road,S40,2013,6,9,0.0,,,,,
Mandai Lake Road,S40,2013,6,10,0.0,,,,,
Mandai Lake Road,S40,2013,6,11,0.2,,,,,
Mandai Lake Road,S40,2013,6,12,0.0,,,,,
Mandai Lake Road,S40,2013,6,13,0.0,,,,,
Mandai Lake Road,S40,2013,6,14,0.0,,,,,
Mandai Lake Road,S40,2013,6,15,0.0,,,,,
Mandai Lake Road,S40,2013,6,16,0.2,,,,,
Mandai Lake Road,S40,2013,6,17,0.2,,,,,
Mandai Lake Road,S40,2013,6,18,0.0,,,,,
Mandai Lake Road,S40,2013,6,19,0.0,,,,,
Mandai Lake Road,S40,2013,6,20,0.0,,,,,
Mandai Lake Road,S40,2013,6,21,0.0,,,,,
Mandai Lake Road,S40,2013,6,22,0.0,,,,,
Mandai Lake Road,S40,2013,6,23,0.0,,,,,
Mandai Lake Road,S40,2013,6,24,0.0,,,,,
Mandai Lake Road,S40,2013,6,25,0.8,,,,,
Mandai Lake Road,S40,2013,6,26,2.8,,,,,
Mandai Lake Road,S40,2013,6,27,0.0,,,,,
Mandai Lake Road,S40,2013,6,28,0.8,,,,,
Mandai Lake Road,S40,2013,6,29,0.0,,,,,
Mandai Lake Road,S40,2013,6,30,0.6,,,,,
Mandai Lake Road,S40,2013,7,1,0.0,,,,,
Mandai Lake Road,S40,2013,7,2,3.0,,,,,
Mandai Lake Road,S40,2013,7,3,0.0,,,,,
Mandai Lake Road,S40,2013,7,4,1.0,,,,,
Mandai Lake Road,S40,2013,7,5,0.0,,,,,
Mandai Lake Road,S40,2013,7,6,0.0,,,,,
Mandai Lake Road,S40,2013,7,7,0.0,,,,,
Mandai Lake Road,S40,2013,7,8,9.2,,,,,
Mandai Lake Road,S40,2013,7,9,3.0,,,,,
Mandai Lake Road,S40,2013,7,10,0.0,,,,,
Mandai Lake Road,S40,2013,7,11,30.0,,,,,
Mandai Lake Road,S40,2013,7,12,0.0,,,,,
Mandai Lake Road,S40,2013,7,13,0.0,,,,,
Mandai Lake Road,S40,2013,7,14,1.4,,,,,
Mandai Lake Road,S40,2013,7,15,0.6,,,,,
Mandai Lake Road,S40,2013,7,16,1.6,,,,,
Mandai Lake Road,S40,2013,7,17,0.2,,,,,
Mandai Lake Road,S40,2013,7,18,0.4,,,,,
Mandai Lake Road,S40,2013,7,19,0.2,,,,,
Mandai Lake Road,S40,2013,7,20,0.0,,,,,
Mandai Lake Road,S40,2013,7,21,0.0,,,,,
Mandai Lake Road,S40,2013,7,22,0.0,,,,,
Mandai Lake Road,S40,2013,7,23,0.0,,,,,
Mandai Lake Road,S40,2013,7,24,0.0,,,,,
Mandai Lake Road,S40,2013,7,25,0.0,,,,,
Mandai Lake Road,S40,2013,7,26,3.6,,,,,
Mandai Lake Road,S40,2013,7,27,0.6,,,,,
Mandai Lake Road,S40,2013,7,28,0.0,,,,,
Mandai Lake Road,S40,2013,7,29,5.6,,,,,
Mandai Lake Road,S40,2013,7,30,0.0,,,,,
Mandai Lake Road,S40,2013,7,31,0.0,,,,,
Mandai Lake Road,S40,2013,8,1,4.8,,,,,
Mandai Lake Road,S40,2013,8,2,4.8,,,,,
Mandai Lake Road,S40,2013,8,3,0.0,,,,,
Mandai Lake Road,S40,2013,8,4,8.4,,,,,
Mandai Lake Road,S40,2013,8,5,15.8,,,,,
Mandai Lake Road,S40,2013,8,6,0.0,,,,,
Mandai Lake Road,S40,2013,8,7,0.4,,,,,
Mandai Lake Road,S40,2013,8,8,2.0,,,,,
Mandai Lake Road,S40,2013,8,9,1.8,,,,,
Mandai Lake Road,S40,2013,8,10,0.4,,,,,
Mandai Lake Road,S40,2013,8,11,33.6,,,,,
Mandai Lake Road,S40,2013,8,12,8.0,,,,,
Mandai Lake Road,S40,2013,8,13,2.8,,,,,
Mandai Lake Road,S40,2013,8,14,8.6,,,,,
Mandai Lake Road,S40,2013,8,15,0.0,,,,,
Mandai Lake Road,S40,2013,8,16,0.0,,,,,
Mandai Lake Road,S40,2013,8,17,3.0,,,,,
Mandai Lake Road,S40,2013,8,18,7.6,,,,,
Mandai Lake Road,S40,2013,8,19,0.4,,,,,
Mandai Lake Road,S40,2013,8,20,0.2,,,,,
Mandai Lake Road,S40,2013,8,21,0.0,,,,,
Mandai Lake Road,S40,2013,8,22,11.2,,,,,
Mandai Lake Road,S40,2013,8,23,0.0,,,,,
Mandai Lake Road,S40,2013,8,24,0.0,,,,,
Mandai Lake Road,S40,2013,8,25,0.0,,,,,
Mandai Lake Road,S40,2013,8,26,40.0,,,,,
Mandai Lake Road,S40,2013,8,27,0.2,,,,,
Mandai Lake Road,S40,2013,8,28,16.2,,,,,
Mandai Lake Road,S40,2013,8,29,6.0,,,,,
Mandai Lake Road,S40,2013,8,30,0.8,,,,,
Mandai Lake Road,S40,2013,8,31,0.0,,,,,
Mandai Lake Road,S40,2013,9,1,0.0,,,,,
Mandai Lake Road,S40,2013,9,2,24.4,,,,,
Mandai Lake Road,S40,2013,9,3,17.6,,,,,
Mandai Lake Road,S40,2013,9,4,5.6,,,,,
Mandai Lake Road,S40,2013,9,5,9.8,,,,,
Mandai Lake Road,S40,2013,9,6,34.8,,,,,
Mandai Lake Road,S40,2013,9,7,25.6,,,,,
Mandai Lake Road,S40,2013,9,8,12.8,,,,,
Mandai Lake Road,S40,2013,9,9,20.0,,,,,
Mandai Lake Road,S40,2013,9,10,7.2,,,,,
Mandai Lake Road,S40,2013,9,11,8.0,,,,,
Mandai Lake Road,S40,2013,9,12,3.0,,,,,
Mandai Lake Road,S40,2013,9,13,0.0,,,,,
Mandai Lake Road,S40,2013,9,14,0.0,,,,,
Mandai Lake Road,S40,2013,9,15,20.2,,,,,
Mandai Lake Road,S40,2013,9,16,0.0,,,,,
Mandai Lake Road,S40,2013,9,17,1.2,,,,,
Mandai Lake Road,S40,2013,9,18,0.0,,,,,
Mandai Lake Road,S40,2013,9,19,0.0,,,,,
Mandai Lake Road,S40,2013,9,20,0.0,,,,,
Mandai Lake Road,S40,2013,9,21,0.0,,,,,
Mandai Lake Road,S40,2013,9,22,0.0,,,,,
Mandai Lake Road,S40,2013,9,23,0.0,,,,,
Mandai Lake Road,S40,2013,9,24,0.0,,,,,
Mandai Lake Road,S40,2013,9,25,10.6,,,,,
Mandai Lake Road,S40,2013,9,26,40.6,,,,,
Mandai Lake Road,S40,2013,9,27,0.0,,,,,
Mandai Lake Road,S40,2013,9,28,0.0,,,,,
Mandai Lake Road,S40,2013,9,29,17.4,,,,,
Mandai Lake Road,S40,2013,9,30,0.4,,,,,
Mandai Lake Road,S40,2013,10,1,0.0,,,,,
Mandai Lake Road,S40,2013,10,2,14.8,,,,,
Mandai Lake Road,S40,2013,10,3,8.2,,,,,
Mandai Lake Road,S40,2013,10,4,0.0,,,,,
Mandai Lake Road,S40,2013,10,5,0.6,,,,,
Mandai Lake Road,S40,2013,10,6,6.0,,,,,
Mandai Lake Road,S40,2013,10,7,6.6,,,,,
Mandai Lake Road,S40,2013,10,8,3.6,,,,,
Mandai Lake Road,S40,2013,10,9,16.0,,,,,
Mandai Lake Road,S40,2013,10,10,0.8,,,,,
Mandai Lake Road,S40,2013,10,11,0.4,,,,,
Mandai Lake Road,S40,2013,10,12,0.0,,,,,
Mandai Lake Road,S40,2013,10,13,2.2,,,,,
Mandai Lake Road,S40,2013,10,14,12.2,,,,,
Mandai Lake Road,S40,2013,10,15,9.0,,,,,
Mandai Lake Road,S40,2013,10,16,0.0,,,,,
Mandai Lake Road,S40,2013,10,17,0.0,,,,,
Mandai Lake Road,S40,2013,10,18,10.0,,,,,
Mandai Lake Road,S40,2013,10,19,0.0,,,,,
Mandai Lake Road,S40,2013,10,20,9.4,,,,,
Mandai Lake Road,S40,2013,10,21,0.0,,,,,
Mandai Lake Road,S40,2013,10,22,17.0,,,,,
Mandai Lake Road,S40,2013,10,23,0.0,,,,,
Mandai Lake Road,S40,2013,10,24,0.0,,,,,
Mandai Lake Road,S40,2013,10,25,0.0,,,,,
Mandai Lake Road,S40,2013,10,26,1.0,,,,,
Mandai Lake Road,S40,2013,10,27,7.2,,,,,
Mandai Lake Road,S40,2013,10,28,54.8,,,,,
Mandai Lake Road,S40,2013,10,29,2.8,,,,,
Mandai Lake Road,S40,2013,10,30,15.8,,,,,
Mandai Lake Road,S40,2013,10,31,59.0,,,,,
Mandai Lake Road,S40,2013,11,1,36.8,,,,,
Mandai Lake Road,S40,2013,11,2,8.6,,,,,
Mandai Lake Road,S40,2013,11,3,16.4,,,,,
Mandai Lake Road,S40,2013,11,4,4.8,,,,,
Mandai Lake Road,S40,2013,11,5,60.4,,,,,
Mandai Lake Road,S40,2013,11,6,4.4,,,,,
Mandai Lake Road,S40,2013,11,7,0.0,,,,,
Mandai Lake Road,S40,2013,11,8,0.0,,,,,
Mandai Lake Road,S40,2013,11,9,21.0,,,,,
Mandai Lake Road,S40,2013,11,10,1.0,,,,,
Mandai Lake Road,S40,2013,11,11,13.0,,,,,
Mandai Lake Road,S40,2013,11,12,5.8,,,,,
Mandai Lake Road,S40,2013,11,13,1.2,,,,,
Mandai Lake Road,S40,2013,11,14,20.6,,,,,
Mandai Lake Road,S40,2013,11,15,0.6,,,,,
Mandai Lake Road,S40,2013,11,16,4.0,,,,,
Mandai Lake Road,S40,2013,11,17,1.4,,,,,
Mandai Lake Road,S40,2013,11,18,1.4,,,,,
Mandai Lake Road,S40,2013,11,19,0.0,,,,,
Mandai Lake Road,S40,2013,11,20,0.8,,,,,
Mandai Lake Road,S40,2013,11,21,16.0,,,,,
Mandai Lake Road,S40,2013,11,22,1.4,,,,,
Mandai Lake Road,S40,2013,11,23,5.0,,,,,
Mandai Lake Road,S40,2013,11,24,0.0,,,,,
Mandai Lake Road,S40,2013,11,25,10.2,,,,,
Mandai Lake Road,S40,2013,11,26,3.0,,,,,
Mandai Lake Road,S40,2013,11,27,10.4,,,,,
Mandai Lake Road,S40,2013,11,28,2.0,,,,,
Mandai Lake Road,S40,2013,11,29,1.6,,,,,
Mandai Lake Road,S40,2013,11,30,28.4,,,,,
Mandai Lake Road,S40,2013,12,1,0.8,,,,,
Mandai Lake Road,S40,2013,12,2,49.2,,,,,
Mandai Lake Road,S40,2013,12,3,39.6,,,,,
Mandai Lake Road,S40,2013,12,4,28.4,,,,,
Mandai Lake Road,S40,2013,12,5,0.2,,,,,
Mandai Lake Road,S40,2013,12,6,22.4,,,,,
Mandai Lake Road,S40,2013,12,7,0.0,,,,,
Mandai Lake Road,S40,2013,12,8,21.0,,,,,
Mandai Lake Road,S40,2013,12,9,0.0,,,,,
Mandai Lake Road,S40,2013,12,10,10.4,,,,,
Mandai Lake Road,S40,2013,12,11,9.0,,,,,
Mandai Lake Road,S40,2013,12,12,8.2,,,,,
Mandai Lake Road,S40,2013,12,13,0.0,,,,,
Mandai Lake Road,S40,2013,12,14,39.6,,,,,
Mandai Lake Road,S40,2013,12,15,5.2,,,,,
Mandai Lake Road,S40,2013,12,16,0.0,,,,,
Mandai Lake Road,S40,2013,12,17,0.2,,,,,
Mandai Lake Road,S40,2013,12,18,87.8,,,,,
Mandai Lake Road,S40,2013,12,19,3.8,,,,,
Mandai Lake Road,S40,2013,12,20,12.6,,,,,
Mandai Lake Road,S40,2013,12,21,0.2,,,,,
Mandai Lake Road,S40,2013,12,22,0.0,,,,,
Mandai Lake Road,S40,2013,12,23,1.6,,,,,
Mandai Lake Road,S40,2013,12,24,0.2,,,,,
Mandai Lake Road,S40,2013,12,25,0.0,,,,,
Mandai Lake Road,S40,2013,12,26,34.0,,,,,
Mandai Lake Road,S40,2013,12,27,0.0,,,,,
Mandai Lake Road,S40,2013,12,28,0.8,,,,,
Mandai Lake Road,S40,2013,12,29,0.2,,,,,
Mandai Lake Road,S40,2013,12,30,3.4,,,,,
Mandai Lake Road,S40,2013,12,31,0.6,,,,,
Mandai Lake Road,S40,2014,1,1,0.0,,,,,
Mandai Lake Road,S40,2014,1,2,0.0,,,,,
Mandai Lake Road,S40,2014,1,3,2.2,,,,,
Mandai Lake Road,S40,2014,1,4,1.6,,,,,
Mandai Lake Road,S40,2014,1,5,3.8,,,,,
Mandai Lake Road,S40,2014,1,6,77.4,,,,,
Mandai Lake Road,S40,2014,1,7,0.0,,,,,
Mandai Lake Road,S40,2014,1,8,0.0,,,,,
Mandai Lake Road,S40,2014,1,9,0.0,,,,,
Mandai Lake Road,S40,2014,1,10,0.0,,,,,
Mandai Lake Road,S40,2014,1,11,0.0,,,,,
Mandai Lake Road,S40,2014,1,12,0.2,,,,,
Mandai Lake Road,S40,2014,1,13,0.0,,,,,
Mandai Lake Road,S40,2014,1,14,0.0,,,,,
Mandai Lake Road,S40,2014,1,15,0.0,,,,,
Mandai Lake Road,S40,2014,1,16,0.0,,,,,
Mandai Lake Road,S40,2014,1,17,0.0,,,,,
Mandai Lake Road,S40,2014,1,18,0.0,,,,,
Mandai Lake Road,S40,2014,1,19,0.0,,,,,
Mandai Lake Road,S40,2014,1,20,0.0,,,,,
Mandai Lake Road,S40,2014,1,21,0.0,,,,,
Mandai Lake Road,S40,2014,1,22,0.0,,,,,
Mandai Lake Road,S40,2014,1,23,0.0,,,,,
Mandai Lake Road,S40,2014,1,24,0.0,,,,,
Mandai Lake Road,S40,2014,1,25,0.0,,,,,
Mandai Lake Road,S40,2014,1,26,0.0,,,,,
Mandai Lake Road,S40,2014,1,27,0.0,,,,,
Mandai Lake Road,S40,2014,1,28,0.0,,,,,
Mandai Lake Road,S40,2014,1,29,0.0,,,,,
Mandai Lake Road,S40,2014,1,30,0.0,,,,,
Mandai Lake Road,S40,2014,1,31,0.0,,,,,
Mandai Lake Road,S40,2014,2,1,0.0,,,,,
Mandai Lake Road,S40,2014,2,2,0.0,,,,,
Mandai Lake Road,S40,2014,2,3,0.0,,,,,
Mandai Lake Road,S40,2014,2,4,0.0,,,,,
Mandai Lake Road,S40,2014,2,5,0.0,,,,,
Mandai Lake Road,S40,2014,2,6,0.0,,,,,
Mandai Lake Road,S40,2014,2,7,0.0,,,,,
Mandai Lake Road,S40,2014,2,8,0.0,,,,,
Mandai Lake Road,S40,2014,2,9,7.6,,,,,
Mandai Lake Road,S40,2014,2,10,0.0,,,,,
Mandai Lake Road,S40,2014,2,11,0.0,,,,,
Mandai Lake Road,S40,2014,2,12,0.0,,,,,
Mandai Lake Road,S40,2014,2,13,0.0,,,,,
Mandai Lake Road,S40,2014,2,14,0.4,,,,,
Mandai Lake Road,S40,2014,2,15,0.0,,,,,
Mandai Lake Road,S40,2014,2,16,3.8,,,,,
Mandai Lake Road,S40,2014,2,17,0.0,,,,,
Mandai Lake Road,S40,2014,2,18,0.0,,,,,
Mandai Lake Road,S40,2014,2,19,0.0,,,,,
Mandai Lake Road,S40,2014,2,20,0.0,,,,,
Mandai Lake Road,S40,2014,2,21,0.0,,,,,
Mandai Lake Road,S40,2014,2,22,0.0,,,,,
Mandai Lake Road,S40,2014,2,23,0.0,,,,,
Mandai Lake Road,S40,2014,2,24,0.0,,,,,
Mandai Lake Road,S40,2014,2,25,0.0,,,,,
Mandai Lake Road,S40,2014,2,26,0.0,,,,,
Mandai Lake Road,S40,2014,2,27,0.0,,,,,
Mandai Lake Road,S40,2014,2,28,0.0,,,,,
Mandai Lake Road,S40,2014,3,1,0.0,,,,,
Mandai Lake Road,S40,2014,3,2,0.0,,,,,
Mandai Lake Road,S40,2014,3,3,0.0,,,,,
Mandai Lake Road,S40,2014,3,4,0.0,,,,,
Mandai Lake Road,S40,2014,3,5,0.0,,,,,
Mandai Lake Road,S40,2014,3,6,0.0,,,,,
Mandai Lake Road,S40,2014,3,7,0.0,,,,,
Mandai Lake Road,S40,2014,3,8,0.0,,,,,
Mandai Lake Road,S40,2014,3,9,0.0,,,,,
Mandai Lake Road,S40,2014,3,10,0.0,,,,,
Mandai Lake Road,S40,2014,3,11,0.0,,,,,
Mandai Lake Road,S40,2014,3,12,0.0,,,,,
Mandai Lake Road,S40,2014,3,13,0.0,,,,,
Mandai Lake Road,S40,2014,3,14,0.0,,,,,
Mandai Lake Road,S40,2014,3,15,0.0,,,,,
Mandai Lake Road,S40,2014,3,16,26.2,,,,,
Mandai Lake Road,S40,2014,3,17,18.8,,,,,
Mandai Lake Road,S40,2014,3,18,44.8,,,,,
Mandai Lake Road,S40,2014,3,19,30.6,,,,,
Mandai Lake Road,S40,2014,3,20,1.8,,,,,
Mandai Lake Road,S40,2014,3,21,0.0,,,,,
Mandai Lake Road,S40,2014,3,22,0.0,,,,,
Mandai Lake Road,S40,2014,3,23,0.0,,,,,
Mandai Lake Road,S40,2014,3,24,0.0,,,,,
Mandai Lake Road,S40,2014,3,25,0.0,,,,,
Mandai Lake Road,S40,2014,3,26,0.0,,,,,
Mandai Lake Road,S40,2014,3,27,0.0,,,,,
Mandai Lake Road,S40,2014,3,28,5.2,,,,,
Mandai Lake Road,S40,2014,3,29,4.2,,,,,
Mandai Lake Road,S40,2014,3,30,0.2,,,,,
Mandai Lake Road,S40,2014,3,31,1.0,,,,,
Mandai Lake Road,S40,2014,4,1,0.0,,,,,
Mandai Lake Road,S40,2014,4,2,0.2,,,,,
Mandai Lake Road,S40,2014,4,3,0.0,,,,,
Mandai Lake Road,S40,2014,4,4,0.0,,,,,
Mandai Lake Road,S40,2014,4,5,19.4,,,,,
Mandai Lake Road,S40,2014,4,6,1.0,,,,,
Mandai Lake Road,S40,2014,4,7,0.0,,,,,
Mandai Lake Road,S40,2014,4,8,2.0,,,,,
Mandai Lake Road,S40,2014,4,9,5.0,,,,,
Mandai Lake Road,S40,2014,4,10,0.2,,,,,
Mandai Lake Road,S40,2014,4,11,28.0,,,,,
Mandai Lake Road,S40,2014,4,12,2.0,,,,,
Mandai Lake Road,S40,2014,4,13,0.8,,,,,
Mandai Lake Road,S40,2014,4,14,54.4,,,,,
Mandai Lake Road,S40,2014,4,15,0.0,,,,,
Mandai Lake Road,S40,2014,4,16,0.2,,,,,
Mandai Lake Road,S40,2014,4,17,32.4,,,,,
Mandai Lake Road,S40,2014,4,18,5.2,,,,,
Mandai Lake Road,S40,2014,4,19,0.0,,,,,
Mandai Lake Road,S40,2014,4,20,0.8,,,,,
Mandai Lake Road,S40,2014,4,21,5.6,,,,,
Mandai Lake Road,S40,2014,4,22,0.2,,,,,
Mandai Lake Road,S40,2014,4,23,24.2,,,,,
Mandai Lake Road,S40,2014,4,24,5.4,,,,,
Mandai Lake Road,S40,2014,4,25,8.8,,,,,
Mandai Lake Road,S40,2014,4,26,1.0,,,,,
Mandai Lake Road,S40,2014,4,27,0.0,,,,,
Mandai Lake Road,S40,2014,4,28,0.4,,,,,
Mandai Lake Road,S40,2014,4,29,0.0,,,,,
Mandai Lake Road,S40,2014,4,30,0.0,,,,,
Mandai Lake Road,S40,2014,5,1,0.4,,,,,
Mandai Lake Road,S40,2014,5,2,0.2,,,,,
Mandai Lake Road,S40,2014,5,3,22.2,,,,,
Mandai Lake Road,S40,2014,5,4,,,,,,
Mandai Lake Road,S40,2014,5,5,,,,,,
Mandai Lake Road,S40,2014,5,6,2.2,,,,,
Mandai Lake Road,S40,2014,5,7,19.0,,,,,
Mandai Lake Road,S40,2014,5,8,23.4,,,,,
Mandai Lake Road,S40,2014,5,9,0.8,,,,,
Mandai Lake Road,S40,2014,5,10,0.0,,,,,
Mandai Lake Road,S40,2014,5,11,37.0,,,,,
Mandai Lake Road,S40,2014,5,12,2.8,,,,,
Mandai Lake Road,S40,2014,5,13,0.0,,,,,
Mandai Lake Road,S40,2014,5,14,16.6,,,,,
Mandai Lake Road,S40,2014,5,15,0.0,,,,,
Mandai Lake Road,S40,2014,5,16,5.8,,,,,
Mandai Lake Road,S40,2014,5,17,14.8,,,,,
Mandai Lake Road,S40,2014,5,18,11.6,,,,,
Mandai Lake Road,S40,2014,5,19,30.4,,,,,
Mandai Lake Road,S40,2014,5,20,4.8,,,,,
Mandai Lake Road,S40,2014,5,21,10.2,,,,,
Mandai Lake Road,S40,2014,5,22,0.0,,,,,
Mandai Lake Road,S40,2014,5,23,0.4,,,,,
Mandai Lake Road,S40,2014,5,24,0.0,,,,,
Mandai Lake Road,S40,2014,5,25,0.0,,,,,
Mandai Lake Road,S40,2014,5,26,19.0,,,,,
Mandai Lake Road,S40,2014,5,27,0.2,,,,,
Mandai Lake Road,S40,2014,5,28,16.4,,,,,
Mandai Lake Road,S40,2014,5,29,1.2,,,,,
Mandai Lake Road,S40,2014,5,30,11.0,,,,,
Mandai Lake Road,S40,2014,5,31,1.4,,,,,
Mandai Lake Road,S40,2014,6,1,14.6,,,,,
Mandai Lake Road,S40,2014,6,2,0.2,,,,,
Mandai Lake Road,S40,2014,6,3,0.0,,,,,
Mandai Lake Road,S40,2014,6,4,2.8,,,,,
Mandai Lake Road,S40,2014,6,5,8.8,,,,,
Mandai Lake Road,S40,2014,6,6,36.4,,,,,
Mandai Lake Road,S40,2014,6,7,0.2,,,,,
Mandai Lake Road,S40,2014,6,8,0.0,,,,,
Mandai Lake Road,S40,2014,6,9,0.0,,,,,
Mandai Lake Road,S40,2014,6,10,1.2,,,,,
Mandai Lake Road,S40,2014,6,11,0.0,,,,,
Mandai Lake Road,S40,2014,6,12,8.2,,,,,
Mandai Lake Road,S40,2014,6,13,0.0,,,,,
Mandai Lake Road,S40,2014,6,14,18.6,,,,,
Mandai Lake Road,S40,2014,6,15,4.0,,,,,
Mandai Lake Road,S40,2014,6,16,0.0,,,,,
Mandai Lake Road,S40,2014,6,17,0.0,,,,,
Mandai Lake Road,S40,2014,6,18,3.2,,,,,
Mandai Lake Road,S40,2014,6,19,10.8,,,,,
Mandai Lake Road,S40,2014,6,20,0.0,,,,,
Mandai Lake Road,S40,2014,6,21,0.0,,,,,
Mandai Lake Road,S40,2014,6,22,1.0,,,,,
Mandai Lake Road,S40,2014,6,23,0.0,,,,,
Mandai Lake Road,S40,2014,6,24,14.6,,,,,
Mandai Lake Road,S40,2014,6,25,27.4,,,,,
Mandai Lake Road,S40,2014,6,26,0.4,,,,,
Mandai Lake Road,S40,2014,6,27,0.0,,,,,
Mandai Lake Road,S40,2014,6,28,0.0,,,,,
Mandai Lake Road,S40,2014,6,29,9.4,,,,,
Mandai Lake Road,S40,2014,6,30,12.6,,,,,
Mandai Lake Road,S40,2014,7,1,0.0,,,,,
Mandai Lake Road,S40,2014,7,2,0.0,,,,,
Mandai Lake Road,S40,2014,7,3,0.0,,,,,
Mandai Lake Road,S40,2014,7,4,1.0,,,,,
Mandai Lake Road,S40,2014,7,5,18.2,,,,,
Mandai Lake Road,S40,2014,7,6,4.4,,,,,
Mandai Lake Road,S40,2014,7,7,25.4,,,,,
Mandai Lake Road,S40,2014,7,8,16.2,,,,,
Mandai Lake Road,S40,2014,7,9,105.8,,,,,
Mandai Lake Road,S40,2014,7,10,0.2,,,,,
Mandai Lake Road,S40,2014,7,11,9.2,,,,,
Mandai Lake Road,S40,2014,7,12,0.4,,,,,
Mandai Lake Road,S40,2014,7,13,0.0,,,,,
Mandai Lake Road,S40,2014,7,14,0.0,,,,,
Mandai Lake Road,S40,2014,7,15,0.0,,,,,
Mandai Lake Road,S40,2014,7,16,0.0,,,,,
Mandai Lake Road,S40,2014,7,17,18.6,,,,,
Mandai Lake Road,S40,2014,7,18,0.0,,,,,
Mandai Lake Road,S40,2014,7,19,0.0,,,,,
Mandai Lake Road,S40,2014,7,20,0.0,,,,,
Mandai Lake Road,S40,2014,7,21,0.0,,,,,
Mandai Lake Road,S40,2014,7,22,0.0,,,,,
Mandai Lake Road,S40,2014,7,23,0.0,,,,,
Mandai Lake Road,S40,2014,7,24,0.0,,,,,
Mandai Lake Road,S40,2014,7,25,0.0,,,,,
Mandai Lake Road,S40,2014,7,26,0.0,,,,,
Mandai Lake Road,S40,2014,7,27,12.6,,,,,
Mandai Lake Road,S40,2014,7,28,0.2,,,,,
Mandai Lake Road,S40,2014,7,29,6.4,,,,,
Mandai Lake Road,S40,2014,7,30,41.8,,,,,
Mandai Lake Road,S40,2014,7,31,0.2,,,,,
Mandai Lake Road,S40,2014,8,1,4.2,,,,,
Mandai Lake Road,S40,2014,8,2,29.4,,,,,
Mandai Lake Road,S40,2014,8,3,0.0,,,,,
Mandai Lake Road,S40,2014,8,4,0.0,,,,,
Mandai Lake Road,S40,2014,8,5,6.6,,,,,
Mandai Lake Road,S40,2014,8,6,22.2,,,,,
Mandai Lake Road,S40,2014,8,7,0.2,,,,,
Mandai Lake Road,S40,2014,8,8,0.6,,,,,
Mandai Lake Road,S40,2014,8,9,0.0,,,,,
Mandai Lake Road,S40,2014,8,10,9.2,,,,,
Mandai Lake Road,S40,2014,8,11,5.2,,,,,
Mandai Lake Road,S40,2014,8,12,0.2,,,,,
Mandai Lake Road,S40,2014,8,13,0.2,,,,,
Mandai Lake Road,S40,2014,8,14,1.6,,,,,
Mandai Lake Road,S40,2014,8,15,52.4,,,,,
Mandai Lake Road,S40,2014,8,16,0.0,,,,,
Mandai Lake Road,S40,2014,8,17,0.0,,,,,
Mandai Lake Road,S40,2014,8,18,0.0,,,,,
Mandai Lake Road,S40,2014,8,19,13.8,,,,,
Mandai Lake Road,S40,2014,8,20,2.4,,,,,
Mandai Lake Road,S40,2014,8,21,2.2,,,,,
Mandai Lake Road,S40,2014,8,22,0.0,,,,,
Mandai Lake Road,S40,2014,8,23,14.4,,,,,
Mandai Lake Road,S40,2014,8,24,5.6,,,,,
Mandai Lake Road,S40,2014,8,25,2.2,,,,,
Mandai Lake Road,S40,2014,8,26,5.8,,,,,
Mandai Lake Road,S40,2014,8,27,15.2,,,,,
Mandai Lake Road,S40,2014,8,28,4.0,,,,,
Mandai Lake Road,S40,2014,8,29,17.0,,,,,
Mandai Lake Road,S40,2014,8,30,13.8,,,,,
Mandai Lake Road,S40,2014,8,31,1.0,,,,,
Mandai Lake Road,S40,2014,9,1,0.0,,,,,
Mandai Lake Road,S40,2014,9,2,0.0,,,,,
Mandai Lake Road,S40,2014,9,3,24.0,,,,,
Mandai Lake Road,S40,2014,9,4,0.2,,,,,
Mandai Lake Road,S40,2014,9,5,2.8,,,,,
Mandai Lake Road,S40,2014,9,6,1.2,,,,,
Mandai Lake Road,S40,2014,9,7,0.2,,,,,
Mandai Lake Road,S40,2014,9,8,0.0,,,,,
Mandai Lake Road,S40,2014,9,9,0.0,,,,,
Mandai Lake Road,S40,2014,9,10,0.0,,,,,
Mandai Lake Road,S40,2014,9,11,18.2,,,,,
Mandai Lake Road,S40,2014,9,12,0.2,,,,,
Mandai Lake Road,S40,2014,9,13,0.0,,,,,
Mandai Lake Road,S40,2014,9,14,0.0,,,,,
Mandai Lake Road,S40,2014,9,15,0.0,,,,,
Mandai Lake Road,S40,2014,9,16,0.0,,,,,
Mandai Lake Road,S40,2014,9,17,0.2,,,,,
Mandai Lake Road,S40,2014,9,18,0.2,,,,,
Mandai Lake Road,S40,2014,9,19,0.4,,,,,
Mandai Lake Road,S40,2014,9,20,6.8,,,,,
Mandai Lake Road,S40,2014,9,21,3.8,,,,,
Mandai Lake Road,S40,2014,9,22,0.0,,,,,
Mandai Lake Road,S40,2014,9,23,0.0,,,,,
Mandai Lake Road,S40,2014,9,24,69.4,,,,,
Mandai Lake Road,S40,2014,9,25,32.6,,,,,
Mandai Lake Road,S40,2014,9,26,0.0,,,,,
Mandai Lake Road,S40,2014,9,27,0.0,,,,,
Mandai Lake Road,S40,2014,9,28,0.0,,,,,
Mandai Lake Road,S40,2014,9,29,0.0,,,,,
Mandai Lake Road,S40,2014,9,30,0.0,,,,,
Mandai Lake Road,S40,2014,10,1,0.0,,,,,
Mandai Lake Road,S40,2014,10,2,0.0,,,,,
Mandai Lake Road,S40,2014,10,3,0.0,,,,,
Mandai Lake Road,S40,2014,10,4,0.0,,,,,
Mandai Lake Road,S40,2014,10,5,0.0,,,,,
Mandai Lake Road,S40,2014,10,6,0.0,,,,,
Mandai Lake Road,S40,2014,10,7,0.0,,,,,
Mandai Lake Road,S40,2014,10,8,0.0,,,,,
Mandai Lake Road,S40,2014,10,9,0.0,,,,,
Mandai Lake Road,S40,2014,10,10,0.0,,,,,
Mandai Lake Road,S40,2014,10,11,0.0,,,,,
Mandai Lake Road,S40,2014,10,12,6.0,,,,,
Mandai Lake Road,S40,2014,10,13,6.4,,,,,
Mandai Lake Road,S40,2014,10,14,2.0,,,,,
Mandai Lake Road,S40,2014,10,15,10.0,,,,,
Mandai Lake Road,S40,2014,10,16,1.0,,,,,
Mandai Lake Road,S40,2014,10,17,30.4,,,,,
Mandai Lake Road,S40,2014,10,18,0.2,,,,,
Mandai Lake Road,S40,2014,10,19,0.0,,,,,
Mandai Lake Road,S40,2014,10,20,0.0,,,,,
Mandai Lake Road,S40,2014,10,21,15.8,,,,,
Mandai Lake Road,S40,2014,10,22,3.6,,,,,
Mandai Lake Road,S40,2014,10,23,0.2,,,,,
Mandai Lake Road,S40,2014,10,24,0.0,,,,,
Mandai Lake Road,S40,2014,10,25,0.0,,,,,
Mandai Lake Road,S40,2014,10,26,0.0,,,,,
Mandai Lake Road,S40,2014,10,27,7.2,,,,,
Mandai Lake Road,S40,2014,10,28,0.0,,,,,
Mandai Lake Road,S40,2014,10,29,0.0,,,,,
Mandai Lake Road,S40,2014,10,30,1.8,,,,,
Mandai Lake Road,S40,2014,10,31,80.0,,,,,
Mandai Lake Road,S40,2014,11,1,0.0,,,,,
Mandai Lake Road,S40,2014,11,2,0.0,,,,,
Mandai Lake Road,S40,2014,11,3,0.0,,,,,
Mandai Lake Road,S40,2014,11,4,0.0,,,,,
Mandai Lake Road,S40,2014,11,5,10.4,,,,,
Mandai Lake Road,S40,2014,11,6,13.2,,,,,
Mandai Lake Road,S40,2014,11,7,36.2,,,,,
Mandai Lake Road,S40,2014,11,8,50.8,,,,,
Mandai Lake Road,S40,2014,11,9,7.6,,,,,
Mandai Lake Road,S40,2014,11,10,0.4,,,,,
Mandai Lake Road,S40,2014,11,11,14.2,,,,,
Mandai Lake Road,S40,2014,11,12,26.2,,,,,
Mandai Lake Road,S40,2014,11,13,55.2,,,,,
Mandai Lake Road,S40,2014,11,14,0.0,,,,,
Mandai Lake Road,S40,2014,11,15,6.4,,,,,
Mandai Lake Road,S40,2014,11,16,0.2,,,,,
Mandai Lake Road,S40,2014,11,17,54.6,,,,,
Mandai Lake Road,S40,2014,11,18,3.8,,,,,
Mandai Lake Road,S40,2014,11,19,0.0,,,,,
Mandai Lake Road,S40,2014,11,20,12.2,,,,,
Mandai Lake Road,S40,2014,11,21,0.2,,,,,
Mandai Lake Road,S40,2014,11,22,1.6,,,,,
Mandai Lake Road,S40,2014,11,23,9.6,,,,,
Mandai Lake Road,S40,2014,11,24,1.0,,,,,
Mandai Lake Road,S40,2014,11,25,17.0,,,,,
Mandai Lake Road,S40,2014,11,26,70.6,,,,,
Mandai Lake Road,S40,2014,11,27,0.6,,,,,
Mandai Lake Road,S40,2014,11,28,0.2,,,,,
Mandai Lake Road,S40,2014,11,29,21.8,,,,,
Mandai Lake Road,S40,2014,11,30,0.0,,,,,
Mandai Lake Road,S40,2014,12,1,6.2,,,,,
Mandai Lake Road,S40,2014,12,2,0.0,,,,,
Mandai Lake Road,S40,2014,12,3,0.0,,,,,
Mandai Lake Road,S40,2014,12,4,60.8,,,,,
Mandai Lake Road,S40,2014,12,5,0.0,,,,,
Mandai Lake Road,S40,2014,12,6,6.4,,,,,
Mandai Lake Road,S40,2014,12,7,5.0,,,,,
Mandai Lake Road,S40,2014,12,8,0.2,,,,,
Mandai Lake Road,S40,2014,12,9,0.0,,,,,
Mandai Lake Road,S40,2014,12,10,1.2,,,,,
Mandai Lake Road,S40,2014,12,11,33.8,,,,,
Mandai Lake Road,S40,2014,12,12,0.2,,,,,
Mandai Lake Road,S40,2014,12,13,49.6,,,,,
Mandai Lake Road,S40,2014,12,14,0.2,,,,,
Mandai Lake Road,S40,2014,12,15,0.0,,,,,
Mandai Lake Road,S40,2014,12,16,2.0,,,,,
Mandai Lake Road,S40,2014,12,17,8.2,,,,,
Mandai Lake Road,S40,2014,12,18,0.2,,,,,
Mandai Lake Road,S40,2014,12,19,32.2,,,,,
Mandai Lake Road,S40,2014,12,20,1.0,,,,,
Mandai Lake Road,S40,2014,12,21,7.2,,,,,
Mandai Lake Road,S40,2014,12,22,0.2,,,,,
Mandai Lake Road,S40,2014,12,23,0.0,,,,,
Mandai Lake Road,S40,2014,12,24,9.0,,,,,
Mandai Lake Road,S40,2014,12,25,0.2,,,,,
Mandai Lake Road,S40,2014,12,26,61.4,,,,,
Mandai Lake Road,S40,2014,12,27,21.8,,,,,
Mandai Lake Road,S40,2014,12,28,2.0,,,,,
Mandai Lake Road,S40,2014,12,29,2.0,,,,,
Mandai Lake Road,S40,2014,12,30,0.0,,,,,
Mandai Lake Road,S40,2014,12,31,0.0,,,,,
Mandai Lake Road,S40,2015,1,1,0.2,,,,,
Mandai Lake Road,S40,2015,1,2,0.0,,,,,
Mandai Lake Road,S40,2015,1,3,0.0,,,,,
Mandai Lake Road,S40,2015,1,4,0.0,,,,,
Mandai Lake Road,S40,2015,1,5,0.0,,,,,
Mandai Lake Road,S40,2015,1,6,47.8,,,,,
Mandai Lake Road,S40,2015,1,7,2.4,,,,,
Mandai Lake Road,S40,2015,1,8,6.2,,,,,
Mandai Lake Road,S40,2015,1,9,1.0,,,,,
Mandai Lake Road,S40,2015,1,10,15.2,,,,,
Mandai Lake Road,S40,2015,1,11,1.8,,,,,
Mandai Lake Road,S40,2015,1,12,0.0,,,,,
Mandai Lake Road,S40,2015,1,13,0.0,,,,,
Mandai Lake Road,S40,2015,1,14,0.0,,,,,
Mandai Lake Road,S40,2015,1,15,0.0,,,,,
Mandai Lake Road,S40,2015,1,16,0.0,,,,,
Mandai Lake Road,S40,2015,1,17,0.0,,,,,
Mandai Lake Road,S40,2015,1,18,0.0,,,,,
Mandai Lake Road,S40,2015,1,19,0.0,,,,,
Mandai Lake Road,S40,2015,1,20,0.0,,,,,
Mandai Lake Road,S40,2015,1,21,54.8,,,,,
Mandai Lake Road,S40,2015,1,22,0.2,,,,,
Mandai Lake Road,S40,2015,1,23,0.0,,,,,
Mandai Lake Road,S40,2015,1,24,0.0,,,,,
Mandai Lake Road,S40,2015,1,25,0.0,,,,,
Mandai Lake Road,S40,2015,1,26,0.0,,,,,
Mandai Lake Road,S40,2015,1,27,0.0,,,,,
Mandai Lake Road,S40,2015,1,28,0.2,,,,,
Mandai Lake Road,S40,2015,1,29,0.0,,,,,
Mandai Lake Road,S40,2015,1,30,0.0,,,,,
Mandai Lake Road,S40,2015,1,31,0.0,,,,,
Mandai Lake Road,S40,2015,2,1,0.0,,,,,
Mandai Lake Road,S40,2015,2,2,0.0,,,,,
Mandai Lake Road,S40,2015,2,3,0.0,,,,,
Mandai Lake Road,S40,2015,2,4,4.0,,,,,
Mandai Lake Road,S40,2015,2,5,0.0,,,,,
Mandai Lake Road,S40,2015,2,6,12.8,,,,,
Mandai Lake Road,S40,2015,2,7,0.0,,,,,
Mandai Lake Road,S40,2015,2,8,0.0,,,,,
Mandai Lake Road,S40,2015,2,9,0.0,,,,,
Mandai Lake Road,S40,2015,2,10,0.0,,,,,
Mandai Lake Road,S40,2015,2,11,0.0,,,,,
Mandai Lake Road,S40,2015,2,12,0.0,,,,,
Mandai Lake Road,S40,2015,2,13,0.0,,,,,
Mandai Lake Road,S40,2015,2,14,0.0,,,,,
Mandai Lake Road,S40,2015,2,15,0.0,,,,,
Mandai Lake Road,S40,2015,2,16,0.0,,,,,
Mandai Lake Road,S40,2015,2,17,0.0,,,,,
Mandai Lake Road,S40,2015,2,18,0.0,,,,,
Mandai Lake Road,S40,2015,2,19,7.4,,,,,
Mandai Lake Road,S40,2015,2,20,0.0,,,,,
Mandai Lake Road,S40,2015,2,21,0.0,,,,,
Mandai Lake Road,S40,2015,2,22,0.0,,,,,
Mandai Lake Road,S40,2015,2,23,32.8,,,,,
Mandai Lake Road,S40,2015,2,24,0.0,,,,,
Mandai Lake Road,S40,2015,2,25,0.0,,,,,
Mandai Lake Road,S40,2015,2,26,0.0,,,,,
Mandai Lake Road,S40,2015,2,27,0.0,,,,,
Mandai Lake Road,S40,2015,2,28,0.0,,,,,
Mandai Lake Road,S40,2015,3,1,0.0,,,,,
Mandai Lake Road,S40,2015,3,2,2.0,,,,,
Mandai Lake Road,S40,2015,3,3,0.0,,,,,
Mandai Lake Road,S40,2015,3,4,0.0,,,,,
Mandai Lake Road,S40,2015,3,5,0.0,,,,,
Mandai Lake Road,S40,2015,3,6,0.0,,,,,
Mandai Lake Road,S40,2015,3,7,0.0,,,,,
Mandai Lake Road,S40,2015,3,8,3.8,,,,,
Mandai Lake Road,S40,2015,3,9,3.2,,,,,
Mandai Lake Road,S40,2015,3,10,0.0,,,,,
Mandai Lake Road,S40,2015,3,11,9.2,,,,,
Mandai Lake Road,S40,2015,3,12,0.0,,,,,
Mandai Lake Road,S40,2015,3,13,0.0,,,,,
Mandai Lake Road,S40,2015,3,14,0.2,,,,,
Mandai Lake Road,S40,2015,3,15,11.2,,,,,
Mandai Lake Road,S40,2015,3,16,7.0,,,,,
Mandai Lake Road,S40,2015,3,17,0.0,,,,,
Mandai Lake Road,S40,2015,3,18,0.0,,,,,
Mandai Lake Road,S40,2015,3,19,45.6,,,,,
Mandai Lake Road,S40,2015,3,20,0.0,,,,,
Mandai Lake Road,S40,2015,3,21,34.0,,,,,
Mandai Lake Road,S40,2015,3,22,80.2,,,,,
Mandai Lake Road,S40,2015,3,23,0.0,,,,,
Mandai Lake Road,S40,2015,3,24,0.0,,,,,
Mandai Lake Road,S40,2015,3,25,0.0,,,,,
Mandai Lake Road,S40,2015,3,26,0.0,,,,,
Mandai Lake Road,S40,2015,3,27,0.0,,,,,
Mandai Lake Road,S40,2015,3,28,5.8,,,,,
Mandai Lake Road,S40,2015,3,29,24.2,,,,,
Mandai Lake Road,S40,2015,3,30,0.0,,,,,
Mandai Lake Road,S40,2015,3,31,18.2,,,,,
Mandai Lake Road,S40,2015,4,1,24.4,,,,,
Mandai Lake Road,S40,2015,4,2,20.6,,,,,
Mandai Lake Road,S40,2015,4,3,14.2,,,,,
Mandai Lake Road,S40,2015,4,4,5.8,,,,,
Mandai Lake Road,S40,2015,4,5,6.4,,,,,
Mandai Lake Road,S40,2015,4,6,0.6,,,,,
Mandai Lake Road,S40,2015,4,7,0.0,,,,,
Mandai Lake Road,S40,2015,4,8,0.0,,,,,
Mandai Lake Road,S40,2015,4,9,0.4,,,,,
Mandai Lake Road,S40,2015,4,10,0.4,,,,,
Mandai Lake Road,S40,2015,4,11,52.6,,,,,
Mandai Lake Road,S40,2015,4,12,3.0,,,,,
Mandai Lake Road,S40,2015,4,13,0.0,,,,,
Mandai Lake Road,S40,2015,4,14,0.0,,,,,
Mandai Lake Road,S40,2015,4,15,0.0,,,,,
Mandai Lake Road,S40,2015,4,16,0.0,,,,,
Mandai Lake Road,S40,2015,4,17,0.0,,,,,
Mandai Lake Road,S40,2015,4,18,0.4,,,,,
Mandai Lake Road,S40,2015,4,19,0.8,,,,,
Mandai Lake Road,S40,2015,4,20,0.0,,,,,
Mandai Lake Road,S40,2015,4,21,0.4,,,,,
Mandai Lake Road,S40,2015,4,22,24.0,,,,,
Mandai Lake Road,S40,2015,4,23,3.8,,,,,
Mandai Lake Road,S40,2015,4,24,29.0,,,,,
Mandai Lake Road,S40,2015,4,25,30.4,,,,,
Mandai Lake Road,S40,2015,4,26,1.2,,,,,
Mandai Lake Road,S40,2015,4,27,4.4,,,,,
Mandai Lake Road,S40,2015,4,28,88.6,,,,,
Mandai Lake Road,S40,2015,4,29,0.2,,,,,
Mandai Lake Road,S40,2015,4,30,11.2,,,,,
Mandai Lake Road,S40,2015,5,1,0.2,,,,,
Mandai Lake Road,S40,2015,5,2,0.0,,,,,
Mandai Lake Road,S40,2015,5,3,80.2,,,,,
Mandai Lake Road,S40,2015,5,4,0.0,,,,,
Mandai Lake Road,S40,2015,5,5,0.0,,,,,
Mandai Lake Road,S40,2015,5,6,0.0,,,,,
Mandai Lake Road,S40,2015,5,7,9.8,,,,,
Mandai Lake Road,S40,2015,5,8,4.0,,,,,
Mandai Lake Road,S40,2015,5,9,0.0,,,,,
Mandai Lake Road,S40,2015,5,10,0.0,,,,,
Mandai Lake Road,S40,2015,5,11,0.0,,,,,
Mandai Lake Road,S40,2015,5,12,0.0,,,,,
Mandai Lake Road,S40,2015,5,13,8.4,,,,,
Mandai Lake Road,S40,2015,5,14,32.2,,,,,
Mandai Lake Road,S40,2015,5,15,4.6,,,,,
Mandai Lake Road,S40,2015,5,16,8.8,,,,,
Mandai Lake Road,S40,2015,5,17,0.0,,,,,
Mandai Lake Road,S40,2015,5,18,55.4,,,,,
Mandai Lake Road,S40,2015,5,19,1.2,,,,,
Mandai Lake Road,S40,2015,5,20,0.2,,,,,
Mandai Lake Road,S40,2015,5,21,0.0,,,,,
Mandai Lake Road,S40,2015,5,22,0.0,,,,,
Mandai Lake Road,S40,2015,5,23,5.8,,,,,
Mandai Lake Road,S40,2015,5,24,0.0,,,,,
Mandai Lake Road,S40,2015,5,25,1.4,,,,,
Mandai Lake Road,S40,2015,5,26,0.4,,,,,
Mandai Lake Road,S40,2015,5,27,0.0,,,,,
Mandai Lake Road,S40,2015,5,28,0.6,,,,,
Mandai Lake Road,S40,2015,5,29,0.2,,,,,
Mandai Lake Road,S40,2015,5,30,0.0,,,,,
Mandai Lake Road,S40,2015,5,31,0.8,,,,,
Mandai Lake Road,S40,2015,6,1,0.0,,,,,
Mandai Lake Road,S40,2015,6,2,5.8,,,,,
Mandai Lake Road,S40,2015,6,3,0.0,,,,,
Mandai Lake Road,S40,2015,6,4,5.4,,,,,
Mandai Lake Road,S40,2015,6,5,0.6,,,,,
Mandai Lake Road,S40,2015,6,6,5.4,,,,,
Mandai Lake Road,S40,2015,6,7,3.8,,,,,
Mandai Lake Road,S40,2015,6,8,0.0,,,,,
Mandai Lake Road,S40,2015,6,9,0.0,,,,,
Mandai Lake Road,S40,2015,6,10,0.0,,,,,
Mandai Lake Road,S40,2015,6,11,0.0,,,,,
Mandai Lake Road,S40,2015,6,12,65.0,,,,,
Mandai Lake Road,S40,2015,6,13,0.0,,,,,
Mandai Lake Road,S40,2015,6,14,8.6,,,,,
Mandai Lake Road,S40,2015,6,15,0.6,,,,,
Mandai Lake Road,S40,2015,6,16,26.4,,,,,
Mandai Lake Road,S40,2015,6,17,0.0,,,,,
Mandai Lake Road,S40,2015,6,18,0.0,,,,,
Mandai Lake Road,S40,2015,6,19,0.0,,,,,
Mandai Lake Road,S40,2015,6,20,0.0,,,,,
Mandai Lake Road,S40,2015,6,21,0.0,,,,,
Mandai Lake Road,S40,2015,6,22,0.0,,,,,
Mandai Lake Road,S40,2015,6,23,0.0,,,,,
Mandai Lake Road,S40,2015,6,24,0.0,,,,,
Mandai Lake Road,S40,2015,6,25,0.0,,,,,
Mandai Lake Road,S40,2015,6,26,0.0,,,,,
Mandai Lake Road,S40,2015,6,27,0.0,,,,,
Mandai Lake Road,S40,2015,6,28,0.0,,,,,
Mandai Lake Road,S40,2015,6,29,0.0,,,,,
Mandai Lake Road,S40,2015,6,30,0.0,,,,,
Mandai Lake Road,S40,2015,7,1,6.4,,,,,
Mandai Lake Road,S40,2015,7,2,1.4,,,,,
Mandai Lake Road,S40,2015,7,3,0.0,,,,,
Mandai Lake Road,S40,2015,7,4,36.6,,,,,
Mandai Lake Road,S40,2015,7,5,0.0,,,,,
Mandai Lake Road,S40,2015,7,6,0.0,,,,,
Mandai Lake Road,S40,2015,7,7,0.0,,,,,
Mandai Lake Road,S40,2015,7,8,4.8,,,,,
Mandai Lake Road,S40,2015,7,9,0.2,,,,,
Mandai Lake Road,S40,2015,7,10,3.2,,,,,
Mandai Lake Road,S40,2015,7,11,10.4,,,,,
Mandai Lake Road,S40,2015,7,12,0.0,,,,,
Mandai Lake Road,S40,2015,7,13,0.8,,,,,
Mandai Lake Road,S40,2015,7,14,27.4,,,,,
Mandai Lake Road,S40,2015,7,15,0.0,,,,,
Mandai Lake Road,S40,2015,7,16,0.4,,,,,
Mandai Lake Road,S40,2015,7,17,20.8,,,,,
Mandai Lake Road,S40,2015,7,18,0.6,,,,,
Mandai Lake Road,S40,2015,7,19,0.0,,,,,
Mandai Lake Road,S40,2015,7,20,0.0,,,,,
Mandai Lake Road,S40,2015,7,21,0.0,,,,,
Mandai Lake Road,S40,2015,7,22,0.0,,,,,
Mandai Lake Road,S40,2015,7,23,0.0,,,,,
Mandai Lake Road,S40,2015,7,24,0.0,,,,,
Mandai Lake Road,S40,2015,7,25,0.0,,,,,
Mandai Lake Road,S40,2015,7,26,3.6,,,,,
Mandai Lake Road,S40,2015,7,27,0.0,,,,,
Mandai Lake Road,S40,2015,7,28,12.8,,,,,
Mandai Lake Road,S40,2015,7,29,0.0,,,,,
Mandai Lake Road,S40,2015,7,30,35.0,,,,,
Mandai Lake Road,S40,2015,7,31,12.2,,,,,
Mandai Lake Road,S40,2015,8,1,0.8,,,,,
Mandai Lake Road,S40,2015,8,2,0.0,,,,,
Mandai Lake Road,S40,2015,8,3,5.4,,,,,
Mandai Lake Road,S40,2015,8,4,15.0,,,,,
Mandai Lake Road,S40,2015,8,5,0.0,,,,,
Mandai Lake Road,S40,2015,8,6,26.8,,,,,
Mandai Lake Road,S40,2015,8,7,2.0,,,,,
Mandai Lake Road,S40,2015,8,8,7.6,,,,,
Mandai Lake Road,S40,2015,8,9,15.2,,,,,
Mandai Lake Road,S40,2015,8,10,0.0,,,,,
Mandai Lake Road,S40,2015,8,11,8.0,,,,,
Mandai Lake Road,S40,2015,8,12,1.6,,,,,
Mandai Lake Road,S40,2015,8,13,0.0,,,,,
Mandai Lake Road,S40,2015,8,14,0.0,,,,,
Mandai Lake Road,S40,2015,8,15,0.0,,,,,
Mandai Lake Road,S40,2015,8,16,0.0,,,,,
Mandai Lake Road,S40,2015,8,17,1.2,,,,,
Mandai Lake Road,S40,2015,8,18,0.0,,,,,
Mandai Lake Road,S40,2015,8,19,0.0,,,,,
Mandai Lake Road,S40,2015,8,20,0.0,,,,,
Mandai Lake Road,S40,2015,8,21,12.0,,,,,
Mandai Lake Road,S40,2015,8,22,0.0,,,,,
Mandai Lake Road,S40,2015,8,23,0.0,,,,,
Mandai Lake Road,S40,2015,8,24,0.0,,,,,
Mandai Lake Road,S40,2015,8,25,6.8,,,,,
Mandai Lake Road,S40,2015,8,26,0.0,,,,,
Mandai Lake Road,S40,2015,8,27,0.0,,,,,
Mandai Lake Road,S40,2015,8,28,0.0,,,,,
Mandai Lake Road,S40,2015,8,29,0.0,,,,,
Mandai Lake Road,S40,2015,8,30,0.0,,,,,
Mandai Lake Road,S40,2015,8,31,0.0,,,,,
Mandai Lake Road,S40,2015,9,1,0.0,,,,,
Mandai Lake Road,S40,2015,9,2,0.0,,,,,
Mandai Lake Road,S40,2015,9,3,0.0,,,,,
Mandai Lake Road,S40,2015,9,4,15.0,,,,,
Mandai Lake Road,S40,2015,9,5,0.0,,,,,
Mandai Lake Road,S40,2015,9,6,0.0,,,,,
Mandai Lake Road,S40,2015,9,7,0.0,,,,,
Mandai Lake Road,S40,2015,9,8,0.0,,,,,
Mandai Lake Road,S40,2015,9,9,13.2,,,,,
Mandai Lake Road,S40,2015,9,10,0.0,,,,,
Mandai Lake Road,S40,2015,9,11,0.0,,,,,
Mandai Lake Road,S40,2015,9,12,0.0,,,,,
Mandai Lake Road,S40,2015,9,13,0.0,,,,,
Mandai Lake Road,S40,2015,9,14,0.0,,,,,
Mandai Lake Road,S40,2015,9,15,5.8,,,,,
Mandai Lake Road,S40,2015,9,16,4.0,,,,,
Mandai Lake Road,S40,2015,9,17,0.2,,,,,
Mandai Lake Road,S40,2015,9,18,0.0,,,,,
Mandai Lake Road,S40,2015,9,19,0.0,,,,,
Mandai Lake Road,S40,2015,9,20,2.2,,,,,
Mandai Lake Road,S40,2015,9,21,0.4,,,,,
Mandai Lake Road,S40,2015,9,22,0.0,,,,,
Mandai Lake Road,S40,2015,9,23,0.0,,,,,
Mandai Lake Road,S40,2015,9,24,0.0,,,,,
Mandai Lake Road,S40,2015,9,25,0.0,,,,,
Mandai Lake Road,S40,2015,9,26,0.0,,,,,
Mandai Lake Road,S40,2015,9,27,0.0,,,,,
Mandai Lake Road,S40,2015,9,28,11.8,,,,,
Mandai Lake Road,S40,2015,9,29,0.0,,,,,
Mandai Lake Road,S40,2015,9,30,18.6,,,,,
Mandai Lake Road,S40,2015,10,1,0.2,,,,,
Mandai Lake Road,S40,2015,10,2,10.2,,,,,
Mandai Lake Road,S40,2015,10,3,0.0,,,,,
Mandai Lake Road,S40,2015,10,4,0.0,,,,,
Mandai Lake Road,S40,2015,10,5,0.0,,,,,
Mandai Lake Road,S40,2015,10,6,3.8,,,,,
Mandai Lake Road,S40,2015,10,7,9.6,,,,,
Mandai Lake Road,S40,2015,10,8,8.8,,,,,
Mandai Lake Road,S40,2015,10,9,0.0,,,,,
Mandai Lake Road,S40,2015,10,10,0.0,,,,,
Mandai Lake Road,S40,2015,10,11,0.0,,,,,
Mandai Lake Road,S40,2015,10,12,0.0,,,,,
Mandai Lake Road,S40,2015,10,13,34.8,,,,,
Mandai Lake Road,S40,2015,10,14,0.0,,,,,
Mandai Lake Road,S40,2015,10,15,0.0,,,,,
Mandai Lake Road,S40,2015,10,16,0.0,,,,,
Mandai Lake Road,S40,2015,10,17,0.0,,,,,
Mandai Lake Road,S40,2015,10,18,0.0,,,,,
Mandai Lake Road,S40,2015,10,19,0.0,,,,,
Mandai Lake Road,S40,2015,10,20,0.0,,,,,
Mandai Lake Road,S40,2015,10,21,0.0,,,,,
Mandai Lake Road,S40,2015,10,22,0.0,,,,,
Mandai Lake Road,S40,2015,10,23,0.0,,,,,
Mandai Lake Road,S40,2015,10,24,11.8,,,,,
Mandai Lake Road,S40,2015,10,25,0.0,,,,,
Mandai Lake Road,S40,2015,10,26,0.0,,,,,
Mandai Lake Road,S40,2015,10,27,0.0,,,,,
Mandai Lake Road,S40,2015,10,28,13.2,,,,,
Mandai Lake Road,S40,2015,10,29,0.0,,,,,
Mandai Lake Road,S40,2015,10,30,28.6,,,,,
Mandai Lake Road,S40,2015,10,31,5.4,,,,,
Mandai Lake Road,S40,2015,11,1,7.8,,,,,
Mandai Lake Road,S40,2015,11,2,11.0,,,,,
Mandai Lake Road,S40,2015,11,3,2.0,,,,,
Mandai Lake Road,S40,2015,11,4,0.0,,,,,
Mandai Lake Road,S40,2015,11,5,0.0,,,,,
Mandai Lake Road,S40,2015,11,6,0.0,,,,,
Mandai Lake Road,S40,2015,11,7,11.0,,,,,
Mandai Lake Road,S40,2015,11,8,15.6,,,,,
Mandai Lake Road,S40,2015,11,9,16.6,,,,,
Mandai Lake Road,S40,2015,11,10,0.0,,,,,
Mandai Lake Road,S40,2015,11,11,25.2,,,,,
Mandai Lake Road,S40,2015,11,12,2.0,,,,,
Mandai Lake Road,S40,2015,11,13,22.6,,,,,
Mandai Lake Road,S40,2015,11,14,0.0,,,,,
Mandai Lake Road,S40,2015,11,15,5.6,,,,,
Mandai Lake Road,S40,2015,11,16,48.4,,,,,
Mandai Lake Road,S40,2015,11,17,22.8,,,,,
Mandai Lake Road,S40,2015,11,18,0.0,,,,,
Mandai Lake Road,S40,2015,11,19,1.6,,,,,
Mandai Lake Road,S40,2015,11,20,2.8,,,,,
Mandai Lake Road,S40,2015,11,21,13.6,,,,,
Mandai Lake Road,S40,2015,11,22,0.0,,,,,
Mandai Lake Road,S40,2015,11,23,0.0,,,,,
Mandai Lake Road,S40,2015,11,24,32.6,,,,,
Mandai Lake Road,S40,2015,11,25,19.0,,,,,
Mandai Lake Road,S40,2015,11,26,13.8,,,,,
Mandai Lake Road,S40,2015,11,27,0.0,,,,,
Mandai Lake Road,S40,2015,11,28,9.0,,,,,
Mandai Lake Road,S40,2015,11,29,1.0,,,,,
Mandai Lake Road,S40,2015,11,30,25.6,,,,,
Mandai Lake Road,S40,2015,12,1,32.6,,,,,
Mandai Lake Road,S40,2015,12,2,0.6,,,,,
Mandai Lake Road,S40,2015,12,3,0.0,,,,,
Mandai Lake Road,S40,2015,12,4,24.8,,,,,
Mandai Lake Road,S40,2015,12,5,55.8,,,,,
Mandai Lake Road,S40,2015,12,6,2.0,,,,,
Mandai Lake Road,S40,2015,12,7,0.0,,,,,
Mandai Lake Road,S40,2015,12,8,10.2,,,,,
Mandai Lake Road,S40,2015,12,9,8.4,,,,,
Mandai Lake Road,S40,2015,12,10,10.8,,,,,
Mandai Lake Road,S40,2015,12,11,16.2,,,,,
Mandai Lake Road,S40,2015,12,12,17.6,,,,,
Mandai Lake Road,S40,2015,12,13,8.8,,,,,
Mandai Lake Road,S40,2015,12,14,1.2,,,,,
Mandai Lake Road,S40,2015,12,15,0.2,,,,,
Mandai Lake Road,S40,2015,12,16,0.0,,,,,
Mandai Lake Road,S40,2015,12,17,0.6,,,,,
Mandai Lake Road,S40,2015,12,18,4.8,,,,,
Mandai Lake Road,S40,2015,12,19,0.0,,,,,
Mandai Lake Road,S40,2015,12,20,0.0,,,,,
Mandai Lake Road,S40,2015,12,21,0.0,,,,,
Mandai Lake Road,S40,2015,12,22,0.0,,,,,
Mandai Lake Road,S40,2015,12,23,10.0,,,,,
Mandai Lake Road,S40,2015,12,24,30.6,,,,,
Mandai Lake Road,S40,2015,12,25,1.2,,,,,
Mandai Lake Road,S40,2015,12,26,0.0,,,,,
Mandai Lake Road,S40,2015,12,27,0.0,,,,,
Mandai Lake Road,S40,2015,12,28,7.0,,,,,
Mandai Lake Road,S40,2015,12,29,23.4,,,,,
Mandai Lake Road,S40,2015,12,30,0.0,,,,,
Mandai Lake Road,S40,2015,12,31,2.8,,,,,
Mandai Lake Road,S40,2016,1,1,9.4,,,,,
Mandai Lake Road,S40,2016,1,2,13.2,,,,,
Mandai Lake Road,S40,2016,1,3,0.2,,,,,
Mandai Lake Road,S40,2016,1,4,1.2,,,,,
Mandai Lake Road,S40,2016,1,5,0.0,,,,,
Mandai Lake Road,S40,2016,1,6,0.0,,,,,
Mandai Lake Road,S40,2016,1,7,0.0,,,,,
Mandai Lake Road,S40,2016,1,8,0.0,,,,,
Mandai Lake Road,S40,2016,1,9,0.0,,,,,
Mandai Lake Road,S40,2016,1,10,0.0,,,,,
Mandai Lake Road,S40,2016,1,11,14.8,,,,,
Mandai Lake Road,S40,2016,1,12,0.0,,,,,
Mandai Lake Road,S40,2016,1,13,0.0,,,,,
Mandai Lake Road,S40,2016,1,14,2.8,,,,,
Mandai Lake Road,S40,2016,1,15,13.0,,,,,
Mandai Lake Road,S40,2016,1,16,0.0,,,,,
Mandai Lake Road,S40,2016,1,17,,,,,,
Mandai Lake Road,S40,2016,1,18,,,,,,
Mandai Lake Road,S40,2016,1,19,,,,,,
Mandai Lake Road,S40,2016,1,20,1.6,,,,,
Mandai Lake Road,S40,2016,1,21,0.6,,,,,
Mandai Lake Road,S40,2016,1,22,29.6,,,,,
Mandai Lake Road,S40,2016,1,23,8.6,,,,,
Mandai Lake Road,S40,2016,1,24,0.0,,,,,
Mandai Lake Road,S40,2016,1,25,7.4,,,,,
Mandai Lake Road,S40,2016,1,26,0.6,,,,,
Mandai Lake Road,S40,2016,1,27,0.2,,,,,
Mandai Lake Road,S40,2016,1,28,18.8,,,,,
Mandai Lake Road,S40,2016,1,29,0.2,,,,,
Mandai Lake Road,S40,2016,1,30,0.0,,,,,
Mandai Lake Road,S40,2016,1,31,12.2,,,,,
Mandai Lake Road,S40,2016,2,1,0.0,,,,,
Mandai Lake Road,S40,2016,2,2,4.8,,,,,
Mandai Lake Road,S40,2016,2,3,0.0,,,,,
Mandai Lake Road,S40,2016,2,4,6.2,,,,,
Mandai Lake Road,S40,2016,2,5,7.8,,,,,
Mandai Lake Road,S40,2016,2,6,3.4,,,,,
Mandai Lake Road,S40,2016,2,7,25.2,,,,,
Mandai Lake Road,S40,2016,2,8,0.0,,,,,
Mandai Lake Road,S40,2016,2,9,0.0,,,,,
Mandai Lake Road,S40,2016,2,10,4.4,,,,,
Mandai Lake Road,S40,2016,2,11,0.0,,,,,
Mandai Lake Road,S40,2016,2,12,6.4,,,,,
Mandai Lake Road,S40,2016,2,13,0.2,,,,,
Mandai Lake Road,S40,2016,2,14,48.2,,,,,
Mandai Lake Road,S40,2016,2,15,0.0,,,,,
Mandai Lake Road,S40,2016,2,16,0.0,,,,,
Mandai Lake Road,S40,2016,2,17,0.0,,,,,
Mandai Lake Road,S40,2016,2,18,0.2,,,,,
Mandai Lake Road,S40,2016,2,19,84.8,,,,,
Mandai Lake Road,S40,2016,2,20,0.0,,,,,
Mandai Lake Road,S40,2016,2,21,0.0,,,,,
Mandai Lake Road,S40,2016,2,22,0.0,,,,,
Mandai Lake Road,S40,2016,2,23,1.2,,,,,
Mandai Lake Road,S40,2016,2,24,14.2,,,,,
Mandai Lake Road,S40,2016,2,25,0.2,,,,,
Mandai Lake Road,S40,2016,2,26,0.0,,,,,
Mandai Lake Road,S40,2016,2,27,0.0,,,,,
Mandai Lake Road,S40,2016,2,28,0.0,,,,,
Mandai Lake Road,S40,2016,2,29,1.2,,,,,
Mandai Lake Road,S40,2016,3,1,0.0,,,,,
Mandai Lake Road,S40,2016,3,2,0.0,,,,,
Mandai Lake Road,S40,2016,3,3,0.0,,,,,
Mandai Lake Road,S40,2016,3,4,3.2,,,,,
Mandai Lake Road,S40,2016,3,5,0.0,,,,,
Mandai Lake Road,S40,2016,3,6,0.0,,,,,
Mandai Lake Road,S40,2016,3,7,2.4,,,,,
Mandai Lake Road,S40,2016,3,8,4.0,,,,,
Mandai Lake Road,S40,2016,3,9,0.0,,,,,
Mandai Lake Road,S40,2016,3,10,13.0,,,,,
Mandai Lake Road,S40,2016,3,11,0.0,,,,,
Mandai Lake Road,S40,2016,3,12,0.0,,,,,
Mandai Lake Road,S40,2016,3,13,17.8,,,,,
Mandai Lake Road,S40,2016,3,14,2.6,,,,,
Mandai Lake Road,S40,2016,3,15,0.0,,,,,
Mandai Lake Road,S40,2016,3,16,0.0,,,,,
Mandai Lake Road,S40,2016,3,17,0.0,,,,,
Mandai Lake Road,S40,2016,3,18,0.0,,,,,
Mandai Lake Road,S40,2016,3,19,0.0,,,,,
Mandai Lake Road,S40,2016,3,20,3.6,,,,,
Mandai Lake Road,S40,2016,3,21,34.8,,,,,
Mandai Lake Road,S40,2016,3,22,0.0,,,,,
Mandai Lake Road,S40,2016,3,23,0.0,,,,,
Mandai Lake Road,S40,2016,3,24,2.0,,,,,
Mandai Lake Road,S40,2016,3,25,1.0,,,,,
Mandai Lake Road,S40,2016,3,26,0.0,,,,,
Mandai Lake Road,S40,2016,3,27,0.0,,,,,
Mandai Lake Road,S40,2016,3,28,0.0,,,,,
Mandai Lake Road,S40,2016,3,29,0.0,,,,,
Mandai Lake Road,S40,2016,3,30,0.0,,,,,
Mandai Lake Road,S40,2016,3,31,0.0,,,,,
Mandai Lake Road,S40,2016,4,1,0.0,,,,,
Mandai Lake Road,S40,2016,4,2,0.0,,,,,
Mandai Lake Road,S40,2016,4,3,81.8,,,,,
Mandai Lake Road,S40,2016,4,4,0.2,,,,,
Mandai Lake Road,S40,2016,4,5,0.0,,,,,
Mandai Lake Road,S40,2016,4,6,0.0,,,,,
Mandai Lake Road,S40,2016,4,7,0.0,,,,,
Mandai Lake Road,S40,2016,4,8,0.0,,,,,
Mandai Lake Road,S40,2016,4,9,18.6,,,,,
Mandai Lake Road,S40,2016,4,10,0.6,,,,,
Mandai Lake Road,S40,2016,4,11,0.0,,,,,
Mandai Lake Road,S40,2016,4,12,1.4,,,,,
Mandai Lake Road,S40,2016,4,13,0.0,,,,,
Mandai Lake Road,S40,2016,4,14,0.8,,,,,
Mandai Lake Road,S40,2016,4,15,2.2,,,,,
Mandai Lake Road,S40,2016,4,16,22.0,,,,,
Mandai Lake Road,S40,2016,4,17,4.4,,,,,
Mandai Lake Road,S40,2016,4,18,0.0,,,,,
Mandai Lake Road,S40,2016,4,19,0.0,,,,,
Mandai Lake Road,S40,2016,4,20,1.8,,,,,
Mandai Lake Road,S40,2016,4,21,0.0,,,,,
Mandai Lake Road,S40,2016,4,22,6.6,,,,,
Mandai Lake Road,S40,2016,4,23,7.0,,,,,
Mandai Lake Road,S40,2016,4,24,0.2,,,,,
Mandai Lake Road,S40,2016,4,25,7.0,,,,,
Mandai Lake Road,S40,2016,4,26,0.4,,,,,
Mandai Lake Road,S40,2016,4,27,14.0,,,,,
Mandai Lake Road,S40,2016,4,28,3.8,,,,,
Mandai Lake Road,S40,2016,4,29,2.0,,,,,
Mandai Lake Road,S40,2016,4,30,29.6,,,,,
Mandai Lake Road,S40,2016,5,1,0.2,,,,,
Mandai Lake Road,S40,2016,5,2,58.6,,,,,
Mandai Lake Road,S40,2016,5,3,0.0,,,,,
Mandai Lake Road,S40,2016,5,4,0.0,,,,,
Mandai Lake Road,S40,2016,5,5,14.0,,,,,
Mandai Lake Road,S40,2016,5,6,1.4,,,,,
Mandai Lake Road,S40,2016,5,7,4.4,,,,,
Mandai Lake Road,S40,2016,5,8,0.0,,,,,
Mandai Lake Road,S40,2016,5,9,0.0,,,,,
Mandai Lake Road,S40,2016,5,10,0.0,,,,,
Mandai Lake Road,S40,2016,5,11,51.0,,,,,
Mandai Lake Road,S40,2016,5,12,5.2,,,,,
Mandai Lake Road,S40,2016,5,13,1.6,,,,,
Mandai Lake Road,S40,2016,5,14,12.0,,,,,
Mandai Lake Road,S40,2016,5,15,20.6,,,,,
Mandai Lake Road,S40,2016,5,16,1.8,,,,,
Mandai Lake Road,S40,2016,5,17,2.0,,,,,
Mandai Lake Road,S40,2016,5,18,8.2,,,,,
Mandai Lake Road,S40,2016,5,19,6.4,,,,,
Mandai Lake Road,S40,2016,5,20,1.0,,,,,
Mandai Lake Road,S40,2016,5,21,1.0,,,,,
Mandai Lake Road,S40,2016,5,22,18.8,,,,,
Mandai Lake Road,S40,2016,5,23,0.0,,,,,
Mandai Lake Road,S40,2016,5,24,7.4,,,,,
Mandai Lake Road,S40,2016,5,25,10.4,,,,,
Mandai Lake Road,S40,2016,5,26,0.2,,,,,
Mandai Lake Road,S40,2016,5,27,0.0,,,,,
Mandai Lake Road,S40,2016,5,28,39.8,,,,,
Mandai Lake Road,S40,2016,5,29,0.0,,,,,
Mandai Lake Road,S40,2016,5,30,1.8,,,,,
Mandai Lake Road,S40,2016,5,31,0.0,,,,,
Mandai Lake Road,S40,2016,6,1,1.0,,,,,
Mandai Lake Road,S40,2016,6,2,31.6,,,,,
Mandai Lake Road,S40,2016,6,3,0.0,,,,,
Mandai Lake Road,S40,2016,6,4,0.6,,,,,
Mandai Lake Road,S40,2016,6,5,0.2,,,,,
Mandai Lake Road,S40,2016,6,6,0.0,,,,,
Mandai Lake Road,S40,2016,6,7,0.0,,,,,
Mandai Lake Road,S40,2016,6,8,45.8,,,,,
Mandai Lake Road,S40,2016,6,9,16.2,,,,,
Mandai Lake Road,S40,2016,6,10,0.6,,,,,
Mandai Lake Road,S40,2016,6,11,8.4,,,,,
Mandai Lake Road,S40,2016,6,12,0.0,,,,,
Mandai Lake Road,S40,2016,6,13,0.0,,,,,
Mandai Lake Road,S40,2016,6,14,0.8,,,,,
Mandai Lake Road,S40,2016,6,15,48.2,,,,,
Mandai Lake Road,S40,2016,6,16,3.0,,,,,
Mandai Lake Road,S40,2016,6,17,22.4,,,,,
Mandai Lake Road,S40,2016,6,18,0.2,,,,,
Mandai Lake Road,S40,2016,6,19,0.2,,,,,
Mandai Lake Road,S40,2016,6,20,0.0,,,,,
Mandai Lake Road,S40,2016,6,21,0.0,,,,,
Mandai Lake Road,S40,2016,6,22,11.2,,,,,
Mandai Lake Road,S40,2016,6,23,0.0,,,,,
Mandai Lake Road,S40,2016,6,24,42.6,,,,,
Mandai Lake Road,S40,2016,6,25,0.2,,,,,
Mandai Lake Road,S40,2016,6,26,0.4,,,,,
Mandai Lake Road,S40,2016,6,27,0.0,,,,,
Mandai Lake Road,S40,2016,6,28,0.0,,,,,
Mandai Lake Road,S40,2016,6,29,0.0,,,,,
Mandai Lake Road,S40,2016,6,30,0.0,,,,,
Mandai Lake Road,S40,2016,7,1,0.0,,,,,
Mandai Lake Road,S40,2016,7,2,0.0,,,,,
Mandai Lake Road,S40,2016,7,3,0.0,,,,,
Mandai Lake Road,S40,2016,7,4,0.0,,,,,
Mandai Lake Road,S40,2016,7,5,0.0,,,,,
Mandai Lake Road,S40,2016,7,6,0.2,,,,,
Mandai Lake Road,S40,2016,7,7,8.0,,,,,
Mandai Lake Road,S40,2016,7,8,9.4,,,,,
Mandai Lake Road,S40,2016,7,9,0.0,,,,,
Mandai Lake Road,S40,2016,7,10,0.0,,,,,
Mandai Lake Road,S40,2016,7,11,3.0,,,,,
Mandai Lake Road,S40,2016,7,12,0.0,,,,,
Mandai Lake Road,S40,2016,7,13,16.6,,,,,
Mandai Lake Road,S40,2016,7,14,5.6,,,,,
Mandai Lake Road,S40,2016,7,15,37.6,,,,,
Mandai Lake Road,S40,2016,7,16,0.0,,,,,
Mandai Lake Road,S40,2016,7,17,2.0,,,,,
Mandai Lake Road,S40,2016,7,18,0.6,,,,,
Mandai Lake Road,S40,2016,7,19,47.0,,,,,
Mandai Lake Road,S40,2016,7,20,12.4,,,,,
Mandai Lake Road,S40,2016,7,21,6.4,,,,,
Mandai Lake Road,S40,2016,7,22,3.2,,,,,
Mandai Lake Road,S40,2016,7,23,1.0,,,,,
Mandai Lake Road,S40,2016,7,24,16.6,,,,,
Mandai Lake Road,S40,2016,7,25,0.2,,,,,
Mandai Lake Road,S40,2016,7,26,25.4,,,,,
Mandai Lake Road,S40,2016,7,27,0.0,,,,,
Mandai Lake Road,S40,2016,7,28,57.2,,,,,
Mandai Lake Road,S40,2016,7,29,0.0,,,,,
Mandai Lake Road,S40,2016,7,30,0.0,,,,,
Mandai Lake Road,S40,2016,7,31,7.4,,,,,
Mandai Lake Road,S40,2016,8,1,0.0,,,,,
Mandai Lake Road,S40,2016,8,2,0.0,,,,,
Mandai Lake Road,S40,2016,8,3,2.0,,,,,
Mandai Lake Road,S40,2016,8,4,0.0,,,,,
Mandai Lake Road,S40,2016,8,5,0.2,,,,,
Mandai Lake Road,S40,2016,8,6,0.0,,,,,
Mandai Lake Road,S40,2016,8,7,0.0,,,,,
Mandai Lake Road,S40,2016,8,8,0.0,,,,,
Mandai Lake Road,S40,2016,8,9,0.0,,,,,
Mandai Lake Road,S40,2016,8,10,0.0,,,,,
Mandai Lake Road,S40,2016,8,11,3.6,,,,,
Mandai Lake Road,S40,2016,8,12,5.8,,,,,
Mandai Lake Road,S40,2016,8,13,1.8,,,,,
Mandai Lake Road,S40,2016,8,14,0.2,,,,,
Mandai Lake Road,S40,2016,8,15,0.0,,,,,
Mandai Lake Road,S40,2016,8,16,0.0,,,,,
Mandai Lake Road,S40,2016,8,17,23.0,,,,,
Mandai Lake Road,S40,2016,8,18,0.2,,,,,
Mandai Lake Road,S40,2016,8,19,19.2,,,,,
Mandai Lake Road,S40,2016,8,20,1.4,,,,,
Mandai Lake Road,S40,2016,8,21,25.8,,,,,
Mandai Lake Road,S40,2016,8,22,0.0,,,,,
Mandai Lake Road,S40,2016,8,23,0.0,,,,,
Mandai Lake Road,S40,2016,8,24,26.6,,,,,
Mandai Lake Road,S40,2016,8,25,0.0,,,,,
Mandai Lake Road,S40,2016,8,26,0.0,,,,,
Mandai Lake Road,S40,2016,8,27,0.0,,,,,
Mandai Lake Road,S40,2016,8,28,0.0,,,,,
Mandai Lake Road,S40,2016,8,29,0.0,,,,,
Mandai Lake Road,S40,2016,8,30,2.2,,,,,
Mandai Lake Road,S40,2016,8,31,1.4,,,,,
Mandai Lake Road,S40,2016,9,1,3.4,,,,,
Mandai Lake Road,S40,2016,9,2,0.2,,,,,
Mandai Lake Road,S40,2016,9,3,0.0,,,,,
Mandai Lake Road,S40,2016,9,4,2.0,,,,,
Mandai Lake Road,S40,2016,9,5,0.4,,,,,
Mandai Lake Road,S40,2016,9,6,2.8,,,,,
Mandai Lake Road,S40,2016,9,7,11.6,,,,,
Mandai Lake Road,S40,2016,9,8,0.0,,,,,
Mandai Lake Road,S40,2016,9,9,4.6,,,,,
Mandai Lake Road,S40,2016,9,10,15.8,,,,,
Mandai Lake Road,S40,2016,9,11,14.4,,,,,
Mandai Lake Road,S40,2016,9,12,0.4,,,,,
Mandai Lake Road,S40,2016,9,13,0.2,,,,,
Mandai Lake Road,S40,2016,9,14,7.0,,,,,
Mandai Lake Road,S40,2016,9,15,0.0,,,,,
Mandai Lake Road,S40,2016,9,16,11.6,,,,,
Mandai Lake Road,S40,2016,9,17,0.0,,,,,
Mandai Lake Road,S40,2016,9,18,5.6,,,,,
Mandai Lake Road,S40,2016,9,19,2.0,,,,,
Mandai Lake Road,S40,2016,9,20,2.2,,,,,
Mandai Lake Road,S40,2016,9,21,2.2,,,,,
Mandai Lake Road,S40,2016,9,22,0.0,,,,,
Mandai Lake Road,S40,2016,9,23,0.0,,,,,
Mandai Lake Road,S40,2016,9,24,0.0,,,,,
Mandai Lake Road,S40,2016,9,25,0.0,,,,,
Mandai Lake Road,S40,2016,9,26,0.0,,,,,
Mandai Lake Road,S40,2016,9,27,0.0,,,,,
Mandai Lake Road,S40,2016,9,28,0.0,,,,,
Mandai Lake Road,S40,2016,9,29,0.0,,,,,
Mandai Lake Road,S40,2016,9,30,0.4,,,,,
Mandai Lake Road,S40,2016,10,1,0.0,,,,,
Mandai Lake Road,S40,2016,10,2,0.2,,,,,
Mandai Lake Road,S40,2016,10,3,4.8,,,,,
Mandai Lake Road,S40,2016,10,4,0.4,,,,,
Mandai Lake Road,S40,2016,10,5,0.0,,,,,
Mandai Lake Road,S40,2016,10,6,0.0,,,,,
Mandai Lake Road,S40,2016,10,7,82.0,,,,,
Mandai Lake Road,S40,2016,10,8,0.0,,,,,
Mandai Lake Road,S40,2016,10,9,0.0,,,,,
Mandai Lake Road,S40,2016,10,10,0.0,,,,,
Mandai Lake Road,S40,2016,10,11,0.0,,,,,
Mandai Lake Road,S40,2016,10,12,0.0,,,,,
Mandai Lake Road,S40,2016,10,13,0.0,,,,,
Mandai Lake Road,S40,2016,10,14,15.0,,,,,
Mandai Lake Road,S40,2016,10,15,0.2,,,,,
Mandai Lake Road,S40,2016,10,16,7.8,,,,,
Mandai Lake Road,S40,2016,10,17,0.0,,,,,
Mandai Lake Road,S40,2016,10,18,1.8,,,,,
Mandai Lake Road,S40,2016,10,19,25.6,,,,,
Mandai Lake Road,S40,2016,10,20,0.0,,,,,
Mandai Lake Road,S40,2016,10,21,1.8,,,,,
Mandai Lake Road,S40,2016,10,22,0.0,,,,,
Mandai Lake Road,S40,2016,10,23,0.2,,,,,
Mandai Lake Road,S40,2016,10,24,1.8,,,,,
Mandai Lake Road,S40,2016,10,25,47.8,,,,,
Mandai Lake Road,S40,2016,10,26,1.0,,,,,
Mandai Lake Road,S40,2016,10,27,21.0,,,,,
Mandai Lake Road,S40,2016,10,28,6.4,,,,,
Mandai Lake Road,S40,2016,10,29,7.2,,,,,
Mandai Lake Road,S40,2016,10,30,0.8,,,,,
Mandai Lake Road,S40,2016,10,31,0.0,,,,,
Mandai Lake Road,S40,2016,11,1,52.6,,,,,
Mandai Lake Road,S40,2016,11,2,18.4,,,,,
Mandai Lake Road,S40,2016,11,3,7.0,,,,,
Mandai Lake Road,S40,2016,11,4,0.8,,,,,
Mandai Lake Road,S40,2016,11,5,3.2,,,,,
Mandai Lake Road,S40,2016,11,6,0.8,,,,,
Mandai Lake Road,S40,2016,11,7,1.8,,,,,
Mandai Lake Road,S40,2016,11,8,0.2,,,,,
Mandai Lake Road,S40,2016,11,9,10.0,,,,,
Mandai Lake Road,S40,2016,11,10,0.2,,,,,
Mandai Lake Road,S40,2016,11,11,2.4,,,,,
Mandai Lake Road,S40,2016,11,12,35.6,,,,,
Mandai Lake Road,S40,2016,11,13,0.0,,,,,
Mandai Lake Road,S40,2016,11,14,34.0,,,,,
Mandai Lake Road,S40,2016,11,15,1.4,,,,,
Mandai Lake Road,S40,2016,11,16,4.0,,,,,
Mandai Lake Road,S40,2016,11,17,0.2,,,,,
Mandai Lake Road,S40,2016,11,18,37.0,,,,,
Mandai Lake Road,S40,2016,11,19,4.4,,,,,
Mandai Lake Road,S40,2016,11,20,3.8,,,,,
Mandai Lake Road,S40,2016,11,21,0.6,,,,,
Mandai Lake Road,S40,2016,11,22,0.0,,,,,
Mandai Lake Road,S40,2016,11,23,0.8,,,,,
Mandai Lake Road,S40,2016,11,24,0.0,,,,,
Mandai Lake Road,S40,2016,11,25,42.0,,,,,
Mandai Lake Road,S40,2016,11,26,4.2,,,,,
Mandai Lake Road,S40,2016,11,27,1.0,,,,,
Mandai Lake Road,S40,2016,11,28,0.0,,,,,
Mandai Lake Road,S40,2016,11,29,0.0,,,,,
Mandai Lake Road,S40,2016,11,30,0.0,,,,,
Mandai Lake Road,S40,2016,12,1,9.6,,,,,
Mandai Lake Road,S40,2016,12,2,1.4,,,,,
Mandai Lake Road,S40,2016,12,3,0.0,,,,,
Mandai Lake Road,S40,2016,12,4,0.0,,,,,
Mandai Lake Road,S40,2016,12,5,17.2,,,,,
Mandai Lake Road,S40,2016,12,6,0.4,,,,,
Mandai Lake Road,S40,2016,12,7,0.0,,,,,
Mandai Lake Road,S40,2016,12,8,0.0,,,,,
Mandai Lake Road,S40,2016,12,9,13.8,,,,,
Mandai Lake Road,S40,2016,12,10,4.8,,,,,
Mandai Lake Road,S40,2016,12,11,1.4,,,,,
Mandai Lake Road,S40,2016,12,12,0.0,,,,,
Mandai Lake Road,S40,2016,12,13,4.0,,,,,
Mandai Lake Road,S40,2016,12,14,0.2,,,,,
Mandai Lake Road,S40,2016,12,15,0.0,,,,,
Mandai Lake Road,S40,2016,12,16,0.0,,,,,
Mandai Lake Road,S40,2016,12,17,2.0,,,,,
Mandai Lake Road,S40,2016,12,18,11.0,,,,,
Mandai Lake Road,S40,2016,12,19,3.2,,,,,
Mandai Lake Road,S40,2016,12,20,0.4,,,,,
Mandai Lake Road,S40,2016,12,21,0.2,,,,,
Mandai Lake Road,S40,2016,12,22,15.6,,,,,
Mandai Lake Road,S40,2016,12,23,41.2,,,,,
Mandai Lake Road,S40,2016,12,24,30.0,,,,,
Mandai Lake Road,S40,2016,12,25,35.6,,,,,
Mandai Lake Road,S40,2016,12,26,0.2,,,,,
Mandai Lake Road,S40,2016,12,27,8.6,,,,,
Mandai Lake Road,S40,2016,12,28,4.0,,,,,
Mandai Lake Road,S40,2016,12,29,0.0,,,,,
Mandai Lake Road,S40,2016,12,30,1.6,,,,,
Mandai Lake Road,S40,2016,12,31,0.0,,,,,
Mandai Lake Road,S40,2017,1,1,2.4,,,,,
Mandai Lake Road,S40,2017,1,2,63.2,,,,,
Mandai Lake Road,S40,2017,1,3,0.2,,,,,
Mandai Lake Road,S40,2017,1,4,0.8,,,,,
Mandai Lake Road,S40,2017,1,5,1.4,,,,,
Mandai Lake Road,S40,2017,1,6,0.0,,,,,
Mandai Lake Road,S40,2017,1,7,0.0,,,,,
Mandai Lake Road,S40,2017,1,8,0.0,,,,,
Mandai Lake Road,S40,2017,1,9,0.0,,,,,
Mandai Lake Road,S40,2017,1,10,0.2,,,,,
Mandai Lake Road,S40,2017,1,11,19.0,,,,,
Mandai Lake Road,S40,2017,1,12,0.0,,,,,
Mandai Lake Road,S40,2017,1,13,0.0,,,,,
Mandai Lake Road,S40,2017,1,14,0.0,,,,,
Mandai Lake Road,S40,2017,1,15,0.0,,,,,
Mandai Lake Road,S40,2017,1,16,0.0,,,,,
Mandai Lake Road,S40,2017,1,17,0.0,,,,,
Mandai Lake Road,S40,2017,1,18,18.2,,,,,
Mandai Lake Road,S40,2017,1,19,30.2,,,,,
Mandai Lake Road,S40,2017,1,20,9.8,,,,,
Mandai Lake Road,S40,2017,1,21,42.0,,,,,
Mandai Lake Road,S40,2017,1,22,10.2,,,,,
Mandai Lake Road,S40,2017,1,23,59.8,,,,,
Mandai Lake Road,S40,2017,1,24,16.4,,,,,
Mandai Lake Road,S40,2017,1,25,8.8,,,,,
Mandai Lake Road,S40,2017,1,26,7.8,,,,,
Mandai Lake Road,S40,2017,1,27,0.0,,,,,
Mandai Lake Road,S40,2017,1,28,0.2,,,,,
Mandai Lake Road,S40,2017,1,29,0.2,,,,,
Mandai Lake Road,S40,2017,1,30,16.2,,,,,
Mandai Lake Road,S40,2017,1,31,0.0,,,,,
Mandai Lake Road,S40,2017,2,1,0.0,,,,,
Mandai Lake Road,S40,2017,2,2,11.8,,,,,
Mandai Lake Road,S40,2017,2,3,18.6,,,,,
Mandai Lake Road,S40,2017,2,4,4.8,,,,,
Mandai Lake Road,S40,2017,2,5,0.0,,,,,
Mandai Lake Road,S40,2017,2,6,0.0,,,,,
Mandai Lake Road,S40,2017,2,7,12.2,,,,,
Mandai Lake Road,S40,2017,2,8,31.0,,,,,
Mandai Lake Road,S40,2017,2,9,0.0,,,,,
Mandai Lake Road,S40,2017,2,10,0.0,,,,,
Mandai Lake Road,S40,2017,2,11,0.0,,,,,
Mandai Lake Road,S40,2017,2,12,4.6,,,,,
Mandai Lake Road,S40,2017,2,13,7.8,,,,,
Mandai Lake Road,S40,2017,2,14,1.8,,,,,
Mandai Lake Road,S40,2017,2,15,4.6,,,,,
Mandai Lake Road,S40,2017,2,16,0.0,,,,,
Mandai Lake Road,S40,2017,2,17,0.0,,,,,
Mandai Lake Road,S40,2017,2,18,0.0,,,,,
Mandai Lake Road,S40,2017,2,19,0.0,,,,,
Mandai Lake Road,S40,2017,2,20,0.4,,,,,
Mandai Lake Road,S40,2017,2,21,4.0,,,,,
Mandai Lake Road,S40,2017,2,22,0.0,,,,,
Mandai Lake Road,S40,2017,2,23,20.8,,,,,
Mandai Lake Road,S40,2017,2,24,6.8,,,,,
Mandai Lake Road,S40,2017,2,25,8.8,,,,,
Mandai Lake Road,S40,2017,2,26,0.4,,,,,
Mandai Lake Road,S40,2017,2,27,4.8,,,,,
Mandai Lake Road,S40,2017,2,28,7.6,,,,,
Mandai Lake Road,S40,2017,3,1,21.8,,,,,
Mandai Lake Road,S40,2017,3,2,0.8,,,,,
Mandai Lake Road,S40,2017,3,3,32.8,,,,,
Mandai Lake Road,S40,2017,3,4,5.2,,,,,
Mandai Lake Road,S40,2017,3,5,1.0,,,,,
Mandai Lake Road,S40,2017,3,6,4.4,,,,,
Mandai Lake Road,S40,2017,3,7,5.4,,,,,
Mandai Lake Road,S40,2017,3,8,0.0,,,,,
Mandai Lake Road,S40,2017,3,9,0.0,,,,,
Mandai Lake Road,S40,2017,3,10,0.0,,,,,
Mandai Lake Road,S40,2017,3,11,10.6,,,,,
Mandai Lake Road,S40,2017,3,12,27.8,,,,,
Mandai Lake Road,S40,2017,3,13,0.4,,,,,
Mandai Lake Road,S40,2017,3,14,0.6,,,,,
Mandai Lake Road,S40,2017,3,15,0.0,,,,,
Mandai Lake Road,S40,2017,3,16,3.2,,,,,
Mandai Lake Road,S40,2017,3,17,2.6,,,,,
Mandai Lake Road,S40,2017,3,18,0.0,,,,,
Mandai Lake Road,S40,2017,3,19,25.2,,,,,
Mandai Lake Road,S40,2017,3,20,8.0,,,,,
Mandai Lake Road,S40,2017,3,21,0.0,,,,,
Mandai Lake Road,S40,2017,3,22,8.0,,,,,
Mandai Lake Road,S40,2017,3,23,0.0,,,,,
Mandai Lake Road,S40,2017,3,24,0.0,,,,,
Mandai Lake Road,S40,2017,3,25,110.4,,,,,
Mandai Lake Road,S40,2017,3,26,0.2,,,,,
Mandai Lake Road,S40,2017,3,27,0.0,,,,,
Mandai Lake Road,S40,2017,3,28,1.8,,,,,
Mandai Lake Road,S40,2017,3,29,0.8,,,,,
Mandai Lake Road,S40,2017,3,30,6.2,,,,,
Mandai Lake Road,S40,2017,3,31,0.4,,,,,
Mandai Lake Road,S40,2017,4,1,0.8,,,,,
Mandai Lake Road,S40,2017,4,2,0.2,,,,,
Mandai Lake Road,S40,2017,4,3,4.8,,,,,
Mandai Lake Road,S40,2017,4,4,7.8,,,,,
Mandai Lake Road,S40,2017,4,5,0.2,,,,,
Mandai Lake Road,S40,2017,4,6,0.0,,,,,
Mandai Lake Road,S40,2017,4,7,5.0,,,,,
Mandai Lake Road,S40,2017,4,8,5.0,,,,,
Mandai Lake Road,S40,2017,4,9,0.0,,,,,
Mandai Lake Road,S40,2017,4,10,0.0,,,,,
Mandai Lake Road,S40,2017,4,11,0.0,,,,,
Mandai Lake Road,S40,2017,4,12,8.4,,,,,
Mandai Lake Road,S40,2017,4,13,9.2,,,,,
Mandai Lake Road,S40,2017,4,14,2.4,,,,,
Mandai Lake Road,S40,2017,4,15,0.4,,,,,
Mandai Lake Road,S40,2017,4,16,30.8,,,,,
Mandai Lake Road,S40,2017,4,17,5.4,,,,,
Mandai Lake Road,S40,2017,4,18,9.8,,,,,
Mandai Lake Road,S40,2017,4,19,4.8,,,,,
Mandai Lake Road,S40,2017,4,20,37.6,,,,,
Mandai Lake Road,S40,2017,4,21,11.0,,,,,
Mandai Lake Road,S40,2017,4,22,1.2,,,,,
Mandai Lake Road,S40,2017,4,23,0.0,,,,,
Mandai Lake Road,S40,2017,4,24,5.0,,,,,
Mandai Lake Road,S40,2017,4,25,,,,,,
Mandai Lake Road,S40,2017,4,26,,,,,,
Mandai Lake Road,S40,2017,4,27,0.2,,,,,
Mandai Lake Road,S40,2017,4,28,23.6,,,,,
Mandai Lake Road,S40,2017,4,29,0.0,,,,,
Mandai Lake Road,S40,2017,4,30,0.0,,,,,
Mandai Lake Road,S40,2017,5,1,3.0,,,,,
Mandai Lake Road,S40,2017,5,2,2.6,,,,,
Mandai Lake Road,S40,2017,5,3,0.2,,,,,
Mandai Lake Road,S40,2017,5,4,2.2,,,,,
Mandai Lake Road,S40,2017,5,5,0.0,,,,,
Mandai Lake Road,S40,2017,5,6,0.0,,,,,
Mandai Lake Road,S40,2017,5,7,1.0,,,,,
Mandai Lake Road,S40,2017,5,8,0.0,,,,,
Mandai Lake Road,S40,2017,5,9,0.0,,,,,
Mandai Lake Road,S40,2017,5,10,3.4,,,,,
Mandai Lake Road,S40,2017,5,11,0.2,,,,,
Mandai Lake Road,S40,2017,5,12,0.0,,,,,
Mandai Lake Road,S40,2017,5,13,12.8,,,,,
Mandai Lake Road,S40,2017,5,14,,,,,,
Mandai Lake Road,S40,2017,5,15,,,,,,
Mandai Lake Road,S40,2017,5,16,,,,,,
Mandai Lake Road,S40,2017,5,17,0.0,,,,,
Mandai Lake Road,S40,2017,5,18,3.4,,,,,
Mandai Lake Road,S40,2017,5,19,0.0,,,,,
Mandai Lake Road,S40,2017,5,20,0.0,,,,,
Mandai Lake Road,S40,2017,5,21,39.8,,,,,
Mandai Lake Road,S40,2017,5,22,20.4,,,,,
Mandai Lake Road,S40,2017,5,23,0.4,,,,,
Mandai Lake Road,S40,2017,5,24,54.0,,,,,
Mandai Lake Road,S40,2017,5,25,,,,,,
Mandai Lake Road,S40,2017,5,26,,,,,,
Mandai Lake Road,S40,2017,5,27,,,,,,
Mandai Lake Road,S40,2017,5,28,0.0,,,,,
Mandai Lake Road,S40,2017,5,29,0.0,,,,,
Mandai Lake Road,S40,2017,5,30,25.0,,,,,
Mandai Lake Road,S40,2017,5,31,62.6,,,,,
Mandai Lake Road,S40,2017,6,1,6.4,,,,,
Mandai Lake Road,S40,2017,6,2,0.0,,,,,
Mandai Lake Road,S40,2017,6,3,0.0,,,,,
Mandai Lake Road,S40,2017,6,4,0.0,,,,,
Mandai Lake Road,S40,2017,6,5,0.0,,,,,
Mandai Lake Road,S40,2017,6,6,0.0,,,,,
Mandai Lake Road,S40,2017,6,7,0.0,,,,,
Mandai Lake Road,S40,2017,6,8,0.4,,,,,
Mandai Lake Road,S40,2017,6,9,0.0,,,,,
Mandai Lake Road,S40,2017,6,10,,,,,,
Mandai Lake Road,S40,2017,6,11,0.0,,,,,
Mandai Lake Road,S40,2017,6,12,0.0,,,,,
Mandai Lake Road,S40,2017,6,13,0.0,,,,,
Mandai Lake Road,S40,2017,6,14,,,,,,
Mandai Lake Road,S40,2017,6,15,0.0,,,,,
Mandai Lake Road,S40,2017,6,16,0.2,,,,,
Mandai Lake Road,S40,2017,6,17,0.0,,,,,
Mandai Lake Road,S40,2017,6,18,137.0,,,,,
Mandai Lake Road,S40,2017,6,19,0.2,,,,,
Mandai Lake Road,S40,2017,6,20,0.2,,,,,
Mandai Lake Road,S40,2017,6,21,2.8,,,,,
Mandai Lake Road,S40,2017,6,22,0.0,,,,,
Mandai Lake Road,S40,2017,6,23,,,,,,
Mandai Lake Road,S40,2017,6,24,0.0,,,,,
Mandai Lake Road,S40,2017,6,25,5.4,,,,,
Mandai Lake Road,S40,2017,6,26,9.2,,,,,
Mandai Lake Road,S40,2017,6,27,,,,,,
Mandai Lake Road,S40,2017,6,28,20.2,,,,,
Mandai Lake Road,S40,2017,6,29,,,,,,
Mandai Lake Road,S40,2017,6,30,0.2,,,,,
Mandai Lake Road,S40,2017,7,1,0.0,,,,,
Mandai Lake Road,S40,2017,7,2,0.0,,,,,
Mandai Lake Road,S40,2017,7,3,1.4,,,,,
Mandai Lake Road,S40,2017,7,4,0.0,,,,,
Mandai Lake Road,S40,2017,7,5,39.6,,,,,
Mandai Lake Road,S40,2017,7,6,,,,,,
Mandai Lake Road,S40,2017,7,7,,,,,,
Mandai Lake Road,S40,2017,7,8,8.6,,,,,
Mandai Lake Road,S40,2017,7,9,2.0,,,,,
Mandai Lake Road,S40,2017,7,10,2.2,,,,,
Mandai Lake Road,S40,2017,7,11,0.8,,,,,
Mandai Lake Road,S40,2017,7,12,7.0,,,,,
Mandai Lake Road,S40,2017,7,13,9.6,,,,,
Mandai Lake Road,S40,2017,7,14,78.8,,,,,
Mandai Lake Road,S40,2017,7,15,0.8,,,,,
Mandai Lake Road,S40,2017,7,16,0.0,,,,,
Mandai Lake Road,S40,2017,7,17,0.0,,,,,
Mandai Lake Road,S40,2017,7,18,0.0,,,,,
Mandai Lake Road,S40,2017,7,19,0.0,,,,,
Mandai Lake Road,S40,2017,7,20,0.0,,,,,
Mandai Lake Road,S40,2017,7,21,0.0,,,,,
Mandai Lake Road,S40,2017,7,22,0.0,,,,,
Mandai Lake Road,S40,2017,7,23,0.0,,,,,
Mandai Lake Road,S40,2017,7,24,0.0,,,,,
Mandai Lake Road,S40,2017,7,25,0.0,,,,,
Mandai Lake Road,S40,2017,7,26,3.4,,,,,
Mandai Lake Road,S40,2017,7,27,0.0,,,,,
Mandai Lake Road,S40,2017,7,28,0.0,,,,,
Mandai Lake Road,S40,2017,7,29,0.0,,,,,
Mandai Lake Road,S40,2017,7,30,5.8,,,,,
Mandai Lake Road,S40,2017,7,31,0.0,,,,,
Mandai Lake Road,S40,2017,8,1,8.6,,,,,
Mandai Lake Road,S40,2017,8,2,0.0,,,,,
Mandai Lake Road,S40,2017,8,3,0.0,,,,,
Mandai Lake Road,S40,2017,8,4,0.0,,,,,
Mandai Lake Road,S40,2017,8,5,0.0,,,,,
Mandai Lake Road,S40,2017,8,6,3.6,,,,,
Mandai Lake Road,S40,2017,8,7,0.2,,,,,
Mandai Lake Road,S40,2017,8,8,9.8,,,,,
Mandai Lake Road,S40,2017,8,9,0.4,,,,,
Mandai Lake Road,S40,2017,8,10,0.0,,,,,
Mandai Lake Road,S40,2017,8,11,62.8,,,,,
Mandai Lake Road,S40,2017,8,12,18.4,,,,,
Mandai Lake Road,S40,2017,8,13,0.0,,,,,
Mandai Lake Road,S40,2017,8,14,0.0,,,,,
Mandai Lake Road,S40,2017,8,15,10.8,,,,,
Mandai Lake Road,S40,2017,8,16,0.0,,,,,
Mandai Lake Road,S40,2017,8,17,61.2,,,,,
Mandai Lake Road,S40,2017,8,18,1.4,,,,,
Mandai Lake Road,S40,2017,8,19,0.0,,,,,
Mandai Lake Road,S40,2017,8,20,0.0,,,,,
Mandai Lake Road,S40,2017,8,21,21.8,,,,,
Mandai Lake Road,S40,2017,8,22,0.2,,,,,
Mandai Lake Road,S40,2017,8,23,0.0,,,,,
Mandai Lake Road,S40,2017,8,24,0.0,,,,,
Mandai Lake Road,S40,2017,8,25,0.0,,,,,
Mandai Lake Road,S40,2017,8,26,0.0,,,,,
Mandai Lake Road,S40,2017,8,27,0.0,,,,,
Mandai Lake Road,S40,2017,8,28,0.0,,,,,
Mandai Lake Road,S40,2017,8,29,0.6,,,,,
Mandai Lake Road,S40,2017,8,30,0.2,,,,,
Mandai Lake Road,S40,2017,8,31,0.0,,,,,
Mandai Lake Road,S40,2017,9,1,1.0,,,,,
Mandai Lake Road,S40,2017,9,2,0.0,,,,,
Mandai Lake Road,S40,2017,9,3,0.0,,,,,
Mandai Lake Road,S40,2017,9,4,0.0,,,,,
Mandai Lake Road,S40,2017,9,5,1.2,,,,,
Mandai Lake Road,S40,2017,9,6,35.6,,,,,
Mandai Lake Road,S40,2017,9,7,0.8,,,,,
Mandai Lake Road,S40,2017,9,8,50.8,,,,,
Mandai Lake Road,S40,2017,9,9,0.0,,,,,
Mandai Lake Road,S40,2017,9,10,0.6,,,,,
Mandai Lake Road,S40,2017,9,11,16.2,,,,,
Mandai Lake Road,S40,2017,9,12,0.0,,,,,
Mandai Lake Road,S40,2017,9,13,0.0,,,,,
Mandai Lake Road,S40,2017,9,14,6.8,,,,,
Mandai Lake Road,S40,2017,9,15,11.4,,,,,
Mandai Lake Road,S40,2017,9,16,2.2,,,,,
Mandai Lake Road,S40,2017,9,17,1.6,,,,,
Mandai Lake Road,S40,2017,9,18,7.2,,,,,
Mandai Lake Road,S40,2017,9,19,42.0,,,,,
Mandai Lake Road,S40,2017,9,20,18.2,,,,,
Mandai Lake Road,S40,2017,9,21,3.4,,,,,
Mandai Lake Road,S40,2017,9,22,0.0,,,,,
Mandai Lake Road,S40,2017,9,23,6.0,,,,,
Mandai Lake Road,S40,2017,9,24,0.6,,,,,
Mandai Lake Road,S40,2017,9,25,1.4,,,,,
Mandai Lake Road,S40,2017,9,26,20.2,,,,,
Mandai Lake Road,S40,2017,9,27,0.0,,,,,
Mandai Lake Road,S40,2017,9,28,0.2,,,,,
Mandai Lake Road,S40,2017,9,29,15.4,,,,,
Mandai Lake Road,S40,2017,9,30,0.0,,,,,
Mandai Lake Road,S40,2017,10,1,5.6,,,,,
Mandai Lake Road,S40,2017,10,2,0.0,,,,,
Mandai Lake Road,S40,2017,10,3,1.0,,,,,
Mandai Lake Road,S40,2017,10,4,3.8,,,,,
Mandai Lake Road,S40,2017,10,5,23.8,,,,,
Mandai Lake Road,S40,2017,10,6,19.2,,,,,
Mandai Lake Road,S40,2017,10,7,16.8,,,,,
Mandai Lake Road,S40,2017,10,8,42.8,,,,,
Mandai Lake Road,S40,2017,10,9,22.8,,,,,
Mandai Lake Road,S40,2017,10,10,1.2,,,,,
Mandai Lake Road,S40,2017,10,11,6.4,,,,,
Mandai Lake Road,S40,2017,10,12,2.8,,,,,
Mandai Lake Road,S40,2017,10,13,1.6,,,,,
Mandai Lake Road,S40,2017,10,14,0.0,,,,,
Mandai Lake Road,S40,2017,10,15,0.0,,,,,
Mandai Lake Road,S40,2017,10,16,0.0,,,,,
Mandai Lake Road,S40,2017,10,17,0.0,,,,,
Mandai Lake Road,S40,2017,10,18,0.0,,,,,
Mandai Lake Road,S40,2017,10,19,0.0,,,,,
Mandai Lake Road,S40,2017,10,20,0.0,,,,,
Mandai Lake Road,S40,2017,10,21,0.0,,,,,
Mandai Lake Road,S40,2017,10,22,0.0,,,,,
Mandai Lake Road,S40,2017,10,23,0.2,,,,,
Mandai Lake Road,S40,2017,10,24,0.0,,,,,
Mandai Lake Road,S40,2017,10,25,0.2,,,,,
Mandai Lake Road,S40,2017,10,26,0.0,,,,,
Mandai Lake Road,S40,2017,10,27,0.0,,,,,
Mandai Lake Road,S40,2017,10,28,0.0,,,,,
Mandai Lake Road,S40,2017,10,29,0.2,,,,,
Mandai Lake Road,S40,2017,10,30,7.2,,,,,
Mandai Lake Road,S40,2017,10,31,2.4,,,,,
Mandai Lake Road,S40,2017,11,1,0.0,,,,,
Mandai Lake Road,S40,2017,11,2,0.0,,,,,
Mandai Lake Road,S40,2017,11,3,41.8,,,,,
Mandai Lake Road,S40,2017,11,4,18.6,,,,,
Mandai Lake Road,S40,2017,11,5,6.4,,,,,
Mandai Lake Road,S40,2017,11,6,44.0,,,,,
Mandai Lake Road,S40,2017,11,7,1.0,,,,,
Mandai Lake Road,S40,2017,11,8,2.6,,,,,
Mandai Lake Road,S40,2017,11,9,20.2,,,,,
Mandai Lake Road,S40,2017,11,10,36.4,,,,,
Mandai Lake Road,S40,2017,11,11,18.2,,,,,
Mandai Lake Road,S40,2017,11,12,1.2,,,,,
Mandai Lake Road,S40,2017,11,13,26.2,,,,,
Mandai Lake Road,S40,2017,11,14,72.8,,,,,
Mandai Lake Road,S40,2017,11,15,0.0,,,,,
Mandai Lake Road,S40,2017,11,16,11.4,,,,,
Mandai Lake Road,S40,2017,11,17,42.4,,,,,
Mandai Lake Road,S40,2017,11,18,40.6,,,,,
Mandai Lake Road,S40,2017,11,19,0.4,,,,,
Mandai Lake Road,S40,2017,11,20,13.0,,,,,
Mandai Lake Road,S40,2017,11,21,,,,,,
Mandai Lake Road,S40,2017,11,22,0.0,,,,,
Mandai Lake Road,S40,2017,11,23,16.0,,,,,
Mandai Lake Road,S40,2017,11,24,5.0,,,,,
Mandai Lake Road,S40,2017,11,25,0.6,,,,,
Mandai Lake Road,S40,2017,11,26,11.4,,,,,
Mandai Lake Road,S40,2017,11,27,1.2,,,,,
Mandai Lake Road,S40,2017,11,28,2.0,,,,,
Mandai Lake Road,S40,2017,11,29,2.0,,,,,
Mandai Lake Road,S40,2017,11,30,0.0,,,,,
Mandai Lake Road,S40,2017,12,1,0.0,,,,,
Mandai Lake Road,S40,2017,12,2,0.0,,,,,
Mandai Lake Road,S40,2017,12,3,0.0,,,,,
Mandai Lake Road,S40,2017,12,4,1.0,,,,,
Mandai Lake Road,S40,2017,12,5,1.8,,,,,
Mandai Lake Road,S40,2017,12,6,0.4,,,,,
Mandai Lake Road,S40,2017,12,7,9.2,,,,,
Mandai Lake Road,S40,2017,12,8,0.0,,,,,
Mandai Lake Road,S40,2017,12,9,0.8,,,,,
Mandai Lake Road,S40,2017,12,10,52.4,,,,,
Mandai Lake Road,S40,2017,12,11,20.2,,,,,
Mandai Lake Road,S40,2017,12,12,5.6,,,,,
Mandai Lake Road,S40,2017,12,13,57.0,,,,,
Mandai Lake Road,S40,2017,12,14,1.4,,,,,
Mandai Lake Road,S40,2017,12,15,3.2,,,,,
Mandai Lake Road,S40,2017,12,16,19.0,,,,,
Mandai Lake Road,S40,2017,12,17,0.0,,,,,
Mandai Lake Road,S40,2017,12,18,0.0,,,,,
Mandai Lake Road,S40,2017,12,19,2.4,,,,,
Mandai Lake Road,S40,2017,12,20,0.0,,,,,
Mandai Lake Road,S40,2017,12,21,0.0,,,,,
Mandai Lake Road,S40,2017,12,22,28.6,,,,,
Mandai Lake Road,S40,2017,12,23,6.6,,,,,
Mandai Lake Road,S40,2017,12,24,0.6,,,,,
Mandai Lake Road,S40,2017,12,25,17.2,,,,,
Mandai Lake Road,S40,2017,12,26,6.8,,,,,
Mandai Lake Road,S40,2017,12,27,5.8,,,,,
Mandai Lake Road,S40,2017,12,28,9.8,,,,,
Mandai Lake Road,S40,2017,12,29,2.4,,,,,
Mandai Lake Road,S40,2017,12,30,10.0,,,,,
Mandai Lake Road,S40,2017,12,31,73.0,,,,,
Mandai Lake Road,S40,2018,1,1,91.6,,,,,
Mandai Lake Road,S40,2018,1,2,3.8,,,,,
Mandai Lake Road,S40,2018,1,3,0.4,,,,,
Mandai Lake Road,S40,2018,1,4,0.2,,,,,
Mandai Lake Road,S40,2018,1,5,7.4,,,,,
Mandai Lake Road,S40,2018,1,6,0.0,,,,,
Mandai Lake Road,S40,2018,1,7,1.4,,,,,
Mandai Lake Road,S40,2018,1,8,62.8,,,,,
Mandai Lake Road,S40,2018,1,9,13.0,,,,,
Mandai Lake Road,S40,2018,1,10,21.2,,,,,
Mandai Lake Road,S40,2018,1,11,14.2,,,,,
Mandai Lake Road,S40,2018,1,12,9.6,,,,,
Mandai Lake Road,S40,2018,1,13,16.8,,,,,
Mandai Lake Road,S40,2018,1,14,7.2,,,,,
Mandai Lake Road,S40,2018,1,15,0.8,,,,,
Mandai Lake Road,S40,2018,1,16,0.0,,,,,
Mandai Lake Road,S40,2018,1,17,0.0,,,,,
Mandai Lake Road,S40,2018,1,18,0.0,,,,,
Mandai Lake Road,S40,2018,1,19,32.8,,,,,
Mandai Lake Road,S40,2018,1,20,0.0,,,,,
Mandai Lake Road,S40,2018,1,21,1.4,,,,,
Mandai Lake Road,S40,2018,1,22,0.2,,,,,
Mandai Lake Road,S40,2018,1,23,9.2,,,,,
Mandai Lake Road,S40,2018,1,24,18.6,,,,,
Mandai Lake Road,S40,2018,1,25,13.6,,,,,
Mandai Lake Road,S40,2018,1,26,10.2,,,,,
Mandai Lake Road,S40,2018,1,27,0.2,,,,,
Mandai Lake Road,S40,2018,1,28,21.2,,,,,
Mandai Lake Road,S40,2018,1,29,0.0,,,,,
Mandai Lake Road,S40,2018,1,30,7.4,,,,,
Mandai Lake Road,S40,2018,1,31,7.0,,,,,
Mandai Lake Road,S40,2018,2,1,2.8,,,,,
Mandai Lake Road,S40,2018,2,2,6.4,,,,,
Mandai Lake Road,S40,2018,2,3,2.2,,,,,
Mandai Lake Road,S40,2018,2,4,0.2,,,,,
Mandai Lake Road,S40,2018,2,5,0.0,,,,,
Mandai Lake Road,S40,2018,2,6,0.0,,,,,
Mandai Lake Road,S40,2018,2,7,0.0,,,,,
Mandai Lake Road,S40,2018,2,8,0.0,,,,,
Mandai Lake Road,S40,2018,2,9,0.0,,,,,
Mandai Lake Road,S40,2018,2,10,0.0,,,,,
Mandai Lake Road,S40,2018,2,11,0.0,,,,,
Mandai Lake Road,S40,2018,2,12,0.0,,,,,
Mandai Lake Road,S40,2018,2,13,0.0,,,,,
Mandai Lake Road,S40,2018,2,14,0.0,,,,,
Mandai Lake Road,S40,2018,2,15,9.8,,,,,
Mandai Lake Road,S40,2018,2,16,0.0,,,,,
Mandai Lake Road,S40,2018,2,17,0.0,,,,,
Mandai Lake Road,S40,2018,2,18,0.0,,,,,
Mandai Lake Road,S40,2018,2,19,0.0,,,,,
Mandai Lake Road,S40,2018,2,20,0.0,,,,,
Mandai Lake Road,S40,2018,2,21,0.0,,,,,
Mandai Lake Road,S40,2018,2,22,0.0,,,,,
Mandai Lake Road,S40,2018,2,23,5.5,,,,,
Mandai Lake Road,S40,2018,2,24,2.5,,,,,
Mandai Lake Road,S40,2018,2,25,0.0,,,,,
Mandai Lake Road,S40,2018,2,26,0.0,,,,,
Mandai Lake Road,S40,2018,2,27,0.0,,,,,
Mandai Lake Road,S40,2018,2,28,49.0,,,,,
Mandai Lake Road,S40,2018,3,1,0.0,,,,,
Mandai Lake Road,S40,2018,3,2,52.2,,,,,
Mandai Lake Road,S40,2018,3,3,3.0,,,,,
Mandai Lake Road,S40,2018,3,4,21.6,,,,,
Mandai Lake Road,S40,2018,3,5,0.0,,,,,
Mandai Lake Road,S40,2018,3,6,2.2,,,,,
Mandai Lake Road,S40,2018,3,7,6.8,,,,,
Mandai Lake Road,S40,2018,3,8,0.2,,,,,
Mandai Lake Road,S40,2018,3,9,0.0,,,,,
Mandai Lake Road,S40,2018,3,10,12.2,,,,,
Mandai Lake Road,S40,2018,3,11,0.0,,,,,
Mandai Lake Road,S40,2018,3,12,0.0,,,,,
Mandai Lake Road,S40,2018,3,13,0.2,,,,,
Mandai Lake Road,S40,2018,3,14,0.0,,,,,
Mandai Lake Road,S40,2018,3,15,0.0,,,,,
Mandai Lake Road,S40,2018,3,16,0.0,,,,,
Mandai Lake Road,S40,2018,3,17,0.0,,,,,
Mandai Lake Road,S40,2018,3,18,0.0,,,,,
Mandai Lake Road,S40,2018,3,19,0.0,,,,,
Mandai Lake Road,S40,2018,3,20,9.0,,,,,
Mandai Lake Road,S40,2018,3,21,0.0,,,,,
Mandai Lake Road,S40,2018,3,22,0.0,,,,,
Mandai Lake Road,S40,2018,3,23,0.0,,,,,
Mandai Lake Road,S40,2018,3,24,0.0,,,,,
Mandai Lake Road,S40,2018,3,25,1.8,,,,,
Mandai Lake Road,S40,2018,3,26,0.0,,,,,
Mandai Lake Road,S40,2018,3,27,3.6,,,,,
Mandai Lake Road,S40,2018,3,28,3.6,,,,,
Mandai Lake Road,S40,2018,3,29,2.4,,,,,
Mandai Lake Road,S40,2018,3,30,9.4,,,,,
Mandai Lake Road,S40,2018,3,31,0.0,,,,,
Mandai Lake Road,S40,2018,4,1,37.8,,,,,
Mandai Lake Road,S40,2018,4,2,5.2,,,,,
Mandai Lake Road,S40,2018,4,3,0.0,,,,,
Mandai Lake Road,S40,2018,4,4,0.0,,,,,
Mandai Lake Road,S40,2018,4,5,0.0,,,,,
Mandai Lake Road,S40,2018,4,6,0.0,,,,,
Mandai Lake Road,S40,2018,4,7,1.6,,,,,
Mandai Lake Road,S40,2018,4,8,0.0,,,,,
Mandai Lake Road,S40,2018,4,9,0.0,,,,,
Mandai Lake Road,S40,2018,4,10,0.0,,,,,
Mandai Lake Road,S40,2018,4,11,0.0,,,,,
Mandai Lake Road,S40,2018,4,12,0.0,,,,,
Mandai Lake Road,S40,2018,4,13,0.0,,,,,
Mandai Lake Road,S40,2018,4,14,46.2,,,,,
Mandai Lake Road,S40,2018,4,15,10.0,,,,,
Mandai Lake Road,S40,2018,4,16,3.8,,,,,
Mandai Lake Road,S40,2018,4,17,0.0,,,,,
Mandai Lake Road,S40,2018,4,18,0.0,,,,,
Mandai Lake Road,S40,2018,4,19,7.0,,,,,
Mandai Lake Road,S40,2018,4,20,44.6,,,,,
Mandai Lake Road,S40,2018,4,21,1.8,,,,,
Mandai Lake Road,S40,2018,4,22,3.6,,,,,
Mandai Lake Road,S40,2018,4,23,58.8,,,,,
Mandai Lake Road,S40,2018,4,24,0.2,,,,,
Mandai Lake Road,S40,2018,4,25,0.0,,,,,
Mandai Lake Road,S40,2018,4,26,8.4,,,,,
Mandai Lake Road,S40,2018,4,27,12.4,,,,,
Mandai Lake Road,S40,2018,4,28,11.6,,,,,
Mandai Lake Road,S40,2018,4,29,0.0,,,,,
Mandai Lake Road,S40,2018,4,30,0.6,,,,,
Mandai Lake Road,S40,2018,5,1,16.0,,,,,
Mandai Lake Road,S40,2018,5,2,2.8,,,,,
Mandai Lake Road,S40,2018,5,3,55.0,,,,,
Mandai Lake Road,S40,2018,5,4,6.0,,,,,
Mandai Lake Road,S40,2018,5,5,27.6,,,,,
Mandai Lake Road,S40,2018,5,6,0.4,,,,,
Mandai Lake Road,S40,2018,5,7,0.0,,,,,
Mandai Lake Road,S40,2018,5,8,0.0,,,,,
Mandai Lake Road,S40,2018,5,9,0.0,,,,,
Mandai Lake Road,S40,2018,5,10,0.0,,,,,
Mandai Lake Road,S40,2018,5,11,0.4,,,,,
Mandai Lake Road,S40,2018,5,12,24.6,,,,,
Mandai Lake Road,S40,2018,5,13,10.0,,,,,
Mandai Lake Road,S40,2018,5,14,0.4,,,,,
Mandai Lake Road,S40,2018,5,15,4.0,,,,,
Mandai Lake Road,S40,2018,5,16,15.4,,,,,
Mandai Lake Road,S40,2018,5,17,10.6,,,,,
Mandai Lake Road,S40,2018,5,18,23.4,,,,,
Mandai Lake Road,S40,2018,5,19,3.2,,,,,
Mandai Lake Road,S40,2018,5,20,2.8,,,,,
Mandai Lake Road,S40,2018,5,21,0.4,,,,,
Mandai Lake Road,S40,2018,5,22,0.0,,,,,
Mandai Lake Road,S40,2018,5,23,6.0,,,,,
Mandai Lake Road,S40,2018,5,24,0.8,,,,,
Mandai Lake Road,S40,2018,5,25,3.8,,,,,
Mandai Lake Road,S40,2018,5,26,20.8,,,,,
Mandai Lake Road,S40,2018,5,27,1.8,,,,,
Mandai Lake Road,S40,2018,5,28,7.4,,,,,
Mandai Lake Road,S40,2018,5,29,11.6,,,,,
Mandai Lake Road,S40,2018,5,30,0.0,,,,,
Mandai Lake Road,S40,2018,5,31,0.0,,,,,
Mandai Lake Road,S40,2018,6,1,20.0,,,,,
Mandai Lake Road,S40,2018,6,2,63.2,,,,,
Mandai Lake Road,S40,2018,6,3,0.2,,,,,
Mandai Lake Road,S40,2018,6,4,0.0,,,,,
Mandai Lake Road,S40,2018,6,5,0.0,,,,,
Mandai Lake Road,S40,2018,6,6,0.0,,,,,
Mandai Lake Road,S40,2018,6,7,0.0,,,,,
Mandai Lake Road,S40,2018,6,8,9.8,,,,,
Mandai Lake Road,S40,2018,6,9,0.0,,,,,
Mandai Lake Road,S40,2018,6,10,0.0,,,,,
Mandai Lake Road,S40,2018,6,11,0.0,,,,,
Mandai Lake Road,S40,2018,6,12,0.0,,,,,
Mandai Lake Road,S40,2018,6,13,9.0,,,,,
Mandai Lake Road,S40,2018,6,14,2.8,,,,,
Mandai Lake Road,S40,2018,6,15,19.4,,,,,
Mandai Lake Road,S40,2018,6,16,0.0,,,,,
Mandai Lake Road,S40,2018,6,17,0.0,,,,,
Mandai Lake Road,S40,2018,6,18,12.4,,,,,
Mandai Lake Road,S40,2018,6,19,10.2,,,,,
Mandai Lake Road,S40,2018,6,20,5.2,,,,,
Mandai Lake Road,S40,2018,6,21,0.4,,,,,
Mandai Lake Road,S40,2018,6,22,0.0,,,,,
Mandai Lake Road,S40,2018,6,23,3.8,,,,,
Mandai Lake Road,S40,2018,6,24,0.2,,,,,
Mandai Lake Road,S40,2018,6,25,6.4,,,,,
Mandai Lake Road,S40,2018,6,26,7.2,,,,,
Mandai Lake Road,S40,2018,6,27,45.4,,,,,
Mandai Lake Road,S40,2018,6,28,0.8,,,,,
Mandai Lake Road,S40,2018,6,29,23.4,,,,,
Mandai Lake Road,S40,2018,6,30,0.0,,,,,
Mandai Lake Road,S40,2018,7,1,13.2,,,,,
Mandai Lake Road,S40,2018,7,2,0.2,,,,,
Mandai Lake Road,S40,2018,7,3,35.4,,,,,
Mandai Lake Road,S40,2018,7,4,0.2,,,,,
Mandai Lake Road,S40,2018,7,5,0.0,,,,,
Mandai Lake Road,S40,2018,7,6,0.0,,,,,
Mandai Lake Road,S40,2018,7,7,3.2,,,,,
Mandai Lake Road,S40,2018,7,8,0.0,,,,,
Mandai Lake Road,S40,2018,7,9,2.4,,,,,
Mandai Lake Road,S40,2018,7,10,7.6,,,,,
Mandai Lake Road,S40,2018,7,11,0.0,,,,,
Mandai Lake Road,S40,2018,7,12,0.0,,,,,
Mandai Lake Road,S40,2018,7,13,0.0,,,,,
Mandai Lake Road,S40,2018,7,14,0.2,,,,,
Mandai Lake Road,S40,2018,7,15,6.8,,,,,
Mandai Lake Road,S40,2018,7,16,0.0,,,,,
Mandai Lake Road,S40,2018,7,17,0.0,,,,,
Mandai Lake Road,S40,2018,7,18,0.0,,,,,
Mandai Lake Road,S40,2018,7,19,17.0,,,,,
Mandai Lake Road,S40,2018,7,20,4.8,,,,,
Mandai Lake Road,S40,2018,7,21,6.6,,,,,
Mandai Lake Road,S40,2018,7,22,8.2,,,,,
Mandai Lake Road,S40,2018,7,23,0.0,,,,,
Mandai Lake Road,S40,2018,7,24,0.0,,,,,
Mandai Lake Road,S40,2018,7,25,10.8,,,,,
Mandai Lake Road,S40,2018,7,26,0.0,,,,,
Mandai Lake Road,S40,2018,7,27,0.0,,,,,
Mandai Lake Road,S40,2018,7,28,0.0,,,,,
Mandai Lake Road,S40,2018,7,29,0.0,,,,,
Mandai Lake Road,S40,2018,7,30,22.8,,,,,
Mandai Lake Road,S40,2018,7,31,0.0,,,,,
Mandai Lake Road,S40,2018,8,1,0.4,,,,,
Mandai Lake Road,S40,2018,8,2,0.0,,,,,
Mandai Lake Road,S40,2018,8,3,0.0,,,,,
Mandai Lake Road,S40,2018,8,4,0.0,,,,,
Mandai Lake Road,S40,2018,8,5,1.0,,,,,
Mandai Lake Road,S40,2018,8,6,0.0,,,,,
Mandai Lake Road,S40,2018,8,7,0.0,,,,,
Mandai Lake Road,S40,2018,8,8,4.2,,,,,
Mandai Lake Road,S40,2018,8,9,0.0,,,,,
Mandai Lake Road,S40,2018,8,10,0.0,,,,,
Mandai Lake Road,S40,2018,8,11,0.0,,,,,
Mandai Lake Road,S40,2018,8,12,0.0,,,,,
Mandai Lake Road,S40,2018,8,13,0.0,,,,,
Mandai Lake Road,S40,2018,8,14,8.2,,,,,
Mandai Lake Road,S40,2018,8,15,0.0,,,,,
Mandai Lake Road,S40,2018,8,16,0.0,,,,,
Mandai Lake Road,S40,2018,8,17,0.2,,,,,
Mandai Lake Road,S40,2018,8,18,0.4,,,,,
Mandai Lake Road,S40,2018,8,19,1.4,,,,,
Mandai Lake Road,S40,2018,8,20,0.0,,,,,
Mandai Lake Road,S40,2018,8,21,0.0,,,,,
Mandai Lake Road,S40,2018,8,22,65.2,,,,,
Mandai Lake Road,S40,2018,8,23,0.4,,,,,
Mandai Lake Road,S40,2018,8,24,12.0,,,,,
Mandai Lake Road,S40,2018,8,25,0.0,,,,,
Mandai Lake Road,S40,2018,8,26,0.0,,,,,
Mandai Lake Road,S40,2018,8,27,0.0,,,,,
Mandai Lake Road,S40,2018,8,28,0.6,,,,,
Mandai Lake Road,S40,2018,8,29,0.4,,,,,
Mandai Lake Road,S40,2018,8,30,0.0,,,,,
Mandai Lake Road,S40,2018,8,31,28.0,,,,,
Mandai Lake Road,S40,2018,9,1,16.8,,,,,
Mandai Lake Road,S40,2018,9,2,0.8,,,,,
Mandai Lake Road,S40,2018,9,3,0.2,,,,,
Mandai Lake Road,S40,2018,9,4,47.2,,,,,
Mandai Lake Road,S40,2018,9,5,0.0,,,,,
Mandai Lake Road,S40,2018,9,6,0.0,,,,,
Mandai Lake Road,S40,2018,9,7,9.8,,,,,
Mandai Lake Road,S40,2018,9,8,9.4,,,,,
Mandai Lake Road,S40,2018,9,9,13.2,,,,,
Mandai Lake Road,S40,2018,9,10,1.6,,,,,
Mandai Lake Road,S40,2018,9,11,0.2,,,,,
Mandai Lake Road,S40,2018,9,12,0.0,,,,,
Mandai Lake Road,S40,2018,9,13,0.0,,,,,
Mandai Lake Road,S40,2018,9,14,0.0,,,,,
Mandai Lake Road,S40,2018,9,15,0.0,,,,,
Mandai Lake Road,S40,2018,9,16,0.0,,,,,
Mandai Lake Road,S40,2018,9,17,0.0,,,,,
Mandai Lake Road,S40,2018,9,18,0.6,,,,,
Mandai Lake Road,S40,2018,9,19,53.6,,,,,
Mandai Lake Road,S40,2018,9,20,15.8,,,,,
Mandai Lake Road,S40,2018,9,21,25.8,,,,,
Mandai Lake Road,S40,2018,9,22,0.6,,,,,
Mandai Lake Road,S40,2018,9,23,0.0,,,,,
Mandai Lake Road,S40,2018,9,24,0.0,,,,,
Mandai Lake Road,S40,2018,9,25,0.0,,,,,
Mandai Lake Road,S40,2018,9,26,10.0,,,,,
Mandai Lake Road,S40,2018,9,27,0.0,,,,,
Mandai Lake Road,S40,2018,9,28,0.0,,,,,
Mandai Lake Road,S40,2018,9,29,0.0,,,,,
Mandai Lake Road,S40,2018,9,30,0.0,,,,,
Mandai Lake Road,S40,2018,10,1,0.0,,,,,
Mandai Lake Road,S40,2018,10,2,0.0,,,,,
Mandai Lake Road,S40,2018,10,3,0.0,,,,,
Mandai Lake Road,S40,2018,10,4,0.0,,,,,
Mandai Lake Road,S40,2018,10,5,0.0,,,,,
Mandai Lake Road,S40,2018,10,6,5.6,,,,,
Mandai Lake Road,S40,2018,10,7,0.6,,,,,
Mandai Lake Road,S40,2018,10,8,50.8,,,,,
Mandai Lake Road,S40,2018,10,9,6.4,,,,,
Mandai Lake Road,S40,2018,10,10,41.4,,,,,
Mandai Lake Road,S40,2018,10,11,38.2,,,,,
Mandai Lake Road,S40,2018,10,12,5.2,,,,,
Mandai Lake Road,S40,2018,10,13,0.6,,,,,
Mandai Lake Road,S40,2018,10,14,7.0,,,,,
Mandai Lake Road,S40,2018,10,15,0.0,,,,,
Mandai Lake Road,S40,2018,10,16,18.2,,,,,
Mandai Lake Road,S40,2018,10,17,1.0,,,,,
Mandai Lake Road,S40,2018,10,18,0.4,,,,,
Mandai Lake Road,S40,2018,10,19,5.4,,,,,
Mandai Lake Road,S40,2018,10,20,0.0,,,,,
Mandai Lake Road,S40,2018,10,21,0.0,,,,,
Mandai Lake Road,S40,2018,10,22,0.0,,,,,
Mandai Lake Road,S40,2018,10,23,41.2,,,,,
Mandai Lake Road,S40,2018,10,24,2.8,,,,,
Mandai Lake Road,S40,2018,10,25,20.2,,,,,
Mandai Lake Road,S40,2018,10,26,14.0,,,,,
Mandai Lake Road,S40,2018,10,27,0.2,,,,,
Mandai Lake Road,S40,2018,10,28,20.4,,,,,
Mandai Lake Road,S40,2018,10,29,15.2,,,,,
Mandai Lake Road,S40,2018,10,30,20.4,,,,,
Mandai Lake Road,S40,2018,10,31,0.2,,,,,
Mandai Lake Road,S40,2018,11,1,3.4,,,,,
Mandai Lake Road,S40,2018,11,2,8.0,,,,,
Mandai Lake Road,S40,2018,11,3,37.0,,,,,
Mandai Lake Road,S40,2018,11,4,11.6,,,,,
Mandai Lake Road,S40,2018,11,5,7.6,,,,,
Mandai Lake Road,S40,2018,11,6,14.0,,,,,
Mandai Lake Road,S40,2018,11,7,3.2,,,,,
Mandai Lake Road,S40,2018,11,8,20.8,,,,,
Mandai Lake Road,S40,2018,11,9,9.0,,,,,
Mandai Lake Road,S40,2018,11,10,48.2,,,,,
Mandai Lake Road,S40,2018,11,11,10.6,,,,,
Mandai Lake Road,S40,2018,11,12,71.2,,,,,
Mandai Lake Road,S40,2018,11,13,1.4,,,,,
Mandai Lake Road,S40,2018,11,14,29.0,,,,,
Mandai Lake Road,S40,2018,11,15,22.0,,,,,
Mandai Lake Road,S40,2018,11,16,0.0,,,,,
Mandai Lake Road,S40,2018,11,17,14.8,,,,,
Mandai Lake Road,S40,2018,11,18,1.4,,,,,
Mandai Lake Road,S40,2018,11,19,23.6,,,,,
Mandai Lake Road,S40,2018,11,20,2.0,,,,,
Mandai Lake Road,S40,2018,11,21,17.2,,,,,
Mandai Lake Road,S40,2018,11,22,26.8,,,,,
Mandai Lake Road,S40,2018,11,23,1.0,,,,,
Mandai Lake Road,S40,2018,11,24,0.2,,,,,
Mandai Lake Road,S40,2018,11,25,7.6,,,,,
Mandai Lake Road,S40,2018,11,26,8.4,,,,,
Mandai Lake Road,S40,2018,11,27,0.2,,,,,
Mandai Lake Road,S40,2018,11,28,14.0,,,,,
Mandai Lake Road,S40,2018,11,29,8.0,,,,,
Mandai Lake Road,S40,2018,11,30,3.8,,,,,
Mandai Lake Road,S40,2018,12,1,36.4,,,,,
Mandai Lake Road,S40,2018,12,2,9.6,,,,,
Mandai Lake Road,S40,2018,12,3,3.6,,,,,
Mandai Lake Road,S40,2018,12,4,1.2,,,,,
Mandai Lake Road,S40,2018,12,5,14.2,,,,,
Mandai Lake Road,S40,2018,12,6,4.0,,,,,
Mandai Lake Road,S40,2018,12,7,1.2,,,,,
Mandai Lake Road,S40,2018,12,8,15.0,,,,,
Mandai Lake Road,S40,2018,12,9,0.2,,,,,
Mandai Lake Road,S40,2018,12,10,4.6,,,,,
Mandai Lake Road,S40,2018,12,11,19.4,,,,,
Mandai Lake Road,S40,2018,12,12,17.6,,,,,
Mandai Lake Road,S40,2018,12,13,0.0,,,,,
Mandai Lake Road,S40,2018,12,14,0.0,,,,,
Mandai Lake Road,S40,2018,12,15,36.2,,,,,
Mandai Lake Road,S40,2018,12,16,4.2,,,,,
Mandai Lake Road,S40,2018,12,17,0.8,,,,,
Mandai Lake Road,S40,2018,12,18,8.8,,,,,
Mandai Lake Road,S40,2018,12,19,10.4,,,,,
Mandai Lake Road,S40,2018,12,20,2.8,,,,,
Mandai Lake Road,S40,2018,12,21,0.2,,,,,
Mandai Lake Road,S40,2018,12,22,0.0,,,,,
Mandai Lake Road,S40,2018,12,23,10.2,,,,,
Mandai Lake Road,S40,2018,12,24,0.2,,,,,
Mandai Lake Road,S40,2018,12,25,0.0,,,,,
Mandai Lake Road,S40,2018,12,26,2.0,,,,,
Mandai Lake Road,S40,2018,12,27,0.0,,,,,
Mandai Lake Road,S40,2018,12,28,0.0,,,,,
Mandai Lake Road,S40,2018,12,29,0.4,,,,,
Mandai Lake Road,S40,2018,12,30,0.0,,,,,
Mandai Lake Road,S40,2018,12,31,16.8,,,,,
Mandai Lake Road,S40,2019,1,1,0.0,,,,,
Mandai Lake Road,S40,2019,1,2,0.0,,,,,
Mandai Lake Road,S40,2019,1,3,0.0,,,,,
Mandai Lake Road,S40,2019,1,4,0.0,,,,,
Mandai Lake Road,S40,2019,1,5,1.6,,,,,
Mandai Lake Road,S40,2019,1,6,0.0,,,,,
Mandai Lake Road,S40,2019,1,7,0.0,,,,,
Mandai Lake Road,S40,2019,1,8,3.0,,,,,
Mandai Lake Road,S40,2019,1,9,0.0,,,,,
Mandai Lake Road,S40,2019,1,10,0.0,,,,,
Mandai Lake Road,S40,2019,1,11,0.2,,,,,
Mandai Lake Road,S40,2019,1,12,7.6,,,,,
Mandai Lake Road,S40,2019,1,13,9.6,,,,,
Mandai Lake Road,S40,2019,1,14,0.0,,,,,
Mandai Lake Road,S40,2019,1,15,0.0,,,,,
Mandai Lake Road,S40,2019,1,16,0.0,,,,,
Mandai Lake Road,S40,2019,1,17,32.4,,,,,
Mandai Lake Road,S40,2019,1,18,54.0,,,,,
Mandai Lake Road,S40,2019,1,19,0.0,,,,,
Mandai Lake Road,S40,2019,1,20,1.4,,,,,
Mandai Lake Road,S40,2019,1,21,1.4,,,,,
Mandai Lake Road,S40,2019,1,22,0.0,,,,,
Mandai Lake Road,S40,2019,1,23,0.0,,,,,
Mandai Lake Road,S40,2019,1,24,0.2,,,,,
Mandai Lake Road,S40,2019,1,25,0.0,,,,,
Mandai Lake Road,S40,2019,1,26,0.0,,,,,
Mandai Lake Road,S40,2019,1,27,5.8,,,,,
Mandai Lake Road,S40,2019,1,28,0.4,,,,,
Mandai Lake Road,S40,2019,1,29,0.0,,,,,
Mandai Lake Road,S40,2019,1,30,0.0,,,,,
Mandai Lake Road,S40,2019,1,31,0.0,,,,,
Mandai Lake Road,S40,2019,2,1,0.0,,,,,
Mandai Lake Road,S40,2019,2,2,0.0,,,,,
Mandai Lake Road,S40,2019,2,3,0.0,,,,,
Mandai Lake Road,S40,2019,2,4,0.2,,,,,
Mandai Lake Road,S40,2019,2,5,0.0,,,,,
Mandai Lake Road,S40,2019,2,6,0.0,,,,,
Mandai Lake Road,S40,2019,2,7,14.8,,,,,
Mandai Lake Road,S40,2019,2,8,1.6,,,,,
Mandai Lake Road,S40,2019,2,9,0.0,,,,,
Mandai Lake Road,S40,2019,2,10,0.0,,,,,
Mandai Lake Road,S40,2019,2,11,0.0,,,,,
Mandai Lake Road,S40,2019,2,12,0.0,,,,,
Mandai Lake Road,S40,2019,2,13,0.0,,,,,
Mandai Lake Road,S40,2019,2,14,0.0,,,,,
Mandai Lake Road,S40,2019,2,15,0.0,,,,,
Mandai Lake Road,S40,2019,2,16,0.0,,,,,
Mandai Lake Road,S40,2019,2,17,12.4,,,,,
Mandai Lake Road,S40,2019,2,18,5.8,,,,,
Mandai Lake Road,S40,2019,2,19,13.4,,,,,
Mandai Lake Road,S40,2019,2,20,9.0,,,,,
Mandai Lake Road,S40,2019,2,21,0.0,,,,,
Mandai Lake Road,S40,2019,2,22,0.0,,,,,
Mandai Lake Road,S40,2019,2,23,0.0,,,,,
Mandai Lake Road,S40,2019,2,24,0.0,,,,,
Mandai Lake Road,S40,2019,2,25,0.0,,,,,
Mandai Lake Road,S40,2019,2,26,0.0,,,,,
Mandai Lake Road,S40,2019,2,27,0.6,,,,,
Mandai Lake Road,S40,2019,2,28,0.0,,,,,
Mandai Lake Road,S40,2019,3,1,0.0,,,,,
Mandai Lake Road,S40,2019,3,2,0.0,,,,,
Mandai Lake Road,S40,2019,3,3,0.0,,,,,
Mandai Lake Road,S40,2019,3,4,5.6,,,,,
Mandai Lake Road,S40,2019,3,5,2.0,,,,,
Mandai Lake Road,S40,2019,3,6,0.0,,,,,
Mandai Lake Road,S40,2019,3,7,0.0,,,,,
Mandai Lake Road,S40,2019,3,8,0.0,,,,,
Mandai Lake Road,S40,2019,3,9,0.0,,,,,
Mandai Lake Road,S40,2019,3,10,0.0,,,,,
Mandai Lake Road,S40,2019,3,11,62.0,,,,,
Mandai Lake Road,S40,2019,3,12,1.4,,,,,
Mandai Lake Road,S40,2019,3,13,0.0,,,,,
Mandai Lake Road,S40,2019,3,14,0.0,,,,,
Mandai Lake Road,S40,2019,3,15,0.0,,,,,
Mandai Lake Road,S40,2019,3,16,0.0,,,,,
Mandai Lake Road,S40,2019,3,17,0.0,,,,,
Mandai Lake Road,S40,2019,3,18,0.0,,,,,
Mandai Lake Road,S40,2019,3,19,0.0,,,,,
Mandai Lake Road,S40,2019,3,20,0.0,,,,,
Mandai Lake Road,S40,2019,3,21,79.2,,,,,
Mandai Lake Road,S40,2019,3,22,0.0,,,,,
Mandai Lake Road,S40,2019,3,23,1.6,,,,,
Mandai Lake Road,S40,2019,3,24,2.2,,,,,
Mandai Lake Road,S40,2019,3,25,2.6,,,,,
Mandai Lake Road,S40,2019,3,26,0.0,,,,,
Mandai Lake Road,S40,2019,3,27,0.0,,,,,
Mandai Lake Road,S40,2019,3,28,16.6,,,,,
Mandai Lake Road,S40,2019,3,29,0.0,,,,,
Mandai Lake Road,S40,2019,3,30,0.2,,,,,
Mandai Lake Road,S40,2019,3,31,0.0,,,,,
Mandai Lake Road,S40,2019,4,1,24.0,,,,,
Mandai Lake Road,S40,2019,4,2,0.0,,,,,
Mandai Lake Road,S40,2019,4,3,21.2,,,,,
Mandai Lake Road,S40,2019,4,4,2.4,,,,,
Mandai Lake Road,S40,2019,4,5,0.0,,,,,
Mandai Lake Road,S40,2019,4,6,0.0,,,,,
Mandai Lake Road,S40,2019,4,7,0.0,,,,,
Mandai Lake Road,S40,2019,4,8,0.0,,,,,
Mandai Lake Road,S40,2019,4,9,1.0,,,,,
Mandai Lake Road,S40,2019,4,10,0.8,,,,,
Mandai Lake Road,S40,2019,4,11,0.4,,,,,
Mandai Lake Road,S40,2019,4,12,6.4,,,,,
Mandai Lake Road,S40,2019,4,13,0.0,,,,,
Mandai Lake Road,S40,2019,4,14,7.4,,,,,
Mandai Lake Road,S40,2019,4,15,0.0,,,,,
Mandai Lake Road,S40,2019,4,16,1.2,,,,,
Mandai Lake Road,S40,2019,4,17,0.0,,,,,
Mandai Lake Road,S40,2019,4,18,0.4,,,,,
Mandai Lake Road,S40,2019,4,19,3.0,,,,,
Mandai Lake Road,S40,2019,4,20,0.0,,,,,
Mandai Lake Road,S40,2019,4,21,0.0,,,,,
Mandai Lake Road,S40,2019,4,22,1.8,,,,,
Mandai Lake Road,S40,2019,4,23,20.0,,,,,
Mandai Lake Road,S40,2019,4,24,9.4,,,,,
Mandai Lake Road,S40,2019,4,25,9.6,,,,,
Mandai Lake Road,S40,2019,4,26,46.6,,,,,
Mandai Lake Road,S40,2019,4,27,4.8,,,,,
Mandai Lake Road,S40,2019,4,28,0.0,,,,,
Mandai Lake Road,S40,2019,4,29,1.8,,,,,
Mandai Lake Road,S40,2019,4,30,0.2,,,,,
Mandai Lake Road,S40,2019,5,1,0.0,,,,,
Mandai Lake Road,S40,2019,5,2,0.0,,,,,
Mandai Lake Road,S40,2019,5,3,0.0,,,,,
Mandai Lake Road,S40,2019,5,4,0.2,,,,,
Mandai Lake Road,S40,2019,5,5,0.0,,,,,
Mandai Lake Road,S40,2019,5,6,0.0,,,,,
Mandai Lake Road,S40,2019,5,7,2.4,,,,,
Mandai Lake Road,S40,2019,5,8,49.4,,,,,
Mandai Lake Road,S40,2019,5,9,0.0,,,,,
Mandai Lake Road,S40,2019,5,10,8.2,,,,,
Mandai Lake Road,S40,2019,5,11,0.0,,,,,
Mandai Lake Road,S40,2019,5,12,0.0,,,,,
Mandai Lake Road,S40,2019,5,13,22.6,,,,,
Mandai Lake Road,S40,2019,5,14,13.4,,,,,
Mandai Lake Road,S40,2019,5,15,0.4,,,,,
Mandai Lake Road,S40,2019,5,16,23.8,,,,,
Mandai Lake Road,S40,2019,5,17,1.4,,,,,
Mandai Lake Road,S40,2019,5,18,0.0,,,,,
Mandai Lake Road,S40,2019,5,19,4.8,,,,,
Mandai Lake Road,S40,2019,5,20,0.4,,,,,
Mandai Lake Road,S40,2019,5,21,0.0,,,,,
Mandai Lake Road,S40,2019,5,22,0.4,,,,,
Mandai Lake Road,S40,2019,5,23,0.2,,,,,
Mandai Lake Road,S40,2019,5,24,0.0,,,,,
Mandai Lake Road,S40,2019,5,25,0.0,,,,,
Mandai Lake Road,S40,2019,5,26,0.0,,,,,
Mandai Lake Road,S40,2019,5,27,0.0,,,,,
Mandai Lake Road,S40,2019,5,28,0.0,,,,,
Mandai Lake Road,S40,2019,5,29,6.2,,,,,
Mandai Lake Road,S40,2019,5,30,9.4,,,,,
Mandai Lake Road,S40,2019,5,31,2.4,,,,,
Mandai Lake Road,S40,2019,6,1,0.4,,,,,
Mandai Lake Road,S40,2019,6,2,16.8,,,,,
Mandai Lake Road,S40,2019,6,3,21.0,,,,,
Mandai Lake Road,S40,2019,6,4,0.2,,,,,
Mandai Lake Road,S40,2019,6,5,0.0,,,,,
Mandai Lake Road,S40,2019,6,6,2.2,,,,,
Mandai Lake Road,S40,2019,6,7,13.4,,,,,
Mandai Lake Road,S40,2019,6,8,,,,,,
Mandai Lake Road,S40,2019,6,9,,,,,,
Mandai Lake Road,S40,2019,6,10,,,,,,
Mandai Lake Road,S40,2019,6,11,49.8,,,,,
Mandai Lake Road,S40,2019,6,12,13.2,,,,,
Mandai Lake Road,S40,2019,6,13,1.0,,,,,
Mandai Lake Road,S40,2019,6,14,1.0,,,,,
Mandai Lake Road,S40,2019,6,15,27.0,,,,,
Mandai Lake Road,S40,2019,6,16,0.0,,,,,
Mandai Lake Road,S40,2019,6,17,0.6,,,,,
Mandai Lake Road,S40,2019,6,18,3.0,,,,,
Mandai Lake Road,S40,2019,6,19,2.6,,,,,
Mandai Lake Road,S40,2019,6,20,12.6,,,,,
Mandai Lake Road,S40,2019,6,21,0.2,,,,,
Mandai Lake Road,S40,2019,6,22,37.4,,,,,
Mandai Lake Road,S40,2019,6,23,0.0,,,,,
Mandai Lake Road,S40,2019,6,24,0.0,,,,,
Mandai Lake Road,S40,2019,6,25,0.0,,,,,
Mandai Lake Road,S40,2019,6,26,2.6,,,,,
Mandai Lake Road,S40,2019,6,27,0.0,,,,,
Mandai Lake Road,S40,2019,6,28,0.0,,,,,
Mandai Lake Road,S40,2019,6,29,0.4,,,,,
Mandai Lake Road,S40,2019,6,30,0.0,,,,,
Mandai Lake Road,S40,2019,7,1,0.0,,,,,
Mandai Lake Road,S40,2019,7,2,0.0,,,,,
Mandai Lake Road,S40,2019,7,3,25.6,,,,,
Mandai Lake Road,S40,2019,7,4,0.0,,,,,
Mandai Lake Road,S40,2019,7,5,0.0,,,,,
Mandai Lake Road,S40,2019,7,6,5.0,,,,,
Mandai Lake Road,S40,2019,7,7,8.8,,,,,
Mandai Lake Road,S40,2019,7,8,51.6,,,,,
Mandai Lake Road,S40,2019,7,9,19.2,,,,,
Mandai Lake Road,S40,2019,7,10,0.0,,,,,
Mandai Lake Road,S40,2019,7,11,0.0,,,,,
Mandai Lake Road,S40,2019,7,12,0.0,,,,,
Mandai Lake Road,S40,2019,7,13,0.0,,,,,
Mandai Lake Road,S40,2019,7,14,0.0,,,,,
Mandai Lake Road,S40,2019,7,15,2.2,,,,,
Mandai Lake Road,S40,2019,7,16,0.0,,,,,
Mandai Lake Road,S40,2019,7,17,0.0,,,,,
Mandai Lake Road,S40,2019,7,18,0.0,,,,,
Mandai Lake Road,S40,2019,7,19,0.0,,,,,
Mandai Lake Road,S40,2019,7,20,0.0,,,,,
Mandai Lake Road,S40,2019,7,21,6.2,,,,,
Mandai Lake Road,S40,2019,7,22,36.8,,,,,
Mandai Lake Road,S40,2019,7,23,3.4,,,,,
Mandai Lake Road,S40,2019,7,24,3.8,,,,,
Mandai Lake Road,S40,2019,7,25,0.0,,,,,
Mandai Lake Road,S40,2019,7,26,0.0,,,,,
Mandai Lake Road,S40,2019,7,27,0.0,,,,,
Mandai Lake Road,S40,2019,7,28,0.0,,,,,
Mandai Lake Road,S40,2019,7,29,0.0,,,,,
Mandai Lake Road,S40,2019,7,30,0.0,,,,,
Mandai Lake Road,S40,2019,7,31,0.0,,,,,
Mandai Lake Road,S40,2019,8,1,0.0,,,,,
Mandai Lake Road,S40,2019,8,2,0.0,,,,,
Mandai Lake Road,S40,2019,8,3,0.0,,,,,
Mandai Lake Road,S40,2019,8,4,0.0,,,,,
Mandai Lake Road,S40,2019,8,5,0.0,,,,,
Mandai Lake Road,S40,2019,8,6,0.0,,,,,
Mandai Lake Road,S40,2019,8,7,0.0,,,,,
Mandai Lake Road,S40,2019,8,8,0.0,,,,,
Mandai Lake Road,S40,2019,8,9,0.0,,,,,
Mandai Lake Road,S40,2019,8,10,0.0,,,,,
Mandai Lake Road,S40,2019,8,11,0.0,,,,,
Mandai Lake Road,S40,2019,8,12,0.0,,,,,
Mandai Lake Road,S40,2019,8,13,0.0,,,,,
Mandai Lake Road,S40,2019,8,14,0.0,,,,,
Mandai Lake Road,S40,2019,8,15,0.0,,,,,
Mandai Lake Road,S40,2019,8,16,0.0,,,,,
Mandai Lake Road,S40,2019,8,17,0.2,,,,,
Mandai Lake Road,S40,2019,8,18,0.0,,,,,
Mandai Lake Road,S40,2019,8,19,0.0,,,,,
Mandai Lake Road,S40,2019,8,20,0.0,,,,,
Mandai Lake Road,S40,2019,8,21,0.0,,,,,
Mandai Lake Road,S40,2019,8,22,0.0,,,,,
Mandai Lake Road,S40,2019,8,23,0.0,,,,,
Mandai Lake Road,S40,2019,8,24,0.0,,,,,
Mandai Lake Road,S40,2019,8,25,0.0,,,,,
Mandai Lake Road,S40,2019,8,26,16.8,,,,,
Mandai Lake Road,S40,2019,8,27,0.2,,,,,
Mandai Lake Road,S40,2019,8,28,0.0,,,,,
Mandai Lake Road,S40,2019,8,29,0.0,,,,,
Mandai Lake Road,S40,2019,8,30,4.2,,,,,
Mandai Lake Road,S40,2019,8,31,0.0,,,,,
Mandai Lake Road,S40,2019,9,1,0.0,,,,,
Mandai Lake Road,S40,2019,9,2,0.0,,,,,
Mandai Lake Road,S40,2019,9,3,0.0,,,,,
Mandai Lake Road,S40,2019,9,4,11.2,,,,,
Mandai Lake Road,S40,2019,9,5,0.0,,,,,
Mandai Lake Road,S40,2019,9,6,0.0,,,,,
Mandai Lake Road,S40,2019,9,7,0.0,,,,,
Mandai Lake Road,S40,2019,9,8,0.0,,,,,
Mandai Lake Road,S40,2019,9,9,0.0,,,,,
Mandai Lake Road,S40,2019,9,10,0.0,,,,,
Mandai Lake Road,S40,2019,9,11,0.0,,,,,
Mandai Lake Road,S40,2019,9,12,0.0,,,,,
Mandai Lake Road,S40,2019,9,13,0.0,,,,,
Mandai Lake Road,S40,2019,9,14,5.8,,,,,
Mandai Lake Road,S40,2019,9,15,0.0,,,,,
Mandai Lake Road,S40,2019,9,16,0.0,,,,,
Mandai Lake Road,S40,2019,9,17,0.0,,,,,
Mandai Lake Road,S40,2019,9,18,0.0,,,,,
Mandai Lake Road,S40,2019,9,19,0.0,,,,,
Mandai Lake Road,S40,2019,9,20,0.0,,,,,
Mandai Lake Road,S40,2019,9,21,0.0,,,,,
Mandai Lake Road,S40,2019,9,22,0.0,,,,,
Mandai Lake Road,S40,2019,9,23,0.0,,,,,
Mandai Lake Road,S40,2019,9,24,0.0,,,,,
Mandai Lake Road,S40,2019,9,25,58.2,,,,,
Mandai Lake Road,S40,2019,9,26,0.0,,,,,
Mandai Lake Road,S40,2019,9,27,2.4,,,,,
Mandai Lake Road,S40,2019,9,28,4.8,,,,,
Mandai Lake Road,S40,2019,9,29,17.8,,,,,
Mandai Lake Road,S40,2019,9,30,29.6,,,,,
Mandai Lake Road,S40,2019,10,1,0.2,,,,,
Mandai Lake Road,S40,2019,10,2,2.6,,,,,
Mandai Lake Road,S40,2019,10,3,0.0,,,,,
Mandai Lake Road,S40,2019,10,4,10.2,,,,,
Mandai Lake Road,S40,2019,10,5,1.8,,,,,
Mandai Lake Road,S40,2019,10,6,0.0,,,,,
Mandai Lake Road,S40,2019,10,7,1.6,,,,,
Mandai Lake Road,S40,2019,10,8,0.0,,,,,
Mandai Lake Road,S40,2019,10,9,48.6,,,,,
Mandai Lake Road,S40,2019,10,10,10.2,,,,,
Mandai Lake Road,S40,2019,10,11,0.2,,,,,
Mandai Lake Road,S40,2019,10,12,13.6,,,,,
Mandai Lake Road,S40,2019,10,13,0.6,,,,,
Mandai Lake Road,S40,2019,10,14,0.0,,,,,
Mandai Lake Road,S40,2019,10,15,6.2,,,,,
Mandai Lake Road,S40,2019,10,16,13.8,,,,,
Mandai Lake Road,S40,2019,10,17,7.2,,,,,
Mandai Lake Road,S40,2019,10,18,6.0,,,,,
Mandai Lake Road,S40,2019,10,19,0.0,,,,,
Mandai Lake Road,S40,2019,10,20,0.0,,,,,
Mandai Lake Road,S40,2019,10,21,46.6,,,,,
Mandai Lake Road,S40,2019,10,22,47.8,,,,,
Mandai Lake Road,S40,2019,10,23,6.4,,,,,
Mandai Lake Road,S40,2019,10,24,0.2,,,,,
Mandai Lake Road,S40,2019,10,25,0.0,,,,,
Mandai Lake Road,S40,2019,10,26,6.0,,,,,
Mandai Lake Road,S40,2019,10,27,4.4,,,,,
Mandai Lake Road,S40,2019,10,28,3.0,,,,,
Mandai Lake Road,S40,2019,10,29,0.0,,,,,
Mandai Lake Road,S40,2019,10,30,1.6,,,,,
Mandai Lake Road,S40,2019,10,31,0.4,,,,,
Mandai Lake Road,S40,2019,11,1,1.4,,,,,
Mandai Lake Road,S40,2019,11,2,1.8,,,,,
Mandai Lake Road,S40,2019,11,3,6.2,,,,,
Mandai Lake Road,S40,2019,11,4,11.8,,,,,
Mandai Lake Road,S40,2019,11,5,1.6,,,,,
Mandai Lake Road,S40,2019,11,6,0.0,,,,,
Mandai Lake Road,S40,2019,11,7,0.0,,,,,
Mandai Lake Road,S40,2019,11,8,6.6,,,,,
Mandai Lake Road,S40,2019,11,9,0.0,,,,,
Mandai Lake Road,S40,2019,11,10,0.0,,,,,
Mandai Lake Road,S40,2019,11,11,0.2,,,,,
Mandai Lake Road,S40,2019,11,12,10.8,,,,,
Mandai Lake Road,S40,2019,11,13,7.2,,,,,
Mandai Lake Road,S40,2019,11,14,0.0,,,,,
Mandai Lake Road,S40,2019,11,15,4.6,,,,,
Mandai Lake Road,S40,2019,11,16,6.6,,,,,
Mandai Lake Road,S40,2019,11,17,0.0,,,,,
Mandai Lake Road,S40,2019,11,18,2.0,,,,,
Mandai Lake Road,S40,2019,11,19,0.4,,,,,
Mandai Lake Road,S40,2019,11,20,4.8,,,,,
Mandai Lake Road,S40,2019,11,21,0.4,,,,,
Mandai Lake Road,S40,2019,11,22,0.6,,,,,
Mandai Lake Road,S40,2019,11,23,0.0,,,,,
Mandai Lake Road,S40,2019,11,24,38.4,,,,,
Mandai Lake Road,S40,2019,11,25,1.2,,,,,
Mandai Lake Road,S40,2019,11,26,0.2,,,,,
Mandai Lake Road,S40,2019,11,27,0.0,,,,,
Mandai Lake Road,S40,2019,11,28,36.4,,,,,
Mandai Lake Road,S40,2019,11,29,49.0,,,,,
Mandai Lake Road,S40,2019,11,30,1.0,,,,,
Mandai Lake Road,S40,2019,12,1,33.8,,,,,
Mandai Lake Road,S40,2019,12,2,98.4,,,,,
Mandai Lake Road,S40,2019,12,3,0.0,,,,,
Mandai Lake Road,S40,2019,12,4,0.0,,,,,
Mandai Lake Road,S40,2019,12,5,0.0,,,,,
Mandai Lake Road,S40,2019,12,6,0.0,,,,,
Mandai Lake Road,S40,2019,12,7,0.0,,,,,
Mandai Lake Road,S40,2019,12,8,0.0,,,,,
Mandai Lake Road,S40,2019,12,9,47.0,,,,,
Mandai Lake Road,S40,2019,12,10,6.4,,,,,
Mandai Lake Road,S40,2019,12,11,35.0,,,,,
Mandai Lake Road,S40,2019,12,12,2.4,,,,,
Mandai Lake Road,S40,2019,12,13,30.2,,,,,
Mandai Lake Road,S40,2019,12,14,40.0,,,,,
Mandai Lake Road,S40,2019,12,15,25.6,,,,,
Mandai Lake Road,S40,2019,12,16,0.0,,,,,
Mandai Lake Road,S40,2019,12,17,3.0,,,,,
Mandai Lake Road,S40,2019,12,18,45.2,,,,,
Mandai Lake Road,S40,2019,12,19,0.0,,,,,
Mandai Lake Road,S40,2019,12,20,0.0,,,,,
Mandai Lake Road,S40,2019,12,21,1.8,,,,,
Mandai Lake Road,S40,2019,12,22,0.0,,,,,
Mandai Lake Road,S40,2019,12,23,21.2,,,,,
Mandai Lake Road,S40,2019,12,24,7.6,,,,,
Mandai Lake Road,S40,2019,12,25,0.0,,,,,
Mandai Lake Road,S40,2019,12,26,0.0,,,,,
Mandai Lake Road,S40,2019,12,27,0.0,,,,,
Mandai Lake Road,S40,2019,12,28,0.0,,,,,
Mandai Lake Road,S40,2019,12,29,0.0,,,,,
Mandai Lake Road,S40,2019,12,30,0.0,,,,,
Mandai Lake Road,S40,2019,12,31,0.0,,,,,
Mandai Lake Road,S40,2020,1,1,0.0,,,,,
Mandai Lake Road,S40,2020,1,2,0.0,,,,,
Mandai Lake Road,S40,2020,1,3,0.0,,,,,
Mandai Lake Road,S40,2020,1,4,4.6,,,,,
Mandai Lake Road,S40,2020,1,5,0.0,,,,,
Mandai Lake Road,S40,2020,1,6,4.2,,,,,
Mandai Lake Road,S40,2020,1,7,2.4,,,,,
Mandai Lake Road,S40,2020,1,8,9.8,,,,,
Mandai Lake Road,S40,2020,1,9,0.0,,,,,
Mandai Lake Road,S40,2020,1,10,0.8,,,,,
Mandai Lake Road,S40,2020,1,11,0.0,,,,,
Mandai Lake Road,S40,2020,1,12,0.6,,,,,
Mandai Lake Road,S40,2020,1,13,0.0,,,,,
Mandai Lake Road,S40,2020,1,14,0.0,,,,,
Mandai Lake Road,S40,2020,1,15,0.4,,,,,
Mandai Lake Road,S40,2020,1,16,0.6,,,,,
Mandai Lake Road,S40,2020,1,17,0.0,,,,,
Mandai Lake Road,S40,2020,1,18,0.0,,,,,
Mandai Lake Road,S40,2020,1,19,0.0,,,,,
Mandai Lake Road,S40,2020,1,20,0.2,,,,,
Mandai Lake Road,S40,2020,1,21,13.6,,,,,
Mandai Lake Road,S40,2020,1,22,0.0,,,,,
Mandai Lake Road,S40,2020,1,23,0.0,,,,,
Mandai Lake Road,S40,2020,1,24,0.0,,,,,
Mandai Lake Road,S40,2020,1,25,0.0,,,,,
Mandai Lake Road,S40,2020,1,26,1.2,,,,,
Mandai Lake Road,S40,2020,1,27,56.4,,,,,
Mandai Lake Road,S40,2020,1,28,0.2,,,,,
Mandai Lake Road,S40,2020,1,29,17.4,,,,,
Mandai Lake Road,S40,2020,1,30,0.0,,,,,
Mandai Lake Road,S40,2020,1,31,0.0,,,,,
Mandai Lake Road,S40,2020,2,1,0.0,,,,,
Mandai Lake Road,S40,2020,2,2,0.0,,,,,
Mandai Lake Road,S40,2020,2,3,0.0,,,,,
Mandai Lake Road,S40,2020,2,4,0.0,,,,,
Mandai Lake Road,S40,2020,2,5,0.0,,,,,
Mandai Lake Road,S40,2020,2,6,0.0,,,,,
Mandai Lake Road,S40,2020,2,7,0.0,,,,,
Mandai Lake Road,S40,2020,2,8,0.0,,,,,
Mandai Lake Road,S40,2020,2,9,25.8,,,,,
Mandai Lake Road,S40,2020,2,10,7.8,,,,,
Mandai Lake Road,S40,2020,2,11,45.8,,,,,
Mandai Lake Road,S40,2020,2,12,2.4,,,,,
Mandai Lake Road,S40,2020,2,13,0.0,,,,,
Mandai Lake Road,S40,2020,2,14,0.0,,,,,
Mandai Lake Road,S40,2020,2,15,0.0,,,,,
Mandai Lake Road,S40,2020,2,16,42.2,,,,,
Mandai Lake Road,S40,2020,2,17,0.0,,,,,
Mandai Lake Road,S40,2020,2,18,1.2,,,,,
Mandai Lake Road,S40,2020,2,19,0.2,,,,,
Mandai Lake Road,S40,2020,2,20,0.8,,,,,
Mandai Lake Road,S40,2020,2,21,6.2,,,,,
Mandai Lake Road,S40,2020,2,22,0.4,,,,,
Mandai Lake Road,S40,2020,2,23,0.0,,,,,
Mandai Lake Road,S40,2020,2,24,2.8,,,,,
Mandai Lake Road,S40,2020,2,25,0.0,,,,,
Mandai Lake Road,S40,2020,2,26,0.0,,,,,
Mandai Lake Road,S40,2020,2,27,0.0,,,,,
Mandai Lake Road,S40,2020,2,28,0.0,,,,,
Mandai Lake Road,S40,2020,2,29,0.0,,,,,
Mandai Lake Road,S40,2020,3,1,0.0,,,,,
Mandai Lake Road,S40,2020,3,2,0.0,,,,,
Mandai Lake Road,S40,2020,3,3,0.0,,,,,
Mandai Lake Road,S40,2020,3,4,0.0,,,,,
Mandai Lake Road,S40,2020,3,5,14.2,,,,,
Mandai Lake Road,S40,2020,3,6,0.2,,,,,
Mandai Lake Road,S40,2020,3,7,20.8,,,,,
Mandai Lake Road,S40,2020,3,8,14.2,,,,,
Mandai Lake Road,S40,2020,3,9,0.2,,,,,
Mandai Lake Road,S40,2020,3,10,0.0,,,,,
Mandai Lake Road,S40,2020,3,11,7.8,,,,,
Mandai Lake Road,S40,2020,3,12,0.0,,,,,
Mandai Lake Road,S40,2020,3,13,0.0,,,,,
Mandai Lake Road,S40,2020,3,14,0.0,,,,,
Mandai Lake Road,S40,2020,3,15,0.0,,,,,
Mandai Lake Road,S40,2020,3,16,0.2,,,,,
Mandai Lake Road,S40,2020,3,17,0.0,,,,,
Mandai Lake Road,S40,2020,3,18,2.0,,,,,
Mandai Lake Road,S40,2020,3,19,0.0,,,,,
Mandai Lake Road,S40,2020,3,20,0.0,,,,,
Mandai Lake Road,S40,2020,3,21,32.8,,,,,
Mandai Lake Road,S40,2020,3,22,56.6,,,,,
Mandai Lake Road,S40,2020,3,23,20.2,,,,,
Mandai Lake Road,S40,2020,3,24,0.2,,,,,
Mandai Lake Road,S40,2020,3,25,0.6,,,,,
Mandai Lake Road,S40,2020,3,26,0.0,,,,,
Mandai Lake Road,S40,2020,3,27,22.0,,,,,
Mandai Lake Road,S40,2020,3,28,4.6,,,,,
Mandai Lake Road,S40,2020,3,29,0.0,,,,,
Mandai Lake Road,S40,2020,3,30,0.4,,,,,
Mandai Lake Road,S40,2020,3,31,0.0,,,,,
Mandai Lake Road,S40,2020,4,1,0.8,,,,,
Mandai Lake Road,S40,2020,4,2,3.8,,,,,
Mandai Lake Road,S40,2020,4,3,56.2,,,,,
Mandai Lake Road,S40,2020,4,4,0.0,,,,,
Mandai Lake Road,S40,2020,4,5,0.0,,,,,
Mandai Lake Road,S40,2020,4,6,0.0,,,,,
Mandai Lake Road,S40,2020,4,7,43.4,,,,,
Mandai Lake Road,S40,2020,4,8,53.8,,,,,
Mandai Lake Road,S40,2020,4,9,0.2,,,,,
Mandai Lake Road,S40,2020,4,10,2.2,,,,,
Mandai Lake Road,S40,2020,4,11,8.0,,,,,
Mandai Lake Road,S40,2020,4,12,0.0,,,,,
Mandai Lake Road,S40,2020,4,13,28.4,,,,,
Mandai Lake Road,S40,2020,4,14,0.0,,,,,
Mandai Lake Road,S40,2020,4,15,0.0,,,,,
Mandai Lake Road,S40,2020,4,16,0.0,,,,,
Mandai Lake Road,S40,2020,4,17,0.0,,,,,
Mandai Lake Road,S40,2020,4,18,0.0,,,,,
Mandai Lake Road,S40,2020,4,19,0.0,,,,,
Mandai Lake Road,S40,2020,4,20,0.0,,,,,
Mandai Lake Road,S40,2020,4,21,13.6,,,,,
Mandai Lake Road,S40,2020,4,22,0.8,,,,,
Mandai Lake Road,S40,2020,4,23,25.8,,,,,
Mandai Lake Road,S40,2020,4,24,14.4,,,,,
Mandai Lake Road,S40,2020,4,25,2.8,,,,,
Mandai Lake Road,S40,2020,4,26,1.0,,,,,
Mandai Lake Road,S40,2020,4,27,0.0,,,,,
Mandai Lake Road,S40,2020,4,28,0.0,,,,,
Mandai Lake Road,S40,2020,4,29,2.0,,,,,
Mandai Lake Road,S40,2020,4,30,3.8,,,,,
Mandai Lake Road,S40,2020,5,1,8.8,,,,,
Mandai Lake Road,S40,2020,5,2,0.2,,,,,
Mandai Lake Road,S40,2020,5,3,10.2,,,,,
Mandai Lake Road,S40,2020,5,4,0.4,,,,,
Mandai Lake Road,S40,2020,5,5,0.2,,,,,
Mandai Lake Road,S40,2020,5,6,2.0,,,,,
Mandai Lake Road,S40,2020,5,7,0.0,,,,,
Mandai Lake Road,S40,2020,5,8,17.6,,,,,
Mandai Lake Road,S40,2020,5,9,0.0,,,,,
Mandai Lake Road,S40,2020,5,10,13.2,,,,,
Mandai Lake Road,S40,2020,5,11,1.4,,,,,
Mandai Lake Road,S40,2020,5,12,0.0,,,,,
Mandai Lake Road,S40,2020,5,13,4.6,,,,,
Mandai Lake Road,S40,2020,5,14,0.0,,,,,
Mandai Lake Road,S40,2020,5,15,0.0,,,,,
Mandai Lake Road,S40,2020,5,16,2.8,,,,,
Mandai Lake Road,S40,2020,5,17,20.6,,,,,
Mandai Lake Road,S40,2020,5,18,0.4,,,,,
Mandai Lake Road,S40,2020,5,19,0.0,,,,,
Mandai Lake Road,S40,2020,5,20,7.6,,,,,
Mandai Lake Road,S40,2020,5,21,1.6,,,,,
Mandai Lake Road,S40,2020,5,22,66.0,,,,,
Mandai Lake Road,S40,2020,5,23,0.4,,,,,
Mandai Lake Road,S40,2020,5,24,0.0,,,,,
Mandai Lake Road,S40,2020,5,25,0.0,,,,,
Mandai Lake Road,S40,2020,5,26,2.4,,,,,
Mandai Lake Road,S40,2020,5,27,3.0,,,,,
Mandai Lake Road,S40,2020,5,28,7.0,,,,,
Mandai Lake Road,S40,2020,5,29,41.6,,,,,
Mandai Lake Road,S40,2020,5,30,3.2,,,,,
Mandai Lake Road,S40,2020,5,31,0.0,,,,,
Mandai Lake Road,S40,2020,6,1,9.2,,,,,
Mandai Lake Road,S40,2020,6,2,0.8,,,,,
Mandai Lake Road,S40,2020,6,3,0.0,,,,,
Mandai Lake Road,S40,2020,6,4,24.6,,,,,
Mandai Lake Road,S40,2020,6,5,16.6,,,,,
Mandai Lake Road,S40,2020,6,6,4.4,,,,,
Mandai Lake Road,S40,2020,6,7,0.0,,,,,
Mandai Lake Road,S40,2020,6,8,0.0,,,,,
Mandai Lake Road,S40,2020,6,9,0.0,,,,,
Mandai Lake Road,S40,2020,6,10,1.4,,,,,
Mandai Lake Road,S40,2020,6,11,1.0,,,,,
Mandai Lake Road,S40,2020,6,12,0.6,,,,,
Mandai Lake Road,S40,2020,6,13,13.8,,,,,
Mandai Lake Road,S40,2020,6,14,10.2,,,,,
Mandai Lake Road,S40,2020,6,15,1.2,,,,,
Mandai Lake Road,S40,2020,6,16,0.4,,,,,
Mandai Lake Road,S40,2020,6,17,39.2,,,,,
Mandai Lake Road,S40,2020,6,18,1.0,,,,,
Mandai Lake Road,S40,2020,6,19,2.4,,,,,
Mandai Lake Road,S40,2020,6,20,19.4,,,,,
Mandai Lake Road,S40,2020,6,21,9.4,,,,,
Mandai Lake Road,S40,2020,6,22,,,,,,
Mandai Lake Road,S40,2020,6,23,,,,,,
Mandai Lake Road,S40,2020,6,24,13.2,,,,,
Mandai Lake Road,S40,2020,6,25,0.0,,,,,
Mandai Lake Road,S40,2020,6,26,0.0,,,,,
Mandai Lake Road,S40,2020,6,27,8.0,,,,,
Mandai Lake Road,S40,2020,6,28,1.2,,,,,
Mandai Lake Road,S40,2020,6,29,0.8,,,,,
Mandai Lake Road,S40,2020,6,30,0.0,,,,,
Mandai Lake Road,S40,2020,7,1,3.0,,,,,
Mandai Lake Road,S40,2020,7,2,0.0,,,,,
Mandai Lake Road,S40,2020,7,3,0.0,,,,,
Mandai Lake Road,S40,2020,7,4,0.0,,,,,
Mandai Lake Road,S40,2020,7,5,0.6,,,,,
Mandai Lake Road,S40,2020,7,6,3.8,,,,,
Mandai Lake Road,S40,2020,7,7,7.2,,,,,
Mandai Lake Road,S40,2020,7,8,1.6,,,,,
Mandai Lake Road,S40,2020,7,9,3.8,,,,,
Mandai Lake Road,S40,2020,7,10,0.2,,,,,
Mandai Lake Road,S40,2020,7,11,0.0,,,,,
Mandai Lake Road,S40,2020,7,12,7.8,,,,,
Mandai Lake Road,S40,2020,7,13,22.8,,,,,
Mandai Lake Road,S40,2020,7,14,0.2,,,,,
Mandai Lake Road,S40,2020,7,15,6.6,,,,,
Mandai Lake Road,S40,2020,7,16,29.0,,,,,
Mandai Lake Road,S40,2020,7,17,0.2,,,,,
Mandai Lake Road,S40,2020,7,18,0.0,,,,,
Mandai Lake Road,S40,2020,7,19,0.0,,,,,
Mandai Lake Road,S40,2020,7,20,0.0,,,,,
Mandai Lake Road,S40,2020,7,21,0.0,,,,,
Mandai Lake Road,S40,2020,7,22,9.2,,,,,
Mandai Lake Road,S40,2020,7,23,3.6,,,,,
Mandai Lake Road,S40,2020,7,24,22.4,,,,,
Mandai Lake Road,S40,2020,7,25,2.6,,,,,
Mandai Lake Road,S40,2020,7,26,8.6,,,,,
Mandai Lake Road,S40,2020,7,27,38.4,,,,,
Mandai Lake Road,S40,2020,7,28,0.4,,,,,
Mandai Lake Road,S40,2020,7,29,5.0,,,,,
Mandai Lake Road,S40,2020,7,30,0.0,,,,,
Mandai Lake Road,S40,2020,7,31,20.2,,,,,
Mandai Lake Road,S40,2020,8,1,8.8,,,,,
Mandai Lake Road,S40,2020,8,2,0.0,,,,,
Mandai Lake Road,S40,2020,8,3,0.0,,,,,
Mandai Lake Road,S40,2020,8,4,0.6,,,,,
Mandai Lake Road,S40,2020,8,5,0.0,,,,,
Mandai Lake Road,S40,2020,8,6,0.0,,,,,
Mandai Lake Road,S40,2020,8,7,0.0,,,,,
Mandai Lake Road,S40,2020,8,8,0.0,,,,,
Mandai Lake Road,S40,2020,8,9,0.0,,,,,
Mandai Lake Road,S40,2020,8,10,0.0,,,,,
Mandai Lake Road,S40,2020,8,11,0.0,,,,,
Mandai Lake Road,S40,2020,8,12,10.2,,,,,
Mandai Lake Road,S40,2020,8,13,22.6,,,,,
Mandai Lake Road,S40,2020,8,14,29.8,,,,,
Mandai Lake Road,S40,2020,8,15,10.2,,,,,
Mandai Lake Road,S40,2020,8,16,0.0,,,,,
Mandai Lake Road,S40,2020,8,17,1.4,,,,,
Mandai Lake Road,S40,2020,8,18,0.8,,,,,
Mandai Lake Road,S40,2020,8,19,1.8,,,,,
Mandai Lake Road,S40,2020,8,20,0.2,,,,,
Mandai Lake Road,S40,2020,8,21,0.0,,,,,
Mandai Lake Road,S40,2020,8,22,12.0,,,,,
Mandai Lake Road,S40,2020,8,23,13.0,,,,,
Mandai Lake Road,S40,2020,8,24,0.2,,,,,
Mandai Lake Road,S40,2020,8,25,1.4,,,,,
Mandai Lake Road,S40,2020,8,26,4.8,,,,,
Mandai Lake Road,S40,2020,8,27,0.0,,,,,
Mandai Lake Road,S40,2020,8,28,0.0,,,,,
Mandai Lake Road,S40,2020,8,29,1.8,,,,,
Mandai Lake Road,S40,2020,8,30,0.0,,,,,
Mandai Lake Road,S40,2020,8,31,0.0,,,,,
Mandai Lake Road,S40,2020,9,1,0.0,,,,,
Mandai Lake Road,S40,2020,9,2,3.0,,,,,
Mandai Lake Road,S40,2020,9,3,12.0,,,,,
Mandai Lake Road,S40,2020,9,4,3.0,,,,,
Mandai Lake Road,S40,2020,9,5,28.2,,,,,
Mandai Lake Road,S40,2020,9,6,5.8,,,,,
Mandai Lake Road,S40,2020,9,7,1.2,,,,,
Mandai Lake Road,S40,2020,9,8,0.2,,,,,
Mandai Lake Road,S40,2020,9,9,0.0,,,,,
Mandai Lake Road,S40,2020,9,10,1.2,,,,,
Mandai Lake Road,S40,2020,9,11,10.4,,,,,
Mandai Lake Road,S40,2020,9,12,16.6,,,,,
Mandai Lake Road,S40,2020,9,13,26.0,,,,,
Mandai Lake Road,S40,2020,9,14,16.4,,,,,
Mandai Lake Road,S40,2020,9,15,0.0,,,,,
Mandai Lake Road,S40,2020,9,16,8.0,,,,,
Mandai Lake Road,S40,2020,9,17,0.0,,,,,
Mandai Lake Road,S40,2020,9,18,0.0,,,,,
Mandai Lake Road,S40,2020,9,19,29.8,,,,,
Mandai Lake Road,S40,2020,9,20,1.0,,,,,
Mandai Lake Road,S40,2020,9,21,2.2,,,,,
Mandai Lake Road,S40,2020,9,22,0.2,,,,,
Mandai Lake Road,S40,2020,9,23,0.0,,,,,
Mandai Lake Road,S40,2020,9,24,2.0,,,,,
Mandai Lake Road,S40,2020,9,25,25.2,,,,,
Mandai Lake Road,S40,2020,9,26,53.2,,,,,
Mandai Lake Road,S40,2020,9,27,8.4,,,,,
Mandai Lake Road,S40,2020,9,28,0.0,,,,,
Mandai Lake Road,S40,2020,9,29,1.0,,,,,
Mandai Lake Road,S40,2020,9,30,13.0,,,,,
Mandai Lake Road,S40,2020,10,1,23.0,,,,,
Mandai Lake Road,S40,2020,10,2,2.2,,,,,
Mandai Lake Road,S40,2020,10,3,12.8,,,,,
Mandai Lake Road,S40,2020,10,4,0.0,,,,,
Mandai Lake Road,S40,2020,10,5,0.0,,,,,
Mandai Lake Road,S40,2020,10,6,0.0,,,,,
Mandai Lake Road,S40,2020,10,7,7.4,,,,,
Mandai Lake Road,S40,2020,10,8,12.2,,,,,
Mandai Lake Road,S40,2020,10,9,0.0,,,,,
Mandai Lake Road,S40,2020,10,10,4.4,,,,,
Mandai Lake Road,S40,2020,10,11,11.8,,,,,
Mandai Lake Road,S40,2020,10,12,0.0,,,,,
Mandai Lake Road,S40,2020,10,13,0.0,,,,,
Mandai Lake Road,S40,2020,10,14,4.8,,,,,
Mandai Lake Road,S40,2020,10,15,1.4,,,,,
Mandai Lake Road,S40,2020,10,16,3.8,,,,,
Mandai Lake Road,S40,2020,10,17,0.0,,,,,
Mandai Lake Road,S40,2020,10,18,11.6,,,,,
Mandai Lake Road,S40,2020,10,19,0.0,,,,,
Mandai Lake Road,S40,2020,10,20,1.0,,,,,
Mandai Lake Road,S40,2020,10,21,13.4,,,,,
Mandai Lake Road,S40,2020,10,22,9.8,,,,,
Mandai Lake Road,S40,2020,10,23,0.0,,,,,
Mandai Lake Road,S40,2020,10,24,1.2,,,,,
Mandai Lake Road,S40,2020,10,25,17.4,,,,,
Mandai Lake Road,S40,2020,10,26,3.0,,,,,
Mandai Lake Road,S40,2020,10,27,0.0,,,,,
Mandai Lake Road,S40,2020,10,28,18.6,,,,,
Mandai Lake Road,S40,2020,10,29,0.2,,,,,
Mandai Lake Road,S40,2020,10,30,0.0,,,,,
Mandai Lake Road,S40,2020,10,31,48.4,,,,,
Mandai Lake Road,S40,2020,11,1,0.4,,,,,
Mandai Lake Road,S40,2020,11,2,26.0,,,,,
Mandai Lake Road,S40,2020,11,3,2.8,,,,,
Mandai Lake Road,S40,2020,11,4,19.2,,,,,
Mandai Lake Road,S40,2020,11,5,0.0,,,,,
Mandai Lake Road,S40,2020,11,6,0.0,,,,,
Mandai Lake Road,S40,2020,11,7,42.6,,,,,
Mandai Lake Road,S40,2020,11,8,14.2,,,,,
Mandai Lake Road,S40,2020,11,9,8.0,,,,,
Mandai Lake Road,S40,2020,11,10,14.0,,,,,
Mandai Lake Road,S40,2020,11,11,0.0,,,,,
Mandai Lake Road,S40,2020,11,12,0.0,,,,,
Mandai Lake Road,S40,2020,11,13,0.4,,,,,
Mandai Lake Road,S40,2020,11,14,4.2,,,,,
Mandai Lake Road,S40,2020,11,15,60.4,,,,,
Mandai Lake Road,S40,2020,11,16,5.0,,,,,
Mandai Lake Road,S40,2020,11,17,20.6,,,,,
Mandai Lake Road,S40,2020,11,18,0.8,,,,,
Mandai Lake Road,S40,2020,11,19,6.2,,,,,
Mandai Lake Road,S40,2020,11,20,3.8,,,,,
Mandai Lake Road,S40,2020,11,21,19.2,,,,,
Mandai Lake Road,S40,2020,11,22,55.2,,,,,
Mandai Lake Road,S40,2020,11,23,5.0,,,,,
Mandai Lake Road,S40,2020,11,24,0.2,,,,,
Mandai Lake Road,S40,2020,11,25,0.0,,,,,
Mandai Lake Road,S40,2020,11,26,2.0,,,,,
Mandai Lake Road,S40,2020,11,27,0.0,,,,,
Mandai Lake Road,S40,2020,11,28,3.2,,,,,
Mandai Lake Road,S40,2020,11,29,0.0,,,,,
Mandai Lake Road,S40,2020,11,30,0.6,,,,,
