station,station_id,year,month,day,rainfall_mm,temp_mean_c,temp_max_c,temp_min_c,wind_mean_kmh,wind_max_kmh
Kent Ridge Road,S71,2013,1,1,10.0,,,,,
Kent Ridge Road,S71,2013,1,2,0.4,,,,,
Kent Ridge Road,S71,2013,1,3,2.0,,,,,
Kent Ridge Road,S71,2013,1,4,23.8,,,,,
Kent Ridge Road,S71,2013,1,5,0.0,,,,,
Kent Ridge Road,S71,2013,1,6,0.0,,,,,
Kent Ridge Road,S71,2013,1,7,0.0,,,,,
Kent Ridge Road,S71,2013,1,8,13.8,,,,,
Kent Ridge Road,S71,2013,1,9,1.0,,,,,
Kent Ridge Road,S71,2013,1,10,0.2,,,,,
Kent Ridge Road,S71,2013,1,11,32.2,,,,,
Kent Ridge Road,S71,2013,1,12,2.6,,,,,
Kent Ridge Road,S71,2013,1,13,0.0,,,,,
Kent Ridge Road,S71,2013,1,14,16.6,,,,,
Kent Ridge Road,S71,2013,1,15,1.8,,,,,
Kent Ridge Road,S71,2013,1,16,3.4,,,,,
Kent Ridge Road,S71,2013,1,17,0.0,,,,,
Kent Ridge Road,S71,2013,1,18,55.2,,,,,
Kent Ridge Road,S71,2013,1,19,22.8,,,,,
Kent Ridge Road,S71,2013,1,20,0.8,,,,,
Kent Ridge Road,S71,2013,1,21,1.2,,,,,
Kent Ridge Road,S71,2013,1,22,0.6,,,,,
Kent Ridge Road,S71,2013,1,23,0.0,,,,,
Kent Ridge Road,S71,2013,1,24,1.4,,,,,
Kent Ridge Road,S71,2013,1,25,0.0,,,,,
Kent Ridge Road,S71,2013,1,26,0.0,,,,,
Kent Ridge Road,S71,2013,1,27,0.0,,,,,
Kent Ridge Road,S71,2013,1,28,0.0,,,,,
Kent Ridge Road,S71,2013,1,29,0.0,,,,,
Kent Ridge Road,S71,2013,1,30,0.0,,,,,
Kent Ridge Road,S71,2013,1,31,0.0,,,,,
Kent Ridge Road,S71,2013,2,1,0.0,,,,,
Kent Ridge Road,S71,2013,2,2,0.0,,,,,
Kent Ridge Road,S71,2013,2,3,58.0,,,,,
Kent Ridge Road,S71,2013,2,4,0.6,,,,,
Kent Ridge Road,S71,2013,2,5,62.8,,,,,
Kent Ridge Road,S71,2013,2,6,75.8,,,,,
Kent Ridge Road,S71,2013,2,7,79.6,,,,,
Kent Ridge Road,S71,2013,2,8,66.8,,,,,
Kent Ridge Road,S71,2013,2,9,26.2,,,,,
Kent Ridge Road,S71,2013,2,10,29.2,,,,,
Kent Ridge Road,S71,2013,2,11,0.4,,,,,
Kent Ridge Road,S71,2013,2,12,5.0,,,,,
Kent Ridge Road,S71,2013,2,13,4.6,,,,,
Kent Ridge Road,S71,2013,2,14,27.2,,,,,
Kent Ridge Road,S71,2013,2,15,10.2,,,,,
Kent Ridge Road,S71,2013,2,16,12.0,,,,,
Kent Ridge Road,S71,2013,2,17,0.2,,,,,
Kent Ridge Road,S71,2013,2,18,0.8,,,,,
Kent Ridge Road,S71,2013,2,19,9.2,,,,,
Kent Ridge Road,S71,2013,2,20,0.0,,,,,
Kent Ridge Road,S71,2013,2,21,3.8,,,,,
Kent Ridge Road,S71,2013,2,22,0.0,,,,,
Kent Ridge Road,S71,2013,2,23,0.0,,,,,
Kent Ridge Road,S71,2013,2,24,0.0,,,,,
Kent Ridge Road,S71,2013,2,25,3.2,,,,,
Kent Ridge Road,S71,2013,2,26,52.6,,,,,
Kent Ridge Road,S71,2013,2,27,1.6,,,,,
Kent Ridge Road,S71,2013,2,28,0.2,,,,,
Kent Ridge Road,S71,2013,3,1,0.2,,,,,
Kent Ridge Road,S71,2013,3,2,20.2,,,,,
Kent Ridge Road,S71,2013,3,3,0.0,,,,,
Kent Ridge Road,S71,2013,3,4,0.0,,,,,
Kent Ridge Road,S71,2013,3,5,0.0,,,,,
Kent Ridge Road,S71,2013,3,6,0.0,,,,,
Kent Ridge Road,S71,2013,3,7,2.6,,,,,
Kent Ridge Road,S71,2013,3,8,0.0,,,,,
Kent Ridge Road,S71,2013,3,9,32.4,,,,,
Kent Ridge Road,S71,2013,3,10,4.8,,,,,
Kent Ridge Road,S71,2013,3,11,0.0,,,,,
Kent Ridge Road,S71,2013,3,12,0.0,,,,,
Kent Ridge Road,S71,2013,3,13,1.8,,,,,
Kent Ridge Road,S71,2013,3,14,8.8,,,,,
Kent Ridge Road,S71,2013,3,15,0.0,,,,,
Kent Ridge Road,S71,2013,3,16,0.0,,,,,
Kent Ridge Road,S71,2013,3,17,14.2,,,,,
Kent Ridge Road,S71,2013,3,18,0.0,,,,,
Kent Ridge Road,S71,2013,3,19,1.4,,,,,
Kent Ridge Road,S71,2013,3,20,0.0,,,,,
Kent Ridge Road,S71,2013,3,21,0.0,,,,,
Kent Ridge Road,S71,2013,3,22,0.0,,,,,
Kent Ridge Road,S71,2013,3,23,0.0,,,,,
Kent Ridge Road,S71,2013,3,24,0.0,,,,,
Kent Ridge Road,S71,2013,3,25,37.0,,,,,
Kent Ridge Road,S71,2013,3,26,0.0,,,,,
Kent Ridge Road,S71,2013,3,27,0.2,,,,,
Kent Ridge Road,S71,2013,3,28,0.0,,,,,
Kent Ridge Road,S71,2013,3,29,39.6,,,,,
Kent Ridge Road,S71,2013,3,30,0.0,,,,,
Kent Ridge Road,S71,2013,3,31,14.6,,,,,
Kent Ridge Road,S71,2013,4,1,0.2,,,,,
Kent Ridge Road,S71,2013,4,2,8.4,,,,,
Kent Ridge Road,S71,2013,4,3,0.2,,,,,
Kent Ridge Road,S71,2013,4,4,20.8,,,,,
Kent Ridge Road,S71,2013,4,5,0.2,,,,,
Kent Ridge Road,S71,2013,4,6,14.6,,,,,
Kent Ridge Road,S71,2013,4,7,0.0,,,,,
Kent Ridge Road,S71,2013,4,8,3.8,,,,,
Kent Ridge Road,S71,2013,4,9,2.2,,,,,
Kent Ridge Road,S71,2013,4,10,0.0,,,,,
Kent Ridge Road,S71,2013,4,11,0.0,,,,,
Kent Ridge Road,S71,2013,4,12,0.0,,,,,
Kent Ridge Road,S71,2013,4,13,19.6,,,,,
Kent Ridge Road,S71,2013,4,14,0.2,,,,,
Kent Ridge Road,S71,2013,4,15,0.0,,,,,
Kent Ridge Road,S71,2013,4,16,69.2,,,,,
Kent Ridge Road,S71,2013,4,17,0.6,,,,,
Kent Ridge Road,S71,2013,4,18,1.8,,,,,
Kent Ridge Road,S71,2013,4,19,8.4,,,,,
Kent Ridge Road,S71,2013,4,20,0.0,,,,,
Kent Ridge Road,S71,2013,4,21,32.8,,,,,
Kent Ridge Road,S71,2013,4,22,0.0,,,,,
Kent Ridge Road,S71,2013,4,23,6.4,,,,,
Kent Ridge Road,S71,2013,4,24,0.0,,,,,
Kent Ridge Road,S71,2013,4,25,23.8,,,,,
Kent Ridge Road,S71,2013,4,26,0.6,,,,,
Kent Ridge Road,S71,2013,4,27,9.0,,,,,
Kent Ridge Road,S71,2013,4,28,1.0,,,,,
Kent Ridge Road,S71,2013,4,29,0.0,,,,,
Kent Ridge Road,S71,2013,4,30,0.0,,,,,
Kent Ridge Road,S71,2013,5,1,0.0,,,,,
Kent Ridge Road,S71,2013,5,2,0.0,,,,,
Kent Ridge Road,S71,2013,5,3,3.0,,,,,
Kent Ridge Road,S71,2013,5,4,0.0,,,,,
Kent Ridge Road,S71,2013,5,5,0.0,,,,,
Kent Ridge Road,S71,2013,5,6,0.0,,,,,
Kent Ridge Road,S71,2013,5,7,5.0,,,,,
Kent Ridge Road,S71,2013,5,8,0.2,,,,,
Kent Ridge Road,S71,2013,5,9,0.4,,,,,
Kent Ridge Road,S71,2013,5,10,20.2,,,,,
Kent Ridge Road,S71,2013,5,11,0.0,,,,,
Kent Ridge Road,S71,2013,5,12,0.0,,,,,
Kent Ridge Road,S71,2013,5,13,0.0,,,,,
Kent Ridge Road,S71,2013,5,14,0.0,,,,,
Kent Ridge Road,S71,2013,5,15,24.4,,,,,
Kent Ridge Road,S71,2013,5,16,4.0,,,,,
Kent Ridge Road,S71,2013,5,17,0.0,,,,,
Kent Ridge Road,S71,2013,5,18,0.0,,,,,
Kent Ridge Road,S71,2013,5,19,0.0,,,,,
Kent Ridge Road,S71,2013,5,20,0.0,,,,,
Kent Ridge Road,S71,2013,5,21,0.0,,,,,
Kent Ridge Road,S71,2013,5,22,2.8,,,,,
Kent Ridge Road,S71,2013,5,23,0.0,,,,,
Kent Ridge Road,S71,2013,5,24,10.6,,,,,
Kent Ridge Road,S71,2013,5,25,0.0,,,,,
Kent Ridge Road,S71,2013,5,26,0.6,,,,,
Kent Ridge Road,S71,2013,5,27,0.0,,,,,
Kent Ridge Road,S71,2013,5,28,0.0,,,,,
Kent Ridge Road,S71,2013,5,29,0.6,,,,,
Kent Ridge Road,S71,2013,5,30,0.0,,,,,
Kent Ridge Road,S71,2013,5,31,4.2,,,,,
Kent Ridge Road,S71,2013,6,1,3.0,,,,,
Kent Ridge Road,S71,2013,6,2,0.8,,,,,
Kent Ridge Road,S71,2013,6,3,12.2,,,,,
Kent Ridge Road,S71,2013,6,4,5.0,,,,,
Kent Ridge Road,S71,2013,6,5,47.0,,,,,
Kent Ridge Road,S71,2013,6,6,0.8,,,,,
Kent Ridge Road,S71,2013,6,7,11.0,,,,,
Kent Ridge Road,S71,2013,6,8,57.2,,,,,
Kent Ridge Road,S71,2013,6,9,17.6,,,,,
Kent Ridge Road,S71,2013,6,10,2.0,,,,,
Kent Ridge Road,S71,2013,6,11,0.0,,,,,
Kent Ridge Road,S71,2013,6,12,0.0,,,,,
Kent Ridge Road,S71,2013,6,13,0.0,,,,,
Kent Ridge Road,S71,2013,6,14,0.0,,,,,
Kent Ridge Road,S71,2013,6,15,0.0,,,,,
Kent Ridge Road,S71,2013,6,16,14.8,,,,,
Kent Ridge Road,S71,2013,6,17,0.0,,,,,
Kent Ridge Road,S71,2013,6,18,0.0,,,,,
Kent Ridge Road,S71,2013,6,19,0.0,,,,,
Kent Ridge Road,S71,2013,6,20,0.0,,,,,
Kent Ridge Road,S71,2013,6,21,0.0,,,,,
Kent Ridge Road,S71,2013,6,22,0.0,,,,,
Kent Ridge Road,S71,2013,6,23,0.0,,,,,
Kent Ridge Road,S71,2013,6,24,0.0,,,,,
Kent Ridge Road,S71,2013,6,25,5.6,,,,,
Kent Ridge Road,S71,2013,6,26,14.2,,,,,
Kent Ridge Road,S71,2013,6,27,0.0,,,,,
Kent Ridge Road,S71,2013,6,28,0.0,,,,,
Kent Ridge Road,S71,2013,6,29,0.0,,,,,
Kent Ridge Road,S71,2013,6,30,0.0,,,,,
Kent Ridge Road,S71,2013,7,1,0.0,,,,,
Kent Ridge Road,S71,2013,7,2,15.4,,,,,
Kent Ridge Road,S71,2013,7,3,0.0,,,,,
Kent Ridge Road,S71,2013,7,4,3.8,,,,,
Kent Ridge Road,S71,2013,7,5,0.2,,,,,
Kent Ridge Road,S71,2013,7,6,0.0,,,,,
Kent Ridge Road,S71,2013,7,7,0.0,,,,,
Kent Ridge Road,S71,2013,7,8,16.4,,,,,
Kent Ridge Road,S71,2013,7,9,29.8,,,,,
Kent Ridge Road,S71,2013,7,10,0.0,,,,,
Kent Ridge Road,S71,2013,7,11,7.6,,,,,
Kent Ridge Road,S71,2013,7,12,0.0,,,,,
Kent Ridge Road,S71,2013,7,13,2.0,,,,,
Kent Ridge Road,S71,2013,7,14,10.2,,,,,
Kent Ridge Road,S71,2013,7,15,0.2,,,,,
Kent Ridge Road,S71,2013,7,16,0.0,,,,,
Kent Ridge Road,S71,2013,7,17,7.4,,,,,
Kent Ridge Road,S71,2013,7,18,0.6,,,,,
Kent Ridge Road,S71,2013,7,19,0.0,,,,,
Kent Ridge Road,S71,2013,7,20,0.0,,,,,
Kent Ridge Road,S71,2013,7,21,0.0,,,,,
Kent Ridge Road,S71,2013,7,22,0.0,,,,,
Kent Ridge Road,S71,2013,7,23,0.0,,,,,
Kent Ridge Road,S71,2013,7,24,0.0,,,,,
Kent Ridge Road,S71,2013,7,25,0.0,,,,,
Kent Ridge Road,S71,2013,7,26,0.0,,,,,
Kent Ridge Road,S71,2013,7,27,18.2,,,,,
Kent Ridge Road,S71,2013,7,28,0.0,,,,,
Kent Ridge Road,S71,2013,7,29,0.0,,,,,
Kent Ridge Road,S71,2013,7,30,0.0,,,,,
Kent Ridge Road,S71,2013,7,31,3.4,,,,,
Kent Ridge Road,S71,2013,8,1,0.8,,,,,
Kent Ridge Road,S71,2013,8,2,0.0,,,,,
Kent Ridge Road,S71,2013,8,3,0.0,,,,,
Kent Ridge Road,S71,2013,8,4,4.8,,,,,
Kent Ridge Road,S71,2013,8,5,16.6,,,,,
Kent Ridge Road,S71,2013,8,6,2.2,,,,,
Kent Ridge Road,S71,2013,8,7,3.4,,,,,
Kent Ridge Road,S71,2013,8,8,0.2,,,,,
Kent Ridge Road,S71,2013,8,9,1.4,,,,,
Kent Ridge Road,S71,2013,8,10,26.2,,,,,
Kent Ridge Road,S71,2013,8,11,3.6,,,,,
Kent Ridge Road,S71,2013,8,12,9.4,,,,,
Kent Ridge Road,S71,2013,8,13,1.0,,,,,
Kent Ridge Road,S71,2013,8,14,25.6,,,,,
Kent Ridge Road,S71,2013,8,15,0.0,,,,,
Kent Ridge Road,S71,2013,8,16,0.0,,,,,
Kent Ridge Road,S71,2013,8,17,4.8,,,,,
Kent Ridge Road,S71,2013,8,18,0.0,,,,,
Kent Ridge Road,S71,2013,8,19,0.0,,,,,
Kent Ridge Road,S71,2013,8,20,0.0,,,,,
Kent Ridge Road,S71,2013,8,21,0.0,,,,,
Kent Ridge Road,S71,2013,8,22,0.0,,,,,
Kent Ridge Road,S71,2013,8,23,0.0,,,,,
Kent Ridge Road,S71,2013,8,24,0.0,,,,,
Kent Ridge Road,S71,2013,8,25,0.0,,,,,
Kent Ridge Road,S71,2013,8,26,4.8,,,,,
Kent Ridge Road,S71,2013,8,27,0.0,,,,,
Kent Ridge Road,S71,2013,8,28,0.0,,,,,
Kent Ridge Road,S71,2013,8,29,0.2,,,,,
Kent Ridge Road,S71,2013,8,30,0.0,,,,,
Kent Ridge Road,S71,2013,8,31,0.0,,,,,
Kent Ridge Road,S71,2013,9,1,2.6,,,,,
Kent Ridge Road,S71,2013,9,2,1.4,,,,,
Kent Ridge Road,S71,2013,9,3,19.2,,,,,
Kent Ridge Road,S71,2013,9,4,24.8,,,,,
Kent Ridge Road,S71,2013,9,5,109.0,,,,,
Kent Ridge Road,S71,2013,9,6,26.0,,,,,
Kent Ridge Road,S71,2013,9,7,38.6,,,,,
Kent Ridge Road,S71,2013,9,8,1.0,,,,,
Kent Ridge Road,S71,2013,9,9,14.0,,,,,
Kent Ridge Road,S71,2013,9,10,9.4,,,,,
Kent Ridge Road,S71,2013,9,11,0.8,,,,,
Kent Ridge Road,S71,2013,9,12,0.0,,,,,
Kent Ridge Road,S71,2013,9,13,0.6,,,,,
Kent Ridge Road,S71,2013,9,14,0.0,,,,,
Kent Ridge Road,S71,2013,9,15,15.6,,,,,
Kent Ridge Road,S71,2013,9,16,0.2,,,,,
Kent Ridge Road,S71,2013,9,17,2.4,,,,,
Kent Ridge Road,S71,2013,9,18,0.0,,,,,
Kent Ridge Road,S71,2013,9,19,0.0,,,,,
Kent Ridge Road,S71,2013,9,20,0.0,,,,,
Kent Ridge Road,S71,2013,9,21,0.2,,,,,
Kent Ridge Road,S71,2013,9,22,0.0,,,,,
Kent Ridge Road,S71,2013,9,23,0.0,,,,,
Kent Ridge Road,S71,2013,9,24,0.0,,,,,
Kent Ridge Road,S71,2013,9,25,22.8,,,,,
Kent Ridge Road,S71,2013,9,26,19.4,,,,,
Kent Ridge Road,S71,2013,9,27,0.0,,,,,
Kent Ridge Road,S71,2013,9,28,9.8,,,,,
Kent Ridge Road,S71,2013,9,29,4.0,,,,,
Kent Ridge Road,S71,2013,9,30,0.0,,,,,
Kent Ridge Road,S71,2013,10,1,0.0,,,,,
Kent Ridge Road,S71,2013,10,2,4.2,,,,,
Kent Ridge Road,S71,2013,10,3,0.0,,,,,
Kent Ridge Road,S71,2013,10,4,13.6,,,,,
Kent Ridge Road,S71,2013,10,5,8.0,,,,,
Kent Ridge Road,S71,2013,10,6,3.4,,,,,
Kent Ridge Road,S71,2013,10,7,0.2,,,,,
Kent Ridge Road,S71,2013,10,8,16.8,,,,,
Kent Ridge Road,S71,2013,10,9,0.0,,,,,
Kent Ridge Road,S71,2013,10,10,7.2,,,,,
Kent Ridge Road,S71,2013,10,11,3.0,,,,,
Kent Ridge Road,S71,2013,10,12,5.8,,,,,
Kent Ridge Road,S71,2013,10,13,0.4,,,,,
Kent Ridge Road,S71,2013,10,14,11.8,,,,,
Kent Ridge Road,S71,2013,10,15,0.2,,,,,
Kent Ridge Road,S71,2013,10,16,0.0,,,,,
Kent Ridge Road,S71,2013,10,17,0.0,,,,,
Kent Ridge Road,S71,2013,10,18,49.6,,,,,
Kent Ridge Road,S71,2013,10,19,4.6,,,,,
Kent Ridge Road,S71,2013,10,20,6.2,,,,,
Kent Ridge Road,S71,2013,10,21,15.0,,,,,
Kent Ridge Road,S71,2013,10,22,0.0,,,,,
Kent Ridge Road,S71,2013,10,23,0.0,,,,,
Kent Ridge Road,S71,2013,10,24,0.0,,,,,
Kent Ridge Road,S71,2013,10,25,0.0,,,,,
Kent Ridge Road,S71,2013,10,26,1.2,,,,,
Kent Ridge Road,S71,2013,10,27,20.6,,,,,
Kent Ridge Road,S71,2013,10,28,3.2,,,,,
Kent Ridge Road,S71,2013,10,29,0.0,,,,,
Kent Ridge Road,S71,2013,10,30,3.2,,,,,
Kent Ridge Road,S71,2013,10,31,8.4,,,,,
Kent Ridge Road,S71,2013,11,1,2.2,,,,,
Kent Ridge Road,S71,2013,11,2,0.0,,,,,
Kent Ridge Road,S71,2013,11,3,2.0,,,,,
Kent Ridge Road,S71,2013,11,4,36.8,,,,,
Kent Ridge Road,S71,2013,11,5,52.2,,,,,
Kent Ridge Road,S71,2013,11,6,0.0,,,,,
Kent Ridge Road,S71,2013,11,7,0.0,,,,,
Kent Ridge Road,S71,2013,11,8,0.0,,,,,
Kent Ridge Road,S71,2013,11,9,21.8,,,,,
Kent Ridge Road,S71,2013,11,10,6.8,,,,,
Kent Ridge Road,S71,2013,11,11,11.4,,,,,
Kent Ridge Road,S71,2013,11,12,4.6,,,,,
Kent Ridge Road,S71,2013,11,13,29.0,,,,,
Kent Ridge Road,S71,2013,11,14,1.6,,,,,
Kent Ridge Road,S71,2013,11,15,1.8,,,,,
Kent Ridge Road,S71,2013,11,16,3.2,,,,,
Kent Ridge Road,S71,2013,11,17,0.6,,,,,
Kent Ridge Road,S71,2013,11,18,4.4,,,,,
Kent Ridge Road,S71,2013,11,19,20.8,,,,,
Kent Ridge Road,S71,2013,11,20,2.8,,,,,
Kent Ridge Road,S71,2013,11,21,0.4,,,,,
Kent Ridge Road,S71,2013,11,22,41.6,,,,,
Kent Ridge Road,S71,2013,11,23,0.6,,,,,
Kent Ridge Road,S71,2013,11,24,0.2,,,,,
Kent Ridge Road,S71,2013,11,25,5.6,,,,,
Kent Ridge Road,S71,2013,11,26,1.0,,,,,
Kent Ridge Road,S71,2013,11,27,5.2,,,,,
Kent Ridge Road,S71,2013,11,28,0.4,,,,,
Kent Ridge Road,S71,2013,11,29,22.0,,,,,
Kent Ridge Road,S71,2013,11,30,61.6,,,,,
Kent Ridge Road,S71,2013,12,1,27.2,,,,,
Kent Ridge Road,S71,2013,12,2,6.2,,,,,
Kent Ridge Road,S71,2013,12,3,29.6,,,,,
Kent Ridge Road,S71,2013,12,4,0.0,,,,,
Kent Ridge Road,S71,2013,12,5,0.0,,,,,
Kent Ridge Road,S71,2013,12,6,7.4,,,,,
Kent Ridge Road,S71,2013,12,7,0.0,,,,,
Kent Ridge Road,S71,2013,12,8,28.8,,,,,
Kent Ridge Road,S71,2013,12,9,0.2,,,,,
Kent Ridge Road,S71,2013,12,10,0.2,,,,,
Kent Ridge Road,S71,2013,12,11,0.8,,,,,
Kent Ridge Road,S71,2013,12,12,2.4,,,,,
Kent Ridge Road,S71,2013,12,13,6.8,,,,,
Kent Ridge Road,S71,2013,12,14,0.4,,,,,
Kent Ridge Road,S71,2013,12,15,7.0,,,,,
Kent Ridge Road,S71,2013,12,16,0.0,,,,,
Kent Ridge Road,S71,2013,12,17,0.0,,,,,
Kent Ridge Road,S71,2013,12,18,29.4,,,,,
Kent Ridge Road,S71,2013,12,19,0.4,,,,,
Kent Ridge Road,S71,2013,12,20,15.0,,,,,
Kent Ridge Road,S71,2013,12,21,0.2,,,,,
Kent Ridge Road,S71,2013,12,22,1.6,,,,,
Kent Ridge Road,S71,2013,12,23,1.0,,,,,
Kent Ridge Road,S71,2013,12,24,0.2,,,,,
Kent Ridge Road,S71,2013,12,25,1.6,,,,,
Kent Ridge Road,S71,2013,12,26,8.0,,,,,
Kent Ridge Road,S71,2013,12,27,0.0,,,,,
Kent Ridge Road,S71,2013,12,28,5.4,,,,,
Kent Ridge Road,S71,2013,12,29,0.0,,,,,
Kent Ridge Road,S71,2013,12,30,1.6,,,,,
Kent Ridge Road,S71,2013,12,31,0.0,,,,,
Kent Ridge Road,S71,2014,1,1,0.0,,,,,
Kent Ridge Road,S71,2014,1,2,0.0,,,,,
Kent Ridge Road,S71,2014,1,3,0.0,,,,,
Kent Ridge Road,S71,2014,1,4,9.6,,,,,
Kent Ridge Road,S71,2014,1,5,3.6,,,,,
Kent Ridge Road,S71,2014,1,6,32.2,,,,,
Kent Ridge Road,S71,2014,1,7,0.2,,,,,
Kent Ridge Road,S71,2014,1,8,0.0,,,,,
Kent Ridge Road,S71,2014,1,9,0.0,,,,,
Kent Ridge Road,S71,2014,1,10,0.0,,,,,
Kent Ridge Road,S71,2014,1,11,3.4,,,,,
Kent Ridge Road,S71,2014,1,12,0.0,,,,,
Kent Ridge Road,S71,2014,1,13,0.0,,,,,
Kent Ridge Road,S71,2014,1,14,0.0,,,,,
Kent Ridge Road,S71,2014,1,15,0.0,,,,,
Kent Ridge Road,S71,2014,1,16,0.0,,,,,
Kent Ridge Road,S71,2014,1,17,0.0,,,,,
Kent Ridge Road,S71,2014,1,18,0.0,,,,,
Kent Ridge Road,S71,2014,1,19,0.0,,,,,
Kent Ridge Road,S71,2014,1,20,0.0,,,,,
Kent Ridge Road,S71,2014,1,21,0.0,,,,,
Kent Ridge Road,S71,2014,1,22,0.0,,,,,
Kent Ridge Road,S71,2014,1,23,0.0,,,,,
Kent Ridge Road,S71,2014,1,24,0.0,,,,,
Kent Ridge Road,S71,2014,1,25,0.0,,,,,
Kent Ridge Road,S71,2014,1,26,0.0,,,,,
Kent Ridge Road,S71,2014,1,27,0.0,,,,,
Kent Ridge Road,S71,2014,1,28,0.0,,,,,
Kent Ridge Road,S71,2014,1,29,0.0,,,,,
Kent Ridge Road,S71,2014,1,30,0.0,,,,,
Kent Ridge Road,S71,2014,1,31,0.0,,,,,
Kent Ridge Road,S71,2014,2,1,0.0,,,,,
Kent Ridge Road,S71,2014,2,2,0.0,,,,,
Kent Ridge Road,S71,2014,2,3,0.0,,,,,
Kent Ridge Road,S71,2014,2,4,0.0,,,,,
Kent Ridge Road,S71,2014,2,5,0.0,,,,,
Kent Ridge Road,S71,2014,2,6,0.0,,,,,
Kent Ridge Road,S71,2014,2,7,0.0,,,,,
Kent Ridge Road,S71,2014,2,8,0.0,,,,,
Kent Ridge Road,S71,2014,2,9,0.4,,,,,
Kent Ridge Road,S71,2014,2,10,0.0,,,,,
Kent Ridge Road,S71,2014,2,11,0.0,,,,,
Kent Ridge Road,S71,2014,2,12,0.0,,,,,
Kent Ridge Road,S71,2014,2,13,0.0,,,,,
Kent Ridge Road,S71,2014,2,14,0.0,,,,,
Kent Ridge Road,S71,2014,2,15,0.0,,,,,
Kent Ridge Road,S71,2014,2,16,8.4,,,,,
Kent Ridge Road,S71,2014,2,17,0.0,,,,,
Kent Ridge Road,S71,2014,2,18,0.0,,,,,
Kent Ridge Road,S71,2014,2,19,0.0,,,,,
Kent Ridge Road,S71,2014,2,20,0.0,,,,,
Kent Ridge Road,S71,2014,2,21,0.0,,,,,
Kent Ridge Road,S71,2014,2,22,0.0,,,,,
Kent Ridge Road,S71,2014,2,23,0.0,,,,,
Kent Ridge Road,S71,2014,2,24,0.0,,,,,
Kent Ridge Road,S71,2014,2,25,0.0,,,,,
Kent Ridge Road,S71,2014,2,26,0.0,,,,,
Kent Ridge Road,S71,2014,2,27,0.0,,,,,
Kent Ridge Road,S71,2014,2,28,0.0,,,,,
Kent Ridge Road,S71,2014,3,1,0.0,,,,,
Kent Ridge Road,S71,2014,3,2,0.0,,,,,
Kent Ridge Road,S71,2014,3,3,0.0,,,,,
Kent Ridge Road,S71,2014,3,4,0.0,,,,,
Kent Ridge Road,S71,2014,3,5,0.0,,,,,
Kent Ridge Road,S71,2014,3,6,0.0,,,,,
Kent Ridge Road,S71,2014,3,7,0.0,,,,,
Kent Ridge Road,S71,2014,3,8,0.0,,,,,
Kent Ridge Road,S71,2014,3,9,0.0,,,,,
Kent Ridge Road,S71,2014,3,10,0.0,,,,,
Kent Ridge Road,S71,2014,3,11,0.0,,,,,
Kent Ridge Road,S71,2014,3,12,0.0,,,,,
Kent Ridge Road,S71,2014,3,13,0.0,,,,,
Kent Ridge Road,S71,2014,3,14,0.0,,,,,
Kent Ridge Road,S71,2014,3,15,0.0,,,,,
Kent Ridge Road,S71,2014,3,16,20.8,,,,,
Kent Ridge Road,S71,2014,3,17,35.4,,,,,
Kent Ridge Road,S71,2014,3,18,47.2,,,,,
Kent Ridge Road,S71,2014,3,19,0.2,,,,,
Kent Ridge Road,S71,2014,3,20,18.4,,,,,
Kent Ridge Road,S71,2014,3,21,13.4,,,,,
Kent Ridge Road,S71,2014,3,22,0.0,,,,,
Kent Ridge Road,S71,2014,3,23,0.0,,,,,
Kent Ridge Road,S71,2014,3,24,0.0,,,,,
Kent Ridge Road,S71,2014,3,25,0.0,,,,,
Kent Ridge Road,S71,2014,3,26,0.2,,,,,
Kent Ridge Road,S71,2014,3,27,0.0,,,,,
Kent Ridge Road,S71,2014,3,28,0.0,,,,,
Kent Ridge Road,S71,2014,3,29,1.6,,,,,
Kent Ridge Road,S71,2014,3,30,0.0,,,,,
Kent Ridge Road,S71,2014,3,31,0.0,,,,,
Kent Ridge Road,S71,2014,4,1,3.6,,,,,
Kent Ridge Road,S71,2014,4,2,0.0,,,,,
Kent Ridge Road,S71,2014,4,3,0.0,,,,,
Kent Ridge Road,S71,2014,4,4,7.6,,,,,
Kent Ridge Road,S71,2014,4,5,32.0,,,,,
Kent Ridge Road,S71,2014,4,6,0.2,,,,,
Kent Ridge Road,S71,2014,4,7,0.0,,,,,
Kent Ridge Road,S71,2014,4,8,3.8,,,,,
Kent Ridge Road,S71,2014,4,9,0.0,,,,,
Kent Ridge Road,S71,2014,4,10,17.0,,,,,
Kent Ridge Road,S71,2014,4,11,0.4,,,,,
Kent Ridge Road,S71,2014,4,12,4.4,,,,,
Kent Ridge Road,S71,2014,4,13,0.0,,,,,
Kent Ridge Road,S71,2014,4,14,27.0,,,,,
Kent Ridge Road,S71,2014,4,15,1.2,,,,,
Kent Ridge Road,S71,2014,4,16,0.0,,,,,
Kent Ridge Road,S71,2014,4,17,0.0,,,,,
Kent Ridge Road,S71,2014,4,18,9.0,,,,,
Kent Ridge Road,S71,2014,4,19,0.0,,,,,
Kent Ridge Road,S71,2014,4,20,0.0,,,,,
Kent Ridge Road,S71,2014,4,21,4.4,,,,,
Kent Ridge Road,S71,2014,4,22,0.0,,,,,
Kent Ridge Road,S71,2014,4,23,0.0,,,,,
Kent Ridge Road,S71,2014,4,24,0.0,,,,,
Kent Ridge Road,S71,2014,4,25,1.0,,,,,
Kent Ridge Road,S71,2014,4,26,0.2,,,,,
Kent Ridge Road,S71,2014,4,27,8.2,,,,,
Kent Ridge Road,S71,2014,4,28,14.0,,,,,
Kent Ridge Road,S71,2014,4,29,10.2,,,,,
Kent Ridge Road,S71,2014,4,30,0.0,,,,,
Kent Ridge Road,S71,2014,5,1,0.2,,,,,
Kent Ridge Road,S71,2014,5,2,0.0,,,,,
Kent Ridge Road,S71,2014,5,3,0.0,,,,,
Kent Ridge Road,S71,2014,5,4,0.2,,,,,
Kent Ridge Road,S71,2014,5,5,0.2,,,,,
Kent Ridge Road,S71,2014,5,6,0.0,,,,,
Kent Ridge Road,S71,2014,5,7,20.8,,,,,
Kent Ridge Road,S71,2014,5,8,0.0,,,,,
Kent Ridge Road,S71,2014,5,9,0.2,,,,,
Kent Ridge Road,S71,2014,5,10,0.0,,,,,
Kent Ridge Road,S71,2014,5,11,0.0,,,,,
Kent Ridge Road,S71,2014,5,12,0.0,,,,,
Kent Ridge Road,S71,2014,5,13,0.0,,,,,
Kent Ridge Road,S71,2014,5,14,13.4,,,,,
Kent Ridge Road,S71,2014,5,15,0.0,,,,,
Kent Ridge Road,S71,2014,5,16,10.6,,,,,
Kent Ridge Road,S71,2014,5,17,0.4,,,,,
Kent Ridge Road,S71,2014,5,18,47.2,,,,,
Kent Ridge Road,S71,2014,5,19,34.8,,,,,
Kent Ridge Road,S71,2014,5,20,5.0,,,,,
Kent Ridge Road,S71,2014,5,21,0.8,,,,,
Kent Ridge Road,S71,2014,5,22,0.0,,,,,
Kent Ridge Road,S71,2014,5,23,28.2,,,,,
Kent Ridge Road,S71,2014,5,24,0.0,,,,,
Kent Ridge Road,S71,2014,5,25,0.0,,,,,
Kent Ridge Road,S71,2014,5,26,0.0,,,,,
Kent Ridge Road,S71,2014,5,27,0.6,,,,,
Kent Ridge Road,S71,2014,5,28,1.4,,,,,
Kent Ridge Road,S71,2014,5,29,0.0,,,,,
Kent Ridge Road,S71,2014,5,30,6.6,,,,,
Kent Ridge Road,S71,2014,5,31,0.8,,,,,
Kent Ridge Road,S71,2014,6,1,6.8,,,,,
Kent Ridge Road,S71,2014,6,2,0.0,,,,,
Kent Ridge Road,S71,2014,6,3,0.0,,,,,
Kent Ridge Road,S71,2014,6,4,0.0,,,,,
Kent Ridge Road,S71,2014,6,5,29.4,,,,,
Kent Ridge Road,S71,2014,6,6,14.6,,,,,
Kent Ridge Road,S71,2014,6,7,23.2,,,,,
Kent Ridge Road,S71,2014,6,8,0.0,,,,,
Kent Ridge Road,S71,2014,6,9,0.0,,,,,
Kent Ridge Road,S71,2014,6,10,0.8,,,,,
Kent Ridge Road,S71,2014,6,11,0.0,,,,,
Kent Ridge Road,S71,2014,6,12,9.6,,,,,
Kent Ridge Road,S71,2014,6,13,0.0,,,,,
Kent Ridge Road,S71,2014,6,14,7.2,,,,,
Kent Ridge Road,S71,2014,6,15,0.4,,,,,
Kent Ridge Road,S71,2014,6,16,0.0,,,,,
Kent Ridge Road,S71,2014,6,17,0.0,,,,,
Kent Ridge Road,S71,2014,6,18,17.4,,,,,
Kent Ridge Road,S71,2014,6,19,9.2,,,,,
Kent Ridge Road,S71,2014,6,20,0.0,,,,,
Kent Ridge Road,S71,2014,6,21,0.0,,,,,
Kent Ridge Road,S71,2014,6,22,1.6,,,,,
Kent Ridge Road,S71,2014,6,23,0.0,,,,,
Kent Ridge Road,S71,2014,6,24,0.6,,,,,
Kent Ridge Road,S71,2014,6,25,4.6,,,,,
Kent Ridge Road,S71,2014,6,26,0.0,,,,,
Kent Ridge Road,S71,2014,6,27,0.0,,,,,
Kent Ridge Road,S71,2014,6,28,0.0,,,,,
Kent Ridge Road,S71,2014,6,29,14.0,,,,,
Kent Ridge Road,S71,2014,6,30,57.6,,,,,
Kent Ridge Road,S71,2014,7,1,0.0,,,,,
Kent Ridge Road,S71,2014,7,2,0.0,,,,,
Kent Ridge Road,S71,2014,7,3,0.0,,,,,
Kent Ridge Road,S71,2014,7,4,1.2,,,,,
Kent Ridge Road,S71,2014,7,5,4.8,,,,,
Kent Ridge Road,S71,2014,7,6,0.0,,,,,
Kent Ridge Road,S71,2014,7,7,22.6,,,,,
Kent Ridge Road,S71,2014,7,8,10.2,,,,,
Kent Ridge Road,S71,2014,7,9,57.2,,,,,
Kent Ridge Road,S71,2014,7,10,0.0,,,,,
Kent Ridge Road,S71,2014,7,11,0.6,,,,,
Kent Ridge Road,S71,2014,7,12,1.4,,,,,
Kent Ridge Road,S71,2014,7,13,0.0,,,,,
Kent Ridge Road,S71,2014,7,14,0.0,,,,,
Kent Ridge Road,S71,2014,7,15,0.0,,,,,
Kent Ridge Road,S71,2014,7,16,0.0,,,,,
Kent Ridge Road,S71,2014,7,17,8.8,,,,,
Kent Ridge Road,S71,2014,7,18,0.0,,,,,
Kent Ridge Road,S71,2014,7,19,7.0,,,,,
Kent Ridge Road,S71,2014,7,20,0.0,,,,,
Kent Ridge Road,S71,2014,7,21,0.0,,,,,
Kent Ridge Road,S71,2014,7,22,0.0,,,,,
Kent Ridge Road,S71,2014,7,23,0.0,,,,,
Kent Ridge Road,S71,2014,7,24,0.0,,,,,
Kent Ridge Road,S71,2014,7,25,0.0,,,,,
Kent Ridge Road,S71,2014,7,26,0.0,,,,,
Kent Ridge Road,S71,2014,7,27,22.2,,,,,
Kent Ridge Road,S71,2014,7,28,0.0,,,,,
Kent Ridge Road,S71,2014,7,29,51.6,,,,,
Kent Ridge Road,S71,2014,7,30,30.8,,,,,
Kent Ridge Road,S71,2014,7,31,0.2,,,,,
Kent Ridge Road,S71,2014,8,1,0.0,,,,,
Kent Ridge Road,S71,2014,8,2,15.8,,,,,
Kent Ridge Road,S71,2014,8,3,13.2,,,,,
Kent Ridge Road,S71,2014,8,4,0.0,,,,,
Kent Ridge Road,S71,2014,8,5,16.4,,,,,
Kent Ridge Road,S71,2014,8,6,21.2,,,,,
Kent Ridge Road,S71,2014,8,7,5.6,,,,,
Kent Ridge Road,S71,2014,8,8,0.0,,,,,
Kent Ridge Road,S71,2014,8,9,0.0,,,,,
Kent Ridge Road,S71,2014,8,10,0.0,,,,,
Kent Ridge Road,S71,2014,8,11,2.0,,,,,
Kent Ridge Road,S71,2014,8,12,48.2,,,,,
Kent Ridge Road,S71,2014,8,13,1.0,,,,,
Kent Ridge Road,S71,2014,8,14,3.8,,,,,
Kent Ridge Road,S71,2014,8,15,15.0,,,,,
Kent Ridge Road,S71,2014,8,16,0.0,,,,,
Kent Ridge Road,S71,2014,8,17,0.0,,,,,
Kent Ridge Road,S71,2014,8,18,0.0,,,,,
Kent Ridge Road,S71,2014,8,19,19.6,,,,,
Kent Ridge Road,S71,2014,8,20,0.0,,,,,
Kent Ridge Road,S71,2014,8,21,16.8,,,,,
Kent Ridge Road,S71,2014,8,22,2.4,,,,,
Kent Ridge Road,S71,2014,8,23,0.0,,,,,
Kent Ridge Road,S71,2014,8,24,0.2,,,,,
Kent Ridge Road,S71,2014,8,25,8.8,,,,,
Kent Ridge Road,S71,2014,8,26,51.2,,,,,
Kent Ridge Road,S71,2014,8,27,42.2,,,,,
Kent Ridge Road,S71,2014,8,28,50.8,,,,,
Kent Ridge Road,S71,2014,8,29,0.0,,,,,
Kent Ridge Road,S71,2014,8,30,0.0,,,,,
Kent Ridge Road,S71,2014,8,31,0.0,,,,,
Kent Ridge Road,S71,2014,9,1,0.0,,,,,
Kent Ridge Road,S71,2014,9,2,0.0,,,,,
Kent Ridge Road,S71,2014,9,3,42.8,,,,,
Kent Ridge Road,S71,2014,9,4,0.0,,,,,
Kent Ridge Road,S71,2014,9,5,0.0,,,,,
Kent Ridge Road,S71,2014,9,6,0.0,,,,,
Kent Ridge Road,S71,2014,9,7,0.0,,,,,
Kent Ridge Road,S71,2014,9,8,0.0,,,,,
Kent Ridge Road,S71,2014,9,9,0.0,,,,,
Kent Ridge Road,S71,2014,9,10,0.0,,,,,
Kent Ridge Road,S71,2014,9,11,10.6,,,,,
Kent Ridge Road,S71,2014,9,12,0.0,,,,,
Kent Ridge Road,S71,2014,9,13,0.0,,,,,
Kent Ridge Road,S71,2014,9,14,0.0,,,,,
Kent Ridge Road,S71,2014,9,15,0.0,,,,,
Kent Ridge Road,S71,2014,9,16,0.0,,,,,
Kent Ridge Road,S71,2014,9,17,0.0,,,,,
Kent Ridge Road,S71,2014,9,18,0.0,,,,,
Kent Ridge Road,S71,2014,9,19,0.0,,,,,
Kent Ridge Road,S71,2014,9,20,10.4,,,,,
Kent Ridge Road,S71,2014,9,21,4.2,,,,,
Kent Ridge Road,S71,2014,9,22,0.0,,,,,
Kent Ridge Road,S71,2014,9,23,0.0,,,,,
Kent Ridge Road,S71,2014,9,24,9.0,,,,,
Kent Ridge Road,S71,2014,9,25,12.4,,,,,
Kent Ridge Road,S71,2014,9,26,0.0,,,,,
Kent Ridge Road,S71,2014,9,27,0.0,,,,,
Kent Ridge Road,S71,2014,9,28,0.0,,,,,
Kent Ridge Road,S71,2014,9,29,0.0,,,,,
Kent Ridge Road,S71,2014,9,30,0.0,,,,,
Kent Ridge Road,S71,2014,10,1,0.0,,,,,
Kent Ridge Road,S71,2014,10,2,0.0,,,,,
Kent Ridge Road,S71,2014,10,3,0.0,,,,,
Kent Ridge Road,S71,2014,10,4,3.8,,,,,
Kent Ridge Road,S71,2014,10,5,0.0,,,,,
Kent Ridge Road,S71,2014,10,6,0.0,,,,,
Kent Ridge Road,S71,2014,10,7,0.0,,,,,
Kent Ridge Road,S71,2014,10,8,0.0,,,,,
Kent Ridge Road,S71,2014,10,9,0.0,,,,,
Kent Ridge Road,S71,2014,10,10,0.0,,,,,
Kent Ridge Road,S71,2014,10,11,0.0,,,,,
Kent Ridge Road,S71,2014,10,12,0.0,,,,,
Kent Ridge Road,S71,2014,10,13,0.0,,,,,
Kent Ridge Road,S71,2014,10,14,0.6,,,,,
Kent Ridge Road,S71,2014,10,15,0.0,,,,,
Kent Ridge Road,S71,2014,10,16,0.2,,,,,
Kent Ridge Road,S71,2014,10,17,6.0,,,,,
Kent Ridge Road,S71,2014,10,18,14.8,,,,,
Kent Ridge Road,S71,2014,10,19,0.0,,,,,
Kent Ridge Road,S71,2014,10,20,0.0,,,,,
Kent Ridge Road,S71,2014,10,21,0.4,,,,,
Kent Ridge Road,S71,2014,10,22,4.6,,,,,
Kent Ridge Road,S71,2014,10,23,0.0,,,,,
Kent Ridge Road,S71,2014,10,24,0.0,,,,,
Kent Ridge Road,S71,2014,10,25,0.0,,,,,
Kent Ridge Road,S71,2014,10,26,0.0,,,,,
Kent Ridge Road,S71,2014,10,27,10.6,,,,,
Kent Ridge Road,S71,2014,10,28,0.2,,,,,
Kent Ridge Road,S71,2014,10,29,0.0,,,,,
Kent Ridge Road,S71,2014,10,30,0.4,,,,,
Kent Ridge Road,S71,2014,10,31,0.0,,,,,
Kent Ridge Road,S71,2014,11,1,0.0,,,,,
Kent Ridge Road,S71,2014,11,2,0.0,,,,,
Kent Ridge Road,S71,2014,11,3,0.0,,,,,
Kent Ridge Road,S71,2014,11,4,0.0,,,,,
Kent Ridge Road,S71,2014,11,5,23.6,,,,,
Kent Ridge Road,S71,2014,11,6,6.0,,,,,
Kent Ridge Road,S71,2014,11,7,32.8,,,,,
Kent Ridge Road,S71,2014,11,8,54.8,,,,,
Kent Ridge Road,S71,2014,11,9,11.8,,,,,
Kent Ridge Road,S71,2014,11,10,0.4,,,,,
Kent Ridge Road,S71,2014,11,11,0.8,,,,,
Kent Ridge Road,S71,2014,11,12,1.6,,,,,
Kent Ridge Road,S71,2014,11,13,0.0,,,,,
Kent Ridge Road,S71,2014,11,14,2.6,,,,,
Kent Ridge Road,S71,2014,11,15,10.6,,,,,
Kent Ridge Road,S71,2014,11,16,19.0,,,,,
Kent Ridge Road,S71,2014,11,17,3.8,,,,,
Kent Ridge Road,S71,2014,11,18,7.0,,,,,
Kent Ridge Road,S71,2014,11,19,0.0,,,,,
Kent Ridge Road,S71,2014,11,20,2.2,,,,,
Kent Ridge Road,S71,2014,11,21,0.2,,,,,
Kent Ridge Road,S71,2014,11,22,0.6,,,,,
Kent Ridge Road,S71,2014,11,23,31.4,,,,,
Kent Ridge Road,S71,2014,11,24,58.4,,,,,
Kent Ridge Road,S71,2014,11,25,11.6,,,,,
Kent Ridge Road,S71,2014,11,26,57.6,,,,,
Kent Ridge Road,S71,2014,11,27,0.2,,,,,
Kent Ridge Road,S71,2014,11,28,0.2,,,,,
Kent Ridge Road,S71,2014,11,29,6.6,,,,,
Kent Ridge Road,S71,2014,11,30,0.0,,,,,
Kent Ridge Road,S71,2014,12,1,12.0,,,,,
Kent Ridge Road,S71,2014,12,2,0.0,,,,,
Kent Ridge Road,S71,2014,12,3,0.0,,,,,
Kent Ridge Road,S71,2014,12,4,26.6,,,,,
Kent Ridge Road,S71,2014,12,5,0.0,,,,,
Kent Ridge Road,S71,2014,12,6,16.0,,,,,
Kent Ridge Road,S71,2014,12,7,54.0,,,,,
Kent Ridge Road,S71,2014,12,8,2.0,,,,,
Kent Ridge Road,S71,2014,12,9,0.0,,,,,
Kent Ridge Road,S71,2014,12,10,0.0,,,,,
Kent Ridge Road,S71,2014,12,11,3.4,,,,,
Kent Ridge Road,S71,2014,12,12,0.0,,,,,
Kent Ridge Road,S71,2014,12,13,26.8,,,,,
Kent Ridge Road,S71,2014,12,14,0.0,,,,,
Kent Ridge Road,S71,2014,12,15,0.0,,,,,
Kent Ridge Road,S71,2014,12,16,0.4,,,,,
Kent Ridge Road,S71,2014,12,17,68.4,,,,,
Kent Ridge Road,S71,2014,12,18,0.2,,,,,
Kent Ridge Road,S71,2014,12,19,27.8,,,,,
Kent Ridge Road,S71,2014,12,20,31.2,,,,,
Kent Ridge Road,S71,2014,12,21,48.4,,,,,
Kent Ridge Road,S71,2014,12,22,0.2,,,,,
Kent Ridge Road,S71,2014,12,23,13.4,,,,,
Kent Ridge Road,S71,2014,12,24,66.8,,,,,
Kent Ridge Road,S71,2014,12,25,0.6,,,,,
Kent Ridge Road,S71,2014,12,26,33.6,,,,,
Kent Ridge Road,S71,2014,12,27,44.2,,,,,
Kent Ridge Road,S71,2014,12,28,2.6,,,,,
Kent Ridge Road,S71,2014,12,29,6.2,,,,,
Kent Ridge Road,S71,2014,12,30,0.0,,,,,
Kent Ridge Road,S71,2014,12,31,0.0,,,,,
Kent Ridge Road,S71,2015,1,1,0.2,,,,,
Kent Ridge Road,S71,2015,1,2,0.0,,,,,
Kent Ridge Road,S71,2015,1,3,0.0,,,,,
Kent Ridge Road,S71,2015,1,4,0.0,,,,,
Kent Ridge Road,S71,2015,1,5,0.0,,,,,
Kent Ridge Road,S71,2015,1,6,25.6,,,,,
Kent Ridge Road,S71,2015,1,7,6.8,,,,,
Kent Ridge Road,S71,2015,1,8,8.4,,,,,
Kent Ridge Road,S71,2015,1,9,1.4,,,,,
Kent Ridge Road,S71,2015,1,10,0.0,,,,,
Kent Ridge Road,S71,2015,1,11,17.0,,,,,
Kent Ridge Road,S71,2015,1,12,0.0,,,,,
Kent Ridge Road,S71,2015,1,13,0.0,,,,,
Kent Ridge Road,S71,2015,1,14,0.0,,,,,
Kent Ridge Road,S71,2015,1,15,0.0,,,,,
Kent Ridge Road,S71,2015,1,16,0.0,,,,,
Kent Ridge Road,S71,2015,1,17,0.0,,,,,
Kent Ridge Road,S71,2015,1,18,0.0,,,,,
Kent Ridge Road,S71,2015,1,19,0.0,,,,,
Kent Ridge Road,S71,2015,1,20,0.0,,,,,
Kent Ridge Road,S71,2015,1,21,6.6,,,,,
Kent Ridge Road,S71,2015,1,22,0.0,,,,,
Kent Ridge Road,S71,2015,1,23,0.0,,,,,
Kent Ridge Road,S71,2015,1,24,0.0,,,,,
Kent Ridge Road,S71,2015,1,25,0.0,,,,,
Kent Ridge Road,S71,2015,1,26,0.0,,,,,
Kent Ridge Road,S71,2015,1,27,0.0,,,,,
Kent Ridge Road,S71,2015,1,28,0.0,,,,,
Kent Ridge Road,S71,2015,1,29,0.0,,,,,
Kent Ridge Road,S71,2015,1,30,0.0,,,,,
Kent Ridge Road,S71,2015,1,31,0.0,,,,,
Kent Ridge Road,S71,2015,2,1,0.0,,,,,
Kent Ridge Road,S71,2015,2,2,0.4,,,,,
Kent Ridge Road,S71,2015,2,3,0.0,,,,,
Kent Ridge Road,S71,2015,2,4,1.2,,,,,
Kent Ridge Road,S71,2015,2,5,0.0,,,,,
Kent Ridge Road,S71,2015,2,6,5.8,,,,,
Kent Ridge Road,S71,2015,2,7,0.0,,,,,
Kent Ridge Road,S71,2015,2,8,0.0,,,,,
Kent Ridge Road,S71,2015,2,9,0.0,,,,,
Kent Ridge Road,S71,2015,2,10,0.0,,,,,
Kent Ridge Road,S71,2015,2,11,0.0,,,,,
Kent Ridge Road,S71,2015,2,12,0.0,,,,,
Kent Ridge Road,S71,2015,2,13,0.0,,,,,
Kent Ridge Road,S71,2015,2,14,0.0,,,,,
Kent Ridge Road,S71,2015,2,15,0.0,,,,,
Kent Ridge Road,S71,2015,2,16,0.0,,,,,
Kent Ridge Road,S71,2015,2,17,0.0,,,,,
Kent Ridge Road,S71,2015,2,18,0.0,,,,,
Kent Ridge Road,S71,2015,2,19,30.4,,,,,
Kent Ridge Road,S71,2015,2,20,0.0,,,,,
Kent Ridge Road,S71,2015,2,21,0.0,,,,,
Kent Ridge Road,S71,2015,2,22,0.0,,,,,
Kent Ridge Road,S71,2015,2,23,0.2,,,,,
Kent Ridge Road,S71,2015,2,24,0.0,,,,,
Kent Ridge Road,S71,2015,2,25,0.0,,,,,
Kent Ridge Road,S71,2015,2,26,0.0,,,,,
Kent Ridge Road,S71,2015,2,27,0.0,,,,,
Kent Ridge Road,S71,2015,2,28,0.0,,,,,
Kent Ridge Road,S71,2015,3,1,0.0,,,,,
Kent Ridge Road,S71,2015,3,2,,,,,,
Kent Ridge Road,S71,2015,3,3,,,,,,
Kent Ridge Road,S71,2015,3,4,,,,,,
Kent Ridge Road,S71,2015,3,5,,,,,,
Kent Ridge Road,S71,2015,3,6,,,,,,
Kent Ridge Road,S71,2015,3,7,,,,,,
Kent Ridge Road,S71,2015,3,8,28.0,,,,,
Kent Ridge Road,S71,2015,3,9,3.6,,,,,
Kent Ridge Road,S71,2015,3,10,,,,,,
Kent Ridge Road,S71,2015,3,11,13.4,,,,,
Kent Ridge Road,S71,2015,3,12,,,,,,
Kent Ridge Road,S71,2015,3,13,0.0,,,,,
Kent Ridge Road,S71,2015,3,14,28.6,,,,,
Kent Ridge Road,S71,2015,3,15,0.6,,,,,
Kent Ridge Road,S71,2015,3,16,0.0,,,,,
Kent Ridge Road,S71,2015,3,17,0.0,,,,,
Kent Ridge Road,S71,2015,3,18,0.0,,,,,
Kent Ridge Road,S71,2015,3,19,0.0,,,,,
Kent Ridge Road,S71,2015,3,20,0.0,,,,,
Kent Ridge Road,S71,2015,3,21,16.0,,,,,
Kent Ridge Road,S71,2015,3,22,10.0,,,,,
Kent Ridge Road,S71,2015,3,23,0.0,,,,,
Kent Ridge Road,S71,2015,3,24,0.0,,,,,
Kent Ridge Road,S71,2015,3,25,0.0,,,,,
Kent Ridge Road,S71,2015,3,26,0.0,,,,,
Kent Ridge Road,S71,2015,3,27,0.0,,,,,
Kent Ridge Road,S71,2015,3,28,3.6,,,,,
Kent Ridge Road,S71,2015,3,29,32.4,,,,,
Kent Ridge Road,S71,2015,3,30,0.2,,,,,
Kent Ridge Road,S71,2015,3,31,0.0,,,,,
Kent Ridge Road,S71,2015,4,1,1.6,,,,,
Kent Ridge Road,S71,2015,4,2,35.6,,,,,
Kent Ridge Road,S71,2015,4,3,0.0,,,,,
Kent Ridge Road,S71,2015,4,4,0.0,,,,,
Kent Ridge Road,S71,2015,4,5,0.0,,,,,
Kent Ridge Road,S71,2015,4,6,0.0,,,,,
Kent Ridge Road,S71,2015,4,7,9.2,,,,,
Kent Ridge Road,S71,2015,4,8,0.0,,,,,
Kent Ridge Road,S71,2015,4,9,3.0,,,,,
Kent Ridge Road,S71,2015,4,10,0.4,,,,,
Kent Ridge Road,S71,2015,4,11,0.0,,,,,
Kent Ridge Road,S71,2015,4,12,5.2,,,,,
Kent Ridge Road,S71,2015,4,13,0.0,,,,,
Kent Ridge Road,S71,2015,4,14,0.0,,,,,
Kent Ridge Road,S71,2015,4,15,0.0,,,,,
Kent Ridge Road,S71,2015,4,16,0.0,,,,,
Kent Ridge Road,S71,2015,4,17,0.0,,,,,
Kent Ridge Road,S71,2015,4,18,0.8,,,,,
Kent Ridge Road,S71,2015,4,19,4.6,,,,,
Kent Ridge Road,S71,2015,4,20,0.0,,,,,
Kent Ridge Road,S71,2015,4,21,8.6,,,,,
Kent Ridge Road,S71,2015,4,22,0.2,,,,,
Kent Ridge Road,S71,2015,4,23,12.8,,,,,
Kent Ridge Road,S71,2015,4,24,28.0,,,,,
Kent Ridge Road,S71,2015,4,25,5.4,,,,,
Kent Ridge Road,S71,2015,4,26,11.0,,,,,
Kent Ridge Road,S71,2015,4,27,8.8,,,,,
Kent Ridge Road,S71,2015,4,28,52.2,,,,,
Kent Ridge Road,S71,2015,4,29,4.0,,,,,
Kent Ridge Road,S71,2015,4,30,12.0,,,,,
Kent Ridge Road,S71,2015,5,1,0.0,,,,,
Kent Ridge Road,S71,2015,5,2,1.8,,,,,
Kent Ridge Road,S71,2015,5,3,57.4,,,,,
Kent Ridge Road,S71,2015,5,4,0.0,,,,,
Kent Ridge Road,S71,2015,5,5,0.0,,,,,
Kent Ridge Road,S71,2015,5,6,16.2,,,,,
Kent Ridge Road,S71,2015,5,7,0.0,,,,,
Kent Ridge Road,S71,2015,5,8,0.0,,,,,
Kent Ridge Road,S71,2015,5,9,0.0,,,,,
Kent Ridge Road,S71,2015,5,10,0.0,,,,,
Kent Ridge Road,S71,2015,5,11,0.0,,,,,
Kent Ridge Road,S71,2015,5,12,0.0,,,,,
Kent Ridge Road,S71,2015,5,13,0.0,,,,,
Kent Ridge Road,S71,2015,5,14,12.8,,,,,
Kent Ridge Road,S71,2015,5,15,13.2,,,,,
Kent Ridge Road,S71,2015,5,16,0.0,,,,,
Kent Ridge Road,S71,2015,5,17,0.0,,,,,
Kent Ridge Road,S71,2015,5,18,2.8,,,,,
Kent Ridge Road,S71,2015,5,19,4.8,,,,,
Kent Ridge Road,S71,2015,5,20,1.6,,,,,
Kent Ridge Road,S71,2015,5,21,0.0,,,,,
Kent Ridge Road,S71,2015,5,22,0.0,,,,,
Kent Ridge Road,S71,2015,5,23,31.2,,,,,
Kent Ridge Road,S71,2015,5,24,0.2,,,,,
Kent Ridge Road,S71,2015,5,25,0.0,,,,,
Kent Ridge Road,S71,2015,5,26,16.2,,,,,
Kent Ridge Road,S71,2015,5,27,0.0,,,,,
Kent Ridge Road,S71,2015,5,28,0.4,,,,,
Kent Ridge Road,S71,2015,5,29,0.0,,,,,
Kent Ridge Road,S71,2015,5,30,0.0,,,,,
Kent Ridge Road,S71,2015,5,31,0.0,,,,,
Kent Ridge Road,S71,2015,6,1,0.0,,,,,
Kent Ridge Road,S71,2015,6,2,0.0,,,,,
Kent Ridge Road,S71,2015,6,3,0.4,,,,,
Kent Ridge Road,S71,2015,6,4,6.2,,,,,
Kent Ridge Road,S71,2015,6,5,0.0,,,,,
Kent Ridge Road,S71,2015,6,6,0.6,,,,,
Kent Ridge Road,S71,2015,6,7,27.2,,,,,
Kent Ridge Road,S71,2015,6,8,26.4,,,,,
Kent Ridge Road,S71,2015,6,9,0.0,,,,,
Kent Ridge Road,S71,2015,6,10,0.0,,,,,
Kent Ridge Road,S71,2015,6,11,0.0,,,,,
Kent Ridge Road,S71,2015,6,12,11.8,,,,,
Kent Ridge Road,S71,2015,6,13,0.0,,,,,
Kent Ridge Road,S71,2015,6,14,6.0,,,,,
Kent Ridge Road,S71,2015,6,15,0.0,,,,,
Kent Ridge Road,S71,2015,6,16,1.0,,,,,
Kent Ridge Road,S71,2015,6,17,0.0,,,,,
Kent Ridge Road,S71,2015,6,18,0.0,,,,,
Kent Ridge Road,S71,2015,6,19,0.0,,,,,
Kent Ridge Road,S71,2015,6,20,0.0,,,,,
Kent Ridge Road,S71,2015,6,21,0.0,,,,,
Kent Ridge Road,S71,2015,6,22,0.0,,,,,
Kent Ridge Road,S71,2015,6,23,0.0,,,,,
Kent Ridge Road,S71,2015,6,24,0.0,,,,,
Kent Ridge Road,S71,2015,6,25,0.0,,,,,
Kent Ridge Road,S71,2015,6,26,0.0,,,,,
Kent Ridge Road,S71,2015,6,27,0.0,,,,,
Kent Ridge Road,S71,2015,6,28,0.0,,,,,
Kent Ridge Road,S71,2015,6,29,0.0,,,,,
Kent Ridge Road,S71,2015,6,30,0.0,,,,,
Kent Ridge Road,S71,2015,7,1,8.6,,,,,
Kent Ridge Road,S71,2015,7,2,0.0,,,,,
Kent Ridge Road,S71,2015,7,3,0.0,,,,,
Kent Ridge Road,S71,2015,7,4,20.8,,,,,
Kent Ridge Road,S71,2015,7,5,0.0,,,,,
Kent Ridge Road,S71,2015,7,6,0.0,,,,,
Kent Ridge Road,S71,2015,7,7,0.0,,,,,
Kent Ridge Road,S71,2015,7,8,8.6,,,,,
Kent Ridge Road,S71,2015,7,9,1.8,,,,,
Kent Ridge Road,S71,2015,7,10,9.0,,,,,
Kent Ridge Road,S71,2015,7,11,0.0,,,,,
Kent Ridge Road,S71,2015,7,12,0.0,,,,,
Kent Ridge Road,S71,2015,7,13,0.0,,,,,
Kent Ridge Road,S71,2015,7,14,0.0,,,,,
Kent Ridge Road,S71,2015,7,15,0.0,,,,,
Kent Ridge Road,S71,2015,7,16,0.0,,,,,
Kent Ridge Road,S71,2015,7,17,0.0,,,,,
Kent Ridge Road,S71,2015,7,18,0.0,,,,,
Kent Ridge Road,S71,2015,7,19,0.2,,,,,
Kent Ridge Road,S71,2015,7,20,0.2,,,,,
Kent Ridge Road,S71,2015,7,21,0.0,,,,,
Kent Ridge Road,S71,2015,7,22,0.0,,,,,
Kent Ridge Road,S71,2015,7,23,0.0,,,,,
Kent Ridge Road,S71,2015,7,24,0.0,,,,,
Kent Ridge Road,S71,2015,7,25,0.0,,,,,
Kent Ridge Road,S71,2015,7,26,0.2,,,,,
Kent Ridge Road,S71,2015,7,27,0.0,,,,,
Kent Ridge Road,S71,2015,7,28,0.0,,,,,
Kent Ridge Road,S71,2015,7,29,0.0,,,,,
Kent Ridge Road,S71,2015,7,30,0.0,,,,,
Kent Ridge Road,S71,2015,7,31,4.0,,,,,
Kent Ridge Road,S71,2015,8,1,0.2,,,,,
Kent Ridge Road,S71,2015,8,2,0.0,,,,,
Kent Ridge Road,S71,2015,8,3,17.6,,,,,
Kent Ridge Road,S71,2015,8,4,37.6,,,,,
Kent Ridge Road,S71,2015,8,5,0.0,,,,,
Kent Ridge Road,S71,2015,8,6,12.2,,,,,
Kent Ridge Road,S71,2015,8,7,56.6,,,,,
Kent Ridge Road,S71,2015,8,8,34.0,,,,,
Kent Ridge Road,S71,2015,8,9,16.6,,,,,
Kent Ridge Road,S71,2015,8,10,0.0,,,,,
Kent Ridge Road,S71,2015,8,11,5.6,,,,,
Kent Ridge Road,S71,2015,8,12,2.8,,,,,
Kent Ridge Road,S71,2015,8,13,3.8,,,,,
Kent Ridge Road,S71,2015,8,14,0.0,,,,,
Kent Ridge Road,S71,2015,8,15,0.0,,,,,
Kent Ridge Road,S71,2015,8,16,7.0,,,,,
Kent Ridge Road,S71,2015,8,17,0.6,,,,,
Kent Ridge Road,S71,2015,8,18,0.0,,,,,
Kent Ridge Road,S71,2015,8,19,0.0,,,,,
Kent Ridge Road,S71,2015,8,20,0.0,,,,,
Kent Ridge Road,S71,2015,8,21,4.4,,,,,
Kent Ridge Road,S71,2015,8,22,0.0,,,,,
Kent Ridge Road,S71,2015,8,23,0.0,,,,,
Kent Ridge Road,S71,2015,8,24,0.0,,,,,
Kent Ridge Road,S71,2015,8,25,10.2,,,,,
Kent Ridge Road,S71,2015,8,26,0.0,,,,,
Kent Ridge Road,S71,2015,8,27,0.0,,,,,
Kent Ridge Road,S71,2015,8,28,0.0,,,,,
Kent Ridge Road,S71,2015,8,29,0.0,,,,,
Kent Ridge Road,S71,2015,8,30,0.0,,,,,
Kent Ridge Road,S71,2015,8,31,1.0,,,,,
Kent Ridge Road,S71,2015,9,1,0.0,,,,,
Kent Ridge Road,S71,2015,9,2,0.0,,,,,
Kent Ridge Road,S71,2015,9,3,14.4,,,,,
Kent Ridge Road,S71,2015,9,4,0.0,,,,,
Kent Ridge Road,S71,2015,9,5,0.0,,,,,
Kent Ridge Road,S71,2015,9,6,0.0,,,,,
Kent Ridge Road,S71,2015,9,7,0.0,,,,,
Kent Ridge Road,S71,2015,9,8,0.0,,,,,
Kent Ridge Road,S71,2015,9,9,2.6,,,,,
Kent Ridge Road,S71,2015,9,10,0.0,,,,,
Kent Ridge Road,S71,2015,9,11,0.0,,,,,
Kent Ridge Road,S71,2015,9,12,0.0,,,,,
Kent Ridge Road,S71,2015,9,13,0.0,,,,,
Kent Ridge Road,S71,2015,9,14,3.2,,,,,
Kent Ridge Road,S71,2015,9,15,11.8,,,,,
Kent Ridge Road,S71,2015,9,16,8.2,,,,,
Kent Ridge Road,S71,2015,9,17,0.0,,,,,
Kent Ridge Road,S71,2015,9,18,0.0,,,,,
Kent Ridge Road,S71,2015,9,19,0.0,,,,,
Kent Ridge Road,S71,2015,9,20,0.0,,,,,
Kent Ridge Road,S71,2015,9,21,0.0,,,,,
Kent Ridge Road,S71,2015,9,22,14.4,,,,,
Kent Ridge Road,S71,2015,9,23,0.0,,,,,
Kent Ridge Road,S71,2015,9,24,0.0,,,,,
Kent Ridge Road,S71,2015,9,25,0.0,,,,,
Kent Ridge Road,S71,2015,9,26,0.0,,,,,
Kent Ridge Road,S71,2015,9,27,0.0,,,,,
Kent Ridge Road,S71,2015,9,28,27.2,,,,,
Kent Ridge Road,S71,2015,9,29,0.0,,,,,
Kent Ridge Road,S71,2015,9,30,0.0,,,,,
Kent Ridge Road,S71,2015,10,1,0.0,,,,,
Kent Ridge Road,S71,2015,10,2,9.6,,,,,
Kent Ridge Road,S71,2015,10,3,0.0,,,,,
Kent Ridge Road,S71,2015,10,4,0.0,,,,,
Kent Ridge Road,S71,2015,10,5,5.0,,,,,
Kent Ridge Road,S71,2015,10,6,21.0,,,,,
Kent Ridge Road,S71,2015,10,7,7.8,,,,,
Kent Ridge Road,S71,2015,10,8,0.0,,,,,
Kent Ridge Road,S71,2015,10,9,0.0,,,,,
Kent Ridge Road,S71,2015,10,10,0.0,,,,,
Kent Ridge Road,S71,2015,10,11,0.0,,,,,
Kent Ridge Road,S71,2015,10,12,0.0,,,,,
Kent Ridge Road,S71,2015,10,13,0.0,,,,,
Kent Ridge Road,S71,2015,10,14,0.0,,,,,
Kent Ridge Road,S71,2015,10,15,0.0,,,,,
Kent Ridge Road,S71,2015,10,16,0.0,,,,,
Kent Ridge Road,S71,2015,10,17,0.0,,,,,
Kent Ridge Road,S71,2015,10,18,0.0,,,,,
Kent Ridge Road,S71,2015,10,19,0.0,,,,,
Kent Ridge Road,S71,2015,10,20,0.0,,,,,
Kent Ridge Road,S71,2015,10,21,0.0,,,,,
Kent Ridge Road,S71,2015,10,22,0.0,,,,,
Kent Ridge Road,S71,2015,10,23,0.0,,,,,
Kent Ridge Road,S71,2015,10,24,1.0,,,,,
Kent Ridge Road,S71,2015,10,25,1.0,,,,,
Kent Ridge Road,S71,2015,10,26,0.0,,,,,
Kent Ridge Road,S71,2015,10,27,9.4,,,,,
Kent Ridge Road,S71,2015,10,28,17.4,,,,,
Kent Ridge Road,S71,2015,10,29,0.0,,,,,
Kent Ridge Road,S71,2015,10,30,18.0,,,,,
Kent Ridge Road,S71,2015,10,31,1.0,,,,,
Kent Ridge Road,S71,2015,11,1,5.2,,,,,
Kent Ridge Road,S71,2015,11,2,10.8,,,,,
Kent Ridge Road,S71,2015,11,3,0.0,,,,,
Kent Ridge Road,S71,2015,11,4,0.0,,,,,
Kent Ridge Road,S71,2015,11,5,0.0,,,,,
Kent Ridge Road,S71,2015,11,6,0.0,,,,,
Kent Ridge Road,S71,2015,11,7,16.2,,,,,
Kent Ridge Road,S71,2015,11,8,3.8,,,,,
Kent Ridge Road,S71,2015,11,9,4.6,,,,,
Kent Ridge Road,S71,2015,11,10,0.2,,,,,
Kent Ridge Road,S71,2015,11,11,10.8,,,,,
Kent Ridge Road,S71,2015,11,12,0.6,,,,,
Kent Ridge Road,S71,2015,11,13,14.0,,,,,
Kent Ridge Road,S71,2015,11,14,0.0,,,,,
Kent Ridge Road,S71,2015,11,15,0.0,,,,,
Kent Ridge Road,S71,2015,11,16,21.2,,,,,
Kent Ridge Road,S71,2015,11,17,64.0,,,,,
Kent Ridge Road,S71,2015,11,18,0.0,,,,,
Kent Ridge Road,S71,2015,11,19,2.6,,,,,
Kent Ridge Road,S71,2015,11,20,40.2,,,,,
Kent Ridge Road,S71,2015,11,21,0.0,,,,,
Kent Ridge Road,S71,2015,11,22,0.0,,,,,
Kent Ridge Road,S71,2015,11,23,0.0,,,,,
Kent Ridge Road,S71,2015,11,24,16.8,,,,,
Kent Ridge Road,S71,2015,11,25,1.2,,,,,
Kent Ridge Road,S71,2015,11,26,23.6,,,,,
Kent Ridge Road,S71,2015,11,27,9.6,,,,,
Kent Ridge Road,S71,2015,11,28,0.2,,,,,
Kent Ridge Road,S71,2015,11,29,1.4,,,,,
Kent Ridge Road,S71,2015,11,30,10.4,,,,,
Kent Ridge Road,S71,2015,12,1,80.0,,,,,
Kent Ridge Road,S71,2015,12,2,51.8,,,,,
Kent Ridge Road,S71,2015,12,3,2.0,,,,,
Kent Ridge Road,S71,2015,12,4,2.2,,,,,
Kent Ridge Road,S71,2015,12,5,22.8,,,,,
Kent Ridge Road,S71,2015,12,6,0.6,,,,,
Kent Ridge Road,S71,2015,12,7,0.0,,,,,
Kent Ridge Road,S71,2015,12,8,16.6,,,,,
Kent Ridge Road,S71,2015,12,9,1.8,,,,,
Kent Ridge Road,S71,2015,12,10,34.2,,,,,
Kent Ridge Road,S71,2015,12,11,23.6,,,,,
Kent Ridge Road,S71,2015,12,12,62.2,,,,,
Kent Ridge Road,S71,2015,12,13,12.6,,,,,
Kent Ridge Road,S71,2015,12,14,0.2,,,,,
Kent Ridge Road,S71,2015,12,15,0.0,,,,,
Kent Ridge Road,S71,2015,12,16,0.0,,,,,
Kent Ridge Road,S71,2015,12,17,0.0,,,,,
Kent Ridge Road,S71,2015,12,18,6.0,,,,,
Kent Ridge Road,S71,2015,12,19,2.6,,,,,
Kent Ridge Road,S71,2015,12,20,0.0,,,,,
Kent Ridge Road,S71,2015,12,21,0.0,,,,,
Kent Ridge Road,S71,2015,12,22,0.0,,,,,
Kent Ridge Road,S71,2015,12,23,15.8,,,,,
Kent Ridge Road,S71,2015,12,24,2.4,,,,,
Kent Ridge Road,S71,2015,12,25,10.4,,,,,
Kent Ridge Road,S71,2015,12,26,0.0,,,,,
Kent Ridge Road,S71,2015,12,27,0.0,,,,,
Kent Ridge Road,S71,2015,12,28,26.2,,,,,
Kent Ridge Road,S71,2015,12,29,8.6,,,,,
Kent Ridge Road,S71,2015,12,30,0.0,,,,,
Kent Ridge Road,S71,2015,12,31,5.6,,,,,
Kent Ridge Road,S71,2016,1,1,1.8,,,,,
Kent Ridge Road,S71,2016,1,2,17.2,,,,,
Kent Ridge Road,S71,2016,1,3,0.6,,,,,
Kent Ridge Road,S71,2016,1,4,10.4,,,,,
Kent Ridge Road,S71,2016,1,5,0.0,,,,,
Kent Ridge Road,S71,2016,1,6,0.0,,,,,
Kent Ridge Road,S71,2016,1,7,0.0,,,,,
Kent Ridge Road,S71,2016,1,8,0.0,,,,,
Kent Ridge Road,S71,2016,1,9,0.6,,,,,
Kent Ridge Road,S71,2016,1,10,0.0,,,,,
Kent Ridge Road,S71,2016,1,11,32.8,,,,,
Kent Ridge Road,S71,2016,1,12,0.6,,,,,
Kent Ridge Road,S71,2016,1,13,0.0,,,,,
Kent Ridge Road,S71,2016,1,14,30.2,,,,,
Kent Ridge Road,S71,2016,1,15,6.8,,,,,
Kent Ridge Road,S71,2016,1,16,5.0,,,,,
Kent Ridge Road,S71,2016,1,17,3.6,,,,,
Kent Ridge Road,S71,2016,1,18,9.8,,,,,
Kent Ridge Road,S71,2016,1,19,1.8,,,,,
Kent Ridge Road,S71,2016,1,20,2.8,,,,,
Kent Ridge Road,S71,2016,1,21,0.2,,,,,
Kent Ridge Road,S71,2016,1,22,78.8,,,,,
Kent Ridge Road,S71,2016,1,23,0.8,,,,,
Kent Ridge Road,S71,2016,1,24,0.0,,,,,
Kent Ridge Road,S71,2016,1,25,3.2,,,,,
Kent Ridge Road,S71,2016,1,26,2.6,,,,,
Kent Ridge Road,S71,2016,1,27,0.0,,,,,
Kent Ridge Road,S71,2016,1,28,23.4,,,,,
Kent Ridge Road,S71,2016,1,29,18.6,,,,,
Kent Ridge Road,S71,2016,1,30,0.0,,,,,
Kent Ridge Road,S71,2016,1,31,16.8,,,,,
Kent Ridge Road,S71,2016,2,1,0.0,,,,,
Kent Ridge Road,S71,2016,2,2,1.8,,,,,
Kent Ridge Road,S71,2016,2,3,0.0,,,,,
Kent Ridge Road,S71,2016,2,4,28.4,,,,,
Kent Ridge Road,S71,2016,2,5,14.8,,,,,
Kent Ridge Road,S71,2016,2,6,4.6,,,,,
Kent Ridge Road,S71,2016,2,7,25.2,,,,,
Kent Ridge Road,S71,2016,2,8,0.6,,,,,
Kent Ridge Road,S71,2016,2,9,0.0,,,,,
Kent Ridge Road,S71,2016,2,10,0.4,,,,,
Kent Ridge Road,S71,2016,2,11,2.4,,,,,
Kent Ridge Road,S71,2016,2,12,1.6,,,,,
Kent Ridge Road,S71,2016,2,13,0.0,,,,,
Kent Ridge Road,S71,2016,2,14,6.2,,,,,
Kent Ridge Road,S71,2016,2,15,0.2,,,,,
Kent Ridge Road,S71,2016,2,16,0.0,,,,,
Kent Ridge Road,S71,2016,2,17,0.0,,,,,
Kent Ridge Road,S71,2016,2,18,2.0,,,,,
Kent Ridge Road,S71,2016,2,19,86.0,,,,,
Kent Ridge Road,S71,2016,2,20,1.0,,,,,
Kent Ridge Road,S71,2016,2,21,0.0,,,,,
Kent Ridge Road,S71,2016,2,22,0.0,,,,,
Kent Ridge Road,S71,2016,2,23,0.0,,,,,
Kent Ridge Road,S71,2016,2,24,6.6,,,,,
Kent Ridge Road,S71,2016,2,25,0.0,,,,,
Kent Ridge Road,S71,2016,2,26,0.0,,,,,
Kent Ridge Road,S71,2016,2,27,0.0,,,,,
Kent Ridge Road,S71,2016,2,28,0.0,,,,,
Kent Ridge Road,S71,2016,2,29,0.0,,,,,
Kent Ridge Road,S71,2016,3,1,0.0,,,,,
Kent Ridge Road,S71,2016,3,2,0.0,,,,,
Kent Ridge Road,S71,2016,3,3,0.0,,,,,
Kent Ridge Road,S71,2016,3,4,0.0,,,,,
Kent Ridge Road,S71,2016,3,5,7.2,,,,,
Kent Ridge Road,S71,2016,3,6,0.0,,,,,
Kent Ridge Road,S71,2016,3,7,0.0,,,,,
Kent Ridge Road,S71,2016,3,8,23.6,,,,,
Kent Ridge Road,S71,2016,3,9,0.0,,,,,
Kent Ridge Road,S71,2016,3,10,25.4,,,,,
Kent Ridge Road,S71,2016,3,11,0.0,,,,,
Kent Ridge Road,S71,2016,3,12,0.0,,,,,
Kent Ridge Road,S71,2016,3,13,32.2,,,,,
Kent Ridge Road,S71,2016,3,14,3.8,,,,,
Kent Ridge Road,S71,2016,3,15,0.0,,,,,
Kent Ridge Road,S71,2016,3,16,0.0,,,,,
Kent Ridge Road,S71,2016,3,17,0.0,,,,,
Kent Ridge Road,S71,2016,3,18,0.0,,,,,
Kent Ridge Road,S71,2016,3,19,0.0,,,,,
Kent Ridge Road,S71,2016,3,20,0.0,,,,,
Kent Ridge Road,S71,2016,3,21,0.0,,,,,
Kent Ridge Road,S71,2016,3,22,3.6,,,,,
Kent Ridge Road,S71,2016,3,23,0.0,,,,,
Kent Ridge Road,S71,2016,3,24,1.4,,,,,
Kent Ridge Road,S71,2016,3,25,0.0,,,,,
Kent Ridge Road,S71,2016,3,26,0.0,,,,,
Kent Ridge Road,S71,2016,3,27,0.0,,,,,
Kent Ridge Road,S71,2016,3,28,0.0,,,,,
Kent Ridge Road,S71,2016,3,29,0.0,,,,,
Kent Ridge Road,S71,2016,3,30,0.0,,,,,
Kent Ridge Road,S71,2016,3,31,0.0,,,,,
Kent Ridge Road,S71,2016,4,1,0.0,,,,,
Kent Ridge Road,S71,2016,4,2,0.0,,,,,
Kent Ridge Road,S71,2016,4,3,6.2,,,,,
Kent Ridge Road,S71,2016,4,4,31.0,,,,,
Kent Ridge Road,S71,2016,4,5,7.6,,,,,
Kent Ridge Road,S71,2016,4,6,0.2,,,,,
Kent Ridge Road,S71,2016,4,7,0.0,,,,,
Kent Ridge Road,S71,2016,4,8,0.0,,,,,
Kent Ridge Road,S71,2016,4,9,70.0,,,,,
Kent Ridge Road,S71,2016,4,10,14.4,,,,,
Kent Ridge Road,S71,2016,4,11,0.0,,,,,
Kent Ridge Road,S71,2016,4,12,21.4,,,,,
Kent Ridge Road,S71,2016,4,13,1.0,,,,,
Kent Ridge Road,S71,2016,4,14,0.0,,,,,
Kent Ridge Road,S71,2016,4,15,1.2,,,,,
Kent Ridge Road,S71,2016,4,16,0.8,,,,,
Kent Ridge Road,S71,2016,4,17,0.2,,,,,
Kent Ridge Road,S71,2016,4,18,0.0,,,,,
Kent Ridge Road,S71,2016,4,19,0.0,,,,,
Kent Ridge Road,S71,2016,4,20,10.2,,,,,
Kent Ridge Road,S71,2016,4,21,0.2,,,,,
Kent Ridge Road,S71,2016,4,22,0.0,,,,,
Kent Ridge Road,S71,2016,4,23,1.2,,,,,
Kent Ridge Road,S71,2016,4,24,0.0,,,,,
Kent Ridge Road,S71,2016,4,25,9.4,,,,,
Kent Ridge Road,S71,2016,4,26,0.0,,,,,
Kent Ridge Road,S71,2016,4,27,0.0,,,,,
Kent Ridge Road,S71,2016,4,28,0.0,,,,,
Kent Ridge Road,S71,2016,4,29,40.8,,,,,
Kent Ridge Road,S71,2016,4,30,17.0,,,,,
Kent Ridge Road,S71,2016,5,1,0.0,,,,,
Kent Ridge Road,S71,2016,5,2,39.6,,,,,
Kent Ridge Road,S71,2016,5,3,0.2,,,,,
Kent Ridge Road,S71,2016,5,4,0.0,,,,,
Kent Ridge Road,S71,2016,5,5,6.8,,,,,
Kent Ridge Road,S71,2016,5,6,0.0,,,,,
Kent Ridge Road,S71,2016,5,7,0.2,,,,,
Kent Ridge Road,S71,2016,5,8,0.0,,,,,
Kent Ridge Road,S71,2016,5,9,20.0,,,,,
Kent Ridge Road,S71,2016,5,10,0.0,,,,,
Kent Ridge Road,S71,2016,5,11,10.4,,,,,
Kent Ridge Road,S71,2016,5,12,0.0,,,,,
Kent Ridge Road,S71,2016,5,13,3.8,,,,,
Kent Ridge Road,S71,2016,5,14,44.4,,,,,
Kent Ridge Road,S71,2016,5,15,0.4,,,,,
Kent Ridge Road,S71,2016,5,16,3.0,,,,,
Kent Ridge Road,S71,2016,5,17,0.2,,,,,
Kent Ridge Road,S71,2016,5,18,8.2,,,,,
Kent Ridge Road,S71,2016,5,19,0.0,,,,,
Kent Ridge Road,S71,2016,5,20,0.0,,,,,
Kent Ridge Road,S71,2016,5,21,13.6,,,,,
Kent Ridge Road,S71,2016,5,22,31.4,,,,,
Kent Ridge Road,S71,2016,5,23,0.0,,,,,
Kent Ridge Road,S71,2016,5,24,0.0,,,,,
Kent Ridge Road,S71,2016,5,25,0.8,,,,,
Kent Ridge Road,S71,2016,5,26,0.2,,,,,
Kent Ridge Road,S71,2016,5,27,0.0,,,,,
Kent Ridge Road,S71,2016,5,28,3.0,,,,,
Kent Ridge Road,S71,2016,5,29,0.0,,,,,
Kent Ridge Road,S71,2016,5,30,9.2,,,,,
Kent Ridge Road,S71,2016,5,31,0.0,,,,,
Kent Ridge Road,S71,2016,6,1,36.8,,,,,
Kent Ridge Road,S71,2016,6,2,5.4,,,,,
Kent Ridge Road,S71,2016,6,3,0.0,,,,,
Kent Ridge Road,S71,2016,6,4,1.8,,,,,
Kent Ridge Road,S71,2016,6,5,0.0,,,,,
Kent Ridge Road,S71,2016,6,6,0.0,,,,,
Kent Ridge Road,S71,2016,6,7,0.0,,,,,
Kent Ridge Road,S71,2016,6,8,61.8,,,,,
Kent Ridge Road,S71,2016,6,9,12.8,,,,,
Kent Ridge Road,S71,2016,6,10,0.8,,,,,
Kent Ridge Road,S71,2016,6,11,2.6,,,,,
Kent Ridge Road,S71,2016,6,12,0.0,,,,,
Kent Ridge Road,S71,2016,6,13,5.8,,,,,
Kent Ridge Road,S71,2016,6,14,0.0,,,,,
Kent Ridge Road,S71,2016,6,15,1.8,,,,,
Kent Ridge Road,S71,2016,6,16,8.6,,,,,
Kent Ridge Road,S71,2016,6,17,102.2,,,,,
Kent Ridge Road,S71,2016,6,18,0.8,,,,,
Kent Ridge Road,S71,2016,6,19,0.0,,,,,
Kent Ridge Road,S71,2016,6,20,0.0,,,,,
Kent Ridge Road,S71,2016,6,21,0.0,,,,,
Kent Ridge Road,S71,2016,6,22,22.2,,,,,
Kent Ridge Road,S71,2016,6,23,0.0,,,,,
Kent Ridge Road,S71,2016,6,24,46.2,,,,,
Kent Ridge Road,S71,2016,6,25,0.0,,,,,
Kent Ridge Road,S71,2016,6,26,0.0,,,,,
Kent Ridge Road,S71,2016,6,27,0.0,,,,,
Kent Ridge Road,S71,2016,6,28,0.0,,,,,
Kent Ridge Road,S71,2016,6,29,0.0,,,,,
Kent Ridge Road,S71,2016,6,30,0.0,,,,,
Kent Ridge Road,S71,2016,7,1,0.0,,,,,
Kent Ridge Road,S71,2016,7,2,0.0,,,,,
Kent Ridge Road,S71,2016,7,3,0.0,,,,,
Kent Ridge Road,S71,2016,7,4,0.0,,,,,
Kent Ridge Road,S71,2016,7,5,0.0,,,,,
Kent Ridge Road,S71,2016,7,6,8.0,,,,,
Kent Ridge Road,S71,2016,7,7,0.0,,,,,
Kent Ridge Road,S71,2016,7,8,23.8,,,,,
Kent Ridge Road,S71,2016,7,9,0.0,,,,,
Kent Ridge Road,S71,2016,7,10,0.0,,,,,
Kent Ridge Road,S71,2016,7,11,10.0,,,,,
Kent Ridge Road,S71,2016,7,12,0.0,,,,,
Kent Ridge Road,S71,2016,7,13,1.6,,,,,
Kent Ridge Road,S71,2016,7,14,10.0,,,,,
Kent Ridge Road,S71,2016,7,15,39.2,,,,,
Kent Ridge Road,S71,2016,7,16,0.2,,,,,
Kent Ridge Road,S71,2016,7,17,1.0,,,,,
Kent Ridge Road,S71,2016,7,18,5.2,,,,,
Kent Ridge Road,S71,2016,7,19,4.6,,,,,
Kent Ridge Road,S71,2016,7,20,55.6,,,,,
Kent Ridge Road,S71,2016,7,21,18.8,,,,,
Kent Ridge Road,S71,2016,7,22,22.4,,,,,
Kent Ridge Road,S71,2016,7,23,7.4,,,,,
Kent Ridge Road,S71,2016,7,24,4.2,,,,,
Kent Ridge Road,S71,2016,7,25,0.0,,,,,
Kent Ridge Road,S71,2016,7,26,33.6,,,,,
Kent Ridge Road,S71,2016,7,27,0.0,,,,,
Kent Ridge Road,S71,2016,7,28,22.2,,,,,
Kent Ridge Road,S71,2016,7,29,0.0,,,,,
Kent Ridge Road,S71,2016,7,30,0.0,,,,,
Kent Ridge Road,S71,2016,7,31,0.0,,,,,
Kent Ridge Road,S71,2016,8,1,0.0,,,,,
Kent Ridge Road,S71,2016,8,2,0.0,,,,,
Kent Ridge Road,S71,2016,8,3,9.6,,,,,
Kent Ridge Road,S71,2016,8,4,0.0,,,,,
Kent Ridge Road,S71,2016,8,5,0.2,,,,,
Kent Ridge Road,S71,2016,8,6,0.0,,,,,
Kent Ridge Road,S71,2016,8,7,0.0,,,,,
Kent Ridge Road,S71,2016,8,8,0.0,,,,,
Kent Ridge Road,S71,2016,8,9,2.4,,,,,
Kent Ridge Road,S71,2016,8,10,0.0,,,,,
Kent Ridge Road,S71,2016,8,11,0.0,,,,,
Kent Ridge Road,S71,2016,8,12,1.6,,,,,
Kent Ridge Road,S71,2016,8,13,0.0,,,,,
Kent Ridge Road,S71,2016,8,14,0.0,,,,,
Kent Ridge Road,S71,2016,8,15,0.0,,,,,
Kent Ridge Road,S71,2016,8,16,0.0,,,,,
Kent Ridge Road,S71,2016,8,17,0.0,,,,,
Kent Ridge Road,S71,2016,8,18,0.0,,,,,
Kent Ridge Road,S71,2016,8,19,22.8,,,,,
Kent Ridge Road,S71,2016,8,20,0.0,,,,,
Kent Ridge Road,S71,2016,8,21,11.4,,,,,
Kent Ridge Road,S71,2016,8,22,0.0,,,,,
Kent Ridge Road,S71,2016,8,23,0.0,,,,,
Kent Ridge Road,S71,2016,8,24,44.2,,,,,
Kent Ridge Road,S71,2016,8,25,0.0,,,,,
Kent Ridge Road,S71,2016,8,26,0.0,,,,,
Kent Ridge Road,S71,2016,8,27,1.0,,,,,
Kent Ridge Road,S71,2016,8,28,0.0,,,,,
Kent Ridge Road,S71,2016,8,29,0.0,,,,,
Kent Ridge Road,S71,2016,8,30,5.6,,,,,
Kent Ridge Road,S71,2016,8,31,1.6,,,,,
Kent Ridge Road,S71,2016,9,1,3.8,,,,,
Kent Ridge Road,S71,2016,9,2,0.0,,,,,
Kent Ridge Road,S71,2016,9,3,0.0,,,,,
Kent Ridge Road,S71,2016,9,4,3.0,,,,,
Kent Ridge Road,S71,2016,9,5,0.8,,,,,
Kent Ridge Road,S71,2016,9,6,6.2,,,,,
Kent Ridge Road,S71,2016,9,7,16.4,,,,,
Kent Ridge Road,S71,2016,9,8,0.0,,,,,
Kent Ridge Road,S71,2016,9,9,1.2,,,,,
Kent Ridge Road,S71,2016,9,10,25.8,,,,,
Kent Ridge Road,S71,2016,9,11,0.0,,,,,
Kent Ridge Road,S71,2016,9,12,0.4,,,,,
Kent Ridge Road,S71,2016,9,13,0.0,,,,,
Kent Ridge Road,S71,2016,9,14,11.4,,,,,
Kent Ridge Road,S71,2016,9,15,0.0,,,,,
Kent Ridge Road,S71,2016,9,16,23.6,,,,,
Kent Ridge Road,S71,2016,9,17,7.4,,,,,
Kent Ridge Road,S71,2016,9,18,45.2,,,,,
Kent Ridge Road,S71,2016,9,19,34.6,,,,,
Kent Ridge Road,S71,2016,9,20,27.2,,,,,
Kent Ridge Road,S71,2016,9,21,0.0,,,,,
Kent Ridge Road,S71,2016,9,22,0.0,,,,,
Kent Ridge Road,S71,2016,9,23,0.0,,,,,
Kent Ridge Road,S71,2016,9,24,0.0,,,,,
Kent Ridge Road,S71,2016,9,25,3.4,,,,,
Kent Ridge Road,S71,2016,9,26,0.0,,,,,
Kent Ridge Road,S71,2016,9,27,2.2,,,,,
Kent Ridge Road,S71,2016,9,28,0.0,,,,,
Kent Ridge Road,S71,2016,9,29,0.0,,,,,
Kent Ridge Road,S71,2016,9,30,0.0,,,,,
Kent Ridge Road,S71,2016,10,1,0.0,,,,,
Kent Ridge Road,S71,2016,10,2,0.0,,,,,
Kent Ridge Road,S71,2016,10,3,58.6,,,,,
Kent Ridge Road,S71,2016,10,4,0.0,,,,,
Kent Ridge Road,S71,2016,10,5,0.0,,,,,
Kent Ridge Road,S71,2016,10,6,16.2,,,,,
Kent Ridge Road,S71,2016,10,7,48.6,,,,,
Kent Ridge Road,S71,2016,10,8,0.2,,,,,
Kent Ridge Road,S71,2016,10,9,0.2,,,,,
Kent Ridge Road,S71,2016,10,10,0.0,,,,,
Kent Ridge Road,S71,2016,10,11,0.0,,,,,
Kent Ridge Road,S71,2016,10,12,0.0,,,,,
Kent Ridge Road,S71,2016,10,13,0.0,,,,,
Kent Ridge Road,S71,2016,10,14,34.8,,,,,
Kent Ridge Road,S71,2016,10,15,0.2,,,,,
Kent Ridge Road,S71,2016,10,16,6.2,,,,,
Kent Ridge Road,S71,2016,10,17,0.0,,,,,
Kent Ridge Road,S71,2016,10,18,0.0,,,,,
Kent Ridge Road,S71,2016,10,19,8.8,,,,,
Kent Ridge Road,S71,2016,10,20,0.0,,,,,
Kent Ridge Road,S71,2016,10,21,9.8,,,,,
Kent Ridge Road,S71,2016,10,22,14.0,,,,,
Kent Ridge Road,S71,2016,10,23,0.6,,,,,
Kent Ridge Road,S71,2016,10,24,18.4,,,,,
Kent Ridge Road,S71,2016,10,25,43.2,,,,,
Kent Ridge Road,S71,2016,10,26,1.2,,,,,
Kent Ridge Road,S71,2016,10,27,22.8,,,,,
Kent Ridge Road,S71,2016,10,28,1.2,,,,,
Kent Ridge Road,S71,2016,10,29,13.4,,,,,
Kent Ridge Road,S71,2016,10,30,1.2,,,,,
Kent Ridge Road,S71,2016,10,31,0.0,,,,,
Kent Ridge Road,S71,2016,11,1,31.6,,,,,
Kent Ridge Road,S71,2016,11,2,10.4,,,,,
Kent Ridge Road,S71,2016,11,3,1.6,,,,,
Kent Ridge Road,S71,2016,11,4,11.8,,,,,
Kent Ridge Road,S71,2016,11,5,16.0,,,,,
Kent Ridge Road,S71,2016,11,6,1.4,,,,,
Kent Ridge Road,S71,2016,11,7,1.4,,,,,
Kent Ridge Road,S71,2016,11,8,0.0,,,,,
Kent Ridge Road,S71,2016,11,9,0.0,,,,,
Kent Ridge Road,S71,2016,11,10,20.8,,,,,
Kent Ridge Road,S71,2016,11,11,17.2,,,,,
Kent Ridge Road,S71,2016,11,12,0.4,,,,,
Kent Ridge Road,S71,2016,11,13,1.6,,,,,
Kent Ridge Road,S71,2016,11,14,15.4,,,,,
Kent Ridge Road,S71,2016,11,15,6.4,,,,,
Kent Ridge Road,S71,2016,11,16,15.8,,,,,
Kent Ridge Road,S71,2016,11,17,0.2,,,,,
Kent Ridge Road,S71,2016,11,18,0.2,,,,,
Kent Ridge Road,S71,2016,11,19,14.4,,,,,
Kent Ridge Road,S71,2016,11,20,0.0,,,,,
Kent Ridge Road,S71,2016,11,21,21.4,,,,,
Kent Ridge Road,S71,2016,11,22,1.0,,,,,
Kent Ridge Road,S71,2016,11,23,8.4,,,,,
Kent Ridge Road,S71,2016,11,24,0.0,,,,,
Kent Ridge Road,S71,2016,11,25,0.4,,,,,
Kent Ridge Road,S71,2016,11,26,18.4,,,,,
Kent Ridge Road,S71,2016,11,27,12.2,,,,,
Kent Ridge Road,S71,2016,11,28,0.0,,,,,
Kent Ridge Road,S71,2016,11,29,0.0,,,,,
Kent Ridge Road,S71,2016,11,30,0.0,,,,,
Kent Ridge Road,S71,2016,12,1,5.8,,,,,
Kent Ridge Road,S71,2016,12,2,3.8,,,,,
Kent Ridge Road,S71,2016,12,3,9.6,,,,,
Kent Ridge Road,S71,2016,12,4,0.0,,,,,
Kent Ridge Road,S71,2016,12,5,10.0,,,,,
Kent Ridge Road,S71,2016,12,6,0.2,,,,,
Kent Ridge Road,S71,2016,12,7,0.0,,,,,
Kent Ridge Road,S71,2016,12,8,0.4,,,,,
Kent Ridge Road,S71,2016,12,9,1.4,,,,,
Kent Ridge Road,S71,2016,12,10,0.0,,,,,
Kent Ridge Road,S71,2016,12,11,1.0,,,,,
Kent Ridge Road,S71,2016,12,12,0.0,,,,,
Kent Ridge Road,S71,2016,12,13,0.2,,,,,
Kent Ridge Road,S71,2016,12,14,0.0,,,,,
Kent Ridge Road,S71,2016,12,15,0.0,,,,,
Kent Ridge Road,S71,2016,12,16,0.0,,,,,
Kent Ridge Road,S71,2016,12,17,0.8,,,,,
Kent Ridge Road,S71,2016,12,18,24.4,,,,,
Kent Ridge Road,S71,2016,12,19,1.2,,,,,
Kent Ridge Road,S71,2016,12,20,0.0,,,,,
Kent Ridge Road,S71,2016,12,21,0.0,,,,,
Kent Ridge Road,S71,2016,12,22,42.0,,,,,
Kent Ridge Road,S71,2016,12,23,22.4,,,,,
Kent Ridge Road,S71,2016,12,24,15.6,,,,,
Kent Ridge Road,S71,2016,12,25,17.0,,,,,
Kent Ridge Road,S71,2016,12,26,0.0,,,,,
Kent Ridge Road,S71,2016,12,27,7.4,,,,,
Kent Ridge Road,S71,2016,12,28,0.8,,,,,
Kent Ridge Road,S71,2016,12,29,0.0,,,,,
Kent Ridge Road,S71,2016,12,30,3.2,,,,,
Kent Ridge Road,S71,2016,12,31,0.0,,,,,
Kent Ridge Road,S71,2017,1,1,31.8,,,,,
Kent Ridge Road,S71,2017,1,2,0.6,,,,,
Kent Ridge Road,S71,2017,1,3,2.0,,,,,
Kent Ridge Road,S71,2017,1,4,1.2,,,,,
Kent Ridge Road,S71,2017,1,5,2.4,,,,,
Kent Ridge Road,S71,2017,1,6,0.0,,,,,
Kent Ridge Road,S71,2017,1,7,0.0,,,,,
Kent Ridge Road,S71,2017,1,8,0.0,,,,,
Kent Ridge Road,S71,2017,1,9,0.0,,,,,
Kent Ridge Road,S71,2017,1,10,0.0,,,,,
Kent Ridge Road,S71,2017,1,11,0.0,,,,,
Kent Ridge Road,S71,2017,1,12,0.0,,,,,
Kent Ridge Road,S71,2017,1,13,0.0,,,,,
Kent Ridge Road,S71,2017,1,14,0.0,,,,,
Kent Ridge Road,S71,2017,1,15,0.8,,,,,
Kent Ridge Road,S71,2017,1,16,0.0,,,,,
Kent Ridge Road,S71,2017,1,17,0.0,,,,,
Kent Ridge Road,S71,2017,1,18,9.8,,,,,
Kent Ridge Road,S71,2017,1,19,9.6,,,,,
Kent Ridge Road,S71,2017,1,20,1.2,,,,,
Kent Ridge Road,S71,2017,1,21,14.0,,,,,
Kent Ridge Road,S71,2017,1,22,3.8,,,,,
Kent Ridge Road,S71,2017,1,23,95.4,,,,,
Kent Ridge Road,S71,2017,1,24,10.4,,,,,
Kent Ridge Road,S71,2017,1,25,3.8,,,,,
Kent Ridge Road,S71,2017,1,26,0.2,,,,,
Kent Ridge Road,S71,2017,1,27,0.0,,,,,
Kent Ridge Road,S71,2017,1,28,0.0,,,,,
Kent Ridge Road,S71,2017,1,29,0.0,,,,,
Kent Ridge Road,S71,2017,1,30,0.8,,,,,
Kent Ridge Road,S71,2017,1,31,0.0,,,,,
Kent Ridge Road,S71,2017,2,1,0.0,,,,,
Kent Ridge Road,S71,2017,2,2,0.4,,,,,
Kent Ridge Road,S71,2017,2,3,13.2,,,,,
Kent Ridge Road,S71,2017,2,4,2.2,,,,,
Kent Ridge Road,S71,2017,2,5,0.0,,,,,
Kent Ridge Road,S71,2017,2,6,0.0,,,,,
Kent Ridge Road,S71,2017,2,7,0.4,,,,,
Kent Ridge Road,S71,2017,2,8,43.4,,,,,
Kent Ridge Road,S71,2017,2,9,0.0,,,,,
Kent Ridge Road,S71,2017,2,10,0.0,,,,,
Kent Ridge Road,S71,2017,2,11,0.0,,,,,
Kent Ridge Road,S71,2017,2,12,1.6,,,,,
Kent Ridge Road,S71,2017,2,13,1.8,,,,,
Kent Ridge Road,S71,2017,2,14,1.6,,,,,
Kent Ridge Road,S71,2017,2,15,5.6,,,,,
Kent Ridge Road,S71,2017,2,16,0.0,,,,,
Kent Ridge Road,S71,2017,2,17,0.0,,,,,
Kent Ridge Road,S71,2017,2,18,0.0,,,,,
Kent Ridge Road,S71,2017,2,19,0.0,,,,,
Kent Ridge Road,S71,2017,2,20,0.0,,,,,
Kent Ridge Road,S71,2017,2,21,0.4,,,,,
Kent Ridge Road,S71,2017,2,22,0.0,,,,,
Kent Ridge Road,S71,2017,2,23,2.8,,,,,
Kent Ridge Road,S71,2017,2,24,21.6,,,,,
Kent Ridge Road,S71,2017,2,25,0.0,,,,,
Kent Ridge Road,S71,2017,2,26,4.4,,,,,
Kent Ridge Road,S71,2017,2,27,0.0,,,,,
Kent Ridge Road,S71,2017,2,28,16.8,,,,,
Kent Ridge Road,S71,2017,3,1,25.8,,,,,
Kent Ridge Road,S71,2017,3,2,1.8,,,,,
Kent Ridge Road,S71,2017,3,3,23.6,,,,,
Kent Ridge Road,S71,2017,3,4,2.8,,,,,
Kent Ridge Road,S71,2017,3,5,8.2,,,,,
Kent Ridge Road,S71,2017,3,6,22.2,,,,,
Kent Ridge Road,S71,2017,3,7,0.6,,,,,
Kent Ridge Road,S71,2017,3,8,1.6,,,,,
Kent Ridge Road,S71,2017,3,9,0.0,,,,,
Kent Ridge Road,S71,2017,3,10,0.0,,,,,
Kent Ridge Road,S71,2017,3,11,26.6,,,,,
Kent Ridge Road,S71,2017,3,12,10.8,,,,,
Kent Ridge Road,S71,2017,3,13,0.0,,,,,
Kent Ridge Road,S71,2017,3,14,0.0,,,,,
Kent Ridge Road,S71,2017,3,15,0.0,,,,,
Kent Ridge Road,S71,2017,3,16,0.0,,,,,
Kent Ridge Road,S71,2017,3,17,0.2,,,,,
Kent Ridge Road,S71,2017,3,18,0.0,,,,,
Kent Ridge Road,S71,2017,3,19,0.0,,,,,
Kent Ridge Road,S71,2017,3,20,4.2,,,,,
Kent Ridge Road,S71,2017,3,21,0.0,,,,,
Kent Ridge Road,S71,2017,3,22,10.6,,,,,
Kent Ridge Road,S71,2017,3,23,0.0,,,,,
Kent Ridge Road,S71,2017,3,24,0.0,,,,,
Kent Ridge Road,S71,2017,3,25,0.2,,,,,
Kent Ridge Road,S71,2017,3,26,0.0,,,,,
Kent Ridge Road,S71,2017,3,27,5.0,,,,,
Kent Ridge Road,S71,2017,3,28,3.6,,,,,
Kent Ridge Road,S71,2017,3,29,0.2,,,,,
Kent Ridge Road,S71,2017,3,30,7.4,,,,,
Kent Ridge Road,S71,2017,3,31,0.0,,,,,
Kent Ridge Road,S71,2017,4,1,6.2,,,,,
Kent Ridge Road,S71,2017,4,2,0.0,,,,,
Kent Ridge Road,S71,2017,4,3,21.0,,,,,
Kent Ridge Road,S71,2017,4,4,13.0,,,,,
Kent Ridge Road,S71,2017,4,5,0.0,,,,,
Kent Ridge Road,S71,2017,4,6,0.0,,,,,
Kent Ridge Road,S71,2017,4,7,28.6,,,,,
Kent Ridge Road,S71,2017,4,8,1.8,,,,,
Kent Ridge Road,S71,2017,4,9,0.0,,,,,
Kent Ridge Road,S71,2017,4,10,4.0,,,,,
Kent Ridge Road,S71,2017,4,11,0.0,,,,,
Kent Ridge Road,S71,2017,4,12,55.2,,,,,
Kent Ridge Road,S71,2017,4,13,12.8,,,,,
Kent Ridge Road,S71,2017,4,14,3.4,,,,,
Kent Ridge Road,S71,2017,4,15,18.0,,,,,
Kent Ridge Road,S71,2017,4,16,0.0,,,,,
Kent Ridge Road,S71,2017,4,17,0.0,,,,,
Kent Ridge Road,S71,2017,4,18,67.0,,,,,
Kent Ridge Road,S71,2017,4,19,0.0,,,,,
Kent Ridge Road,S71,2017,4,20,0.0,,,,,
Kent Ridge Road,S71,2017,4,21,54.2,,,,,
Kent Ridge Road,S71,2017,4,22,0.0,,,,,
Kent Ridge Road,S71,2017,4,23,0.0,,,,,
Kent Ridge Road,S71,2017,4,24,0.8,,,,,
Kent Ridge Road,S71,2017,4,25,23.6,,,,,
Kent Ridge Road,S71,2017,4,26,34.4,,,,,
Kent Ridge Road,S71,2017,4,27,21.4,,,,,
Kent Ridge Road,S71,2017,4,28,3.0,,,,,
Kent Ridge Road,S71,2017,4,29,8.4,,,,,
Kent Ridge Road,S71,2017,4,30,0.0,,,,,
Kent Ridge Road,S71,2017,5,1,0.0,,,,,
Kent Ridge Road,S71,2017,5,2,9.6,,,,,
Kent Ridge Road,S71,2017,5,3,1.0,,,,,
Kent Ridge Road,S71,2017,5,4,13.4,,,,,
Kent Ridge Road,S71,2017,5,5,0.2,,,,,
Kent Ridge Road,S71,2017,5,6,36.8,,,,,
Kent Ridge Road,S71,2017,5,7,8.4,,,,,
Kent Ridge Road,S71,2017,5,8,0.2,,,,,
Kent Ridge Road,S71,2017,5,9,0.2,,,,,
Kent Ridge Road,S71,2017,5,10,1.8,,,,,
Kent Ridge Road,S71,2017,5,11,,,,,,
Kent Ridge Road,S71,2017,5,12,39.6,,,,,
Kent Ridge Road,S71,2017,5,13,0.0,,,,,
Kent Ridge Road,S71,2017,5,14,0.0,,,,,
Kent Ridge Road,S71,2017,5,15,3.8,,,,,
Kent Ridge Road,S71,2017,5,16,,,,,,
Kent Ridge Road,S71,2017,5,17,0.0,,,,,
Kent Ridge Road,S71,2017,5,18,0.0,,,,,
Kent Ridge Road,S71,2017,5,19,0.0,,,,,
Kent Ridge Road,S71,2017,5,20,0.0,,,,,
Kent Ridge Road,S71,2017,5,21,,,,,,
Kent Ridge Road,S71,2017,5,22,,,,,,
Kent Ridge Road,S71,2017,5,23,,,,,,
Kent Ridge Road,S71,2017,5,24,,,,,,
Kent Ridge Road,S71,2017,5,25,,,,,,
Kent Ridge Road,S71,2017,5,26,,,,,,
Kent Ridge Road,S71,2017,5,27,,,,,,
Kent Ridge Road,S71,2017,5,28,,,,,,
Kent Ridge Road,S71,2017,5,29,,,,,,
Kent Ridge Road,S71,2017,5,30,,,,,,
Kent Ridge Road,S71,2017,5,31,,,,,,
Kent Ridge Road,S71,2017,6,1,,,,,,
Kent Ridge Road,S71,2017,6,2,0.0,,,,,
Kent Ridge Road,S71,2017,6,3,0.0,,,,,
Kent Ridge Road,S71,2017,6,4,0.0,,,,,
Kent Ridge Road,S71,2017,6,5,0.0,,,,,
Kent Ridge Road,S71,2017,6,6,0.0,,,,,
Kent Ridge Road,S71,2017,6,7,0.0,,,,,
Kent Ridge Road,S71,2017,6,8,0.0,,,,,
Kent Ridge Road,S71,2017,6,9,0.0,,,,,
Kent Ridge Road,S71,2017,6,10,29.6,,,,,
Kent Ridge Road,S71,2017,6,11,0.2,,,,,
Kent Ridge Road,S71,2017,6,12,0.0,,,,,
Kent Ridge Road,S71,2017,6,13,0.0,,,,,
Kent Ridge Road,S71,2017,6,14,55.4,,,,,
Kent Ridge Road,S71,2017,6,15,0.0,,,,,
Kent Ridge Road,S71,2017,6,16,0.0,,,,,
Kent Ridge Road,S71,2017,6,17,0.0,,,,,
Kent Ridge Road,S71,2017,6,18,25.8,,,,,
Kent Ridge Road,S71,2017,6,19,0.0,,,,,
Kent Ridge Road,S71,2017,6,20,0.0,,,,,
Kent Ridge Road,S71,2017,6,21,0.0,,,,,
Kent Ridge Road,S71,2017,6,22,0.0,,,,,
Kent Ridge Road,S71,2017,6,23,0.6,,,,,
Kent Ridge Road,S71,2017,6,24,0.0,,,,,
Kent Ridge Road,S71,2017,6,25,39.4,,,,,
Kent Ridge Road,S71,2017,6,26,0.0,,,,,
Kent Ridge Road,S71,2017,6,27,2.6,,,,,
Kent Ridge Road,S71,2017,6,28,13.4,,,,,
Kent Ridge Road,S71,2017,6,29,0.8,,,,,
Kent Ridge Road,S71,2017,6,30,0.0,,,,,
Kent Ridge Road,S71,2017,7,1,0.0,,,,,
Kent Ridge Road,S71,2017,7,2,0.0,,,,,
Kent Ridge Road,S71,2017,7,3,2.0,,,,,
Kent Ridge Road,S71,2017,7,4,0.0,,,,,
Kent Ridge Road,S71,2017,7,5,7.2,,,,,
Kent Ridge Road,S71,2017,7,6,1.4,,,,,
Kent Ridge Road,S71,2017,7,7,0.0,,,,,
Kent Ridge Road,S71,2017,7,8,2.8,,,,,
Kent Ridge Road,S71,2017,7,9,0.4,,,,,
Kent Ridge Road,S71,2017,7,10,0.0,,,,,
Kent Ridge Road,S71,2017,7,11,0.2,,,,,
Kent Ridge Road,S71,2017,7,12,20.2,,,,,
Kent Ridge Road,S71,2017,7,13,15.6,,,,,
Kent Ridge Road,S71,2017,7,14,52.6,,,,,
Kent Ridge Road,S71,2017,7,15,12.4,,,,,
Kent Ridge Road,S71,2017,7,16,0.2,,,,,
Kent Ridge Road,S71,2017,7,17,0.0,,,,,
Kent Ridge Road,S71,2017,7,18,0.0,,,,,
Kent Ridge Road,S71,2017,7,19,0.0,,,,,
Kent Ridge Road,S71,2017,7,20,0.0,,,,,
Kent Ridge Road,S71,2017,7,21,0.0,,,,,
Kent Ridge Road,S71,2017,7,22,0.0,,,,,
Kent Ridge Road,S71,2017,7,23,0.0,,,,,
Kent Ridge Road,S71,2017,7,24,0.0,,,,,
Kent Ridge Road,S71,2017,7,25,0.0,,,,,
Kent Ridge Road,S71,2017,7,26,5.4,,,,,
Kent Ridge Road,S71,2017,7,27,0.0,,,,,
Kent Ridge Road,S71,2017,7,28,0.0,,,,,
Kent Ridge Road,S71,2017,7,29,0.0,,,,,
Kent Ridge Road,S71,2017,7,30,0.6,,,,,
Kent Ridge Road,S71,2017,7,31,0.0,,,,,
Kent Ridge Road,S71,2017,8,1,5.6,,,,,
Kent Ridge Road,S71,2017,8,2,0.0,,,,,
Kent Ridge Road,S71,2017,8,3,0.0,,,,,
Kent Ridge Road,S71,2017,8,4,0.0,,,,,
Kent Ridge Road,S71,2017,8,5,0.0,,,,,
Kent Ridge Road,S71,2017,8,6,20.2,,,,,
Kent Ridge Road,S71,2017,8,7,0.0,,,,,
Kent Ridge Road,S71,2017,8,8,2.2,,,,,
Kent Ridge Road,S71,2017,8,9,0.4,,,,,
Kent Ridge Road,S71,2017,8,10,0.0,,,,,
Kent Ridge Road,S71,2017,8,11,11.2,,,,,
Kent Ridge Road,S71,2017,8,12,40.8,,,,,
Kent Ridge Road,S71,2017,8,13,,,,,,
Kent Ridge Road,S71,2017,8,14,0.0,,,,,
Kent Ridge Road,S71,2017,8,15,19.4,,,,,
Kent Ridge Road,S71,2017,8,16,0.0,,,,,
Kent Ridge Road,S71,2017,8,17,40.8,,,,,
Kent Ridge Road,S71,2017,8,18,0.0,,,,,
Kent Ridge Road,S71,2017,8,19,0.0,,,,,
Kent Ridge Road,S71,2017,8,20,2.2,,,,,
Kent Ridge Road,S71,2017,8,21,0.0,,,,,
Kent Ridge Road,S71,2017,8,22,0.0,,,,,
Kent Ridge Road,S71,2017,8,23,0.0,,,,,
Kent Ridge Road,S71,2017,8,24,1.0,,,,,
Kent Ridge Road,S71,2017,8,25,0.2,,,,,
Kent Ridge Road,S71,2017,8,26,0.0,,,,,
Kent Ridge Road,S71,2017,8,27,1.8,,,,,
Kent Ridge Road,S71,2017,8,28,0.0,,,,,
Kent Ridge Road,S71,2017,8,29,1.8,,,,,
Kent Ridge Road,S71,2017,8,30,0.0,,,,,
Kent Ridge Road,S71,2017,8,31,0.0,,,,,
Kent Ridge Road,S71,2017,9,1,0.0,,,,,
Kent Ridge Road,S71,2017,9,2,0.0,,,,,
Kent Ridge Road,S71,2017,9,3,0.4,,,,,
Kent Ridge Road,S71,2017,9,4,0.0,,,,,
Kent Ridge Road,S71,2017,9,5,1.0,,,,,
Kent Ridge Road,S71,2017,9,6,19.2,,,,,
Kent Ridge Road,S71,2017,9,7,0.6,,,,,
Kent Ridge Road,S71,2017,9,8,0.0,,,,,
Kent Ridge Road,S71,2017,9,9,6.4,,,,,
Kent Ridge Road,S71,2017,9,10,3.0,,,,,
Kent Ridge Road,S71,2017,9,11,18.8,,,,,
Kent Ridge Road,S71,2017,9,12,0.0,,,,,
Kent Ridge Road,S71,2017,9,13,0.0,,,,,
Kent Ridge Road,S71,2017,9,14,1.2,,,,,
Kent Ridge Road,S71,2017,9,15,21.4,,,,,
Kent Ridge Road,S71,2017,9,16,9.6,,,,,
Kent Ridge Road,S71,2017,9,17,15.6,,,,,
Kent Ridge Road,S71,2017,9,18,57.4,,,,,
Kent Ridge Road,S71,2017,9,19,1.2,,,,,
Kent Ridge Road,S71,2017,9,20,23.6,,,,,
Kent Ridge Road,S71,2017,9,21,5.0,,,,,
Kent Ridge Road,S71,2017,9,22,2.4,,,,,
Kent Ridge Road,S71,2017,9,23,0.0,,,,,
Kent Ridge Road,S71,2017,9,24,6.8,,,,,
Kent Ridge Road,S71,2017,9,25,0.0,,,,,
Kent Ridge Road,S71,2017,9,26,16.4,,,,,
Kent Ridge Road,S71,2017,9,27,0.0,,,,,
Kent Ridge Road,S71,2017,9,28,0.0,,,,,
Kent Ridge Road,S71,2017,9,29,15.6,,,,,
Kent Ridge Road,S71,2017,9,30,2.4,,,,,
Kent Ridge Road,S71,2017,10,1,8.2,,,,,
Kent Ridge Road,S71,2017,10,2,0.0,,,,,
Kent Ridge Road,S71,2017,10,3,4.8,,,,,
Kent Ridge Road,S71,2017,10,4,6.6,,,,,
Kent Ridge Road,S71,2017,10,5,0.0,,,,,
Kent Ridge Road,S71,2017,10,6,22.2,,,,,
Kent Ridge Road,S71,2017,10,7,46.6,,,,,
Kent Ridge Road,S71,2017,10,8,28.8,,,,,
Kent Ridge Road,S71,2017,10,9,19.4,,,,,
Kent Ridge Road,S71,2017,10,10,19.4,,,,,
Kent Ridge Road,S71,2017,10,11,13.4,,,,,
Kent Ridge Road,S71,2017,10,12,30.0,,,,,
Kent Ridge Road,S71,2017,10,13,1.2,,,,,
Kent Ridge Road,S71,2017,10,14,0.0,,,,,
Kent Ridge Road,S71,2017,10,15,0.0,,,,,
Kent Ridge Road,S71,2017,10,16,0.0,,,,,
Kent Ridge Road,S71,2017,10,17,0.0,,,,,
Kent Ridge Road,S71,2017,10,18,0.0,,,,,
Kent Ridge Road,S71,2017,10,19,0.0,,,,,
Kent Ridge Road,S71,2017,10,20,0.0,,,,,
Kent Ridge Road,S71,2017,10,21,0.2,,,,,
Kent Ridge Road,S71,2017,10,22,0.0,,,,,
Kent Ridge Road,S71,2017,10,23,2.4,,,,,
Kent Ridge Road,S71,2017,10,24,0.6,,,,,
Kent Ridge Road,S71,2017,10,25,0.8,,,,,
Kent Ridge Road,S71,2017,10,26,0.0,,,,,
Kent Ridge Road,S71,2017,10,27,3.4,,,,,
Kent Ridge Road,S71,2017,10,28,0.0,,,,,
Kent Ridge Road,S71,2017,10,29,0.8,,,,,
Kent Ridge Road,S71,2017,10,30,17.6,,,,,
Kent Ridge Road,S71,2017,10,31,3.0,,,,,
Kent Ridge Road,S71,2017,11,1,0.0,,,,,
Kent Ridge Road,S71,2017,11,2,0.0,,,,,
Kent Ridge Road,S71,2017,11,3,19.0,,,,,
Kent Ridge Road,S71,2017,11,4,5.8,,,,,
Kent Ridge Road,S71,2017,11,5,0.8,,,,,
Kent Ridge Road,S71,2017,11,6,42.6,,,,,
Kent Ridge Road,S71,2017,11,7,1.2,,,,,
Kent Ridge Road,S71,2017,11,8,,,,,,
Kent Ridge Road,S71,2017,11,9,10.2,,,,,
Kent Ridge Road,S71,2017,11,10,75.4,,,,,
Kent Ridge Road,S71,2017,11,11,1.2,,,,,
Kent Ridge Road,S71,2017,11,12,,,,,,
Kent Ridge Road,S71,2017,11,13,3.2,,,,,
Kent Ridge Road,S71,2017,11,14,83.6,,,,,
Kent Ridge Road,S71,2017,11,15,0.0,,,,,
Kent Ridge Road,S71,2017,11,16,1.2,,,,,
Kent Ridge Road,S71,2017,11,17,28.8,,,,,
Kent Ridge Road,S71,2017,11,18,6.6,,,,,
Kent Ridge Road,S71,2017,11,19,0.0,,,,,
Kent Ridge Road,S71,2017,11,20,,,,,,
Kent Ridge Road,S71,2017,11,21,,,,,,
Kent Ridge Road,S71,2017,11,22,51.6,,,,,
Kent Ridge Road,S71,2017,11,23,18.0,,,,,
Kent Ridge Road,S71,2017,11,24,,,,,,
Kent Ridge Road,S71,2017,11,25,12.6,,,,,
Kent Ridge Road,S71,2017,11,26,19.6,,,,,
Kent Ridge Road,S71,2017,11,27,,,,,,
Kent Ridge Road,S71,2017,11,28,3.0,,,,,
Kent Ridge Road,S71,2017,11,29,5.6,,,,,
Kent Ridge Road,S71,2017,11,30,4.6,,,,,
Kent Ridge Road,S71,2017,12,1,0.0,,,,,
Kent Ridge Road,S71,2017,12,2,0.0,,,,,
Kent Ridge Road,S71,2017,12,3,0.0,,,,,
Kent Ridge Road,S71,2017,12,4,7.4,,,,,
Kent Ridge Road,S71,2017,12,5,0.0,,,,,
Kent Ridge Road,S71,2017,12,6,0.2,,,,,
Kent Ridge Road,S71,2017,12,7,2.0,,,,,
Kent Ridge Road,S71,2017,12,8,0.0,,,,,
Kent Ridge Road,S71,2017,12,9,0.0,,,,,
Kent Ridge Road,S71,2017,12,10,1.2,,,,,
Kent Ridge Road,S71,2017,12,11,9.8,,,,,
Kent Ridge Road,S71,2017,12,12,7.6,,,,,
Kent Ridge Road,S71,2017,12,13,0.8,,,,,
Kent Ridge Road,S71,2017,12,14,0.0,,,,,
Kent Ridge Road,S71,2017,12,15,22.2,,,,,
Kent Ridge Road,S71,2017,12,16,4.6,,,,,
Kent Ridge Road,S71,2017,12,17,0.0,,,,,
Kent Ridge Road,S71,2017,12,18,0.0,,,,,
Kent Ridge Road,S71,2017,12,19,2.6,,,,,
Kent Ridge Road,S71,2017,12,20,0.0,,,,,
Kent Ridge Road,S71,2017,12,21,0.0,,,,,
Kent Ridge Road,S71,2017,12,22,18.2,,,,,
Kent Ridge Road,S71,2017,12,23,4.6,,,,,
Kent Ridge Road,S71,2017,12,24,0.0,,,,,
Kent Ridge Road,S71,2017,12,25,4.8,,,,,
Kent Ridge Road,S71,2017,12,26,2.8,,,,,
Kent Ridge Road,S71,2017,12,27,3.8,,,,,
Kent Ridge Road,S71,2017,12,28,5.2,,,,,
Kent Ridge Road,S71,2017,12,29,2.2,,,,,
Kent Ridge Road,S71,2017,12,30,17.8,,,,,
Kent Ridge Road,S71,2017,12,31,130.0,,,,,
Kent Ridge Road,S71,2018,1,1,54.8,,,,,
Kent Ridge Road,S71,2018,1,2,13.4,,,,,
Kent Ridge Road,S71,2018,1,3,0.0,,,,,
Kent Ridge Road,S71,2018,1,4,2.6,,,,,
Kent Ridge Road,S71,2018,1,5,,,,,,
Kent Ridge Road,S71,2018,1,6,0.0,,,,,
Kent Ridge Road,S71,2018,1,7,1.2,,,,,
Kent Ridge Road,S71,2018,1,8,16.4,,,,,
Kent Ridge Road,S71,2018,1,9,,,,,,
Kent Ridge Road,S71,2018,1,10,,,,,,
Kent Ridge Road,S71,2018,1,11,12.6,,,,,
Kent Ridge Road,S71,2018,1,12,,,,,,
Kent Ridge Road,S71,2018,1,13,,,,,,
Kent Ridge Road,S71,2018,1,14,,,,,,
Kent Ridge Road,S71,2018,1,15,0.6,,,,,
Kent Ridge Road,S71,2018,1,16,0.0,,,,,
Kent Ridge Road,S71,2018,1,17,0.0,,,,,
Kent Ridge Road,S71,2018,1,18,6.2,,,,,
Kent Ridge Road,S71,2018,1,19,19.6,,,,,
Kent Ridge Road,S71,2018,1,20,13.8,,,,,
Kent Ridge Road,S71,2018,1,21,1.4,,,,,
Kent Ridge Road,S71,2018,1,22,0.0,,,,,
Kent Ridge Road,S71,2018,1,23,10.2,,,,,
Kent Ridge Road,S71,2018,1,24,89.2,,,,,
Kent Ridge Road,S71,2018,1,25,0.2,,,,,
Kent Ridge Road,S71,2018,1,26,19.8,,,,,
Kent Ridge Road,S71,2018,1,27,0.2,,,,,
Kent Ridge Road,S71,2018,1,28,8.8,,,,,
Kent Ridge Road,S71,2018,1,29,0.0,,,,,
Kent Ridge Road,S71,2018,1,30,0.2,,,,,
Kent Ridge Road,S71,2018,1,31,4.4,,,,,
Kent Ridge Road,S71,2018,2,1,14.6,,,,,
Kent Ridge Road,S71,2018,2,2,13.0,,,,,
Kent Ridge Road,S71,2018,2,3,0.4,,,,,
Kent Ridge Road,S71,2018,2,4,1.0,,,,,
Kent Ridge Road,S71,2018,2,5,0.0,,,,,
Kent Ridge Road,S71,2018,2,6,0.0,,,,,
Kent Ridge Road,S71,2018,2,7,0.0,,,,,
Kent Ridge Road,S71,2018,2,8,0.0,,,,,
Kent Ridge Road,S71,2018,2,9,0.0,,,,,
Kent Ridge Road,S71,2018,2,10,0.0,,,,,
Kent Ridge Road,S71,2018,2,11,0.0,,,,,
Kent Ridge Road,S71,2018,2,12,0.0,,,,,
Kent Ridge Road,S71,2018,2,13,0.0,,,,,
Kent Ridge Road,S71,2018,2,14,0.0,,,,,
Kent Ridge Road,S71,2018,2,15,0.0,,,,,
Kent Ridge Road,S71,2018,2,16,0.0,,,,,
Kent Ridge Road,S71,2018,2,17,0.4,,,,,
Kent Ridge Road,S71,2018,2,18,0.0,,,,,
Kent Ridge Road,S71,2018,2,19,0.0,,,,,
Kent Ridge Road,S71,2018,2,20,0.0,,,,,
Kent Ridge Road,S71,2018,2,21,0.0,,,,,
Kent Ridge Road,S71,2018,2,22,0.0,,,,,
Kent Ridge Road,S71,2018,2,23,23.8,,,,,
Kent Ridge Road,S71,2018,2,24,0.0,,,,,
Kent Ridge Road,S71,2018,2,25,0.0,,,,,
Kent Ridge Road,S71,2018,2,26,0.0,,,,,
Kent Ridge Road,S71,2018,2,27,0.0,,,,,
Kent Ridge Road,S71,2018,2,28,1.2,,,,,
Kent Ridge Road,S71,2018,3,1,0.0,,,,,
Kent Ridge Road,S71,2018,3,2,1.6,,,,,
Kent Ridge Road,S71,2018,3,3,35.0,,,,,
Kent Ridge Road,S71,2018,3,4,3.2,,,,,
Kent Ridge Road,S71,2018,3,5,0.0,,,,,
Kent Ridge Road,S71,2018,3,6,2.2,,,,,
Kent Ridge Road,S71,2018,3,7,2.4,,,,,
Kent Ridge Road,S71,2018,3,8,0.0,,,,,
Kent Ridge Road,S71,2018,3,9,0.0,,,,,
Kent Ridge Road,S71,2018,3,10,2.6,,,,,
Kent Ridge Road,S71,2018,3,11,0.0,,,,,
Kent Ridge Road,S71,2018,3,12,12.6,,,,,
Kent Ridge Road,S71,2018,3,13,0.0,,,,,
Kent Ridge Road,S71,2018,3,14,0.0,,,,,
Kent Ridge Road,S71,2018,3,15,0.0,,,,,
Kent Ridge Road,S71,2018,3,16,3.6,,,,,
Kent Ridge Road,S71,2018,3,17,0.0,,,,,
Kent Ridge Road,S71,2018,3,18,0.0,,,,,
Kent Ridge Road,S71,2018,3,19,17.2,,,,,
Kent Ridge Road,S71,2018,3,20,7.6,,,,,
Kent Ridge Road,S71,2018,3,21,0.0,,,,,
Kent Ridge Road,S71,2018,3,22,0.0,,,,,
Kent Ridge Road,S71,2018,3,23,0.0,,,,,
Kent Ridge Road,S71,2018,3,24,62.2,,,,,
Kent Ridge Road,S71,2018,3,25,14.2,,,,,
Kent Ridge Road,S71,2018,3,26,78.8,,,,,
Kent Ridge Road,S71,2018,3,27,12.2,,,,,
Kent Ridge Road,S71,2018,3,28,0.0,,,,,
Kent Ridge Road,S71,2018,3,29,0.0,,,,,
Kent Ridge Road,S71,2018,3,30,1.8,,,,,
Kent Ridge Road,S71,2018,3,31,0.0,,,,,
Kent Ridge Road,S71,2018,4,1,15.4,,,,,
Kent Ridge Road,S71,2018,4,2,13.2,,,,,
Kent Ridge Road,S71,2018,4,3,5.4,,,,,
Kent Ridge Road,S71,2018,4,4,0.0,,,,,
Kent Ridge Road,S71,2018,4,5,0.0,,,,,
Kent Ridge Road,S71,2018,4,6,0.0,,,,,
Kent Ridge Road,S71,2018,4,7,14.4,,,,,
Kent Ridge Road,S71,2018,4,8,0.0,,,,,
Kent Ridge Road,S71,2018,4,9,0.0,,,,,
Kent Ridge Road,S71,2018,4,10,0.0,,,,,
Kent Ridge Road,S71,2018,4,11,0.0,,,,,
Kent Ridge Road,S71,2018,4,12,1.8,,,,,
Kent Ridge Road,S71,2018,4,13,0.0,,,,,
Kent Ridge Road,S71,2018,4,14,13.4,,,,,
Kent Ridge Road,S71,2018,4,15,4.6,,,,,
Kent Ridge Road,S71,2018,4,16,0.6,,,,,
Kent Ridge Road,S71,2018,4,17,17.2,,,,,
Kent Ridge Road,S71,2018,4,18,0.0,,,,,
Kent Ridge Road,S71,2018,4,19,32.0,,,,,
Kent Ridge Road,S71,2018,4,20,33.4,,,,,
Kent Ridge Road,S71,2018,4,21,0.0,,,,,
Kent Ridge Road,S71,2018,4,22,68.8,,,,,
Kent Ridge Road,S71,2018,4,23,33.0,,,,,
Kent Ridge Road,S71,2018,4,24,7.8,,,,,
Kent Ridge Road,S71,2018,4,25,0.0,,,,,
Kent Ridge Road,S71,2018,4,26,8.0,,,,,
Kent Ridge Road,S71,2018,4,27,8.2,,,,,
Kent Ridge Road,S71,2018,4,28,0.0,,,,,
Kent Ridge Road,S71,2018,4,29,0.0,,,,,
Kent Ridge Road,S71,2018,4,30,0.0,,,,,
Kent Ridge Road,S71,2018,5,1,65.0,,,,,
Kent Ridge Road,S71,2018,5,2,3.0,,,,,
Kent Ridge Road,S71,2018,5,3,6.0,,,,,
Kent Ridge Road,S71,2018,5,4,0.0,,,,,
Kent Ridge Road,S71,2018,5,5,0.0,,,,,
Kent Ridge Road,S71,2018,5,6,2.0,,,,,
Kent Ridge Road,S71,2018,5,7,0.0,,,,,
Kent Ridge Road,S71,2018,5,8,0.0,,,,,
Kent Ridge Road,S71,2018,5,9,0.0,,,,,
Kent Ridge Road,S71,2018,5,10,0.0,,,,,
Kent Ridge Road,S71,2018,5,11,0.0,,,,,
Kent Ridge Road,S71,2018,5,12,0.8,,,,,
Kent Ridge Road,S71,2018,5,13,1.4,,,,,
Kent Ridge Road,S71,2018,5,14,4.0,,,,,
Kent Ridge Road,S71,2018,5,15,17.6,,,,,
Kent Ridge Road,S71,2018,5,16,0.2,,,,,
Kent Ridge Road,S71,2018,5,17,0.0,,,,,
Kent Ridge Road,S71,2018,5,18,0.8,,,,,
Kent Ridge Road,S71,2018,5,19,25.8,,,,,
Kent Ridge Road,S71,2018,5,20,10.6,,,,,
Kent Ridge Road,S71,2018,5,21,0.2,,,,,
Kent Ridge Road,S71,2018,5,22,0.2,,,,,
Kent Ridge Road,S71,2018,5,23,4.0,,,,,
Kent Ridge Road,S71,2018,5,24,0.4,,,,,
Kent Ridge Road,S71,2018,5,25,5.6,,,,,
Kent Ridge Road,S71,2018,5,26,62.8,,,,,
Kent Ridge Road,S71,2018,5,27,1.8,,,,,
Kent Ridge Road,S71,2018,5,28,20.2,,,,,
Kent Ridge Road,S71,2018,5,29,8.4,,,,,
Kent Ridge Road,S71,2018,5,30,46.0,,,,,
Kent Ridge Road,S71,2018,5,31,0.6,,,,,
Kent Ridge Road,S71,2018,6,1,24.6,,,,,
Kent Ridge Road,S71,2018,6,2,38.6,,,,,
Kent Ridge Road,S71,2018,6,3,0.0,,,,,
Kent Ridge Road,S71,2018,6,4,5.6,,,,,
Kent Ridge Road,S71,2018,6,5,0.0,,,,,
Kent Ridge Road,S71,2018,6,6,0.0,,,,,
Kent Ridge Road,S71,2018,6,7,0.0,,,,,
Kent Ridge Road,S71,2018,6,8,4.8,,,,,
Kent Ridge Road,S71,2018,6,9,0.0,,,,,
Kent Ridge Road,S71,2018,6,10,0.0,,,,,
Kent Ridge Road,S71,2018,6,11,0.0,,,,,
Kent Ridge Road,S71,2018,6,12,0.0,,,,,
Kent Ridge Road,S71,2018,6,13,4.8,,,,,
Kent Ridge Road,S71,2018,6,14,0.4,,,,,
Kent Ridge Road,S71,2018,6,15,3.2,,,,,
Kent Ridge Road,S71,2018,6,16,0.0,,,,,
Kent Ridge Road,S71,2018,6,17,0.0,,,,,
Kent Ridge Road,S71,2018,6,18,7.2,,,,,
Kent Ridge Road,S71,2018,6,19,4.0,,,,,
Kent Ridge Road,S71,2018,6,20,26.4,,,,,
Kent Ridge Road,S71,2018,6,21,0.0,,,,,
Kent Ridge Road,S71,2018,6,22,0.0,,,,,
Kent Ridge Road,S71,2018,6,23,0.0,,,,,
Kent Ridge Road,S71,2018,6,24,21.8,,,,,
Kent Ridge Road,S71,2018,6,25,62.2,,,,,
Kent Ridge Road,S71,2018,6,26,2.6,,,,,
Kent Ridge Road,S71,2018,6,27,47.2,,,,,
Kent Ridge Road,S71,2018,6,28,0.0,,,,,
Kent Ridge Road,S71,2018,6,29,71.2,,,,,
Kent Ridge Road,S71,2018,6,30,0.2,,,,,
Kent Ridge Road,S71,2018,7,1,1.0,,,,,
Kent Ridge Road,S71,2018,7,2,1.2,,,,,
Kent Ridge Road,S71,2018,7,3,7.4,,,,,
Kent Ridge Road,S71,2018,7,4,0.0,,,,,
Kent Ridge Road,S71,2018,7,5,0.0,,,,,
Kent Ridge Road,S71,2018,7,6,0.0,,,,,
Kent Ridge Road,S71,2018,7,7,0.0,,,,,
Kent Ridge Road,S71,2018,7,8,0.0,,,,,
Kent Ridge Road,S71,2018,7,9,7.0,,,,,
Kent Ridge Road,S71,2018,7,10,22.8,,,,,
Kent Ridge Road,S71,2018,7,11,0.0,,,,,
Kent Ridge Road,S71,2018,7,12,0.0,,,,,
Kent Ridge Road,S71,2018,7,13,0.0,,,,,
Kent Ridge Road,S71,2018,7,14,0.0,,,,,
Kent Ridge Road,S71,2018,7,15,7.4,,,,,
Kent Ridge Road,S71,2018,7,16,0.0,,,,,
Kent Ridge Road,S71,2018,7,17,0.0,,,,,
Kent Ridge Road,S71,2018,7,18,0.0,,,,,
Kent Ridge Road,S71,2018,7,19,5.6,,,,,
Kent Ridge Road,S71,2018,7,20,7.0,,,,,
Kent Ridge Road,S71,2018,7,21,2.8,,,,,
Kent Ridge Road,S71,2018,7,22,2.8,,,,,
Kent Ridge Road,S71,2018,7,23,0.0,,,,,
Kent Ridge Road,S71,2018,7,24,0.0,,,,,
Kent Ridge Road,S71,2018,7,25,7.8,,,,,
Kent Ridge Road,S71,2018,7,26,0.0,,,,,
Kent Ridge Road,S71,2018,7,27,0.0,,,,,
Kent Ridge Road,S71,2018,7,28,0.0,,,,,
Kent Ridge Road,S71,2018,7,29,6.0,,,,,
Kent Ridge Road,S71,2018,7,30,8.8,,,,,
Kent Ridge Road,S71,2018,7,31,0.4,,,,,
Kent Ridge Road,S71,2018,8,1,0.6,,,,,
Kent Ridge Road,S71,2018,8,2,0.0,,,,,
Kent Ridge Road,S71,2018,8,3,0.0,,,,,
Kent Ridge Road,S71,2018,8,4,5.0,,,,,
Kent Ridge Road,S71,2018,8,5,3.0,,,,,
Kent Ridge Road,S71,2018,8,6,0.0,,,,,
Kent Ridge Road,S71,2018,8,7,0.0,,,,,
Kent Ridge Road,S71,2018,8,8,0.8,,,,,
Kent Ridge Road,S71,2018,8,9,0.0,,,,,
Kent Ridge Road,S71,2018,8,10,0.0,,,,,
Kent Ridge Road,S71,2018,8,11,0.0,,,,,
Kent Ridge Road,S71,2018,8,12,0.0,,,,,
Kent Ridge Road,S71,2018,8,13,0.0,,,,,
Kent Ridge Road,S71,2018,8,14,0.0,,,,,
Kent Ridge Road,S71,2018,8,15,0.0,,,,,
Kent Ridge Road,S71,2018,8,16,0.0,,,,,
Kent Ridge Road,S71,2018,8,17,17.6,,,,,
Kent Ridge Road,S71,2018,8,18,1.0,,,,,
Kent Ridge Road,S71,2018,8,19,0.0,,,,,
Kent Ridge Road,S71,2018,8,20,0.0,,,,,
Kent Ridge Road,S71,2018,8,21,0.0,,,,,
Kent Ridge Road,S71,2018,8,22,31.4,,,,,
Kent Ridge Road,S71,2018,8,23,0.0,,,,,
Kent Ridge Road,S71,2018,8,24,8.8,,,,,
Kent Ridge Road,S71,2018,8,25,0.0,,,,,
Kent Ridge Road,S71,2018,8,26,0.0,,,,,
Kent Ridge Road,S71,2018,8,27,0.0,,,,,
Kent Ridge Road,S71,2018,8,28,7.8,,,,,
Kent Ridge Road,S71,2018,8,29,0.0,,,,,
Kent Ridge Road,S71,2018,8,30,0.0,,,,,
Kent Ridge Road,S71,2018,8,31,61.6,,,,,
Kent Ridge Road,S71,2018,9,1,0.0,,,,,
Kent Ridge Road,S71,2018,9,2,8.0,,,,,
Kent Ridge Road,S71,2018,9,3,0.4,,,,,
Kent Ridge Road,S71,2018,9,4,17.6,,,,,
Kent Ridge Road,S71,2018,9,5,0.0,,,,,
Kent Ridge Road,S71,2018,9,6,0.0,,,,,
Kent Ridge Road,S71,2018,9,7,44.6,,,,,
Kent Ridge Road,S71,2018,9,8,46.2,,,,,
Kent Ridge Road,S71,2018,9,9,2.6,,,,,
Kent Ridge Road,S71,2018,9,10,3.2,,,,,
Kent Ridge Road,S71,2018,9,11,4.6,,,,,
Kent Ridge Road,S71,2018,9,12,3.0,,,,,
Kent Ridge Road,S71,2018,9,13,0.0,,,,,
Kent Ridge Road,S71,2018,9,14,0.0,,,,,
Kent Ridge Road,S71,2018,9,15,0.0,,,,,
Kent Ridge Road,S71,2018,9,16,0.0,,,,,
Kent Ridge Road,S71,2018,9,17,0.0,,,,,
Kent Ridge Road,S71,2018,9,18,0.6,,,,,
Kent Ridge Road,S71,2018,9,19,21.6,,,,,
Kent Ridge Road,S71,2018,9,20,2.2,,,,,
Kent Ridge Road,S71,2018,9,21,33.6,,,,,
Kent Ridge Road,S71,2018,9,22,0.2,,,,,
Kent Ridge Road,S71,2018,9,23,0.0,,,,,
Kent Ridge Road,S71,2018,9,24,0.0,,,,,
Kent Ridge Road,S71,2018,9,25,0.0,,,,,
Kent Ridge Road,S71,2018,9,26,0.0,,,,,
Kent Ridge Road,S71,2018,9,27,0.0,,,,,
Kent Ridge Road,S71,2018,9,28,0.0,,,,,
Kent Ridge Road,S71,2018,9,29,0.0,,,,,
Kent Ridge Road,S71,2018,9,30,0.0,,,,,
Kent Ridge Road,S71,2018,10,1,0.0,,,,,
Kent Ridge Road,S71,2018,10,2,0.0,,,,,
Kent Ridge Road,S71,2018,10,3,0.0,,,,,
Kent Ridge Road,S71,2018,10,4,0.0,,,,,
Kent Ridge Road,S71,2018,10,5,0.0,,,,,
Kent Ridge Road,S71,2018,10,6,0.4,,,,,
Kent Ridge Road,S71,2018,10,7,0.0,,,,,
Kent Ridge Road,S71,2018,10,8,1.2,,,,,
Kent Ridge Road,S71,2018,10,9,23.6,,,,,
Kent Ridge Road,S71,2018,10,10,17.6,,,,,
Kent Ridge Road,S71,2018,10,11,62.4,,,,,
Kent Ridge Road,S71,2018,10,12,4.4,,,,,
Kent Ridge Road,S71,2018,10,13,33.4,,,,,
Kent Ridge Road,S71,2018,10,14,9.8,,,,,
Kent Ridge Road,S71,2018,10,15,0.0,,,,,
Kent Ridge Road,S71,2018,10,16,0.0,,,,,
Kent Ridge Road,S71,2018,10,17,1.2,,,,,
Kent Ridge Road,S71,2018,10,18,1.8,,,,,
Kent Ridge Road,S71,2018,10,19,1.8,,,,,
Kent Ridge Road,S71,2018,10,20,0.0,,,,,
Kent Ridge Road,S71,2018,10,21,0.0,,,,,
Kent Ridge Road,S71,2018,10,22,0.2,,,,,
Kent Ridge Road,S71,2018,10,23,5.2,,,,,
Kent Ridge Road,S71,2018,10,24,0.0,,,,,
Kent Ridge Road,S71,2018,10,25,0.0,,,,,
Kent Ridge Road,S71,2018,10,26,0.0,,,,,
Kent Ridge Road,S71,2018,10,27,0.0,,,,,
Kent Ridge Road,S71,2018,10,28,0.0,,,,,
Kent Ridge Road,S71,2018,10,29,12.2,,,,,
Kent Ridge Road,S71,2018,10,30,15.0,,,,,
Kent Ridge Road,S71,2018,10,31,0.0,,,,,
Kent Ridge Road,S71,2018,11,1,3.8,,,,,
Kent Ridge Road,S71,2018,11,2,3.8,,,,,
Kent Ridge Road,S71,2018,11,3,20.4,,,,,
Kent Ridge Road,S71,2018,11,4,11.0,,,,,
Kent Ridge Road,S71,2018,11,5,0.2,,,,,
Kent Ridge Road,S71,2018,11,6,0.8,,,,,
Kent Ridge Road,S71,2018,11,7,0.6,,,,,
Kent Ridge Road,S71,2018,11,8,23.0,,,,,
Kent Ridge Road,S71,2018,11,9,2.6,,,,,
Kent Ridge Road,S71,2018,11,10,16.2,,,,,
Kent Ridge Road,S71,2018,11,11,53.2,,,,,
Kent Ridge Road,S71,2018,11,12,1.4,,,,,
Kent Ridge Road,S71,2018,11,13,0.4,,,,,
Kent Ridge Road,S71,2018,11,14,33.2,,,,,
Kent Ridge Road,S71,2018,11,15,21.4,,,,,
Kent Ridge Road,S71,2018,11,16,0.0,,,,,
Kent Ridge Road,S71,2018,11,17,11.0,,,,,
Kent Ridge Road,S71,2018,11,18,5.6,,,,,
Kent Ridge Road,S71,2018,11,19,,,,,,
Kent Ridge Road,S71,2018,11,20,,,,,,
Kent Ridge Road,S71,2018,11,21,23.4,,,,,
Kent Ridge Road,S71,2018,11,22,31.6,,,,,
Kent Ridge Road,S71,2018,11,23,31.8,,,,,
Kent Ridge Road,S71,2018,11,24,0.0,,,,,
Kent Ridge Road,S71,2018,11,25,4.0,,,,,
Kent Ridge Road,S71,2018,11,26,19.2,,,,,
Kent Ridge Road,S71,2018,11,27,0.8,,,,,
Kent Ridge Road,S71,2018,11,28,29.8,,,,,
Kent Ridge Road,S71,2018,11,29,1.2,,,,,
Kent Ridge Road,S71,2018,11,30,1.4,,,,,
Kent Ridge Road,S71,2018,12,1,14.2,,,,,
Kent Ridge Road,S71,2018,12,2,6.8,,,,,
Kent Ridge Road,S71,2018,12,3,6.0,,,,,
Kent Ridge Road,S71,2018,12,4,1.6,,,,,
Kent Ridge Road,S71,2018,12,5,24.4,,,,,
Kent Ridge Road,S71,2018,12,6,11.2,,,,,
Kent Ridge Road,S71,2018,12,7,10.4,,,,,
Kent Ridge Road,S71,2018,12,8,4.6,,,,,
Kent Ridge Road,S71,2018,12,9,18.0,,,,,
Kent Ridge Road,S71,2018,12,10,,,,,,
Kent Ridge Road,S71,2018,12,11,,,,,,
Kent Ridge Road,S71,2018,12,12,,,,,,
Kent Ridge Road,S71,2018,12,13,,,,,,
Kent Ridge Road,S71,2018,12,14,,,,,,
Kent Ridge Road,S71,2018,12,15,,,,,,
Kent Ridge Road,S71,2018,12,16,,,,,,
Kent Ridge Road,S71,2018,12,17,,,,,,
Kent Ridge Road,S71,2018,12,18,,,,,,
Kent Ridge Road,S71,2018,12,19,,,,,,
Kent Ridge Road,S71,2018,12,20,0.0,,,,,
Kent Ridge Road,S71,2018,12,21,7.8,,,,,
Kent Ridge Road,S71,2018,12,22,4.6,,,,,
Kent Ridge Road,S71,2018,12,23,0.0,,,,,
Kent Ridge Road,S71,2018,12,24,0.0,,,,,
Kent Ridge Road,S71,2018,12,25,,,,,,
Kent Ridge Road,S71,2018,12,26,,,,,,
Kent Ridge Road,S71,2018,12,27,,,,,,
Kent Ridge Road,S71,2018,12,28,,,,,,
Kent Ridge Road,S71,2018,12,29,,,,,,
Kent Ridge Road,S71,2018,12,30,,,,,,
Kent Ridge Road,S71,2018,12,31,,,,,,
Kent Ridge Road,S71,2019,1,1,,,,,,
Kent Ridge Road,S71,2019,1,2,,,,,,
Kent Ridge Road,S71,2019,1,3,,,,,,
Kent Ridge Road,S71,2019,1,4,0.0,,,,,
Kent Ridge Road,S71,2019,1,5,0.4,,,,,
Kent Ridge Road,S71,2019,1,6,0.0,,,,,
Kent Ridge Road,S71,2019,1,7,0.0,,,,,
Kent Ridge Road,S71,2019,1,8,,,,,,
Kent Ridge Road,S71,2019,1,9,,,,,,
Kent Ridge Road,S71,2019,1,10,,,,,,
Kent Ridge Road,S71,2019,1,11,,,,,,
Kent Ridge Road,S71,2019,1,12,,,,,,
Kent Ridge Road,S71,2019,1,13,,,,,,
Kent Ridge Road,S71,2019,1,14,,,,,,
Kent Ridge Road,S71,2019,1,15,,,,,,
Kent Ridge Road,S71,2019,1,16,0.0,,,,,
Kent Ridge Road,S71,2019,1,17,13.4,,,,,
Kent Ridge Road,S71,2019,1,18,22.0,,,,,
Kent Ridge Road,S71,2019,1,19,0.0,,,,,
Kent Ridge Road,S71,2019,1,20,,,,,,
Kent Ridge Road,S71,2019,1,21,,,,,,
Kent Ridge Road,S71,2019,1,22,,,,,,
Kent Ridge Road,S71,2019,1,23,,,,,,
Kent Ridge Road,S71,2019,1,24,,,,,,
Kent Ridge Road,S71,2019,1,25,,,,,,
Kent Ridge Road,S71,2019,1,26,,,,,,
Kent Ridge Road,S71,2019,1,27,,,,,,
Kent Ridge Road,S71,2019,1,28,,,,,,
Kent Ridge Road,S71,2019,1,29,,,,,,
Kent Ridge Road,S71,2019,1,30,,,,,,
Kent Ridge Road,S71,2019,1,31,,,,,,
Kent Ridge Road,S71,2019,2,1,,,,,,
Kent Ridge Road,S71,2019,2,2,,,,,,
Kent Ridge Road,S71,2019,2,3,,,,,,
Kent Ridge Road,S71,2019,2,4,,,,,,
Kent Ridge Road,S71,2019,2,5,,,,,,
Kent Ridge Road,S71,2019,2,6,,,,,,
Kent Ridge Road,S71,2019,2,7,,,,,,
Kent Ridge Road,S71,2019,2,8,,,,,,
Kent Ridge Road,S71,2019,2,9,0.0,,,,,
Kent Ridge Road,S71,2019,2,10,0.0,,,,,
Kent Ridge Road,S71,2019,2,11,0.0,,,,,
Kent Ridge Road,S71,2019,2,12,0.0,,,,,
Kent Ridge Road,S71,2019,2,13,,,,,,
Kent Ridge Road,S71,2019,2,14,,,,,,
Kent Ridge Road,S71,2019,2,15,,,,,,
Kent Ridge Road,S71,2019,2,16,,,,,,
Kent Ridge Road,S71,2019,2,17,,,,,,
Kent Ridge Road,S71,2019,2,18,,,,,,
Kent Ridge Road,S71,2019,2,19,,,,,,
Kent Ridge Road,S71,2019,2,20,,,,,,
Kent Ridge Road,S71,2019,2,21,,,,,,
Kent Ridge Road,S71,2019,2,22,,,,,,
Kent Ridge Road,S71,2019,2,23,,,,,,
Kent Ridge Road,S71,2019,2,24,,,,,,
Kent Ridge Road,S71,2019,2,25,,,,,,
Kent Ridge Road,S71,2019,2,26,,,,,,
Kent Ridge Road,S71,2019,2,27,,,,,,
Kent Ridge Road,S71,2019,2,28,,,,,,
Kent Ridge Road,S71,2019,3,1,0.0,,,,,
Kent Ridge Road,S71,2019,3,2,0.0,,,,,
Kent Ridge Road,S71,2019,3,3,0.0,,,,,
Kent Ridge Road,S71,2019,3,4,0.6,,,,,
Kent Ridge Road,S71,2019,3,5,0.0,,,,,
Kent Ridge Road,S71,2019,3,6,,,,,,
Kent Ridge Road,S71,2019,3,7,,,,,,
Kent Ridge Road,S71,2019,3,8,,,,,,
Kent Ridge Road,S71,2019,3,9,,,,,,
Kent Ridge Road,S71,2019,3,10,,,,,,
Kent Ridge Road,S71,2019,3,11,,,,,,
Kent Ridge Road,S71,2019,3,12,,,,,,
Kent Ridge Road,S71,2019,3,13,,,,,,
Kent Ridge Road,S71,2019,3,14,,,,,,
Kent Ridge Road,S71,2019,3,15,,,,,,
Kent Ridge Road,S71,2019,3,16,,,,,,
Kent Ridge Road,S71,2019,3,17,,,,,,
Kent Ridge Road,S71,2019,3,18,,,,,,
Kent Ridge Road,S71,2019,3,19,,,,,,
Kent Ridge Road,S71,2019,3,20,,,,,,
Kent Ridge Road,S71,2019,3,21,,,,,,
Kent Ridge Road,S71,2019,3,22,,,,,,
Kent Ridge Road,S71,2019,3,23,,,,,,
Kent Ridge Road,S71,2019,3,24,,,,,,
Kent Ridge Road,S71,2019,3,25,,,,,,
Kent Ridge Road,S71,2019,3,26,,,,,,
Kent Ridge Road,S71,2019,3,27,,,,,,
Kent Ridge Road,S71,2019,3,28,,,,,,
Kent Ridge Road,S71,2019,3,29,,,,,,
Kent Ridge Road,S71,2019,3,30,,,,,,
Kent Ridge Road,S71,2019,3,31,,,,,,
Kent Ridge Road,S71,2019,4,1,,,,,,
Kent Ridge Road,S71,2019,4,2,,,,,,
Kent Ridge Road,S71,2019,4,3,,,,,,
Kent Ridge Road,S71,2019,4,4,,,,,,
Kent Ridge Road,S71,2019,4,5,,,,,,
Kent Ridge Road,S71,2019,4,6,,,,,,
Kent Ridge Road,S71,2019,4,7,,,,,,
Kent Ridge Road,S71,2019,4,8,,,,,,
Kent Ridge Road,S71,2019,4,9,,,,,,
Kent Ridge Road,S71,2019,4,10,,,,,,
Kent Ridge Road,S71,2019,4,11,,,,,,
Kent Ridge Road,S71,2019,4,12,,,,,,
Kent Ridge Road,S71,2019,4,13,,,,,,
Kent Ridge Road,S71,2019,4,14,,,,,,
Kent Ridge Road,S71,2019,4,15,,,,,,
Kent Ridge Road,S71,2019,4,16,,,,,,
Kent Ridge Road,S71,2019,4,17,,,,,,
Kent Ridge Road,S71,2019,4,18,,,,,,
Kent Ridge Road,S71,2019,4,19,,,,,,
Kent Ridge Road,S71,2019,4,20,,,,,,
Kent Ridge Road,S71,2019,4,21,,,,,,
Kent Ridge Road,S71,2019,4,22,,,,,,
Kent Ridge Road,S71,2019,4,23,,,,,,
Kent Ridge Road,S71,2019,4,24,,,,,,
Kent Ridge Road,S71,2019,4,25,,,,,,
Kent Ridge Road,S71,2019,4,26,,,,,,
Kent Ridge Road,S71,2019,4,27,,,,,,
Kent Ridge Road,S71,2019,4,28,,,,,,
Kent Ridge Road,S71,2019,4,29,,,,,,
Kent Ridge Road,S71,2019,4,30,,,,,,
Kent Ridge Road,S71,2019,5,1,,,,,,
Kent Ridge Road,S71,2019,5,2,,,,,,
Kent Ridge Road,S71,2019,5,3,,,,,,
Kent Ridge Road,S71,2019,5,4,,,,,,
Kent Ridge Road,S71,2019,5,5,,,,,,
Kent Ridge Road,S71,2019,5,6,,,,,,
Kent Ridge Road,S71,2019,5,7,,,,,,
Kent Ridge Road,S71,2019,5,8,,,,,,
Kent Ridge Road,S71,2019,5,9,,,,,,
Kent Ridge Road,S71,2019,5,10,,,,,,
Kent Ridge Road,S71,2019,5,11,,,,,,
Kent Ridge Road,S71,2019,5,12,,,,,,
Kent Ridge Road,S71,2019,5,13,,,,,,
Kent Ridge Road,S71,2019,5,14,,,,,,
Kent Ridge Road,S71,2019,5,15,,,,,,
Kent Ridge Road,S71,2019,5,16,,,,,,
Kent Ridge Road,S71,2019,5,17,,,,,,
Kent Ridge Road,S71,2019,5,18,,,,,,
Kent Ridge Road,S71,2019,5,19,,,,,,
Kent Ridge Road,S71,2019,5,20,,,,,,
Kent Ridge Road,S71,2019,5,21,,,,,,
Kent Ridge Road,S71,2019,5,22,,,,,,
Kent Ridge Road,S71,2019,5,23,,,,,,
Kent Ridge Road,S71,2019,5,24,0.0,,,,,
Kent Ridge Road,S71,2019,5,25,0.0,,,,,
Kent Ridge Road,S71,2019,5,26,0.0,,,,,
Kent Ridge Road,S71,2019,5,27,0.0,,,,,
Kent Ridge Road,S71,2019,5,28,0.0,,,,,
Kent Ridge Road,S71,2019,5,29,0.0,,,,,
Kent Ridge Road,S71,2019,5,30,8.0,,,,,
Kent Ridge Road,S71,2019,5,31,0.0,,,,,
Kent Ridge Road,S71,2019,6,1,0.0,,,,,
Kent Ridge Road,S71,2019,6,2,44.4,,,,,
Kent Ridge Road,S71,2019,6,3,71.8,,,,,
Kent Ridge Road,S71,2019,6,4,0.0,,,,,
Kent Ridge Road,S71,2019,6,5,0.0,,,,,
Kent Ridge Road,S71,2019,6,6,9.2,,,,,
Kent Ridge Road,S71,2019,6,7,25.8,,,,,
Kent Ridge Road,S71,2019,6,8,1.0,,,,,
Kent Ridge Road,S71,2019,6,9,0.2,,,,,
Kent Ridge Road,S71,2019,6,10,0.0,,,,,
Kent Ridge Road,S71,2019,6,11,2.4,,,,,
Kent Ridge Road,S71,2019,6,12,11.8,,,,,
Kent Ridge Road,S71,2019,6,13,11.4,,,,,
Kent Ridge Road,S71,2019,6,14,0.2,,,,,
Kent Ridge Road,S71,2019,6,15,0.0,,,,,
Kent Ridge Road,S71,2019,6,16,0.0,,,,,
Kent Ridge Road,S71,2019,6,17,6.0,,,,,
Kent Ridge Road,S71,2019,6,18,7.0,,,,,
Kent Ridge Road,S71,2019,6,19,1.0,,,,,
Kent Ridge Road,S71,2019,6,20,0.0,,,,,
Kent Ridge Road,S71,2019,6,21,0.0,,,,,
Kent Ridge Road,S71,2019,6,22,4.0,,,,,
Kent Ridge Road,S71,2019,6,23,0.0,,,,,
Kent Ridge Road,S71,2019,6,24,0.0,,,,,
Kent Ridge Road,S71,2019,6,25,0.0,,,,,
Kent Ridge Road,S71,2019,6,26,13.8,,,,,
Kent Ridge Road,S71,2019,6,27,0.0,,,,,
Kent Ridge Road,S71,2019,6,28,0.0,,,,,
Kent Ridge Road,S71,2019,6,29,1.4,,,,,
Kent Ridge Road,S71,2019,6,30,0.0,,,,,
Kent Ridge Road,S71,2019,7,1,0.0,,,,,
Kent Ridge Road,S71,2019,7,2,0.0,,,,,
Kent Ridge Road,S71,2019,7,3,9.6,,,,,
Kent Ridge Road,S71,2019,7,4,0.0,,,,,
Kent Ridge Road,S71,2019,7,5,0.0,,,,,
Kent Ridge Road,S71,2019,7,6,0.0,,,,,
Kent Ridge Road,S71,2019,7,7,4.0,,,,,
Kent Ridge Road,S71,2019,7,8,7.8,,,,,
Kent Ridge Road,S71,2019,7,9,3.8,,,,,
Kent Ridge Road,S71,2019,7,10,0.0,,,,,
Kent Ridge Road,S71,2019,7,11,0.0,,,,,
Kent Ridge Road,S71,2019,7,12,0.0,,,,,
Kent Ridge Road,S71,2019,7,13,0.0,,,,,
Kent Ridge Road,S71,2019,7,14,0.0,,,,,
Kent Ridge Road,S71,2019,7,15,13.6,,,,,
Kent Ridge Road,S71,2019,7,16,0.0,,,,,
Kent Ridge Road,S71,2019,7,17,0.0,,,,,
Kent Ridge Road,S71,2019,7,18,0.0,,,,,
Kent Ridge Road,S71,2019,7,19,0.0,,,,,
Kent Ridge Road,S71,2019,7,20,0.0,,,,,
Kent Ridge Road,S71,2019,7,21,0.0,,,,,
Kent Ridge Road,S71,2019,7,22,0.0,,,,,
Kent Ridge Road,S71,2019,7,23,18.0,,,,,
Kent Ridge Road,S71,2019,7,24,3.4,,,,,
Kent Ridge Road,S71,2019,7,25,0.0,,,,,
Kent Ridge Road,S71,2019,7,26,0.0,,,,,
Kent Ridge Road,S71,2019,7,27,0.0,,,,,
Kent Ridge Road,S71,2019,7,28,0.0,,,,,
Kent Ridge Road,S71,2019,7,29,0.0,,,,,
Kent Ridge Road,S71,2019,7,30,0.0,,,,,
Kent Ridge Road,S71,2019,7,31,0.0,,,,,
Kent Ridge Road,S71,2019,8,1,0.0,,,,,
Kent Ridge Road,S71,2019,8,2,0.0,,,,,
Kent Ridge Road,S71,2019,8,3,0.0,,,,,
Kent Ridge Road,S71,2019,8,4,0.0,,,,,
Kent Ridge Road,S71,2019,8,5,0.0,,,,,
Kent Ridge Road,S71,2019,8,6,0.0,,,,,
Kent Ridge Road,S71,2019,8,7,0.0,,,,,
Kent Ridge Road,S71,2019,8,8,0.0,,,,,
Kent Ridge Road,S71,2019,8,9,0.0,,,,,
Kent Ridge Road,S71,2019,8,10,0.0,,,,,
Kent Ridge Road,S71,2019,8,11,0.0,,,,,
Kent Ridge Road,S71,2019,8,12,0.0,,,,,
Kent Ridge Road,S71,2019,8,13,0.0,,,,,
Kent Ridge Road,S71,2019,8,14,0.0,,,,,
Kent Ridge Road,S71,2019,8,15,0.0,,,,,
Kent Ridge Road,S71,2019,8,16,0.0,,,,,
Kent Ridge Road,S71,2019,8,17,4.4,,,,,
Kent Ridge Road,S71,2019,8,18,0.0,,,,,
Kent Ridge Road,S71,2019,8,19,0.0,,,,,
Kent Ridge Road,S71,2019,8,20,0.0,,,,,
Kent Ridge Road,S71,2019,8,21,0.0,,,,,
Kent Ridge Road,S71,2019,8,22,0.0,,,,,
Kent Ridge Road,S71,2019,8,23,0.0,,,,,
Kent Ridge Road,S71,2019,8,24,0.0,,,,,
Kent Ridge Road,S71,2019,8,25,0.0,,,,,
Kent Ridge Road,S71,2019,8,26,0.2,,,,,
Kent Ridge Road,S71,2019,8,27,1.0,,,,,
Kent Ridge Road,S71,2019,8,28,5.6,,,,,
Kent Ridge Road,S71,2019,8,29,0.0,,,,,
Kent Ridge Road,S71,2019,8,30,15.0,,,,,
Kent Ridge Road,S71,2019,8,31,0.0,,,,,
Kent Ridge Road,S71,2019,9,1,0.0,,,,,
Kent Ridge Road,S71,2019,9,2,0.0,,,,,
Kent Ridge Road,S71,2019,9,3,0.0,,,,,
Kent Ridge Road,S71,2019,9,4,30.0,,,,,
Kent Ridge Road,S71,2019,9,5,0.0,,,,,
Kent Ridge Road,S71,2019,9,6,0.0,,,,,
Kent Ridge Road,S71,2019,9,7,0.0,,,,,
Kent Ridge Road,S71,2019,9,8,0.0,,,,,
Kent Ridge Road,S71,2019,9,9,0.0,,,,,
Kent Ridge Road,S71,2019,9,10,0.0,,,,,
Kent Ridge Road,S71,2019,9,11,0.0,,,,,
Kent Ridge Road,S71,2019,9,12,0.0,,,,,
Kent Ridge Road,S71,2019,9,13,0.0,,,,,
Kent Ridge Road,S71,2019,9,14,0.0,,,,,
Kent Ridge Road,S71,2019,9,15,0.0,,,,,
Kent Ridge Road,S71,2019,9,16,0.0,,,,,
Kent Ridge Road,S71,2019,9,17,0.0,,,,,
Kent Ridge Road,S71,2019,9,18,0.0,,,,,
Kent Ridge Road,S71,2019,9,19,0.0,,,,,
Kent Ridge Road,S71,2019,9,20,0.0,,,,,
Kent Ridge Road,S71,2019,9,21,0.0,,,,,
Kent Ridge Road,S71,2019,9,22,0.0,,,,,
Kent Ridge Road,S71,2019,9,23,0.0,,,,,
Kent Ridge Road,S71,2019,9,24,0.4,,,,,
Kent Ridge Road,S71,2019,9,25,33.6,,,,,
Kent Ridge Road,S71,2019,9,26,0.0,,,,,
Kent Ridge Road,S71,2019,9,27,0.0,,,,,
Kent Ridge Road,S71,2019,9,28,0.0,,,,,
Kent Ridge Road,S71,2019,9,29,27.6,,,,,
Kent Ridge Road,S71,2019,9,30,48.2,,,,,
Kent Ridge Road,S71,2019,10,1,0.0,,,,,
Kent Ridge Road,S71,2019,10,2,1.4,,,,,
Kent Ridge Road,S71,2019,10,3,0.2,,,,,
Kent Ridge Road,S71,2019,10,4,2.8,,,,,
Kent Ridge Road,S71,2019,10,5,2.0,,,,,
Kent Ridge Road,S71,2019,10,6,0.0,,,,,
Kent Ridge Road,S71,2019,10,7,15.4,,,,,
Kent Ridge Road,S71,2019,10,8,0.0,,,,,
Kent Ridge Road,S71,2019,10,9,0.0,,,,,
Kent Ridge Road,S71,2019,10,10,0.0,,,,,
Kent Ridge Road,S71,2019,10,11,0.0,,,,,
Kent Ridge Road,S71,2019,10,12,2.0,,,,,
Kent Ridge Road,S71,2019,10,13,0.0,,,,,
Kent Ridge Road,S71,2019,10,14,0.0,,,,,
Kent Ridge Road,S71,2019,10,15,0.0,,,,,
Kent Ridge Road,S71,2019,10,16,0.0,,,,,
Kent Ridge Road,S71,2019,10,17,0.2,,,,,
Kent Ridge Road,S71,2019,10,18,0.8,,,,,
Kent Ridge Road,S71,2019,10,19,0.0,,,,,
Kent Ridge Road,S71,2019,10,20,0.2,,,,,
Kent Ridge Road,S71,2019,10,21,4.4,,,,,
Kent Ridge Road,S71,2019,10,22,19.8,,,,,
Kent Ridge Road,S71,2019,10,23,0.6,,,,,
Kent Ridge Road,S71,2019,10,24,0.6,,,,,
Kent Ridge Road,S71,2019,10,25,34.6,,,,,
Kent Ridge Road,S71,2019,10,26,19.4,,,,,
Kent Ridge Road,S71,2019,10,27,12.8,,,,,
Kent Ridge Road,S71,2019,10,28,2.6,,,,,
Kent Ridge Road,S71,2019,10,29,0.2,,,,,
Kent Ridge Road,S71,2019,10,30,0.2,,,,,
Kent Ridge Road,S71,2019,10,31,0.0,,,,,
Kent Ridge Road,S71,2019,11,1,0.0,,,,,
Kent Ridge Road,S71,2019,11,2,0.0,,,,,
Kent Ridge Road,S71,2019,11,3,8.2,,,,,
Kent Ridge Road,S71,2019,11,4,0.0,,,,,
Kent Ridge Road,S71,2019,11,5,47.4,,,,,
Kent Ridge Road,S71,2019,11,6,0.0,,,,,
Kent Ridge Road,S71,2019,11,7,0.0,,,,,
Kent Ridge Road,S71,2019,11,8,27.8,,,,,
Kent Ridge Road,S71,2019,11,9,0.0,,,,,
Kent Ridge Road,S71,2019,11,10,0.0,,,,,
Kent Ridge Road,S71,2019,11,11,0.0,,,,,
Kent Ridge Road,S71,2019,11,12,0.0,,,,,
Kent Ridge Road,S71,2019,11,13,0.0,,,,,
Kent Ridge Road,S71,2019,11,14,0.8,,,,,
Kent Ridge Road,S71,2019,11,15,0.0,,,,,
Kent Ridge Road,S71,2019,11,16,0.0,,,,,
Kent Ridge Road,S71,2019,11,17,0.0,,,,,
Kent Ridge Road,S71,2019,11,18,12.0,,,,,
Kent Ridge Road,S71,2019,11,19,12.0,,,,,
Kent Ridge Road,S71,2019,11,20,23.8,,,,,
Kent Ridge Road,S71,2019,11,21,0.2,,,,,
Kent Ridge Road,S71,2019,11,22,0.0,,,,,
Kent Ridge Road,S71,2019,11,23,1.0,,,,,
Kent Ridge Road,S71,2019,11,24,1.2,,,,,
Kent Ridge Road,S71,2019,11,25,0.6,,,,,
Kent Ridge Road,S71,2019,11,26,0.0,,,,,
Kent Ridge Road,S71,2019,11,27,0.4,,,,,
Kent Ridge Road,S71,2019,11,28,2.2,,,,,
Kent Ridge Road,S71,2019,11,29,72.2,,,,,
Kent Ridge Road,S71,2019,11,30,1.4,,,,,
Kent Ridge Road,S71,2019,12,1,16.4,,,,,
Kent Ridge Road,S71,2019,12,2,41.2,,,,,
Kent Ridge Road,S71,2019,12,3,0.0,,,,,
Kent Ridge Road,S71,2019,12,4,0.0,,,,,
Kent Ridge Road,S71,2019,12,5,0.0,,,,,
Kent Ridge Road,S71,2019,12,6,0.0,,,,,
Kent Ridge Road,S71,2019,12,7,0.0,,,,,
Kent Ridge Road,S71,2019,12,8,0.0,,,,,
Kent Ridge Road,S71,2019,12,9,13.6,,,,,
Kent Ridge Road,S71,2019,12,10,8.0,,,,,
Kent Ridge Road,S71,2019,12,11,,,,,,
Kent Ridge Road,S71,2019,12,12,,,,,,
Kent Ridge Road,S71,2019,12,13,,,,,,
Kent Ridge Road,S71,2019,12,14,,,,,,
Kent Ridge Road,S71,2019,12,15,,,,,,
Kent Ridge Road,S71,2019,12,16,2.0,,,,,
Kent Ridge Road,S71,2019,12,17,8.4,,,,,
Kent Ridge Road,S71,2019,12,18,3.8,,,,,
Kent Ridge Road,S71,2019,12,19,0.0,,,,,
Kent Ridge Road,S71,2019,12,20,0.0,,,,,
Kent Ridge Road,S71,2019,12,21,17.6,,,,,
Kent Ridge Road,S71,2019,12,22,0.0,,,,,
Kent Ridge Road,S71,2019,12,23,4.2,,,,,
Kent Ridge Road,S71,2019,12,24,0.0,,,,,
Kent Ridge Road,S71,2019,12,25,10.4,,,,,
Kent Ridge Road,S71,2019,12,26,0.0,,,,,
Kent Ridge Road,S71,2019,12,27,0.0,,,,,
Kent Ridge Road,S71,2019,12,28,0.0,,,,,
Kent Ridge Road,S71,2019,12,29,0.0,,,,,
Kent Ridge Road,S71,2019,12,30,0.0,,,,,
Kent Ridge Road,S71,2019,12,31,0.0,,,,,
Kent Ridge Road,S71,2020,1,1,0.0,,,,,
Kent Ridge Road,S71,2020,1,2,0.0,,,,,
Kent Ridge Road,S71,2020,1,3,0.0,,,,,
Kent Ridge Road,S71,2020,1,4,0.4,,,,,
Kent Ridge Road,S71,2020,1,5,0.0,,,,,
Kent Ridge Road,S71,2020,1,6,2.2,,,,,
Kent Ridge Road,S71,2020,1,7,3.4,,,,,
Kent Ridge Road,S71,2020,1,8,0.2,,,,,
Kent Ridge Road,S71,2020,1,9,0.0,,,,,
Kent Ridge Road,S71,2020,1,10,0.8,,,,,
Kent Ridge Road,S71,2020,1,11,0.0,,,,,
Kent Ridge Road,S71,2020,1,12,13.0,,,,,
Kent Ridge Road,S71,2020,1,13,5.2,,,,,
Kent Ridge Road,S71,2020,1,14,0.0,,,,,
Kent Ridge Road,S71,2020,1,15,0.0,,,,,
Kent Ridge Road,S71,2020,1,16,15.4,,,,,
Kent Ridge Road,S71,2020,1,17,0.0,,,,,
Kent Ridge Road,S71,2020,1,18,5.2,,,,,
Kent Ridge Road,S71,2020,1,19,0.0,,,,,
Kent Ridge Road,S71,2020,1,20,1.4,,,,,
Kent Ridge Road,S71,2020,1,21,8.4,,,,,
Kent Ridge Road,S71,2020,1,22,0.0,,,,,
Kent Ridge Road,S71,2020,1,23,0.0,,,,,
Kent Ridge Road,S71,2020,1,24,0.0,,,,,
Kent Ridge Road,S71,2020,1,25,0.0,,,,,
Kent Ridge Road,S71,2020,1,26,0.0,,,,,
Kent Ridge Road,S71,2020,1,27,15.2,,,,,
Kent Ridge Road,S71,2020,1,28,0.2,,,,,
Kent Ridge Road,S71,2020,1,29,126.8,,,,,
Kent Ridge Road,S71,2020,1,30,0.0,,,,,
Kent Ridge Road,S71,2020,1,31,0.2,,,,,
Kent Ridge Road,S71,2020,2,1,0.0,,,,,
Kent Ridge Road,S71,2020,2,2,0.0,,,,,
Kent Ridge Road,S71,2020,2,3,0.0,,,,,
Kent Ridge Road,S71,2020,2,4,0.0,,,,,
Kent Ridge Road,S71,2020,2,5,0.0,,,,,
Kent Ridge Road,S71,2020,2,6,0.0,,,,,
Kent Ridge Road,S71,2020,2,7,0.0,,,,,
Kent Ridge Road,S71,2020,2,8,0.0,,,,,
Kent Ridge Road,S71,2020,2,9,11.4,,,,,
Kent Ridge Road,S71,2020,2,10,4.6,,,,,
Kent Ridge Road,S71,2020,2,11,54.4,,,,,
Kent Ridge Road,S71,2020,2,12,0.0,,,,,
Kent Ridge Road,S71,2020,2,13,0.0,,,,,
Kent Ridge Road,S71,2020,2,14,0.0,,,,,
Kent Ridge Road,S71,2020,2,15,0.0,,,,,
Kent Ridge Road,S71,2020,2,16,0.8,,,,,
Kent Ridge Road,S71,2020,2,17,0.0,,,,,
Kent Ridge Road,S71,2020,2,18,0.0,,,,,
Kent Ridge Road,S71,2020,2,19,0.6,,,,,
Kent Ridge Road,S71,2020,2,20,0.4,,,,,
Kent Ridge Road,S71,2020,2,21,10.8,,,,,
Kent Ridge Road,S71,2020,2,22,3.2,,,,,
Kent Ridge Road,S71,2020,2,23,0.0,,,,,
Kent Ridge Road,S71,2020,2,24,1.0,,,,,
Kent Ridge Road,S71,2020,2,25,0.0,,,,,
Kent Ridge Road,S71,2020,2,26,0.0,,,,,
Kent Ridge Road,S71,2020,2,27,0.0,,,,,
Kent Ridge Road,S71,2020,2,28,0.0,,,,,
Kent Ridge Road,S71,2020,2,29,0.0,,,,,
Kent Ridge Road,S71,2020,3,1,0.0,,,,,
Kent Ridge Road,S71,2020,3,2,0.0,,,,,
Kent Ridge Road,S71,2020,3,3,0.0,,,,,
Kent Ridge Road,S71,2020,3,4,21.4,,,,,
Kent Ridge Road,S71,2020,3,5,0.2,,,,,
Kent Ridge Road,S71,2020,3,6,0.0,,,,,
Kent Ridge Road,S71,2020,3,7,22.0,,,,,
Kent Ridge Road,S71,2020,3,8,4.2,,,,,
Kent Ridge Road,S71,2020,3,9,0.0,,,,,
Kent Ridge Road,S71,2020,3,10,0.0,,,,,
Kent Ridge Road,S71,2020,3,11,2.4,,,,,
Kent Ridge Road,S71,2020,3,12,0.0,,,,,
Kent Ridge Road,S71,2020,3,13,0.0,,,,,
Kent Ridge Road,S71,2020,3,14,0.0,,,,,
Kent Ridge Road,S71,2020,3,15,0.0,,,,,
Kent Ridge Road,S71,2020,3,16,0.0,,,,,
Kent Ridge Road,S71,2020,3,17,0.0,,,,,
Kent Ridge Road,S71,2020,3,18,,,,,,
Kent Ridge Road,S71,2020,3,19,0.0,,,,,
Kent Ridge Road,S71,2020,3,20,0.0,,,,,
Kent Ridge Road,S71,2020,3,21,,,,,,
Kent Ridge Road,S71,2020,3,22,,,,,,
Kent Ridge Road,S71,2020,3,23,,,,,,
Kent Ridge Road,S71,2020,3,24,,,,,,
Kent Ridge Road,S71,2020,3,25,,,,,,
Kent Ridge Road,S71,2020,3,26,,,,,,
Kent Ridge Road,S71,2020,3,27,,,,,,
Kent Ridge Road,S71,2020,3,28,,,,,,
Kent Ridge Road,S71,2020,3,29,,,,,,
Kent Ridge Road,S71,2020,3,30,,,,,,
Kent Ridge Road,S71,2020,3,31,0.0,,,,,
Kent Ridge Road,S71,2020,4,1,3.0,,,,,
Kent Ridge Road,S71,2020,4,2,1.8,,,,,
Kent Ridge Road,S71,2020,4,3,58.6,,,,,
Kent Ridge Road,S71,2020,4,4,0.0,,,,,
Kent Ridge Road,S71,2020,4,5,35.0,,,,,
Kent Ridge Road,S71,2020,4,6,4.6,,,,,
Kent Ridge Road,S71,2020,4,7,36.2,,,,,
Kent Ridge Road,S71,2020,4,8,7.8,,,,,
Kent Ridge Road,S71,2020,4,9,0.0,,,,,
Kent Ridge Road,S71,2020,4,10,0.0,,,,,
Kent Ridge Road,S71,2020,4,11,0.0,,,,,
Kent Ridge Road,S71,2020,4,12,3.6,,,,,
Kent Ridge Road,S71,2020,4,13,50.8,,,,,
Kent Ridge Road,S71,2020,4,14,0.0,,,,,
Kent Ridge Road,S71,2020,4,15,0.0,,,,,
Kent Ridge Road,S71,2020,4,16,0.0,,,,,
Kent Ridge Road,S71,2020,4,17,0.0,,,,,
Kent Ridge Road,S71,2020,4,18,0.0,,,,,
Kent Ridge Road,S71,2020,4,19,0.0,,,,,
Kent Ridge Road,S71,2020,4,20,0.0,,,,,
Kent Ridge Road,S71,2020,4,21,0.2,,,,,
Kent Ridge Road,S71,2020,4,22,0.4,,,,,
Kent Ridge Road,S71,2020,4,23,6.4,,,,,
Kent Ridge Road,S71,2020,4,24,39.6,,,,,
Kent Ridge Road,S71,2020,4,25,8.6,,,,,
Kent Ridge Road,S71,2020,4,26,0.2,,,,,
Kent Ridge Road,S71,2020,4,27,11.8,,,,,
Kent Ridge Road,S71,2020,4,28,0.0,,,,,
Kent Ridge Road,S71,2020,4,29,19.8,,,,,
Kent Ridge Road,S71,2020,4,30,33.8,,,,,
Kent Ridge Road,S71,2020,5,1,16.2,,,,,
Kent Ridge Road,S71,2020,5,2,0.0,,,,,
Kent Ridge Road,S71,2020,5,3,2.4,,,,,
Kent Ridge Road,S71,2020,5,4,23.4,,,,,
Kent Ridge Road,S71,2020,5,5,0.0,,,,,
Kent Ridge Road,S71,2020,5,6,14.2,,,,,
Kent Ridge Road,S71,2020,5,7,0.0,,,,,
Kent Ridge Road,S71,2020,5,8,36.4,,,,,
Kent Ridge Road,S71,2020,5,9,0.0,,,,,
Kent Ridge Road,S71,2020,5,10,4.0,,,,,
Kent Ridge Road,S71,2020,5,11,2.0,,,,,
Kent Ridge Road,S71,2020,5,12,1.2,,,,,
Kent Ridge Road,S71,2020,5,13,40.6,,,,,
Kent Ridge Road,S71,2020,5,14,0.0,,,,,
Kent Ridge Road,S71,2020,5,15,0.0,,,,,
Kent Ridge Road,S71,2020,5,16,0.0,,,,,
Kent Ridge Road,S71,2020,5,17,64.6,,,,,
Kent Ridge Road,S71,2020,5,18,1.4,,,,,
Kent Ridge Road,S71,2020,5,19,0.0,,,,,
Kent Ridge Road,S71,2020,5,20,24.6,,,,,
Kent Ridge Road,S71,2020,5,21,0.0,,,,,
Kent Ridge Road,S71,2020,5,22,57.8,,,,,
Kent Ridge Road,S71,2020,5,23,1.0,,,,,
Kent Ridge Road,S71,2020,5,24,0.0,,,,,
Kent Ridge Road,S71,2020,5,25,0.0,,,,,
Kent Ridge Road,S71,2020,5,26,1.0,,,,,
Kent Ridge Road,S71,2020,5,27,6.6,,,,,
Kent Ridge Road,S71,2020,5,28,2.0,,,,,
Kent Ridge Road,S71,2020,5,29,2.2,,,,,
Kent Ridge Road,S71,2020,5,30,0.0,,,,,
Kent Ridge Road,S71,2020,5,31,0.0,,,,,
Kent Ridge Road,S71,2020,6,1,1.2,,,,,
Kent Ridge Road,S71,2020,6,2,0.0,,,,,
Kent Ridge Road,S71,2020,6,3,0.0,,,,,
Kent Ridge Road,S71,2020,6,4,14.2,,,,,
Kent Ridge Road,S71,2020,6,5,1.0,,,,,
Kent Ridge Road,S71,2020,6,6,6.0,,,,,
Kent Ridge Road,S71,2020,6,7,0.0,,,,,
Kent Ridge Road,S71,2020,6,8,11.2,,,,,
Kent Ridge Road,S71,2020,6,9,0.0,,,,,
Kent Ridge Road,S71,2020,6,10,0.6,,,,,
Kent Ridge Road,S71,2020,6,11,5.8,,,,,
Kent Ridge Road,S71,2020,6,12,2.2,,,,,
Kent Ridge Road,S71,2020,6,13,45.2,,,,,
Kent Ridge Road,S71,2020,6,14,0.0,,,,,
Kent Ridge Road,S71,2020,6,15,1.4,,,,,
Kent Ridge Road,S71,2020,6,16,3.8,,,,,
Kent Ridge Road,S71,2020,6,17,24.8,,,,,
Kent Ridge Road,S71,2020,6,18,23.0,,,,,
Kent Ridge Road,S71,2020,6,19,5.6,,,,,
Kent Ridge Road,S71,2020,6,20,51.4,,,,,
Kent Ridge Road,S71,2020,6,21,,,,,,
Kent Ridge Road,S71,2020,6,22,,,,,,
Kent Ridge Road,S71,2020,6,23,,,,,,
Kent Ridge Road,S71,2020,6,24,,,,,,
Kent Ridge Road,S71,2020,6,25,0.0,,,,,
Kent Ridge Road,S71,2020,6,26,0.0,,,,,
Kent Ridge Road,S71,2020,6,27,0.0,,,,,
Kent Ridge Road,S71,2020,6,28,13.8,,,,,
Kent Ridge Road,S71,2020,6,29,0.2,,,,,
Kent Ridge Road,S71,2020,6,30,0.0,,,,,
Kent Ridge Road,S71,2020,7,1,0.0,,,,,
Kent Ridge Road,S71,2020,7,2,0.0,,,,,
Kent Ridge Road,S71,2020,7,3,0.0,,,,,
Kent Ridge Road,S71,2020,7,4,3.2,,,,,
Kent Ridge Road,S71,2020,7,5,3.4,,,,,
Kent Ridge Road,S71,2020,7,6,0.2,,,,,
Kent Ridge Road,S71,2020,7,7,1.0,,,,,
Kent Ridge Road,S71,2020,7,8,21.8,,,,,
Kent Ridge Road,S71,2020,7,9,120.6,,,,,
Kent Ridge Road,S71,2020,7,10,0.0,,,,,
Kent Ridge Road,S71,2020,7,11,0.8,,,,,
Kent Ridge Road,S71,2020,7,12,3.2,,,,,
Kent Ridge Road,S71,2020,7,13,39.6,,,,,
Kent Ridge Road,S71,2020,7,14,0.0,,,,,
Kent Ridge Road,S71,2020,7,15,0.4,,,,,
Kent Ridge Road,S71,2020,7,16,0.0,,,,,
Kent Ridge Road,S71,2020,7,17,0.0,,,,,
Kent Ridge Road,S71,2020,7,18,3.0,,,,,
Kent Ridge Road,S71,2020,7,19,0.0,,,,,
Kent Ridge Road,S71,2020,7,20,0.0,,,,,
Kent Ridge Road,S71,2020,7,21,0.0,,,,,
Kent Ridge Road,S71,2020,7,22,0.0,,,,,
Kent Ridge Road,S71,2020,7,23,2.0,,,,,
Kent Ridge Road,S71,2020,7,24,1.0,,,,,
Kent Ridge Road,S71,2020,7,25,29.4,,,,,
Kent Ridge Road,S71,2020,7,26,3.4,,,,,
Kent Ridge Road,S71,2020,7,27,15.0,,,,,
Kent Ridge Road,S71,2020,7,28,0.4,,,,,
Kent Ridge Road,S71,2020,7,29,13.0,,,,,
Kent Ridge Road,S71,2020,7,30,0.2,,,,,
Kent Ridge Road,S71,2020,7,31,1.0,,,,,
Kent Ridge Road,S71,2020,8,1,0.6,,,,,
Kent Ridge Road,S71,2020,8,2,0.0,,,,,
Kent Ridge Road,S71,2020,8,3,0.0,,,,,
Kent Ridge Road,S71,2020,8,4,19.2,,,,,
Kent Ridge Road,S71,2020,8,5,0.0,,,,,
Kent Ridge Road,S71,2020,8,6,0.0,,,,,
Kent Ridge Road,S71,2020,8,7,0.0,,,,,
Kent Ridge Road,S71,2020,8,8,0.0,,,,,
Kent Ridge Road,S71,2020,8,9,0.0,,,,,
Kent Ridge Road,S71,2020,8,10,0.0,,,,,
Kent Ridge Road,S71,2020,8,11,0.0,,,,,
Kent Ridge Road,S71,2020,8,12,5.8,,,,,
Kent Ridge Road,S71,2020,8,13,10.6,,,,,
Kent Ridge Road,S71,2020,8,14,23.6,,,,,
Kent Ridge Road,S71,2020,8,15,0.4,,,,,
Kent Ridge Road,S71,2020,8,16,0.0,,,,,
Kent Ridge Road,S71,2020,8,17,95.8,,,,,
Kent Ridge Road,S71,2020,8,18,1.0,,,,,
Kent Ridge Road,S71,2020,8,19,0.4,,,,,
Kent Ridge Road,S71,2020,8,20,0.2,,,,,
Kent Ridge Road,S71,2020,8,21,0.0,,,,,
Kent Ridge Road,S71,2020,8,22,2.4,,,,,
Kent Ridge Road,S71,2020,8,23,,,,,,
Kent Ridge Road,S71,2020,8,24,0.0,,,,,
Kent Ridge Road,S71,2020,8,25,0.6,,,,,
Kent Ridge Road,S71,2020,8,26,6.8,,,,,
Kent Ridge Road,S71,2020,8,27,0.0,,,,,
Kent Ridge Road,S71,2020,8,28,1.2,,,,,
Kent Ridge Road,S71,2020,8,29,,,,,,
Kent Ridge Road,S71,2020,8,30,0.0,,,,,
Kent Ridge Road,S71,2020,8,31,0.0,,,,,
Kent Ridge Road,S71,2020,9,1,8.2,,,,,
Kent Ridge Road,S71,2020,9,2,0.0,,,,,
Kent Ridge Road,S71,2020,9,3,49.6,,,,,
Kent Ridge Road,S71,2020,9,4,14.6,,,,,
Kent Ridge Road,S71,2020,9,5,22.2,,,,,
Kent Ridge Road,S71,2020,9,6,2.4,,,,,
Kent Ridge Road,S71,2020,9,7,0.0,,,,,
Kent Ridge Road,S71,2020,9,8,0.4,,,,,
Kent Ridge Road,S71,2020,9,9,0.0,,,,,
Kent Ridge Road,S71,2020,9,10,40.2,,,,,
Kent Ridge Road,S71,2020,9,11,49.4,,,,,
Kent Ridge Road,S71,2020,9,12,18.6,,,,,
Kent Ridge Road,S71,2020,9,13,29.6,,,,,
Kent Ridge Road,S71,2020,9,14,25.8,,,,,
Kent Ridge Road,S71,2020,9,15,0.0,,,,,
Kent Ridge Road,S71,2020,9,16,23.2,,,,,
Kent Ridge Road,S71,2020,9,17,1.2,,,,,
Kent Ridge Road,S71,2020,9,18,0.0,,,,,
Kent Ridge Road,S71,2020,9,19,13.4,,,,,
Kent Ridge Road,S71,2020,9,20,0.2,,,,,
Kent Ridge Road,S71,2020,9,21,2.8,,,,,
Kent Ridge Road,S71,2020,9,22,0.0,,,,,
Kent Ridge Road,S71,2020,9,23,0.0,,,,,
Kent Ridge Road,S71,2020,9,24,5.2,,,,,
Kent Ridge Road,S71,2020,9,25,34.2,,,,,
Kent Ridge Road,S71,2020,9,26,47.4,,,,,
Kent Ridge Road,S71,2020,9,27,5.8,,,,,
Kent Ridge Road,S71,2020,9,28,0.0,,,,,
Kent Ridge Road,S71,2020,9,29,18.4,,,,,
Kent Ridge Road,S71,2020,9,30,4.2,,,,,
Kent Ridge Road,S71,2020,10,1,7.6,,,,,
Kent Ridge Road,S71,2020,10,2,8.4,,,,,
Kent Ridge Road,S71,2020,10,3,4.0,,,,,
Kent Ridge Road,S71,2020,10,4,0.0,,,,,
Kent Ridge Road,S71,2020,10,5,0.0,,,,,
Kent Ridge Road,S71,2020,10,6,0.0,,,,,
Kent Ridge Road,S71,2020,10,7,4.4,,,,,
Kent Ridge Road,S71,2020,10,8,26.4,,,,,
Kent Ridge Road,S71,2020,10,9,0.0,,,,,
Kent Ridge Road,S71,2020,10,10,14.4,,,,,
Kent Ridge Road,S71,2020,10,11,3.4,,,,,
Kent Ridge Road,S71,2020,10,12,0.0,,,,,
Kent Ridge Road,S71,2020,10,13,0.0,,,,,
Kent Ridge Road,S71,2020,10,14,5.6,,,,,
Kent Ridge Road,S71,2020,10,15,4.0,,,,,
Kent Ridge Road,S71,2020,10,16,0.6,,,,,
Kent Ridge Road,S71,2020,10,17,0.0,,,,,
Kent Ridge Road,S71,2020,10,18,6.4,,,,,
Kent Ridge Road,S71,2020,10,19,0.2,,,,,
Kent Ridge Road,S71,2020,10,20,0.8,,,,,
Kent Ridge Road,S71,2020,10,21,0.8,,,,,
Kent Ridge Road,S71,2020,10,22,10.8,,,,,
Kent Ridge Road,S71,2020,10,23,0.0,,,,,
Kent Ridge Road,S71,2020,10,24,17.2,,,,,
Kent Ridge Road,S71,2020,10,25,1.4,,,,,
Kent Ridge Road,S71,2020,10,26,3.6,,,,,
Kent Ridge Road,S71,2020,10,27,0.0,,,,,
Kent Ridge Road,S71,2020,10,28,8.0,,,,,
Kent Ridge Road,S71,2020,10,29,0.0,,,,,
Kent Ridge Road,S71,2020,10,30,0.0,,,,,
Kent Ridge Road,S71,2020,10,31,63.8,,,,,
Kent Ridge Road,S71,2020,11,1,0.0,,,,,
Kent Ridge Road,S71,2020,11,2,0.2,,,,,
Kent Ridge Road,S71,2020,11,3,0.0,,,,,
Kent Ridge Road,S71,2020,11,4,50.0,,,,,
Kent Ridge Road,S71,2020,11,5,0.0,,,,,
Kent Ridge Road,S71,2020,11,6,0.0,,,,,
Kent Ridge Road,S71,2020,11,7,10.4,,,,,
Kent Ridge Road,S71,2020,11,8,6.6,,,,,
Kent Ridge Road,S71,2020,11,9,0.0,,,,,
Kent Ridge Road,S71,2020,11,10,1.8,,,,,
Kent Ridge Road,S71,2020,11,11,0.0,,,,,
Kent Ridge Road,S71,2020,11,12,0.0,,,,,
Kent Ridge Road,S71,2020,11,13,9.6,,,,,
Kent Ridge Road,S71,2020,11,14,10.2,,,,,
Kent Ridge Road,S71,2020,11,15,18.0,,,,,
Kent Ridge Road,S71,2020,11,16,7.2,,,,,
Kent Ridge Road,S71,2020,11,17,0.0,,,,,
Kent Ridge Road,S71,2020,11,18,0.0,,,,,
Kent Ridge Road,S71,2020,11,19,3.0,,,,,
Kent Ridge Road,S71,2020,11,20,20.4,,,,,
Kent Ridge Road,S71,2020,11,21,62.0,,,,,
Kent Ridge Road,S71,2020,11,22,23.0,,,,,
Kent Ridge Road,S71,2020,11,23,28.4,,,,,
Kent Ridge Road,S71,2020,11,24,0.6,,,,,
Kent Ridge Road,S71,2020,11,25,7.0,,,,,
Kent Ridge Road,S71,2020,11,26,2.2,,,,,
Kent Ridge Road,S71,2020,11,27,0.4,,,,,
Kent Ridge Road,S71,2020,11,28,1.2,,,,,
Kent Ridge Road,S71,2020,11,29,0.0,,,,,
Kent Ridge Road,S71,2020,11,30,0.8,,,,,
