station,station_id,year,month,day,rainfall_mm,temp_mean_c,temp_max_c,temp_min_c,wind_mean_kmh,wind_max_kmh
Alexandra Road,S77,2013,1,1,1.6,,,,,
Alexandra Road,S77,2013,1,2,0.4,,,,,
Alexandra Road,S77,2013,1,3,3.4,,,,,
Alexandra Road,S77,2013,1,4,12.4,,,,,
Alexandra Road,S77,2013,1,5,0.0,,,,,
Alexandra Road,S77,2013,1,6,0.0,,,,,
Alexandra Road,S77,2013,1,7,0.0,,,,,
Alexandra Road,S77,2013,1,8,11.6,,,,,
Alexandra Road,S77,2013,1,9,2.6,,,,,
Alexandra Road,S77,2013,1,10,0.2,,,,,
Alexandra Road,S77,2013,1,11,16.8,,,,,
Alexandra Road,S77,2013,1,12,37.2,,,,,
Alexandra Road,S77,2013,1,13,0.0,,,,,
Alexandra Road,S77,2013,1,14,3.8,,,,,
Alexandra Road,S77,2013,1,15,1.2,,,,,
Alexandra Road,S77,2013,1,16,1.2,,,,,
Alexandra Road,S77,2013,1,17,0.0,,,,,
Alexandra Road,S77,2013,1,18,51.4,,,,,
Alexandra Road,S77,2013,1,19,25.8,,,,,
Alexandra Road,S77,2013,1,20,2.0,,,,,
Alexandra Road,S77,2013,1,21,1.4,,,,,
Alexandra Road,S77,2013,1,22,0.8,,,,,
Alexandra Road,S77,2013,1,23,0.0,,,,,
Alexandra Road,S77,2013,1,24,0.6,,,,,
Alexandra Road,S77,2013,1,25,0.0,,,,,
Alexandra Road,S77,2013,1,26,0.0,,,,,
Alexandra Road,S77,2013,1,27,0.0,,,,,
Alexandra Road,S77,2013,1,28,0.0,,,,,
Alexandra Road,S77,2013,1,29,0.0,,,,,
Alexandra Road,S77,2013,1,30,0.0,,,,,
Alexandra Road,S77,2013,1,31,0.0,,,,,
Alexandra Road,S77,2013,2,1,0.0,,,,,
Alexandra Road,S77,2013,2,2,0.0,,,,,
Alexandra Road,S77,2013,2,3,55.4,,,,,
Alexandra Road,S77,2013,2,4,1.0,,,,,
Alexandra Road,S77,2013,2,5,39.4,,,,,
Alexandra Road,S77,2013,2,6,59.6,,,,,
Alexandra Road,S77,2013,2,7,55.2,,,,,
Alexandra Road,S77,2013,2,8,48.0,,,,,
Alexandra Road,S77,2013,2,9,28.4,,,,,
Alexandra Road,S77,2013,2,10,15.8,,,,,
Alexandra Road,S77,2013,2,11,0.4,,,,,
Alexandra Road,S77,2013,2,12,10.4,,,,,
Alexandra Road,S77,2013,2,13,0.2,,,,,
Alexandra Road,S77,2013,2,14,38.6,,,,,
Alexandra Road,S77,2013,2,15,12.2,,,,,
Alexandra Road,S77,2013,2,16,2.8,,,,,
Alexandra Road,S77,2013,2,17,0.0,,,,,
Alexandra Road,S77,2013,2,18,2.4,,,,,
Alexandra Road,S77,2013,2,19,2.8,,,,,
Alexandra Road,S77,2013,2,20,0.0,,,,,
Alexandra Road,S77,2013,2,21,19.0,,,,,
Alexandra Road,S77,2013,2,22,0.2,,,,,
Alexandra Road,S77,2013,2,23,0.0,,,,,
Alexandra Road,S77,2013,2,24,0.0,,,,,
Alexandra Road,S77,2013,2,25,5.4,,,,,
Alexandra Road,S77,2013,2,26,12.0,,,,,
Alexandra Road,S77,2013,2,27,0.0,,,,,
Alexandra Road,S77,2013,2,28,0.0,,,,,
Alexandra Road,S77,2013,3,1,0.0,,,,,
Alexandra Road,S77,2013,3,2,17.8,,,,,
Alexandra Road,S77,2013,3,3,0.0,,,,,
Alexandra Road,S77,2013,3,4,0.6,,,,,
Alexandra Road,S77,2013,3,5,1.0,,,,,
Alexandra Road,S77,2013,3,6,0.0,,,,,
Alexandra Road,S77,2013,3,7,0.4,,,,,
Alexandra Road,S77,2013,3,8,0.0,,,,,
Alexandra Road,S77,2013,3,9,13.2,,,,,
Alexandra Road,S77,2013,3,10,3.6,,,,,
Alexandra Road,S77,2013,3,11,0.0,,,,,
Alexandra Road,S77,2013,3,12,0.0,,,,,
Alexandra Road,S77,2013,3,13,1.2,,,,,
Alexandra Road,S77,2013,3,14,48.0,,,,,
Alexandra Road,S77,2013,3,15,0.0,,,,,
Alexandra Road,S77,2013,3,16,0.0,,,,,
Alexandra Road,S77,2013,3,17,4.4,,,,,
Alexandra Road,S77,2013,3,18,0.0,,,,,
Alexandra Road,S77,2013,3,19,9.2,,,,,
Alexandra Road,S77,2013,3,20,0.0,,,,,
Alexandra Road,S77,2013,3,21,0.0,,,,,
Alexandra Road,S77,2013,3,22,1.2,,,,,
Alexandra Road,S77,2013,3,23,0.0,,,,,
Alexandra Road,S77,2013,3,24,0.0,,,,,
Alexandra Road,S77,2013,3,25,13.8,,,,,
Alexandra Road,S77,2013,3,26,0.8,,,,,
Alexandra Road,S77,2013,3,27,0.0,,,,,
Alexandra Road,S77,2013,3,28,0.0,,,,,
Alexandra Road,S77,2013,3,29,32.4,,,,,
Alexandra Road,S77,2013,3,30,0.0,,,,,
Alexandra Road,S77,2013,3,31,19.8,,,,,
Alexandra Road,S77,2013,4,1,0.0,,,,,
Alexandra Road,S77,2013,4,2,2.4,,,,,
Alexandra Road,S77,2013,4,3,3.4,,,,,
Alexandra Road,S77,2013,4,4,3.8,,,,,
Alexandra Road,S77,2013,4,5,0.0,,,,,
Alexandra Road,S77,2013,4,6,25.6,,,,,
Alexandra Road,S77,2013,4,7,0.0,,,,,
Alexandra Road,S77,2013,4,8,11.4,,,,,
Alexandra Road,S77,2013,4,9,11.0,,,,,
Alexandra Road,S77,2013,4,10,0.2,,,,,
Alexandra Road,S77,2013,4,11,0.0,,,,,
Alexandra Road,S77,2013,4,12,0.0,,,,,
Alexandra Road,S77,2013,4,13,28.8,,,,,
Alexandra Road,S77,2013,4,14,0.4,,,,,
Alexandra Road,S77,2013,4,15,0.0,,,,,
Alexandra Road,S77,2013,4,16,78.0,,,,,
Alexandra Road,S77,2013,4,17,0.2,,,,,
Alexandra Road,S77,2013,4,18,1.8,,,,,
Alexandra Road,S77,2013,4,19,16.8,,,,,
Alexandra Road,S77,2013,4,20,0.0,,,,,
Alexandra Road,S77,2013,4,21,27.0,,,,,
Alexandra Road,S77,2013,4,22,0.0,,,,,
Alexandra Road,S77,2013,4,23,12.4,,,,,
Alexandra Road,S77,2013,4,24,0.0,,,,,
Alexandra Road,S77,2013,4,25,17.0,,,,,
Alexandra Road,S77,2013,4,26,0.8,,,,,
Alexandra Road,S77,2013,4,27,1.6,,,,,
Alexandra Road,S77,2013,4,28,4.8,,,,,
Alexandra Road,S77,2013,4,29,0.0,,,,,
Alexandra Road,S77,2013,4,30,0.0,,,,,
Alexandra Road,S77,2013,5,1,0.6,,,,,
Alexandra Road,S77,2013,5,2,0.6,,,,,
Alexandra Road,S77,2013,5,3,0.4,,,,,
Alexandra Road,S77,2013,5,4,0.2,,,,,
Alexandra Road,S77,2013,5,5,0.0,,,,,
Alexandra Road,S77,2013,5,6,0.0,,,,,
Alexandra Road,S77,2013,5,7,21.6,,,,,
Alexandra Road,S77,2013,5,8,0.0,,,,,
Alexandra Road,S77,2013,5,9,0.4,,,,,
Alexandra Road,S77,2013,5,10,9.0,,,,,
Alexandra Road,S77,2013,5,11,0.0,,,,,
Alexandra Road,S77,2013,5,12,0.0,,,,,
Alexandra Road,S77,2013,5,13,0.0,,,,,
Alexandra Road,S77,2013,5,14,0.0,,,,,
Alexandra Road,S77,2013,5,15,30.8,,,,,
Alexandra Road,S77,2013,5,16,4.6,,,,,
Alexandra Road,S77,2013,5,17,0.0,,,,,
Alexandra Road,S77,2013,5,18,0.0,,,,,
Alexandra Road,S77,2013,5,19,0.0,,,,,
Alexandra Road,S77,2013,5,20,0.0,,,,,
Alexandra Road,S77,2013,5,21,0.0,,,,,
Alexandra Road,S77,2013,5,22,5.2,,,,,
Alexandra Road,S77,2013,5,23,0.0,,,,,
Alexandra Road,S77,2013,5,24,0.6,,,,,
Alexandra Road,S77,2013,5,25,0.0,,,,,
Alexandra Road,S77,2013,5,26,8.6,,,,,
Alexandra Road,S77,2013,5,27,0.0,,,,,
Alexandra Road,S77,2013,5,28,0.0,,,,,
Alexandra Road,S77,2013,5,29,0.6,,,,,
Alexandra Road,S77,2013,5,30,0.0,,,,,
Alexandra Road,S77,2013,5,31,1.4,,,,,
Alexandra Road,S77,2013,6,1,1.6,,,,,
Alexandra Road,S77,2013,6,2,0.4,,,,,
Alexandra Road,S77,2013,6,3,0.0,,,,,
Alexandra Road,S77,2013,6,4,2.0,,,,,
Alexandra Road,S77,2013,6,5,14.6,,,,,
Alexandra Road,S77,2013,6,6,7.0,,,,,
Alexandra Road,S77,2013,6,7,2.2,,,,,
Alexandra Road,S77,2013,6,8,22.4,,,,,
Alexandra Road,S77,2013,6,9,28.0,,,,,
Alexandra Road,S77,2013,6,10,2.8,,,,,
Alexandra Road,S77,2013,6,11,0.0,,,,,
Alexandra Road,S77,2013,6,12,0.0,,,,,
Alexandra Road,S77,2013,6,13,0.0,,,,,
Alexandra Road,S77,2013,6,14,0.0,,,,,
Alexandra Road,S77,2013,6,15,0.0,,,,,
Alexandra Road,S77,2013,6,16,13.6,,,,,
Alexandra Road,S77,2013,6,17,0.0,,,,,
Alexandra Road,S77,2013,6,18,0.0,,,,,
Alexandra Road,S77,2013,6,19,0.0,,,,,
Alexandra Road,S77,2013,6,20,0.0,,,,,
Alexandra Road,S77,2013,6,21,0.0,,,,,
Alexandra Road,S77,2013,6,22,0.0,,,,,
Alexandra Road,S77,2013,6,23,0.0,,,,,
Alexandra Road,S77,2013,6,24,0.0,,,,,
Alexandra Road,S77,2013,6,25,0.6,,,,,
Alexandra Road,S77,2013,6,26,12.6,,,,,
Alexandra Road,S77,2013,6,27,0.0,,,,,
Alexandra Road,S77,2013,6,28,1.0,,,,,
Alexandra Road,S77,2013,6,29,0.0,,,,,
Alexandra Road,S77,2013,6,30,0.4,,,,,
Alexandra Road,S77,2013,7,1,0.0,,,,,
Alexandra Road,S77,2013,7,2,8.8,,,,,
Alexandra Road,S77,2013,7,3,0.0,,,,,
Alexandra Road,S77,2013,7,4,6.8,,,,,
Alexandra Road,S77,2013,7,5,0.2,,,,,
Alexandra Road,S77,2013,7,6,0.0,,,,,
Alexandra Road,S77,2013,7,7,0.0,,,,,
Alexandra Road,S77,2013,7,8,22.8,,,,,
Alexandra Road,S77,2013,7,9,29.8,,,,,
Alexandra Road,S77,2013,7,10,0.0,,,,,
Alexandra Road,S77,2013,7,11,1.6,,,,,
Alexandra Road,S77,2013,7,12,0.0,,,,,
Alexandra Road,S77,2013,7,13,2.2,,,,,
Alexandra Road,S77,2013,7,14,9.8,,,,,
Alexandra Road,S77,2013,7,15,0.0,,,,,
Alexandra Road,S77,2013,7,16,0.0,,,,,
Alexandra Road,S77,2013,7,17,2.6,,,,,
Alexandra Road,S77,2013,7,18,0.8,,,,,
Alexandra Road,S77,2013,7,19,0.0,,,,,
Alexandra Road,S77,2013,7,20,0.0,,,,,
Alexandra Road,S77,2013,7,21,0.0,,,,,
Alexandra Road,S77,2013,7,22,0.0,,,,,
Alexandra Road,S77,2013,7,23,0.0,,,,,
Alexandra Road,S77,2013,7,24,6.8,,,,,
Alexandra Road,S77,2013,7,25,0.0,,,,,
Alexandra Road,S77,2013,7,26,0.0,,,,,
Alexandra Road,S77,2013,7,27,3.8,,,,,
Alexandra Road,S77,2013,7,28,0.0,,,,,
Alexandra Road,S77,2013,7,29,0.0,,,,,
Alexandra Road,S77,2013,7,30,0.0,,,,,
Alexandra Road,S77,2013,7,31,5.6,,,,,
Alexandra Road,S77,2013,8,1,4.4,,,,,
Alexandra Road,S77,2013,8,2,0.0,,,,,
Alexandra Road,S77,2013,8,3,0.0,,,,,
Alexandra Road,S77,2013,8,4,5.6,,,,,
Alexandra Road,S77,2013,8,5,17.4,,,,,
Alexandra Road,S77,2013,8,6,3.0,,,,,
Alexandra Road,S77,2013,8,7,0.6,,,,,
Alexandra Road,S77,2013,8,8,0.2,,,,,
Alexandra Road,S77,2013,8,9,1.8,,,,,
Alexandra Road,S77,2013,8,10,46.2,,,,,
Alexandra Road,S77,2013,8,11,10.8,,,,,
Alexandra Road,S77,2013,8,12,17.0,,,,,
Alexandra Road,S77,2013,8,13,1.4,,,,,
Alexandra Road,S77,2013,8,14,6.8,,,,,
Alexandra Road,S77,2013,8,15,0.0,,,,,
Alexandra Road,S77,2013,8,16,0.0,,,,,
Alexandra Road,S77,2013,8,17,2.6,,,,,
Alexandra Road,S77,2013,8,18,0.0,,,,,
Alexandra Road,S77,2013,8,19,0.2,,,,,
Alexandra Road,S77,2013,8,20,0.0,,,,,
Alexandra Road,S77,2013,8,21,0.0,,,,,
Alexandra Road,S77,2013,8,22,0.0,,,,,
Alexandra Road,S77,2013,8,23,0.0,,,,,
Alexandra Road,S77,2013,8,24,0.0,,,,,
Alexandra Road,S77,2013,8,25,0.0,,,,,
Alexandra Road,S77,2013,8,26,28.8,,,,,
Alexandra Road,S77,2013,8,27,0.0,,,,,
Alexandra Road,S77,2013,8,28,0.0,,,,,
Alexandra Road,S77,2013,8,29,1.4,,,,,
Alexandra Road,S77,2013,8,30,0.0,,,,,
Alexandra Road,S77,2013,8,31,0.0,,,,,
Alexandra Road,S77,2013,9,1,3.4,,,,,
Alexandra Road,S77,2013,9,2,5.8,,,,,
Alexandra Road,S77,2013,9,3,29.0,,,,,
Alexandra Road,S77,2013,9,4,25.4,,,,,
Alexandra Road,S77,2013,9,5,109.8,,,,,
Alexandra Road,S77,2013,9,6,32.2,,,,,
Alexandra Road,S77,2013,9,7,61.0,,,,,
Alexandra Road,S77,2013,9,8,0.2,,,,,
Alexandra Road,S77,2013,9,9,16.2,,,,,
Alexandra Road,S77,2013,9,10,12.0,,,,,
Alexandra Road,S77,2013,9,11,0.0,,,,,
Alexandra Road,S77,2013,9,12,0.0,,,,,
Alexandra Road,S77,2013,9,13,0.6,,,,,
Alexandra Road,S77,2013,9,14,0.0,,,,,
Alexandra Road,S77,2013,9,15,11.0,,,,,
Alexandra Road,S77,2013,9,16,0.4,,,,,
Alexandra Road,S77,2013,9,17,7.6,,,,,
Alexandra Road,S77,2013,9,18,0.0,,,,,
Alexandra Road,S77,2013,9,19,0.0,,,,,
Alexandra Road,S77,2013,9,20,0.0,,,,,
Alexandra Road,S77,2013,9,21,0.0,,,,,
Alexandra Road,S77,2013,9,22,0.0,,,,,
Alexandra Road,S77,2013,9,23,0.0,,,,,
Alexandra Road,S77,2013,9,24,0.0,,,,,
Alexandra Road,S77,2013,9,25,8.4,,,,,
Alexandra Road,S77,2013,9,26,12.4,,,,,
Alexandra Road,S77,2013,9,27,0.0,,,,,
Alexandra Road,S77,2013,9,28,27.6,,,,,
Alexandra Road,S77,2013,9,29,14.2,,,,,
Alexandra Road,S77,2013,9,30,0.2,,,,,
Alexandra Road,S77,2013,10,1,0.8,,,,,
Alexandra Road,S77,2013,10,2,1.2,,,,,
Alexandra Road,S77,2013,10,3,0.0,,,,,
Alexandra Road,S77,2013,10,4,8.2,,,,,
Alexandra Road,S77,2013,10,5,5.0,,,,,
Alexandra Road,S77,2013,10,6,0.8,,,,,
Alexandra Road,S77,2013,10,7,0.0,,,,,
Alexandra Road,S77,2013,10,8,13.2,,,,,
Alexandra Road,S77,2013,10,9,0.0,,,,,
Alexandra Road,S77,2013,10,10,53.8,,,,,
Alexandra Road,S77,2013,10,11,0.8,,,,,
Alexandra Road,S77,2013,10,12,33.8,,,,,
Alexandra Road,S77,2013,10,13,1.4,,,,,
Alexandra Road,S77,2013,10,14,9.4,,,,,
Alexandra Road,S77,2013,10,15,4.6,,,,,
Alexandra Road,S77,2013,10,16,0.0,,,,,
Alexandra Road,S77,2013,10,17,0.0,,,,,
Alexandra Road,S77,2013,10,18,81.5,,,,,
Alexandra Road,S77,2013,10,19,8.4,,,,,
Alexandra Road,S77,2013,10,20,2.8,,,,,
Alexandra Road,S77,2013,10,21,22.2,,,,,
Alexandra Road,S77,2013,10,22,0.0,,,,,
Alexandra Road,S77,2013,10,23,0.0,,,,,
Alexandra Road,S77,2013,10,24,0.0,,,,,
Alexandra Road,S77,2013,10,25,0.0,,,,,
Alexandra Road,S77,2013,10,26,14.8,,,,,
Alexandra Road,S77,2013,10,27,0.0,,,,,
Alexandra Road,S77,2013,10,28,5.4,,,,,
Alexandra Road,S77,2013,10,29,0.6,,,,,
Alexandra Road,S77,2013,10,30,3.2,,,,,
Alexandra Road,S77,2013,10,31,23.2,,,,,
Alexandra Road,S77,2013,11,1,1.4,,,,,
Alexandra Road,S77,2013,11,2,0.0,,,,,
Alexandra Road,S77,2013,11,3,16.6,,,,,
Alexandra Road,S77,2013,11,4,27.4,,,,,
Alexandra Road,S77,2013,11,5,44.4,,,,,
Alexandra Road,S77,2013,11,6,0.0,,,,,
Alexandra Road,S77,2013,11,7,0.0,,,,,
Alexandra Road,S77,2013,11,8,0.0,,,,,
Alexandra Road,S77,2013,11,9,10.6,,,,,
Alexandra Road,S77,2013,11,10,1.4,,,,,
Alexandra Road,S77,2013,11,11,13.8,,,,,
Alexandra Road,S77,2013,11,12,5.4,,,,,
Alexandra Road,S77,2013,11,13,32.0,,,,,
Alexandra Road,S77,2013,11,14,0.8,,,,,
Alexandra Road,S77,2013,11,15,0.2,,,,,
Alexandra Road,S77,2013,11,16,9.2,,,,,
Alexandra Road,S77,2013,11,17,0.4,,,,,
Alexandra Road,S77,2013,11,18,2.4,,,,,
Alexandra Road,S77,2013,11,19,8.2,,,,,
Alexandra Road,S77,2013,11,20,6.8,,,,,
Alexandra Road,S77,2013,11,21,0.0,,,,,
Alexandra Road,S77,2013,11,22,45.6,,,,,
Alexandra Road,S77,2013,11,23,0.6,,,,,
Alexandra Road,S77,2013,11,24,11.6,,,,,
Alexandra Road,S77,2013,11,25,4.6,,,,,
Alexandra Road,S77,2013,11,26,1.6,,,,,
Alexandra Road,S77,2013,11,27,1.8,,,,,
Alexandra Road,S77,2013,11,28,0.0,,,,,
Alexandra Road,S77,2013,11,29,31.6,,,,,
Alexandra Road,S77,2013,11,30,82.6,,,,,
Alexandra Road,S77,2013,12,1,22.6,,,,,
Alexandra Road,S77,2013,12,2,7.0,,,,,
Alexandra Road,S77,2013,12,3,27.2,,,,,
Alexandra Road,S77,2013,12,4,0.2,,,,,
Alexandra Road,S77,2013,12,5,0.0,,,,,
Alexandra Road,S77,2013,12,6,4.0,,,,,
Alexandra Road,S77,2013,12,7,0.0,,,,,
Alexandra Road,S77,2013,12,8,24.2,,,,,
Alexandra Road,S77,2013,12,9,0.2,,,,,
Alexandra Road,S77,2013,12,10,0.2,,,,,
Alexandra Road,S77,2013,12,11,16.6,,,,,
Alexandra Road,S77,2013,12,12,8.0,,,,,
Alexandra Road,S77,2013,12,13,0.0,,,,,
Alexandra Road,S77,2013,12,14,0.6,,,,,
Alexandra Road,S77,2013,12,15,5.4,,,,,
Alexandra Road,S77,2013,12,16,0.0,,,,,
Alexandra Road,S77,2013,12,17,0.0,,,,,
Alexandra Road,S77,2013,12,18,27.6,,,,,
Alexandra Road,S77,2013,12,19,0.4,,,,,
Alexandra Road,S77,2013,12,20,6.8,,,,,
Alexandra Road,S77,2013,12,21,0.0,,,,,
Alexandra Road,S77,2013,12,22,0.2,,,,,
Alexandra Road,S77,2013,12,23,1.4,,,,,
Alexandra Road,S77,2013,12,24,0.8,,,,,
Alexandra Road,S77,2013,12,25,0.0,,,,,
Alexandra Road,S77,2013,12,26,5.4,,,,,
Alexandra Road,S77,2013,12,27,0.6,,,,,
Alexandra Road,S77,2013,12,28,2.2,,,,,
Alexandra Road,S77,2013,12,29,0.0,,,,,
Alexandra Road,S77,2013,12,30,1.0,,,,,
Alexandra Road,S77,2013,12,31,0.0,,,,,
Alexandra Road,S77,2014,1,1,0.0,,,,,
Alexandra Road,S77,2014,1,2,0.0,,,,,
Alexandra Road,S77,2014,1,3,0.0,,,,,
Alexandra Road,S77,2014,1,4,18.2,,,,,
Alexandra Road,S77,2014,1,5,3.6,,,,,
Alexandra Road,S77,2014,1,6,29.4,,,,,
Alexandra Road,S77,2014,1,7,0.0,,,,,
Alexandra Road,S77,2014,1,8,0.0,,,,,
Alexandra Road,S77,2014,1,9,0.8,,,,,
Alexandra Road,S77,2014,1,10,0.0,,,,,
Alexandra Road,S77,2014,1,11,3.4,,,,,
Alexandra Road,S77,2014,1,12,0.0,,,,,
Alexandra Road,S77,2014,1,13,0.0,,,,,
Alexandra Road,S77,2014,1,14,0.0,,,,,
Alexandra Road,S77,2014,1,15,0.0,,,,,
Alexandra Road,S77,2014,1,16,0.0,,,,,
Alexandra Road,S77,2014,1,17,0.0,,,,,
Alexandra Road,S77,2014,1,18,0.0,,,,,
Alexandra Road,S77,2014,1,19,0.0,,,,,
Alexandra Road,S77,2014,1,20,0.0,,,,,
Alexandra Road,S77,2014,1,21,0.0,,,,,
Alexandra Road,S77,2014,1,22,0.0,,,,,
Alexandra Road,S77,2014,1,23,0.0,,,,,
Alexandra Road,S77,2014,1,24,0.0,,,,,
Alexandra Road,S77,2014,1,25,0.0,,,,,
Alexandra Road,S77,2014,1,26,0.0,,,,,
Alexandra Road,S77,2014,1,27,0.0,,,,,
Alexandra Road,S77,2014,1,28,0.0,,,,,
Alexandra Road,S77,2014,1,29,0.0,,,,,
Alexandra Road,S77,2014,1,30,0.0,,,,,
Alexandra Road,S77,2014,1,31,0.0,,,,,
Alexandra Road,S77,2014,2,1,0.0,,,,,
Alexandra Road,S77,2014,2,2,0.0,,,,,
Alexandra Road,S77,2014,2,3,0.0,,,,,
Alexandra Road,S77,2014,2,4,0.0,,,,,
Alexandra Road,S77,2014,2,5,0.0,,,,,
Alexandra Road,S77,2014,2,6,0.0,,,,,
Alexandra Road,S77,2014,2,7,0.0,,,,,
Alexandra Road,S77,2014,2,8,0.0,,,,,
Alexandra Road,S77,2014,2,9,1.2,,,,,
Alexandra Road,S77,2014,2,10,0.0,,,,,
Alexandra Road,S77,2014,2,11,0.0,,,,,
Alexandra Road,S77,2014,2,12,0.0,,,,,
Alexandra Road,S77,2014,2,13,0.0,,,,,
Alexandra Road,S77,2014,2,14,0.0,,,,,
Alexandra Road,S77,2014,2,15,0.0,,,,,
Alexandra Road,S77,2014,2,16,0.0,,,,,
Alexandra Road,S77,2014,2,17,0.0,,,,,
Alexandra Road,S77,2014,2,18,0.0,,,,,
Alexandra Road,S77,2014,2,19,0.0,,,,,
Alexandra Road,S77,2014,2,20,0.0,,,,,
Alexandra Road,S77,2014,2,21,0.0,,,,,
Alexandra Road,S77,2014,2,22,0.0,,,,,
Alexandra Road,S77,2014,2,23,0.0,,,,,
Alexandra Road,S77,2014,2,24,0.0,,,,,
Alexandra Road,S77,2014,2,25,0.0,,,,,
Alexandra Road,S77,2014,2,26,0.0,,,,,
Alexandra Road,S77,2014,2,27,0.0,,,,,
Alexandra Road,S77,2014,2,28,0.0,,,,,
Alexandra Road,S77,2014,3,1,0.0,,,,,
Alexandra Road,S77,2014,3,2,0.0,,,,,
Alexandra Road,S77,2014,3,3,0.0,,,,,
Alexandra Road,S77,2014,3,4,0.0,,,,,
Alexandra Road,S77,2014,3,5,0.0,,,,,
Alexandra Road,S77,2014,3,6,0.0,,,,,
Alexandra Road,S77,2014,3,7,0.0,,,,,
Alexandra Road,S77,2014,3,8,0.0,,,,,
Alexandra Road,S77,2014,3,9,0.0,,,,,
Alexandra Road,S77,2014,3,10,0.0,,,,,
Alexandra Road,S77,2014,3,11,0.0,,,,,
Alexandra Road,S77,2014,3,12,0.0,,,,,
Alexandra Road,S77,2014,3,13,0.0,,,,,
Alexandra Road,S77,2014,3,14,0.0,,,,,
Alexandra Road,S77,2014,3,15,0.6,,,,,
Alexandra Road,S77,2014,3,16,22.8,,,,,
Alexandra Road,S77,2014,3,17,27.2,,,,,
Alexandra Road,S77,2014,3,18,62.2,,,,,
Alexandra Road,S77,2014,3,19,0.8,,,,,
Alexandra Road,S77,2014,3,20,21.0,,,,,
Alexandra Road,S77,2014,3,21,2.2,,,,,
Alexandra Road,S77,2014,3,22,0.0,,,,,
Alexandra Road,S77,2014,3,23,0.0,,,,,
Alexandra Road,S77,2014,3,24,0.0,,,,,
Alexandra Road,S77,2014,3,25,0.0,,,,,
Alexandra Road,S77,2014,3,26,0.6,,,,,
Alexandra Road,S77,2014,3,27,0.0,,,,,
Alexandra Road,S77,2014,3,28,0.0,,,,,
Alexandra Road,S77,2014,3,29,5.0,,,,,
Alexandra Road,S77,2014,3,30,0.0,,,,,
Alexandra Road,S77,2014,3,31,0.0,,,,,
Alexandra Road,S77,2014,4,1,0.0,,,,,
Alexandra Road,S77,2014,4,2,0.0,,,,,
Alexandra Road,S77,2014,4,3,0.0,,,,,
Alexandra Road,S77,2014,4,4,0.6,,,,,
Alexandra Road,S77,2014,4,5,58.2,,,,,
Alexandra Road,S77,2014,4,6,0.4,,,,,
Alexandra Road,S77,2014,4,7,0.0,,,,,
Alexandra Road,S77,2014,4,8,1.4,,,,,
Alexandra Road,S77,2014,4,9,0.2,,,,,
Alexandra Road,S77,2014,4,10,7.2,,,,,
Alexandra Road,S77,2014,4,11,0.8,,,,,
Alexandra Road,S77,2014,4,12,2.6,,,,,
Alexandra Road,S77,2014,4,13,0.4,,,,,
Alexandra Road,S77,2014,4,14,63.0,,,,,
Alexandra Road,S77,2014,4,15,0.0,,,,,
Alexandra Road,S77,2014,4,16,0.0,,,,,
Alexandra Road,S77,2014,4,17,6.6,,,,,
Alexandra Road,S77,2014,4,18,33.6,,,,,
Alexandra Road,S77,2014,4,19,0.0,,,,,
Alexandra Road,S77,2014,4,20,0.0,,,,,
Alexandra Road,S77,2014,4,21,6.0,,,,,
Alexandra Road,S77,2014,4,22,0.0,,,,,
Alexandra Road,S77,2014,4,23,0.0,,,,,
Alexandra Road,S77,2014,4,24,0.2,,,,,
Alexandra Road,S77,2014,4,25,5.8,,,,,
Alexandra Road,S77,2014,4,26,19.4,,,,,
Alexandra Road,S77,2014,4,27,1.8,,,,,
Alexandra Road,S77,2014,4,28,41.8,,,,,
Alexandra Road,S77,2014,4,29,9.8,,,,,
Alexandra Road,S77,2014,4,30,0.0,,,,,
Alexandra Road,S77,2014,5,1,0.0,,,,,
Alexandra Road,S77,2014,5,2,0.0,,,,,
Alexandra Road,S77,2014,5,3,0.0,,,,,
Alexandra Road,S77,2014,5,4,0.0,,,,,
Alexandra Road,S77,2014,5,5,0.0,,,,,
Alexandra Road,S77,2014,5,6,0.0,,,,,
Alexandra Road,S77,2014,5,7,12.4,,,,,
Alexandra Road,S77,2014,5,8,0.0,,,,,
Alexandra Road,S77,2014,5,9,0.2,,,,,
Alexandra Road,S77,2014,5,10,0.0,,,,,
Alexandra Road,S77,2014,5,11,0.0,,,,,
Alexandra Road,S77,2014,5,12,0.0,,,,,
Alexandra Road,S77,2014,5,13,0.0,,,,,
Alexandra Road,S77,2014,5,14,16.2,,,,,
Alexandra Road,S77,2014,5,15,0.0,,,,,
Alexandra Road,S77,2014,5,16,18.2,,,,,
Alexandra Road,S77,2014,5,17,10.2,,,,,
Alexandra Road,S77,2014,5,18,41.8,,,,,
Alexandra Road,S77,2014,5,19,18.0,,,,,
Alexandra Road,S77,2014,5,20,3.6,,,,,
Alexandra Road,S77,2014,5,21,0.0,,,,,
Alexandra Road,S77,2014,5,22,0.0,,,,,
Alexandra Road,S77,2014,5,23,15.0,,,,,
Alexandra Road,S77,2014,5,24,0.0,,,,,
Alexandra Road,S77,2014,5,25,0.0,,,,,
Alexandra Road,S77,2014,5,26,0.0,,,,,
Alexandra Road,S77,2014,5,27,2.4,,,,,
Alexandra Road,S77,2014,5,28,2.6,,,,,
Alexandra Road,S77,2014,5,29,1.0,,,,,
Alexandra Road,S77,2014,5,30,35.4,,,,,
Alexandra Road,S77,2014,5,31,0.4,,,,,
Alexandra Road,S77,2014,6,1,42.8,,,,,
Alexandra Road,S77,2014,6,2,0.2,,,,,
Alexandra Road,S77,2014,6,3,0.0,,,,,
Alexandra Road,S77,2014,6,4,0.6,,,,,
Alexandra Road,S77,2014,6,5,6.8,,,,,
Alexandra Road,S77,2014,6,6,5.8,,,,,
Alexandra Road,S77,2014,6,7,1.2,,,,,
Alexandra Road,S77,2014,6,8,0.0,,,,,
Alexandra Road,S77,2014,6,9,0.0,,,,,
Alexandra Road,S77,2014,6,10,0.8,,,,,
Alexandra Road,S77,2014,6,11,0.0,,,,,
Alexandra Road,S77,2014,6,12,5.2,,,,,
Alexandra Road,S77,2014,6,13,0.0,,,,,
Alexandra Road,S77,2014,6,14,14.2,,,,,
Alexandra Road,S77,2014,6,15,13.4,,,,,
Alexandra Road,S77,2014,6,16,0.0,,,,,
Alexandra Road,S77,2014,6,17,0.0,,,,,
Alexandra Road,S77,2014,6,18,4.4,,,,,
Alexandra Road,S77,2014,6,19,1.4,,,,,
Alexandra Road,S77,2014,6,20,0.0,,,,,
Alexandra Road,S77,2014,6,21,0.0,,,,,
Alexandra Road,S77,2014,6,22,0.8,,,,,
Alexandra Road,S77,2014,6,23,0.0,,,,,
Alexandra Road,S77,2014,6,24,0.4,,,,,
Alexandra Road,S77,2014,6,25,0.0,,,,,
Alexandra Road,S77,2014,6,26,0.0,,,,,
Alexandra Road,S77,2014,6,27,0.0,,,,,
Alexandra Road,S77,2014,6,28,0.0,,,,,
Alexandra Road,S77,2014,6,29,2.4,,,,,
Alexandra Road,S77,2014,6,30,27.2,,,,,
Alexandra Road,S77,2014,7,1,0.0,,,,,
Alexandra Road,S77,2014,7,2,0.0,,,,,
Alexandra Road,S77,2014,7,3,0.0,,,,,
Alexandra Road,S77,2014,7,4,1.0,,,,,
Alexandra Road,S77,2014,7,5,17.8,,,,,
Alexandra Road,S77,2014,7,6,5.6,,,,,
Alexandra Road,S77,2014,7,7,12.0,,,,,
Alexandra Road,S77,2014,7,8,7.4,,,,,
Alexandra Road,S77,2014,7,9,51.6,,,,,
Alexandra Road,S77,2014,7,10,2.2,,,,,
Alexandra Road,S77,2014,7,11,0.0,,,,,
Alexandra Road,S77,2014,7,12,0.0,,,,,
Alexandra Road,S77,2014,7,13,0.0,,,,,
Alexandra Road,S77,2014,7,14,0.0,,,,,
Alexandra Road,S77,2014,7,15,0.0,,,,,
Alexandra Road,S77,2014,7,16,0.0,,,,,
Alexandra Road,S77,2014,7,17,8.0,,,,,
Alexandra Road,S77,2014,7,18,0.0,,,,,
Alexandra Road,S77,2014,7,19,0.6,,,,,
Alexandra Road,S77,2014,7,20,0.0,,,,,
Alexandra Road,S77,2014,7,21,0.0,,,,,
Alexandra Road,S77,2014,7,22,0.0,,,,,
Alexandra Road,S77,2014,7,23,0.0,,,,,
Alexandra Road,S77,2014,7,24,0.0,,,,,
Alexandra Road,S77,2014,7,25,0.0,,,,,
Alexandra Road,S77,2014,7,26,0.0,,,,,
Alexandra Road,S77,2014,7,27,29.0,,,,,
Alexandra Road,S77,2014,7,28,0.0,,,,,
Alexandra Road,S77,2014,7,29,67.0,,,,,
Alexandra Road,S77,2014,7,30,29.2,,,,,
Alexandra Road,S77,2014,7,31,0.0,,,,,
Alexandra Road,S77,2014,8,1,0.0,,,,,
Alexandra Road,S77,2014,8,2,14.2,,,,,
Alexandra Road,S77,2014,8,3,8.6,,,,,
Alexandra Road,S77,2014,8,4,0.0,,,,,
Alexandra Road,S77,2014,8,5,6.2,,,,,
Alexandra Road,S77,2014,8,6,4.0,,,,,
Alexandra Road,S77,2014,8,7,8.4,,,,,
Alexandra Road,S77,2014,8,8,0.2,,,,,
Alexandra Road,S77,2014,8,9,0.0,,,,,
Alexandra Road,S77,2014,8,10,0.0,,,,,
Alexandra Road,S77,2014,8,11,6.0,,,,,
Alexandra Road,S77,2014,8,12,3.4,,,,,
Alexandra Road,S77,2014,8,13,1.4,,,,,
Alexandra Road,S77,2014,8,14,3.4,,,,,
Alexandra Road,S77,2014,8,15,12.4,,,,,
Alexandra Road,S77,2014,8,16,0.0,,,,,
Alexandra Road,S77,2014,8,17,0.0,,,,,
Alexandra Road,S77,2014,8,18,0.0,,,,,
Alexandra Road,S77,2014,8,19,1.8,,,,,
Alexandra Road,S77,2014,8,20,0.0,,,,,
Alexandra Road,S77,2014,8,21,29.4,,,,,
Alexandra Road,S77,2014,8,22,0.8,,,,,
Alexandra Road,S77,2014,8,23,0.0,,,,,
Alexandra Road,S77,2014,8,24,0.2,,,,,
Alexandra Road,S77,2014,8,25,6.8,,,,,
Alexandra Road,S77,2014,8,26,22.8,,,,,
Alexandra Road,S77,2014,8,27,19.8,,,,,
Alexandra Road,S77,2014,8,28,26.8,,,,,
Alexandra Road,S77,2014,8,29,0.6,,,,,
Alexandra Road,S77,2014,8,30,0.0,,,,,
Alexandra Road,S77,2014,8,31,0.2,,,,,
Alexandra Road,S77,2014,9,1,0.0,,,,,
Alexandra Road,S77,2014,9,2,0.0,,,,,
Alexandra Road,S77,2014,9,3,67.2,,,,,
Alexandra Road,S77,2014,9,4,0.2,,,,,
Alexandra Road,S77,2014,9,5,0.8,,,,,
Alexandra Road,S77,2014,9,6,0.0,,,,,
Alexandra Road,S77,2014,9,7,0.0,,,,,
Alexandra Road,S77,2014,9,8,0.0,,,,,
Alexandra Road,S77,2014,9,9,0.0,,,,,
Alexandra Road,S77,2014,9,10,0.0,,,,,
Alexandra Road,S77,2014,9,11,23.4,,,,,
Alexandra Road,S77,2014,9,12,0.0,,,,,
Alexandra Road,S77,2014,9,13,0.0,,,,,
Alexandra Road,S77,2014,9,14,0.0,,,,,
Alexandra Road,S77,2014,9,15,0.0,,,,,
Alexandra Road,S77,2014,9,16,0.0,,,,,
Alexandra Road,S77,2014,9,17,0.0,,,,,
Alexandra Road,S77,2014,9,18,0.0,,,,,
Alexandra Road,S77,2014,9,19,0.0,,,,,
Alexandra Road,S77,2014,9,20,24.4,,,,,
Alexandra Road,S77,2014,9,21,3.8,,,,,
Alexandra Road,S77,2014,9,22,0.0,,,,,
Alexandra Road,S77,2014,9,23,0.0,,,,,
Alexandra Road,S77,2014,9,24,12.0,,,,,
Alexandra Road,S77,2014,9,25,9.4,,,,,
Alexandra Road,S77,2014,9,26,0.0,,,,,
Alexandra Road,S77,2014,9,27,0.0,,,,,
Alexandra Road,S77,2014,9,28,0.0,,,,,
Alexandra Road,S77,2014,9,29,0.0,,,,,
Alexandra Road,S77,2014,9,30,0.0,,,,,
Alexandra Road,S77,2014,10,1,0.0,,,,,
Alexandra Road,S77,2014,10,2,0.0,,,,,
Alexandra Road,S77,2014,10,3,0.0,,,,,
Alexandra Road,S77,2014,10,4,9.6,,,,,
Alexandra Road,S77,2014,10,5,0.0,,,,,
Alexandra Road,S77,2014,10,6,0.0,,,,,
Alexandra Road,S77,2014,10,7,0.0,,,,,
Alexandra Road,S77,2014,10,8,0.0,,,,,
Alexandra Road,S77,2014,10,9,0.0,,,,,
Alexandra Road,S77,2014,10,10,0.0,,,,,
Alexandra Road,S77,2014,10,11,0.0,,,,,
Alexandra Road,S77,2014,10,12,0.6,,,,,
Alexandra Road,S77,2014,10,13,0.0,,,,,
Alexandra Road,S77,2014,10,14,1.0,,,,,
Alexandra Road,S77,2014,10,15,0.0,,,,,
Alexandra Road,S77,2014,10,16,3.4,,,,,
Alexandra Road,S77,2014,10,17,0.2,,,,,
Alexandra Road,S77,2014,10,18,1.6,,,,,
Alexandra Road,S77,2014,10,19,0.0,,,,,
Alexandra Road,S77,2014,10,20,0.0,,,,,
Alexandra Road,S77,2014,10,21,1.4,,,,,
Alexandra Road,S77,2014,10,22,4.4,,,,,
Alexandra Road,S77,2014,10,23,0.0,,,,,
Alexandra Road,S77,2014,10,24,0.0,,,,,
Alexandra Road,S77,2014,10,25,0.0,,,,,
Alexandra Road,S77,2014,10,26,0.0,,,,,
Alexandra Road,S77,2014,10,27,25.0,,,,,
Alexandra Road,S77,2014,10,28,2.8,,,,,
Alexandra Road,S77,2014,10,29,0.0,,,,,
Alexandra Road,S77,2014,10,30,6.8,,,,,
Alexandra Road,S77,2014,10,31,0.0,,,,,
Alexandra Road,S77,2014,11,1,3.8,,,,,
Alexandra Road,S77,2014,11,2,0.0,,,,,
Alexandra Road,S77,2014,11,3,0.0,,,,,
Alexandra Road,S77,2014,11,4,0.0,,,,,
Alexandra Road,S77,2014,11,5,11.4,,,,,
Alexandra Road,S77,2014,11,6,2.4,,,,,
Alexandra Road,S77,2014,11,7,50.2,,,,,
Alexandra Road,S77,2014,11,8,107.6,,,,,
Alexandra Road,S77,2014,11,9,3.8,,,,,
Alexandra Road,S77,2014,11,10,0.8,,,,,
Alexandra Road,S77,2014,11,11,14.8,,,,,
Alexandra Road,S77,2014,11,12,8.6,,,,,
Alexandra Road,S77,2014,11,13,0.2,,,,,
Alexandra Road,S77,2014,11,14,1.6,,,,,
Alexandra Road,S77,2014,11,15,4.8,,,,,
Alexandra Road,S77,2014,11,16,17.6,,,,,
Alexandra Road,S77,2014,11,17,1.0,,,,,
Alexandra Road,S77,2014,11,18,6.8,,,,,
Alexandra Road,S77,2014,11,19,0.0,,,,,
Alexandra Road,S77,2014,11,20,8.4,,,,,
Alexandra Road,S77,2014,11,21,0.2,,,,,
Alexandra Road,S77,2014,11,22,1.4,,,,,
Alexandra Road,S77,2014,11,23,23.0,,,,,
Alexandra Road,S77,2014,11,24,73.6,,,,,
Alexandra Road,S77,2014,11,25,7.4,,,,,
Alexandra Road,S77,2014,11,26,20.8,,,,,
Alexandra Road,S77,2014,11,27,0.0,,,,,
Alexandra Road,S77,2014,11,28,0.0,,,,,
Alexandra Road,S77,2014,11,29,20.4,,,,,
Alexandra Road,S77,2014,11,30,0.0,,,,,
Alexandra Road,S77,2014,12,1,8.0,,,,,
Alexandra Road,S77,2014,12,2,0.0,,,,,
Alexandra Road,S77,2014,12,3,0.0,,,,,
Alexandra Road,S77,2014,12,4,31.6,,,,,
Alexandra Road,S77,2014,12,5,0.0,,,,,
Alexandra Road,S77,2014,12,6,6.4,,,,,
Alexandra Road,S77,2014,12,7,58.8,,,,,
Alexandra Road,S77,2014,12,8,8.0,,,,,
Alexandra Road,S77,2014,12,9,0.2,,,,,
Alexandra Road,S77,2014,12,10,0.0,,,,,
Alexandra Road,S77,2014,12,11,9.8,,,,,
Alexandra Road,S77,2014,12,12,0.0,,,,,
Alexandra Road,S77,2014,12,13,60.0,,,,,
Alexandra Road,S77,2014,12,14,1.0,,,,,
Alexandra Road,S77,2014,12,15,0.0,,,,,
Alexandra Road,S77,2014,12,16,0.8,,,,,
Alexandra Road,S77,2014,12,17,68.6,,,,,
Alexandra Road,S77,2014,12,18,0.4,,,,,
Alexandra Road,S77,2014,12,19,28.4,,,,,
Alexandra Road,S77,2014,12,20,15.4,,,,,
Alexandra Road,S77,2014,12,21,12.4,,,,,
Alexandra Road,S77,2014,12,22,0.0,,,,,
Alexandra Road,S77,2014,12,23,21.6,,,,,
Alexandra Road,S77,2014,12,24,18.2,,,,,
Alexandra Road,S77,2014,12,25,0.2,,,,,
Alexandra Road,S77,2014,12,26,50.2,,,,,
Alexandra Road,S77,2014,12,27,41.4,,,,,
Alexandra Road,S77,2014,12,28,4.8,,,,,
Alexandra Road,S77,2014,12,29,5.0,,,,,
Alexandra Road,S77,2014,12,30,0.0,,,,,
Alexandra Road,S77,2014,12,31,0.0,,,,,
Alexandra Road,S77,2015,1,1,0.2,,,,,
Alexandra Road,S77,2015,1,2,0.0,,,,,
Alexandra Road,S77,2015,1,3,0.2,,,,,
Alexandra Road,S77,2015,1,4,0.0,,,,,
Alexandra Road,S77,2015,1,5,0.0,,,,,
Alexandra Road,S77,2015,1,6,34.6,,,,,
Alexandra Road,S77,2015,1,7,18.6,,,,,
Alexandra Road,S77,2015,1,8,9.2,,,,,
Alexandra Road,S77,2015,1,9,1.4,,,,,
Alexandra Road,S77,2015,1,10,0.2,,,,,
Alexandra Road,S77,2015,1,11,16.0,,,,,
Alexandra Road,S77,2015,1,12,5.2,,,,,
Alexandra Road,S77,2015,1,13,0.0,,,,,
Alexandra Road,S77,2015,1,14,0.0,,,,,
Alexandra Road,S77,2015,1,15,0.0,,,,,
Alexandra Road,S77,2015,1,16,0.0,,,,,
Alexandra Road,S77,2015,1,17,0.0,,,,,
Alexandra Road,S77,2015,1,18,0.0,,,,,
Alexandra Road,S77,2015,1,19,0.0,,,,,
Alexandra Road,S77,2015,1,20,0.0,,,,,
Alexandra Road,S77,2015,1,21,8.4,,,,,
Alexandra Road,S77,2015,1,22,0.0,,,,,
Alexandra Road,S77,2015,1,23,0.0,,,,,
Alexandra Road,S77,2015,1,24,0.0,,,,,
Alexandra Road,S77,2015,1,25,0.0,,,,,
Alexandra Road,S77,2015,1,26,0.0,,,,,
Alexandra Road,S77,2015,1,27,0.0,,,,,
Alexandra Road,S77,2015,1,28,0.6,,,,,
Alexandra Road,S77,2015,1,29,0.0,,,,,
Alexandra Road,S77,2015,1,30,0.2,,,,,
Alexandra Road,S77,2015,1,31,0.0,,,,,
Alexandra Road,S77,2015,2,1,0.0,,,,,
Alexandra Road,S77,2015,2,2,1.2,,,,,
Alexandra Road,S77,2015,2,3,0.0,,,,,
Alexandra Road,S77,2015,2,4,7.4,,,,,
Alexandra Road,S77,2015,2,5,0.0,,,,,
Alexandra Road,S77,2015,2,6,9.4,,,,,
Alexandra Road,S77,2015,2,7,0.0,,,,,
Alexandra Road,S77,2015,2,8,0.0,,,,,
Alexandra Road,S77,2015,2,9,0.0,,,,,
Alexandra Road,S77,2015,2,10,0.0,,,,,
Alexandra Road,S77,2015,2,11,0.0,,,,,
Alexandra Road,S77,2015,2,12,0.0,,,,,
Alexandra Road,S77,2015,2,13,0.0,,,,,
Alexandra Road,S77,2015,2,14,0.0,,,,,
Alexandra Road,S77,2015,2,15,0.0,,,,,
Alexandra Road,S77,2015,2,16,0.0,,,,,
Alexandra Road,S77,2015,2,17,0.0,,,,,
Alexandra Road,S77,2015,2,18,0.0,,,,,
Alexandra Road,S77,2015,2,19,27.2,,,,,
Alexandra Road,S77,2015,2,20,0.0,,,,,
Alexandra Road,S77,2015,2,21,0.0,,,,,
Alexandra Road,S77,2015,2,22,0.0,,,,,
Alexandra Road,S77,2015,2,23,2.6,,,,,
Alexandra Road,S77,2015,2,24,0.0,,,,,
Alexandra Road,S77,2015,2,25,0.0,,,,,
Alexandra Road,S77,2015,2,26,0.0,,,,,
Alexandra Road,S77,2015,2,27,0.0,,,,,
Alexandra Road,S77,2015,2,28,0.0,,,,,
Alexandra Road,S77,2015,3,1,0.0,,,,,
Alexandra Road,S77,2015,3,2,3.8,,,,,
Alexandra Road,S77,2015,3,3,0.0,,,,,
Alexandra Road,S77,2015,3,4,0.0,,,,,
Alexandra Road,S77,2015,3,5,0.0,,,,,
Alexandra Road,S77,2015,3,6,0.0,,,,,
Alexandra Road,S77,2015,3,7,0.0,,,,,
Alexandra Road,S77,2015,3,8,1.2,,,,,
Alexandra Road,S77,2015,3,9,12.0,,,,,
Alexandra Road,S77,2015,3,10,0.0,,,,,
Alexandra Road,S77,2015,3,11,13.8,,,,,
Alexandra Road,S77,2015,3,12,0.0,,,,,
Alexandra Road,S77,2015,3,13,0.0,,,,,
Alexandra Road,S77,2015,3,14,29.6,,,,,
Alexandra Road,S77,2015,3,15,2.6,,,,,
Alexandra Road,S77,2015,3,16,0.0,,,,,
Alexandra Road,S77,2015,3,17,0.0,,,,,
Alexandra Road,S77,2015,3,18,0.0,,,,,
Alexandra Road,S77,2015,3,19,1.0,,,,,
Alexandra Road,S77,2015,3,20,0.0,,,,,
Alexandra Road,S77,2015,3,21,6.6,,,,,
Alexandra Road,S77,2015,3,22,30.2,,,,,
Alexandra Road,S77,2015,3,23,0.0,,,,,
Alexandra Road,S77,2015,3,24,0.0,,,,,
Alexandra Road,S77,2015,3,25,0.0,,,,,
Alexandra Road,S77,2015,3,26,0.0,,,,,
Alexandra Road,S77,2015,3,27,0.0,,,,,
Alexandra Road,S77,2015,3,28,0.6,,,,,
Alexandra Road,S77,2015,3,29,32.2,,,,,
Alexandra Road,S77,2015,3,30,0.2,,,,,
Alexandra Road,S77,2015,3,31,0.0,,,,,
Alexandra Road,S77,2015,4,1,5.6,,,,,
Alexandra Road,S77,2015,4,2,45.4,,,,,
Alexandra Road,S77,2015,4,3,0.0,,,,,
Alexandra Road,S77,2015,4,4,0.0,,,,,
Alexandra Road,S77,2015,4,5,0.0,,,,,
Alexandra Road,S77,2015,4,6,0.0,,,,,
Alexandra Road,S77,2015,4,7,2.8,,,,,
Alexandra Road,S77,2015,4,8,0.0,,,,,
Alexandra Road,S77,2015,4,9,0.0,,,,,
Alexandra Road,S77,2015,4,10,1.0,,,,,
Alexandra Road,S77,2015,4,11,0.0,,,,,
Alexandra Road,S77,2015,4,12,5.8,,,,,
Alexandra Road,S77,2015,4,13,0.0,,,,,
Alexandra Road,S77,2015,4,14,0.0,,,,,
Alexandra Road,S77,2015,4,15,0.0,,,,,
Alexandra Road,S77,2015,4,16,0.0,,,,,
Alexandra Road,S77,2015,4,17,0.0,,,,,
Alexandra Road,S77,2015,4,18,0.0,,,,,
Alexandra Road,S77,2015,4,19,0.8,,,,,
Alexandra Road,S77,2015,4,20,0.0,,,,,
Alexandra Road,S77,2015,4,21,1.0,,,,,
Alexandra Road,S77,2015,4,22,2.6,,,,,
Alexandra Road,S77,2015,4,23,0.2,,,,,
Alexandra Road,S77,2015,4,24,9.8,,,,,
Alexandra Road,S77,2015,4,25,7.4,,,,,
Alexandra Road,S77,2015,4,26,2.8,,,,,
Alexandra Road,S77,2015,4,27,8.8,,,,,
Alexandra Road,S77,2015,4,28,12.4,,,,,
Alexandra Road,S77,2015,4,29,1.8,,,,,
Alexandra Road,S77,2015,4,30,21.2,,,,,
Alexandra Road,S77,2015,5,1,0.0,,,,,
Alexandra Road,S77,2015,5,2,2.6,,,,,
Alexandra Road,S77,2015,5,3,58.2,,,,,
Alexandra Road,S77,2015,5,4,0.0,,,,,
Alexandra Road,S77,2015,5,5,0.0,,,,,
Alexandra Road,S77,2015,5,6,4.0,,,,,
Alexandra Road,S77,2015,5,7,0.0,,,,,
Alexandra Road,S77,2015,5,8,15.2,,,,,
Alexandra Road,S77,2015,5,9,0.0,,,,,
Alexandra Road,S77,2015,5,10,0.0,,,,,
Alexandra Road,S77,2015,5,11,0.0,,,,,
Alexandra Road,S77,2015,5,12,0.0,,,,,
Alexandra Road,S77,2015,5,13,0.0,,,,,
Alexandra Road,S77,2015,5,14,5.2,,,,,
Alexandra Road,S77,2015,5,15,15.8,,,,,
Alexandra Road,S77,2015,5,16,0.0,,,,,
Alexandra Road,S77,2015,5,17,0.0,,,,,
Alexandra Road,S77,2015,5,18,2.4,,,,,
Alexandra Road,S77,2015,5,19,0.0,,,,,
Alexandra Road,S77,2015,5,20,0.6,,,,,
Alexandra Road,S77,2015,5,21,0.0,,,,,
Alexandra Road,S77,2015,5,22,0.0,,,,,
Alexandra Road,S77,2015,5,23,33.2,,,,,
Alexandra Road,S77,2015,5,24,0.0,,,,,
Alexandra Road,S77,2015,5,25,0.0,,,,,
Alexandra Road,S77,2015,5,26,8.6,,,,,
Alexandra Road,S77,2015,5,27,0.0,,,,,
Alexandra Road,S77,2015,5,28,0.0,,,,,
Alexandra Road,S77,2015,5,29,0.0,,,,,
Alexandra Road,S77,2015,5,30,0.0,,,,,
Alexandra Road,S77,2015,5,31,0.0,,,,,
Alexandra Road,S77,2015,6,1,0.0,,,,,
Alexandra Road,S77,2015,6,2,0.0,,,,,
Alexandra Road,S77,2015,6,3,0.0,,,,,
Alexandra Road,S77,2015,6,4,3.6,,,,,
Alexandra Road,S77,2015,6,5,0.0,,,,,
Alexandra Road,S77,2015,6,6,2.2,,,,,
Alexandra Road,S77,2015,6,7,22.6,,,,,
Alexandra Road,S77,2015,6,8,12.4,,,,,
Alexandra Road,S77,2015,6,9,0.0,,,,,
Alexandra Road,S77,2015,6,10,0.0,,,,,
Alexandra Road,S77,2015,6,11,0.6,,,,,
Alexandra Road,S77,2015,6,12,15.8,,,,,
Alexandra Road,S77,2015,6,13,0.0,,,,,
Alexandra Road,S77,2015,6,14,7.0,,,,,
Alexandra Road,S77,2015,6,15,0.0,,,,,
Alexandra Road,S77,2015,6,16,1.2,,,,,
Alexandra Road,S77,2015,6,17,0.0,,,,,
Alexandra Road,S77,2015,6,18,0.0,,,,,
Alexandra Road,S77,2015,6,19,0.0,,,,,
Alexandra Road,S77,2015,6,20,0.0,,,,,
Alexandra Road,S77,2015,6,21,0.0,,,,,
Alexandra Road,S77,2015,6,22,0.0,,,,,
Alexandra Road,S77,2015,6,23,0.0,,,,,
Alexandra Road,S77,2015,6,24,0.0,,,,,
Alexandra Road,S77,2015,6,25,0.0,,,,,
Alexandra Road,S77,2015,6,26,0.0,,,,,
Alexandra Road,S77,2015,6,27,0.0,,,,,
Alexandra Road,S77,2015,6,28,0.0,,,,,
Alexandra Road,S77,2015,6,29,0.0,,,,,
Alexandra Road,S77,2015,6,30,0.0,,,,,
Alexandra Road,S77,2015,7,1,11.2,,,,,
Alexandra Road,S77,2015,7,2,0.0,,,,,
Alexandra Road,S77,2015,7,3,0.0,,,,,
Alexandra Road,S77,2015,7,4,26.6,,,,,
Alexandra Road,S77,2015,7,5,0.0,,,,,
Alexandra Road,S77,2015,7,6,0.0,,,,,
Alexandra Road,S77,2015,7,7,0.0,,,,,
Alexandra Road,S77,2015,7,8,13.4,,,,,
Alexandra Road,S77,2015,7,9,1.0,,,,,
Alexandra Road,S77,2015,7,10,23.0,,,,,
Alexandra Road,S77,2015,7,11,0.0,,,,,
Alexandra Road,S77,2015,7,12,1.2,,,,,
Alexandra Road,S77,2015,7,13,0.6,,,,,
Alexandra Road,S77,2015,7,14,0.0,,,,,
Alexandra Road,S77,2015,7,15,0.0,,,,,
Alexandra Road,S77,2015,7,16,0.0,,,,,
Alexandra Road,S77,2015,7,17,1.0,,,,,
Alexandra Road,S77,2015,7,18,0.0,,,,,
Alexandra Road,S77,2015,7,19,0.0,,,,,
Alexandra Road,S77,2015,7,20,1.6,,,,,
Alexandra Road,S77,2015,7,21,0.0,,,,,
Alexandra Road,S77,2015,7,22,0.0,,,,,
Alexandra Road,S77,2015,7,23,0.0,,,,,
Alexandra Road,S77,2015,7,24,0.0,,,,,
Alexandra Road,S77,2015,7,25,0.0,,,,,
Alexandra Road,S77,2015,7,26,2.2,,,,,
Alexandra Road,S77,2015,7,27,0.0,,,,,
Alexandra Road,S77,2015,7,28,0.2,,,,,
Alexandra Road,S77,2015,7,29,0.0,,,,,
Alexandra Road,S77,2015,7,30,0.0,,,,,
Alexandra Road,S77,2015,7,31,9.2,,,,,
Alexandra Road,S77,2015,8,1,0.2,,,,,
Alexandra Road,S77,2015,8,2,1.6,,,,,
Alexandra Road,S77,2015,8,3,17.6,,,,,
Alexandra Road,S77,2015,8,4,36.6,,,,,
Alexandra Road,S77,2015,8,5,0.0,,,,,
Alexandra Road,S77,2015,8,6,8.0,,,,,
Alexandra Road,S77,2015,8,7,49.0,,,,,
Alexandra Road,S77,2015,8,8,47.4,,,,,
Alexandra Road,S77,2015,8,9,13.8,,,,,
Alexandra Road,S77,2015,8,10,2.2,,,,,
Alexandra Road,S77,2015,8,11,0.2,,,,,
Alexandra Road,S77,2015,8,12,3.4,,,,,
Alexandra Road,S77,2015,8,13,0.0,,,,,
Alexandra Road,S77,2015,8,14,0.0,,,,,
Alexandra Road,S77,2015,8,15,0.0,,,,,
Alexandra Road,S77,2015,8,16,2.0,,,,,
Alexandra Road,S77,2015,8,17,1.2,,,,,
Alexandra Road,S77,2015,8,18,0.0,,,,,
Alexandra Road,S77,2015,8,19,0.0,,,,,
Alexandra Road,S77,2015,8,20,0.0,,,,,
Alexandra Road,S77,2015,8,21,8.4,,,,,
Alexandra Road,S77,2015,8,22,0.0,,,,,
Alexandra Road,S77,2015,8,23,0.0,,,,,
Alexandra Road,S77,2015,8,24,0.0,,,,,
Alexandra Road,S77,2015,8,25,2.8,,,,,
Alexandra Road,S77,2015,8,26,0.4,,,,,
Alexandra Road,S77,2015,8,27,0.0,,,,,
Alexandra Road,S77,2015,8,28,0.0,,,,,
Alexandra Road,S77,2015,8,29,0.0,,,,,
Alexandra Road,S77,2015,8,30,0.0,,,,,
Alexandra Road,S77,2015,8,31,0.0,,,,,
Alexandra Road,S77,2015,9,1,0.0,,,,,
Alexandra Road,S77,2015,9,2,0.0,,,,,
Alexandra Road,S77,2015,9,3,21.2,,,,,
Alexandra Road,S77,2015,9,4,0.2,,,,,
Alexandra Road,S77,2015,9,5,0.0,,,,,
Alexandra Road,S77,2015,9,6,0.0,,,,,
Alexandra Road,S77,2015,9,7,0.0,,,,,
Alexandra Road,S77,2015,9,8,0.0,,,,,
Alexandra Road,S77,2015,9,9,0.2,,,,,
Alexandra Road,S77,2015,9,10,0.0,,,,,
Alexandra Road,S77,2015,9,11,0.0,,,,,
Alexandra Road,S77,2015,9,12,0.0,,,,,
Alexandra Road,S77,2015,9,13,0.0,,,,,
Alexandra Road,S77,2015,9,14,0.8,,,,,
Alexandra Road,S77,2015,9,15,29.4,,,,,
Alexandra Road,S77,2015,9,16,7.6,,,,,
Alexandra Road,S77,2015,9,17,0.0,,,,,
Alexandra Road,S77,2015,9,18,0.0,,,,,
Alexandra Road,S77,2015,9,19,0.0,,,,,
Alexandra Road,S77,2015,9,20,0.0,,,,,
Alexandra Road,S77,2015,9,21,0.0,,,,,
Alexandra Road,S77,2015,9,22,0.0,,,,,
Alexandra Road,S77,2015,9,23,0.0,,,,,
Alexandra Road,S77,2015,9,24,0.0,,,,,
Alexandra Road,S77,2015,9,25,0.0,,,,,
Alexandra Road,S77,2015,9,26,0.0,,,,,
Alexandra Road,S77,2015,9,27,0.0,,,,,
Alexandra Road,S77,2015,9,28,46.4,,,,,
Alexandra Road,S77,2015,9,29,0.0,,,,,
Alexandra Road,S77,2015,9,30,0.2,,,,,
Alexandra Road,S77,2015,10,1,0.0,,,,,
Alexandra Road,S77,2015,10,2,9.6,,,,,
Alexandra Road,S77,2015,10,3,0.0,,,,,
Alexandra Road,S77,2015,10,4,0.0,,,,,
Alexandra Road,S77,2015,10,5,0.0,,,,,
Alexandra Road,S77,2015,10,6,17.0,,,,,
Alexandra Road,S77,2015,10,7,17.6,,,,,
Alexandra Road,S77,2015,10,8,0.0,,,,,
Alexandra Road,S77,2015,10,9,0.0,,,,,
Alexandra Road,S77,2015,10,10,0.0,,,,,
Alexandra Road,S77,2015,10,11,0.0,,,,,
Alexandra Road,S77,2015,10,12,0.0,,,,,
Alexandra Road,S77,2015,10,13,0.0,,,,,
Alexandra Road,S77,2015,10,14,0.0,,,,,
Alexandra Road,S77,2015,10,15,0.0,,,,,
Alexandra Road,S77,2015,10,16,0.0,,,,,
Alexandra Road,S77,2015,10,17,0.0,,,,,
Alexandra Road,S77,2015,10,18,0.0,,,,,
Alexandra Road,S77,2015,10,19,0.0,,,,,
Alexandra Road,S77,2015,10,20,0.0,,,,,
Alexandra Road,S77,2015,10,21,0.0,,,,,
Alexandra Road,S77,2015,10,22,0.0,,,,,
Alexandra Road,S77,2015,10,23,0.0,,,,,
Alexandra Road,S77,2015,10,24,2.6,,,,,
Alexandra Road,S77,2015,10,25,0.2,,,,,
Alexandra Road,S77,2015,10,26,0.0,,,,,
Alexandra Road,S77,2015,10,27,9.6,,,,,
Alexandra Road,S77,2015,10,28,18.4,,,,,
Alexandra Road,S77,2015,10,29,0.0,,,,,
Alexandra Road,S77,2015,10,30,10.0,,,,,
Alexandra Road,S77,2015,10,31,0.4,,,,,
Alexandra Road,S77,2015,11,1,0.2,,,,,
Alexandra Road,S77,2015,11,2,9.8,,,,,
Alexandra Road,S77,2015,11,3,0.2,,,,,
Alexandra Road,S77,2015,11,4,0.0,,,,,
Alexandra Road,S77,2015,11,5,0.0,,,,,
Alexandra Road,S77,2015,11,6,0.0,,,,,
Alexandra Road,S77,2015,11,7,19.4,,,,,
Alexandra Road,S77,2015,11,8,5.4,,,,,
Alexandra Road,S77,2015,11,9,7.2,,,,,
Alexandra Road,S77,2015,11,10,0.6,,,,,
Alexandra Road,S77,2015,11,11,6.2,,,,,
Alexandra Road,S77,2015,11,12,0.0,,,,,
Alexandra Road,S77,2015,11,13,24.6,,,,,
Alexandra Road,S77,2015,11,14,0.2,,,,,
Alexandra Road,S77,2015,11,15,0.0,,,,,
Alexandra Road,S77,2015,11,16,12.2,,,,,
Alexandra Road,S77,2015,11,17,52.0,,,,,
Alexandra Road,S77,2015,11,18,0.0,,,,,
Alexandra Road,S77,2015,11,19,0.6,,,,,
Alexandra Road,S77,2015,11,20,18.6,,,,,
Alexandra Road,S77,2015,11,21,0.0,,,,,
Alexandra Road,S77,2015,11,22,0.6,,,,,
Alexandra Road,S77,2015,11,23,0.0,,,,,
Alexandra Road,S77,2015,11,24,33.0,,,,,
Alexandra Road,S77,2015,11,25,4.4,,,,,
Alexandra Road,S77,2015,11,26,11.0,,,,,
Alexandra Road,S77,2015,11,27,0.0,,,,,
Alexandra Road,S77,2015,11,28,0.2,,,,,
Alexandra Road,S77,2015,11,29,0.4,,,,,
Alexandra Road,S77,2015,11,30,9.6,,,,,
Alexandra Road,S77,2015,12,1,61.8,,,,,
Alexandra Road,S77,2015,12,2,25.4,,,,,
Alexandra Road,S77,2015,12,3,0.2,,,,,
Alexandra Road,S77,2015,12,4,0.8,,,,,
Alexandra Road,S77,2015,12,5,55.4,,,,,
Alexandra Road,S77,2015,12,6,1.8,,,,,
Alexandra Road,S77,2015,12,7,0.2,,,,,
Alexandra Road,S77,2015,12,8,15.6,,,,,
Alexandra Road,S77,2015,12,9,1.8,,,,,
Alexandra Road,S77,2015,12,10,43.4,,,,,
Alexandra Road,S77,2015,12,11,39.8,,,,,
Alexandra Road,S77,2015,12,12,28.0,,,,,
Alexandra Road,S77,2015,12,13,19.8,,,,,
Alexandra Road,S77,2015,12,14,0.2,,,,,
Alexandra Road,S77,2015,12,15,0.0,,,,,
Alexandra Road,S77,2015,12,16,0.0,,,,,
Alexandra Road,S77,2015,12,17,0.0,,,,,
Alexandra Road,S77,2015,12,18,1.0,,,,,
Alexandra Road,S77,2015,12,19,0.6,,,,,
Alexandra Road,S77,2015,12,20,0.0,,,,,
Alexandra Road,S77,2015,12,21,0.0,,,,,
Alexandra Road,S77,2015,12,22,0.0,,,,,
Alexandra Road,S77,2015,12,23,7.6,,,,,
Alexandra Road,S77,2015,12,24,4.2,,,,,
Alexandra Road,S77,2015,12,25,0.0,,,,,
Alexandra Road,S77,2015,12,26,0.0,,,,,
Alexandra Road,S77,2015,12,27,0.0,,,,,
Alexandra Road,S77,2015,12,28,2.0,,,,,
Alexandra Road,S77,2015,12,29,4.6,,,,,
Alexandra Road,S77,2015,12,30,0.0,,,,,
Alexandra Road,S77,2015,12,31,12.2,,,,,
Alexandra Road,S77,2016,1,1,1.0,,,,,
Alexandra Road,S77,2016,1,2,18.0,,,,,
Alexandra Road,S77,2016,1,3,0.8,,,,,
Alexandra Road,S77,2016,1,4,10.6,,,,,
Alexandra Road,S77,2016,1,5,0.0,,,,,
Alexandra Road,S77,2016,1,6,0.0,,,,,
Alexandra Road,S77,2016,1,7,0.0,,,,,
Alexandra Road,S77,2016,1,8,0.0,,,,,
Alexandra Road,S77,2016,1,9,7.2,,,,,
Alexandra Road,S77,2016,1,10,0.0,,,,,
Alexandra Road,S77,2016,1,11,23.2,,,,,
Alexandra Road,S77,2016,1,12,0.0,,,,,
Alexandra Road,S77,2016,1,13,0.0,,,,,
Alexandra Road,S77,2016,1,14,14.8,,,,,
Alexandra Road,S77,2016,1,15,19.0,,,,,
Alexandra Road,S77,2016,1,16,1.0,,,,,
Alexandra Road,S77,2016,1,17,13.0,,,,,
Alexandra Road,S77,2016,1,18,28.0,,,,,
Alexandra Road,S77,2016,1,19,1.8,,,,,
Alexandra Road,S77,2016,1,20,6.4,,,,,
Alexandra Road,S77,2016,1,21,0.2,,,,,
Alexandra Road,S77,2016,1,22,48.6,,,,,
Alexandra Road,S77,2016,1,23,0.4,,,,,
Alexandra Road,S77,2016,1,24,0.0,,,,,
Alexandra Road,S77,2016,1,25,11.4,,,,,
Alexandra Road,S77,2016,1,26,4.0,,,,,
Alexandra Road,S77,2016,1,27,0.0,,,,,
Alexandra Road,S77,2016,1,28,6.2,,,,,
Alexandra Road,S77,2016,1,29,14.4,,,,,
Alexandra Road,S77,2016,1,30,0.0,,,,,
Alexandra Road,S77,2016,1,31,4.2,,,,,
Alexandra Road,S77,2016,2,1,0.0,,,,,
Alexandra Road,S77,2016,2,2,3.2,,,,,
Alexandra Road,S77,2016,2,3,0.0,,,,,
Alexandra Road,S77,2016,2,4,20.2,,,,,
Alexandra Road,S77,2016,2,5,25.2,,,,,
Alexandra Road,S77,2016,2,6,12.8,,,,,
Alexandra Road,S77,2016,2,7,30.0,,,,,
Alexandra Road,S77,2016,2,8,0.0,,,,,
Alexandra Road,S77,2016,2,9,0.0,,,,,
Alexandra Road,S77,2016,2,10,0.8,,,,,
Alexandra Road,S77,2016,2,11,0.0,,,,,
Alexandra Road,S77,2016,2,12,5.4,,,,,
Alexandra Road,S77,2016,2,13,0.0,,,,,
Alexandra Road,S77,2016,2,14,6.8,,,,,
Alexandra Road,S77,2016,2,15,0.0,,,,,
Alexandra Road,S77,2016,2,16,0.0,,,,,
Alexandra Road,S77,2016,2,17,0.0,,,,,
Alexandra Road,S77,2016,2,18,0.4,,,,,
Alexandra Road,S77,2016,2,19,96.8,,,,,
Alexandra Road,S77,2016,2,20,0.6,,,,,
Alexandra Road,S77,2016,2,21,0.0,,,,,
Alexandra Road,S77,2016,2,22,0.0,,,,,
Alexandra Road,S77,2016,2,23,0.0,,,,,
Alexandra Road,S77,2016,2,24,10.4,,,,,
Alexandra Road,S77,2016,2,25,0.0,,,,,
Alexandra Road,S77,2016,2,26,0.0,,,,,
Alexandra Road,S77,2016,2,27,0.0,,,,,
Alexandra Road,S77,2016,2,28,0.0,,,,,
Alexandra Road,S77,2016,2,29,0.0,,,,,
Alexandra Road,S77,2016,3,1,0.0,,,,,
Alexandra Road,S77,2016,3,2,0.0,,,,,
Alexandra Road,S77,2016,3,3,0.0,,,,,
Alexandra Road,S77,2016,3,4,0.0,,,,,
Alexandra Road,S77,2016,3,5,5.6,,,,,
Alexandra Road,S77,2016,3,6,0.2,,,,,
Alexandra Road,S77,2016,3,7,0.4,,,,,
Alexandra Road,S77,2016,3,8,46.2,,,,,
Alexandra Road,S77,2016,3,9,0.0,,,,,
Alexandra Road,S77,2016,3,10,22.6,,,,,
Alexandra Road,S77,2016,3,11,0.2,,,,,
Alexandra Road,S77,2016,3,12,0.0,,,,,
Alexandra Road,S77,2016,3,13,32.4,,,,,
Alexandra Road,S77,2016,3,14,11.6,,,,,
Alexandra Road,S77,2016,3,15,0.0,,,,,
Alexandra Road,S77,2016,3,16,0.0,,,,,
Alexandra Road,S77,2016,3,17,0.0,,,,,
Alexandra Road,S77,2016,3,18,0.0,,,,,
Alexandra Road,S77,2016,3,19,0.0,,,,,
Alexandra Road,S77,2016,3,20,0.4,,,,,
Alexandra Road,S77,2016,3,21,0.0,,,,,
Alexandra Road,S77,2016,3,22,14.0,,,,,
Alexandra Road,S77,2016,3,23,0.0,,,,,
Alexandra Road,S77,2016,3,24,0.0,,,,,
Alexandra Road,S77,2016,3,25,0.0,,,,,
Alexandra Road,S77,2016,3,26,0.0,,,,,
Alexandra Road,S77,2016,3,27,0.0,,,,,
Alexandra Road,S77,2016,3,28,0.0,,,,,
Alexandra Road,S77,2016,3,29,0.0,,,,,
Alexandra Road,S77,2016,3,30,0.0,,,,,
Alexandra Road,S77,2016,3,31,0.0,,,,,
Alexandra Road,S77,2016,4,1,0.0,,,,,
Alexandra Road,S77,2016,4,2,0.0,,,,,
Alexandra Road,S77,2016,4,3,0.0,,,,,
Alexandra Road,S77,2016,4,4,28.4,,,,,
Alexandra Road,S77,2016,4,5,0.8,,,,,
Alexandra Road,S77,2016,4,6,0.0,,,,,
Alexandra Road,S77,2016,4,7,0.0,,,,,
Alexandra Road,S77,2016,4,8,0.0,,,,,
Alexandra Road,S77,2016,4,9,42.2,,,,,
Alexandra Road,S77,2016,4,10,0.8,,,,,
Alexandra Road,S77,2016,4,11,0.0,,,,,
Alexandra Road,S77,2016,4,12,10.2,,,,,
Alexandra Road,S77,2016,4,13,3.4,,,,,
Alexandra Road,S77,2016,4,14,0.0,,,,,
Alexandra Road,S77,2016,4,15,1.2,,,,,
Alexandra Road,S77,2016,4,16,0.0,,,,,
Alexandra Road,S77,2016,4,17,2.4,,,,,
Alexandra Road,S77,2016,4,18,0.0,,,,,
Alexandra Road,S77,2016,4,19,0.0,,,,,
Alexandra Road,S77,2016,4,20,13.8,,,,,
Alexandra Road,S77,2016,4,21,0.0,,,,,
Alexandra Road,S77,2016,4,22,13.6,,,,,
Alexandra Road,S77,2016,4,23,21.6,,,,,
Alexandra Road,S77,2016,4,24,0.0,,,,,
Alexandra Road,S77,2016,4,25,10.8,,,,,
Alexandra Road,S77,2016,4,26,0.4,,,,,
Alexandra Road,S77,2016,4,27,0.0,,,,,
Alexandra Road,S77,2016,4,28,0.8,,,,,
Alexandra Road,S77,2016,4,29,66.0,,,,,
Alexandra Road,S77,2016,4,30,0.6,,,,,
Alexandra Road,S77,2016,5,1,0.0,,,,,
Alexandra Road,S77,2016,5,2,0.2,,,,,
Alexandra Road,S77,2016,5,3,0.0,,,,,
Alexandra Road,S77,2016,5,4,0.0,,,,,
Alexandra Road,S77,2016,5,5,47.2,,,,,
Alexandra Road,S77,2016,5,6,0.0,,,,,
Alexandra Road,S77,2016,5,7,0.0,,,,,
Alexandra Road,S77,2016,5,8,0.0,,,,,
Alexandra Road,S77,2016,5,9,0.0,,,,,
Alexandra Road,S77,2016,5,10,0.0,,,,,
Alexandra Road,S77,2016,5,11,18.6,,,,,
Alexandra Road,S77,2016,5,12,0.0,,,,,
Alexandra Road,S77,2016,5,13,6.4,,,,,
Alexandra Road,S77,2016,5,14,58.4,,,,,
Alexandra Road,S77,2016,5,15,0.8,,,,,
Alexandra Road,S77,2016,5,16,3.0,,,,,
Alexandra Road,S77,2016,5,17,0.2,,,,,
Alexandra Road,S77,2016,5,18,4.8,,,,,
Alexandra Road,S77,2016,5,19,0.0,,,,,
Alexandra Road,S77,2016,5,20,0.0,,,,,
Alexandra Road,S77,2016,5,21,13.4,,,,,
Alexandra Road,S77,2016,5,22,29.8,,,,,
Alexandra Road,S77,2016,5,23,0.0,,,,,
Alexandra Road,S77,2016,5,24,1.2,,,,,
Alexandra Road,S77,2016,5,25,12.4,,,,,
Alexandra Road,S77,2016,5,26,0.0,,,,,
Alexandra Road,S77,2016,5,27,0.0,,,,,
Alexandra Road,S77,2016,5,28,5.6,,,,,
Alexandra Road,S77,2016,5,29,0.8,,,,,
Alexandra Road,S77,2016,5,30,3.6,,,,,
Alexandra Road,S77,2016,5,31,0.0,,,,,
Alexandra Road,S77,2016,6,1,31.6,,,,,
Alexandra Road,S77,2016,6,2,8.8,,,,,
Alexandra Road,S77,2016,6,3,0.0,,,,,
Alexandra Road,S77,2016,6,4,2.0,,,,,
Alexandra Road,S77,2016,6,5,0.0,,,,,
Alexandra Road,S77,2016,6,6,6.2,,,,,
Alexandra Road,S77,2016,6,7,0.2,,,,,
Alexandra Road,S77,2016,6,8,40.4,,,,,
Alexandra Road,S77,2016,6,9,2.6,,,,,
Alexandra Road,S77,2016,6,10,1.4,,,,,
Alexandra Road,S77,2016,6,11,2.2,,,,,
Alexandra Road,S77,2016,6,12,0.0,,,,,
Alexandra Road,S77,2016,6,13,0.0,,,,,
Alexandra Road,S77,2016,6,14,0.0,,,,,
Alexandra Road,S77,2016,6,15,0.8,,,,,
Alexandra Road,S77,2016,6,16,12.4,,,,,
Alexandra Road,S77,2016,6,17,63.6,,,,,
Alexandra Road,S77,2016,6,18,0.6,,,,,
Alexandra Road,S77,2016,6,19,0.0,,,,,
Alexandra Road,S77,2016,6,20,0.0,,,,,
Alexandra Road,S77,2016,6,21,0.0,,,,,
Alexandra Road,S77,2016,6,22,12.4,,,,,
Alexandra Road,S77,2016,6,23,0.0,,,,,
Alexandra Road,S77,2016,6,24,44.4,,,,,
Alexandra Road,S77,2016,6,25,0.0,,,,,
Alexandra Road,S77,2016,6,26,0.0,,,,,
Alexandra Road,S77,2016,6,27,0.0,,,,,
Alexandra Road,S77,2016,6,28,0.0,,,,,
Alexandra Road,S77,2016,6,29,0.0,,,,,
Alexandra Road,S77,2016,6,30,0.0,,,,,
Alexandra Road,S77,2016,7,1,0.0,,,,,
Alexandra Road,S77,2016,7,2,0.0,,,,,
Alexandra Road,S77,2016,7,3,0.0,,,,,
Alexandra Road,S77,2016,7,4,0.0,,,,,
Alexandra Road,S77,2016,7,5,0.0,,,,,
Alexandra Road,S77,2016,7,6,0.6,,,,,
Alexandra Road,S77,2016,7,7,0.0,,,,,
Alexandra Road,S77,2016,7,8,10.6,,,,,
Alexandra Road,S77,2016,7,9,0.0,,,,,
Alexandra Road,S77,2016,7,10,0.0,,,,,
Alexandra Road,S77,2016,7,11,16.8,,,,,
Alexandra Road,S77,2016,7,12,0.0,,,,,
Alexandra Road,S77,2016,7,13,1.0,,,,,
Alexandra Road,S77,2016,7,14,4.4,,,,,
Alexandra Road,S77,2016,7,15,6.4,,,,,
Alexandra Road,S77,2016,7,16,0.0,,,,,
Alexandra Road,S77,2016,7,17,3.0,,,,,
Alexandra Road,S77,2016,7,18,12.2,,,,,
Alexandra Road,S77,2016,7,19,6.8,,,,,
Alexandra Road,S77,2016,7,20,64.2,,,,,
Alexandra Road,S77,2016,7,21,19.4,,,,,
Alexandra Road,S77,2016,7,22,20.4,,,,,
Alexandra Road,S77,2016,7,23,7.2,,,,,
Alexandra Road,S77,2016,7,24,8.8,,,,,
Alexandra Road,S77,2016,7,25,0.0,,,,,
Alexandra Road,S77,2016,7,26,6.0,,,,,
Alexandra Road,S77,2016,7,27,0.0,,,,,
Alexandra Road,S77,2016,7,28,2.2,,,,,
Alexandra Road,S77,2016,7,29,0.0,,,,,
Alexandra Road,S77,2016,7,30,0.0,,,,,
Alexandra Road,S77,2016,7,31,0.0,,,,,
Alexandra Road,S77,2016,8,1,0.0,,,,,
Alexandra Road,S77,2016,8,2,0.0,,,,,
Alexandra Road,S77,2016,8,3,9.6,,,,,
Alexandra Road,S77,2016,8,4,0.0,,,,,
Alexandra Road,S77,2016,8,5,0.0,,,,,
Alexandra Road,S77,2016,8,6,1.4,,,,,
Alexandra Road,S77,2016,8,7,0.0,,,,,
Alexandra Road,S77,2016,8,8,0.0,,,,,
Alexandra Road,S77,2016,8,9,8.8,,,,,
Alexandra Road,S77,2016,8,10,0.0,,,,,
Alexandra Road,S77,2016,8,11,0.0,,,,,
Alexandra Road,S77,2016,8,12,1.4,,,,,
Alexandra Road,S77,2016,8,13,0.0,,,,,
Alexandra Road,S77,2016,8,14,0.0,,,,,
Alexandra Road,S77,2016,8,15,0.0,,,,,
Alexandra Road,S77,2016,8,16,0.0,,,,,
Alexandra Road,S77,2016,8,17,0.0,,,,,
Alexandra Road,S77,2016,8,18,0.0,,,,,
Alexandra Road,S77,2016,8,19,29.2,,,,,
Alexandra Road,S77,2016,8,20,0.0,,,,,
Alexandra Road,S77,2016,8,21,9.6,,,,,
Alexandra Road,S77,2016,8,22,0.0,,,,,
Alexandra Road,S77,2016,8,23,0.0,,,,,
Alexandra Road,S77,2016,8,24,29.8,,,,,
Alexandra Road,S77,2016,8,25,0.0,,,,,
Alexandra Road,S77,2016,8,26,0.0,,,,,
Alexandra Road,S77,2016,8,27,1.6,,,,,
Alexandra Road,S77,2016,8,28,0.0,,,,,
Alexandra Road,S77,2016,8,29,0.0,,,,,
Alexandra Road,S77,2016,8,30,7.4,,,,,
Alexandra Road,S77,2016,8,31,1.8,,,,,
Alexandra Road,S77,2016,9,1,3.0,,,,,
Alexandra Road,S77,2016,9,2,0.0,,,,,
Alexandra Road,S77,2016,9,3,0.0,,,,,
Alexandra Road,S77,2016,9,4,8.6,,,,,
Alexandra Road,S77,2016,9,5,0.6,,,,,
Alexandra Road,S77,2016,9,6,8.0,,,,,
Alexandra Road,S77,2016,9,7,17.0,,,,,
Alexandra Road,S77,2016,9,8,0.0,,,,,
Alexandra Road,S77,2016,9,9,0.0,,,,,
Alexandra Road,S77,2016,9,10,32.0,,,,,
Alexandra Road,S77,2016,9,11,0.0,,,,,
Alexandra Road,S77,2016,9,12,1.4,,,,,
Alexandra Road,S77,2016,9,13,0.0,,,,,
Alexandra Road,S77,2016,9,14,14.2,,,,,
Alexandra Road,S77,2016,9,15,0.0,,,,,
Alexandra Road,S77,2016,9,16,25.0,,,,,
Alexandra Road,S77,2016,9,17,0.6,,,,,
Alexandra Road,S77,2016,9,18,30.4,,,,,
Alexandra Road,S77,2016,9,19,28.4,,,,,
Alexandra Road,S77,2016,9,20,16.4,,,,,
Alexandra Road,S77,2016,9,21,0.0,,,,,
Alexandra Road,S77,2016,9,22,0.0,,,,,
Alexandra Road,S77,2016,9,23,0.0,,,,,
Alexandra Road,S77,2016,9,24,0.0,,,,,
Alexandra Road,S77,2016,9,25,0.0,,,,,
Alexandra Road,S77,2016,9,26,0.0,,,,,
Alexandra Road,S77,2016,9,27,0.0,,,,,
Alexandra Road,S77,2016,9,28,0.0,,,,,
Alexandra Road,S77,2016,9,29,0.0,,,,,
Alexandra Road,S77,2016,9,30,0.0,,,,,
Alexandra Road,S77,2016,10,1,0.0,,,,,
Alexandra Road,S77,2016,10,2,0.0,,,,,
Alexandra Road,S77,2016,10,3,27.2,,,,,
Alexandra Road,S77,2016,10,4,0.0,,,,,
Alexandra Road,S77,2016,10,5,0.0,,,,,
Alexandra Road,S77,2016,10,6,7.6,,,,,
Alexandra Road,S77,2016,10,7,39.2,,,,,
Alexandra Road,S77,2016,10,8,0.0,,,,,
Alexandra Road,S77,2016,10,9,5.4,,,,,
Alexandra Road,S77,2016,10,10,0.0,,,,,
Alexandra Road,S77,2016,10,11,0.0,,,,,
Alexandra Road,S77,2016,10,12,0.0,,,,,
Alexandra Road,S77,2016,10,13,1.0,,,,,
Alexandra Road,S77,2016,10,14,49.6,,,,,
Alexandra Road,S77,2016,10,15,0.0,,,,,
Alexandra Road,S77,2016,10,16,12.0,,,,,
Alexandra Road,S77,2016,10,17,0.0,,,,,
Alexandra Road,S77,2016,10,18,0.0,,,,,
Alexandra Road,S77,2016,10,19,11.4,,,,,
Alexandra Road,S77,2016,10,20,0.0,,,,,
Alexandra Road,S77,2016,10,21,1.2,,,,,
Alexandra Road,S77,2016,10,22,3.2,,,,,
Alexandra Road,S77,2016,10,23,0.6,,,,,
Alexandra Road,S77,2016,10,24,26.0,,,,,
Alexandra Road,S77,2016,10,25,28.2,,,,,
Alexandra Road,S77,2016,10,26,1.2,,,,,
Alexandra Road,S77,2016,10,27,20.4,,,,,
Alexandra Road,S77,2016,10,28,0.2,,,,,
Alexandra Road,S77,2016,10,29,23.6,,,,,
Alexandra Road,S77,2016,10,30,1.0,,,,,
Alexandra Road,S77,2016,10,31,0.0,,,,,
Alexandra Road,S77,2016,11,1,28.8,,,,,
Alexandra Road,S77,2016,11,2,9.2,,,,,
Alexandra Road,S77,2016,11,3,1.4,,,,,
Alexandra Road,S77,2016,11,4,25.6,,,,,
Alexandra Road,S77,2016,11,5,12.0,,,,,
Alexandra Road,S77,2016,11,6,1.0,,,,,
Alexandra Road,S77,2016,11,7,2.2,,,,,
Alexandra Road,S77,2016,11,8,0.0,,,,,
Alexandra Road,S77,2016,11,9,0.0,,,,,
Alexandra Road,S77,2016,11,10,4.6,,,,,
Alexandra Road,S77,2016,11,11,15.8,,,,,
Alexandra Road,S77,2016,11,12,0.2,,,,,
Alexandra Road,S77,2016,11,13,16.6,,,,,
Alexandra Road,S77,2016,11,14,16.2,,,,,
Alexandra Road,S77,2016,11,15,29.2,,,,,
Alexandra Road,S77,2016,11,16,19.6,,,,,
Alexandra Road,S77,2016,11,17,4.4,,,,,
Alexandra Road,S77,2016,11,18,0.0,,,,,
Alexandra Road,S77,2016,11,19,6.6,,,,,
Alexandra Road,S77,2016,11,20,0.0,,,,,
Alexandra Road,S77,2016,11,21,11.0,,,,,
Alexandra Road,S77,2016,11,22,0.4,,,,,
Alexandra Road,S77,2016,11,23,0.4,,,,,
Alexandra Road,S77,2016,11,24,0.0,,,,,
Alexandra Road,S77,2016,11,25,5.2,,,,,
Alexandra Road,S77,2016,11,26,16.8,,,,,
Alexandra Road,S77,2016,11,27,7.0,,,,,
Alexandra Road,S77,2016,11,28,0.0,,,,,
Alexandra Road,S77,2016,11,29,0.0,,,,,
Alexandra Road,S77,2016,11,30,0.0,,,,,
Alexandra Road,S77,2016,12,1,5.4,,,,,
Alexandra Road,S77,2016,12,2,4.4,,,,,
Alexandra Road,S77,2016,12,3,9.2,,,,,
Alexandra Road,S77,2016,12,4,0.0,,,,,
Alexandra Road,S77,2016,12,5,7.6,,,,,
Alexandra Road,S77,2016,12,6,0.2,,,,,
Alexandra Road,S77,2016,12,7,0.0,,,,,
Alexandra Road,S77,2016,12,8,0.0,,,,,
Alexandra Road,S77,2016,12,9,3.6,,,,,
Alexandra Road,S77,2016,12,10,0.2,,,,,
Alexandra Road,S77,2016,12,11,1.2,,,,,
Alexandra Road,S77,2016,12,12,0.0,,,,,
Alexandra Road,S77,2016,12,13,0.2,,,,,
Alexandra Road,S77,2016,12,14,0.0,,,,,
Alexandra Road,S77,2016,12,15,0.0,,,,,
Alexandra Road,S77,2016,12,16,0.0,,,,,
Alexandra Road,S77,2016,12,17,2.4,,,,,
Alexandra Road,S77,2016,12,18,27.4,,,,,
Alexandra Road,S77,2016,12,19,1.4,,,,,
Alexandra Road,S77,2016,12,20,0.0,,,,,
Alexandra Road,S77,2016,12,21,0.0,,,,,
Alexandra Road,S77,2016,12,22,32.6,,,,,
Alexandra Road,S77,2016,12,23,14.2,,,,,
Alexandra Road,S77,2016,12,24,32.2,,,,,
Alexandra Road,S77,2016,12,25,11.4,,,,,
Alexandra Road,S77,2016,12,26,0.0,,,,,
Alexandra Road,S77,2016,12,27,7.2,,,,,
Alexandra Road,S77,2016,12,28,1.6,,,,,
Alexandra Road,S77,2016,12,29,0.0,,,,,
Alexandra Road,S77,2016,12,30,12.8,,,,,
Alexandra Road,S77,2016,12,31,0.0,,,,,
Alexandra Road,S77,2017,1,1,43.2,,,,,
Alexandra Road,S77,2017,1,2,3.8,,,,,
Alexandra Road,S77,2017,1,3,13.0,,,,,
Alexandra Road,S77,2017,1,4,0.8,,,,,
Alexandra Road,S77,2017,1,5,2.0,,,,,
Alexandra Road,S77,2017,1,6,0.0,,,,,
Alexandra Road,S77,2017,1,7,0.0,,,,,
Alexandra Road,S77,2017,1,8,0.0,,,,,
Alexandra Road,S77,2017,1,9,0.0,,,,,
Alexandra Road,S77,2017,1,10,0.0,,,,,
Alexandra Road,S77,2017,1,11,0.0,,,,,
Alexandra Road,S77,2017,1,12,0.0,,,,,
Alexandra Road,S77,2017,1,13,0.4,,,,,
Alexandra Road,S77,2017,1,14,0.0,,,,,
Alexandra Road,S77,2017,1,15,5.8,,,,,
Alexandra Road,S77,2017,1,16,0.0,,,,,
Alexandra Road,S77,2017,1,17,0.0,,,,,
Alexandra Road,S77,2017,1,18,20.0,,,,,
Alexandra Road,S77,2017,1,19,16.8,,,,,
Alexandra Road,S77,2017,1,20,0.6,,,,,
Alexandra Road,S77,2017,1,21,15.4,,,,,
Alexandra Road,S77,2017,1,22,18.2,,,,,
Alexandra Road,S77,2017,1,23,100.8,,,,,
Alexandra Road,S77,2017,1,24,11.0,,,,,
Alexandra Road,S77,2017,1,25,2.0,,,,,
Alexandra Road,S77,2017,1,26,1.0,,,,,
Alexandra Road,S77,2017,1,27,0.4,,,,,
Alexandra Road,S77,2017,1,28,0.0,,,,,
Alexandra Road,S77,2017,1,29,0.0,,,,,
Alexandra Road,S77,2017,1,30,1.8,,,,,
Alexandra Road,S77,2017,1,31,0.0,,,,,
Alexandra Road,S77,2017,2,1,0.0,,,,,
Alexandra Road,S77,2017,2,2,1.8,,,,,
Alexandra Road,S77,2017,2,3,18.0,,,,,
Alexandra Road,S77,2017,2,4,0.4,,,,,
Alexandra Road,S77,2017,2,5,0.0,,,,,
Alexandra Road,S77,2017,2,6,0.0,,,,,
Alexandra Road,S77,2017,2,7,0.2,,,,,
Alexandra Road,S77,2017,2,8,56.8,,,,,
Alexandra Road,S77,2017,2,9,0.2,,,,,
Alexandra Road,S77,2017,2,10,0.0,,,,,
Alexandra Road,S77,2017,2,11,0.4,,,,,
Alexandra Road,S77,2017,2,12,1.4,,,,,
Alexandra Road,S77,2017,2,13,4.8,,,,,
Alexandra Road,S77,2017,2,14,2.2,,,,,
Alexandra Road,S77,2017,2,15,8.2,,,,,
Alexandra Road,S77,2017,2,16,0.0,,,,,
Alexandra Road,S77,2017,2,17,0.0,,,,,
Alexandra Road,S77,2017,2,18,0.0,,,,,
Alexandra Road,S77,2017,2,19,0.0,,,,,
Alexandra Road,S77,2017,2,20,0.0,,,,,
Alexandra Road,S77,2017,2,21,0.0,,,,,
Alexandra Road,S77,2017,2,22,0.0,,,,,
Alexandra Road,S77,2017,2,23,0.0,,,,,
Alexandra Road,S77,2017,2,24,14.6,,,,,
Alexandra Road,S77,2017,2,25,0.6,,,,,
Alexandra Road,S77,2017,2,26,0.0,,,,,
Alexandra Road,S77,2017,2,27,1.2,,,,,
Alexandra Road,S77,2017,2,28,8.4,,,,,
Alexandra Road,S77,2017,3,1,34.0,,,,,
Alexandra Road,S77,2017,3,2,0.4,,,,,
Alexandra Road,S77,2017,3,3,5.4,,,,,
Alexandra Road,S77,2017,3,4,2.0,,,,,
Alexandra Road,S77,2017,3,5,6.4,,,,,
Alexandra Road,S77,2017,3,6,20.8,,,,,
Alexandra Road,S77,2017,3,7,0.0,,,,,
Alexandra Road,S77,2017,3,8,0.0,,,,,
Alexandra Road,S77,2017,3,9,0.0,,,,,
Alexandra Road,S77,2017,3,10,0.0,,,,,
Alexandra Road,S77,2017,3,11,8.6,,,,,
Alexandra Road,S77,2017,3,12,2.2,,,,,
Alexandra Road,S77,2017,3,13,0.0,,,,,
Alexandra Road,S77,2017,3,14,0.4,,,,,
Alexandra Road,S77,2017,3,15,0.0,,,,,
Alexandra Road,S77,2017,3,16,0.0,,,,,
Alexandra Road,S77,2017,3,17,3.0,,,,,
Alexandra Road,S77,2017,3,18,0.0,,,,,
Alexandra Road,S77,2017,3,19,0.0,,,,,
Alexandra Road,S77,2017,3,20,3.6,,,,,
Alexandra Road,S77,2017,3,21,0.0,,,,,
Alexandra Road,S77,2017,3,22,18.2,,,,,
Alexandra Road,S77,2017,3,23,0.0,,,,,
Alexandra Road,S77,2017,3,24,0.0,,,,,
Alexandra Road,S77,2017,3,25,6.4,,,,,
Alexandra Road,S77,2017,3,26,0.0,,,,,
Alexandra Road,S77,2017,3,27,12.8,,,,,
Alexandra Road,S77,2017,3,28,7.4,,,,,
Alexandra Road,S77,2017,3,29,0.0,,,,,
Alexandra Road,S77,2017,3,30,8.2,,,,,
Alexandra Road,S77,2017,3,31,0.4,,,,,
Alexandra Road,S77,2017,4,1,16.0,,,,,
Alexandra Road,S77,2017,4,2,0.0,,,,,
Alexandra Road,S77,2017,4,3,20.6,,,,,
Alexandra Road,S77,2017,4,4,8.2,,,,,
Alexandra Road,S77,2017,4,5,0.0,,,,,
Alexandra Road,S77,2017,4,6,0.0,,,,,
Alexandra Road,S77,2017,4,7,26.0,,,,,
Alexandra Road,S77,2017,4,8,1.6,,,,,
Alexandra Road,S77,2017,4,9,2.8,,,,,
Alexandra Road,S77,2017,4,10,0.0,,,,,
Alexandra Road,S77,2017,4,11,0.0,,,,,
Alexandra Road,S77,2017,4,12,27.2,,,,,
Alexandra Road,S77,2017,4,13,3.6,,,,,
Alexandra Road,S77,2017,4,14,9.4,,,,,
Alexandra Road,S77,2017,4,15,2.6,,,,,
Alexandra Road,S77,2017,4,16,0.6,,,,,
Alexandra Road,S77,2017,4,17,0.6,,,,,
Alexandra Road,S77,2017,4,18,45.0,,,,,
Alexandra Road,S77,2017,4,19,0.2,,,,,
Alexandra Road,S77,2017,4,20,0.0,,,,,
Alexandra Road,S77,2017,4,21,36.2,,,,,
Alexandra Road,S77,2017,4,22,0.4,,,,,
Alexandra Road,S77,2017,4,23,0.0,,,,,
Alexandra Road,S77,2017,4,24,1.0,,,,,
Alexandra Road,S77,2017,4,25,17.2,,,,,
Alexandra Road,S77,2017,4,26,11.6,,,,,
Alexandra Road,S77,2017,4,27,12.2,,,,,
Alexandra Road,S77,2017,4,28,4.8,,,,,
Alexandra Road,S77,2017,4,29,4.6,,,,,
Alexandra Road,S77,2017,4,30,0.0,,,,,
Alexandra Road,S77,2017,5,1,0.0,,,,,
Alexandra Road,S77,2017,5,2,8.0,,,,,
Alexandra Road,S77,2017,5,3,1.2,,,,,
Alexandra Road,S77,2017,5,4,20.4,,,,,
Alexandra Road,S77,2017,5,5,0.0,,,,,
Alexandra Road,S77,2017,5,6,7.2,,,,,
Alexandra Road,S77,2017,5,7,0.6,,,,,
Alexandra Road,S77,2017,5,8,0.2,,,,,
Alexandra Road,S77,2017,5,9,0.0,,,,,
Alexandra Road,S77,2017,5,10,1.2,,,,,
Alexandra Road,S77,2017,5,11,0.0,,,,,
Alexandra Road,S77,2017,5,12,47.0,,,,,
Alexandra Road,S77,2017,5,13,0.2,,,,,
Alexandra Road,S77,2017,5,14,0.0,,,,,
Alexandra Road,S77,2017,5,15,5.6,,,,,
Alexandra Road,S77,2017,5,16,0.0,,,,,
Alexandra Road,S77,2017,5,17,0.0,,,,,
Alexandra Road,S77,2017,5,18,0.2,,,,,
Alexandra Road,S77,2017,5,19,0.0,,,,,
Alexandra Road,S77,2017,5,20,0.0,,,,,
Alexandra Road,S77,2017,5,21,4.6,,,,,
Alexandra Road,S77,2017,5,22,20.0,,,,,
Alexandra Road,S77,2017,5,23,0.0,,,,,
Alexandra Road,S77,2017,5,24,28.8,,,,,
Alexandra Road,S77,2017,5,25,0.0,,,,,
Alexandra Road,S77,2017,5,26,28.4,,,,,
Alexandra Road,S77,2017,5,27,0.4,,,,,
Alexandra Road,S77,2017,5,28,0.0,,,,,
Alexandra Road,S77,2017,5,29,0.4,,,,,
Alexandra Road,S77,2017,5,30,23.2,,,,,
Alexandra Road,S77,2017,5,31,77.4,,,,,
Alexandra Road,S77,2017,6,1,5.2,,,,,
Alexandra Road,S77,2017,6,2,0.0,,,,,
Alexandra Road,S77,2017,6,3,0.0,,,,,
Alexandra Road,S77,2017,6,4,0.0,,,,,
Alexandra Road,S77,2017,6,5,0.0,,,,,
Alexandra Road,S77,2017,6,6,0.0,,,,,
Alexandra Road,S77,2017,6,7,0.0,,,,,
Alexandra Road,S77,2017,6,8,0.0,,,,,
Alexandra Road,S77,2017,6,9,0.0,,,,,
Alexandra Road,S77,2017,6,10,12.4,,,,,
Alexandra Road,S77,2017,6,11,0.0,,,,,
Alexandra Road,S77,2017,6,12,0.0,,,,,
Alexandra Road,S77,2017,6,13,0.0,,,,,
Alexandra Road,S77,2017,6,14,24.2,,,,,
Alexandra Road,S77,2017,6,15,0.0,,,,,
Alexandra Road,S77,2017,6,16,0.0,,,,,
Alexandra Road,S77,2017,6,17,0.0,,,,,
Alexandra Road,S77,2017,6,18,37.8,,,,,
Alexandra Road,S77,2017,6,19,0.0,,,,,
Alexandra Road,S77,2017,6,20,0.0,,,,,
Alexandra Road,S77,2017,6,21,0.0,,,,,
Alexandra Road,S77,2017,6,22,0.0,,,,,
Alexandra Road,S77,2017,6,23,27.0,,,,,
Alexandra Road,S77,2017,6,24,0.0,,,,,
Alexandra Road,S77,2017,6,25,19.0,,,,,
Alexandra Road,S77,2017,6,26,0.0,,,,,
Alexandra Road,S77,2017,6,27,2.6,,,,,
Alexandra Road,S77,2017,6,28,20.0,,,,,
Alexandra Road,S77,2017,6,29,7.4,,,,,
Alexandra Road,S77,2017,6,30,0.0,,,,,
Alexandra Road,S77,2017,7,1,0.0,,,,,
Alexandra Road,S77,2017,7,2,0.0,,,,,
Alexandra Road,S77,2017,7,3,1.6,,,,,
Alexandra Road,S77,2017,7,4,0.0,,,,,
Alexandra Road,S77,2017,7,5,10.8,,,,,
Alexandra Road,S77,2017,7,6,0.0,,,,,
Alexandra Road,S77,2017,7,7,0.0,,,,,
Alexandra Road,S77,2017,7,8,10.2,,,,,
Alexandra Road,S77,2017,7,9,0.4,,,,,
Alexandra Road,S77,2017,7,10,0.0,,,,,
Alexandra Road,S77,2017,7,11,11.2,,,,,
Alexandra Road,S77,2017,7,12,18.0,,,,,
Alexandra Road,S77,2017,7,13,6.2,,,,,
Alexandra Road,S77,2017,7,14,85.0,,,,,
Alexandra Road,S77,2017,7,15,7.4,,,,,
Alexandra Road,S77,2017,7,16,0.2,,,,,
Alexandra Road,S77,2017,7,17,0.0,,,,,
Alexandra Road,S77,2017,7,18,0.0,,,,,
Alexandra Road,S77,2017,7,19,0.0,,,,,
Alexandra Road,S77,2017,7,20,0.0,,,,,
Alexandra Road,S77,2017,7,21,0.0,,,,,
Alexandra Road,S77,2017,7,22,0.0,,,,,
Alexandra Road,S77,2017,7,23,0.0,,,,,
Alexandra Road,S77,2017,7,24,0.0,,,,,
Alexandra Road,S77,2017,7,25,0.0,,,,,
Alexandra Road,S77,2017,7,26,12.8,,,,,
Alexandra Road,S77,2017,7,27,0.0,,,,,
Alexandra Road,S77,2017,7,28,0.0,,,,,
Alexandra Road,S77,2017,7,29,0.0,,,,,
Alexandra Road,S77,2017,7,30,0.0,,,,,
Alexandra Road,S77,2017,7,31,0.0,,,,,
Alexandra Road,S77,2017,8,1,0.4,,,,,
Alexandra Road,S77,2017,8,2,0.0,,,,,
Alexandra Road,S77,2017,8,3,0.0,,,,,
Alexandra Road,S77,2017,8,4,0.0,,,,,
Alexandra Road,S77,2017,8,5,0.0,,,,,
Alexandra Road,S77,2017,8,6,7.2,,,,,
Alexandra Road,S77,2017,8,7,0.6,,,,,
Alexandra Road,S77,2017,8,8,7.0,,,,,
Alexandra Road,S77,2017,8,9,0.8,,,,,
Alexandra Road,S77,2017,8,10,0.0,,,,,
Alexandra Road,S77,2017,8,11,30.8,,,,,
Alexandra Road,S77,2017,8,12,10.8,,,,,
Alexandra Road,S77,2017,8,13,0.6,,,,,
Alexandra Road,S77,2017,8,14,0.0,,,,,
Alexandra Road,S77,2017,8,15,1.0,,,,,
Alexandra Road,S77,2017,8,16,0.0,,,,,
Alexandra Road,S77,2017,8,17,53.4,,,,,
Alexandra Road,S77,2017,8,18,1.2,,,,,
Alexandra Road,S77,2017,8,19,0.2,,,,,
Alexandra Road,S77,2017,8,20,9.8,,,,,
Alexandra Road,S77,2017,8,21,0.0,,,,,
Alexandra Road,S77,2017,8,22,0.2,,,,,
Alexandra Road,S77,2017,8,23,0.0,,,,,
Alexandra Road,S77,2017,8,24,0.0,,,,,
Alexandra Road,S77,2017,8,25,0.0,,,,,
Alexandra Road,S77,2017,8,26,0.0,,,,,
Alexandra Road,S77,2017,8,27,47.8,,,,,
Alexandra Road,S77,2017,8,28,1.0,,,,,
Alexandra Road,S77,2017,8,29,1.0,,,,,
Alexandra Road,S77,2017,8,30,0.0,,,,,
Alexandra Road,S77,2017,8,31,0.0,,,,,
Alexandra Road,S77,2017,9,1,0.0,,,,,
Alexandra Road,S77,2017,9,2,0.0,,,,,
Alexandra Road,S77,2017,9,3,0.8,,,,,
Alexandra Road,S77,2017,9,4,0.0,,,,,
Alexandra Road,S77,2017,9,5,1.2,,,,,
Alexandra Road,S77,2017,9,6,3.2,,,,,
Alexandra Road,S77,2017,9,7,0.0,,,,,
Alexandra Road,S77,2017,9,8,0.0,,,,,
Alexandra Road,S77,2017,9,9,5.2,,,,,
Alexandra Road,S77,2017,9,10,2.4,,,,,
Alexandra Road,S77,2017,9,11,20.0,,,,,
Alexandra Road,S77,2017,9,12,0.0,,,,,
Alexandra Road,S77,2017,9,13,0.0,,,,,
Alexandra Road,S77,2017,9,14,1.2,,,,,
Alexandra Road,S77,2017,9,15,29.2,,,,,
Alexandra Road,S77,2017,9,16,17.2,,,,,
Alexandra Road,S77,2017,9,17,15.0,,,,,
Alexandra Road,S77,2017,9,18,28.2,,,,,
Alexandra Road,S77,2017,9,19,2.4,,,,,
Alexandra Road,S77,2017,9,20,16.8,,,,,
Alexandra Road,S77,2017,9,21,6.8,,,,,
Alexandra Road,S77,2017,9,22,0.4,,,,,
Alexandra Road,S77,2017,9,23,0.0,,,,,
Alexandra Road,S77,2017,9,24,3.8,,,,,
Alexandra Road,S77,2017,9,25,0.0,,,,,
Alexandra Road,S77,2017,9,26,29.6,,,,,
Alexandra Road,S77,2017,9,27,0.0,,,,,
Alexandra Road,S77,2017,9,28,0.0,,,,,
Alexandra Road,S77,2017,9,29,16.6,,,,,
Alexandra Road,S77,2017,9,30,0.6,,,,,
Alexandra Road,S77,2017,10,1,7.4,,,,,
Alexandra Road,S77,2017,10,2,0.0,,,,,
Alexandra Road,S77,2017,10,3,0.6,,,,,
Alexandra Road,S77,2017,10,4,1.8,,,,,
Alexandra Road,S77,2017,10,5,0.0,,,,,
Alexandra Road,S77,2017,10,6,12.6,,,,,
Alexandra Road,S77,2017,10,7,34.6,,,,,
Alexandra Road,S77,2017,10,8,12.8,,,,,
Alexandra Road,S77,2017,10,9,9.6,,,,,
Alexandra Road,S77,2017,10,10,7.6,,,,,
Alexandra Road,S77,2017,10,11,8.0,,,,,
Alexandra Road,S77,2017,10,12,27.0,,,,,
Alexandra Road,S77,2017,10,13,0.8,,,,,
Alexandra Road,S77,2017,10,14,0.0,,,,,
Alexandra Road,S77,2017,10,15,0.0,,,,,
Alexandra Road,S77,2017,10,16,0.0,,,,,
Alexandra Road,S77,2017,10,17,0.0,,,,,
Alexandra Road,S77,2017,10,18,0.0,,,,,
Alexandra Road,S77,2017,10,19,0.0,,,,,
Alexandra Road,S77,2017,10,20,0.0,,,,,
Alexandra Road,S77,2017,10,21,0.2,,,,,
Alexandra Road,S77,2017,10,22,0.0,,,,,
Alexandra Road,S77,2017,10,23,3.4,,,,,
Alexandra Road,S77,2017,10,24,0.0,,,,,
Alexandra Road,S77,2017,10,25,0.4,,,,,
Alexandra Road,S77,2017,10,26,1.4,,,,,
Alexandra Road,S77,2017,10,27,0.8,,,,,
Alexandra Road,S77,2017,10,28,0.0,,,,,
Alexandra Road,S77,2017,10,29,0.0,,,,,
Alexandra Road,S77,2017,10,30,70.8,,,,,
Alexandra Road,S77,2017,10,31,3.4,,,,,
Alexandra Road,S77,2017,11,1,0.0,,,,,
Alexandra Road,S77,2017,11,2,0.0,,,,,
Alexandra Road,S77,2017,11,3,7.8,,,,,
Alexandra Road,S77,2017,11,4,5.8,,,,,
Alexandra Road,S77,2017,11,5,1.6,,,,,
Alexandra Road,S77,2017,11,6,54.4,,,,,
Alexandra Road,S77,2017,11,7,0.6,,,,,
Alexandra Road,S77,2017,11,8,18.4,,,,,
Alexandra Road,S77,2017,11,9,6.2,,,,,
Alexandra Road,S77,2017,11,10,26.4,,,,,
Alexandra Road,S77,2017,11,11,1.0,,,,,
Alexandra Road,S77,2017,11,12,6.8,,,,,
Alexandra Road,S77,2017,11,13,3.8,,,,,
Alexandra Road,S77,2017,11,14,70.0,,,,,
Alexandra Road,S77,2017,11,15,0.0,,,,,
Alexandra Road,S77,2017,11,16,0.0,,,,,
Alexandra Road,S77,2017,11,17,14.0,,,,,
Alexandra Road,S77,2017,11,18,2.0,,,,,
Alexandra Road,S77,2017,11,19,0.0,,,,,
Alexandra Road,S77,2017,11,20,0.4,,,,,
Alexandra Road,S77,2017,11,21,11.0,,,,,
Alexandra Road,S77,2017,11,22,71.2,,,,,
Alexandra Road,S77,2017,11,23,3.4,,,,,
Alexandra Road,S77,2017,11,24,1.0,,,,,
Alexandra Road,S77,2017,11,25,36.2,,,,,
Alexandra Road,S77,2017,11,26,5.0,,,,,
Alexandra Road,S77,2017,11,27,1.8,,,,,
Alexandra Road,S77,2017,11,28,2.2,,,,,
Alexandra Road,S77,2017,11,29,4.0,,,,,
Alexandra Road,S77,2017,11,30,2.6,,,,,
Alexandra Road,S77,2017,12,1,0.0,,,,,
Alexandra Road,S77,2017,12,2,0.0,,,,,
Alexandra Road,S77,2017,12,3,0.0,,,,,
Alexandra Road,S77,2017,12,4,1.0,,,,,
Alexandra Road,S77,2017,12,5,0.0,,,,,
Alexandra Road,S77,2017,12,6,0.8,,,,,
Alexandra Road,S77,2017,12,7,2.4,,,,,
Alexandra Road,S77,2017,12,8,0.0,,,,,
Alexandra Road,S77,2017,12,9,0.0,,,,,
Alexandra Road,S77,2017,12,10,0.6,,,,,
Alexandra Road,S77,2017,12,11,14.4,,,,,
Alexandra Road,S77,2017,12,12,5.4,,,,,
Alexandra Road,S77,2017,12,13,1.0,,,,,
Alexandra Road,S77,2017,12,14,0.0,,,,,
Alexandra Road,S77,2017,12,15,8.2,,,,,
Alexandra Road,S77,2017,12,16,21.8,,,,,
Alexandra Road,S77,2017,12,17,0.0,,,,,
Alexandra Road,S77,2017,12,18,0.0,,,,,
Alexandra Road,S77,2017,12,19,0.4,,,,,
Alexandra Road,S77,2017,12,20,0.0,,,,,
Alexandra Road,S77,2017,12,21,0.0,,,,,
Alexandra Road,S77,2017,12,22,20.4,,,,,
Alexandra Road,S77,2017,12,23,4.4,,,,,
Alexandra Road,S77,2017,12,24,0.0,,,,,
Alexandra Road,S77,2017,12,25,3.8,,,,,
Alexandra Road,S77,2017,12,26,2.8,,,,,
Alexandra Road,S77,2017,12,27,2.6,,,,,
Alexandra Road,S77,2017,12,28,5.0,,,,,
Alexandra Road,S77,2017,12,29,2.8,,,,,
Alexandra Road,S77,2017,12,30,21.6,,,,,
Alexandra Road,S77,2017,12,31,93.4,,,,,
Alexandra Road,S77,2018,1,1,38.4,,,,,
Alexandra Road,S77,2018,1,2,29.6,,,,,
Alexandra Road,S77,2018,1,3,,,,,,
Alexandra Road,S77,2018,1,4,1.0,,,,,
Alexandra Road,S77,2018,1,5,25.8,,,,,
Alexandra Road,S77,2018,1,6,0.0,,,,,
Alexandra Road,S77,2018,1,7,0.0,,,,,
Alexandra Road,S77,2018,1,8,23.2,,,,,
Alexandra Road,S77,2018,1,9,41.2,,,,,
Alexandra Road,S77,2018,1,10,17.0,,,,,
Alexandra Road,S77,2018,1,11,11.6,,,,,
Alexandra Road,S77,2018,1,12,6.6,,,,,
Alexandra Road,S77,2018,1,13,12.6,,,,,
Alexandra Road,S77,2018,1,14,6.6,,,,,
Alexandra Road,S77,2018,1,15,0.6,,,,,
Alexandra Road,S77,2018,1,16,0.0,,,,,
Alexandra Road,S77,2018,1,17,0.0,,,,,
Alexandra Road,S77,2018,1,18,0.8,,,,,
Alexandra Road,S77,2018,1,19,4.0,,,,,
Alexandra Road,S77,2018,1,20,11.8,,,,,
Alexandra Road,S77,2018,1,21,0.6,,,,,
Alexandra Road,S77,2018,1,22,0.0,,,,,
Alexandra Road,S77,2018,1,23,4.4,,,,,
Alexandra Road,S77,2018,1,24,43.4,,,,,
Alexandra Road,S77,2018,1,25,0.2,,,,,
Alexandra Road,S77,2018,1,26,24.0,,,,,
Alexandra Road,S77,2018,1,27,0.0,,,,,
Alexandra Road,S77,2018,1,28,3.4,,,,,
Alexandra Road,S77,2018,1,29,0.2,,,,,
Alexandra Road,S77,2018,1,30,0.6,,,,,
Alexandra Road,S77,2018,1,31,2.2,,,,,
Alexandra Road,S77,2018,2,1,7.8,,,,,
Alexandra Road,S77,2018,2,2,1.4,,,,,
Alexandra Road,S77,2018,2,3,0.6,,,,,
Alexandra Road,S77,2018,2,4,3.6,,,,,
Alexandra Road,S77,2018,2,5,0.0,,,,,
Alexandra Road,S77,2018,2,6,0.0,,,,,
Alexandra Road,S77,2018,2,7,0.0,,,,,
Alexandra Road,S77,2018,2,8,0.0,,,,,
Alexandra Road,S77,2018,2,9,0.0,,,,,
Alexandra Road,S77,2018,2,10,0.0,,,,,
Alexandra Road,S77,2018,2,11,0.0,,,,,
Alexandra Road,S77,2018,2,12,0.0,,,,,
Alexandra Road,S77,2018,2,13,0.0,,,,,
Alexandra Road,S77,2018,2,14,0.0,,,,,
Alexandra Road,S77,2018,2,15,0.0,,,,,
Alexandra Road,S77,2018,2,16,0.0,,,,,
Alexandra Road,S77,2018,2,17,0.0,,,,,
Alexandra Road,S77,2018,2,18,0.0,,,,,
Alexandra Road,S77,2018,2,19,0.0,,,,,
Alexandra Road,S77,2018,2,20,0.0,,,,,
Alexandra Road,S77,2018,2,21,0.0,,,,,
Alexandra Road,S77,2018,2,22,0.0,,,,,
Alexandra Road,S77,2018,2,23,14.8,,,,,
Alexandra Road,S77,2018,2,24,0.2,,,,,
Alexandra Road,S77,2018,2,25,0.0,,,,,
Alexandra Road,S77,2018,2,26,0.0,,,,,
Alexandra Road,S77,2018,2,27,0.0,,,,,
Alexandra Road,S77,2018,2,28,4.8,,,,,
Alexandra Road,S77,2018,3,1,0.0,,,,,
Alexandra Road,S77,2018,3,2,4.6,,,,,
Alexandra Road,S77,2018,3,3,13.8,,,,,
Alexandra Road,S77,2018,3,4,23.2,,,,,
Alexandra Road,S77,2018,3,5,0.2,,,,,
Alexandra Road,S77,2018,3,6,0.0,,,,,
Alexandra Road,S77,2018,3,7,4.0,,,,,
Alexandra Road,S77,2018,3,8,0.0,,,,,
Alexandra Road,S77,2018,3,9,0.0,,,,,
Alexandra Road,S77,2018,3,10,4.8,,,,,
Alexandra Road,S77,2018,3,11,0.0,,,,,
Alexandra Road,S77,2018,3,12,12.6,,,,,
Alexandra Road,S77,2018,3,13,0.0,,,,,
Alexandra Road,S77,2018,3,14,0.0,,,,,
Alexandra Road,S77,2018,3,15,0.0,,,,,
Alexandra Road,S77,2018,3,16,5.4,,,,,
Alexandra Road,S77,2018,3,17,0.0,,,,,
Alexandra Road,S77,2018,3,18,0.0,,,,,
Alexandra Road,S77,2018,3,19,9.4,,,,,
Alexandra Road,S77,2018,3,20,21.6,,,,,
Alexandra Road,S77,2018,3,21,0.0,,,,,
Alexandra Road,S77,2018,3,22,0.0,,,,,
Alexandra Road,S77,2018,3,23,0.0,,,,,
Alexandra Road,S77,2018,3,24,93.2,,,,,
Alexandra Road,S77,2018,3,25,0.6,,,,,
Alexandra Road,S77,2018,3,26,15.4,,,,,
Alexandra Road,S77,2018,3,27,8.2,,,,,
Alexandra Road,S77,2018,3,28,0.0,,,,,
Alexandra Road,S77,2018,3,29,0.0,,,,,
Alexandra Road,S77,2018,3,30,11.2,,,,,
Alexandra Road,S77,2018,3,31,0.0,,,,,
Alexandra Road,S77,2018,4,1,20.0,,,,,
Alexandra Road,S77,2018,4,2,0.6,,,,,
Alexandra Road,S77,2018,4,3,0.8,,,,,
Alexandra Road,S77,2018,4,4,0.0,,,,,
Alexandra Road,S77,2018,4,5,0.0,,,,,
Alexandra Road,S77,2018,4,6,0.0,,,,,
Alexandra Road,S77,2018,4,7,1.2,,,,,
Alexandra Road,S77,2018,4,8,0.0,,,,,
Alexandra Road,S77,2018,4,9,0.0,,,,,
Alexandra Road,S77,2018,4,10,0.0,,,,,
Alexandra Road,S77,2018,4,11,0.0,,,,,
Alexandra Road,S77,2018,4,12,0.4,,,,,
Alexandra Road,S77,2018,4,13,0.2,,,,,
Alexandra Road,S77,2018,4,14,16.0,,,,,
Alexandra Road,S77,2018,4,15,8.0,,,,,
Alexandra Road,S77,2018,4,16,0.8,,,,,
Alexandra Road,S77,2018,4,17,4.6,,,,,
Alexandra Road,S77,2018,4,18,0.0,,,,,
Alexandra Road,S77,2018,4,19,46.8,,,,,
Alexandra Road,S77,2018,4,20,21.4,,,,,
Alexandra Road,S77,2018,4,21,10.6,,,,,
Alexandra Road,S77,2018,4,22,7.0,,,,,
Alexandra Road,S77,2018,4,23,34.6,,,,,
Alexandra Road,S77,2018,4,24,2.8,,,,,
Alexandra Road,S77,2018,4,25,0.0,,,,,
Alexandra Road,S77,2018,4,26,0.4,,,,,
Alexandra Road,S77,2018,4,27,24.4,,,,,
Alexandra Road,S77,2018,4,28,0.0,,,,,
Alexandra Road,S77,2018,4,29,0.0,,,,,
Alexandra Road,S77,2018,4,30,0.0,,,,,
Alexandra Road,S77,2018,5,1,20.4,,,,,
Alexandra Road,S77,2018,5,2,1.2,,,,,
Alexandra Road,S77,2018,5,3,5.4,,,,,
Alexandra Road,S77,2018,5,4,0.0,,,,,
Alexandra Road,S77,2018,5,5,0.0,,,,,
Alexandra Road,S77,2018,5,6,0.0,,,,,
Alexandra Road,S77,2018,5,7,0.0,,,,,
Alexandra Road,S77,2018,5,8,0.0,,,,,
Alexandra Road,S77,2018,5,9,0.0,,,,,
Alexandra Road,S77,2018,5,10,0.0,,,,,
Alexandra Road,S77,2018,5,11,0.0,,,,,
Alexandra Road,S77,2018,5,12,0.0,,,,,
Alexandra Road,S77,2018,5,13,1.0,,,,,
Alexandra Road,S77,2018,5,14,5.2,,,,,
Alexandra Road,S77,2018,5,15,4.8,,,,,
Alexandra Road,S77,2018,5,16,0.2,,,,,
Alexandra Road,S77,2018,5,17,0.0,,,,,
Alexandra Road,S77,2018,5,18,1.4,,,,,
Alexandra Road,S77,2018,5,19,25.6,,,,,
Alexandra Road,S77,2018,5,20,17.0,,,,,
Alexandra Road,S77,2018,5,21,0.0,,,,,
Alexandra Road,S77,2018,5,22,1.6,,,,,
Alexandra Road,S77,2018,5,23,1.8,,,,,
Alexandra Road,S77,2018,5,24,0.2,,,,,
Alexandra Road,S77,2018,5,25,9.8,,,,,
Alexandra Road,S77,2018,5,26,73.8,,,,,
Alexandra Road,S77,2018,5,27,1.4,,,,,
Alexandra Road,S77,2018,5,28,5.8,,,,,
Alexandra Road,S77,2018,5,29,4.4,,,,,
Alexandra Road,S77,2018,5,30,5.4,,,,,
Alexandra Road,S77,2018,5,31,0.6,,,,,
Alexandra Road,S77,2018,6,1,19.4,,,,,
Alexandra Road,S77,2018,6,2,21.4,,,,,
Alexandra Road,S77,2018,6,3,0.0,,,,,
Alexandra Road,S77,2018,6,4,0.0,,,,,
Alexandra Road,S77,2018,6,5,0.0,,,,,
Alexandra Road,S77,2018,6,6,0.0,,,,,
Alexandra Road,S77,2018,6,7,0.0,,,,,
Alexandra Road,S77,2018,6,8,38.0,,,,,
Alexandra Road,S77,2018,6,9,0.0,,,,,
Alexandra Road,S77,2018,6,10,0.0,,,,,
Alexandra Road,S77,2018,6,11,0.0,,,,,
Alexandra Road,S77,2018,6,12,0.0,,,,,
Alexandra Road,S77,2018,6,13,24.8,,,,,
Alexandra Road,S77,2018,6,14,0.0,,,,,
Alexandra Road,S77,2018,6,15,15.0,,,,,
Alexandra Road,S77,2018,6,16,0.0,,,,,
Alexandra Road,S77,2018,6,17,0.0,,,,,
Alexandra Road,S77,2018,6,18,16.0,,,,,
Alexandra Road,S77,2018,6,19,3.0,,,,,
Alexandra Road,S77,2018,6,20,20.6,,,,,
Alexandra Road,S77,2018,6,21,0.2,,,,,
Alexandra Road,S77,2018,6,22,0.0,,,,,
Alexandra Road,S77,2018,6,23,0.6,,,,,
Alexandra Road,S77,2018,6,24,22.0,,,,,
Alexandra Road,S77,2018,6,25,8.8,,,,,
Alexandra Road,S77,2018,6,26,71.8,,,,,
Alexandra Road,S77,2018,6,27,11.0,,,,,
Alexandra Road,S77,2018,6,28,0.0,,,,,
Alexandra Road,S77,2018,6,29,24.6,,,,,
Alexandra Road,S77,2018,6,30,0.0,,,,,
Alexandra Road,S77,2018,7,1,0.8,,,,,
Alexandra Road,S77,2018,7,2,1.0,,,,,
Alexandra Road,S77,2018,7,3,0.8,,,,,
Alexandra Road,S77,2018,7,4,0.0,,,,,
Alexandra Road,S77,2018,7,5,0.0,,,,,
Alexandra Road,S77,2018,7,6,0.0,,,,,
Alexandra Road,S77,2018,7,7,0.0,,,,,
Alexandra Road,S77,2018,7,8,0.0,,,,,
Alexandra Road,S77,2018,7,9,0.4,,,,,
Alexandra Road,S77,2018,7,10,6.6,,,,,
Alexandra Road,S77,2018,7,11,0.0,,,,,
Alexandra Road,S77,2018,7,12,0.0,,,,,
Alexandra Road,S77,2018,7,13,0.0,,,,,
Alexandra Road,S77,2018,7,14,0.0,,,,,
Alexandra Road,S77,2018,7,15,5.6,,,,,
Alexandra Road,S77,2018,7,16,0.0,,,,,
Alexandra Road,S77,2018,7,17,0.0,,,,,
Alexandra Road,S77,2018,7,18,0.0,,,,,
Alexandra Road,S77,2018,7,19,12.2,,,,,
Alexandra Road,S77,2018,7,20,7.8,,,,,
Alexandra Road,S77,2018,7,21,8.4,,,,,
Alexandra Road,S77,2018,7,22,2.6,,,,,
Alexandra Road,S77,2018,7,23,0.0,,,,,
Alexandra Road,S77,2018,7,24,0.0,,,,,
Alexandra Road,S77,2018,7,25,0.8,,,,,
Alexandra Road,S77,2018,7,26,0.0,,,,,
Alexandra Road,S77,2018,7,27,0.0,,,,,
Alexandra Road,S77,2018,7,28,0.0,,,,,
Alexandra Road,S77,2018,7,29,0.0,,,,,
Alexandra Road,S77,2018,7,30,18.2,,,,,
Alexandra Road,S77,2018,7,31,0.2,,,,,
Alexandra Road,S77,2018,8,1,0.8,,,,,
Alexandra Road,S77,2018,8,2,0.0,,,,,
Alexandra Road,S77,2018,8,3,0.0,,,,,
Alexandra Road,S77,2018,8,4,1.6,,,,,
Alexandra Road,S77,2018,8,5,3.4,,,,,
Alexandra Road,S77,2018,8,6,0.0,,,,,
Alexandra Road,S77,2018,8,7,0.0,,,,,
Alexandra Road,S77,2018,8,8,0.4,,,,,
Alexandra Road,S77,2018,8,9,0.0,,,,,
Alexandra Road,S77,2018,8,10,0.0,,,,,
Alexandra Road,S77,2018,8,11,0.0,,,,,
Alexandra Road,S77,2018,8,12,0.0,,,,,
Alexandra Road,S77,2018,8,13,0.0,,,,,
Alexandra Road,S77,2018,8,14,1.8,,,,,
Alexandra Road,S77,2018,8,15,0.0,,,,,
Alexandra Road,S77,2018,8,16,0.0,,,,,
Alexandra Road,S77,2018,8,17,21.4,,,,,
Alexandra Road,S77,2018,8,18,0.0,,,,,
Alexandra Road,S77,2018,8,19,0.0,,,,,
Alexandra Road,S77,2018,8,20,0.0,,,,,
Alexandra Road,S77,2018,8,21,0.0,,,,,
Alexandra Road,S77,2018,8,22,33.0,,,,,
Alexandra Road,S77,2018,8,23,0.0,,,,,
Alexandra Road,S77,2018,8,24,9.6,,,,,
Alexandra Road,S77,2018,8,25,0.0,,,,,
Alexandra Road,S77,2018,8,26,0.0,,,,,
Alexandra Road,S77,2018,8,27,0.0,,,,,
Alexandra Road,S77,2018,8,28,0.0,,,,,
Alexandra Road,S77,2018,8,29,0.0,,,,,
Alexandra Road,S77,2018,8,30,0.0,,,,,
Alexandra Road,S77,2018,8,31,46.0,,,,,
Alexandra Road,S77,2018,9,1,0.0,,,,,
Alexandra Road,S77,2018,9,2,9.6,,,,,
Alexandra Road,S77,2018,9,3,0.0,,,,,
Alexandra Road,S77,2018,9,4,15.0,,,,,
Alexandra Road,S77,2018,9,5,0.0,,,,,
Alexandra Road,S77,2018,9,6,0.0,,,,,
Alexandra Road,S77,2018,9,7,37.0,,,,,
Alexandra Road,S77,2018,9,8,51.8,,,,,
Alexandra Road,S77,2018,9,9,5.6,,,,,
Alexandra Road,S77,2018,9,10,2.4,,,,,
Alexandra Road,S77,2018,9,11,0.2,,,,,
Alexandra Road,S77,2018,9,12,0.0,,,,,
Alexandra Road,S77,2018,9,13,0.0,,,,,
Alexandra Road,S77,2018,9,14,0.0,,,,,
Alexandra Road,S77,2018,9,15,0.0,,,,,
Alexandra Road,S77,2018,9,16,0.0,,,,,
Alexandra Road,S77,2018,9,17,0.0,,,,,
Alexandra Road,S77,2018,9,18,0.6,,,,,
Alexandra Road,S77,2018,9,19,32.6,,,,,
Alexandra Road,S77,2018,9,20,7.6,,,,,
Alexandra Road,S77,2018,9,21,5.4,,,,,
Alexandra Road,S77,2018,9,22,0.0,,,,,
Alexandra Road,S77,2018,9,23,0.0,,,,,
Alexandra Road,S77,2018,9,24,0.0,,,,,
Alexandra Road,S77,2018,9,25,0.0,,,,,
Alexandra Road,S77,2018,9,26,0.0,,,,,
Alexandra Road,S77,2018,9,27,0.0,,,,,
Alexandra Road,S77,2018,9,28,0.0,,,,,
Alexandra Road,S77,2018,9,29,0.0,,,,,
Alexandra Road,S77,2018,9,30,0.0,,,,,
Alexandra Road,S77,2018,10,1,0.0,,,,,
Alexandra Road,S77,2018,10,2,0.0,,,,,
Alexandra Road,S77,2018,10,3,0.0,,,,,
Alexandra Road,S77,2018,10,4,0.0,,,,,
Alexandra Road,S77,2018,10,5,0.0,,,,,
Alexandra Road,S77,2018,10,6,0.0,,,,,
Alexandra Road,S77,2018,10,7,0.0,,,,,
Alexandra Road,S77,2018,10,8,1.6,,,,,
Alexandra Road,S77,2018,10,9,27.6,,,,,
Alexandra Road,S77,2018,10,10,24.8,,,,,
Alexandra Road,S77,2018,10,11,25.4,,,,,
Alexandra Road,S77,2018,10,12,5.2,,,,,
Alexandra Road,S77,2018,10,13,30.4,,,,,
Alexandra Road,S77,2018,10,14,7.6,,,,,
Alexandra Road,S77,2018,10,15,0.0,,,,,
Alexandra Road,S77,2018,10,16,0.0,,,,,
Alexandra Road,S77,2018,10,17,0.0,,,,,
Alexandra Road,S77,2018,10,18,1.2,,,,,
Alexandra Road,S77,2018,10,19,2.2,,,,,
Alexandra Road,S77,2018,10,20,0.0,,,,,
Alexandra Road,S77,2018,10,21,0.0,,,,,
Alexandra Road,S77,2018,10,22,0.0,,,,,
Alexandra Road,S77,2018,10,23,13.4,,,,,
Alexandra Road,S77,2018,10,24,4.2,,,,,
Alexandra Road,S77,2018,10,25,0.0,,,,,
Alexandra Road,S77,2018,10,26,0.2,,,,,
Alexandra Road,S77,2018,10,27,0.0,,,,,
Alexandra Road,S77,2018,10,28,1.2,,,,,
Alexandra Road,S77,2018,10,29,6.4,,,,,
Alexandra Road,S77,2018,10,30,11.4,,,,,
Alexandra Road,S77,2018,10,31,0.0,,,,,
Alexandra Road,S77,2018,11,1,3.6,,,,,
Alexandra Road,S77,2018,11,2,3.0,,,,,
Alexandra Road,S77,2018,11,3,1.0,,,,,
Alexandra Road,S77,2018,11,4,15.8,,,,,
Alexandra Road,S77,2018,11,5,0.2,,,,,
Alexandra Road,S77,2018,11,6,3.8,,,,,
Alexandra Road,S77,2018,11,7,18.0,,,,,
Alexandra Road,S77,2018,11,8,16.6,,,,,
Alexandra Road,S77,2018,11,9,5.8,,,,,
Alexandra Road,S77,2018,11,10,4.6,,,,,
Alexandra Road,S77,2018,11,11,68.6,,,,,
Alexandra Road,S77,2018,11,12,23.0,,,,,
Alexandra Road,S77,2018,11,13,0.4,,,,,
Alexandra Road,S77,2018,11,14,45.0,,,,,
Alexandra Road,S77,2018,11,15,13.2,,,,,
Alexandra Road,S77,2018,11,16,0.0,,,,,
Alexandra Road,S77,2018,11,17,13.8,,,,,
Alexandra Road,S77,2018,11,18,5.6,,,,,
Alexandra Road,S77,2018,11,19,2.6,,,,,
Alexandra Road,S77,2018,11,20,0.2,,,,,
Alexandra Road,S77,2018,11,21,20.4,,,,,
Alexandra Road,S77,2018,11,22,6.4,,,,,
Alexandra Road,S77,2018,11,23,28.8,,,,,
Alexandra Road,S77,2018,11,24,0.0,,,,,
Alexandra Road,S77,2018,11,25,3.8,,,,,
Alexandra Road,S77,2018,11,26,12.0,,,,,
Alexandra Road,S77,2018,11,27,11.4,,,,,
Alexandra Road,S77,2018,11,28,0.6,,,,,
Alexandra Road,S77,2018,11,29,5.2,,,,,
Alexandra Road,S77,2018,11,30,2.6,,,,,
Alexandra Road,S77,2018,12,1,38.6,,,,,
Alexandra Road,S77,2018,12,2,22.0,,,,,
Alexandra Road,S77,2018,12,3,9.0,,,,,
Alexandra Road,S77,2018,12,4,0.0,,,,,
Alexandra Road,S77,2018,12,5,13.8,,,,,
Alexandra Road,S77,2018,12,6,3.4,,,,,
Alexandra Road,S77,2018,12,7,0.0,,,,,
Alexandra Road,S77,2018,12,8,12.2,,,,,
Alexandra Road,S77,2018,12,9,5.0,,,,,
Alexandra Road,S77,2018,12,10,17.6,,,,,
Alexandra Road,S77,2018,12,11,8.6,,,,,
Alexandra Road,S77,2018,12,12,28.8,,,,,
Alexandra Road,S77,2018,12,13,0.0,,,,,
Alexandra Road,S77,2018,12,14,0.0,,,,,
Alexandra Road,S77,2018,12,15,19.8,,,,,
Alexandra Road,S77,2018,12,16,26.0,,,,,
Alexandra Road,S77,2018,12,17,0.0,,,,,
Alexandra Road,S77,2018,12,18,0.0,,,,,
Alexandra Road,S77,2018,12,19,0.0,,,,,
Alexandra Road,S77,2018,12,20,0.0,,,,,
Alexandra Road,S77,2018,12,21,1.2,,,,,
Alexandra Road,S77,2018,12,22,3.4,,,,,
Alexandra Road,S77,2018,12,23,0.2,,,,,
Alexandra Road,S77,2018,12,24,0.0,,,,,
Alexandra Road,S77,2018,12,25,0.0,,,,,
Alexandra Road,S77,2018,12,26,3.8,,,,,
Alexandra Road,S77,2018,12,27,0.0,,,,,
Alexandra Road,S77,2018,12,28,0.0,,,,,
Alexandra Road,S77,2018,12,29,0.0,,,,,
Alexandra Road,S77,2018,12,30,0.0,,,,,
Alexandra Road,S77,2018,12,31,62.4,,,,,
Alexandra Road,S77,2019,1,1,3.2,,,,,
Alexandra Road,S77,2019,1,2,0.2,,,,,
Alexandra Road,S77,2019,1,3,0.0,,,,,
Alexandra Road,S77,2019,1,4,0.0,,,,,
Alexandra Road,S77,2019,1,5,2.4,,,,,
Alexandra Road,S77,2019,1,6,0.0,,,,,
Alexandra Road,S77,2019,1,7,0.0,,,,,
Alexandra Road,S77,2019,1,8,10.8,,,,,
Alexandra Road,S77,2019,1,9,0.0,,,,,
Alexandra Road,S77,2019,1,10,0.0,,,,,
Alexandra Road,S77,2019,1,11,0.4,,,,,
Alexandra Road,S77,2019,1,12,1.8,,,,,
Alexandra Road,S77,2019,1,13,4.2,,,,,
Alexandra Road,S77,2019,1,14,2.6,,,,,
Alexandra Road,S77,2019,1,15,0.0,,,,,
Alexandra Road,S77,2019,1,16,0.0,,,,,
Alexandra Road,S77,2019,1,17,19.2,,,,,
Alexandra Road,S77,2019,1,18,37.2,,,,,
Alexandra Road,S77,2019,1,19,0.0,,,,,
Alexandra Road,S77,2019,1,20,0.2,,,,,
Alexandra Road,S77,2019,1,21,10.4,,,,,
Alexandra Road,S77,2019,1,22,0.0,,,,,
Alexandra Road,S77,2019,1,23,0.6,,,,,
Alexandra Road,S77,2019,1,24,0.0,,,,,
Alexandra Road,S77,2019,1,25,0.0,,,,,
Alexandra Road,S77,2019,1,26,0.0,,,,,
Alexandra Road,S77,2019,1,27,0.2,,,,,
Alexandra Road,S77,2019,1,28,0.4,,,,,
Alexandra Road,S77,2019,1,29,0.4,,,,,
Alexandra Road,S77,2019,1,30,0.0,,,,,
Alexandra Road,S77,2019,1,31,0.0,,,,,
Alexandra Road,S77,2019,2,1,0.0,,,,,
Alexandra Road,S77,2019,2,2,0.0,,,,,
Alexandra Road,S77,2019,2,3,0.0,,,,,
Alexandra Road,S77,2019,2,4,13.0,,,,,
Alexandra Road,S77,2019,2,5,0.0,,,,,
Alexandra Road,S77,2019,2,6,0.0,,,,,
Alexandra Road,S77,2019,2,7,1.2,,,,,
Alexandra Road,S77,2019,2,8,0.0,,,,,
Alexandra Road,S77,2019,2,9,0.0,,,,,
Alexandra Road,S77,2019,2,10,0.0,,,,,
Alexandra Road,S77,2019,2,11,0.0,,,,,
Alexandra Road,S77,2019,2,12,0.0,,,,,
Alexandra Road,S77,2019,2,13,0.0,,,,,
Alexandra Road,S77,2019,2,14,0.0,,,,,
Alexandra Road,S77,2019,2,15,0.0,,,,,
Alexandra Road,S77,2019,2,16,0.0,,,,,
Alexandra Road,S77,2019,2,17,0.2,,,,,
Alexandra Road,S77,2019,2,18,5.6,,,,,
Alexandra Road,S77,2019,2,19,0.0,,,,,
Alexandra Road,S77,2019,2,20,0.0,,,,,
Alexandra Road,S77,2019,2,21,0.0,,,,,
Alexandra Road,S77,2019,2,22,0.0,,,,,
Alexandra Road,S77,2019,2,23,0.0,,,,,
Alexandra Road,S77,2019,2,24,0.0,,,,,
Alexandra Road,S77,2019,2,25,0.0,,,,,
Alexandra Road,S77,2019,2,26,0.0,,,,,
Alexandra Road,S77,2019,2,27,0.2,,,,,
Alexandra Road,S77,2019,2,28,0.0,,,,,
Alexandra Road,S77,2019,3,1,0.0,,,,,
Alexandra Road,S77,2019,3,2,0.0,,,,,
Alexandra Road,S77,2019,3,3,0.0,,,,,
Alexandra Road,S77,2019,3,4,0.2,,,,,
Alexandra Road,S77,2019,3,5,0.0,,,,,
Alexandra Road,S77,2019,3,6,0.0,,,,,
Alexandra Road,S77,2019,3,7,0.0,,,,,
Alexandra Road,S77,2019,3,8,0.0,,,,,
Alexandra Road,S77,2019,3,9,0.4,,,,,
Alexandra Road,S77,2019,3,10,0.0,,,,,
Alexandra Road,S77,2019,3,11,3.4,,,,,
Alexandra Road,S77,2019,3,12,0.2,,,,,
Alexandra Road,S77,2019,3,13,0.0,,,,,
Alexandra Road,S77,2019,3,14,0.0,,,,,
Alexandra Road,S77,2019,3,15,0.0,,,,,
Alexandra Road,S77,2019,3,16,0.0,,,,,
Alexandra Road,S77,2019,3,17,0.0,,,,,
Alexandra Road,S77,2019,3,18,0.0,,,,,
Alexandra Road,S77,2019,3,19,0.0,,,,,
Alexandra Road,S77,2019,3,20,0.0,,,,,
Alexandra Road,S77,2019,3,21,41.4,,,,,
Alexandra Road,S77,2019,3,22,0.0,,,,,
Alexandra Road,S77,2019,3,23,4.8,,,,,
Alexandra Road,S77,2019,3,24,0.0,,,,,
Alexandra Road,S77,2019,3,25,0.4,,,,,
Alexandra Road,S77,2019,3,26,0.0,,,,,
Alexandra Road,S77,2019,3,27,0.0,,,,,
Alexandra Road,S77,2019,3,28,1.0,,,,,
Alexandra Road,S77,2019,3,29,0.0,,,,,
Alexandra Road,S77,2019,3,30,4.2,,,,,
Alexandra Road,S77,2019,3,31,0.0,,,,,
Alexandra Road,S77,2019,4,1,20.8,,,,,
Alexandra Road,S77,2019,4,2,0.0,,,,,
Alexandra Road,S77,2019,4,3,41.8,,,,,
Alexandra Road,S77,2019,4,4,30.6,,,,,
Alexandra Road,S77,2019,4,5,15.8,,,,,
Alexandra Road,S77,2019,4,6,0.0,,,,,
Alexandra Road,S77,2019,4,7,0.0,,,,,
Alexandra Road,S77,2019,4,8,0.0,,,,,
Alexandra Road,S77,2019,4,9,10.0,,,,,
Alexandra Road,S77,2019,4,10,4.4,,,,,
Alexandra Road,S77,2019,4,11,11.2,,,,,
Alexandra Road,S77,2019,4,12,0.0,,,,,
Alexandra Road,S77,2019,4,13,0.0,,,,,
Alexandra Road,S77,2019,4,14,0.0,,,,,
Alexandra Road,S77,2019,4,15,0.0,,,,,
Alexandra Road,S77,2019,4,16,0.0,,,,,
Alexandra Road,S77,2019,4,17,0.0,,,,,
Alexandra Road,S77,2019,4,18,0.0,,,,,
Alexandra Road,S77,2019,4,19,4.4,,,,,
Alexandra Road,S77,2019,4,20,3.4,,,,,
Alexandra Road,S77,2019,4,21,0.0,,,,,
Alexandra Road,S77,2019,4,22,1.4,,,,,
Alexandra Road,S77,2019,4,23,32.2,,,,,
Alexandra Road,S77,2019,4,24,15.0,,,,,
Alexandra Road,S77,2019,4,25,0.0,,,,,
Alexandra Road,S77,2019,4,26,24.4,,,,,
Alexandra Road,S77,2019,4,27,13.4,,,,,
Alexandra Road,S77,2019,4,28,0.6,,,,,
Alexandra Road,S77,2019,4,29,0.0,,,,,
Alexandra Road,S77,2019,4,30,0.0,,,,,
Alexandra Road,S77,2019,5,1,0.0,,,,,
Alexandra Road,S77,2019,5,2,0.0,,,,,
Alexandra Road,S77,2019,5,3,3.0,,,,,
Alexandra Road,S77,2019,5,4,21.0,,,,,
Alexandra Road,S77,2019,5,5,0.0,,,,,
Alexandra Road,S77,2019,5,6,0.0,,,,,
Alexandra Road,S77,2019,5,7,0.0,,,,,
Alexandra Road,S77,2019,5,8,99.4,,,,,
Alexandra Road,S77,2019,5,9,0.0,,,,,
Alexandra Road,S77,2019,5,10,53.8,,,,,
Alexandra Road,S77,2019,5,11,1.4,,,,,
Alexandra Road,S77,2019,5,12,0.0,,,,,
Alexandra Road,S77,2019,5,13,0.0,,,,,
Alexandra Road,S77,2019,5,14,0.4,,,,,
Alexandra Road,S77,2019,5,15,2.2,,,,,
Alexandra Road,S77,2019,5,16,0.0,,,,,
Alexandra Road,S77,2019,5,17,12.0,,,,,
Alexandra Road,S77,2019,5,18,0.0,,,,,
Alexandra Road,S77,2019,5,19,9.0,,,,,
Alexandra Road,S77,2019,5,20,1.8,,,,,
Alexandra Road,S77,2019,5,21,0.0,,,,,
Alexandra Road,S77,2019,5,22,1.0,,,,,
Alexandra Road,S77,2019,5,23,0.2,,,,,
Alexandra Road,S77,2019,5,24,0.0,,,,,
Alexandra Road,S77,2019,5,25,0.0,,,,,
Alexandra Road,S77,2019,5,26,0.0,,,,,
Alexandra Road,S77,2019,5,27,2.0,,,,,
Alexandra Road,S77,2019,5,28,0.0,,,,,
Alexandra Road,S77,2019,5,29,0.0,,,,,
Alexandra Road,S77,2019,5,30,8.8,,,,,
Alexandra Road,S77,2019,5,31,0.2,,,,,
Alexandra Road,S77,2019,6,1,0.0,,,,,
Alexandra Road,S77,2019,6,2,5.6,,,,,
Alexandra Road,S77,2019,6,3,100.8,,,,,
Alexandra Road,S77,2019,6,4,0.2,,,,,
Alexandra Road,S77,2019,6,5,0.0,,,,,
Alexandra Road,S77,2019,6,6,8.8,,,,,
Alexandra Road,S77,2019,6,7,8.0,,,,,
Alexandra Road,S77,2019,6,8,3.6,,,,,
Alexandra Road,S77,2019,6,9,1.8,,,,,
Alexandra Road,S77,2019,6,10,0.4,,,,,
Alexandra Road,S77,2019,6,11,24.0,,,,,
Alexandra Road,S77,2019,6,12,14.4,,,,,
Alexandra Road,S77,2019,6,13,8.0,,,,,
Alexandra Road,S77,2019,6,14,0.2,,,,,
Alexandra Road,S77,2019,6,15,0.0,,,,,
Alexandra Road,S77,2019,6,16,0.0,,,,,
Alexandra Road,S77,2019,6,17,2.4,,,,,
Alexandra Road,S77,2019,6,18,5.4,,,,,
Alexandra Road,S77,2019,6,19,0.6,,,,,
Alexandra Road,S77,2019,6,20,0.4,,,,,
Alexandra Road,S77,2019,6,21,0.0,,,,,
Alexandra Road,S77,2019,6,22,1.8,,,,,
Alexandra Road,S77,2019,6,23,0.0,,,,,
Alexandra Road,S77,2019,6,24,0.0,,,,,
Alexandra Road,S77,2019,6,25,0.0,,,,,
Alexandra Road,S77,2019,6,26,20.8,,,,,
Alexandra Road,S77,2019,6,27,0.0,,,,,
Alexandra Road,S77,2019,6,28,0.0,,,,,
Alexandra Road,S77,2019,6,29,0.2,,,,,
Alexandra Road,S77,2019,6,30,0.0,,,,,
Alexandra Road,S77,2019,7,1,0.0,,,,,
Alexandra Road,S77,2019,7,2,0.0,,,,,
Alexandra Road,S77,2019,7,3,0.0,,,,,
Alexandra Road,S77,2019,7,4,0.0,,,,,
Alexandra Road,S77,2019,7,5,0.6,,,,,
Alexandra Road,S77,2019,7,6,0.0,,,,,
Alexandra Road,S77,2019,7,7,8.2,,,,,
Alexandra Road,S77,2019,7,8,8.2,,,,,
Alexandra Road,S77,2019,7,9,4.0,,,,,
Alexandra Road,S77,2019,7,10,0.0,,,,,
Alexandra Road,S77,2019,7,11,0.0,,,,,
Alexandra Road,S77,2019,7,12,0.0,,,,,
Alexandra Road,S77,2019,7,13,0.0,,,,,
Alexandra Road,S77,2019,7,14,0.0,,,,,
Alexandra Road,S77,2019,7,15,13.4,,,,,
Alexandra Road,S77,2019,7,16,0.0,,,,,
Alexandra Road,S77,2019,7,17,2.2,,,,,
Alexandra Road,S77,2019,7,18,0.0,,,,,
Alexandra Road,S77,2019,7,19,0.0,,,,,
Alexandra Road,S77,2019,7,20,0.0,,,,,
Alexandra Road,S77,2019,7,21,0.0,,,,,
Alexandra Road,S77,2019,7,22,0.0,,,,,
Alexandra Road,S77,2019,7,23,3.0,,,,,
Alexandra Road,S77,2019,7,24,23.6,,,,,
Alexandra Road,S77,2019,7,25,0.0,,,,,
Alexandra Road,S77,2019,7,26,0.0,,,,,
Alexandra Road,S77,2019,7,27,0.0,,,,,
Alexandra Road,S77,2019,7,28,0.0,,,,,
Alexandra Road,S77,2019,7,29,0.0,,,,,
Alexandra Road,S77,2019,7,30,0.0,,,,,
Alexandra Road,S77,2019,7,31,0.0,,,,,
Alexandra Road,S77,2019,8,1,0.0,,,,,
Alexandra Road,S77,2019,8,2,0.0,,,,,
Alexandra Road,S77,2019,8,3,0.0,,,,,
Alexandra Road,S77,2019,8,4,0.2,,,,,
Alexandra Road,S77,2019,8,5,6.6,,,,,
Alexandra Road,S77,2019,8,6,0.0,,,,,
Alexandra Road,S77,2019,8,7,0.0,,,,,
Alexandra Road,S77,2019,8,8,0.0,,,,,
Alexandra Road,S77,2019,8,9,0.0,,,,,
Alexandra Road,S77,2019,8,10,0.0,,,,,
Alexandra Road,S77,2019,8,11,0.0,,,,,
Alexandra Road,S77,2019,8,12,0.0,,,,,
Alexandra Road,S77,2019,8,13,0.0,,,,,
Alexandra Road,S77,2019,8,14,0.0,,,,,
Alexandra Road,S77,2019,8,15,0.0,,,,,
Alexandra Road,S77,2019,8,16,0.0,,,,,
Alexandra Road,S77,2019,8,17,2.4,,,,,
Alexandra Road,S77,2019,8,18,0.0,,,,,
Alexandra Road,S77,2019,8,19,0.0,,,,,
Alexandra Road,S77,2019,8,20,0.0,,,,,
Alexandra Road,S77,2019,8,21,0.0,,,,,
Alexandra Road,S77,2019,8,22,0.0,,,,,
Alexandra Road,S77,2019,8,23,0.0,,,,,
Alexandra Road,S77,2019,8,24,0.0,,,,,
Alexandra Road,S77,2019,8,25,0.0,,,,,
Alexandra Road,S77,2019,8,26,0.6,,,,,
Alexandra Road,S77,2019,8,27,4.4,,,,,
Alexandra Road,S77,2019,8,28,2.2,,,,,
Alexandra Road,S77,2019,8,29,0.0,,,,,
Alexandra Road,S77,2019,8,30,18.6,,,,,
Alexandra Road,S77,2019,8,31,0.0,,,,,
Alexandra Road,S77,2019,9,1,0.0,,,,,
Alexandra Road,S77,2019,9,2,0.0,,,,,
Alexandra Road,S77,2019,9,3,0.0,,,,,
Alexandra Road,S77,2019,9,4,40.2,,,,,
Alexandra Road,S77,2019,9,5,0.0,,,,,
Alexandra Road,S77,2019,9,6,0.0,,,,,
Alexandra Road,S77,2019,9,7,0.0,,,,,
Alexandra Road,S77,2019,9,8,0.0,,,,,
Alexandra Road,S77,2019,9,9,0.0,,,,,
Alexandra Road,S77,2019,9,10,0.0,,,,,
Alexandra Road,S77,2019,9,11,0.0,,,,,
Alexandra Road,S77,2019,9,12,0.0,,,,,
Alexandra Road,S77,2019,9,13,0.0,,,,,
Alexandra Road,S77,2019,9,14,0.0,,,,,
Alexandra Road,S77,2019,9,15,0.0,,,,,
Alexandra Road,S77,2019,9,16,0.0,,,,,
Alexandra Road,S77,2019,9,17,0.0,,,,,
Alexandra Road,S77,2019,9,18,0.0,,,,,
Alexandra Road,S77,2019,9,19,0.0,,,,,
Alexandra Road,S77,2019,9,20,0.0,,,,,
Alexandra Road,S77,2019,9,21,0.0,,,,,
Alexandra Road,S77,2019,9,22,0.0,,,,,
Alexandra Road,S77,2019,9,23,1.0,,,,,
Alexandra Road,S77,2019,9,24,0.8,,,,,
Alexandra Road,S77,2019,9,25,31.4,,,,,
Alexandra Road,S77,2019,9,26,0.0,,,,,
Alexandra Road,S77,2019,9,27,0.0,,,,,
Alexandra Road,S77,2019,9,28,0.0,,,,,
Alexandra Road,S77,2019,9,29,27.2,,,,,
Alexandra Road,S77,2019,9,30,35.6,,,,,
Alexandra Road,S77,2019,10,1,0.0,,,,,
Alexandra Road,S77,2019,10,2,1.6,,,,,
Alexandra Road,S77,2019,10,3,0.0,,,,,
Alexandra Road,S77,2019,10,4,6.2,,,,,
Alexandra Road,S77,2019,10,5,1.6,,,,,
Alexandra Road,S77,2019,10,6,0.0,,,,,
Alexandra Road,S77,2019,10,7,8.4,,,,,
Alexandra Road,S77,2019,10,8,0.0,,,,,
Alexandra Road,S77,2019,10,9,0.0,,,,,
Alexandra Road,S77,2019,10,10,0.0,,,,,
Alexandra Road,S77,2019,10,11,0.0,,,,,
Alexandra Road,S77,2019,10,12,0.0,,,,,
Alexandra Road,S77,2019,10,13,0.0,,,,,
Alexandra Road,S77,2019,10,14,0.0,,,,,
Alexandra Road,S77,2019,10,15,0.0,,,,,
Alexandra Road,S77,2019,10,16,0.2,,,,,
Alexandra Road,S77,2019,10,17,0.4,,,,,
Alexandra Road,S77,2019,10,18,0.0,,,,,
Alexandra Road,S77,2019,10,19,0.0,,,,,
Alexandra Road,S77,2019,10,20,0.6,,,,,
Alexandra Road,S77,2019,10,21,4.4,,,,,
Alexandra Road,S77,2019,10,22,24.4,,,,,
Alexandra Road,S77,2019,10,23,1.4,,,,,
Alexandra Road,S77,2019,10,24,0.2,,,,,
Alexandra Road,S77,2019,10,25,0.0,,,,,
Alexandra Road,S77,2019,10,26,31.4,,,,,
Alexandra Road,S77,2019,10,27,23.4,,,,,
Alexandra Road,S77,2019,10,28,2.8,,,,,
Alexandra Road,S77,2019,10,29,0.0,,,,,
Alexandra Road,S77,2019,10,30,0.0,,,,,
Alexandra Road,S77,2019,10,31,0.0,,,,,
Alexandra Road,S77,2019,11,1,0.0,,,,,
Alexandra Road,S77,2019,11,2,0.0,,,,,
Alexandra Road,S77,2019,11,3,0.0,,,,,
Alexandra Road,S77,2019,11,4,0.0,,,,,
Alexandra Road,S77,2019,11,5,14.0,,,,,
Alexandra Road,S77,2019,11,6,0.0,,,,,
Alexandra Road,S77,2019,11,7,0.0,,,,,
Alexandra Road,S77,2019,11,8,8.8,,,,,
Alexandra Road,S77,2019,11,9,0.0,,,,,
Alexandra Road,S77,2019,11,10,0.0,,,,,
Alexandra Road,S77,2019,11,11,0.0,,,,,
Alexandra Road,S77,2019,11,12,0.4,,,,,
Alexandra Road,S77,2019,11,13,0.0,,,,,
Alexandra Road,S77,2019,11,14,4.2,,,,,
Alexandra Road,S77,2019,11,15,0.0,,,,,
Alexandra Road,S77,2019,11,16,0.0,,,,,
Alexandra Road,S77,2019,11,17,0.0,,,,,
Alexandra Road,S77,2019,11,18,0.0,,,,,
Alexandra Road,S77,2019,11,19,25.0,,,,,
Alexandra Road,S77,2019,11,20,45.2,,,,,
Alexandra Road,S77,2019,11,21,0.4,,,,,
Alexandra Road,S77,2019,11,22,2.0,,,,,
Alexandra Road,S77,2019,11,23,0.2,,,,,
Alexandra Road,S77,2019,11,24,5.2,,,,,
Alexandra Road,S77,2019,11,25,0.0,,,,,
Alexandra Road,S77,2019,11,26,0.0,,,,,
Alexandra Road,S77,2019,11,27,3.4,,,,,
Alexandra Road,S77,2019,11,28,3.4,,,,,
Alexandra Road,S77,2019,11,29,95.0,,,,,
Alexandra Road,S77,2019,11,30,0.0,,,,,
Alexandra Road,S77,2019,12,1,8.2,,,,,
Alexandra Road,S77,2019,12,2,43.8,,,,,
Alexandra Road,S77,2019,12,3,0.0,,,,,
Alexandra Road,S77,2019,12,4,0.0,,,,,
Alexandra Road,S77,2019,12,5,0.0,,,,,
Alexandra Road,S77,2019,12,6,0.0,,,,,
Alexandra Road,S77,2019,12,7,0.0,,,,,
Alexandra Road,S77,2019,12,8,0.0,,,,,
Alexandra Road,S77,2019,12,9,14.0,,,,,
Alexandra Road,S77,2019,12,10,10.6,,,,,
Alexandra Road,S77,2019,12,11,21.2,,,,,
Alexandra Road,S77,2019,12,12,1.0,,,,,
Alexandra Road,S77,2019,12,13,36.6,,,,,
Alexandra Road,S77,2019,12,14,25.6,,,,,
Alexandra Road,S77,2019,12,15,41.2,,,,,
Alexandra Road,S77,2019,12,16,0.0,,,,,
Alexandra Road,S77,2019,12,17,3.2,,,,,
Alexandra Road,S77,2019,12,18,36.6,,,,,
Alexandra Road,S77,2019,12,19,0.0,,,,,
Alexandra Road,S77,2019,12,20,0.0,,,,,
Alexandra Road,S77,2019,12,21,14.4,,,,,
Alexandra Road,S77,2019,12,22,0.0,,,,,
Alexandra Road,S77,2019,12,23,17.4,,,,,
Alexandra Road,S77,2019,12,24,2.6,,,,,
Alexandra Road,S77,2019,12,25,2.8,,,,,
Alexandra Road,S77,2019,12,26,0.0,,,,,
Alexandra Road,S77,2019,12,27,0.0,,,,,
Alexandra Road,S77,2019,12,28,0.6,,,,,
Alexandra Road,S77,2019,12,29,0.0,,,,,
Alexandra Road,S77,2019,12,30,0.0,,,,,
Alexandra Road,S77,2019,12,31,0.0,,,,,
Alexandra Road,S77,2020,1,1,0.0,,,,,
Alexandra Road,S77,2020,1,2,0.0,,,,,
Alexandra Road,S77,2020,1,3,1.8,,,,,
Alexandra Road,S77,2020,1,4,3.6,,,,,
Alexandra Road,S77,2020,1,5,0.0,,,,,
Alexandra Road,S77,2020,1,6,7.4,,,,,
Alexandra Road,S77,2020,1,7,5.6,,,,,
Alexandra Road,S77,2020,1,8,0.4,,,,,
Alexandra Road,S77,2020,1,9,0.8,,,,,
Alexandra Road,S77,2020,1,10,0.0,,,,,
Alexandra Road,S77,2020,1,11,0.0,,,,,
Alexandra Road,S77,2020,1,12,9.4,,,,,
Alexandra Road,S77,2020,1,13,0.4,,,,,
Alexandra Road,S77,2020,1,14,0.0,,,,,
Alexandra Road,S77,2020,1,15,0.2,,,,,
Alexandra Road,S77,2020,1,16,10.8,,,,,
Alexandra Road,S77,2020,1,17,0.0,,,,,
Alexandra Road,S77,2020,1,18,7.0,,,,,
Alexandra Road,S77,2020,1,19,0.0,,,,,
Alexandra Road,S77,2020,1,20,0.2,,,,,
Alexandra Road,S77,2020,1,21,26.4,,,,,
Alexandra Road,S77,2020,1,22,0.0,,,,,
Alexandra Road,S77,2020,1,23,0.0,,,,,
Alexandra Road,S77,2020,1,24,0.0,,,,,
Alexandra Road,S77,2020,1,25,0.0,,,,,
Alexandra Road,S77,2020,1,26,0.0,,,,,
Alexandra Road,S77,2020,1,27,4.0,,,,,
Alexandra Road,S77,2020,1,28,0.0,,,,,
Alexandra Road,S77,2020,1,29,92.8,,,,,
Alexandra Road,S77,2020,1,30,0.0,,,,,
Alexandra Road,S77,2020,1,31,0.0,,,,,
Alexandra Road,S77,2020,2,1,0.0,,,,,
Alexandra Road,S77,2020,2,2,0.2,,,,,
Alexandra Road,S77,2020,2,3,0.0,,,,,
Alexandra Road,S77,2020,2,4,0.0,,,,,
Alexandra Road,S77,2020,2,5,0.0,,,,,
Alexandra Road,S77,2020,2,6,0.0,,,,,
Alexandra Road,S77,2020,2,7,0.0,,,,,
Alexandra Road,S77,2020,2,8,0.0,,,,,
Alexandra Road,S77,2020,2,9,5.4,,,,,
Alexandra Road,S77,2020,2,10,2.6,,,,,
Alexandra Road,S77,2020,2,11,62.2,,,,,
Alexandra Road,S77,2020,2,12,0.2,,,,,
Alexandra Road,S77,2020,2,13,0.0,,,,,
Alexandra Road,S77,2020,2,14,0.0,,,,,
Alexandra Road,S77,2020,2,15,0.0,,,,,
Alexandra Road,S77,2020,2,16,0.6,,,,,
Alexandra Road,S77,2020,2,17,0.0,,,,,
Alexandra Road,S77,2020,2,18,0.0,,,,,
Alexandra Road,S77,2020,2,19,2.0,,,,,
Alexandra Road,S77,2020,2,20,0.6,,,,,
Alexandra Road,S77,2020,2,21,16.4,,,,,
Alexandra Road,S77,2020,2,22,6.4,,,,,
Alexandra Road,S77,2020,2,23,0.0,,,,,
Alexandra Road,S77,2020,2,24,5.0,,,,,
Alexandra Road,S77,2020,2,25,0.0,,,,,
Alexandra Road,S77,2020,2,26,0.0,,,,,
Alexandra Road,S77,2020,2,27,0.0,,,,,
Alexandra Road,S77,2020,2,28,0.0,,,,,
Alexandra Road,S77,2020,2,29,0.0,,,,,
Alexandra Road,S77,2020,3,1,0.0,,,,,
Alexandra Road,S77,2020,3,2,0.0,,,,,
Alexandra Road,S77,2020,3,3,0.0,,,,,
Alexandra Road,S77,2020,3,4,4.2,,,,,
Alexandra Road,S77,2020,3,5,0.0,,,,,
Alexandra Road,S77,2020,3,6,0.0,,,,,
Alexandra Road,S77,2020,3,7,40.2,,,,,
Alexandra Road,S77,2020,3,8,2.2,,,,,
Alexandra Road,S77,2020,3,9,0.0,,,,,
Alexandra Road,S77,2020,3,10,0.0,,,,,
Alexandra Road,S77,2020,3,11,1.8,,,,,
Alexandra Road,S77,2020,3,12,0.0,,,,,
Alexandra Road,S77,2020,3,13,0.0,,,,,
Alexandra Road,S77,2020,3,14,0.0,,,,,
Alexandra Road,S77,2020,3,15,0.2,,,,,
Alexandra Road,S77,2020,3,16,0.0,,,,,
Alexandra Road,S77,2020,3,17,0.0,,,,,
Alexandra Road,S77,2020,3,18,6.4,,,,,
Alexandra Road,S77,2020,3,19,0.0,,,,,
Alexandra Road,S77,2020,3,20,0.0,,,,,
Alexandra Road,S77,2020,3,21,3.4,,,,,
Alexandra Road,S77,2020,3,22,32.4,,,,,
Alexandra Road,S77,2020,3,23,55.4,,,,,
Alexandra Road,S77,2020,3,24,0.2,,,,,
Alexandra Road,S77,2020,3,25,7.8,,,,,
Alexandra Road,S77,2020,3,26,0.0,,,,,
Alexandra Road,S77,2020,3,27,16.6,,,,,
Alexandra Road,S77,2020,3,28,5.0,,,,,
Alexandra Road,S77,2020,3,29,0.0,,,,,
Alexandra Road,S77,2020,3,30,0.0,,,,,
Alexandra Road,S77,2020,3,31,0.0,,,,,
Alexandra Road,S77,2020,4,1,0.0,,,,,
Alexandra Road,S77,2020,4,2,2.8,,,,,
Alexandra Road,S77,2020,4,3,62.0,,,,,
Alexandra Road,S77,2020,4,4,0.0,,,,,
Alexandra Road,S77,2020,4,5,0.0,,,,,
Alexandra Road,S77,2020,4,6,53.6,,,,,
Alexandra Road,S77,2020,4,7,37.8,,,,,
Alexandra Road,S77,2020,4,8,0.0,,,,,
Alexandra Road,S77,2020,4,9,0.0,,,,,
Alexandra Road,S77,2020,4,10,0.0,,,,,
Alexandra Road,S77,2020,4,11,0.0,,,,,
Alexandra Road,S77,2020,4,12,0.0,,,,,
Alexandra Road,S77,2020,4,13,32.8,,,,,
Alexandra Road,S77,2020,4,14,0.2,,,,,
Alexandra Road,S77,2020,4,15,0.0,,,,,
Alexandra Road,S77,2020,4,16,0.0,,,,,
Alexandra Road,S77,2020,4,17,0.0,,,,,
Alexandra Road,S77,2020,4,18,0.0,,,,,
Alexandra Road,S77,2020,4,19,0.0,,,,,
Alexandra Road,S77,2020,4,20,0.0,,,,,
Alexandra Road,S77,2020,4,21,0.6,,,,,
Alexandra Road,S77,2020,4,22,0.4,,,,,
Alexandra Road,S77,2020,4,23,2.2,,,,,
Alexandra Road,S77,2020,4,24,42.0,,,,,
Alexandra Road,S77,2020,4,25,5.6,,,,,
Alexandra Road,S77,2020,4,26,0.2,,,,,
Alexandra Road,S77,2020,4,27,21.6,,,,,
Alexandra Road,S77,2020,4,28,0.0,,,,,
Alexandra Road,S77,2020,4,29,32.6,,,,,
Alexandra Road,S77,2020,4,30,40.0,,,,,
Alexandra Road,S77,2020,5,1,9.2,,,,,
Alexandra Road,S77,2020,5,2,0.0,,,,,
Alexandra Road,S77,2020,5,3,8.6,,,,,
Alexandra Road,S77,2020,5,4,21.8,,,,,
Alexandra Road,S77,2020,5,5,0.0,,,,,
Alexandra Road,S77,2020,5,6,6.6,,,,,
Alexandra Road,S77,2020,5,7,0.0,,,,,
Alexandra Road,S77,2020,5,8,14.8,,,,,
Alexandra Road,S77,2020,5,9,0.0,,,,,
Alexandra Road,S77,2020,5,10,7.6,,,,,
Alexandra Road,S77,2020,5,11,4.2,,,,,
Alexandra Road,S77,2020,5,12,0.0,,,,,
Alexandra Road,S77,2020,5,13,10.2,,,,,
Alexandra Road,S77,2020,5,14,8.2,,,,,
Alexandra Road,S77,2020,5,15,0.6,,,,,
Alexandra Road,S77,2020,5,16,0.0,,,,,
Alexandra Road,S77,2020,5,17,45.4,,,,,
Alexandra Road,S77,2020,5,18,2.0,,,,,
Alexandra Road,S77,2020,5,19,0.0,,,,,
Alexandra Road,S77,2020,5,20,14.0,,,,,
Alexandra Road,S77,2020,5,21,0.0,,,,,
Alexandra Road,S77,2020,5,22,56.0,,,,,
Alexandra Road,S77,2020,5,23,28.2,,,,,
Alexandra Road,S77,2020,5,24,0.0,,,,,
Alexandra Road,S77,2020,5,25,0.0,,,,,
Alexandra Road,S77,2020,5,26,4.0,,,,,
Alexandra Road,S77,2020,5,27,13.8,,,,,
Alexandra Road,S77,2020,5,28,11.0,,,,,
Alexandra Road,S77,2020,5,29,0.0,,,,,
Alexandra Road,S77,2020,5,30,0.0,,,,,
Alexandra Road,S77,2020,5,31,0.0,,,,,
Alexandra Road,S77,2020,6,1,2.8,,,,,
Alexandra Road,S77,2020,6,2,0.0,,,,,
Alexandra Road,S77,2020,6,3,0.0,,,,,
Alexandra Road,S77,2020,6,4,39.2,,,,,
Alexandra Road,S77,2020,6,5,4.2,,,,,
Alexandra Road,S77,2020,6,6,7.0,,,,,
Alexandra Road,S77,2020,6,7,0.0,,,,,
Alexandra Road,S77,2020,6,8,5.0,,,,,
Alexandra Road,S77,2020,6,9,0.0,,,,,
Alexandra Road,S77,2020,6,10,0.6,,,,,
Alexandra Road,S77,2020,6,11,0.4,,,,,
Alexandra Road,S77,2020,6,12,5.0,,,,,
Alexandra Road,S77,2020,6,13,46.6,,,,,
Alexandra Road,S77,2020,6,14,1.2,,,,,
Alexandra Road,S77,2020,6,15,1.2,,,,,
Alexandra Road,S77,2020,6,16,8.2,,,,,
Alexandra Road,S77,2020,6,17,20.8,,,,,
Alexandra Road,S77,2020,6,18,2.6,,,,,
Alexandra Road,S77,2020,6,19,7.8,,,,,
Alexandra Road,S77,2020,6,20,31.6,,,,,
Alexandra Road,S77,2020,6,21,50.0,,,,,
Alexandra Road,S77,2020,6,22,15.0,,,,,
Alexandra Road,S77,2020,6,23,70.0,,,,,
Alexandra Road,S77,2020,6,24,19.8,,,,,
Alexandra Road,S77,2020,6,25,0.0,,,,,
Alexandra Road,S77,2020,6,26,0.0,,,,,
Alexandra Road,S77,2020,6,27,0.0,,,,,
Alexandra Road,S77,2020,6,28,0.6,,,,,
Alexandra Road,S77,2020,6,29,0.6,,,,,
Alexandra Road,S77,2020,6,30,0.0,,,,,
Alexandra Road,S77,2020,7,1,0.0,,,,,
Alexandra Road,S77,2020,7,2,0.0,,,,,
Alexandra Road,S77,2020,7,3,0.0,,,,,
Alexandra Road,S77,2020,7,4,2.2,,,,,
Alexandra Road,S77,2020,7,5,0.0,,,,,
Alexandra Road,S77,2020,7,6,0.0,,,,,
Alexandra Road,S77,2020,7,7,2.0,,,,,
Alexandra Road,S77,2020,7,8,4.4,,,,,
Alexandra Road,S77,2020,7,9,74.6,,,,,
Alexandra Road,S77,2020,7,10,0.0,,,,,
Alexandra Road,S77,2020,7,11,1.0,,,,,
Alexandra Road,S77,2020,7,12,5.0,,,,,
Alexandra Road,S77,2020,7,13,29.6,,,,,
Alexandra Road,S77,2020,7,14,0.2,,,,,
Alexandra Road,S77,2020,7,15,0.0,,,,,
Alexandra Road,S77,2020,7,16,0.0,,,,,
Alexandra Road,S77,2020,7,17,0.0,,,,,
Alexandra Road,S77,2020,7,18,0.2,,,,,
Alexandra Road,S77,2020,7,19,0.2,,,,,
Alexandra Road,S77,2020,7,20,0.0,,,,,
Alexandra Road,S77,2020,7,21,0.0,,,,,
Alexandra Road,S77,2020,7,22,0.0,,,,,
Alexandra Road,S77,2020,7,23,3.0,,,,,
Alexandra Road,S77,2020,7,24,1.0,,,,,
Alexandra Road,S77,2020,7,25,6.2,,,,,
Alexandra Road,S77,2020,7,26,7.4,,,,,
Alexandra Road,S77,2020,7,27,22.6,,,,,
Alexandra Road,S77,2020,7,28,1.4,,,,,
Alexandra Road,S77,2020,7,29,14.6,,,,,
Alexandra Road,S77,2020,7,30,0.2,,,,,
Alexandra Road,S77,2020,7,31,1.2,,,,,
Alexandra Road,S77,2020,8,1,3.6,,,,,
Alexandra Road,S77,2020,8,2,0.0,,,,,
Alexandra Road,S77,2020,8,3,0.0,,,,,
Alexandra Road,S77,2020,8,4,2.8,,,,,
Alexandra Road,S77,2020,8,5,0.0,,,,,
Alexandra Road,S77,2020,8,6,0.0,,,,,
Alexandra Road,S77,2020,8,7,0.0,,,,,
Alexandra Road,S77,2020,8,8,0.0,,,,,
Alexandra Road,S77,2020,8,9,0.0,,,,,
Alexandra Road,S77,2020,8,10,0.0,,,,,
Alexandra Road,S77,2020,8,11,0.0,,,,,
Alexandra Road,S77,2020,8,12,0.0,,,,,
Alexandra Road,S77,2020,8,13,19.8,,,,,
Alexandra Road,S77,2020,8,14,47.4,,,,,
Alexandra Road,S77,2020,8,15,4.6,,,,,
Alexandra Road,S77,2020,8,16,0.0,,,,,
Alexandra Road,S77,2020,8,17,44.0,,,,,
Alexandra Road,S77,2020,8,18,1.0,,,,,
Alexandra Road,S77,2020,8,19,1.8,,,,,
Alexandra Road,S77,2020,8,20,0.0,,,,,
Alexandra Road,S77,2020,8,21,0.0,,,,,
Alexandra Road,S77,2020,8,22,1.2,,,,,
Alexandra Road,S77,2020,8,23,18.6,,,,,
Alexandra Road,S77,2020,8,24,0.0,,,,,
Alexandra Road,S77,2020,8,25,3.0,,,,,
Alexandra Road,S77,2020,8,26,10.8,,,,,
Alexandra Road,S77,2020,8,27,0.0,,,,,
Alexandra Road,S77,2020,8,28,0.2,,,,,
Alexandra Road,S77,2020,8,29,23.6,,,,,
Alexandra Road,S77,2020,8,30,0.0,,,,,
Alexandra Road,S77,2020,8,31,0.0,,,,,
Alexandra Road,S77,2020,9,1,0.6,,,,,
Alexandra Road,S77,2020,9,2,0.0,,,,,
Alexandra Road,S77,2020,9,3,9.4,,,,,
Alexandra Road,S77,2020,9,4,23.4,,,,,
Alexandra Road,S77,2020,9,5,25.0,,,,,
Alexandra Road,S77,2020,9,6,13.6,,,,,
Alexandra Road,S77,2020,9,7,0.0,,,,,
Alexandra Road,S77,2020,9,8,0.0,,,,,
Alexandra Road,S77,2020,9,9,0.0,,,,,
Alexandra Road,S77,2020,9,10,21.8,,,,,
Alexandra Road,S77,2020,9,11,42.6,,,,,
Alexandra Road,S77,2020,9,12,29.4,,,,,
Alexandra Road,S77,2020,9,13,31.4,,,,,
Alexandra Road,S77,2020,9,14,13.4,,,,,
Alexandra Road,S77,2020,9,15,0.0,,,,,
Alexandra Road,S77,2020,9,16,38.4,,,,,
Alexandra Road,S77,2020,9,17,1.6,,,,,
Alexandra Road,S77,2020,9,18,0.0,,,,,
Alexandra Road,S77,2020,9,19,7.2,,,,,
Alexandra Road,S77,2020,9,20,0.4,,,,,
Alexandra Road,S77,2020,9,21,3.4,,,,,
Alexandra Road,S77,2020,9,22,0.0,,,,,
Alexandra Road,S77,2020,9,23,0.0,,,,,
Alexandra Road,S77,2020,9,24,2.0,,,,,
Alexandra Road,S77,2020,9,25,46.0,,,,,
Alexandra Road,S77,2020,9,26,42.6,,,,,
Alexandra Road,S77,2020,9,27,6.6,,,,,
Alexandra Road,S77,2020,9,28,0.0,,,,,
Alexandra Road,S77,2020,9,29,12.8,,,,,
Alexandra Road,S77,2020,9,30,0.6,,,,,
Alexandra Road,S77,2020,10,1,17.8,,,,,
Alexandra Road,S77,2020,10,2,10.0,,,,,
Alexandra Road,S77,2020,10,3,2.8,,,,,
Alexandra Road,S77,2020,10,4,0.0,,,,,
Alexandra Road,S77,2020,10,5,0.0,,,,,
Alexandra Road,S77,2020,10,6,0.0,,,,,
Alexandra Road,S77,2020,10,7,9.6,,,,,
Alexandra Road,S77,2020,10,8,23.0,,,,,
Alexandra Road,S77,2020,10,9,0.0,,,,,
Alexandra Road,S77,2020,10,10,18.8,,,,,
Alexandra Road,S77,2020,10,11,3.8,,,,,
Alexandra Road,S77,2020,10,12,0.0,,,,,
Alexandra Road,S77,2020,10,13,0.0,,,,,
Alexandra Road,S77,2020,10,14,0.4,,,,,
Alexandra Road,S77,2020,10,15,2.6,,,,,
Alexandra Road,S77,2020,10,16,0.6,,,,,
Alexandra Road,S77,2020,10,17,0.0,,,,,
Alexandra Road,S77,2020,10,18,2.0,,,,,
Alexandra Road,S77,2020,10,19,5.6,,,,,
Alexandra Road,S77,2020,10,20,1.4,,,,,
Alexandra Road,S77,2020,10,21,2.0,,,,,
Alexandra Road,S77,2020,10,22,10.8,,,,,
Alexandra Road,S77,2020,10,23,0.0,,,,,
Alexandra Road,S77,2020,10,24,7.2,,,,,
Alexandra Road,S77,2020,10,25,1.4,,,,,
Alexandra Road,S77,2020,10,26,5.4,,,,,
Alexandra Road,S77,2020,10,27,0.0,,,,,
Alexandra Road,S77,2020,10,28,5.8,,,,,
Alexandra Road,S77,2020,10,29,0.2,,,,,
Alexandra Road,S77,2020,10,30,0.0,,,,,
Alexandra Road,S77,2020,10,31,21.0,,,,,
Alexandra Road,S77,2020,11,1,0.0,,,,,
Alexandra Road,S77,2020,11,2,6.0,,,,,
Alexandra Road,S77,2020,11,3,0.0,,,,,
Alexandra Road,S77,2020,11,4,27.6,,,,,
Alexandra Road,S77,2020,11,5,0.0,,,,,
Alexandra Road,S77,2020,11,6,0.0,,,,,
Alexandra Road,S77,2020,11,7,25.0,,,,,
Alexandra Road,S77,2020,11,8,4.8,,,,,
Alexandra Road,S77,2020,11,9,0.0,,,,,
Alexandra Road,S77,2020,11,10,12.8,,,,,
Alexandra Road,S77,2020,11,11,0.0,,,,,
Alexandra Road,S77,2020,11,12,0.0,,,,,
Alexandra Road,S77,2020,11,13,3.0,,,,,
Alexandra Road,S77,2020,11,14,0.4,,,,,
Alexandra Road,S77,2020,11,15,19.2,,,,,
Alexandra Road,S77,2020,11,16,8.2,,,,,
Alexandra Road,S77,2020,11,17,0.0,,,,,
Alexandra Road,S77,2020,11,18,0.0,,,,,
Alexandra Road,S77,2020,11,19,4.0,,,,,
Alexandra Road,S77,2020,11,20,0.4,,,,,
Alexandra Road,S77,2020,11,21,47.0,,,,,
Alexandra Road,S77,2020,11,22,24.0,,,,,
Alexandra Road,S77,2020,11,23,19.2,,,,,
Alexandra Road,S77,2020,11,24,0.2,,,,,
Alexandra Road,S77,2020,11,25,0.2,,,,,
Alexandra Road,S77,2020,11,26,2.0,,,,,
Alexandra Road,S77,2020,11,27,0.4,,,,,
Alexandra Road,S77,2020,11,28,1.4,,,,,
Alexandra Road,S77,2020,11,29,0.0,,,,,
Alexandra Road,S77,2020,11,30,12.8,,,,,
