station,station_id,year,month,day,rainfall_mm,temp_mean_c,temp_max_c,temp_min_c,wind_mean_kmh,wind_max_kmh
Yishun Avenue 5,S91,2013,1,1,0.6,,,,,
Yishun Avenue 5,S91,2013,1,2,34.8,,,,,
Yishun Avenue 5,S91,2013,1,3,4.8,,,,,
Yishun Avenue 5,S91,2013,1,4,0.0,,,,,
Yishun Avenue 5,S91,2013,1,5,0.0,,,,,
Yishun Avenue 5,S91,2013,1,6,0.0,,,,,
Yishun Avenue 5,S91,2013,1,7,0.0,,,,,
Yishun Avenue 5,S91,2013,1,8,36.8,,,,,
Yishun Avenue 5,S91,2013,1,9,40.2,,,,,
Yishun Avenue 5,S91,2013,1,10,0.0,,,,,
Yishun Avenue 5,S91,2013,1,11,0.0,,,,,
Yishun Avenue 5,S91,2013,1,12,1.0,,,,,
Yishun Avenue 5,S91,2013,1,13,11.4,,,,,
Yishun Avenue 5,S91,2013,1,14,11.2,,,,,
Yishun Avenue 5,S91,2013,1,15,3.8,,,,,
Yishun Avenue 5,S91,2013,1,16,1.0,,,,,
Yishun Avenue 5,S91,2013,1,17,0.0,,,,,
Yishun Avenue 5,S91,2013,1,18,73.4,,,,,
Yishun Avenue 5,S91,2013,1,19,40.8,,,,,
Yishun Avenue 5,S91,2013,1,20,11.8,,,,,
Yishun Avenue 5,S91,2013,1,21,3.8,,,,,
Yishun Avenue 5,S91,2013,1,22,1.6,,,,,
Yishun Avenue 5,S91,2013,1,23,0.0,,,,,
Yishun Avenue 5,S91,2013,1,24,0.0,,,,,
Yishun Avenue 5,S91,2013,1,25,0.0,,,,,
Yishun Avenue 5,S91,2013,1,26,0.0,,,,,
Yishun Avenue 5,S91,2013,1,27,0.0,,,,,
Yishun Avenue 5,S91,2013,1,28,0.0,,,,,
Yishun Avenue 5,S91,2013,1,29,0.0,,,,,
Yishun Avenue 5,S91,2013,1,30,0.0,,,,,
Yishun Avenue 5,S91,2013,1,31,0.0,,,,,
Yishun Avenue 5,S91,2013,2,1,0.0,,,,,
Yishun Avenue 5,S91,2013,2,2,0.0,,,,,
Yishun Avenue 5,S91,2013,2,3,45.2,,,,,
Yishun Avenue 5,S91,2013,2,4,1.0,,,,,
Yishun Avenue 5,S91,2013,2,5,0.2,,,,,
Yishun Avenue 5,S91,2013,2,6,15.4,,,,,
Yishun Avenue 5,S91,2013,2,7,3.6,,,,,
Yishun Avenue 5,S91,2013,2,8,37.8,,,,,
Yishun Avenue 5,S91,2013,2,9,43.8,,,,,
Yishun Avenue 5,S91,2013,2,10,8.8,,,,,
Yishun Avenue 5,S91,2013,2,11,2.0,,,,,
Yishun Avenue 5,S91,2013,2,12,7.8,,,,,
Yishun Avenue 5,S91,2013,2,13,3.2,,,,,
Yishun Avenue 5,S91,2013,2,14,65.2,,,,,
Yishun Avenue 5,S91,2013,2,15,40.6,,,,,
Yishun Avenue 5,S91,2013,2,16,4.0,,,,,
Yishun Avenue 5,S91,2013,2,17,1.8,,,,,
Yishun Avenue 5,S91,2013,2,18,8.0,,,,,
Yishun Avenue 5,S91,2013,2,19,0.4,,,,,
Yishun Avenue 5,S91,2013,2,20,0.0,,,,,
Yishun Avenue 5,S91,2013,2,21,0.4,,,,,
Yishun Avenue 5,S91,2013,2,22,0.0,,,,,
Yishun Avenue 5,S91,2013,2,23,0.0,,,,,
Yishun Avenue 5,S91,2013,2,24,0.0,,,,,
Yishun Avenue 5,S91,2013,2,25,64.2,,,,,
Yishun Avenue 5,S91,2013,2,26,27.2,,,,,
Yishun Avenue 5,S91,2013,2,27,1.8,,,,,
Yishun Avenue 5,S91,2013,2,28,8.6,,,,,
Yishun Avenue 5,S91,2013,3,1,0.0,,,,,
Yishun Avenue 5,S91,2013,3,2,23.8,,,,,
Yishun Avenue 5,S91,2013,3,3,0.0,,,,,
Yishun Avenue 5,S91,2013,3,4,0.0,,,,,
Yishun Avenue 5,S91,2013,3,5,0.2,,,,,
Yishun Avenue 5,S91,2013,3,6,0.0,,,,,
Yishun Avenue 5,S91,2013,3,7,0.0,,,,,
Yishun Avenue 5,S91,2013,3,8,0.0,,,,,
Yishun Avenue 5,S91,2013,3,9,0.6,,,,,
Yishun Avenue 5,S91,2013,3,10,2.2,,,,,
Yishun Avenue 5,S91,2013,3,11,0.0,,,,,
Yishun Avenue 5,S91,2013,3,12,0.0,,,,,
Yishun Avenue 5,S91,2013,3,13,5.6,,,,,
Yishun Avenue 5,S91,2013,3,14,0.0,,,,,
Yishun Avenue 5,S91,2013,3,15,0.0,,,,,
Yishun Avenue 5,S91,2013,3,16,0.0,,,,,
Yishun Avenue 5,S91,2013,3,17,29.0,,,,,
Yishun Avenue 5,S91,2013,3,18,0.0,,,,,
Yishun Avenue 5,S91,2013,3,19,0.0,,,,,
Yishun Avenue 5,S91,2013,3,20,0.0,,,,,
Yishun Avenue 5,S91,2013,3,21,0.0,,,,,
Yishun Avenue 5,S91,2013,3,22,5.2,,,,,
Yishun Avenue 5,S91,2013,3,23,10.2,,,,,
Yishun Avenue 5,S91,2013,3,24,2.4,,,,,
Yishun Avenue 5,S91,2013,3,25,2.8,,,,,
Yishun Avenue 5,S91,2013,3,26,0.0,,,,,
Yishun Avenue 5,S91,2013,3,27,0.4,,,,,
Yishun Avenue 5,S91,2013,3,28,3.6,,,,,
Yishun Avenue 5,S91,2013,3,29,56.8,,,,,
Yishun Avenue 5,S91,2013,3,30,51.2,,,,,
Yishun Avenue 5,S91,2013,3,31,25.6,,,,,
Yishun Avenue 5,S91,2013,4,1,26.6,,,,,
Yishun Avenue 5,S91,2013,4,2,8.4,,,,,
Yishun Avenue 5,S91,2013,4,3,1.0,,,,,
Yishun Avenue 5,S91,2013,4,4,32.0,,,,,
Yishun Avenue 5,S91,2013,4,5,0.0,,,,,
Yishun Avenue 5,S91,2013,4,6,1.4,,,,,
Yishun Avenue 5,S91,2013,4,7,0.0,,,,,
Yishun Avenue 5,S91,2013,4,8,11.8,,,,,
Yishun Avenue 5,S91,2013,4,9,0.0,,,,,
Yishun Avenue 5,S91,2013,4,10,0.0,,,,,
Yishun Avenue 5,S91,2013,4,11,0.0,,,,,
Yishun Avenue 5,S91,2013,4,12,0.0,,,,,
Yishun Avenue 5,S91,2013,4,13,8.8,,,,,
Yishun Avenue 5,S91,2013,4,14,0.8,,,,,
Yishun Avenue 5,S91,2013,4,15,0.0,,,,,
Yishun Avenue 5,S91,2013,4,16,6.6,,,,,
Yishun Avenue 5,S91,2013,4,17,0.8,,,,,
Yishun Avenue 5,S91,2013,4,18,1.2,,,,,
Yishun Avenue 5,S91,2013,4,19,0.0,,,,,
Yishun Avenue 5,S91,2013,4,20,0.0,,,,,
Yishun Avenue 5,S91,2013,4,21,22.4,,,,,
Yishun Avenue 5,S91,2013,4,22,0.2,,,,,
Yishun Avenue 5,S91,2013,4,23,3.0,,,,,
Yishun Avenue 5,S91,2013,4,24,46.0,,,,,
Yishun Avenue 5,S91,2013,4,25,37.6,,,,,
Yishun Avenue 5,S91,2013,4,26,0.6,,,,,
Yishun Avenue 5,S91,2013,4,27,1.2,,,,,
Yishun Avenue 5,S91,2013,4,28,10.6,,,,,
Yishun Avenue 5,S91,2013,4,29,5.6,,,,,
Yishun Avenue 5,S91,2013,4,30,0.0,,,,,
Yishun Avenue 5,S91,2013,5,1,0.8,,,,,
Yishun Avenue 5,S91,2013,5,2,24.0,,,,,
Yishun Avenue 5,S91,2013,5,3,8.4,,,,,
Yishun Avenue 5,S91,2013,5,4,0.0,,,,,
Yishun Avenue 5,S91,2013,5,5,13.4,,,,,
Yishun Avenue 5,S91,2013,5,6,17.2,,,,,
Yishun Avenue 5,S91,2013,5,7,100.8,,,,,
Yishun Avenue 5,S91,2013,5,8,0.6,,,,,
Yishun Avenue 5,S91,2013,5,9,13.2,,,,,
Yishun Avenue 5,S91,2013,5,10,6.2,,,,,
Yishun Avenue 5,S91,2013,5,11,0.2,,,,,
Yishun Avenue 5,S91,2013,5,12,0.0,,,,,
Yishun Avenue 5,S91,2013,5,13,0.0,,,,,
Yishun Avenue 5,S91,2013,5,14,13.0,,,,,
Yishun Avenue 5,S91,2013,5,15,19.0,,,,,
Yishun Avenue 5,S91,2013,5,16,0.4,,,,,
Yishun Avenue 5,S91,2013,5,17,5.0,,,,,
Yishun Avenue 5,S91,2013,5,18,0.0,,,,,
Yishun Avenue 5,S91,2013,5,19,0.0,,,,,
Yishun Avenue 5,S91,2013,5,20,0.0,,,,,
Yishun Avenue 5,S91,2013,5,21,50.0,,,,,
Yishun Avenue 5,S91,2013,5,22,4.0,,,,,
Yishun Avenue 5,S91,2013,5,23,32.2,,,,,
Yishun Avenue 5,S91,2013,5,24,6.4,,,,,
Yishun Avenue 5,S91,2013,5,25,0.0,,,,,
Yishun Avenue 5,S91,2013,5,26,12.4,,,,,
Yishun Avenue 5,S91,2013,5,27,0.2,,,,,
Yishun Avenue 5,S91,2013,5,28,0.0,,,,,
Yishun Avenue 5,S91,2013,5,29,0.6,,,,,
Yishun Avenue 5,S91,2013,5,30,2.2,,,,,
Yishun Avenue 5,S91,2013,5,31,65.8,,,,,
Yishun Avenue 5,S91,2013,6,1,13.4,,,,,
Yishun Avenue 5,S91,2013,6,2,0.2,,,,,
Yishun Avenue 5,S91,2013,6,3,11.4,,,,,
Yishun Avenue 5,S91,2013,6,4,2.6,,,,,
Yishun Avenue 5,S91,2013,6,5,34.2,,,,,
Yishun Avenue 5,S91,2013,6,6,1.4,,,,,
Yishun Avenue 5,S91,2013,6,7,32.2,,,,,
Yishun Avenue 5,S91,2013,6,8,2.2,,,,,
Yishun Avenue 5,S91,2013,6,9,0.0,,,,,
Yishun Avenue 5,S91,2013,6,10,0.0,,,,,
Yishun Avenue 5,S91,2013,6,11,0.0,,,,,
Yishun Avenue 5,S91,2013,6,12,0.0,,,,,
Yishun Avenue 5,S91,2013,6,13,0.0,,,,,
Yishun Avenue 5,S91,2013,6,14,0.0,,,,,
Yishun Avenue 5,S91,2013,6,15,0.0,,,,,
Yishun Avenue 5,S91,2013,6,16,4.6,,,,,
Yishun Avenue 5,S91,2013,6,17,0.0,,,,,
Yishun Avenue 5,S91,2013,6,18,0.0,,,,,
Yishun Avenue 5,S91,2013,6,19,0.0,,,,,
Yishun Avenue 5,S91,2013,6,20,0.0,,,,,
Yishun Avenue 5,S91,2013,6,21,0.0,,,,,
Yishun Avenue 5,S91,2013,6,22,0.0,,,,,
Yishun Avenue 5,S91,2013,6,23,0.0,,,,,
Yishun Avenue 5,S91,2013,6,24,0.0,,,,,
Yishun Avenue 5,S91,2013,6,25,0.0,,,,,
Yishun Avenue 5,S91,2013,6,26,1.6,,,,,
Yishun Avenue 5,S91,2013,6,27,0.0,,,,,
Yishun Avenue 5,S91,2013,6,28,0.0,,,,,
Yishun Avenue 5,S91,2013,6,29,0.0,,,,,
Yishun Avenue 5,S91,2013,6,30,13.4,,,,,
Yishun Avenue 5,S91,2013,7,1,0.0,,,,,
Yishun Avenue 5,S91,2013,7,2,3.0,,,,,
Yishun Avenue 5,S91,2013,7,3,0.0,,,,,
Yishun Avenue 5,S91,2013,7,4,0.8,,,,,
Yishun Avenue 5,S91,2013,7,5,0.0,,,,,
Yishun Avenue 5,S91,2013,7,6,0.0,,,,,
Yishun Avenue 5,S91,2013,7,7,0.0,,,,,
Yishun Avenue 5,S91,2013,7,8,4.4,,,,,
Yishun Avenue 5,S91,2013,7,9,1.2,,,,,
Yishun Avenue 5,S91,2013,7,10,0.0,,,,,
Yishun Avenue 5,S91,2013,7,11,47.8,,,,,
Yishun Avenue 5,S91,2013,7,12,1.8,,,,,
Yishun Avenue 5,S91,2013,7,13,0.0,,,,,
Yishun Avenue 5,S91,2013,7,14,0.6,,,,,
Yishun Avenue 5,S91,2013,7,15,0.2,,,,,
Yishun Avenue 5,S91,2013,7,16,3.4,,,,,
Yishun Avenue 5,S91,2013,7,17,1.8,,,,,
Yishun Avenue 5,S91,2013,7,18,2.0,,,,,
Yishun Avenue 5,S91,2013,7,19,0.0,,,,,
Yishun Avenue 5,S91,2013,7,20,0.0,,,,,
Yishun Avenue 5,S91,2013,7,21,0.0,,,,,
Yishun Avenue 5,S91,2013,7,22,0.0,,,,,
Yishun Avenue 5,S91,2013,7,23,0.0,,,,,
Yishun Avenue 5,S91,2013,7,24,0.0,,,,,
Yishun Avenue 5,S91,2013,7,25,0.0,,,,,
Yishun Avenue 5,S91,2013,7,26,17.2,,,,,
Yishun Avenue 5,S91,2013,7,27,0.4,,,,,
Yishun Avenue 5,S91,2013,7,28,0.0,,,,,
Yishun Avenue 5,S91,2013,7,29,25.8,,,,,
Yishun Avenue 5,S91,2013,7,30,0.0,,,,,
Yishun Avenue 5,S91,2013,7,31,29.6,,,,,
Yishun Avenue 5,S91,2013,8,1,11.2,,,,,
Yishun Avenue 5,S91,2013,8,2,0.2,,,,,
Yishun Avenue 5,S91,2013,8,3,0.0,,,,,
Yishun Avenue 5,S91,2013,8,4,1.0,,,,,
Yishun Avenue 5,S91,2013,8,5,20.0,,,,,
Yishun Avenue 5,S91,2013,8,6,0.4,,,,,
Yishun Avenue 5,S91,2013,8,7,0.8,,,,,
Yishun Avenue 5,S91,2013,8,8,0.2,,,,,
Yishun Avenue 5,S91,2013,8,9,3.2,,,,,
Yishun Avenue 5,S91,2013,8,10,21.2,,,,,
Yishun Avenue 5,S91,2013,8,11,12.4,,,,,
Yishun Avenue 5,S91,2013,8,12,0.8,,,,,
Yishun Avenue 5,S91,2013,8,13,1.4,,,,,
Yishun Avenue 5,S91,2013,8,14,8.6,,,,,
Yishun Avenue 5,S91,2013,8,15,0.0,,,,,
Yishun Avenue 5,S91,2013,8,16,0.0,,,,,
Yishun Avenue 5,S91,2013,8,17,0.2,,,,,
Yishun Avenue 5,S91,2013,8,18,0.0,,,,,
Yishun Avenue 5,S91,2013,8,19,2.4,,,,,
Yishun Avenue 5,S91,2013,8,20,0.2,,,,,
Yishun Avenue 5,S91,2013,8,21,0.0,,,,,
Yishun Avenue 5,S91,2013,8,22,12.6,,,,,
Yishun Avenue 5,S91,2013,8,23,0.0,,,,,
Yishun Avenue 5,S91,2013,8,24,0.0,,,,,
Yishun Avenue 5,S91,2013,8,25,0.0,,,,,
Yishun Avenue 5,S91,2013,8,26,4.2,,,,,
Yishun Avenue 5,S91,2013,8,27,0.0,,,,,
Yishun Avenue 5,S91,2013,8,28,20.8,,,,,
Yishun Avenue 5,S91,2013,8,29,4.6,,,,,
Yishun Avenue 5,S91,2013,8,30,0.0,,,,,
Yishun Avenue 5,S91,2013,8,31,0.0,,,,,
Yishun Avenue 5,S91,2013,9,1,0.4,,,,,
Yishun Avenue 5,S91,2013,9,2,19.8,,,,,
Yishun Avenue 5,S91,2013,9,3,10.2,,,,,
Yishun Avenue 5,S91,2013,9,4,2.6,,,,,
Yishun Avenue 5,S91,2013,9,5,37.4,,,,,
Yishun Avenue 5,S91,2013,9,6,43.8,,,,,
Yishun Avenue 5,S91,2013,9,7,8.8,,,,,
Yishun Avenue 5,S91,2013,9,8,1.0,,,,,
Yishun Avenue 5,S91,2013,9,9,21.4,,,,,
Yishun Avenue 5,S91,2013,9,10,7.0,,,,,
Yishun Avenue 5,S91,2013,9,11,0.0,,,,,
Yishun Avenue 5,S91,2013,9,12,0.0,,,,,
Yishun Avenue 5,S91,2013,9,13,1.0,,,,,
Yishun Avenue 5,S91,2013,9,14,0.0,,,,,
Yishun Avenue 5,S91,2013,9,15,19.6,,,,,
Yishun Avenue 5,S91,2013,9,16,0.2,,,,,
Yishun Avenue 5,S91,2013,9,17,1.8,,,,,
Yishun Avenue 5,S91,2013,9,18,0.0,,,,,
Yishun Avenue 5,S91,2013,9,19,0.0,,,,,
Yishun Avenue 5,S91,2013,9,20,0.0,,,,,
Yishun Avenue 5,S91,2013,9,21,0.0,,,,,
Yishun Avenue 5,S91,2013,9,22,0.0,,,,,
Yishun Avenue 5,S91,2013,9,23,0.0,,,,,
Yishun Avenue 5,S91,2013,9,24,0.0,,,,,
Yishun Avenue 5,S91,2013,9,25,7.2,,,,,
Yishun Avenue 5,S91,2013,9,26,14.8,,,,,
Yishun Avenue 5,S91,2013,9,27,0.0,,,,,
Yishun Avenue 5,S91,2013,9,28,16.8,,,,,
Yishun Avenue 5,S91,2013,9,29,0.6,,,,,
Yishun Avenue 5,S91,2013,9,30,0.0,,,,,
Yishun Avenue 5,S91,2013,10,1,0.0,,,,,
Yishun Avenue 5,S91,2013,10,2,4.6,,,,,
Yishun Avenue 5,S91,2013,10,3,2.2,,,,,
Yishun Avenue 5,S91,2013,10,4,0.4,,,,,
Yishun Avenue 5,S91,2013,10,5,10.6,,,,,
Yishun Avenue 5,S91,2013,10,6,8.2,,,,,
Yishun Avenue 5,S91,2013,10,7,2.8,,,,,
Yishun Avenue 5,S91,2013,10,8,14.2,,,,,
Yishun Avenue 5,S91,2013,10,9,0.0,,,,,
Yishun Avenue 5,S91,2013,10,10,2.2,,,,,
Yishun Avenue 5,S91,2013,10,11,1.4,,,,,
Yishun Avenue 5,S91,2013,10,12,1.2,,,,,
Yishun Avenue 5,S91,2013,10,13,,,,,,
Yishun Avenue 5,S91,2013,10,14,,,,,,
Yishun Avenue 5,S91,2013,10,15,,,,,,
Yishun Avenue 5,S91,2013,10,16,,,,,,
Yishun Avenue 5,S91,2013,10,17,,,,,,
Yishun Avenue 5,S91,2013,10,18,,,,,,
Yishun Avenue 5,S91,2013,10,19,,,,,,
Yishun Avenue 5,S91,2013,10,20,,,,,,
Yishun Avenue 5,S91,2013,10,21,,,,,,
Yishun Avenue 5,S91,2013,10,22,,,,,,
Yishun Avenue 5,S91,2013,10,23,,,,,,
Yishun Avenue 5,S91,2013,10,24,,,,,,
Yishun Avenue 5,S91,2013,10,25,,,,,,
Yishun Avenue 5,S91,2013,10,26,,,,,,
Yishun Avenue 5,S91,2013,10,27,,,,,,
Yishun Avenue 5,S91,2013,10,28,,,,,,
Yishun Avenue 5,S91,2013,10,29,,,,,,
Yishun Avenue 5,S91,2013,10,30,,,,,,
Yishun Avenue 5,S91,2013,10,31,,,,,,
Yishun Avenue 5,S91,2013,11,1,0.0,,,,,
Yishun Avenue 5,S91,2013,11,2,0.0,,,,,
Yishun Avenue 5,S91,2013,11,3,0.0,,,,,
Yishun Avenue 5,S91,2013,11,4,0.0,,,,,
Yishun Avenue 5,S91,2013,11,5,0.0,,,,,
Yishun Avenue 5,S91,2013,11,6,0.0,,,,,
Yishun Avenue 5,S91,2013,11,7,0.0,,,,,
Yishun Avenue 5,S91,2013,11,8,0.0,,,,,
Yishun Avenue 5,S91,2013,11,9,0.0,,,,,
Yishun Avenue 5,S91,2013,11,10,0.0,,,,,
Yishun Avenue 5,S91,2013,11,11,0.0,,,,,
Yishun Avenue 5,S91,2013,11,12,0.0,,,,,
Yishun Avenue 5,S91,2013,11,13,0.0,,,,,
Yishun Avenue 5,S91,2013,11,14,0.0,,,,,
Yishun Avenue 5,S91,2013,11,15,0.0,,,,,
Yishun Avenue 5,S91,2013,11,16,0.0,,,,,
Yishun Avenue 5,S91,2013,11,17,0.0,,,,,
Yishun Avenue 5,S91,2013,11,18,0.0,,,,,
Yishun Avenue 5,S91,2013,11,19,0.0,,,,,
Yishun Avenue 5,S91,2013,11,20,0.0,,,,,
Yishun Avenue 5,S91,2013,11,21,0.0,,,,,
Yishun Avenue 5,S91,2013,11,22,0.0,,,,,
Yishun Avenue 5,S91,2013,11,23,0.0,,,,,
Yishun Avenue 5,S91,2013,11,24,0.0,,,,,
Yishun Avenue 5,S91,2013,11,25,0.0,,,,,
Yishun Avenue 5,S91,2013,11,26,0.0,,,,,
Yishun Avenue 5,S91,2013,11,27,0.0,,,,,
Yishun Avenue 5,S91,2013,11,28,0.0,,,,,
Yishun Avenue 5,S91,2013,11,29,0.0,,,,,
Yishun Avenue 5,S91,2013,11,30,,,,,,
Yishun Avenue 5,S91,2014,2,1,,,,,,
Yishun Avenue 5,S91,2014,2,2,,,,,,
Yishun Avenue 5,S91,2014,2,3,,,,,,
Yishun Avenue 5,S91,2014,2,4,,,,,,
Yishun Avenue 5,S91,2014,2,5,,,,,,
Yishun Avenue 5,S91,2014,2,6,,,,,,
Yishun Avenue 5,S91,2014,2,7,,,,,,
Yishun Avenue 5,S91,2014,2,8,,,,,,
Yishun Avenue 5,S91,2014,2,9,,,,,,
Yishun Avenue 5,S91,2014,2,10,,,,,,
Yishun Avenue 5,S91,2014,2,11,,,,,,
Yishun Avenue 5,S91,2014,2,12,,,,,,
Yishun Avenue 5,S91,2014,2,13,,,,,,
Yishun Avenue 5,S91,2014,2,14,,,,,,
Yishun Avenue 5,S91,2014,2,15,,,,,,
Yishun Avenue 5,S91,2014,2,16,,,,,,
Yishun Avenue 5,S91,2014,2,17,,,,,,
Yishun Avenue 5,S91,2014,2,18,0.0,,,,,
Yishun Avenue 5,S91,2014,2,19,0.0,,,,,
Yishun Avenue 5,S91,2014,2,20,0.0,,,,,
Yishun Avenue 5,S91,2014,2,21,0.0,,,,,
Yishun Avenue 5,S91,2014,2,22,0.0,,,,,
Yishun Avenue 5,S91,2014,2,23,0.0,,,,,
Yishun Avenue 5,S91,2014,2,24,0.0,,,,,
Yishun Avenue 5,S91,2014,2,25,0.0,,,,,
Yishun Avenue 5,S91,2014,2,26,0.0,,,,,
Yishun Avenue 5,S91,2014,2,27,0.0,,,,,
Yishun Avenue 5,S91,2014,2,28,0.0,,,,,
Yishun Avenue 5,S91,2014,3,1,0.0,,,,,
Yishun Avenue 5,S91,2014,3,2,0.0,,,,,
Yishun Avenue 5,S91,2014,3,3,0.0,,,,,
Yishun Avenue 5,S91,2014,3,4,0.0,,,,,
Yishun Avenue 5,S91,2014,3,5,0.0,,,,,
Yishun Avenue 5,S91,2014,3,6,0.0,,,,,
Yishun Avenue 5,S91,2014,3,7,0.0,,,,,
Yishun Avenue 5,S91,2014,3,8,0.0,,,,,
Yishun Avenue 5,S91,2014,3,9,0.0,,,,,
Yishun Avenue 5,S91,2014,3,10,0.0,,,,,
Yishun Avenue 5,S91,2014,3,11,0.0,,,,,
Yishun Avenue 5,S91,2014,3,12,0.0,,,,,
Yishun Avenue 5,S91,2014,3,13,0.0,,,,,
Yishun Avenue 5,S91,2014,3,14,0.0,,,,,
Yishun Avenue 5,S91,2014,3,15,0.0,,,,,
Yishun Avenue 5,S91,2014,3,16,23.6,,,,,
Yishun Avenue 5,S91,2014,3,17,51.8,,,,,
Yishun Avenue 5,S91,2014,3,18,26.0,,,,,
Yishun Avenue 5,S91,2014,3,19,42.0,,,,,
Yishun Avenue 5,S91,2014,3,20,45.0,,,,,
Yishun Avenue 5,S91,2014,3,21,13.6,,,,,
Yishun Avenue 5,S91,2014,3,22,0.2,,,,,
Yishun Avenue 5,S91,2014,3,23,0.0,,,,,
Yishun Avenue 5,S91,2014,3,24,0.0,,,,,
Yishun Avenue 5,S91,2014,3,25,0.0,,,,,
Yishun Avenue 5,S91,2014,3,26,0.0,,,,,
Yishun Avenue 5,S91,2014,3,27,0.0,,,,,
Yishun Avenue 5,S91,2014,3,28,0.8,,,,,
Yishun Avenue 5,S91,2014,3,29,29.2,,,,,
Yishun Avenue 5,S91,2014,3,30,10.4,,,,,
Yishun Avenue 5,S91,2014,3,31,0.0,,,,,
Yishun Avenue 5,S91,2014,4,1,24.4,,,,,
Yishun Avenue 5,S91,2014,4,2,0.4,,,,,
Yishun Avenue 5,S91,2014,4,3,0.0,,,,,
Yishun Avenue 5,S91,2014,4,4,0.0,,,,,
Yishun Avenue 5,S91,2014,4,5,10.8,,,,,
Yishun Avenue 5,S91,2014,4,6,0.6,,,,,
Yishun Avenue 5,S91,2014,4,7,0.0,,,,,
Yishun Avenue 5,S91,2014,4,8,17.8,,,,,
Yishun Avenue 5,S91,2014,4,9,13.4,,,,,
Yishun Avenue 5,S91,2014,4,10,0.0,,,,,
Yishun Avenue 5,S91,2014,4,11,28.8,,,,,
Yishun Avenue 5,S91,2014,4,12,3.2,,,,,
Yishun Avenue 5,S91,2014,4,13,0.0,,,,,
Yishun Avenue 5,S91,2014,4,14,20.0,,,,,
Yishun Avenue 5,S91,2014,4,15,7.0,,,,,
Yishun Avenue 5,S91,2014,4,16,5.0,,,,,
Yishun Avenue 5,S91,2014,4,17,38.6,,,,,
Yishun Avenue 5,S91,2014,4,18,1.0,,,,,
Yishun Avenue 5,S91,2014,4,19,0.0,,,,,
Yishun Avenue 5,S91,2014,4,20,1.6,,,,,
Yishun Avenue 5,S91,2014,4,21,6.6,,,,,
Yishun Avenue 5,S91,2014,4,22,0.0,,,,,
Yishun Avenue 5,S91,2014,4,23,0.0,,,,,
Yishun Avenue 5,S91,2014,4,24,8.4,,,,,
Yishun Avenue 5,S91,2014,4,25,0.6,,,,,
Yishun Avenue 5,S91,2014,4,26,0.6,,,,,
Yishun Avenue 5,S91,2014,4,27,0.0,,,,,
Yishun Avenue 5,S91,2014,4,28,0.0,,,,,
Yishun Avenue 5,S91,2014,4,29,0.0,,,,,
Yishun Avenue 5,S91,2014,4,30,0.2,,,,,
Yishun Avenue 5,S91,2014,5,1,0.0,,,,,
Yishun Avenue 5,S91,2014,5,2,0.6,,,,,
Yishun Avenue 5,S91,2014,5,3,24.8,,,,,
Yishun Avenue 5,S91,2014,5,4,0.0,,,,,
Yishun Avenue 5,S91,2014,5,5,2.2,,,,,
Yishun Avenue 5,S91,2014,5,6,0.0,,,,,
Yishun Avenue 5,S91,2014,5,7,12.8,,,,,
Yishun Avenue 5,S91,2014,5,8,29.6,,,,,
Yishun Avenue 5,S91,2014,5,9,20.0,,,,,
Yishun Avenue 5,S91,2014,5,10,0.0,,,,,
Yishun Avenue 5,S91,2014,5,11,34.4,,,,,
Yishun Avenue 5,S91,2014,5,12,6.0,,,,,
Yishun Avenue 5,S91,2014,5,13,0.0,,,,,
Yishun Avenue 5,S91,2014,5,14,0.8,,,,,
Yishun Avenue 5,S91,2014,5,15,0.0,,,,,
Yishun Avenue 5,S91,2014,5,16,0.6,,,,,
Yishun Avenue 5,S91,2014,5,17,3.2,,,,,
Yishun Avenue 5,S91,2014,5,18,8.8,,,,,
Yishun Avenue 5,S91,2014,5,19,12.6,,,,,
Yishun Avenue 5,S91,2014,5,20,22.8,,,,,
Yishun Avenue 5,S91,2014,5,21,37.8,,,,,
Yishun Avenue 5,S91,2014,5,22,0.2,,,,,
Yishun Avenue 5,S91,2014,5,23,4.0,,,,,
Yishun Avenue 5,S91,2014,5,24,0.0,,,,,
Yishun Avenue 5,S91,2014,5,25,0.0,,,,,
Yishun Avenue 5,S91,2014,5,26,17.8,,,,,
Yishun Avenue 5,S91,2014,5,27,0.0,,,,,
Yishun Avenue 5,S91,2014,5,28,8.4,,,,,
Yishun Avenue 5,S91,2014,5,29,3.4,,,,,
Yishun Avenue 5,S91,2014,5,30,23.0,,,,,
Yishun Avenue 5,S91,2014,5,31,0.2,,,,,
Yishun Avenue 5,S91,2014,6,1,10.0,,,,,
Yishun Avenue 5,S91,2014,6,2,7.6,,,,,
Yishun Avenue 5,S91,2014,6,3,0.2,,,,,
Yishun Avenue 5,S91,2014,6,4,4.2,,,,,
Yishun Avenue 5,S91,2014,6,5,29.2,,,,,
Yishun Avenue 5,S91,2014,6,6,21.4,,,,,
Yishun Avenue 5,S91,2014,6,7,2.2,,,,,
Yishun Avenue 5,S91,2014,6,8,0.0,,,,,
Yishun Avenue 5,S91,2014,6,9,0.4,,,,,
Yishun Avenue 5,S91,2014,6,10,0.4,,,,,
Yishun Avenue 5,S91,2014,6,11,0.0,,,,,
Yishun Avenue 5,S91,2014,6,12,10.0,,,,,
Yishun Avenue 5,S91,2014,6,13,0.0,,,,,
Yishun Avenue 5,S91,2014,6,14,15.0,,,,,
Yishun Avenue 5,S91,2014,6,15,0.2,,,,,
Yishun Avenue 5,S91,2014,6,16,0.0,,,,,
Yishun Avenue 5,S91,2014,6,17,0.0,,,,,
Yishun Avenue 5,S91,2014,6,18,8.8,,,,,
Yishun Avenue 5,S91,2014,6,19,2.2,,,,,
Yishun Avenue 5,S91,2014,6,20,0.0,,,,,
Yishun Avenue 5,S91,2014,6,21,0.0,,,,,
Yishun Avenue 5,S91,2014,6,22,0.0,,,,,
Yishun Avenue 5,S91,2014,6,23,0.0,,,,,
Yishun Avenue 5,S91,2014,6,24,2.4,,,,,
Yishun Avenue 5,S91,2014,6,25,1.2,,,,,
Yishun Avenue 5,S91,2014,6,26,0.0,,,,,
Yishun Avenue 5,S91,2014,6,27,0.0,,,,,
Yishun Avenue 5,S91,2014,6,28,0.0,,,,,
Yishun Avenue 5,S91,2014,6,29,4.0,,,,,
Yishun Avenue 5,S91,2014,6,30,15.0,,,,,
Yishun Avenue 5,S91,2014,7,1,0.0,,,,,
Yishun Avenue 5,S91,2014,7,2,0.0,,,,,
Yishun Avenue 5,S91,2014,7,3,0.0,,,,,
Yishun Avenue 5,S91,2014,7,4,0.0,,,,,
Yishun Avenue 5,S91,2014,7,5,23.6,,,,,
Yishun Avenue 5,S91,2014,7,6,7.4,,,,,
Yishun Avenue 5,S91,2014,7,7,29.6,,,,,
Yishun Avenue 5,S91,2014,7,8,40.0,,,,,
Yishun Avenue 5,S91,2014,7,9,19.8,,,,,
Yishun Avenue 5,S91,2014,7,10,1.4,,,,,
Yishun Avenue 5,S91,2014,7,11,45.0,,,,,
Yishun Avenue 5,S91,2014,7,12,0.0,,,,,
Yishun Avenue 5,S91,2014,7,13,0.0,,,,,
Yishun Avenue 5,S91,2014,7,14,0.0,,,,,
Yishun Avenue 5,S91,2014,7,15,0.0,,,,,
Yishun Avenue 5,S91,2014,7,16,0.0,,,,,
Yishun Avenue 5,S91,2014,7,17,9.2,,,,,
Yishun Avenue 5,S91,2014,7,18,0.0,,,,,
Yishun Avenue 5,S91,2014,7,19,0.0,,,,,
Yishun Avenue 5,S91,2014,7,20,0.0,,,,,
Yishun Avenue 5,S91,2014,7,21,0.0,,,,,
Yishun Avenue 5,S91,2014,7,22,0.0,,,,,
Yishun Avenue 5,S91,2014,7,23,0.0,,,,,
Yishun Avenue 5,S91,2014,7,24,0.0,,,,,
Yishun Avenue 5,S91,2014,7,25,0.0,,,,,
Yishun Avenue 5,S91,2014,7,26,0.0,,,,,
Yishun Avenue 5,S91,2014,7,27,6.8,,,,,
Yishun Avenue 5,S91,2014,7,28,0.0,,,,,
Yishun Avenue 5,S91,2014,7,29,8.6,,,,,
Yishun Avenue 5,S91,2014,7,30,10.4,,,,,
Yishun Avenue 5,S91,2014,7,31,0.2,,,,,
Yishun Avenue 5,S91,2014,8,1,1.2,,,,,
Yishun Avenue 5,S91,2014,8,2,18.4,,,,,
Yishun Avenue 5,S91,2014,8,3,0.0,,,,,
Yishun Avenue 5,S91,2014,8,4,0.0,,,,,
Yishun Avenue 5,S91,2014,8,5,5.6,,,,,
Yishun Avenue 5,S91,2014,8,6,14.0,,,,,
Yishun Avenue 5,S91,2014,8,7,0.0,,,,,
Yishun Avenue 5,S91,2014,8,8,0.0,,,,,
Yishun Avenue 5,S91,2014,8,9,0.0,,,,,
Yishun Avenue 5,S91,2014,8,10,9.2,,,,,
Yishun Avenue 5,S91,2014,8,11,3.2,,,,,
Yishun Avenue 5,S91,2014,8,12,3.6,,,,,
Yishun Avenue 5,S91,2014,8,13,0.2,,,,,
Yishun Avenue 5,S91,2014,8,14,2.4,,,,,
Yishun Avenue 5,S91,2014,8,15,40.6,,,,,
Yishun Avenue 5,S91,2014,8,16,0.2,,,,,
Yishun Avenue 5,S91,2014,8,17,0.0,,,,,
Yishun Avenue 5,S91,2014,8,18,1.2,,,,,
Yishun Avenue 5,S91,2014,8,19,0.4,,,,,
Yishun Avenue 5,S91,2014,8,20,1.2,,,,,
Yishun Avenue 5,S91,2014,8,21,1.2,,,,,
Yishun Avenue 5,S91,2014,8,22,0.0,,,,,
Yishun Avenue 5,S91,2014,8,23,4.4,,,,,
Yishun Avenue 5,S91,2014,8,24,4.4,,,,,
Yishun Avenue 5,S91,2014,8,25,22.6,,,,,
Yishun Avenue 5,S91,2014,8,26,0.6,,,,,
Yishun Avenue 5,S91,2014,8,27,10.0,,,,,
Yishun Avenue 5,S91,2014,8,28,2.0,,,,,
Yishun Avenue 5,S91,2014,8,29,10.2,,,,,
Yishun Avenue 5,S91,2014,8,30,7.8,,,,,
Yishun Avenue 5,S91,2014,8,31,52.0,,,,,
Yishun Avenue 5,S91,2014,9,1,0.0,,,,,
Yishun Avenue 5,S91,2014,9,2,0.0,,,,,
Yishun Avenue 5,S91,2014,9,3,26.8,,,,,
Yishun Avenue 5,S91,2014,9,4,0.0,,,,,
Yishun Avenue 5,S91,2014,9,5,1.0,,,,,
Yishun Avenue 5,S91,2014,9,6,1.4,,,,,
Yishun Avenue 5,S91,2014,9,7,2.2,,,,,
Yishun Avenue 5,S91,2014,9,8,0.0,,,,,
Yishun Avenue 5,S91,2014,9,9,0.0,,,,,
Yishun Avenue 5,S91,2014,9,10,0.0,,,,,
Yishun Avenue 5,S91,2014,9,11,10.6,,,,,
Yishun Avenue 5,S91,2014,9,12,0.2,,,,,
Yishun Avenue 5,S91,2014,9,13,0.0,,,,,
Yishun Avenue 5,S91,2014,9,14,0.0,,,,,
Yishun Avenue 5,S91,2014,9,15,0.0,,,,,
Yishun Avenue 5,S91,2014,9,16,0.0,,,,,
Yishun Avenue 5,S91,2014,9,17,1.0,,,,,
Yishun Avenue 5,S91,2014,9,18,0.4,,,,,
Yishun Avenue 5,S91,2014,9,19,0.0,,,,,
Yishun Avenue 5,S91,2014,9,20,7.0,,,,,
Yishun Avenue 5,S91,2014,9,21,4.0,,,,,
Yishun Avenue 5,S91,2014,9,22,0.0,,,,,
Yishun Avenue 5,S91,2014,9,23,0.0,,,,,
Yishun Avenue 5,S91,2014,9,24,26.2,,,,,
Yishun Avenue 5,S91,2014,9,25,12.8,,,,,
Yishun Avenue 5,S91,2014,9,26,0.0,,,,,
Yishun Avenue 5,S91,2014,9,27,0.0,,,,,
Yishun Avenue 5,S91,2014,9,28,0.0,,,,,
Yishun Avenue 5,S91,2014,9,29,0.0,,,,,
Yishun Avenue 5,S91,2014,9,30,0.0,,,,,
Yishun Avenue 5,S91,2014,10,1,0.0,,,,,
Yishun Avenue 5,S91,2014,10,2,0.0,,,,,
Yishun Avenue 5,S91,2014,10,3,0.0,,,,,
Yishun Avenue 5,S91,2014,10,4,9.4,,,,,
Yishun Avenue 5,S91,2014,10,5,0.0,,,,,
Yishun Avenue 5,S91,2014,10,6,0.0,,,,,
Yishun Avenue 5,S91,2014,10,7,0.0,,,,,
Yishun Avenue 5,S91,2014,10,8,0.0,,,,,
Yishun Avenue 5,S91,2014,10,9,0.0,,,,,
Yishun Avenue 5,S91,2014,10,10,0.0,,,,,
Yishun Avenue 5,S91,2014,10,11,2.6,,,,,
Yishun Avenue 5,S91,2014,10,12,0.4,,,,,
Yishun Avenue 5,S91,2014,10,13,0.2,,,,,
Yishun Avenue 5,S91,2014,10,14,2.0,,,,,
Yishun Avenue 5,S91,2014,10,15,0.0,,,,,
Yishun Avenue 5,S91,2014,10,16,2.4,,,,,
Yishun Avenue 5,S91,2014,10,17,18.2,,,,,
Yishun Avenue 5,S91,2014,10,18,2.0,,,,,
Yishun Avenue 5,S91,2014,10,19,0.2,,,,,
Yishun Avenue 5,S91,2014,10,20,0.0,,,,,
Yishun Avenue 5,S91,2014,10,21,20.0,,,,,
Yishun Avenue 5,S91,2014,10,22,4.0,,,,,
Yishun Avenue 5,S91,2014,10,23,0.0,,,,,
Yishun Avenue 5,S91,2014,10,24,0.0,,,,,
Yishun Avenue 5,S91,2014,10,25,0.0,,,,,
Yishun Avenue 5,S91,2014,10,26,0.0,,,,,
Yishun Avenue 5,S91,2014,10,27,5.0,,,,,
Yishun Avenue 5,S91,2014,10,28,0.0,,,,,
Yishun Avenue 5,S91,2014,10,29,0.0,,,,,
Yishun Avenue 5,S91,2014,10,30,5.2,,,,,
Yishun Avenue 5,S91,2014,10,31,63.0,,,,,
Yishun Avenue 5,S91,2014,11,1,0.0,,,,,
Yishun Avenue 5,S91,2014,11,2,0.0,,,,,
Yishun Avenue 5,S91,2014,11,3,0.0,,,,,
Yishun Avenue 5,S91,2014,11,4,0.0,,,,,
Yishun Avenue 5,S91,2014,11,5,34.8,,,,,
Yishun Avenue 5,S91,2014,11,6,105.4,,,,,
Yishun Avenue 5,S91,2014,11,7,35.8,,,,,
Yishun Avenue 5,S91,2014,11,8,32.4,,,,,
Yishun Avenue 5,S91,2014,11,9,9.6,,,,,
Yishun Avenue 5,S91,2014,11,10,0.0,,,,,
Yishun Avenue 5,S91,2014,11,11,20.4,,,,,
Yishun Avenue 5,S91,2014,11,12,56.8,,,,,
Yishun Avenue 5,S91,2014,11,13,84.8,,,,,
Yishun Avenue 5,S91,2014,11,14,0.6,,,,,
Yishun Avenue 5,S91,2014,11,15,4.6,,,,,
Yishun Avenue 5,S91,2014,11,16,0.0,,,,,
Yishun Avenue 5,S91,2014,11,17,3.4,,,,,
Yishun Avenue 5,S91,2014,11,18,3.6,,,,,
Yishun Avenue 5,S91,2014,11,19,0.0,,,,,
Yishun Avenue 5,S91,2014,11,20,21.4,,,,,
Yishun Avenue 5,S91,2014,11,21,1.2,,,,,
Yishun Avenue 5,S91,2014,11,22,6.2,,,,,
Yishun Avenue 5,S91,2014,11,23,10.2,,,,,
Yishun Avenue 5,S91,2014,11,24,1.0,,,,,
Yishun Avenue 5,S91,2014,11,25,26.8,,,,,
Yishun Avenue 5,S91,2014,11,26,8.6,,,,,
Yishun Avenue 5,S91,2014,11,27,0.0,,,,,
Yishun Avenue 5,S91,2014,11,28,0.2,,,,,
Yishun Avenue 5,S91,2014,11,29,4.0,,,,,
Yishun Avenue 5,S91,2014,11,30,0.0,,,,,
Yishun Avenue 5,S91,2014,12,1,8.8,,,,,
Yishun Avenue 5,S91,2014,12,2,0.0,,,,,
Yishun Avenue 5,S91,2014,12,3,0.0,,,,,
Yishun Avenue 5,S91,2014,12,4,82.0,,,,,
Yishun Avenue 5,S91,2014,12,5,0.0,,,,,
Yishun Avenue 5,S91,2014,12,6,31.0,,,,,
Yishun Avenue 5,S91,2014,12,7,5.8,,,,,
Yishun Avenue 5,S91,2014,12,8,2.0,,,,,
Yishun Avenue 5,S91,2014,12,9,0.2,,,,,
Yishun Avenue 5,S91,2014,12,10,0.0,,,,,
Yishun Avenue 5,S91,2014,12,11,13.8,,,,,
Yishun Avenue 5,S91,2014,12,12,0.2,,,,,
Yishun Avenue 5,S91,2014,12,13,0.0,,,,,
Yishun Avenue 5,S91,2014,12,14,0.0,,,,,
Yishun Avenue 5,S91,2014,12,15,0.0,,,,,
Yishun Avenue 5,S91,2014,12,16,2.2,,,,,
Yishun Avenue 5,S91,2014,12,17,38.4,,,,,
Yishun Avenue 5,S91,2014,12,18,22.6,,,,,
Yishun Avenue 5,S91,2014,12,19,21.0,,,,,
Yishun Avenue 5,S91,2014,12,20,0.0,,,,,
Yishun Avenue 5,S91,2014,12,21,2.2,,,,,
Yishun Avenue 5,S91,2014,12,22,0.0,,,,,
Yishun Avenue 5,S91,2014,12,23,0.0,,,,,
Yishun Avenue 5,S91,2014,12,24,1.4,,,,,
Yishun Avenue 5,S91,2014,12,25,0.2,,,,,
Yishun Avenue 5,S91,2014,12,26,55.0,,,,,
Yishun Avenue 5,S91,2014,12,27,8.8,,,,,
Yishun Avenue 5,S91,2014,12,28,1.2,,,,,
Yishun Avenue 5,S91,2014,12,29,0.6,,,,,
Yishun Avenue 5,S91,2014,12,30,0.0,,,,,
Yishun Avenue 5,S91,2014,12,31,0.0,,,,,
Yishun Avenue 5,S91,2015,1,1,0.0,,,,,
Yishun Avenue 5,S91,2015,1,2,0.2,,,,,
Yishun Avenue 5,S91,2015,1,3,0.2,,,,,
Yishun Avenue 5,S91,2015,1,4,0.0,,,,,
Yishun Avenue 5,S91,2015,1,5,0.0,,,,,
Yishun Avenue 5,S91,2015,1,6,33.8,,,,,
Yishun Avenue 5,S91,2015,1,7,4.4,,,,,
Yishun Avenue 5,S91,2015,1,8,37.4,,,,,
Yishun Avenue 5,S91,2015,1,9,1.0,,,,,
Yishun Avenue 5,S91,2015,1,10,4.8,,,,,
Yishun Avenue 5,S91,2015,1,11,0.0,,,,,
Yishun Avenue 5,S91,2015,1,12,0.0,,,,,
Yishun Avenue 5,S91,2015,1,13,0.0,,,,,
Yishun Avenue 5,S91,2015,1,14,0.0,,,,,
Yishun Avenue 5,S91,2015,1,15,0.0,,,,,
Yishun Avenue 5,S91,2015,1,16,0.0,,,,,
Yishun Avenue 5,S91,2015,1,17,0.0,,,,,
Yishun Avenue 5,S91,2015,1,18,0.0,,,,,
Yishun Avenue 5,S91,2015,1,19,0.0,,,,,
Yishun Avenue 5,S91,2015,1,20,0.0,,,,,
Yishun Avenue 5,S91,2015,1,21,17.0,,,,,
Yishun Avenue 5,S91,2015,1,22,0.0,,,,,
Yishun Avenue 5,S91,2015,1,23,0.0,,,,,
Yishun Avenue 5,S91,2015,1,24,1.2,,,,,
Yishun Avenue 5,S91,2015,1,25,0.0,,,,,
Yishun Avenue 5,S91,2015,1,26,0.0,,,,,
Yishun Avenue 5,S91,2015,1,27,0.0,,,,,
Yishun Avenue 5,S91,2015,1,28,0.0,,,,,
Yishun Avenue 5,S91,2015,1,29,0.0,,,,,
Yishun Avenue 5,S91,2015,1,30,0.0,,,,,
Yishun Avenue 5,S91,2015,1,31,0.0,,,,,
Yishun Avenue 5,S91,2015,2,1,0.0,,,,,
Yishun Avenue 5,S91,2015,2,2,0.0,,,,,
Yishun Avenue 5,S91,2015,2,3,0.0,,,,,
Yishun Avenue 5,S91,2015,2,4,14.4,,,,,
Yishun Avenue 5,S91,2015,2,5,0.0,,,,,
Yishun Avenue 5,S91,2015,2,6,13.6,,,,,
Yishun Avenue 5,S91,2015,2,7,0.0,,,,,
Yishun Avenue 5,S91,2015,2,8,0.0,,,,,
Yishun Avenue 5,S91,2015,2,9,0.0,,,,,
Yishun Avenue 5,S91,2015,2,10,0.0,,,,,
Yishun Avenue 5,S91,2015,2,11,0.0,,,,,
Yishun Avenue 5,S91,2015,2,12,0.0,,,,,
Yishun Avenue 5,S91,2015,2,13,0.0,,,,,
Yishun Avenue 5,S91,2015,2,14,0.0,,,,,
Yishun Avenue 5,S91,2015,2,15,0.0,,,,,
Yishun Avenue 5,S91,2015,2,16,0.0,,,,,
Yishun Avenue 5,S91,2015,2,17,0.0,,,,,
Yishun Avenue 5,S91,2015,2,18,0.0,,,,,
Yishun Avenue 5,S91,2015,2,19,4.2,,,,,
Yishun Avenue 5,S91,2015,2,20,0.0,,,,,
Yishun Avenue 5,S91,2015,2,21,0.0,,,,,
Yishun Avenue 5,S91,2015,2,22,0.0,,,,,
Yishun Avenue 5,S91,2015,2,23,15.4,,,,,
Yishun Avenue 5,S91,2015,2,24,0.0,,,,,
Yishun Avenue 5,S91,2015,2,25,9.8,,,,,
Yishun Avenue 5,S91,2015,2,26,0.0,,,,,
Yishun Avenue 5,S91,2015,2,27,0.0,,,,,
Yishun Avenue 5,S91,2015,2,28,0.0,,,,,
Yishun Avenue 5,S91,2015,3,1,0.0,,,,,
Yishun Avenue 5,S91,2015,3,2,0.0,,,,,
Yishun Avenue 5,S91,2015,3,3,0.0,,,,,
Yishun Avenue 5,S91,2015,3,4,5.6,,,,,
Yishun Avenue 5,S91,2015,3,5,0.0,,,,,
Yishun Avenue 5,S91,2015,3,6,0.0,,,,,
Yishun Avenue 5,S91,2015,3,7,0.0,,,,,
Yishun Avenue 5,S91,2015,3,8,0.0,,,,,
Yishun Avenue 5,S91,2015,3,9,0.0,,,,,
Yishun Avenue 5,S91,2015,3,10,0.0,,,,,
Yishun Avenue 5,S91,2015,3,11,6.0,,,,,
Yishun Avenue 5,S91,2015,3,12,0.0,,,,,
Yishun Avenue 5,S91,2015,3,13,0.0,,,,,
Yishun Avenue 5,S91,2015,3,14,0.0,,,,,
Yishun Avenue 5,S91,2015,3,15,0.0,,,,,
Yishun Avenue 5,S91,2015,3,16,7.2,,,,,
Yishun Avenue 5,S91,2015,3,17,0.2,,,,,
Yishun Avenue 5,S91,2015,3,18,0.0,,,,,
Yishun Avenue 5,S91,2015,3,19,5.6,,,,,
Yishun Avenue 5,S91,2015,3,20,2.4,,,,,
Yishun Avenue 5,S91,2015,3,21,7.2,,,,,
Yishun Avenue 5,S91,2015,3,22,62.4,,,,,
Yishun Avenue 5,S91,2015,3,23,0.0,,,,,
Yishun Avenue 5,S91,2015,3,24,0.4,,,,,
Yishun Avenue 5,S91,2015,3,25,0.0,,,,,
Yishun Avenue 5,S91,2015,3,26,0.0,,,,,
Yishun Avenue 5,S91,2015,3,27,0.0,,,,,
Yishun Avenue 5,S91,2015,3,28,2.0,,,,,
Yishun Avenue 5,S91,2015,3,29,6.0,,,,,
Yishun Avenue 5,S91,2015,3,30,0.0,,,,,
Yishun Avenue 5,S91,2015,3,31,23.4,,,,,
Yishun Avenue 5,S91,2015,4,1,9.4,,,,,
Yishun Avenue 5,S91,2015,4,2,35.6,,,,,
Yishun Avenue 5,S91,2015,4,3,2.6,,,,,
Yishun Avenue 5,S91,2015,4,4,11.4,,,,,
Yishun Avenue 5,S91,2015,4,5,13.4,,,,,
Yishun Avenue 5,S91,2015,4,6,0.0,,,,,
Yishun Avenue 5,S91,2015,4,7,1.8,,,,,
Yishun Avenue 5,S91,2015,4,8,0.0,,,,,
Yishun Avenue 5,S91,2015,4,9,0.0,,,,,
Yishun Avenue 5,S91,2015,4,10,0.0,,,,,
Yishun Avenue 5,S91,2015,4,11,14.0,,,,,
Yishun Avenue 5,S91,2015,4,12,39.0,,,,,
Yishun Avenue 5,S91,2015,4,13,0.0,,,,,
Yishun Avenue 5,S91,2015,4,14,0.0,,,,,
Yishun Avenue 5,S91,2015,4,15,0.0,,,,,
Yishun Avenue 5,S91,2015,4,16,0.0,,,,,
Yishun Avenue 5,S91,2015,4,17,0.0,,,,,
Yishun Avenue 5,S91,2015,4,18,0.0,,,,,
Yishun Avenue 5,S91,2015,4,19,0.2,,,,,
Yishun Avenue 5,S91,2015,4,20,0.0,,,,,
Yishun Avenue 5,S91,2015,4,21,2.2,,,,,
Yishun Avenue 5,S91,2015,4,22,0.6,,,,,
Yishun Avenue 5,S91,2015,4,23,0.0,,,,,
Yishun Avenue 5,S91,2015,4,24,7.8,,,,,
Yishun Avenue 5,S91,2015,4,25,0.2,,,,,
Yishun Avenue 5,S91,2015,4,26,1.6,,,,,
Yishun Avenue 5,S91,2015,4,27,7.6,,,,,
Yishun Avenue 5,S91,2015,4,28,62.6,,,,,
Yishun Avenue 5,S91,2015,4,29,0.6,,,,,
Yishun Avenue 5,S91,2015,4,30,14.2,,,,,
Yishun Avenue 5,S91,2015,5,1,1.2,,,,,
Yishun Avenue 5,S91,2015,5,2,0.2,,,,,
Yishun Avenue 5,S91,2015,5,3,89.2,,,,,
Yishun Avenue 5,S91,2015,5,4,0.0,,,,,
Yishun Avenue 5,S91,2015,5,5,0.2,,,,,
Yishun Avenue 5,S91,2015,5,6,0.0,,,,,
Yishun Avenue 5,S91,2015,5,7,4.6,,,,,
Yishun Avenue 5,S91,2015,5,8,15.2,,,,,
Yishun Avenue 5,S91,2015,5,9,0.0,,,,,
Yishun Avenue 5,S91,2015,5,10,0.0,,,,,
Yishun Avenue 5,S91,2015,5,11,0.0,,,,,
Yishun Avenue 5,S91,2015,5,12,0.0,,,,,
Yishun Avenue 5,S91,2015,5,13,44.4,,,,,
Yishun Avenue 5,S91,2015,5,14,12.8,,,,,
Yishun Avenue 5,S91,2015,5,15,6.0,,,,,
Yishun Avenue 5,S91,2015,5,16,0.6,,,,,
Yishun Avenue 5,S91,2015,5,17,0.4,,,,,
Yishun Avenue 5,S91,2015,5,18,22.0,,,,,
Yishun Avenue 5,S91,2015,5,19,25.4,,,,,
Yishun Avenue 5,S91,2015,5,20,19.2,,,,,
Yishun Avenue 5,S91,2015,5,21,0.0,,,,,
Yishun Avenue 5,S91,2015,5,22,0.0,,,,,
Yishun Avenue 5,S91,2015,5,23,7.2,,,,,
Yishun Avenue 5,S91,2015,5,24,0.8,,,,,
Yishun Avenue 5,S91,2015,5,25,30.6,,,,,
Yishun Avenue 5,S91,2015,5,26,0.4,,,,,
Yishun Avenue 5,S91,2015,5,27,0.2,,,,,
Yishun Avenue 5,S91,2015,5,28,0.0,,,,,
Yishun Avenue 5,S91,2015,5,29,0.0,,,,,
Yishun Avenue 5,S91,2015,5,30,0.0,,,,,
Yishun Avenue 5,S91,2015,5,31,0.0,,,,,
Yishun Avenue 5,S91,2015,6,1,0.0,,,,,
Yishun Avenue 5,S91,2015,6,2,1.4,,,,,
Yishun Avenue 5,S91,2015,6,3,0.0,,,,,
Yishun Avenue 5,S91,2015,6,4,0.0,,,,,
Yishun Avenue 5,S91,2015,6,5,0.0,,,,,
Yishun Avenue 5,S91,2015,6,6,18.4,,,,,
Yishun Avenue 5,S91,2015,6,7,4.6,,,,,
Yishun Avenue 5,S91,2015,6,8,0.2,,,,,
Yishun Avenue 5,S91,2015,6,9,0.0,,,,,
Yishun Avenue 5,S91,2015,6,10,0.8,,,,,
Yishun Avenue 5,S91,2015,6,11,9.0,,,,,
Yishun Avenue 5,S91,2015,6,12,18.0,,,,,
Yishun Avenue 5,S91,2015,6,13,0.6,,,,,
Yishun Avenue 5,S91,2015,6,14,7.2,,,,,
Yishun Avenue 5,S91,2015,6,15,0.0,,,,,
Yishun Avenue 5,S91,2015,6,16,7.0,,,,,
Yishun Avenue 5,S91,2015,6,17,0.0,,,,,
Yishun Avenue 5,S91,2015,6,18,0.0,,,,,
Yishun Avenue 5,S91,2015,6,19,0.0,,,,,
Yishun Avenue 5,S91,2015,6,20,0.0,,,,,
Yishun Avenue 5,S91,2015,6,21,0.0,,,,,
Yishun Avenue 5,S91,2015,6,22,0.0,,,,,
Yishun Avenue 5,S91,2015,6,23,0.0,,,,,
Yishun Avenue 5,S91,2015,6,24,0.0,,,,,
Yishun Avenue 5,S91,2015,6,25,0.0,,,,,
Yishun Avenue 5,S91,2015,6,26,0.0,,,,,
Yishun Avenue 5,S91,2015,6,27,0.0,,,,,
Yishun Avenue 5,S91,2015,6,28,0.0,,,,,
Yishun Avenue 5,S91,2015,6,29,0.0,,,,,
Yishun Avenue 5,S91,2015,6,30,0.0,,,,,
Yishun Avenue 5,S91,2015,7,1,0.0,,,,,
Yishun Avenue 5,S91,2015,7,2,1.6,,,,,
Yishun Avenue 5,S91,2015,7,3,0.0,,,,,
Yishun Avenue 5,S91,2015,7,4,12.6,,,,,
Yishun Avenue 5,S91,2015,7,5,0.0,,,,,
Yishun Avenue 5,S91,2015,7,6,0.0,,,,,
Yishun Avenue 5,S91,2015,7,7,0.0,,,,,
Yishun Avenue 5,S91,2015,7,8,4.0,,,,,
Yishun Avenue 5,S91,2015,7,9,0.0,,,,,
Yishun Avenue 5,S91,2015,7,10,0.4,,,,,
Yishun Avenue 5,S91,2015,7,11,1.8,,,,,
Yishun Avenue 5,S91,2015,7,12,0.0,,,,,
Yishun Avenue 5,S91,2015,7,13,0.0,,,,,
Yishun Avenue 5,S91,2015,7,14,27.8,,,,,
Yishun Avenue 5,S91,2015,7,15,0.0,,,,,
Yishun Avenue 5,S91,2015,7,16,0.0,,,,,
Yishun Avenue 5,S91,2015,7,17,13.0,,,,,
Yishun Avenue 5,S91,2015,7,18,4.8,,,,,
Yishun Avenue 5,S91,2015,7,19,0.4,,,,,
Yishun Avenue 5,S91,2015,7,20,0.0,,,,,
Yishun Avenue 5,S91,2015,7,21,2.8,,,,,
Yishun Avenue 5,S91,2015,7,22,0.0,,,,,
Yishun Avenue 5,S91,2015,7,23,0.0,,,,,
Yishun Avenue 5,S91,2015,7,24,2.0,,,,,
Yishun Avenue 5,S91,2015,7,25,0.0,,,,,
Yishun Avenue 5,S91,2015,7,26,15.6,,,,,
Yishun Avenue 5,S91,2015,7,27,0.0,,,,,
Yishun Avenue 5,S91,2015,7,28,3.2,,,,,
Yishun Avenue 5,S91,2015,7,29,0.0,,,,,
Yishun Avenue 5,S91,2015,7,30,1.6,,,,,
Yishun Avenue 5,S91,2015,7,31,27.4,,,,,
Yishun Avenue 5,S91,2015,8,1,0.8,,,,,
Yishun Avenue 5,S91,2015,8,2,0.0,,,,,
Yishun Avenue 5,S91,2015,8,3,6.0,,,,,
Yishun Avenue 5,S91,2015,8,4,12.4,,,,,
Yishun Avenue 5,S91,2015,8,5,0.0,,,,,
Yishun Avenue 5,S91,2015,8,6,17.4,,,,,
Yishun Avenue 5,S91,2015,8,7,2.2,,,,,
Yishun Avenue 5,S91,2015,8,8,2.0,,,,,
Yishun Avenue 5,S91,2015,8,9,9.8,,,,,
Yishun Avenue 5,S91,2015,8,10,0.2,,,,,
Yishun Avenue 5,S91,2015,8,11,14.2,,,,,
Yishun Avenue 5,S91,2015,8,12,3.0,,,,,
Yishun Avenue 5,S91,2015,8,13,0.0,,,,,
Yishun Avenue 5,S91,2015,8,14,0.0,,,,,
Yishun Avenue 5,S91,2015,8,15,0.0,,,,,
Yishun Avenue 5,S91,2015,8,16,0.0,,,,,
Yishun Avenue 5,S91,2015,8,17,0.0,,,,,
Yishun Avenue 5,S91,2015,8,18,0.0,,,,,
Yishun Avenue 5,S91,2015,8,19,0.0,,,,,
Yishun Avenue 5,S91,2015,8,20,0.0,,,,,
Yishun Avenue 5,S91,2015,8,21,7.6,,,,,
Yishun Avenue 5,S91,2015,8,22,0.0,,,,,
Yishun Avenue 5,S91,2015,8,23,0.0,,,,,
Yishun Avenue 5,S91,2015,8,24,0.0,,,,,
Yishun Avenue 5,S91,2015,8,25,16.4,,,,,
Yishun Avenue 5,S91,2015,8,26,0.2,,,,,
Yishun Avenue 5,S91,2015,8,27,0.0,,,,,
Yishun Avenue 5,S91,2015,8,28,0.0,,,,,
Yishun Avenue 5,S91,2015,8,29,0.0,,,,,
Yishun Avenue 5,S91,2015,8,30,1.2,,,,,
Yishun Avenue 5,S91,2015,8,31,0.0,,,,,
Yishun Avenue 5,S91,2015,9,1,0.0,,,,,
Yishun Avenue 5,S91,2015,9,2,0.0,,,,,
Yishun Avenue 5,S91,2015,9,3,0.2,,,,,
Yishun Avenue 5,S91,2015,9,4,0.0,,,,,
Yishun Avenue 5,S91,2015,9,5,0.0,,,,,
Yishun Avenue 5,S91,2015,9,6,0.0,,,,,
Yishun Avenue 5,S91,2015,9,7,0.0,,,,,
Yishun Avenue 5,S91,2015,9,8,0.0,,,,,
Yishun Avenue 5,S91,2015,9,9,25.2,,,,,
Yishun Avenue 5,S91,2015,9,10,0.2,,,,,
Yishun Avenue 5,S91,2015,9,11,0.0,,,,,
Yishun Avenue 5,S91,2015,9,12,0.0,,,,,
Yishun Avenue 5,S91,2015,9,13,0.0,,,,,
Yishun Avenue 5,S91,2015,9,14,0.6,,,,,
Yishun Avenue 5,S91,2015,9,15,5.8,,,,,
Yishun Avenue 5,S91,2015,9,16,1.2,,,,,
Yishun Avenue 5,S91,2015,9,17,0.0,,,,,
Yishun Avenue 5,S91,2015,9,18,0.0,,,,,
Yishun Avenue 5,S91,2015,9,19,0.0,,,,,
Yishun Avenue 5,S91,2015,9,20,13.6,,,,,
Yishun Avenue 5,S91,2015,9,21,14.8,,,,,
Yishun Avenue 5,S91,2015,9,22,3.0,,,,,
Yishun Avenue 5,S91,2015,9,23,0.0,,,,,
Yishun Avenue 5,S91,2015,9,24,0.0,,,,,
Yishun Avenue 5,S91,2015,9,25,0.0,,,,,
Yishun Avenue 5,S91,2015,9,26,0.0,,,,,
Yishun Avenue 5,S91,2015,9,27,0.0,,,,,
Yishun Avenue 5,S91,2015,9,28,16.6,,,,,
Yishun Avenue 5,S91,2015,9,29,0.0,,,,,
Yishun Avenue 5,S91,2015,9,30,34.8,,,,,
Yishun Avenue 5,S91,2015,10,1,2.0,,,,,
Yishun Avenue 5,S91,2015,10,2,22.8,,,,,
Yishun Avenue 5,S91,2015,10,3,0.0,,,,,
Yishun Avenue 5,S91,2015,10,4,0.0,,,,,
Yishun Avenue 5,S91,2015,10,5,0.8,,,,,
Yishun Avenue 5,S91,2015,10,6,10.6,,,,,
Yishun Avenue 5,S91,2015,10,7,13.2,,,,,
Yishun Avenue 5,S91,2015,10,8,0.8,,,,,
Yishun Avenue 5,S91,2015,10,9,0.0,,,,,
Yishun Avenue 5,S91,2015,10,10,0.0,,,,,
Yishun Avenue 5,S91,2015,10,11,0.0,,,,,
Yishun Avenue 5,S91,2015,10,12,0.0,,,,,
Yishun Avenue 5,S91,2015,10,13,0.0,,,,,
Yishun Avenue 5,S91,2015,10,14,0.0,,,,,
Yishun Avenue 5,S91,2015,10,15,0.0,,,,,
Yishun Avenue 5,S91,2015,10,16,0.0,,,,,
Yishun Avenue 5,S91,2015,10,17,0.0,,,,,
Yishun Avenue 5,S91,2015,10,18,0.0,,,,,
Yishun Avenue 5,S91,2015,10,19,0.0,,,,,
Yishun Avenue 5,S91,2015,10,20,0.0,,,,,
Yishun Avenue 5,S91,2015,10,21,0.0,,,,,
Yishun Avenue 5,S91,2015,10,22,0.0,,,,,
Yishun Avenue 5,S91,2015,10,23,0.0,,,,,
Yishun Avenue 5,S91,2015,10,24,9.6,,,,,
Yishun Avenue 5,S91,2015,10,25,0.6,,,,,
Yishun Avenue 5,S91,2015,10,26,0.0,,,,,
Yishun Avenue 5,S91,2015,10,27,0.0,,,,,
Yishun Avenue 5,S91,2015,10,28,15.8,,,,,
Yishun Avenue 5,S91,2015,10,29,0.0,,,,,
Yishun Avenue 5,S91,2015,10,30,16.0,,,,,
Yishun Avenue 5,S91,2015,10,31,0.8,,,,,
Yishun Avenue 5,S91,2015,11,1,0.4,,,,,
Yishun Avenue 5,S91,2015,11,2,26.4,,,,,
Yishun Avenue 5,S91,2015,11,3,0.0,,,,,
Yishun Avenue 5,S91,2015,11,4,0.2,,,,,
Yishun Avenue 5,S91,2015,11,5,0.0,,,,,
Yishun Avenue 5,S91,2015,11,6,1.6,,,,,
Yishun Avenue 5,S91,2015,11,7,22.8,,,,,
Yishun Avenue 5,S91,2015,11,8,1.0,,,,,
Yishun Avenue 5,S91,2015,11,9,0.0,,,,,
Yishun Avenue 5,S91,2015,11,10,0.2,,,,,
Yishun Avenue 5,S91,2015,11,11,50.6,,,,,
Yishun Avenue 5,S91,2015,11,12,0.8,,,,,
Yishun Avenue 5,S91,2015,11,13,4.4,,,,,
Yishun Avenue 5,S91,2015,11,14,0.0,,,,,
Yishun Avenue 5,S91,2015,11,15,8.4,,,,,
Yishun Avenue 5,S91,2015,11,16,38.0,,,,,
Yishun Avenue 5,S91,2015,11,17,13.4,,,,,
Yishun Avenue 5,S91,2015,11,18,0.0,,,,,
Yishun Avenue 5,S91,2015,11,19,0.0,,,,,
Yishun Avenue 5,S91,2015,11,20,0.0,,,,,
Yishun Avenue 5,S91,2015,11,21,29.8,,,,,
Yishun Avenue 5,S91,2015,11,22,0.0,,,,,
Yishun Avenue 5,S91,2015,11,23,0.0,,,,,
Yishun Avenue 5,S91,2015,11,24,32.0,,,,,
Yishun Avenue 5,S91,2015,11,25,1.4,,,,,
Yishun Avenue 5,S91,2015,11,26,3.4,,,,,
Yishun Avenue 5,S91,2015,11,27,0.0,,,,,
Yishun Avenue 5,S91,2015,11,28,0.0,,,,,
Yishun Avenue 5,S91,2015,11,29,0.6,,,,,
Yishun Avenue 5,S91,2015,11,30,42.6,,,,,
Yishun Avenue 5,S91,2015,12,1,21.8,,,,,
Yishun Avenue 5,S91,2015,12,2,0.2,,,,,
Yishun Avenue 5,S91,2015,12,3,0.2,,,,,
Yishun Avenue 5,S91,2015,12,4,7.0,,,,,
Yishun Avenue 5,S91,2015,12,5,39.4,,,,,
Yishun Avenue 5,S91,2015,12,6,9.6,,,,,
Yishun Avenue 5,S91,2015,12,7,0.0,,,,,
Yishun Avenue 5,S91,2015,12,8,31.0,,,,,
Yishun Avenue 5,S91,2015,12,9,3.8,,,,,
Yishun Avenue 5,S91,2015,12,10,37.0,,,,,
Yishun Avenue 5,S91,2015,12,11,2.2,,,,,
Yishun Avenue 5,S91,2015,12,12,6.6,,,,,
Yishun Avenue 5,S91,2015,12,13,10.6,,,,,
Yishun Avenue 5,S91,2015,12,14,1.4,,,,,
Yishun Avenue 5,S91,2015,12,15,0.0,,,,,
Yishun Avenue 5,S91,2015,12,16,1.6,,,,,
Yishun Avenue 5,S91,2015,12,17,0.0,,,,,
Yishun Avenue 5,S91,2015,12,18,2.6,,,,,
Yishun Avenue 5,S91,2015,12,19,0.0,,,,,
Yishun Avenue 5,S91,2015,12,20,0.0,,,,,
Yishun Avenue 5,S91,2015,12,21,0.0,,,,,
Yishun Avenue 5,S91,2015,12,22,0.0,,,,,
Yishun Avenue 5,S91,2015,12,23,7.8,,,,,
Yishun Avenue 5,S91,2015,12,24,58.4,,,,,
Yishun Avenue 5,S91,2015,12,25,0.2,,,,,
Yishun Avenue 5,S91,2015,12,26,0.0,,,,,
Yishun Avenue 5,S91,2015,12,27,0.0,,,,,
Yishun Avenue 5,S91,2015,12,28,1.0,,,,,
Yishun Avenue 5,S91,2015,12,29,24.0,,,,,
Yishun Avenue 5,S91,2015,12,30,0.0,,,,,
Yishun Avenue 5,S91,2015,12,31,1.0,,,,,
Yishun Avenue 5,S91,2016,1,1,6.4,,,,,
Yishun Avenue 5,S91,2016,1,2,23.8,,,,,
Yishun Avenue 5,S91,2016,1,3,1.2,,,,,
Yishun Avenue 5,S91,2016,1,4,0.2,,,,,
Yishun Avenue 5,S91,2016,1,5,0.0,,,,,
Yishun Avenue 5,S91,2016,1,6,0.0,,,,,
Yishun Avenue 5,S91,2016,1,7,0.0,,,,,
Yishun Avenue 5,S91,2016,1,8,0.0,,,,,
Yishun Avenue 5,S91,2016,1,9,0.0,,,,,
Yishun Avenue 5,S91,2016,1,10,0.0,,,,,
Yishun Avenue 5,S91,2016,1,11,3.2,,,,,
Yishun Avenue 5,S91,2016,1,12,0.0,,,,,
Yishun Avenue 5,S91,2016,1,13,0.0,,,,,
Yishun Avenue 5,S91,2016,1,14,1.4,,,,,
Yishun Avenue 5,S91,2016,1,15,36.6,,,,,
Yishun Avenue 5,S91,2016,1,16,0.2,,,,,
Yishun Avenue 5,S91,2016,1,17,48.4,,,,,
Yishun Avenue 5,S91,2016,1,18,0.8,,,,,
Yishun Avenue 5,S91,2016,1,19,0.2,,,,,
Yishun Avenue 5,S91,2016,1,20,0.6,,,,,
Yishun Avenue 5,S91,2016,1,21,0.2,,,,,
Yishun Avenue 5,S91,2016,1,22,1.8,,,,,
Yishun Avenue 5,S91,2016,1,23,0.6,,,,,
Yishun Avenue 5,S91,2016,1,24,0.0,,,,,
Yishun Avenue 5,S91,2016,1,25,6.8,,,,,
Yishun Avenue 5,S91,2016,1,26,0.8,,,,,
Yishun Avenue 5,S91,2016,1,27,0.0,,,,,
Yishun Avenue 5,S91,2016,1,28,15.4,,,,,
Yishun Avenue 5,S91,2016,1,29,1.4,,,,,
Yishun Avenue 5,S91,2016,1,30,0.0,,,,,
Yishun Avenue 5,S91,2016,1,31,0.0,,,,,
Yishun Avenue 5,S91,2016,2,1,0.0,,,,,
Yishun Avenue 5,S91,2016,2,2,4.4,,,,,
Yishun Avenue 5,S91,2016,2,3,0.0,,,,,
Yishun Avenue 5,S91,2016,2,4,0.2,,,,,
Yishun Avenue 5,S91,2016,2,5,22.4,,,,,
Yishun Avenue 5,S91,2016,2,6,4.6,,,,,
Yishun Avenue 5,S91,2016,2,7,29.6,,,,,
Yishun Avenue 5,S91,2016,2,8,0.0,,,,,
Yishun Avenue 5,S91,2016,2,9,0.0,,,,,
Yishun Avenue 5,S91,2016,2,10,4.0,,,,,
Yishun Avenue 5,S91,2016,2,11,0.0,,,,,
Yishun Avenue 5,S91,2016,2,12,20.2,,,,,
Yishun Avenue 5,S91,2016,2,13,0.0,,,,,
Yishun Avenue 5,S91,2016,2,14,0.0,,,,,
Yishun Avenue 5,S91,2016,2,15,0.0,,,,,
Yishun Avenue 5,S91,2016,2,16,0.0,,,,,
Yishun Avenue 5,S91,2016,2,17,0.0,,,,,
Yishun Avenue 5,S91,2016,2,18,2.6,,,,,
Yishun Avenue 5,S91,2016,2,19,79.6,,,,,
Yishun Avenue 5,S91,2016,2,20,0.0,,,,,
Yishun Avenue 5,S91,2016,2,21,0.0,,,,,
Yishun Avenue 5,S91,2016,2,22,0.0,,,,,
Yishun Avenue 5,S91,2016,2,23,0.0,,,,,
Yishun Avenue 5,S91,2016,2,24,7.0,,,,,
Yishun Avenue 5,S91,2016,2,25,0.2,,,,,
Yishun Avenue 5,S91,2016,2,26,0.0,,,,,
Yishun Avenue 5,S91,2016,2,27,0.0,,,,,
Yishun Avenue 5,S91,2016,2,28,0.0,,,,,
Yishun Avenue 5,S91,2016,2,29,0.0,,,,,
Yishun Avenue 5,S91,2016,3,1,0.0,,,,,
Yishun Avenue 5,S91,2016,3,2,0.0,,,,,
Yishun Avenue 5,S91,2016,3,3,0.0,,,,,
Yishun Avenue 5,S91,2016,3,4,0.2,,,,,
Yishun Avenue 5,S91,2016,3,5,0.0,,,,,
Yishun Avenue 5,S91,2016,3,6,0.0,,,,,
Yishun Avenue 5,S91,2016,3,7,6.4,,,,,
Yishun Avenue 5,S91,2016,3,8,8.0,,,,,
Yishun Avenue 5,S91,2016,3,9,0.2,,,,,
Yishun Avenue 5,S91,2016,3,10,17.4,,,,,
Yishun Avenue 5,S91,2016,3,11,0.0,,,,,
Yishun Avenue 5,S91,2016,3,12,0.0,,,,,
Yishun Avenue 5,S91,2016,3,13,3.8,,,,,
Yishun Avenue 5,S91,2016,3,14,0.8,,,,,
Yishun Avenue 5,S91,2016,3,15,0.0,,,,,
Yishun Avenue 5,S91,2016,3,16,0.0,,,,,
Yishun Avenue 5,S91,2016,3,17,0.0,,,,,
Yishun Avenue 5,S91,2016,3,18,0.0,,,,,
Yishun Avenue 5,S91,2016,3,19,0.0,,,,,
Yishun Avenue 5,S91,2016,3,20,0.0,,,,,
Yishun Avenue 5,S91,2016,3,21,19.2,,,,,
Yishun Avenue 5,S91,2016,3,22,0.0,,,,,
Yishun Avenue 5,S91,2016,3,23,0.0,,,,,
Yishun Avenue 5,S91,2016,3,24,0.0,,,,,
Yishun Avenue 5,S91,2016,3,25,15.2,,,,,
Yishun Avenue 5,S91,2016,3,26,0.0,,,,,
Yishun Avenue 5,S91,2016,3,27,0.0,,,,,
Yishun Avenue 5,S91,2016,3,28,0.0,,,,,
Yishun Avenue 5,S91,2016,3,29,0.0,,,,,
Yishun Avenue 5,S91,2016,3,30,0.0,,,,,
Yishun Avenue 5,S91,2016,3,31,0.0,,,,,
Yishun Avenue 5,S91,2016,4,1,0.0,,,,,
Yishun Avenue 5,S91,2016,4,2,0.0,,,,,
Yishun Avenue 5,S91,2016,4,3,3.0,,,,,
Yishun Avenue 5,S91,2016,4,4,0.0,,,,,
Yishun Avenue 5,S91,2016,4,5,0.0,,,,,
Yishun Avenue 5,S91,2016,4,6,0.0,,,,,
Yishun Avenue 5,S91,2016,4,7,0.0,,,,,
Yishun Avenue 5,S91,2016,4,8,0.0,,,,,
Yishun Avenue 5,S91,2016,4,9,13.2,,,,,
Yishun Avenue 5,S91,2016,4,10,0.0,,,,,
Yishun Avenue 5,S91,2016,4,11,0.0,,,,,
Yishun Avenue 5,S91,2016,4,12,2.8,,,,,
Yishun Avenue 5,S91,2016,4,13,0.0,,,,,
Yishun Avenue 5,S91,2016,4,14,0.4,,,,,
Yishun Avenue 5,S91,2016,4,15,3.6,,,,,
Yishun Avenue 5,S91,2016,4,16,7.6,,,,,
Yishun Avenue 5,S91,2016,4,17,0.2,,,,,
Yishun Avenue 5,S91,2016,4,18,0.0,,,,,
Yishun Avenue 5,S91,2016,4,19,0.0,,,,,
Yishun Avenue 5,S91,2016,4,20,0.0,,,,,
Yishun Avenue 5,S91,2016,4,21,0.0,,,,,
Yishun Avenue 5,S91,2016,4,22,21.0,,,,,
Yishun Avenue 5,S91,2016,4,23,26.6,,,,,
Yishun Avenue 5,S91,2016,4,24,2.8,,,,,
Yishun Avenue 5,S91,2016,4,25,40.6,,,,,
Yishun Avenue 5,S91,2016,4,26,6.4,,,,,
Yishun Avenue 5,S91,2016,4,27,8.8,,,,,
Yishun Avenue 5,S91,2016,4,28,38.4,,,,,
Yishun Avenue 5,S91,2016,4,29,19.2,,,,,
Yishun Avenue 5,S91,2016,4,30,0.0,,,,,
Yishun Avenue 5,S91,2016,5,1,0.0,,,,,
Yishun Avenue 5,S91,2016,5,2,5.0,,,,,
Yishun Avenue 5,S91,2016,5,3,0.0,,,,,
Yishun Avenue 5,S91,2016,5,4,0.0,,,,,
Yishun Avenue 5,S91,2016,5,5,7.8,,,,,
Yishun Avenue 5,S91,2016,5,6,0.0,,,,,
Yishun Avenue 5,S91,2016,5,7,0.8,,,,,
Yishun Avenue 5,S91,2016,5,8,0.8,,,,,
Yishun Avenue 5,S91,2016,5,9,0.2,,,,,
Yishun Avenue 5,S91,2016,5,10,0.0,,,,,
Yishun Avenue 5,S91,2016,5,11,99.8,,,,,
Yishun Avenue 5,S91,2016,5,12,1.0,,,,,
Yishun Avenue 5,S91,2016,5,13,5.8,,,,,
Yishun Avenue 5,S91,2016,5,14,14.8,,,,,
Yishun Avenue 5,S91,2016,5,15,23.2,,,,,
Yishun Avenue 5,S91,2016,5,16,31.8,,,,,
Yishun Avenue 5,S91,2016,5,17,9.4,,,,,
Yishun Avenue 5,S91,2016,5,18,9.8,,,,,
Yishun Avenue 5,S91,2016,5,19,2.2,,,,,
Yishun Avenue 5,S91,2016,5,20,0.4,,,,,
Yishun Avenue 5,S91,2016,5,21,0.0,,,,,
Yishun Avenue 5,S91,2016,5,22,43.8,,,,,
Yishun Avenue 5,S91,2016,5,23,1.2,,,,,
Yishun Avenue 5,S91,2016,5,24,0.6,,,,,
Yishun Avenue 5,S91,2016,5,25,2.0,,,,,
Yishun Avenue 5,S91,2016,5,26,0.0,,,,,
Yishun Avenue 5,S91,2016,5,27,0.0,,,,,
Yishun Avenue 5,S91,2016,5,28,24.8,,,,,
Yishun Avenue 5,S91,2016,5,29,0.0,,,,,
Yishun Avenue 5,S91,2016,5,30,0.0,,,,,
Yishun Avenue 5,S91,2016,5,31,0.0,,,,,
Yishun Avenue 5,S91,2016,6,1,4.4,,,,,
Yishun Avenue 5,S91,2016,6,2,42.0,,,,,
Yishun Avenue 5,S91,2016,6,3,14.8,,,,,
Yishun Avenue 5,S91,2016,6,4,0.6,,,,,
Yishun Avenue 5,S91,2016,6,5,0.2,,,,,
Yishun Avenue 5,S91,2016,6,6,0.0,,,,,
Yishun Avenue 5,S91,2016,6,7,0.0,,,,,
Yishun Avenue 5,S91,2016,6,8,56.2,,,,,
Yishun Avenue 5,S91,2016,6,9,6.8,,,,,
Yishun Avenue 5,S91,2016,6,10,4.8,,,,,
Yishun Avenue 5,S91,2016,6,11,13.8,,,,,
Yishun Avenue 5,S91,2016,6,12,0.0,,,,,
Yishun Avenue 5,S91,2016,6,13,0.0,,,,,
Yishun Avenue 5,S91,2016,6,14,0.6,,,,,
Yishun Avenue 5,S91,2016,6,15,52.6,,,,,
Yishun Avenue 5,S91,2016,6,16,5.2,,,,,
Yishun Avenue 5,S91,2016,6,17,25.6,,,,,
Yishun Avenue 5,S91,2016,6,18,0.0,,,,,
Yishun Avenue 5,S91,2016,6,19,0.0,,,,,
Yishun Avenue 5,S91,2016,6,20,0.0,,,,,
Yishun Avenue 5,S91,2016,6,21,1.0,,,,,
Yishun Avenue 5,S91,2016,6,22,2.4,,,,,
Yishun Avenue 5,S91,2016,6,23,0.0,,,,,
Yishun Avenue 5,S91,2016,6,24,24.2,,,,,
Yishun Avenue 5,S91,2016,6,25,0.0,,,,,
Yishun Avenue 5,S91,2016,6,26,1.0,,,,,
Yishun Avenue 5,S91,2016,6,27,0.0,,,,,
Yishun Avenue 5,S91,2016,6,28,0.0,,,,,
Yishun Avenue 5,S91,2016,6,29,0.0,,,,,
Yishun Avenue 5,S91,2016,6,30,0.0,,,,,
Yishun Avenue 5,S91,2016,7,1,0.0,,,,,
Yishun Avenue 5,S91,2016,7,2,0.0,,,,,
Yishun Avenue 5,S91,2016,7,3,0.0,,,,,
Yishun Avenue 5,S91,2016,7,4,0.0,,,,,
Yishun Avenue 5,S91,2016,7,5,0.0,,,,,
Yishun Avenue 5,S91,2016,7,6,0.4,,,,,
Yishun Avenue 5,S91,2016,7,7,0.0,,,,,
Yishun Avenue 5,S91,2016,7,8,6.6,,,,,
Yishun Avenue 5,S91,2016,7,9,0.0,,,,,
Yishun Avenue 5,S91,2016,7,10,0.0,,,,,
Yishun Avenue 5,S91,2016,7,11,2.4,,,,,
Yishun Avenue 5,S91,2016,7,12,0.0,,,,,
Yishun Avenue 5,S91,2016,7,13,9.2,,,,,
Yishun Avenue 5,S91,2016,7,14,8.4,,,,,
Yishun Avenue 5,S91,2016,7,15,30.4,,,,,
Yishun Avenue 5,S91,2016,7,16,0.0,,,,,
Yishun Avenue 5,S91,2016,7,17,0.8,,,,,
Yishun Avenue 5,S91,2016,7,18,11.8,,,,,
Yishun Avenue 5,S91,2016,7,19,29.2,,,,,
Yishun Avenue 5,S91,2016,7,20,16.8,,,,,
Yishun Avenue 5,S91,2016,7,21,4.5,,,,,
Yishun Avenue 5,S91,2016,7,22,4.5,,,,,
Yishun Avenue 5,S91,2016,7,23,0.5,,,,,
Yishun Avenue 5,S91,2016,7,24,6.0,,,,,
Yishun Avenue 5,S91,2016,7,25,1.0,,,,,
Yishun Avenue 5,S91,2016,7,26,37.0,,,,,
Yishun Avenue 5,S91,2016,7,27,0.0,,,,,
Yishun Avenue 5,S91,2016,7,28,18.0,,,,,
Yishun Avenue 5,S91,2016,7,29,0.0,,,,,
Yishun Avenue 5,S91,2016,7,30,0.0,,,,,
Yishun Avenue 5,S91,2016,7,31,18.0,,,,,
Yishun Avenue 5,S91,2016,8,1,0.2,,,,,
Yishun Avenue 5,S91,2016,8,2,0.8,,,,,
Yishun Avenue 5,S91,2016,8,3,1.0,,,,,
Yishun Avenue 5,S91,2016,8,4,0.0,,,,,
Yishun Avenue 5,S91,2016,8,5,0.0,,,,,
Yishun Avenue 5,S91,2016,8,6,0.0,,,,,
Yishun Avenue 5,S91,2016,8,7,0.0,,,,,
Yishun Avenue 5,S91,2016,8,8,0.0,,,,,
Yishun Avenue 5,S91,2016,8,9,0.0,,,,,
Yishun Avenue 5,S91,2016,8,10,0.0,,,,,
Yishun Avenue 5,S91,2016,8,11,0.0,,,,,
Yishun Avenue 5,S91,2016,8,12,0.0,,,,,
Yishun Avenue 5,S91,2016,8,13,13.5,,,,,
Yishun Avenue 5,S91,2016,8,14,4.0,,,,,
Yishun Avenue 5,S91,2016,8,15,0.5,,,,,
Yishun Avenue 5,S91,2016,8,16,0.0,,,,,
Yishun Avenue 5,S91,2016,8,17,4.0,,,,,
Yishun Avenue 5,S91,2016,8,18,0.0,,,,,
Yishun Avenue 5,S91,2016,8,19,17.0,,,,,
Yishun Avenue 5,S91,2016,8,20,7.0,,,,,
Yishun Avenue 5,S91,2016,8,21,30.0,,,,,
Yishun Avenue 5,S91,2016,8,22,0.0,,,,,
Yishun Avenue 5,S91,2016,8,23,0.0,,,,,
Yishun Avenue 5,S91,2016,8,24,48.0,,,,,
Yishun Avenue 5,S91,2016,8,25,0.0,,,,,
Yishun Avenue 5,S91,2016,8,26,0.0,,,,,
Yishun Avenue 5,S91,2016,8,27,0.0,,,,,
Yishun Avenue 5,S91,2016,8,28,0.0,,,,,
Yishun Avenue 5,S91,2016,8,29,0.0,,,,,
Yishun Avenue 5,S91,2016,8,30,3.4,,,,,
Yishun Avenue 5,S91,2016,8,31,0.0,,,,,
Yishun Avenue 5,S91,2016,9,1,10.2,,,,,
Yishun Avenue 5,S91,2016,9,2,0.0,,,,,
Yishun Avenue 5,S91,2016,9,3,0.0,,,,,
Yishun Avenue 5,S91,2016,9,4,1.6,,,,,
Yishun Avenue 5,S91,2016,9,5,0.0,,,,,
Yishun Avenue 5,S91,2016,9,6,0.6,,,,,
Yishun Avenue 5,S91,2016,9,7,15.8,,,,,
Yishun Avenue 5,S91,2016,9,8,0.0,,,,,
Yishun Avenue 5,S91,2016,9,9,14.2,,,,,
Yishun Avenue 5,S91,2016,9,10,2.4,,,,,
Yishun Avenue 5,S91,2016,9,11,4.0,,,,,
Yishun Avenue 5,S91,2016,9,12,8.6,,,,,
Yishun Avenue 5,S91,2016,9,13,0.0,,,,,
Yishun Avenue 5,S91,2016,9,14,12.4,,,,,
Yishun Avenue 5,S91,2016,9,15,0.0,,,,,
Yishun Avenue 5,S91,2016,9,16,14.4,,,,,
Yishun Avenue 5,S91,2016,9,17,0.0,,,,,
Yishun Avenue 5,S91,2016,9,18,2.0,,,,,
Yishun Avenue 5,S91,2016,9,19,2.2,,,,,
Yishun Avenue 5,S91,2016,9,20,3.4,,,,,
Yishun Avenue 5,S91,2016,9,21,8.8,,,,,
Yishun Avenue 5,S91,2016,9,22,0.0,,,,,
Yishun Avenue 5,S91,2016,9,23,0.0,,,,,
Yishun Avenue 5,S91,2016,9,24,0.0,,,,,
Yishun Avenue 5,S91,2016,9,25,0.0,,,,,
Yishun Avenue 5,S91,2016,9,26,0.0,,,,,
Yishun Avenue 5,S91,2016,9,27,0.0,,,,,
Yishun Avenue 5,S91,2016,9,28,0.0,,,,,
Yishun Avenue 5,S91,2016,9,29,0.0,,,,,
Yishun Avenue 5,S91,2016,9,30,20.2,,,,,
Yishun Avenue 5,S91,2016,10,1,0.0,,,,,
Yishun Avenue 5,S91,2016,10,2,0.0,,,,,
Yishun Avenue 5,S91,2016,10,3,3.8,,,,,
Yishun Avenue 5,S91,2016,10,4,0.2,,,,,
Yishun Avenue 5,S91,2016,10,5,0.0,,,,,
Yishun Avenue 5,S91,2016,10,6,0.0,,,,,
Yishun Avenue 5,S91,2016,10,7,85.8,,,,,
Yishun Avenue 5,S91,2016,10,8,0.0,,,,,
Yishun Avenue 5,S91,2016,10,9,0.0,,,,,
Yishun Avenue 5,S91,2016,10,10,0.0,,,,,
Yishun Avenue 5,S91,2016,10,11,0.0,,,,,
Yishun Avenue 5,S91,2016,10,12,3.4,,,,,
Yishun Avenue 5,S91,2016,10,13,0.4,,,,,
Yishun Avenue 5,S91,2016,10,14,7.8,,,,,
Yishun Avenue 5,S91,2016,10,15,0.0,,,,,
Yishun Avenue 5,S91,2016,10,16,3.2,,,,,
Yishun Avenue 5,S91,2016,10,17,0.2,,,,,
Yishun Avenue 5,S91,2016,10,18,0.6,,,,,
Yishun Avenue 5,S91,2016,10,19,17.0,,,,,
Yishun Avenue 5,S91,2016,10,20,0.0,,,,,
Yishun Avenue 5,S91,2016,10,21,0.8,,,,,
Yishun Avenue 5,S91,2016,10,22,0.0,,,,,
Yishun Avenue 5,S91,2016,10,23,0.2,,,,,
Yishun Avenue 5,S91,2016,10,24,1.0,,,,,
Yishun Avenue 5,S91,2016,10,25,34.4,,,,,
Yishun Avenue 5,S91,2016,10,26,0.8,,,,,
Yishun Avenue 5,S91,2016,10,27,17.0,,,,,
Yishun Avenue 5,S91,2016,10,28,25.6,,,,,
Yishun Avenue 5,S91,2016,10,29,1.4,,,,,
Yishun Avenue 5,S91,2016,10,30,2.0,,,,,
Yishun Avenue 5,S91,2016,10,31,0.0,,,,,
Yishun Avenue 5,S91,2016,11,1,24.2,,,,,
Yishun Avenue 5,S91,2016,11,2,21.6,,,,,
Yishun Avenue 5,S91,2016,11,3,11.6,,,,,
Yishun Avenue 5,S91,2016,11,4,0.4,,,,,
Yishun Avenue 5,S91,2016,11,5,3.0,,,,,
Yishun Avenue 5,S91,2016,11,6,0.6,,,,,
Yishun Avenue 5,S91,2016,11,7,2.4,,,,,
Yishun Avenue 5,S91,2016,11,8,0.0,,,,,
Yishun Avenue 5,S91,2016,11,9,7.0,,,,,
Yishun Avenue 5,S91,2016,11,10,29.6,,,,,
Yishun Avenue 5,S91,2016,11,11,5.8,,,,,
Yishun Avenue 5,S91,2016,11,12,0.4,,,,,
Yishun Avenue 5,S91,2016,11,13,0.0,,,,,
Yishun Avenue 5,S91,2016,11,14,16.8,,,,,
Yishun Avenue 5,S91,2016,11,15,1.8,,,,,
Yishun Avenue 5,S91,2016,11,16,2.0,,,,,
Yishun Avenue 5,S91,2016,11,17,6.8,,,,,
Yishun Avenue 5,S91,2016,11,18,13.0,,,,,
Yishun Avenue 5,S91,2016,11,19,5.8,,,,,
Yishun Avenue 5,S91,2016,11,20,0.8,,,,,
Yishun Avenue 5,S91,2016,11,21,2.8,,,,,
Yishun Avenue 5,S91,2016,11,22,1.6,,,,,
Yishun Avenue 5,S91,2016,11,23,0.2,,,,,
Yishun Avenue 5,S91,2016,11,24,0.0,,,,,
Yishun Avenue 5,S91,2016,11,25,8.0,,,,,
Yishun Avenue 5,S91,2016,11,26,10.8,,,,,
Yishun Avenue 5,S91,2016,11,27,0.0,,,,,
Yishun Avenue 5,S91,2016,11,28,0.0,,,,,
Yishun Avenue 5,S91,2016,11,29,0.2,,,,,
Yishun Avenue 5,S91,2016,11,30,0.0,,,,,
Yishun Avenue 5,S91,2016,12,1,15.6,,,,,
Yishun Avenue 5,S91,2016,12,2,2.0,,,,,
Yishun Avenue 5,S91,2016,12,3,0.2,,,,,
Yishun Avenue 5,S91,2016,12,4,0.0,,,,,
Yishun Avenue 5,S91,2016,12,5,13.4,,,,,
Yishun Avenue 5,S91,2016,12,6,0.2,,,,,
Yishun Avenue 5,S91,2016,12,7,1.2,,,,,
Yishun Avenue 5,S91,2016,12,8,1.8,,,,,
Yishun Avenue 5,S91,2016,12,9,19.0,,,,,
Yishun Avenue 5,S91,2016,12,10,8.2,,,,,
Yishun Avenue 5,S91,2016,12,11,3.6,,,,,
Yishun Avenue 5,S91,2016,12,12,0.0,,,,,
Yishun Avenue 5,S91,2016,12,13,3.2,,,,,
Yishun Avenue 5,S91,2016,12,14,0.0,,,,,
Yishun Avenue 5,S91,2016,12,15,0.0,,,,,
Yishun Avenue 5,S91,2016,12,16,0.0,,,,,
Yishun Avenue 5,S91,2016,12,17,9.6,,,,,
Yishun Avenue 5,S91,2016,12,18,7.0,,,,,
Yishun Avenue 5,S91,2016,12,19,1.2,,,,,
Yishun Avenue 5,S91,2016,12,20,0.2,,,,,
Yishun Avenue 5,S91,2016,12,21,9.0,,,,,
Yishun Avenue 5,S91,2016,12,22,29.4,,,,,
Yishun Avenue 5,S91,2016,12,23,48.2,,,,,
Yishun Avenue 5,S91,2016,12,24,16.0,,,,,
Yishun Avenue 5,S91,2016,12,25,25.2,,,,,
Yishun Avenue 5,S91,2016,12,26,0.0,,,,,
Yishun Avenue 5,S91,2016,12,27,3.2,,,,,
Yishun Avenue 5,S91,2016,12,28,4.2,,,,,
Yishun Avenue 5,S91,2016,12,29,0.0,,,,,
Yishun Avenue 5,S91,2016,12,30,1.6,,,,,
Yishun Avenue 5,S91,2016,12,31,0.0,,,,,
Yishun Avenue 5,S91,2017,1,1,0.4,,,,,
Yishun Avenue 5,S91,2017,1,2,49.6,,,,,
Yishun Avenue 5,S91,2017,1,3,2.4,,,,,
Yishun Avenue 5,S91,2017,1,4,2.8,,,,,
Yishun Avenue 5,S91,2017,1,5,1.8,,,,,
Yishun Avenue 5,S91,2017,1,6,0.0,,,,,
Yishun Avenue 5,S91,2017,1,7,0.0,,,,,
Yishun Avenue 5,S91,2017,1,8,0.0,,,,,
Yishun Avenue 5,S91,2017,1,9,0.0,,,,,
Yishun Avenue 5,S91,2017,1,10,18.2,,,,,
Yishun Avenue 5,S91,2017,1,11,13.6,,,,,
Yishun Avenue 5,S91,2017,1,12,0.0,,,,,
Yishun Avenue 5,S91,2017,1,13,0.0,,,,,
Yishun Avenue 5,S91,2017,1,14,0.0,,,,,
Yishun Avenue 5,S91,2017,1,15,0.0,,,,,
Yishun Avenue 5,S91,2017,1,16,0.0,,,,,
Yishun Avenue 5,S91,2017,1,17,0.0,,,,,
Yishun Avenue 5,S91,2017,1,18,65.4,,,,,
Yishun Avenue 5,S91,2017,1,19,16.4,,,,,
Yishun Avenue 5,S91,2017,1,20,1.8,,,,,
Yishun Avenue 5,S91,2017,1,21,45.8,,,,,
Yishun Avenue 5,S91,2017,1,22,17.8,,,,,
Yishun Avenue 5,S91,2017,1,23,51.6,,,,,
Yishun Avenue 5,S91,2017,1,24,20.8,,,,,
Yishun Avenue 5,S91,2017,1,25,3.0,,,,,
Yishun Avenue 5,S91,2017,1,26,5.6,,,,,
Yishun Avenue 5,S91,2017,1,27,0.0,,,,,
Yishun Avenue 5,S91,2017,1,28,2.2,,,,,
Yishun Avenue 5,S91,2017,1,29,0.2,,,,,
Yishun Avenue 5,S91,2017,1,30,22.4,,,,,
Yishun Avenue 5,S91,2017,1,31,0.0,,,,,
Yishun Avenue 5,S91,2017,2,1,0.0,,,,,
Yishun Avenue 5,S91,2017,2,2,2.0,,,,,
Yishun Avenue 5,S91,2017,2,3,69.0,,,,,
Yishun Avenue 5,S91,2017,2,4,32.2,,,,,
Yishun Avenue 5,S91,2017,2,5,0.2,,,,,
Yishun Avenue 5,S91,2017,2,6,0.0,,,,,
Yishun Avenue 5,S91,2017,2,7,22.6,,,,,
Yishun Avenue 5,S91,2017,2,8,16.6,,,,,
Yishun Avenue 5,S91,2017,2,9,0.0,,,,,
Yishun Avenue 5,S91,2017,2,10,0.0,,,,,
Yishun Avenue 5,S91,2017,2,11,0.0,,,,,
Yishun Avenue 5,S91,2017,2,12,3.8,,,,,
Yishun Avenue 5,S91,2017,2,13,6.6,,,,,
Yishun Avenue 5,S91,2017,2,14,2.4,,,,,
Yishun Avenue 5,S91,2017,2,15,7.4,,,,,
Yishun Avenue 5,S91,2017,2,16,0.0,,,,,
Yishun Avenue 5,S91,2017,2,17,0.0,,,,,
Yishun Avenue 5,S91,2017,2,18,0.0,,,,,
Yishun Avenue 5,S91,2017,2,19,0.0,,,,,
Yishun Avenue 5,S91,2017,2,20,0.0,,,,,
Yishun Avenue 5,S91,2017,2,21,3.4,,,,,
Yishun Avenue 5,S91,2017,2,22,0.0,,,,,
Yishun Avenue 5,S91,2017,2,23,28.4,,,,,
Yishun Avenue 5,S91,2017,2,24,15.2,,,,,
Yishun Avenue 5,S91,2017,2,25,2.0,,,,,
Yishun Avenue 5,S91,2017,2,26,0.0,,,,,
Yishun Avenue 5,S91,2017,2,27,0.0,,,,,
Yishun Avenue 5,S91,2017,2,28,8.2,,,,,
Yishun Avenue 5,S91,2017,3,1,21.4,,,,,
Yishun Avenue 5,S91,2017,3,2,0.0,,,,,
Yishun Avenue 5,S91,2017,3,3,11.8,,,,,
Yishun Avenue 5,S91,2017,3,4,3.6,,,,,
Yishun Avenue 5,S91,2017,3,5,0.0,,,,,
Yishun Avenue 5,S91,2017,3,6,18.8,,,,,
Yishun Avenue 5,S91,2017,3,7,0.0,,,,,
Yishun Avenue 5,S91,2017,3,8,0.0,,,,,
Yishun Avenue 5,S91,2017,3,9,0.0,,,,,
Yishun Avenue 5,S91,2017,3,10,0.0,,,,,
Yishun Avenue 5,S91,2017,3,11,0.0,,,,,
Yishun Avenue 5,S91,2017,3,12,1.6,,,,,
Yishun Avenue 5,S91,2017,3,13,0.0,,,,,
Yishun Avenue 5,S91,2017,3,14,0.0,,,,,
Yishun Avenue 5,S91,2017,3,15,0.0,,,,,
Yishun Avenue 5,S91,2017,3,16,4.8,,,,,
Yishun Avenue 5,S91,2017,3,17,3.4,,,,,
Yishun Avenue 5,S91,2017,3,18,0.2,,,,,
Yishun Avenue 5,S91,2017,3,19,4.6,,,,,
Yishun Avenue 5,S91,2017,3,20,24.6,,,,,
Yishun Avenue 5,S91,2017,3,21,5.4,,,,,
Yishun Avenue 5,S91,2017,3,22,1.0,,,,,
Yishun Avenue 5,S91,2017,3,23,0.0,,,,,
Yishun Avenue 5,S91,2017,3,24,0.0,,,,,
Yishun Avenue 5,S91,2017,3,25,22.4,,,,,
Yishun Avenue 5,S91,2017,3,26,0.0,,,,,
Yishun Avenue 5,S91,2017,3,27,0.0,,,,,
Yishun Avenue 5,S91,2017,3,28,4.4,,,,,
Yishun Avenue 5,S91,2017,3,29,0.4,,,,,
Yishun Avenue 5,S91,2017,3,30,9.0,,,,,
Yishun Avenue 5,S91,2017,3,31,0.6,,,,,
Yishun Avenue 5,S91,2017,4,1,1.2,,,,,
Yishun Avenue 5,S91,2017,4,2,0.0,,,,,
Yishun Avenue 5,S91,2017,4,3,1.0,,,,,
Yishun Avenue 5,S91,2017,4,4,11.6,,,,,
Yishun Avenue 5,S91,2017,4,5,0.0,,,,,
Yishun Avenue 5,S91,2017,4,6,12.2,,,,,
Yishun Avenue 5,S91,2017,4,7,3.8,,,,,
Yishun Avenue 5,S91,2017,4,8,3.6,,,,,
Yishun Avenue 5,S91,2017,4,9,0.0,,,,,
Yishun Avenue 5,S91,2017,4,10,0.0,,,,,
Yishun Avenue 5,S91,2017,4,11,0.6,,,,,
Yishun Avenue 5,S91,2017,4,12,10.6,,,,,
Yishun Avenue 5,S91,2017,4,13,26.2,,,,,
Yishun Avenue 5,S91,2017,4,14,,,,,,
Yishun Avenue 5,S91,2017,4,15,,,,,,
Yishun Avenue 5,S91,2017,4,16,,,,,,
Yishun Avenue 5,S91,2017,4,17,,,,,,
Yishun Avenue 5,S91,2017,4,18,,,,,,
Yishun Avenue 5,S91,2017,4,19,,,,,,
Yishun Avenue 5,S91,2017,4,20,,,,,,
Yishun Avenue 5,S91,2017,4,21,,,,,,
Yishun Avenue 5,S91,2017,4,22,,,,,,
Yishun Avenue 5,S91,2017,4,23,,,,,,
Yishun Avenue 5,S91,2017,4,24,,,,,,
Yishun Avenue 5,S91,2017,4,25,5.6,,,,,
Yishun Avenue 5,S91,2017,4,26,,,,,,
Yishun Avenue 5,S91,2017,4,27,,,,,,
Yishun Avenue 5,S91,2017,4,28,,,,,,
Yishun Avenue 5,S91,2017,4,29,,,,,,
Yishun Avenue 5,S91,2017,4,30,,,,,,
Yishun Avenue 5,S91,2017,5,1,,,,,,
Yishun Avenue 5,S91,2017,5,2,,,,,,
Yishun Avenue 5,S91,2017,5,3,,,,,,
Yishun Avenue 5,S91,2017,5,4,0.0,,,,,
Yishun Avenue 5,S91,2017,5,5,0.2,,,,,
Yishun Avenue 5,S91,2017,5,6,1.4,,,,,
Yishun Avenue 5,S91,2017,5,7,2.6,,,,,
Yishun Avenue 5,S91,2017,5,8,0.0,,,,,
Yishun Avenue 5,S91,2017,5,9,0.0,,,,,
Yishun Avenue 5,S91,2017,5,10,2.2,,,,,
Yishun Avenue 5,S91,2017,5,11,0.0,,,,,
Yishun Avenue 5,S91,2017,5,12,0.0,,,,,
Yishun Avenue 5,S91,2017,5,13,13.4,,,,,
Yishun Avenue 5,S91,2017,5,14,0.0,,,,,
Yishun Avenue 5,S91,2017,5,15,4.0,,,,,
Yishun Avenue 5,S91,2017,5,16,0.6,,,,,
Yishun Avenue 5,S91,2017,5,17,0.0,,,,,
Yishun Avenue 5,S91,2017,5,18,9.0,,,,,
Yishun Avenue 5,S91,2017,5,19,0.6,,,,,
Yishun Avenue 5,S91,2017,5,20,0.0,,,,,
Yishun Avenue 5,S91,2017,5,21,21.6,,,,,
Yishun Avenue 5,S91,2017,5,22,20.4,,,,,
Yishun Avenue 5,S91,2017,5,23,0.2,,,,,
Yishun Avenue 5,S91,2017,5,24,,,,,,
Yishun Avenue 5,S91,2017,5,25,,,,,,
Yishun Avenue 5,S91,2017,5,26,,,,,,
Yishun Avenue 5,S91,2017,5,27,,,,,,
Yishun Avenue 5,S91,2017,5,28,,,,,,
Yishun Avenue 5,S91,2017,5,29,,,,,,
Yishun Avenue 5,S91,2017,5,30,,,,,,
Yishun Avenue 5,S91,2017,5,31,,,,,,
Yishun Avenue 5,S91,2017,6,1,,,,,,
Yishun Avenue 5,S91,2017,6,2,,,,,,
Yishun Avenue 5,S91,2017,6,3,,,,,,
Yishun Avenue 5,S91,2017,6,4,,,,,,
Yishun Avenue 5,S91,2017,6,5,,,,,,
Yishun Avenue 5,S91,2017,6,6,0.0,,,,,
Yishun Avenue 5,S91,2017,6,7,22.0,,,,,
Yishun Avenue 5,S91,2017,6,8,1.8,,,,,
Yishun Avenue 5,S91,2017,6,9,0.0,,,,,
Yishun Avenue 5,S91,2017,6,10,4.0,,,,,
Yishun Avenue 5,S91,2017,6,11,0.0,,,,,
Yishun Avenue 5,S91,2017,6,12,0.0,,,,,
Yishun Avenue 5,S91,2017,6,13,0.0,,,,,
Yishun Avenue 5,S91,2017,6,14,22.2,,,,,
Yishun Avenue 5,S91,2017,6,15,0.0,,,,,
Yishun Avenue 5,S91,2017,6,16,3.0,,,,,
Yishun Avenue 5,S91,2017,6,17,0.0,,,,,
Yishun Avenue 5,S91,2017,6,18,35.0,,,,,
Yishun Avenue 5,S91,2017,6,19,0.0,,,,,
Yishun Avenue 5,S91,2017,6,20,0.0,,,,,
Yishun Avenue 5,S91,2017,6,21,0.2,,,,,
Yishun Avenue 5,S91,2017,6,22,0.0,,,,,
Yishun Avenue 5,S91,2017,6,23,0.6,,,,,
Yishun Avenue 5,S91,2017,6,24,0.0,,,,,
Yishun Avenue 5,S91,2017,6,25,3.2,,,,,
Yishun Avenue 5,S91,2017,6,26,7.2,,,,,
Yishun Avenue 5,S91,2017,6,27,0.6,,,,,
Yishun Avenue 5,S91,2017,6,28,4.2,,,,,
Yishun Avenue 5,S91,2017,6,29,6.2,,,,,
Yishun Avenue 5,S91,2017,6,30,0.0,,,,,
Yishun Avenue 5,S91,2017,7,1,0.0,,,,,
Yishun Avenue 5,S91,2017,7,2,0.0,,,,,
Yishun Avenue 5,S91,2017,7,3,1.6,,,,,
Yishun Avenue 5,S91,2017,7,4,0.0,,,,,
Yishun Avenue 5,S91,2017,7,5,18.8,,,,,
Yishun Avenue 5,S91,2017,7,6,0.0,,,,,
Yishun Avenue 5,S91,2017,7,7,1.6,,,,,
Yishun Avenue 5,S91,2017,7,8,5.6,,,,,
Yishun Avenue 5,S91,2017,7,9,0.0,,,,,
Yishun Avenue 5,S91,2017,7,10,0.0,,,,,
Yishun Avenue 5,S91,2017,7,11,5.4,,,,,
Yishun Avenue 5,S91,2017,7,12,4.6,,,,,
Yishun Avenue 5,S91,2017,7,13,1.8,,,,,
Yishun Avenue 5,S91,2017,7,14,50.6,,,,,
Yishun Avenue 5,S91,2017,7,15,0.2,,,,,
Yishun Avenue 5,S91,2017,7,16,0.2,,,,,
Yishun Avenue 5,S91,2017,7,17,0.0,,,,,
Yishun Avenue 5,S91,2017,7,18,0.0,,,,,
Yishun Avenue 5,S91,2017,7,19,0.0,,,,,
Yishun Avenue 5,S91,2017,7,20,0.0,,,,,
Yishun Avenue 5,S91,2017,7,21,0.0,,,,,
Yishun Avenue 5,S91,2017,7,22,0.0,,,,,
Yishun Avenue 5,S91,2017,7,23,0.0,,,,,
Yishun Avenue 5,S91,2017,7,24,0.0,,,,,
Yishun Avenue 5,S91,2017,7,25,0.0,,,,,
Yishun Avenue 5,S91,2017,7,26,6.6,,,,,
Yishun Avenue 5,S91,2017,7,27,0.0,,,,,
Yishun Avenue 5,S91,2017,7,28,0.0,,,,,
Yishun Avenue 5,S91,2017,7,29,0.0,,,,,
Yishun Avenue 5,S91,2017,7,30,0.0,,,,,
Yishun Avenue 5,S91,2017,7,31,0.0,,,,,
Yishun Avenue 5,S91,2017,8,1,4.2,,,,,
Yishun Avenue 5,S91,2017,8,2,0.0,,,,,
Yishun Avenue 5,S91,2017,8,3,0.0,,,,,
Yishun Avenue 5,S91,2017,8,4,0.0,,,,,
Yishun Avenue 5,S91,2017,8,5,0.0,,,,,
Yishun Avenue 5,S91,2017,8,6,1.0,,,,,
Yishun Avenue 5,S91,2017,8,7,0.8,,,,,
Yishun Avenue 5,S91,2017,8,8,24.2,,,,,
Yishun Avenue 5,S91,2017,8,9,1.2,,,,,
Yishun Avenue 5,S91,2017,8,10,0.0,,,,,
Yishun Avenue 5,S91,2017,8,11,62.4,,,,,
Yishun Avenue 5,S91,2017,8,12,9.2,,,,,
Yishun Avenue 5,S91,2017,8,13,0.0,,,,,
Yishun Avenue 5,S91,2017,8,14,0.0,,,,,
Yishun Avenue 5,S91,2017,8,15,0.2,,,,,
Yishun Avenue 5,S91,2017,8,16,0.0,,,,,
Yishun Avenue 5,S91,2017,8,17,35.4,,,,,
Yishun Avenue 5,S91,2017,8,18,8.0,,,,,
Yishun Avenue 5,S91,2017,8,19,6.0,,,,,
Yishun Avenue 5,S91,2017,8,20,0.0,,,,,
Yishun Avenue 5,S91,2017,8,21,11.6,,,,,
Yishun Avenue 5,S91,2017,8,22,0.0,,,,,
Yishun Avenue 5,S91,2017,8,23,0.0,,,,,
Yishun Avenue 5,S91,2017,8,24,6.8,,,,,
Yishun Avenue 5,S91,2017,8,25,0.0,,,,,
Yishun Avenue 5,S91,2017,8,26,0.0,,,,,
Yishun Avenue 5,S91,2017,8,27,0.4,,,,,
Yishun Avenue 5,S91,2017,8,28,1.8,,,,,
Yishun Avenue 5,S91,2017,8,29,0.6,,,,,
Yishun Avenue 5,S91,2017,8,30,0.0,,,,,
Yishun Avenue 5,S91,2017,8,31,0.0,,,,,
Yishun Avenue 5,S91,2017,9,1,4.6,,,,,
Yishun Avenue 5,S91,2017,9,2,0.0,,,,,
Yishun Avenue 5,S91,2017,9,3,0.0,,,,,
Yishun Avenue 5,S91,2017,9,4,0.0,,,,,
Yishun Avenue 5,S91,2017,9,5,6.8,,,,,
Yishun Avenue 5,S91,2017,9,6,47.2,,,,,
Yishun Avenue 5,S91,2017,9,7,0.2,,,,,
Yishun Avenue 5,S91,2017,9,8,48.8,,,,,
Yishun Avenue 5,S91,2017,9,9,0.0,,,,,
Yishun Avenue 5,S91,2017,9,10,1.4,,,,,
Yishun Avenue 5,S91,2017,9,11,10.0,,,,,
Yishun Avenue 5,S91,2017,9,12,0.0,,,,,
Yishun Avenue 5,S91,2017,9,13,0.0,,,,,
Yishun Avenue 5,S91,2017,9,14,1.4,,,,,
Yishun Avenue 5,S91,2017,9,15,1.6,,,,,
Yishun Avenue 5,S91,2017,9,16,2.2,,,,,
Yishun Avenue 5,S91,2017,9,17,4.2,,,,,
Yishun Avenue 5,S91,2017,9,18,9.2,,,,,
Yishun Avenue 5,S91,2017,9,19,9.0,,,,,
Yishun Avenue 5,S91,2017,9,20,1.6,,,,,
Yishun Avenue 5,S91,2017,9,21,5.8,,,,,
Yishun Avenue 5,S91,2017,9,22,10.0,,,,,
Yishun Avenue 5,S91,2017,9,23,18.6,,,,,
Yishun Avenue 5,S91,2017,9,24,0.0,,,,,
Yishun Avenue 5,S91,2017,9,25,5.4,,,,,
Yishun Avenue 5,S91,2017,9,26,2.8,,,,,
Yishun Avenue 5,S91,2017,9,27,0.0,,,,,
Yishun Avenue 5,S91,2017,9,28,0.0,,,,,
Yishun Avenue 5,S91,2017,9,29,16.6,,,,,
Yishun Avenue 5,S91,2017,9,30,0.0,,,,,
Yishun Avenue 5,S91,2017,10,1,25.2,,,,,
Yishun Avenue 5,S91,2017,10,2,0.0,,,,,
Yishun Avenue 5,S91,2017,10,3,0.6,,,,,
Yishun Avenue 5,S91,2017,10,4,2.8,,,,,
Yishun Avenue 5,S91,2017,10,5,0.0,,,,,
Yishun Avenue 5,S91,2017,10,6,11.0,,,,,
Yishun Avenue 5,S91,2017,10,7,19.4,,,,,
Yishun Avenue 5,S91,2017,10,8,61.0,,,,,
Yishun Avenue 5,S91,2017,10,9,20.4,,,,,
Yishun Avenue 5,S91,2017,10,10,2.2,,,,,
Yishun Avenue 5,S91,2017,10,11,8.2,,,,,
Yishun Avenue 5,S91,2017,10,12,2.6,,,,,
Yishun Avenue 5,S91,2017,10,13,1.0,,,,,
Yishun Avenue 5,S91,2017,10,14,0.0,,,,,
Yishun Avenue 5,S91,2017,10,15,0.0,,,,,
Yishun Avenue 5,S91,2017,10,16,0.0,,,,,
Yishun Avenue 5,S91,2017,10,17,0.0,,,,,
Yishun Avenue 5,S91,2017,10,18,0.0,,,,,
Yishun Avenue 5,S91,2017,10,19,0.0,,,,,
Yishun Avenue 5,S91,2017,10,20,0.0,,,,,
Yishun Avenue 5,S91,2017,10,21,0.0,,,,,
Yishun Avenue 5,S91,2017,10,22,0.0,,,,,
Yishun Avenue 5,S91,2017,10,23,1.0,,,,,
Yishun Avenue 5,S91,2017,10,24,0.4,,,,,
Yishun Avenue 5,S91,2017,10,25,27.2,,,,,
Yishun Avenue 5,S91,2017,10,26,2.4,,,,,
Yishun Avenue 5,S91,2017,10,27,0.0,,,,,
Yishun Avenue 5,S91,2017,10,28,0.0,,,,,
Yishun Avenue 5,S91,2017,10,29,22.6,,,,,
Yishun Avenue 5,S91,2017,10,30,2.8,,,,,
Yishun Avenue 5,S91,2017,10,31,6.6,,,,,
Yishun Avenue 5,S91,2017,11,1,0.4,,,,,
Yishun Avenue 5,S91,2017,11,2,0.0,,,,,
Yishun Avenue 5,S91,2017,11,3,29.2,,,,,
Yishun Avenue 5,S91,2017,11,4,18.0,,,,,
Yishun Avenue 5,S91,2017,11,5,2.8,,,,,
Yishun Avenue 5,S91,2017,11,6,57.2,,,,,
Yishun Avenue 5,S91,2017,11,7,1.6,,,,,
Yishun Avenue 5,S91,2017,11,8,9.8,,,,,
Yishun Avenue 5,S91,2017,11,9,75.0,,,,,
Yishun Avenue 5,S91,2017,11,10,13.6,,,,,
Yishun Avenue 5,S91,2017,11,11,28.6,,,,,
Yishun Avenue 5,S91,2017,11,12,1.0,,,,,
Yishun Avenue 5,S91,2017,11,13,41.2,,,,,
Yishun Avenue 5,S91,2017,11,14,68.6,,,,,
Yishun Avenue 5,S91,2017,11,15,0.2,,,,,
Yishun Avenue 5,S91,2017,11,16,0.6,,,,,
Yishun Avenue 5,S91,2017,11,17,2.4,,,,,
Yishun Avenue 5,S91,2017,11,18,74.4,,,,,
Yishun Avenue 5,S91,2017,11,19,0.0,,,,,
Yishun Avenue 5,S91,2017,11,20,11.6,,,,,
Yishun Avenue 5,S91,2017,11,21,1.2,,,,,
Yishun Avenue 5,S91,2017,11,22,0.8,,,,,
Yishun Avenue 5,S91,2017,11,23,11.6,,,,,
Yishun Avenue 5,S91,2017,11,24,0.2,,,,,
Yishun Avenue 5,S91,2017,11,25,0.0,,,,,
Yishun Avenue 5,S91,2017,11,26,6.6,,,,,
Yishun Avenue 5,S91,2017,11,27,1.2,,,,,
Yishun Avenue 5,S91,2017,11,28,0.6,,,,,
Yishun Avenue 5,S91,2017,11,29,18.4,,,,,
Yishun Avenue 5,S91,2017,11,30,0.0,,,,,
Yishun Avenue 5,S91,2017,12,1,0.0,,,,,
Yishun Avenue 5,S91,2017,12,2,0.0,,,,,
Yishun Avenue 5,S91,2017,12,3,0.0,,,,,
Yishun Avenue 5,S91,2017,12,4,1.0,,,,,
Yishun Avenue 5,S91,2017,12,5,0.0,,,,,
Yishun Avenue 5,S91,2017,12,6,0.0,,,,,
Yishun Avenue 5,S91,2017,12,7,24.0,,,,,
Yishun Avenue 5,S91,2017,12,8,0.0,,,,,
Yishun Avenue 5,S91,2017,12,9,0.2,,,,,
Yishun Avenue 5,S91,2017,12,10,12.4,,,,,
Yishun Avenue 5,S91,2017,12,11,33.2,,,,,
Yishun Avenue 5,S91,2017,12,12,51.2,,,,,
Yishun Avenue 5,S91,2017,12,13,67.4,,,,,
Yishun Avenue 5,S91,2017,12,14,47.0,,,,,
Yishun Avenue 5,S91,2017,12,15,24.0,,,,,
Yishun Avenue 5,S91,2017,12,16,9.8,,,,,
Yishun Avenue 5,S91,2017,12,17,0.0,,,,,
Yishun Avenue 5,S91,2017,12,18,0.0,,,,,
Yishun Avenue 5,S91,2017,12,19,5.0,,,,,
Yishun Avenue 5,S91,2017,12,20,0.0,,,,,
Yishun Avenue 5,S91,2017,12,21,0.0,,,,,
Yishun Avenue 5,S91,2017,12,22,37.4,,,,,
Yishun Avenue 5,S91,2017,12,23,9.8,,,,,
Yishun Avenue 5,S91,2017,12,24,0.6,,,,,
Yishun Avenue 5,S91,2017,12,25,23.8,,,,,
Yishun Avenue 5,S91,2017,12,26,8.2,,,,,
Yishun Avenue 5,S91,2017,12,27,5.4,,,,,
Yishun Avenue 5,S91,2017,12,28,1.8,,,,,
Yishun Avenue 5,S91,2017,12,29,0.0,,,,,
Yishun Avenue 5,S91,2017,12,30,14.2,,,,,
Yishun Avenue 5,S91,2017,12,31,79.8,,,,,
Yishun Avenue 5,S91,2018,1,1,65.2,,,,,
Yishun Avenue 5,S91,2018,1,2,9.6,,,,,
Yishun Avenue 5,S91,2018,1,3,23.8,,,,,
Yishun Avenue 5,S91,2018,1,4,0.2,,,,,
Yishun Avenue 5,S91,2018,1,5,1.8,,,,,
Yishun Avenue 5,S91,2018,1,6,0.0,,,,,
Yishun Avenue 5,S91,2018,1,7,4.8,,,,,
Yishun Avenue 5,S91,2018,1,8,53.0,,,,,
Yishun Avenue 5,S91,2018,1,9,,,,,,
Yishun Avenue 5,S91,2018,1,10,,,,,,
Yishun Avenue 5,S91,2018,1,11,,,,,,
Yishun Avenue 5,S91,2018,1,12,,,,,,
Yishun Avenue 5,S91,2018,1,13,,,,,,
Yishun Avenue 5,S91,2018,1,14,,,,,,
Yishun Avenue 5,S91,2018,1,15,,,,,,
Yishun Avenue 5,S91,2018,1,16,,,,,,
Yishun Avenue 5,S91,2018,1,17,,,,,,
Yishun Avenue 5,S91,2018,1,18,,,,,,
Yishun Avenue 5,S91,2018,1,19,2.5,,,,,
Yishun Avenue 5,S91,2018,1,20,12.5,,,,,
Yishun Avenue 5,S91,2018,1,21,0.8,,,,,
Yishun Avenue 5,S91,2018,1,22,0.0,,,,,
Yishun Avenue 5,S91,2018,1,23,8.5,,,,,
Yishun Avenue 5,S91,2018,1,24,6.0,,,,,
Yishun Avenue 5,S91,2018,1,25,12.5,,,,,
Yishun Avenue 5,S91,2018,1,26,1.5,,,,,
Yishun Avenue 5,S91,2018,1,27,0.0,,,,,
Yishun Avenue 5,S91,2018,1,28,55.5,,,,,
Yishun Avenue 5,S91,2018,1,29,0.0,,,,,
Yishun Avenue 5,S91,2018,1,30,22.0,,,,,
Yishun Avenue 5,S91,2018,1,31,31.6,,,,,
Yishun Avenue 5,S91,2018,2,1,0.6,,,,,
Yishun Avenue 5,S91,2018,2,2,6.8,,,,,
Yishun Avenue 5,S91,2018,2,3,0.2,,,,,
Yishun Avenue 5,S91,2018,2,4,0.0,,,,,
Yishun Avenue 5,S91,2018,2,5,0.0,,,,,
Yishun Avenue 5,S91,2018,2,6,0.0,,,,,
Yishun Avenue 5,S91,2018,2,7,0.0,,,,,
Yishun Avenue 5,S91,2018,2,8,0.0,,,,,
Yishun Avenue 5,S91,2018,2,9,0.0,,,,,
Yishun Avenue 5,S91,2018,2,10,0.0,,,,,
Yishun Avenue 5,S91,2018,2,11,0.0,,,,,
Yishun Avenue 5,S91,2018,2,12,0.0,,,,,
Yishun Avenue 5,S91,2018,2,13,0.0,,,,,
Yishun Avenue 5,S91,2018,2,14,0.0,,,,,
Yishun Avenue 5,S91,2018,2,15,7.6,,,,,
Yishun Avenue 5,S91,2018,2,16,0.0,,,,,
Yishun Avenue 5,S91,2018,2,17,20.0,,,,,
Yishun Avenue 5,S91,2018,2,18,0.0,,,,,
Yishun Avenue 5,S91,2018,2,19,0.0,,,,,
Yishun Avenue 5,S91,2018,2,20,0.0,,,,,
Yishun Avenue 5,S91,2018,2,21,0.0,,,,,
Yishun Avenue 5,S91,2018,2,22,0.0,,,,,
Yishun Avenue 5,S91,2018,2,23,0.0,,,,,
Yishun Avenue 5,S91,2018,2,24,2.6,,,,,
Yishun Avenue 5,S91,2018,2,25,0.0,,,,,
Yishun Avenue 5,S91,2018,2,26,0.0,,,,,
Yishun Avenue 5,S91,2018,2,27,0.0,,,,,
Yishun Avenue 5,S91,2018,2,28,12.8,,,,,
Yishun Avenue 5,S91,2018,3,1,0.2,,,,,
Yishun Avenue 5,S91,2018,3,2,51.4,,,,,
Yishun Avenue 5,S91,2018,3,3,0.2,,,,,
Yishun Avenue 5,S91,2018,3,4,0.0,,,,,
Yishun Avenue 5,S91,2018,3,5,0.2,,,,,
Yishun Avenue 5,S91,2018,3,6,0.0,,,,,
Yishun Avenue 5,S91,2018,3,7,22.5,,,,,
Yishun Avenue 5,S91,2018,3,8,0.0,,,,,
Yishun Avenue 5,S91,2018,3,9,0.0,,,,,
Yishun Avenue 5,S91,2018,3,10,11.2,,,,,
Yishun Avenue 5,S91,2018,3,11,0.0,,,,,
Yishun Avenue 5,S91,2018,3,12,0.0,,,,,
Yishun Avenue 5,S91,2018,3,13,0.0,,,,,
Yishun Avenue 5,S91,2018,3,14,0.0,,,,,
Yishun Avenue 5,S91,2018,3,15,0.0,,,,,
Yishun Avenue 5,S91,2018,3,16,0.0,,,,,
Yishun Avenue 5,S91,2018,3,17,0.0,,,,,
Yishun Avenue 5,S91,2018,3,18,0.0,,,,,
Yishun Avenue 5,S91,2018,3,19,0.0,,,,,
Yishun Avenue 5,S91,2018,3,20,0.0,,,,,
Yishun Avenue 5,S91,2018,3,21,0.0,,,,,
Yishun Avenue 5,S91,2018,3,22,0.0,,,,,
Yishun Avenue 5,S91,2018,3,23,0.0,,,,,
Yishun Avenue 5,S91,2018,3,24,0.0,,,,,
Yishun Avenue 5,S91,2018,3,25,2.0,,,,,
Yishun Avenue 5,S91,2018,3,26,0.0,,,,,
Yishun Avenue 5,S91,2018,3,27,3.2,,,,,
Yishun Avenue 5,S91,2018,3,28,17.6,,,,,
Yishun Avenue 5,S91,2018,3,29,8.0,,,,,
Yishun Avenue 5,S91,2018,3,30,9.6,,,,,
Yishun Avenue 5,S91,2018,3,31,0.0,,,,,
Yishun Avenue 5,S91,2018,4,1,1.2,,,,,
Yishun Avenue 5,S91,2018,4,2,0.0,,,,,
Yishun Avenue 5,S91,2018,4,3,0.0,,,,,
Yishun Avenue 5,S91,2018,4,4,0.0,,,,,
Yishun Avenue 5,S91,2018,4,5,0.0,,,,,
Yishun Avenue 5,S91,2018,4,6,0.0,,,,,
Yishun Avenue 5,S91,2018,4,7,25.6,,,,,
Yishun Avenue 5,S91,2018,4,8,0.0,,,,,
Yishun Avenue 5,S91,2018,4,9,0.0,,,,,
Yishun Avenue 5,S91,2018,4,10,0.0,,,,,
Yishun Avenue 5,S91,2018,4,11,0.0,,,,,
Yishun Avenue 5,S91,2018,4,12,0.0,,,,,
Yishun Avenue 5,S91,2018,4,13,0.0,,,,,
Yishun Avenue 5,S91,2018,4,14,17.6,,,,,
Yishun Avenue 5,S91,2018,4,15,6.2,,,,,
Yishun Avenue 5,S91,2018,4,16,13.2,,,,,
Yishun Avenue 5,S91,2018,4,17,0.0,,,,,
Yishun Avenue 5,S91,2018,4,18,0.0,,,,,
Yishun Avenue 5,S91,2018,4,19,0.6,,,,,
Yishun Avenue 5,S91,2018,4,20,47.0,,,,,
Yishun Avenue 5,S91,2018,4,21,5.6,,,,,
Yishun Avenue 5,S91,2018,4,22,0.0,,,,,
Yishun Avenue 5,S91,2018,4,23,6.2,,,,,
Yishun Avenue 5,S91,2018,4,24,0.0,,,,,
Yishun Avenue 5,S91,2018,4,25,0.0,,,,,
Yishun Avenue 5,S91,2018,4,26,4.0,,,,,
Yishun Avenue 5,S91,2018,4,27,29.4,,,,,
Yishun Avenue 5,S91,2018,4,28,5.6,,,,,
Yishun Avenue 5,S91,2018,4,29,0.0,,,,,
Yishun Avenue 5,S91,2018,4,30,6.8,,,,,
Yishun Avenue 5,S91,2018,5,1,13.4,,,,,
Yishun Avenue 5,S91,2018,5,2,3.2,,,,,
Yishun Avenue 5,S91,2018,5,3,21.4,,,,,
Yishun Avenue 5,S91,2018,5,4,5.2,,,,,
Yishun Avenue 5,S91,2018,5,5,6.2,,,,,
Yishun Avenue 5,S91,2018,5,6,0.0,,,,,
Yishun Avenue 5,S91,2018,5,7,0.0,,,,,
Yishun Avenue 5,S91,2018,5,8,0.0,,,,,
Yishun Avenue 5,S91,2018,5,9,0.0,,,,,
Yishun Avenue 5,S91,2018,5,10,0.0,,,,,
Yishun Avenue 5,S91,2018,5,11,0.0,,,,,
Yishun Avenue 5,S91,2018,5,12,2.4,,,,,
Yishun Avenue 5,S91,2018,5,13,3.2,,,,,
Yishun Avenue 5,S91,2018,5,14,2.4,,,,,
Yishun Avenue 5,S91,2018,5,15,10.4,,,,,
Yishun Avenue 5,S91,2018,5,16,23.0,,,,,
Yishun Avenue 5,S91,2018,5,17,1.8,,,,,
Yishun Avenue 5,S91,2018,5,18,81.2,,,,,
Yishun Avenue 5,S91,2018,5,19,1.0,,,,,
Yishun Avenue 5,S91,2018,5,20,0.4,,,,,
Yishun Avenue 5,S91,2018,5,21,5.4,,,,,
Yishun Avenue 5,S91,2018,5,22,3.6,,,,,
Yishun Avenue 5,S91,2018,5,23,8.2,,,,,
Yishun Avenue 5,S91,2018,5,24,1.0,,,,,
Yishun Avenue 5,S91,2018,5,25,0.2,,,,,
Yishun Avenue 5,S91,2018,5,26,9.2,,,,,
Yishun Avenue 5,S91,2018,5,27,1.4,,,,,
Yishun Avenue 5,S91,2018,5,28,8.4,,,,,
Yishun Avenue 5,S91,2018,5,29,0.0,,,,,
Yishun Avenue 5,S91,2018,5,30,0.0,,,,,
Yishun Avenue 5,S91,2018,5,31,0.0,,,,,
Yishun Avenue 5,S91,2018,6,1,15.0,,,,,
Yishun Avenue 5,S91,2018,6,2,36.8,,,,,
Yishun Avenue 5,S91,2018,6,3,0.0,,,,,
Yishun Avenue 5,S91,2018,6,4,0.0,,,,,
Yishun Avenue 5,S91,2018,6,5,0.0,,,,,
Yishun Avenue 5,S91,2018,6,6,0.0,,,,,
Yishun Avenue 5,S91,2018,6,7,0.0,,,,,
Yishun Avenue 5,S91,2018,6,8,0.6,,,,,
Yishun Avenue 5,S91,2018,6,9,0.0,,,,,
Yishun Avenue 5,S91,2018,6,10,0.0,,,,,
Yishun Avenue 5,S91,2018,6,11,0.0,,,,,
Yishun Avenue 5,S91,2018,6,12,0.0,,,,,
Yishun Avenue 5,S91,2018,6,13,9.0,,,,,
Yishun Avenue 5,S91,2018,6,14,23.0,,,,,
Yishun Avenue 5,S91,2018,6,15,41.8,,,,,
Yishun Avenue 5,S91,2018,6,16,0.0,,,,,
Yishun Avenue 5,S91,2018,6,17,0.0,,,,,
Yishun Avenue 5,S91,2018,6,18,21.0,,,,,
Yishun Avenue 5,S91,2018,6,19,9.8,,,,,
Yishun Avenue 5,S91,2018,6,20,4.8,,,,,
Yishun Avenue 5,S91,2018,6,21,0.6,,,,,
Yishun Avenue 5,S91,2018,6,22,0.0,,,,,
Yishun Avenue 5,S91,2018,6,23,28.6,,,,,
Yishun Avenue 5,S91,2018,6,24,0.0,,,,,
Yishun Avenue 5,S91,2018,6,25,4.0,,,,,
Yishun Avenue 5,S91,2018,6,26,8.2,,,,,
Yishun Avenue 5,S91,2018,6,27,12.4,,,,,
Yishun Avenue 5,S91,2018,6,28,0.0,,,,,
Yishun Avenue 5,S91,2018,6,29,28.4,,,,,
Yishun Avenue 5,S91,2018,6,30,0.0,,,,,
Yishun Avenue 5,S91,2018,7,1,24.8,,,,,
Yishun Avenue 5,S91,2018,7,2,0.4,,,,,
Yishun Avenue 5,S91,2018,7,3,12.0,,,,,
Yishun Avenue 5,S91,2018,7,4,0.2,,,,,
Yishun Avenue 5,S91,2018,7,5,0.0,,,,,
Yishun Avenue 5,S91,2018,7,6,0.0,,,,,
Yishun Avenue 5,S91,2018,7,7,1.0,,,,,
Yishun Avenue 5,S91,2018,7,8,0.0,,,,,
Yishun Avenue 5,S91,2018,7,9,0.0,,,,,
Yishun Avenue 5,S91,2018,7,10,1.6,,,,,
Yishun Avenue 5,S91,2018,7,11,0.0,,,,,
Yishun Avenue 5,S91,2018,7,12,0.0,,,,,
Yishun Avenue 5,S91,2018,7,13,0.0,,,,,
Yishun Avenue 5,S91,2018,7,14,6.0,,,,,
Yishun Avenue 5,S91,2018,7,15,5.4,,,,,
Yishun Avenue 5,S91,2018,7,16,0.0,,,,,
Yishun Avenue 5,S91,2018,7,17,0.0,,,,,
Yishun Avenue 5,S91,2018,7,18,0.0,,,,,
Yishun Avenue 5,S91,2018,7,19,19.6,,,,,
Yishun Avenue 5,S91,2018,7,20,2.0,,,,,
Yishun Avenue 5,S91,2018,7,21,0.0,,,,,
Yishun Avenue 5,S91,2018,7,22,1.0,,,,,
Yishun Avenue 5,S91,2018,7,23,0.0,,,,,
Yishun Avenue 5,S91,2018,7,24,0.0,,,,,
Yishun Avenue 5,S91,2018,7,25,8.2,,,,,
Yishun Avenue 5,S91,2018,7,26,0.0,,,,,
Yishun Avenue 5,S91,2018,7,27,0.0,,,,,
Yishun Avenue 5,S91,2018,7,28,0.2,,,,,
Yishun Avenue 5,S91,2018,7,29,0.0,,,,,
Yishun Avenue 5,S91,2018,7,30,15.4,,,,,
Yishun Avenue 5,S91,2018,7,31,0.0,,,,,
Yishun Avenue 5,S91,2018,8,1,0.4,,,,,
Yishun Avenue 5,S91,2018,8,2,0.0,,,,,
Yishun Avenue 5,S91,2018,8,3,0.0,,,,,
Yishun Avenue 5,S91,2018,8,4,6.0,,,,,
Yishun Avenue 5,S91,2018,8,5,15.0,,,,,
Yishun Avenue 5,S91,2018,8,6,0.0,,,,,
Yishun Avenue 5,S91,2018,8,7,0.0,,,,,
Yishun Avenue 5,S91,2018,8,8,6.4,,,,,
Yishun Avenue 5,S91,2018,8,9,0.0,,,,,
Yishun Avenue 5,S91,2018,8,10,0.0,,,,,
Yishun Avenue 5,S91,2018,8,11,0.0,,,,,
Yishun Avenue 5,S91,2018,8,12,0.0,,,,,
Yishun Avenue 5,S91,2018,8,13,0.0,,,,,
Yishun Avenue 5,S91,2018,8,14,2.0,,,,,
Yishun Avenue 5,S91,2018,8,15,0.0,,,,,
Yishun Avenue 5,S91,2018,8,16,0.0,,,,,
Yishun Avenue 5,S91,2018,8,17,0.4,,,,,
Yishun Avenue 5,S91,2018,8,18,0.4,,,,,
Yishun Avenue 5,S91,2018,8,19,5.2,,,,,
Yishun Avenue 5,S91,2018,8,20,7.0,,,,,
Yishun Avenue 5,S91,2018,8,21,0.0,,,,,
Yishun Avenue 5,S91,2018,8,22,78.6,,,,,
Yishun Avenue 5,S91,2018,8,23,0.8,,,,,
Yishun Avenue 5,S91,2018,8,24,10.6,,,,,
Yishun Avenue 5,S91,2018,8,25,0.0,,,,,
Yishun Avenue 5,S91,2018,8,26,0.0,,,,,
Yishun Avenue 5,S91,2018,8,27,0.0,,,,,
Yishun Avenue 5,S91,2018,8,28,4.4,,,,,
Yishun Avenue 5,S91,2018,8,29,0.0,,,,,
Yishun Avenue 5,S91,2018,8,30,0.0,,,,,
Yishun Avenue 5,S91,2018,8,31,7.6,,,,,
Yishun Avenue 5,S91,2018,9,1,25.0,,,,,
Yishun Avenue 5,S91,2018,9,2,0.2,,,,,
Yishun Avenue 5,S91,2018,9,3,0.2,,,,,
Yishun Avenue 5,S91,2018,9,4,19.4,,,,,
Yishun Avenue 5,S91,2018,9,5,0.0,,,,,
Yishun Avenue 5,S91,2018,9,6,0.0,,,,,
Yishun Avenue 5,S91,2018,9,7,17.4,,,,,
Yishun Avenue 5,S91,2018,9,8,3.0,,,,,
Yishun Avenue 5,S91,2018,9,9,25.4,,,,,
Yishun Avenue 5,S91,2018,9,10,1.4,,,,,
Yishun Avenue 5,S91,2018,9,11,0.2,,,,,
Yishun Avenue 5,S91,2018,9,12,0.6,,,,,
Yishun Avenue 5,S91,2018,9,13,0.0,,,,,
Yishun Avenue 5,S91,2018,9,14,0.0,,,,,
Yishun Avenue 5,S91,2018,9,15,0.0,,,,,
Yishun Avenue 5,S91,2018,9,16,0.2,,,,,
Yishun Avenue 5,S91,2018,9,17,0.0,,,,,
Yishun Avenue 5,S91,2018,9,18,0.0,,,,,
Yishun Avenue 5,S91,2018,9,19,34.6,,,,,
Yishun Avenue 5,S91,2018,9,20,21.2,,,,,
Yishun Avenue 5,S91,2018,9,21,24.2,,,,,
Yishun Avenue 5,S91,2018,9,22,0.4,,,,,
Yishun Avenue 5,S91,2018,9,23,0.0,,,,,
Yishun Avenue 5,S91,2018,9,24,0.0,,,,,
Yishun Avenue 5,S91,2018,9,25,0.0,,,,,
Yishun Avenue 5,S91,2018,9,26,3.0,,,,,
Yishun Avenue 5,S91,2018,9,27,0.0,,,,,
Yishun Avenue 5,S91,2018,9,28,0.0,,,,,
Yishun Avenue 5,S91,2018,9,29,0.0,,,,,
Yishun Avenue 5,S91,2018,9,30,0.0,,,,,
Yishun Avenue 5,S91,2018,10,1,0.0,,,,,
Yishun Avenue 5,S91,2018,10,2,0.0,,,,,
Yishun Avenue 5,S91,2018,10,3,0.2,,,,,
Yishun Avenue 5,S91,2018,10,4,0.0,,,,,
Yishun Avenue 5,S91,2018,10,5,0.0,,,,,
Yishun Avenue 5,S91,2018,10,6,3.8,,,,,
Yishun Avenue 5,S91,2018,10,7,0.4,,,,,
Yishun Avenue 5,S91,2018,10,8,22.4,,,,,
Yishun Avenue 5,S91,2018,10,9,6.6,,,,,
Yishun Avenue 5,S91,2018,10,10,66.6,,,,,
Yishun Avenue 5,S91,2018,10,11,13.4,,,,,
Yishun Avenue 5,S91,2018,10,12,15.4,,,,,
Yishun Avenue 5,S91,2018,10,13,0.4,,,,,
Yishun Avenue 5,S91,2018,10,14,10.0,,,,,
Yishun Avenue 5,S91,2018,10,15,0.0,,,,,
Yishun Avenue 5,S91,2018,10,16,0.0,,,,,
Yishun Avenue 5,S91,2018,10,17,0.2,,,,,
Yishun Avenue 5,S91,2018,10,18,4.6,,,,,
Yishun Avenue 5,S91,2018,10,19,2.4,,,,,
Yishun Avenue 5,S91,2018,10,20,0.0,,,,,
Yishun Avenue 5,S91,2018,10,21,0.0,,,,,
Yishun Avenue 5,S91,2018,10,22,0.0,,,,,
Yishun Avenue 5,S91,2018,10,23,26.4,,,,,
Yishun Avenue 5,S91,2018,10,24,1.2,,,,,
Yishun Avenue 5,S91,2018,10,25,45.6,,,,,
Yishun Avenue 5,S91,2018,10,26,12.4,,,,,
Yishun Avenue 5,S91,2018,10,27,0.0,,,,,
Yishun Avenue 5,S91,2018,10,28,1.2,,,,,
Yishun Avenue 5,S91,2018,10,29,6.4,,,,,
Yishun Avenue 5,S91,2018,10,30,2.4,,,,,
Yishun Avenue 5,S91,2018,10,31,0.0,,,,,
Yishun Avenue 5,S91,2018,11,1,1.4,,,,,
Yishun Avenue 5,S91,2018,11,2,17.0,,,,,
Yishun Avenue 5,S91,2018,11,3,7.4,,,,,
Yishun Avenue 5,S91,2018,11,4,1.2,,,,,
Yishun Avenue 5,S91,2018,11,5,2.4,,,,,
Yishun Avenue 5,S91,2018,11,6,10.4,,,,,
Yishun Avenue 5,S91,2018,11,7,3.6,,,,,
Yishun Avenue 5,S91,2018,11,8,6.2,,,,,
Yishun Avenue 5,S91,2018,11,9,3.6,,,,,
Yishun Avenue 5,S91,2018,11,10,5.4,,,,,
Yishun Avenue 5,S91,2018,11,11,9.0,,,,,
Yishun Avenue 5,S91,2018,11,12,18.0,,,,,
Yishun Avenue 5,S91,2018,11,13,7.0,,,,,
Yishun Avenue 5,S91,2018,11,14,10.4,,,,,
Yishun Avenue 5,S91,2018,11,15,11.4,,,,,
Yishun Avenue 5,S91,2018,11,16,0.2,,,,,
Yishun Avenue 5,S91,2018,11,17,12.8,,,,,
Yishun Avenue 5,S91,2018,11,18,1.0,,,,,
Yishun Avenue 5,S91,2018,11,19,32.8,,,,,
Yishun Avenue 5,S91,2018,11,20,0.4,,,,,
Yishun Avenue 5,S91,2018,11,21,32.6,,,,,
Yishun Avenue 5,S91,2018,11,22,45.6,,,,,
Yishun Avenue 5,S91,2018,11,23,0.8,,,,,
Yishun Avenue 5,S91,2018,11,24,0.0,,,,,
Yishun Avenue 5,S91,2018,11,25,8.4,,,,,
Yishun Avenue 5,S91,2018,11,26,3.0,,,,,
Yishun Avenue 5,S91,2018,11,27,0.0,,,,,
Yishun Avenue 5,S91,2018,11,28,4.6,,,,,
Yishun Avenue 5,S91,2018,11,29,12.2,,,,,
Yishun Avenue 5,S91,2018,11,30,3.0,,,,,
Yishun Avenue 5,S91,2018,12,1,18.2,,,,,
Yishun Avenue 5,S91,2018,12,2,6.2,,,,,
Yishun Avenue 5,S91,2018,12,3,8.6,,,,,
Yishun Avenue 5,S91,2018,12,4,,,,,,
Yishun Avenue 5,S91,2018,12,5,,,,,,
Yishun Avenue 5,S91,2018,12,6,,,,,,
Yishun Avenue 5,S91,2018,12,7,12.0,,,,,
Yishun Avenue 5,S91,2018,12,8,5.8,,,,,
Yishun Avenue 5,S91,2018,12,9,0.8,,,,,
Yishun Avenue 5,S91,2018,12,10,,,,,,
Yishun Avenue 5,S91,2018,12,11,,,,,,
Yishun Avenue 5,S91,2018,12,12,,,,,,
Yishun Avenue 5,S91,2018,12,13,,,,,,
Yishun Avenue 5,S91,2018,12,14,,,,,,
Yishun Avenue 5,S91,2018,12,15,,,,,,
Yishun Avenue 5,S91,2018,12,16,,,,,,
Yishun Avenue 5,S91,2018,12,17,,,,,,
Yishun Avenue 5,S91,2018,12,18,0.2,,,,,
Yishun Avenue 5,S91,2018,12,19,0.4,,,,,
Yishun Avenue 5,S91,2018,12,20,,,,,,
Yishun Avenue 5,S91,2018,12,21,,,,,,
Yishun Avenue 5,S91,2018,12,22,,,,,,
Yishun Avenue 5,S91,2018,12,23,,,,,,
Yishun Avenue 5,S91,2018,12,24,,,,,,
Yishun Avenue 5,S91,2018,12,25,,,,,,
Yishun Avenue 5,S91,2018,12,26,,,,,,
Yishun Avenue 5,S91,2018,12,27,,,,,,
Yishun Avenue 5,S91,2018,12,28,,,,,,
Yishun Avenue 5,S91,2018,12,29,,,,,,
Yishun Avenue 5,S91,2018,12,30,,,,,,
Yishun Avenue 5,S91,2018,12,31,,,,,,
Yishun Avenue 5,S91,2019,1,1,,,,,,
Yishun Avenue 5,S91,2019,1,2,,,,,,
Yishun Avenue 5,S91,2019,1,3,,,,,,
Yishun Avenue 5,S91,2019,1,4,0.0,,,,,
Yishun Avenue 5,S91,2019,1,5,,,,,,
Yishun Avenue 5,S91,2019,1,6,,,,,,
Yishun Avenue 5,S91,2019,1,7,0.0,,,,,
Yishun Avenue 5,S91,2019,1,8,0.8,,,,,
Yishun Avenue 5,S91,2019,1,9,0.0,,,,,
Yishun Avenue 5,S91,2019,1,10,0.0,,,,,
Yishun Avenue 5,S91,2019,1,11,1.6,,,,,
Yishun Avenue 5,S91,2019,1,12,0.0,,,,,
Yishun Avenue 5,S91,2019,1,13,6.2,,,,,
Yishun Avenue 5,S91,2019,1,14,,,,,,
Yishun Avenue 5,S91,2019,1,15,,,,,,
Yishun Avenue 5,S91,2019,1,16,0.0,,,,,
Yishun Avenue 5,S91,2019,1,17,,,,,,
Yishun Avenue 5,S91,2019,1,18,,,,,,
Yishun Avenue 5,S91,2019,1,19,,,,,,
Yishun Avenue 5,S91,2019,1,20,,,,,,
Yishun Avenue 5,S91,2019,1,21,,,,,,
Yishun Avenue 5,S91,2019,1,22,,,,,,
Yishun Avenue 5,S91,2019,1,23,,,,,,
Yishun Avenue 5,S91,2019,1,24,,,,,,
Yishun Avenue 5,S91,2019,1,25,,,,,,
Yishun Avenue 5,S91,2019,1,26,,,,,,
Yishun Avenue 5,S91,2019,1,27,,,,,,
Yishun Avenue 5,S91,2019,1,28,,,,,,
Yishun Avenue 5,S91,2019,1,29,,,,,,
Yishun Avenue 5,S91,2019,1,30,,,,,,
Yishun Avenue 5,S91,2019,1,31,,,,,,
Yishun Avenue 5,S91,2019,2,1,,,,,,
Yishun Avenue 5,S91,2019,2,2,,,,,,
Yishun Avenue 5,S91,2019,2,3,,,,,,
Yishun Avenue 5,S91,2019,2,4,,,,,,
Yishun Avenue 5,S91,2019,2,5,,,,,,
Yishun Avenue 5,S91,2019,2,6,,,,,,
Yishun Avenue 5,S91,2019,2,7,,,,,,
Yishun Avenue 5,S91,2019,2,8,,,,,,
Yishun Avenue 5,S91,2019,2,9,,,,,,
Yishun Avenue 5,S91,2019,2,10,,,,,,
Yishun Avenue 5,S91,2019,2,11,,,,,,
Yishun Avenue 5,S91,2019,2,12,,,,,,
Yishun Avenue 5,S91,2019,2,13,,,,,,
Yishun Avenue 5,S91,2019,2,14,,,,,,
Yishun Avenue 5,S91,2019,2,15,,,,,,
Yishun Avenue 5,S91,2019,2,16,,,,,,
Yishun Avenue 5,S91,2019,2,17,,,,,,
Yishun Avenue 5,S91,2019,2,18,,,,,,
Yishun Avenue 5,S91,2019,2,19,,,,,,
Yishun Avenue 5,S91,2019,2,20,,,,,,
Yishun Avenue 5,S91,2019,2,21,,,,,,
Yishun Avenue 5,S91,2019,2,22,,,,,,
Yishun Avenue 5,S91,2019,2,23,,,,,,
Yishun Avenue 5,S91,2019,2,24,,,,,,
Yishun Avenue 5,S91,2019,2,25,,,,,,
Yishun Avenue 5,S91,2019,2,26,,,,,,
Yishun Avenue 5,S91,2019,2,27,,,,,,
Yishun Avenue 5,S91,2019,2,28,,,,,,
Yishun Avenue 5,S91,2019,3,1,,,,,,
Yishun Avenue 5,S91,2019,3,2,,,,,,
Yishun Avenue 5,S91,2019,3,3,,,,,,
Yishun Avenue 5,S91,2019,3,4,,,,,,
Yishun Avenue 5,S91,2019,3,5,,,,,,
Yishun Avenue 5,S91,2019,3,6,,,,,,
Yishun Avenue 5,S91,2019,3,7,,,,,,
Yishun Avenue 5,S91,2019,3,8,,,,,,
Yishun Avenue 5,S91,2019,3,9,,,,,,
Yishun Avenue 5,S91,2019,3,10,,,,,,
Yishun Avenue 5,S91,2019,3,11,,,,,,
Yishun Avenue 5,S91,2019,3,12,,,,,,
Yishun Avenue 5,S91,2019,3,13,,,,,,
Yishun Avenue 5,S91,2019,3,14,,,,,,
Yishun Avenue 5,S91,2019,3,15,,,,,,
Yishun Avenue 5,S91,2019,3,16,,,,,,
Yishun Avenue 5,S91,2019,3,17,,,,,,
Yishun Avenue 5,S91,2019,3,18,,,,,,
Yishun Avenue 5,S91,2019,3,19,,,,,,
Yishun Avenue 5,S91,2019,3,20,,,,,,
Yishun Avenue 5,S91,2019,3,21,,,,,,
Yishun Avenue 5,S91,2019,3,22,,,,,,
Yishun Avenue 5,S91,2019,3,23,,,,,,
Yishun Avenue 5,S91,2019,3,24,,,,,,
Yishun Avenue 5,S91,2019,3,25,,,,,,
Yishun Avenue 5,S91,2019,3,26,,,,,,
Yishun Avenue 5,S91,2019,3,27,,,,,,
Yishun Avenue 5,S91,2019,3,28,,,,,,
Yishun Avenue 5,S91,2019,3,29,,,,,,
Yishun Avenue 5,S91,2019,3,30,,,,,,
Yishun Avenue 5,S91,2019,3,31,,,,,,
Yishun Avenue 5,S91,2019,4,1,,,,,,
Yishun Avenue 5,S91,2019,4,2,,,,,,
Yishun Avenue 5,S91,2019,4,3,,,,,,
Yishun Avenue 5,S91,2019,4,4,,,,,,
Yishun Avenue 5,S91,2019,4,5,,,,,,
Yishun Avenue 5,S91,2019,4,6,,,,,,
Yishun Avenue 5,S91,2019,4,7,,,,,,
Yishun Avenue 5,S91,2019,4,8,,,,,,
Yishun Avenue 5,S91,2019,4,9,,,,,,
Yishun Avenue 5,S91,2019,4,10,,,,,,
Yishun Avenue 5,S91,2019,4,11,,,,,,
Yishun Avenue 5,S91,2019,4,12,,,,,,
Yishun Avenue 5,S91,2019,4,13,,,,,,
Yishun Avenue 5,S91,2019,4,14,,,,,,
Yishun Avenue 5,S91,2019,4,15,,,,,,
Yishun Avenue 5,S91,2019,4,16,,,,,,
Yishun Avenue 5,S91,2019,4,17,,,,,,
Yishun Avenue 5,S91,2019,4,18,,,,,,
Yishun Avenue 5,S91,2019,4,19,,,,,,
Yishun Avenue 5,S91,2019,4,20,,,,,,
Yishun Avenue 5,S91,2019,4,21,,,,,,
Yishun Avenue 5,S91,2019,4,22,,,,,,
Yishun Avenue 5,S91,2019,4,23,,,,,,
Yishun Avenue 5,S91,2019,4,24,,,,,,
Yishun Avenue 5,S91,2019,4,25,,,,,,
Yishun Avenue 5,S91,2019,4,26,,,,,,
Yishun Avenue 5,S91,2019,4,27,,,,,,
Yishun Avenue 5,S91,2019,4,28,,,,,,
Yishun Avenue 5,S91,2019,4,29,,,,,,
Yishun Avenue 5,S91,2019,4,30,,,,,,
Yishun Avenue 5,S91,2019,5,1,,,,,,
Yishun Avenue 5,S91,2019,5,2,,,,,,
Yishun Avenue 5,S91,2019,5,3,,,,,,
Yishun Avenue 5,S91,2019,5,4,,,,,,
Yishun Avenue 5,S91,2019,5,5,,,,,,
Yishun Avenue 5,S91,2019,5,6,,,,,,
Yishun Avenue 5,S91,2019,5,7,,,,,,
Yishun Avenue 5,S91,2019,5,8,,,,,,
Yishun Avenue 5,S91,2019,5,9,,,,,,
Yishun Avenue 5,S91,2019,5,10,,,,,,
Yishun Avenue 5,S91,2019,5,11,,,,,,
Yishun Avenue 5,S91,2019,5,12,,,,,,
Yishun Avenue 5,S91,2019,5,13,,,,,,
Yishun Avenue 5,S91,2019,5,14,,,,,,
Yishun Avenue 5,S91,2019,5,15,,,,,,
Yishun Avenue 5,S91,2019,5,16,,,,,,
Yishun Avenue 5,S91,2019,5,17,,,,,,
Yishun Avenue 5,S91,2019,5,18,,,,,,
Yishun Avenue 5,S91,2019,5,19,,,,,,
Yishun Avenue 5,S91,2019,5,20,,,,,,
Yishun Avenue 5,S91,2019,5,21,,,,,,
Yishun Avenue 5,S91,2019,5,22,,,,,,
Yishun Avenue 5,S91,2019,5,23,,,,,,
Yishun Avenue 5,S91,2019,5,24,,,,,,
Yishun Avenue 5,S91,2019,5,25,,,,,,
Yishun Avenue 5,S91,2019,5,26,,,,,,
Yishun Avenue 5,S91,2019,5,27,,,,,,
Yishun Avenue 5,S91,2019,5,28,,,,,,
Yishun Avenue 5,S91,2019,5,29,,,,,,
Yishun Avenue 5,S91,2019,5,30,,,,,,
Yishun Avenue 5,S91,2019,5,31,,,,,,
Yishun Avenue 5,S91,2019,6,1,,,,,,
Yishun Avenue 5,S91,2019,6,2,,,,,,
Yishun Avenue 5,S91,2019,6,3,,,,,,
Yishun Avenue 5,S91,2019,6,4,,,,,,
Yishun Avenue 5,S91,2019,6,5,,,,,,
Yishun Avenue 5,S91,2019,6,6,,,,,,
Yishun Avenue 5,S91,2019,6,7,,,,,,
Yishun Avenue 5,S91,2019,6,8,,,,,,
Yishun Avenue 5,S91,2019,6,9,,,,,,
Yishun Avenue 5,S91,2019,6,10,,,,,,
Yishun Avenue 5,S91,2019,6,11,,,,,,
Yishun Avenue 5,S91,2019,6,12,,,,,,
Yishun Avenue 5,S91,2019,6,13,,,,,,
Yishun Avenue 5,S91,2019,6,14,,,,,,
Yishun Avenue 5,S91,2019,6,15,,,,,,
Yishun Avenue 5,S91,2019,6,16,,,,,,
Yishun Avenue 5,S91,2019,6,17,,,,,,
Yishun Avenue 5,S91,2019,6,18,,,,,,
Yishun Avenue 5,S91,2019,6,19,,,,,,
Yishun Avenue 5,S91,2019,6,20,,,,,,
Yishun Avenue 5,S91,2019,6,21,,,,,,
Yishun Avenue 5,S91,2019,6,22,,,,,,
Yishun Avenue 5,S91,2019,6,23,,,,,,
Yishun Avenue 5,S91,2019,6,24,,,,,,
Yishun Avenue 5,S91,2019,6,25,,,,,,
Yishun Avenue 5,S91,2019,6,26,,,,,,
Yishun Avenue 5,S91,2019,6,27,,,,,,
Yishun Avenue 5,S91,2019,6,28,,,,,,
Yishun Avenue 5,S91,2019,6,29,,,,,,
Yishun Avenue 5,S91,2019,6,30,,,,,,
Yishun Avenue 5,S91,2019,7,1,0.0,,,,,
Yishun Avenue 5,S91,2019,7,2,0.0,,,,,
Yishun Avenue 5,S91,2019,7,3,5.2,,,,,
Yishun Avenue 5,S91,2019,7,4,0.0,,,,,
Yishun Avenue 5,S91,2019,7,5,0.0,,,,,
Yishun Avenue 5,S91,2019,7,6,6.8,,,,,
Yishun Avenue 5,S91,2019,7,7,10.2,,,,,
Yishun Avenue 5,S91,2019,7,8,11.6,,,,,
Yishun Avenue 5,S91,2019,7,9,16.6,,,,,
Yishun Avenue 5,S91,2019,7,10,0.0,,,,,
Yishun Avenue 5,S91,2019,7,11,0.0,,,,,
Yishun Avenue 5,S91,2019,7,12,0.0,,,,,
Yishun Avenue 5,S91,2019,7,13,0.0,,,,,
Yishun Avenue 5,S91,2019,7,14,0.0,,,,,
Yishun Avenue 5,S91,2019,7,15,0.0,,,,,
Yishun Avenue 5,S91,2019,7,16,3.0,,,,,
Yishun Avenue 5,S91,2019,7,17,0.0,,,,,
Yishun Avenue 5,S91,2019,7,18,0.0,,,,,
Yishun Avenue 5,S91,2019,7,19,0.0,,,,,
Yishun Avenue 5,S91,2019,7,20,0.0,,,,,
Yishun Avenue 5,S91,2019,7,21,7.4,,,,,
Yishun Avenue 5,S91,2019,7,22,21.4,,,,,
Yishun Avenue 5,S91,2019,7,23,29.2,,,,,
Yishun Avenue 5,S91,2019,7,24,0.0,,,,,
Yishun Avenue 5,S91,2019,7,25,0.0,,,,,
Yishun Avenue 5,S91,2019,7,26,0.0,,,,,
Yishun Avenue 5,S91,2019,7,27,0.2,,,,,
Yishun Avenue 5,S91,2019,7,28,0.0,,,,,
Yishun Avenue 5,S91,2019,7,29,0.0,,,,,
Yishun Avenue 5,S91,2019,7,30,0.0,,,,,
Yishun Avenue 5,S91,2019,7,31,0.0,,,,,
Yishun Avenue 5,S91,2019,8,1,0.0,,,,,
Yishun Avenue 5,S91,2019,8,2,0.0,,,,,
Yishun Avenue 5,S91,2019,8,3,0.0,,,,,
Yishun Avenue 5,S91,2019,8,4,0.4,,,,,
Yishun Avenue 5,S91,2019,8,5,0.4,,,,,
Yishun Avenue 5,S91,2019,8,6,0.0,,,,,
Yishun Avenue 5,S91,2019,8,7,0.2,,,,,
Yishun Avenue 5,S91,2019,8,8,0.0,,,,,
Yishun Avenue 5,S91,2019,8,9,0.0,,,,,
Yishun Avenue 5,S91,2019,8,10,0.0,,,,,
Yishun Avenue 5,S91,2019,8,11,0.0,,,,,
Yishun Avenue 5,S91,2019,8,12,0.0,,,,,
Yishun Avenue 5,S91,2019,8,13,0.0,,,,,
Yishun Avenue 5,S91,2019,8,14,9.2,,,,,
Yishun Avenue 5,S91,2019,8,15,0.0,,,,,
Yishun Avenue 5,S91,2019,8,16,0.0,,,,,
Yishun Avenue 5,S91,2019,8,17,0.6,,,,,
Yishun Avenue 5,S91,2019,8,18,0.0,,,,,
Yishun Avenue 5,S91,2019,8,19,0.0,,,,,
Yishun Avenue 5,S91,2019,8,20,0.0,,,,,
Yishun Avenue 5,S91,2019,8,21,0.0,,,,,
Yishun Avenue 5,S91,2019,8,22,0.0,,,,,
Yishun Avenue 5,S91,2019,8,23,0.0,,,,,
Yishun Avenue 5,S91,2019,8,24,0.0,,,,,
Yishun Avenue 5,S91,2019,8,25,0.0,,,,,
Yishun Avenue 5,S91,2019,8,26,78.4,,,,,
Yishun Avenue 5,S91,2019,8,27,0.0,,,,,
Yishun Avenue 5,S91,2019,8,28,0.2,,,,,
Yishun Avenue 5,S91,2019,8,29,0.0,,,,,
Yishun Avenue 5,S91,2019,8,30,6.8,,,,,
Yishun Avenue 5,S91,2019,8,31,0.0,,,,,
Yishun Avenue 5,S91,2019,9,1,0.0,,,,,
Yishun Avenue 5,S91,2019,9,2,0.0,,,,,
Yishun Avenue 5,S91,2019,9,3,0.0,,,,,
Yishun Avenue 5,S91,2019,9,4,40.0,,,,,
Yishun Avenue 5,S91,2019,9,5,0.0,,,,,
Yishun Avenue 5,S91,2019,9,6,0.0,,,,,
Yishun Avenue 5,S91,2019,9,7,0.0,,,,,
Yishun Avenue 5,S91,2019,9,8,0.0,,,,,
Yishun Avenue 5,S91,2019,9,9,0.0,,,,,
Yishun Avenue 5,S91,2019,9,10,0.0,,,,,
Yishun Avenue 5,S91,2019,9,11,0.0,,,,,
Yishun Avenue 5,S91,2019,9,12,0.0,,,,,
Yishun Avenue 5,S91,2019,9,13,0.0,,,,,
Yishun Avenue 5,S91,2019,9,14,11.2,,,,,
Yishun Avenue 5,S91,2019,9,15,0.0,,,,,
Yishun Avenue 5,S91,2019,9,16,0.0,,,,,
Yishun Avenue 5,S91,2019,9,17,0.0,,,,,
Yishun Avenue 5,S91,2019,9,18,0.0,,,,,
Yishun Avenue 5,S91,2019,9,19,0.0,,,,,
Yishun Avenue 5,S91,2019,9,20,0.0,,,,,
Yishun Avenue 5,S91,2019,9,21,0.0,,,,,
Yishun Avenue 5,S91,2019,9,22,0.0,,,,,
Yishun Avenue 5,S91,2019,9,23,0.0,,,,,
Yishun Avenue 5,S91,2019,9,24,1.2,,,,,
Yishun Avenue 5,S91,2019,9,25,74.0,,,,,
Yishun Avenue 5,S91,2019,9,26,0.0,,,,,
Yishun Avenue 5,S91,2019,9,27,0.8,,,,,
Yishun Avenue 5,S91,2019,9,28,0.2,,,,,
Yishun Avenue 5,S91,2019,9,29,75.4,,,,,
Yishun Avenue 5,S91,2019,9,30,31.2,,,,,
Yishun Avenue 5,S91,2019,10,1,5.6,,,,,
Yishun Avenue 5,S91,2019,10,2,3.6,,,,,
Yishun Avenue 5,S91,2019,10,3,0.0,,,,,
Yishun Avenue 5,S91,2019,10,4,11.8,,,,,
Yishun Avenue 5,S91,2019,10,5,0.0,,,,,
Yishun Avenue 5,S91,2019,10,6,0.0,,,,,
Yishun Avenue 5,S91,2019,10,7,9.2,,,,,
Yishun Avenue 5,S91,2019,10,8,1.0,,,,,
Yishun Avenue 5,S91,2019,10,9,2.0,,,,,
Yishun Avenue 5,S91,2019,10,10,16.8,,,,,
Yishun Avenue 5,S91,2019,10,11,0.0,,,,,
Yishun Avenue 5,S91,2019,10,12,29.4,,,,,
Yishun Avenue 5,S91,2019,10,13,3.4,,,,,
Yishun Avenue 5,S91,2019,10,14,0.0,,,,,
Yishun Avenue 5,S91,2019,10,15,0.0,,,,,
Yishun Avenue 5,S91,2019,10,16,2.2,,,,,
Yishun Avenue 5,S91,2019,10,17,15.4,,,,,
Yishun Avenue 5,S91,2019,10,18,17.8,,,,,
Yishun Avenue 5,S91,2019,10,19,0.2,,,,,
Yishun Avenue 5,S91,2019,10,20,0.0,,,,,
Yishun Avenue 5,S91,2019,10,21,32.8,,,,,
Yishun Avenue 5,S91,2019,10,22,22.4,,,,,
Yishun Avenue 5,S91,2019,10,23,20.4,,,,,
Yishun Avenue 5,S91,2019,10,24,0.0,,,,,
Yishun Avenue 5,S91,2019,10,25,0.0,,,,,
Yishun Avenue 5,S91,2019,10,26,4.6,,,,,
Yishun Avenue 5,S91,2019,10,27,19.4,,,,,
Yishun Avenue 5,S91,2019,10,28,0.4,,,,,
Yishun Avenue 5,S91,2019,10,29,0.0,,,,,
Yishun Avenue 5,S91,2019,10,30,12.2,,,,,
Yishun Avenue 5,S91,2019,10,31,0.4,,,,,
Yishun Avenue 5,S91,2019,11,1,0.4,,,,,
Yishun Avenue 5,S91,2019,11,2,18.4,,,,,
Yishun Avenue 5,S91,2019,11,3,0.2,,,,,
Yishun Avenue 5,S91,2019,11,4,1.0,,,,,
Yishun Avenue 5,S91,2019,11,5,3.6,,,,,
Yishun Avenue 5,S91,2019,11,6,0.0,,,,,
Yishun Avenue 5,S91,2019,11,7,0.0,,,,,
Yishun Avenue 5,S91,2019,11,8,3.8,,,,,
Yishun Avenue 5,S91,2019,11,9,0.0,,,,,
Yishun Avenue 5,S91,2019,11,10,0.0,,,,,
Yishun Avenue 5,S91,2019,11,11,0.0,,,,,
Yishun Avenue 5,S91,2019,11,12,3.6,,,,,
Yishun Avenue 5,S91,2019,11,13,0.2,,,,,
Yishun Avenue 5,S91,2019,11,14,0.0,,,,,
Yishun Avenue 5,S91,2019,11,15,0.0,,,,,
Yishun Avenue 5,S91,2019,11,16,17.8,,,,,
Yishun Avenue 5,S91,2019,11,17,0.0,,,,,
Yishun Avenue 5,S91,2019,11,18,6.8,,,,,
Yishun Avenue 5,S91,2019,11,19,0.0,,,,,
Yishun Avenue 5,S91,2019,11,20,7.0,,,,,
Yishun Avenue 5,S91,2019,11,21,0.0,,,,,
Yishun Avenue 5,S91,2019,11,22,1.0,,,,,
Yishun Avenue 5,S91,2019,11,23,0.2,,,,,
Yishun Avenue 5,S91,2019,11,24,29.0,,,,,
Yishun Avenue 5,S91,2019,11,25,0.0,,,,,
Yishun Avenue 5,S91,2019,11,26,0.0,,,,,
Yishun Avenue 5,S91,2019,11,27,6.4,,,,,
Yishun Avenue 5,S91,2019,11,28,21.4,,,,,
Yishun Avenue 5,S91,2019,11,29,67.8,,,,,
Yishun Avenue 5,S91,2019,11,30,5.6,,,,,
Yishun Avenue 5,S91,2019,12,1,39.2,,,,,
Yishun Avenue 5,S91,2019,12,2,51.0,,,,,
Yishun Avenue 5,S91,2019,12,3,0.0,,,,,
Yishun Avenue 5,S91,2019,12,4,0.0,,,,,
Yishun Avenue 5,S91,2019,12,5,0.6,,,,,
Yishun Avenue 5,S91,2019,12,6,0.0,,,,,
Yishun Avenue 5,S91,2019,12,7,0.0,,,,,
Yishun Avenue 5,S91,2019,12,8,0.0,,,,,
Yishun Avenue 5,S91,2019,12,9,80.0,,,,,
Yishun Avenue 5,S91,2019,12,10,4.6,,,,,
Yishun Avenue 5,S91,2019,12,11,37.8,,,,,
Yishun Avenue 5,S91,2019,12,12,2.2,,,,,
Yishun Avenue 5,S91,2019,12,13,28.8,,,,,
Yishun Avenue 5,S91,2019,12,14,47.0,,,,,
Yishun Avenue 5,S91,2019,12,15,20.4,,,,,
Yishun Avenue 5,S91,2019,12,16,0.2,,,,,
Yishun Avenue 5,S91,2019,12,17,4.4,,,,,
Yishun Avenue 5,S91,2019,12,18,3.8,,,,,
Yishun Avenue 5,S91,2019,12,19,0.0,,,,,
Yishun Avenue 5,S91,2019,12,20,0.4,,,,,
Yishun Avenue 5,S91,2019,12,21,0.0,,,,,
Yishun Avenue 5,S91,2019,12,22,0.0,,,,,
Yishun Avenue 5,S91,2019,12,23,13.4,,,,,
Yishun Avenue 5,S91,2019,12,24,0.0,,,,,
Yishun Avenue 5,S91,2019,12,25,0.0,,,,,
Yishun Avenue 5,S91,2019,12,26,0.0,,,,,
Yishun Avenue 5,S91,2019,12,27,0.0,,,,,
Yishun Avenue 5,S91,2019,12,28,0.0,,,,,
Yishun Avenue 5,S91,2019,12,29,0.0,,,,,
Yishun Avenue 5,S91,2019,12,30,0.0,,,,,
Yishun Avenue 5,S91,2019,12,31,0.0,,,,,
Yishun Avenue 5,S91,2020,1,1,0.0,,,,,
Yishun Avenue 5,S91,2020,1,2,0.0,,,,,
Yishun Avenue 5,S91,2020,1,3,0.0,,,,,
Yishun Avenue 5,S91,2020,1,4,0.2,,,,,
Yishun Avenue 5,S91,2020,1,5,0.0,,,,,
Yishun Avenue 5,S91,2020,1,6,15.4,,,,,
Yishun Avenue 5,S91,2020,1,7,1.0,,,,,
Yishun Avenue 5,S91,2020,1,8,0.0,,,,,
Yishun Avenue 5,S91,2020,1,9,0.0,,,,,
Yishun Avenue 5,S91,2020,1,10,0.0,,,,,
Yishun Avenue 5,S91,2020,1,11,0.0,,,,,
Yishun Avenue 5,S91,2020,1,12,0.0,,,,,
Yishun Avenue 5,S91,2020,1,13,0.0,,,,,
Yishun Avenue 5,S91,2020,1,14,0.0,,,,,
Yishun Avenue 5,S91,2020,1,15,0.2,,,,,
Yishun Avenue 5,S91,2020,1,16,0.0,,,,,
Yishun Avenue 5,S91,2020,1,17,0.0,,,,,
Yishun Avenue 5,S91,2020,1,18,0.0,,,,,
Yishun Avenue 5,S91,2020,1,19,0.0,,,,,
Yishun Avenue 5,S91,2020,1,20,0.0,,,,,
Yishun Avenue 5,S91,2020,1,21,16.2,,,,,
Yishun Avenue 5,S91,2020,1,22,0.0,,,,,
Yishun Avenue 5,S91,2020,1,23,0.0,,,,,
Yishun Avenue 5,S91,2020,1,24,0.0,,,,,
Yishun Avenue 5,S91,2020,1,25,0.0,,,,,
Yishun Avenue 5,S91,2020,1,26,0.0,,,,,
Yishun Avenue 5,S91,2020,1,27,16.8,,,,,
Yishun Avenue 5,S91,2020,1,28,0.2,,,,,
Yishun Avenue 5,S91,2020,1,29,74.4,,,,,
Yishun Avenue 5,S91,2020,1,30,0.0,,,,,
Yishun Avenue 5,S91,2020,1,31,0.0,,,,,
Yishun Avenue 5,S91,2020,2,1,0.0,,,,,
Yishun Avenue 5,S91,2020,2,2,0.8,,,,,
Yishun Avenue 5,S91,2020,2,3,0.0,,,,,
Yishun Avenue 5,S91,2020,2,4,0.0,,,,,
Yishun Avenue 5,S91,2020,2,5,0.0,,,,,
Yishun Avenue 5,S91,2020,2,6,0.0,,,,,
Yishun Avenue 5,S91,2020,2,7,0.0,,,,,
Yishun Avenue 5,S91,2020,2,8,0.0,,,,,
Yishun Avenue 5,S91,2020,2,9,26.6,,,,,
Yishun Avenue 5,S91,2020,2,10,1.8,,,,,
Yishun Avenue 5,S91,2020,2,11,43.0,,,,,
Yishun Avenue 5,S91,2020,2,12,6.0,,,,,
Yishun Avenue 5,S91,2020,2,13,0.0,,,,,
Yishun Avenue 5,S91,2020,2,14,0.0,,,,,
Yishun Avenue 5,S91,2020,2,15,0.0,,,,,
Yishun Avenue 5,S91,2020,2,16,13.6,,,,,
Yishun Avenue 5,S91,2020,2,17,0.2,,,,,
Yishun Avenue 5,S91,2020,2,18,1.4,,,,,
Yishun Avenue 5,S91,2020,2,19,0.0,,,,,
Yishun Avenue 5,S91,2020,2,20,0.2,,,,,
Yishun Avenue 5,S91,2020,2,21,8.6,,,,,
Yishun Avenue 5,S91,2020,2,22,1.0,,,,,
Yishun Avenue 5,S91,2020,2,23,0.0,,,,,
Yishun Avenue 5,S91,2020,2,24,4.8,,,,,
Yishun Avenue 5,S91,2020,2,25,0.0,,,,,
Yishun Avenue 5,S91,2020,2,26,0.0,,,,,
Yishun Avenue 5,S91,2020,2,27,0.0,,,,,
Yishun Avenue 5,S91,2020,2,28,0.0,,,,,
Yishun Avenue 5,S91,2020,2,29,0.0,,,,,
Yishun Avenue 5,S91,2020,3,1,0.0,,,,,
Yishun Avenue 5,S91,2020,3,2,0.0,,,,,
Yishun Avenue 5,S91,2020,3,3,0.0,,,,,
Yishun Avenue 5,S91,2020,3,4,0.0,,,,,
Yishun Avenue 5,S91,2020,3,5,30.4,,,,,
Yishun Avenue 5,S91,2020,3,6,0.0,,,,,
Yishun Avenue 5,S91,2020,3,7,1.4,,,,,
Yishun Avenue 5,S91,2020,3,8,0.0,,,,,
Yishun Avenue 5,S91,2020,3,9,0.6,,,,,
Yishun Avenue 5,S91,2020,3,10,6.0,,,,,
Yishun Avenue 5,S91,2020,3,11,12.8,,,,,
Yishun Avenue 5,S91,2020,3,12,0.0,,,,,
Yishun Avenue 5,S91,2020,3,13,0.0,,,,,
Yishun Avenue 5,S91,2020,3,14,0.0,,,,,
Yishun Avenue 5,S91,2020,3,15,0.0,,,,,
Yishun Avenue 5,S91,2020,3,16,0.6,,,,,
Yishun Avenue 5,S91,2020,3,17,0.0,,,,,
Yishun Avenue 5,S91,2020,3,18,0.0,,,,,
Yishun Avenue 5,S91,2020,3,19,0.0,,,,,
Yishun Avenue 5,S91,2020,3,20,3.8,,,,,
Yishun Avenue 5,S91,2020,3,21,14.6,,,,,
Yishun Avenue 5,S91,2020,3,22,40.0,,,,,
Yishun Avenue 5,S91,2020,3,23,9.8,,,,,
Yishun Avenue 5,S91,2020,3,24,0.0,,,,,
Yishun Avenue 5,S91,2020,3,25,0.6,,,,,
Yishun Avenue 5,S91,2020,3,26,0.0,,,,,
Yishun Avenue 5,S91,2020,3,27,0.0,,,,,
Yishun Avenue 5,S91,2020,3,28,0.0,,,,,
Yishun Avenue 5,S91,2020,3,29,0.0,,,,,
Yishun Avenue 5,S91,2020,3,30,0.0,,,,,
Yishun Avenue 5,S91,2020,3,31,0.0,,,,,
Yishun Avenue 5,S91,2020,4,1,0.0,,,,,
Yishun Avenue 5,S91,2020,4,2,18.4,,,,,
Yishun Avenue 5,S91,2020,4,3,16.4,,,,,
Yishun Avenue 5,S91,2020,4,4,0.0,,,,,
Yishun Avenue 5,S91,2020,4,5,1.2,,,,,
Yishun Avenue 5,S91,2020,4,6,0.0,,,,,
Yishun Avenue 5,S91,2020,4,7,47.0,,,,,
Yishun Avenue 5,S91,2020,4,8,18.6,,,,,
Yishun Avenue 5,S91,2020,4,9,0.2,,,,,
Yishun Avenue 5,S91,2020,4,10,0.0,,,,,
Yishun Avenue 5,S91,2020,4,11,11.0,,,,,
Yishun Avenue 5,S91,2020,4,12,0.2,,,,,
Yishun Avenue 5,S91,2020,4,13,16.8,,,,,
Yishun Avenue 5,S91,2020,4,14,0.0,,,,,
Yishun Avenue 5,S91,2020,4,15,0.0,,,,,
Yishun Avenue 5,S91,2020,4,16,0.0,,,,,
Yishun Avenue 5,S91,2020,4,17,0.0,,,,,
Yishun Avenue 5,S91,2020,4,18,0.0,,,,,
Yishun Avenue 5,S91,2020,4,19,0.0,,,,,
Yishun Avenue 5,S91,2020,4,20,0.0,,,,,
Yishun Avenue 5,S91,2020,4,21,34.8,,,,,
Yishun Avenue 5,S91,2020,4,22,0.8,,,,,
Yishun Avenue 5,S91,2020,4,23,1.6,,,,,
Yishun Avenue 5,S91,2020,4,24,5.6,,,,,
Yishun Avenue 5,S91,2020,4,25,5.6,,,,,
Yishun Avenue 5,S91,2020,4,26,1.0,,,,,
Yishun Avenue 5,S91,2020,4,27,0.0,,,,,
Yishun Avenue 5,S91,2020,4,28,0.0,,,,,
Yishun Avenue 5,S91,2020,4,29,6.2,,,,,
Yishun Avenue 5,S91,2020,4,30,7.0,,,,,
Yishun Avenue 5,S91,2020,5,1,10.2,,,,,
Yishun Avenue 5,S91,2020,5,2,0.0,,,,,
Yishun Avenue 5,S91,2020,5,3,5.8,,,,,
Yishun Avenue 5,S91,2020,5,4,2.2,,,,,
Yishun Avenue 5,S91,2020,5,5,1.4,,,,,
Yishun Avenue 5,S91,2020,5,6,0.8,,,,,
Yishun Avenue 5,S91,2020,5,7,0.0,,,,,
Yishun Avenue 5,S91,2020,5,8,19.4,,,,,
Yishun Avenue 5,S91,2020,5,9,0.0,,,,,
Yishun Avenue 5,S91,2020,5,10,2.4,,,,,
Yishun Avenue 5,S91,2020,5,11,7.6,,,,,
Yishun Avenue 5,S91,2020,5,12,0.0,,,,,
Yishun Avenue 5,S91,2020,5,13,9.6,,,,,
Yishun Avenue 5,S91,2020,5,14,0.2,,,,,
Yishun Avenue 5,S91,2020,5,15,0.0,,,,,
Yishun Avenue 5,S91,2020,5,16,3.4,,,,,
Yishun Avenue 5,S91,2020,5,17,24.0,,,,,
Yishun Avenue 5,S91,2020,5,18,0.0,,,,,
Yishun Avenue 5,S91,2020,5,19,6.2,,,,,
Yishun Avenue 5,S91,2020,5,20,6.6,,,,,
Yishun Avenue 5,S91,2020,5,21,1.2,,,,,
Yishun Avenue 5,S91,2020,5,22,44.2,,,,,
Yishun Avenue 5,S91,2020,5,23,0.0,,,,,
Yishun Avenue 5,S91,2020,5,24,1.0,,,,,
Yishun Avenue 5,S91,2020,5,25,1.0,,,,,
Yishun Avenue 5,S91,2020,5,26,2.4,,,,,
Yishun Avenue 5,S91,2020,5,27,3.2,,,,,
Yishun Avenue 5,S91,2020,5,28,5.8,,,,,
Yishun Avenue 5,S91,2020,5,29,7.0,,,,,
Yishun Avenue 5,S91,2020,5,30,0.0,,,,,
Yishun Avenue 5,S91,2020,5,31,0.0,,,,,
Yishun Avenue 5,S91,2020,6,1,7.4,,,,,
Yishun Avenue 5,S91,2020,6,2,0.4,,,,,
Yishun Avenue 5,S91,2020,6,3,0.0,,,,,
Yishun Avenue 5,S91,2020,6,4,8.4,,,,,
Yishun Avenue 5,S91,2020,6,5,7.2,,,,,
Yishun Avenue 5,S91,2020,6,6,3.4,,,,,
Yishun Avenue 5,S91,2020,6,7,0.0,,,,,
Yishun Avenue 5,S91,2020,6,8,0.0,,,,,
Yishun Avenue 5,S91,2020,6,9,0.0,,,,,
Yishun Avenue 5,S91,2020,6,10,0.2,,,,,
Yishun Avenue 5,S91,2020,6,11,1.4,,,,,
Yishun Avenue 5,S91,2020,6,12,,,,,,
Yishun Avenue 5,S91,2020,6,13,,,,,,
Yishun Avenue 5,S91,2020,6,14,2.2,,,,,
Yishun Avenue 5,S91,2020,6,15,0.2,,,,,
Yishun Avenue 5,S91,2020,6,16,0.0,,,,,
Yishun Avenue 5,S91,2020,6,17,49.6,,,,,
Yishun Avenue 5,S91,2020,6,18,3.6,,,,,
Yishun Avenue 5,S91,2020,6,19,2.0,,,,,
Yishun Avenue 5,S91,2020,6,20,17.0,,,,,
Yishun Avenue 5,S91,2020,6,21,0.8,,,,,
Yishun Avenue 5,S91,2020,6,22,0.2,,,,,
Yishun Avenue 5,S91,2020,6,23,29.8,,,,,
Yishun Avenue 5,S91,2020,6,24,12.6,,,,,
Yishun Avenue 5,S91,2020,6,25,0.0,,,,,
Yishun Avenue 5,S91,2020,6,26,0.0,,,,,
Yishun Avenue 5,S91,2020,6,27,2.2,,,,,
Yishun Avenue 5,S91,2020,6,28,1.2,,,,,
Yishun Avenue 5,S91,2020,6,29,0.2,,,,,
Yishun Avenue 5,S91,2020,6,30,13.2,,,,,
Yishun Avenue 5,S91,2020,7,1,5.0,,,,,
Yishun Avenue 5,S91,2020,7,2,0.0,,,,,
Yishun Avenue 5,S91,2020,7,3,0.0,,,,,
Yishun Avenue 5,S91,2020,7,4,0.0,,,,,
Yishun Avenue 5,S91,2020,7,5,0.4,,,,,
Yishun Avenue 5,S91,2020,7,6,0.0,,,,,
Yishun Avenue 5,S91,2020,7,7,12.4,,,,,
Yishun Avenue 5,S91,2020,7,8,2.6,,,,,
Yishun Avenue 5,S91,2020,7,9,2.2,,,,,
Yishun Avenue 5,S91,2020,7,10,0.0,,,,,
Yishun Avenue 5,S91,2020,7,11,1.4,,,,,
Yishun Avenue 5,S91,2020,7,12,3.8,,,,,
Yishun Avenue 5,S91,2020,7,13,32.4,,,,,
Yishun Avenue 5,S91,2020,7,14,0.2,,,,,
Yishun Avenue 5,S91,2020,7,15,2.0,,,,,
Yishun Avenue 5,S91,2020,7,16,36.6,,,,,
Yishun Avenue 5,S91,2020,7,17,0.2,,,,,
Yishun Avenue 5,S91,2020,7,18,0.2,,,,,
Yishun Avenue 5,S91,2020,7,19,0.0,,,,,
Yishun Avenue 5,S91,2020,7,20,0.0,,,,,
Yishun Avenue 5,S91,2020,7,21,0.0,,,,,
Yishun Avenue 5,S91,2020,7,22,18.0,,,,,
Yishun Avenue 5,S91,2020,7,23,4.0,,,,,
Yishun Avenue 5,S91,2020,7,24,11.6,,,,,
Yishun Avenue 5,S91,2020,7,25,0.2,,,,,
Yishun Avenue 5,S91,2020,7,26,11.2,,,,,
Yishun Avenue 5,S91,2020,7,27,27.8,,,,,
Yishun Avenue 5,S91,2020,7,28,0.2,,,,,
Yishun Avenue 5,S91,2020,7,29,8.2,,,,,
Yishun Avenue 5,S91,2020,7,30,0.2,,,,,
Yishun Avenue 5,S91,2020,7,31,4.0,,,,,
Yishun Avenue 5,S91,2020,8,1,18.6,,,,,
Yishun Avenue 5,S91,2020,8,2,0.0,,,,,
Yishun Avenue 5,S91,2020,8,3,0.0,,,,,
Yishun Avenue 5,S91,2020,8,4,4.6,,,,,
Yishun Avenue 5,S91,2020,8,5,0.0,,,,,
Yishun Avenue 5,S91,2020,8,6,0.0,,,,,
Yishun Avenue 5,S91,2020,8,7,0.0,,,,,
Yishun Avenue 5,S91,2020,8,8,0.0,,,,,
Yishun Avenue 5,S91,2020,8,9,0.0,,,,,
Yishun Avenue 5,S91,2020,8,10,0.0,,,,,
Yishun Avenue 5,S91,2020,8,11,0.0,,,,,
Yishun Avenue 5,S91,2020,8,12,4.8,,,,,
Yishun Avenue 5,S91,2020,8,13,10.0,,,,,
Yishun Avenue 5,S91,2020,8,14,8.4,,,,,
Yishun Avenue 5,S91,2020,8,15,21.0,,,,,
Yishun Avenue 5,S91,2020,8,16,0.0,,,,,
Yishun Avenue 5,S91,2020,8,17,2.0,,,,,
Yishun Avenue 5,S91,2020,8,18,4.0,,,,,
Yishun Avenue 5,S91,2020,8,19,0.0,,,,,
Yishun Avenue 5,S91,2020,8,20,0.2,,,,,
Yishun Avenue 5,S91,2020,8,21,0.0,,,,,
Yishun Avenue 5,S91,2020,8,22,7.4,,,,,
Yishun Avenue 5,S91,2020,8,23,13.0,,,,,
Yishun Avenue 5,S91,2020,8,24,0.0,,,,,
Yishun Avenue 5,S91,2020,8,25,0.0,,,,,
Yishun Avenue 5,S91,2020,8,26,0.2,,,,,
Yishun Avenue 5,S91,2020,8,27,0.0,,,,,
Yishun Avenue 5,S91,2020,8,28,0.0,,,,,
Yishun Avenue 5,S91,2020,8,29,2.4,,,,,
Yishun Avenue 5,S91,2020,8,30,0.0,,,,,
Yishun Avenue 5,S91,2020,8,31,0.0,,,,,
Yishun Avenue 5,S91,2020,9,1,4.8,,,,,
Yishun Avenue 5,S91,2020,9,2,13.2,,,,,
Yishun Avenue 5,S91,2020,9,3,6.0,,,,,
Yishun Avenue 5,S91,2020,9,4,7.0,,,,,
Yishun Avenue 5,S91,2020,9,5,15.6,,,,,
Yishun Avenue 5,S91,2020,9,6,14.2,,,,,
Yishun Avenue 5,S91,2020,9,7,0.2,,,,,
Yishun Avenue 5,S91,2020,9,8,0.0,,,,,
Yishun Avenue 5,S91,2020,9,9,0.0,,,,,
Yishun Avenue 5,S91,2020,9,10,0.6,,,,,
Yishun Avenue 5,S91,2020,9,11,11.4,,,,,
Yishun Avenue 5,S91,2020,9,12,11.2,,,,,
Yishun Avenue 5,S91,2020,9,13,13.6,,,,,
Yishun Avenue 5,S91,2020,9,14,13.8,,,,,
Yishun Avenue 5,S91,2020,9,15,0.0,,,,,
Yishun Avenue 5,S91,2020,9,16,6.0,,,,,
Yishun Avenue 5,S91,2020,9,17,0.0,,,,,
Yishun Avenue 5,S91,2020,9,18,0.0,,,,,
Yishun Avenue 5,S91,2020,9,19,31.0,,,,,
Yishun Avenue 5,S91,2020,9,20,3.0,,,,,
Yishun Avenue 5,S91,2020,9,21,2.2,,,,,
Yishun Avenue 5,S91,2020,9,22,0.6,,,,,
Yishun Avenue 5,S91,2020,9,23,0.0,,,,,
Yishun Avenue 5,S91,2020,9,24,5.6,,,,,
Yishun Avenue 5,S91,2020,9,25,24.8,,,,,
Yishun Avenue 5,S91,2020,9,26,81.2,,,,,
Yishun Avenue 5,S91,2020,9,27,9.2,,,,,
Yishun Avenue 5,S91,2020,9,28,0.0,,,,,
Yishun Avenue 5,S91,2020,9,29,1.4,,,,,
Yishun Avenue 5,S91,2020,9,30,14.8,,,,,
Yishun Avenue 5,S91,2020,10,1,9.6,,,,,
Yishun Avenue 5,S91,2020,10,2,2.0,,,,,
Yishun Avenue 5,S91,2020,10,3,13.8,,,,,
Yishun Avenue 5,S91,2020,10,4,0.0,,,,,
Yishun Avenue 5,S91,2020,10,5,0.0,,,,,
Yishun Avenue 5,S91,2020,10,6,0.0,,,,,
Yishun Avenue 5,S91,2020,10,7,2.4,,,,,
Yishun Avenue 5,S91,2020,10,8,9.8,,,,,
Yishun Avenue 5,S91,2020,10,9,0.2,,,,,
Yishun Avenue 5,S91,2020,10,10,2.6,,,,,
Yishun Avenue 5,S91,2020,10,11,4.4,,,,,
Yishun Avenue 5,S91,2020,10,12,0.0,,,,,
Yishun Avenue 5,S91,2020,10,13,0.0,,,,,
Yishun Avenue 5,S91,2020,10,14,16.8,,,,,
Yishun Avenue 5,S91,2020,10,15,2.8,,,,,
Yishun Avenue 5,S91,2020,10,16,1.8,,,,,
Yishun Avenue 5,S91,2020,10,17,0.0,,,,,
Yishun Avenue 5,S91,2020,10,18,9.4,,,,,
Yishun Avenue 5,S91,2020,10,19,0.0,,,,,
Yishun Avenue 5,S91,2020,10,20,4.2,,,,,
Yishun Avenue 5,S91,2020,10,21,0.8,,,,,
Yishun Avenue 5,S91,2020,10,22,7.4,,,,,
Yishun Avenue 5,S91,2020,10,23,0.0,,,,,
Yishun Avenue 5,S91,2020,10,24,1.0,,,,,
Yishun Avenue 5,S91,2020,10,25,7.2,,,,,
Yishun Avenue 5,S91,2020,10,26,0.6,,,,,
Yishun Avenue 5,S91,2020,10,27,0.0,,,,,
Yishun Avenue 5,S91,2020,10,28,26.8,,,,,
Yishun Avenue 5,S91,2020,10,29,0.0,,,,,
Yishun Avenue 5,S91,2020,10,30,0.0,,,,,
Yishun Avenue 5,S91,2020,10,31,13.0,,,,,
Yishun Avenue 5,S91,2020,11,1,0.0,,,,,
Yishun Avenue 5,S91,2020,11,2,15.2,,,,,
Yishun Avenue 5,S91,2020,11,3,8.8,,,,,
Yishun Avenue 5,S91,2020,11,4,16.4,,,,,
Yishun Avenue 5,S91,2020,11,5,0.0,,,,,
Yishun Avenue 5,S91,2020,11,6,0.0,,,,,
Yishun Avenue 5,S91,2020,11,7,49.8,,,,,
Yishun Avenue 5,S91,2020,11,8,12.4,,,,,
Yishun Avenue 5,S91,2020,11,9,0.0,,,,,
Yishun Avenue 5,S91,2020,11,10,6.8,,,,,
Yishun Avenue 5,S91,2020,11,11,0.0,,,,,
Yishun Avenue 5,S91,2020,11,12,0.0,,,,,
Yishun Avenue 5,S91,2020,11,13,0.0,,,,,
Yishun Avenue 5,S91,2020,11,14,12.2,,,,,
Yishun Avenue 5,S91,2020,11,15,40.4,,,,,
Yishun Avenue 5,S91,2020,11,16,4.8,,,,,
Yishun Avenue 5,S91,2020,11,17,6.4,,,,,
Yishun Avenue 5,S91,2020,11,18,0.0,,,,,
Yishun Avenue 5,S91,2020,11,19,5.2,,,,,
Yishun Avenue 5,S91,2020,11,20,2.6,,,,,
Yishun Avenue 5,S91,2020,11,21,49.2,,,,,
Yishun Avenue 5,S91,2020,11,22,36.4,,,,,
Yishun Avenue 5,S91,2020,11,23,1.0,,,,,
Yishun Avenue 5,S91,2020,11,24,0.2,,,,,
Yishun Avenue 5,S91,2020,11,25,0.0,,,,,
Yishun Avenue 5,S91,2020,11,26,1.8,,,,,
Yishun Avenue 5,S91,2020,11,27,0.0,,,,,
Yishun Avenue 5,S91,2020,11,28,2.0,,,,,
Yishun Avenue 5,S91,2020,11,29,0.0,,,,,
Yishun Avenue 5,S91,2020,11,30,1.6,,,,,
